tissue,table,gene,genename,y0,A,x0,w,sumsquarevalue,ti_fourparam_sigma_dist,truncationindex,min,max,mean,std,skew,kurt,right,maxheight,rightheight,n_obs,fit_success
adipose_subcutaneous,excluded_at_or_below_-1,ENSG00000130024.15,PHF10,1.3050484318461701,52.101865764851155,4.380499238704579,0.5032881947477419,566.9224624221442,3.907051180063176,0.00012970519266432433,2.961975162221352,5.770934734105567,4.405335864526522,0.39765970973619974,0.16206007626410418,0.3616410817999194,5.770934734105567,52.08227323748294,0.006755341284663707,714,True
adipose_subcutaneous,raw,ENSG00000130024.15,PHF10,1.3050484318461701,52.101865764851155,4.380499238704579,0.5032881947477419,566.9224624221442,3.907051180063176,0.00012970519266432433,2.961975162221352,5.770934734105567,4.405335864526522,0.39765970973619974,0.16206007626410418,0.3616410817999194,5.770934734105567,52.08227323748294,0.006755341284663707,714,True
adipose_visceral_omentum,excluded_at_or_below_-1,ENSG00000130024.15,PHF10,0.6590382981698875,36.19371186141123,4.270065646834607,0.7647206597111611,601.7759962222062,3.527124251299808,0.0,2.683685227064068,6.177319866495129,4.283336104585986,0.5659242606365003,0.08997514589257723,0.09474686773228846,6.177319866495129,36.12173536333542,0.0,587,True
adipose_visceral_omentum,raw,ENSG00000130024.15,PHF10,0.6590382981698875,36.19371186141123,4.270065646834607,0.7647206597111611,601.7759962222062,3.527124251299808,0.0,2.683685227064068,6.177319866495129,4.283336104585986,0.5659242606365003,0.08997514589257723,0.09474686773228846,6.177319866495129,36.12173536333542,0.0,587,True
adrenal_gland,excluded_at_or_below_-1,ENSG00000130024.15,PHF10,2.792518332010322,25.075392028446494,4.359873175589224,0.44502790381186924,617.264271643868,8.676581896989806,0.0,2.773964686715117,7.0902394771186525,4.669874559800685,0.7070385473318765,0.9007139571114451,0.9449463182158637,7.0902394771186525,25.075341413270614,0.0,295,True
adrenal_gland,raw,ENSG00000130024.15,PHF10,2.792518332010322,25.075392028446494,4.359873175589224,0.44502790381186924,617.264271643868,8.676581896989806,0.0,2.773964686715117,7.0902394771186525,4.669874559800685,0.7070385473318765,0.9007139571114451,0.9449463182158637,7.0902394771186525,25.075341413270614,0.0,295,True
artery_aorta,excluded_at_or_below_-1,ENSG00000130024.15,PHF10,0.1914783784728494,29.03185697751369,4.920703828700375,0.5202000994759024,417.27918494255175,2.8217749395230993,0.015923162535062426,3.658885535222392,5.95865710767711,4.908609663406848,0.3727002946067195,-0.2196231650940986,0.028057596418824104,5.95865710767711,28.95083199051449,0.46098880331024705,472,True
artery_aorta,raw,ENSG00000130024.15,PHF10,0.1914783784728494,29.03185697751369,4.920703828700375,0.5202000994759024,417.27918494255175,2.8217749395230993,0.015923162535062426,3.658885535222392,5.95865710767711,4.908609663406848,0.3727002946067195,-0.2196231650940986,0.028057596418824104,5.95865710767711,28.95083199051449,0.46098880331024705,472,True
artery_coronary,excluded_at_or_below_-1,ENSG00000130024.15,PHF10,0.9897948605100934,12.729308818124098,4.815263437795926,0.6013331696962596,219.10933567099417,2.5438501176442143,0.02874650068089262,3.5370102335582443,5.896925709446263,4.7881368367178805,0.46768630123800103,-0.18950177840590807,-0.17033730461872576,5.896925709446263,12.590393792919464,0.3619297637408656,268,True
artery_coronary,raw,ENSG00000130024.15,PHF10,0.9897948605100934,12.729308818124098,4.815263437795926,0.6013331696962596,219.10933567099417,2.5438501176442143,0.02874650068089262,3.5370102335582443,5.896925709446263,4.7881368367178805,0.46768630123800103,-0.18950177840590807,-0.17033730461872576,5.896925709446263,12.590393792919464,0.3619297637408656,268,True
artery_tibial,excluded_at_or_below_-1,ENSG00000130024.15,PHF10,0.09573642702419205,55.02147440349331,5.062512225544826,0.4579670004458696,530.8610873967712,3.6908830605739325,0.0010187977442467772,3.658257191177516,6.257736687549796,5.0420113150873735,0.3320150621852144,-0.1737047676272971,0.5983761540107491,6.257736687549796,55.0160753168578,0.05605025343012553,691,True
artery_tibial,raw,ENSG00000130024.15,PHF10,0.09573642702419205,55.02147440349331,5.062512225544826,0.4579670004458696,530.8610873967712,3.6908830605739325,0.0010187977442467772,3.658257191177516,6.257736687549796,5.0420113150873735,0.3320150621852144,-0.1737047676272971,0.5983761540107491,6.257736687549796,55.0160753168578,0.05605025343012553,691,True
bladder,excluded_at_or_below_-1,ENSG00000130024.15,PHF10,0.13628123687072638,4.374565397979018,4.520176003377393,0.4276419033839963,22.93732653830125,3.127883595833306,0.0,3.616463566035855,5.466012000198958,4.538606406270549,0.3290230018720822,0.14002292611643008,0.2561720835589507,5.466012000198958,4.341699013338789,0.0,77,True
bladder,raw,ENSG00000130024.15,PHF10,0.13628123687072638,4.374565397979018,4.520176003377393,0.4276419033839963,22.93732653830125,3.127883595833306,0.0,3.616463566035855,5.466012000198958,4.538606406270549,0.3290230018720822,0.14002292611643008,0.2561720835589507,5.466012000198958,4.341699013338789,0.0,77,True
brain_amygdala,excluded_at_or_below_-1,ENSG00000130024.15,PHF10,0.24961110493858304,13.350421459953898,3.7456531826983097,0.577302473354077,150.34238009718388,4.321544431209753,0.0,2.3153140699375636,5.509770254705815,3.7559464998781227,0.4757067829792619,0.391172427262758,1.5726584848927656,5.509770254705815,13.349197803942825,0.0,181,True
brain_amygdala,raw,ENSG00000130024.15,PHF10,0.24961110493858304,13.350421459953898,3.7456531826983097,0.577302473354077,150.34238009718388,4.321544431209753,0.0,2.3153140699375636,5.509770254705815,3.7559464998781227,0.4757067829792619,0.391172427262758,1.5726584848927656,5.509770254705815,13.349197803942825,0.0,181,True
brain_anterior_cingulate_cortex_ba24,excluded_at_or_below_-1,ENSG00000130024.15,PHF10,0.8073038467063154,16.97398038934484,3.594181573143431,0.48684102896911463,253.81946793025298,3.128261024789983,0.0074982264080465785,1.7545476273003366,4.671081029288617,3.5990023723760998,0.43231191763113747,-0.3680128129979022,1.1050582261505442,4.671081029288617,16.973918017954936,0.12727428033024735,233,True
brain_anterior_cingulate_cortex_ba24,raw,ENSG00000130024.15,PHF10,0.8073038467063154,16.97398038934484,3.594181573143431,0.48684102896911463,253.81946793025298,3.128261024789983,0.0074982264080465785,1.7545476273003366,4.671081029288617,3.5990023723760998,0.43231191763113747,-0.3680128129979022,1.1050582261505442,4.671081029288617,16.973918017954936,0.12727428033024735,233,True
brain_caudate_basal_ganglia,excluded_at_or_below_-1,ENSG00000130024.15,PHF10,1.3516023480073427,26.622337882812587,3.686676910226015,0.4912450524988225,176.40822126266795,5.177409905436138,1.4100920665427136e-06,1.7149773966772672,5.485116034608355,3.666944642249065,0.5071411038150824,-0.21603635574075622,1.2765184594421006,5.485116034608355,26.622031036813986,3.753951476026529e-05,300,True
brain_caudate_basal_ganglia,raw,ENSG00000130024.15,PHF10,1.3516023480073427,26.622337882812587,3.686676910226015,0.4912450524988225,176.40822126266795,5.177409905436138,1.4100920665427136e-06,1.7149773966772672,5.485116034608355,3.666944642249065,0.5071411038150824,-0.21603635574075622,1.2765184594421006,5.485116034608355,26.622031036813986,3.753951476026529e-05,300,True
brain_cerebellar_hemisphere,excluded_at_or_below_-1,ENSG00000130024.15,PHF10,1.9132713382381406,19.2741553212395,4.2301387522013805,0.424471480438276,343.19385159493413,3.939973712876028,0.00042564717619638493,2.519403515961421,5.41270871142736,4.118037122998533,0.4897206120053558,-0.6711970054497166,0.8935738348824906,5.41270871142736,19.274078975118663,0.008203957289545372,277,True
brain_cerebellar_hemisphere,raw,ENSG00000130024.15,PHF10,1.9132713382381406,19.2741553212395,4.2301387522013805,0.424471480438276,343.19385159493413,3.939973712876028,0.00042564717619638493,2.519403515961421,5.41270871142736,4.118037122998533,0.4897206120053558,-0.6711970054497166,0.8935738348824906,5.41270871142736,19.274078975118663,0.008203957289545372,277,True
brain_cerebellum,excluded_at_or_below_-1,ENSG00000130024.15,PHF10,0.8696819746379753,20.877265693377222,4.092641932616302,0.38468270093345386,130.29584684713043,4.534941745025249,0.0,2.8635816960055913,5.326199356662522,4.074994353848195,0.35216489756642083,-0.13697177010677195,1.084717562527418,5.326199356662522,20.876546124712096,0.0,266,True
brain_cerebellum,raw,ENSG00000130024.15,PHF10,0.8696819746379753,20.877265693377222,4.092641932616302,0.38468270093345386,130.29584684713043,4.534941745025249,0.0,2.8635816960055913,5.326199356662522,4.074994353848195,0.35216489756642083,-0.13697177010677195,1.084717562527418,5.326199356662522,20.876546124712096,0.0,266,True
brain_cortex,excluded_at_or_below_-1,ENSG00000130024.15,PHF10,1.2465684395917818,21.76706602592188,3.5273138195645495,0.3334830579944847,386.734160173944,5.0769975417115125,0.0,2.386671635540625,4.72451112461611,3.5795950746503817,0.33036251746908774,0.3624155357512439,0.9370085204719745,4.72451112461611,21.766817521065455,0.0,270,True
brain_cortex,raw,ENSG00000130024.15,PHF10,1.2465684395917818,21.76706602592188,3.5273138195645495,0.3334830579944847,386.734160173944,5.0769975417115125,0.0,2.386671635540625,4.72451112461611,3.5795950746503817,0.33036251746908774,0.3624155357512439,0.9370085204719745,4.72451112461611,21.766817521065455,0.0,270,True
brain_frontal_cortex_ba9,excluded_at_or_below_-1,ENSG00000130024.15,PHF10,0.9889242692788606,19.170308950887605,3.682872767729966,0.4432767652620232,176.34467046027189,5.084368521424034,0.0,2.65201603653568,5.276537608417099,3.7330437747249214,0.4224643994970874,0.8142329756922869,1.7759509629830568,5.276537608417099,19.170121065913175,0.0,269,True
brain_frontal_cortex_ba9,raw,ENSG00000130024.15,PHF10,0.9889242692788606,19.170308950887605,3.682872767729966,0.4432767652620232,176.34467046027189,5.084368521424034,0.0,2.65201603653568,5.276537608417099,3.7330437747249214,0.4224643994970874,0.8142329756922869,1.7759509629830568,5.276537608417099,19.170121065913175,0.0,269,True
brain_hippocampus,excluded_at_or_below_-1,ENSG00000130024.15,PHF10,0.9810162358520528,12.763339401652322,3.7344514394251607,0.6889784694230258,186.5514796140368,3.1727584202298904,0.0,2.401661864791462,5.280160162901757,3.7570619360457855,0.54877784152891,0.10788989687459925,-0.11235161739651423,5.280160162901757,12.680074334735146,0.0,255,True
brain_hippocampus,raw,ENSG00000130024.15,PHF10,0.9810162358520528,12.763339401652322,3.7344514394251607,0.6889784694230258,186.5514796140368,3.1727584202298904,0.0,2.401661864791462,5.280160162901757,3.7570619360457855,0.54877784152891,0.10788989687459925,-0.11235161739651423,5.280160162901757,12.680074334735146,0.0,255,True
brain_hypothalamus,excluded_at_or_below_-1,ENSG00000130024.15,PHF10,0.7276619938390345,15.526293256446657,4.248878786914397,0.6797834783186731,224.28147443631192,3.2369784515901134,0.003714934521078918,2.523787751523359,5.804827994028565,4.199370664582863,0.5557721969275754,-0.22974876169249472,0.41068935402431617,5.804827994028565,15.501502183854786,0.05758706559138238,257,True
brain_hypothalamus,raw,ENSG00000130024.15,PHF10,0.7276619938390345,15.526293256446657,4.248878786914397,0.6797834783186731,224.28147443631192,3.2369784515901134,0.003714934521078918,2.523787751523359,5.804827994028565,4.199370664582863,0.5557721969275754,-0.22974876169249472,0.41068935402431617,5.804827994028565,15.501502183854786,0.05758706559138238,257,True
brain_nucleus_accumbens_basal_ganglia,excluded_at_or_below_-1,ENSG00000130024.15,PHF10,1.056557519333829,18.4496056076154,3.8069663891602943,0.6621715584038179,247.60416009975745,2.834706547123389,0.017981679119087386,1.5740772812689974,5.134249694785246,3.7061965791639873,0.5882993520345451,-0.5663858878604255,0.8159565099177941,5.134249694785246,18.449244723803158,0.33174839861294436,285,True
brain_nucleus_accumbens_basal_ganglia,raw,ENSG00000130024.15,PHF10,1.056557519333829,18.4496056076154,3.8069663891602943,0.6621715584038179,247.60416009975745,2.834706547123389,0.017981679119087386,1.5740772812689974,5.134249694785246,3.7061965791639873,0.5882993520345451,-0.5663858878604255,0.8159565099177941,5.134249694785246,18.449244723803158,0.33174839861294436,285,True
brain_putamen_basal_ganglia,excluded_at_or_below_-1,ENSG00000130024.15,PHF10,1.047591191166118,16.187261270666443,3.5832186729135818,0.5143726938384059,173.71595536634197,3.74529465551758,0.00041322349760566056,2.162561320083897,4.945443836377912,3.6111480703672374,0.4625551705352786,0.13784247283704862,0.4540472062904737,4.945443836377912,16.179326685424222,0.006685677961855596,254,True
brain_putamen_basal_ganglia,raw,ENSG00000130024.15,PHF10,1.047591191166118,16.187261270666443,3.5832186729135818,0.5143726938384059,173.71595536634197,3.74529465551758,0.00041322349760566056,2.162561320083897,4.945443836377912,3.6111480703672374,0.4625551705352786,0.13784247283704862,0.4540472062904737,4.945443836377912,16.179326685424222,0.006685677961855596,254,True
brain_spinal_cord_cervical_c-1,excluded_at_or_below_-1,ENSG00000130024.15,PHF10,1.237914710923787,9.356972372298085,5.011187342174158,0.6223901286951738,130.1559627074061,2.030186170304757,0.1269389785459374,3.2884028612589056,5.904664724536998,4.863314548425799,0.5342926701524111,-0.6153775630372857,-0.039657493440565794,5.904664724536998,9.352483132106416,1.1871946556576976,204,True
brain_spinal_cord_cervical_c-1,raw,ENSG00000130024.15,PHF10,1.237914710923787,9.356972372298085,5.011187342174158,0.6223901286951738,130.1559627074061,2.030186170304757,0.1269389785459374,3.2884028612589056,5.904664724536998,4.863314548425799,0.5342926701524111,-0.6153775630372857,-0.039657493440565794,5.904664724536998,9.352483132106416,1.1871946556576976,204,True
brain_substantia_nigra,excluded_at_or_below_-1,ENSG00000130024.15,PHF10,-0.11854257975985871,10.302392775662753,4.3834893981327,0.6575350203037702,146.60783244856773,2.8179669965627197,0.0,3.1519237430356446,5.693696028587422,4.385559664308284,0.4510632390372466,0.039065840548243885,0.059195121286443,5.693696028587422,10.108019003718256,0.0,183,True
brain_substantia_nigra,raw,ENSG00000130024.15,PHF10,-0.11854257975985871,10.302392775662753,4.3834893981327,0.6575350203037702,146.60783244856773,2.8179669965627197,0.0,3.1519237430356446,5.693696028587422,4.385559664308284,0.4510632390372466,0.039065840548243885,0.059195121286443,5.693696028587422,10.108019003718256,0.0,183,True
breast_mammary_tissue,excluded_at_or_below_-1,ENSG00000130024.15,PHF10,-2.925695829091409,26.599495384274984,4.523087550262651,0.9778170994777282,680.4917427314949,1.4731472890247344,0.3008269147728184,2.847145064295684,5.541652671955086,4.484622391985484,0.5201480797002834,-0.19650087720923026,-0.5853537352542033,5.541652671955086,25.189908350085393,7.577802412366246,514,True
breast_mammary_tissue,raw,ENSG00000130024.15,PHF10,-2.925695829091409,26.599495384274984,4.523087550262651,0.9778170994777282,680.4917427314949,1.4731472890247344,0.3008269147728184,2.847145064295684,5.541652671955086,4.484622391985484,0.5201480797002834,-0.19650087720923026,-0.5853537352542033,5.541652671955086,25.189908350085393,7.577802412366246,514,True
cells_cultured_fibroblasts,excluded_at_or_below_-1,ENSG00000130024.15,PHF10,2.095337485922265,46.043139530450524,3.215599757798011,0.3743787586251656,410.95141001990066,4.367273713860798,0.0,2.221023272570108,4.371729606268645,3.2394390695664357,0.3269488018441279,0.30110741883426145,0.5753709813050985,4.371729606268645,46.03981674629077,0.0,652,True
cells_cultured_fibroblasts,raw,ENSG00000130024.15,PHF10,2.095337485922265,46.043139530450524,3.215599757798011,0.3743787586251656,410.95141001990066,4.367273713860798,0.0,2.221023272570108,4.371729606268645,3.2394390695664357,0.3269488018441279,0.30110741883426145,0.5753709813050985,4.371729606268645,46.03981674629077,0.0,652,True
cells_ebv-transformed_lymphocytes,excluded_at_or_below_-1,ENSG00000130024.15,PHF10,0.8235524056600368,26.0917961311429,4.0265535375817105,0.3593008770547867,229.7464168530318,3.730144815145455,0.0009503557750112035,2.7141685718787025,4.974249373120266,4.017711440224568,0.3112175362983858,-0.3738388623420551,1.2392783785010328,4.974249373120266,26.09166875053739,0.024796368076752562,327,True
cells_ebv-transformed_lymphocytes,raw,ENSG00000130024.15,PHF10,0.8235524056600368,26.0917961311429,4.0265535375817105,0.3593008770547867,229.7464168530318,3.730144815145455,0.0009503557750112035,2.7141685718787025,4.974249373120266,4.017711440224568,0.3112175362983858,-0.3738388623420551,1.2392783785010328,4.974249373120266,26.09166875053739,0.024796368076752562,327,True
cervix_ectocervix,excluded_at_or_below_-1,ENSG00000130024.15,PHF10,0.4581748966300062,0.8602834231350571,4.22190519368182,0.16224952868080253,18.953591146963767,10.896046804340696,0.0,3.7275937696448183,5.471984039992477,4.523042633398844,0.4598141151658665,0.3262979344138547,-0.8603081178809728,5.471984039992477,0.8602646666723476,0.0,24,True
cervix_ectocervix,raw,ENSG00000130024.15,PHF10,0.4581748966300062,0.8602834231350571,4.22190519368182,0.16224952868080253,18.953591146963767,10.896046804340696,0.0,3.7275937696448183,5.471984039992477,4.523042633398844,0.4598141151658665,0.3262979344138547,-0.8603081178809728,5.471984039992477,0.8602646666723476,0.0,24,True
cervix_endocervix,excluded_at_or_below_-1,ENSG00000130024.15,PHF10,0.4869781722454849,2.517533129607906,4.559558790667147,0.030594268384814716,17.25126209213235,44.11084827379021,0.0,3.955838186558669,5.513827061511339,4.767793446089634,0.41459674093571974,0.04591812244216767,-0.5881652047524124,5.513827061511339,2.517302983761086,0.0,23,True
cervix_endocervix,raw,ENSG00000130024.15,PHF10,0.4869781722454849,2.517533129607906,4.559558790667147,0.030594268384814716,17.25126209213235,44.11084827379021,0.0,3.955838186558669,5.513827061511339,4.767793446089634,0.41459674093571974,0.04591812244216767,-0.5881652047524124,5.513827061511339,2.517302983761086,0.0,23,True
colon_sigmoid,excluded_at_or_below_-1,ENSG00000130024.15,PHF10,1.0864090204102779,32.155692406096335,4.756734626497749,0.4966392602042684,483.28901316877136,2.5247780484337357,0.04128526999879443,2.645690131726771,5.643378578667191,4.676505656231081,0.43230455122566597,-0.9144581485146441,1.6934411532090419,5.643378578667191,32.1555978595757,1.327552539605239,419,True
colon_sigmoid,raw,ENSG00000130024.15,PHF10,1.0864090204102779,32.155692406096335,4.756734626497749,0.4966392602042684,483.28901316877136,2.5247780484337357,0.04128526999879443,2.645690131726771,5.643378578667191,4.676505656231081,0.43230455122566597,-0.9144581485146441,1.6934411532090419,5.643378578667191,32.1555978595757,1.327552539605239,419,True
colon_transverse,excluded_at_or_below_-1,ENSG00000130024.15,PHF10,-60.817405426675,80.3799154890135,3.974459358332587,3.1678292169542908,866.8975950630013,0.7145942742796718,0.25104680159686,2.0792859395470855,5.575145902826483,3.986365863407009,0.7129246793501347,-0.07178627431304084,-0.9696594542256514,5.575145902826483,24.183429324259144,6.071172583498971,479,True
colon_transverse,raw,ENSG00000130024.15,PHF10,-60.817405426675,80.3799154890135,3.974459358332587,3.1678292169542908,866.8975950630013,0.7145942742796718,0.25104680159686,2.0792859395470855,5.575145902826483,3.986365863407009,0.7129246793501347,-0.07178627431304084,-0.9696594542256514,5.575145902826483,24.183429324259144,6.071172583498971,479,True
esophagus_gastroesophageal_junction,excluded_at_or_below_-1,ENSG00000130024.15,PHF10,0.318730041770025,33.821061836149674,4.586176949016799,0.5199653620107718,267.9713561801298,5.3073949548653605,0.0,3.343819962006627,6.53755233705219,4.586333089077312,0.3980074597321359,0.065873431291573,1.3137514459860595,6.53755233705219,33.82103562321182,0.0,403,True
esophagus_gastroesophageal_junction,raw,ENSG00000130024.15,PHF10,0.318730041770025,33.821061836149674,4.586176949016799,0.5199653620107718,267.9713561801298,5.3073949548653605,0.0,3.343819962006627,6.53755233705219,4.586333089077312,0.3980074597321359,0.065873431291573,1.3137514459860595,6.53755233705219,33.82103562321182,0.0,403,True
esophagus_mucosa,excluded_at_or_below_-1,ENSG00000130024.15,PHF10,1.7479834131786776,45.58103297207144,3.9615523195156177,0.49080850530820935,519.1316659052109,4.112874725089743,0.00010997904470569024,2.4738258677501794,5.388942036351509,3.985584487400712,0.42428210349921147,-0.019427856800664396,0.779935416578903,5.388942036351509,45.57596601582067,0.0050124012039589605,614,True
esophagus_mucosa,raw,ENSG00000130024.15,PHF10,1.7479834131786776,45.58103297207144,3.9615523195156177,0.49080850530820935,519.1316659052109,4.112874725089743,0.00010997904470569024,2.4738258677501794,5.388942036351509,3.985584487400712,0.42428210349921147,-0.019427856800664396,0.779935416578903,5.388942036351509,45.57596601582067,0.0050124012039589605,614,True
esophagus_muscularis,excluded_at_or_below_-1,ENSG00000130024.15,PHF10,1.9113841925086508,41.12206088002351,4.653433230010036,0.43194500634099253,619.0779150768681,3.18226906270339,0.006323218310630629,3.028268559417084,5.625397625657321,4.6107812793185605,0.3952321872833203,-0.5811057276602898,1.2449526867720202,5.625397625657321,41.12190736282231,0.2600227976046545,561,True
esophagus_muscularis,raw,ENSG00000130024.15,PHF10,1.9113841925086508,41.12206088002351,4.653433230010036,0.43194500634099253,619.0779150768681,3.18226906270339,0.006323218310630629,3.028268559417084,5.625397625657321,4.6107812793185605,0.3952321872833203,-0.5811057276602898,1.2449526867720202,5.625397625657321,41.12190736282231,0.2600227976046545,561,True
fallopian_tube,excluded_at_or_below_-1,ENSG00000130024.15,PHF10,0.31163297781404115,1.5688140738377014,4.708729518150496,0.20591179933541617,16.467612461575104,4.897446067617738,0.0,4.036674758979294,5.4218056466519995,4.703019845640724,0.30358055771992626,0.1626814224779912,0.3105490070538437,5.4218056466519995,1.5687772988320825,0.0,29,True
fallopian_tube,raw,ENSG00000130024.15,PHF10,0.31163297781404115,1.5688140738377014,4.708729518150496,0.20591179933541617,16.467612461575104,4.897446067617738,0.0,4.036674758979294,5.4218056466519995,4.703019845640724,0.30358055771992626,0.1626814224779912,0.3105490070538437,5.4218056466519995,1.5687772988320825,0.0,29,True
heart_atrial_appendage,excluded_at_or_below_-1,ENSG00000130024.15,PHF10,1.4296968744423304,34.143075929790335,3.5752423090184404,0.6176884465935669,291.0671670477003,3.208086878402662,0.005822231336583757,1.2760886632253214,4.976443834149172,3.5334283135512563,0.5425125298878193,-0.48016393729275686,0.9945816495135387,4.976443834149172,34.142934157042454,0.1987880611720485,461,True
heart_atrial_appendage,raw,ENSG00000130024.15,PHF10,1.4296968744423304,34.143075929790335,3.5752423090184404,0.6176884465935669,291.0671670477003,3.208086878402662,0.005822231336583757,1.2760886632253214,4.976443834149172,3.5334283135512563,0.5425125298878193,-0.48016393729275686,0.9945816495135387,4.976443834149172,34.142934157042454,0.1987880611720485,461,True
heart_left_ventricle,excluded_at_or_below_-1,ENSG00000130024.15,PHF10,5.268347450156702,31.88538745836147,3.1636225627230283,0.526267790758472,945.9574000669202,5.352664289928706,6.004975723801655e-07,0.2244725238963503,5.155496269411033,2.7224034780318025,0.8855548191813044,-0.6778113945389094,-0.19024498842412196,5.155496269411033,31.885377587288733,1.9147091835591823e-05,452,True
heart_left_ventricle,raw,ENSG00000130024.15,PHF10,5.268347450156702,31.88538745836147,3.1636225627230283,0.526267790758472,945.9574000669202,5.352664289928706,6.004975723801655e-07,0.2244725238963503,5.155496269411033,2.7224034780318025,0.8855548191813044,-0.6778113945389094,-0.19024498842412196,5.155496269411033,31.885377587288733,1.9147091835591823e-05,452,True
kidney_cortex,excluded_at_or_below_-1,ENSG00000130024.15,PHF10,0.8303543200554689,4.91687790539279,2.8407647176993467,0.7303176672877824,46.735873675273496,4.522268960002282,0.0,1.6101897850522402,5.1761212759936885,3.050456656863445,0.744121501997107,0.6920037709047195,0.22798109402386046,5.1761212759936885,4.916672298035966,0.0,104,True
kidney_cortex,raw,ENSG00000130024.15,PHF10,0.8303543200554689,4.91687790539279,2.8407647176993467,0.7303176672877824,46.735873675273496,4.522268960002282,0.0,1.6101897850522402,5.1761212759936885,3.050456656863445,0.744121501997107,0.6920037709047195,0.22798109402386046,5.1761212759936885,4.916672298035966,0.0,104,True
kidney_medulla,excluded_at_or_below_-1,ENSG00000130024.15,PHF10,-10.307673846693316,10.647224153872328,0.30216820466693184,42.52239090221989,7.94541138544343,0.14885913877670154,0.0,2.304562148522573,4.778045580506136,3.4721896889114716,0.7562211538841984,-0.03822366470491987,-0.8222262775085492,4.778045580506136,0.09373098788038625,0.0,11,True
kidney_medulla,raw,ENSG00000130024.15,PHF10,-10.307673846693316,10.647224153872328,0.30216820466693184,42.52239090221989,7.94541138544343,0.14885913877670154,0.0,2.304562148522573,4.778045580506136,3.4721896889114716,0.7562211538841984,-0.03822366470491987,-0.8222262775085492,4.778045580506136,0.09373098788038625,0.0,11,True
liver,excluded_at_or_below_-1,ENSG00000130024.15,PHF10,0.6647954316934453,23.507653577711213,2.704336882054645,0.5339216513423927,116.26459259815077,4.634569743309039,2.1144693013666465e-05,0.6740040874724382,4.454070583134959,2.698165748896603,0.49517991425034674,-0.10537160382498334,2.290292142790089,4.454070583134959,23.507405836411934,0.0004970568799586017,262,True
liver,raw,ENSG00000130024.15,PHF10,0.6647954316934453,23.507653577711213,2.704336882054645,0.5339216513423927,116.26459259815077,4.634569743309039,2.1144693013666465e-05,0.6740040874724382,4.454070583134959,2.698165748896603,0.49517991425034674,-0.10537160382498334,2.290292142790089,4.454070583134959,23.507405836411934,0.0004970568799586017,262,True
lung,excluded_at_or_below_-1,ENSG00000130024.15,PHF10,-2.9703521762366285,33.773746482054044,4.586809287911612,0.854103459749226,665.7450366439332,2.1950322365998085,0.033552770875268034,3.1469077042384175,5.912482211310133,4.567905233823924,0.5039750112550704,-0.10514899297100509,-0.4421152043949279,5.912482211310133,31.804684101937,1.067135278432572,604,True
lung,raw,ENSG00000130024.15,PHF10,-2.9703521762366285,33.773746482054044,4.586809287911612,0.854103459749226,665.7450366439332,2.1950322365998085,0.033552770875268034,3.1469077042384175,5.912482211310133,4.567905233823924,0.5039750112550704,-0.10514899297100509,-0.4421152043949279,5.912482211310133,31.804684101937,1.067135278432572,604,True
minor_salivary_gland,excluded_at_or_below_-1,ENSG00000130024.15,PHF10,0.07982391249560487,9.217321423345764,4.299131399071817,0.6341765790291974,158.0352676598046,2.5849272393180787,0.0,3.150925178002212,5.458291767269198,4.256152956264939,0.4350991294843006,-0.16791652108116706,-0.38040619486143346,5.458291767269198,8.890987323815377,0.0,181,True
minor_salivary_gland,raw,ENSG00000130024.15,PHF10,0.07982391249560487,9.217321423345764,4.299131399071817,0.6341765790291974,158.0352676598046,2.5849272393180787,0.0,3.150925178002212,5.458291767269198,4.256152956264939,0.4350991294843006,-0.16791652108116706,-0.38040619486143346,5.458291767269198,8.890987323815377,0.0,181,True
muscle_skeletal,excluded_at_or_below_-1,ENSG00000130024.15,PHF10,1.329542019776036,54.878804210519384,3.8902285884707064,0.4917572219939825,1011.0508371093433,3.6530549158446433,0.0,2.6596163548659866,5.160486620922877,3.8813931992405117,0.3826470086007731,-0.011145616812892674,0.36854103927529147,5.160486620922877,54.80912009124311,0.0,818,True
muscle_skeletal,raw,ENSG00000130024.15,PHF10,1.329542019776036,54.878804210519384,3.8902285884707064,0.4917572219939825,1011.0508371093433,3.6530549158446433,0.0,2.6596163548659866,5.160486620922877,3.8813931992405117,0.3826470086007731,-0.011145616812892674,0.36854103927529147,5.160486620922877,54.80912009124311,0.0,818,True
nerve_tibial,excluded_at_or_below_-1,ENSG00000130024.15,PHF10,0.7690536133063662,41.433250048093335,5.1217930693760945,0.4467195140695548,432.02738639787196,3.0417539774350315,0.00718834084663136,4.032731223124123,6.082617441926153,5.096256657037897,0.3309992724861295,-0.2323634128245456,0.0154517529365501,6.082617441926153,41.32443138918224,0.2970540981186738,670,True
nerve_tibial,raw,ENSG00000130024.15,PHF10,0.7690536133063662,41.433250048093335,5.1217930693760945,0.4467195140695548,432.02738639787196,3.0417539774350315,0.00718834084663136,4.032731223124123,6.082617441926153,5.096256657037897,0.3309992724861295,-0.2323634128245456,0.0154517529365501,6.082617441926153,41.32443138918224,0.2970540981186738,670,True
ovary,excluded_at_or_below_-1,ENSG00000130024.15,PHF10,1.5332246367064997,10.581021712350545,5.635965193888246,0.6347020373057465,179.97745908908632,4.250813890682491,0.0,3.927910672072432,7.5437394568478044,5.74032988931663,0.6640021797361382,0.13023460314710866,-0.03204443754433939,7.5437394568478044,10.57975870036227,0.0,193,True
ovary,raw,ENSG00000130024.15,PHF10,1.5332246367064997,10.581021712350545,5.635965193888246,0.6347020373057465,179.97745908908632,4.250813890682491,0.0,3.927910672072432,7.5437394568478044,5.74032988931663,0.6640021797361382,0.13023460314710866,-0.03204443754433939,7.5437394568478044,10.57975870036227,0.0,193,True
pancreas,excluded_at_or_below_-1,ENSG00000130024.15,PHF10,0.32138468014582117,26.62812562101335,2.7213842652808777,0.5927728441969443,238.4852605875328,4.75581212813307,0.0,1.5159470461549365,4.7148005049959005,2.7511380642864065,0.45215392797818943,0.3964162123262224,1.049918203986401,4.7148005049959005,26.6276340196041,0.0,362,True
pancreas,raw,ENSG00000130024.15,PHF10,0.32138468014582117,26.62812562101335,2.7213842652808777,0.5927728441969443,238.4852605875328,4.75581212813307,0.0,1.5159470461549365,4.7148005049959005,2.7511380642864065,0.45215392797818943,0.3964162123262224,1.049918203986401,4.7148005049959005,26.6276340196041,0.0,362,True
pituitary,excluded_at_or_below_-1,ENSG00000130024.15,PHF10,1.2410757013084486,23.63963454807739,4.469300660379719,0.4251186993760248,293.44968397438015,4.683945243737801,0.0,3.17187933041827,5.877314812517378,4.5093354413265985,0.3980316541025694,0.22705042336101763,0.9153721590883239,5.877314812517378,23.63905127884555,0.0,313,True
pituitary,raw,ENSG00000130024.15,PHF10,1.2410757013084486,23.63963454807739,4.469300660379719,0.4251186993760248,293.44968397438015,4.683945243737801,0.0,3.17187933041827,5.877314812517378,4.5093354413265985,0.3980316541025694,0.22705042336101763,0.9153721590883239,5.877314812517378,23.63905127884555,0.0,313,True
prostate,excluded_at_or_below_-1,ENSG00000130024.15,PHF10,1.8228341382992013,15.336744880299483,4.661463158733713,0.4926704292993295,262.0767148941168,3.264441468896908,0.004616513262563184,3.238022517825721,5.798698596643957,4.624496692118567,0.47803105947673097,-0.2055789046069341,0.21672904642020674,5.798698596643957,15.333110176198788,0.07078550648476423,282,True
prostate,raw,ENSG00000130024.15,PHF10,1.8228341382992013,15.336744880299483,4.661463158733713,0.4926704292993295,262.0767148941168,3.264441468896908,0.004616513262563184,3.238022517825721,5.798698596643957,4.624496692118567,0.47803105947673097,-0.2055789046069341,0.21672904642020674,5.798698596643957,15.333110176198788,0.07078550648476423,282,True
skin_not_sun_exposed_suprapubic,excluded_at_or_below_-1,ENSG00000130024.15,PHF10,0.2535930434376652,40.2098383491481,4.263390662170614,0.5527292499806228,386.5125732150746,2.5114911930733945,0.041815734173157176,2.801096558844499,5.24497836604682,4.238195307608135,0.3945246716868807,-0.3281637672931355,0.2178219778092667,5.24497836604682,40.17276999205146,1.6798538709870092,651,True
skin_not_sun_exposed_suprapubic,raw,ENSG00000130024.15,PHF10,0.2535930434376652,40.2098383491481,4.263390662170614,0.5527292499806228,386.5125732150746,2.5114911930733945,0.041815734173157176,2.801096558844499,5.24497836604682,4.238195307608135,0.3945246716868807,-0.3281637672931355,0.2178219778092667,5.24497836604682,40.17276999205146,1.6798538709870092,651,True
skin_sun_exposed_lower_leg,excluded_at_or_below_-1,ENSG00000130024.15,PHF10,-0.010037067568795428,51.186113428945774,4.209691530707329,0.582964316472672,549.4609841496939,2.671898330746478,0.0279567983719175,2.5173134925844622,5.311096173903054,4.185195115242947,0.41515949494043736,-0.37419669928649124,0.4164769568970259,5.311096173903054,51.17484807253352,1.4306849092773306,754,True
skin_sun_exposed_lower_leg,raw,ENSG00000130024.15,PHF10,-0.010037067568795428,51.186113428945774,4.209691530707329,0.582964316472672,549.4609841496939,2.671898330746478,0.0279567983719175,2.5173134925844622,5.311096173903054,4.185195115242947,0.41515949494043736,-0.37419669928649124,0.4164769568970259,5.311096173903054,51.17484807253352,1.4306849092773306,754,True
small_intestine_terminal_ileum,excluded_at_or_below_-1,ENSG00000130024.15,PHF10,-2.7909054952536447,11.795104330499637,4.163806065471563,1.4437755129316656,137.8214916581565,1.57962059798636,0.10388363874368466,2.3450542554267466,5.776446192658742,4.161686417430974,0.7043582757996971,-0.018378678466119732,-0.6342462720734816,5.776446192658742,9.382249956204104,0.9746622650532584,207,True
small_intestine_terminal_ileum,raw,ENSG00000130024.15,PHF10,-2.7909054952536447,11.795104330499637,4.163806065471563,1.4437755129316656,137.8214916581565,1.57962059798636,0.10388363874368466,2.3450542554267466,5.776446192658742,4.161686417430974,0.7043582757996971,-0.018378678466119732,-0.6342462720734816,5.776446192658742,9.382249956204104,0.9746622650532584,207,True
spleen,excluded_at_or_below_-1,ENSG00000130024.15,PHF10,0.8036796873613045,16.51582495340084,4.301140325622386,0.7572992551949232,391.1805985138997,3.633901626929424,0.0,2.629193396862183,6.247063536051376,4.331644704636453,0.6042090463753765,0.07957123742357654,0.03228785629762276,6.247063536051376,16.493381842323814,0.0,277,True
spleen,raw,ENSG00000130024.15,PHF10,0.8036796873613045,16.51582495340084,4.301140325622386,0.7572992551949232,391.1805985138997,3.633901626929424,0.0,2.629193396862183,6.247063536051376,4.331644704636453,0.6042090463753765,0.07957123742357654,0.03228785629762276,6.247063536051376,16.493381842323814,0.0,277,True
stomach,excluded_at_or_below_-1,ENSG00000130024.15,PHF10,5.738198662448078,16.629549175392967,3.6161409403877003,0.46001831459480913,611.4865729454648,6.044039273665131,0.0,2.527320607877047,5.582158544794436,3.9054323255474843,0.6572632530176838,0.385165406242651,-0.7201153485801948,5.582158544794436,16.629041041686406,0.0,407,True
stomach,raw,ENSG00000130024.15,PHF10,5.738198662448078,16.629549175392967,3.6161409403877003,0.46001831459480913,611.4865729454648,6.044039273665131,0.0,2.527320607877047,5.582158544794436,3.9054323255474843,0.6572632530176838,0.385165406242651,-0.7201153485801948,5.582158544794436,16.629041041686406,0.0,407,True
testis,excluded_at_or_below_-1,ENSG00000130024.15,PHF10,0.9458456171514603,23.280664752573053,4.404522490309048,0.3105417844576346,347.82850700427355,3.1793238184675663,0.0,3.742787728527477,5.1026581313637385,4.401346908464912,0.23990645980656458,-0.032596063073252995,0.003226257615018824,5.1026581313637385,23.131764021500977,0.0,414,True
testis,raw,ENSG00000130024.15,PHF10,0.9458456171514603,23.280664752573053,4.404522490309048,0.3105417844576346,347.82850700427355,3.1793238184675663,0.0,3.742787728527477,5.1026581313637385,4.401346908464912,0.23990645980656458,-0.032596063073252995,0.003226257615018824,5.1026581313637385,23.131764021500977,0.0,414,True
thyroid,excluded_at_or_below_-1,ENSG00000130024.15,PHF10,0.9333357190919552,51.87890767714752,4.813363202977469,0.530259927809529,385.03392033786383,3.1533134794675823,0.0069248409468090815,2.982071780198127,5.995699324247229,4.8066848907651325,0.4210351142499682,-0.3593237349442911,1.2177085130958964,5.995699324247229,51.87856469370446,0.3592508090526486,684,True
thyroid,raw,ENSG00000130024.15,PHF10,0.9333357190919552,51.87890767714752,4.813363202977469,0.530259927809529,385.03392033786383,3.1533134794675823,0.0069248409468090815,2.982071780198127,5.995699324247229,4.8066848907651325,0.4210351142499682,-0.3593237349442911,1.2177085130958964,5.995699324247229,51.87856469370446,0.3592508090526486,684,True
uterus,excluded_at_or_below_-1,ENSG00000130024.15,PHF10,-0.6068672841269153,7.44477323140318,4.758160870692134,0.8173464602804311,90.45479964918309,2.1816459039969853,0.0,3.703455126590561,6.019045792644825,4.763580458146,0.4774762532575983,0.09223979108181256,-0.4162584050570355,6.019045792644825,6.7556054003472354,0.0,153,True
uterus,raw,ENSG00000130024.15,PHF10,-0.6068672841269153,7.44477323140318,4.758160870692134,0.8173464602804311,90.45479964918309,2.1816459039969853,0.0,3.703455126590561,6.019045792644825,4.763580458146,0.4774762532575983,0.09223979108181256,-0.4162584050570355,6.019045792644825,6.7556054003472354,0.0,153,True
vagina,excluded_at_or_below_-1,ENSG00000130024.15,PHF10,0.5149364133983736,8.300092607996637,4.575965105734849,0.6632197523696993,180.15358495177833,2.3523847033307055,0.056493814098682704,3.093162940909417,5.679156336487354,4.602180537678065,0.49885981655355804,-0.008599366349064228,-0.26329317923259943,5.679156336487354,8.24401461295672,0.4657358289712006,170,True
vagina,raw,ENSG00000130024.15,PHF10,0.5149364133983736,8.300092607996637,4.575965105734849,0.6632197523696993,180.15358495177833,2.3523847033307055,0.056493814098682704,3.093162940909417,5.679156336487354,4.602180537678065,0.49885981655355804,-0.008599366349064228,-0.26329317923259943,5.679156336487354,8.24401461295672,0.4657358289712006,170,True
whole_blood,excluded_at_or_below_-1,ENSG00000130024.15,PHF10,1.3574072487315,43.95889548603997,1.6050130422726383,1.2227350923895388,978.9530753152189,3.6880736061016104,0.0,-0.203028539165279,4.7937372501842965,1.7359343392991307,0.8755873259413227,0.39953119371297235,-0.18644526524129246,4.7937372501842965,43.909846804487,0.0,803,True
whole_blood,raw,ENSG00000130024.15,PHF10,1.3574072487315,43.95889548603997,1.6050130422726383,1.2227350923895388,978.9530753152189,3.6880736061016104,0.0,-0.203028539165279,4.7937372501842965,1.7359343392991307,0.8755873259413227,0.39953119371297235,-0.18644526524129246,4.7937372501842965,43.909846804487,0.0,803,True
adipose_subcutaneous,excluded_at_or_below_-1,ENSG00000228986.1,PHF10P1,0.9338745791402465,48.75748633063991,-0.7122486993386548,0.3753606994235393,414.8287168022738,5.347374903947612,0.0,-0.9561487858595664,0.7070520607654422,-0.6013996664749767,0.24848554886912405,1.3684788807146457,3.216821580210609,0.7070520607654422,48.757388214013694,0.0,678,True
adipose_subcutaneous,raw,ENSG00000228986.1,PHF10P1,0.9260965111018908,50.124935863328446,-0.7169819680736935,0.38097971684459286,503.3866335856769,5.2860773102170135,0.0,-1.0,0.7070520607654422,-0.621497162282961,0.25738129904401313,1.2164356163981866,2.7621890268839477,0.7070520607654422,50.12462296677937,0.0,714,True
adipose_visceral_omentum,excluded_at_or_below_-1,ENSG00000228986.1,PHF10P1,1.1536746755719773,56.544232304036605,-0.8577623823138761,0.4172354143534783,540.6555400512183,6.95218148844754,0.0,-0.9640312921727584,1.193339658544458,-0.633606632229756,0.291818094082242,2.1436084494101166,7.330324993529626,1.193339658544458,56.543203516874115,0.0,543,True
adipose_visceral_omentum,raw,ENSG00000228986.1,PHF10P1,1.08916313375326,60.05754161927141,-0.9010771235451448,0.4498791517357472,573.3034814570651,6.583885043494395,0.0,-1.0,1.193339658544458,-0.6610705303249702,0.2967960712958319,2.0216799585634004,6.8004500483734756,1.193339658544458,60.05754060412255,0.0,587,True
adrenal_gland,excluded_at_or_below_-1,ENSG00000228986.1,PHF10P1,0.9688177821584678,18.0040542556389,-0.918351058925431,0.1707844913691135,146.56986777145562,5.784784884138714,0.0,-0.972953552924268,-0.2197638225963207,-0.8163984864665895,0.1350286694677329,1.585804357992629,2.746437765527859,-0.2197638225963207,18.003877407975732,0.0,234,True
adrenal_gland,raw,ENSG00000228986.1,PHF10P1,0.5360521892995659,1812783807481.0203,-7.8936989731994105,1.3908995933241373,1435.6627318521948,7.802564051958428,0.0,-1.0,-0.2197638225963207,-0.8543635451972269,0.1414130856468967,1.465003832370109,2.510719583534202,-0.2197638225963207,38.794630137690845,0.0,295,True
artery_aorta,excluded_at_or_below_-1,ENSG00000228986.1,PHF10P1,0.6759744487015716,36.94721719160141,-0.9593171811029165,0.3914778592486607,234.30123342259316,5.27589528786707,0.0,-0.9695975273997446,0.5011384727436612,-0.7166170133853229,0.20752978079691006,1.5103480952101973,3.477862925016664,0.5011384727436612,36.947133020668886,0.0,386,True
artery_aorta,raw,ENSG00000228986.1,PHF10P1,0.10493087454777765,5875178940713.362,-13.450741808462679,2.4841979226747632,1285.2376908097672,7.942579024880287,0.0,-1.0,0.5011384727436612,-0.7682503541668108,0.21724667166990594,1.3975036987628264,2.924235859027754,0.5011384727436612,72.25649907181803,0.0,472,True
artery_coronary,excluded_at_or_below_-1,ENSG00000228986.1,PHF10P1,0.49780907847893996,45.086852771465495,-0.9883066183151064,0.4892243945750218,182.09679800052768,9.805585307890919,0.0,-0.9596419738448796,2.403777620826912,-0.627112873298173,0.3571118331856025,3.64974773665346,23.021530601959192,2.403777620826912,44.93233388397204,0.0,237,True
artery_coronary,raw,ENSG00000228986.1,PHF10P1,0.2748377559272738,77.06147971291888,-1.3749005400534002,0.7071429329976955,52.56415281826375,7.556969961230422,0.0,-1.0,2.403777620826912,-0.6702453394465184,0.35636854737104917,3.477730067941327,21.919524047466965,2.403777620826912,58.17940652642207,0.0,268,True
artery_tibial,excluded_at_or_below_-1,ENSG00000228986.1,PHF10P1,1.787899953835739,36.407029930842405,-0.8354940848370013,0.23494922435536333,1205.981109557877,5.347758341885193,0.0,-0.962316969662326,0.0529514144109937,-0.7348145590292567,0.1734715659274441,1.427150329296371,2.6825861816987633,0.0529514144109937,36.40694910225373,0.0,536,True
artery_tibial,raw,ENSG00000228986.1,PHF10P1,1.4980877472116223,6401867215210.776,-11.063052758476156,2.010644288182189,11736.80279570857,7.818590266359668,0.0,-1.0,0.0529514144109937,-0.7942989922426651,0.1886431604484099,1.213894511665084,1.9526727069029066,0.0529514144109937,84.32358295859953,0.0,691,True
bladder,excluded_at_or_below_-1,ENSG00000228986.1,PHF10P1,0.2798943799481302,6.109255571670827,-0.8848070536506755,0.21182461500178584,43.54960572330843,6.7351663719755175,0.0,-0.9545696109364934,0.1240038230620925,-0.7562382255570206,0.17967569433462718,2.1435902541525573,6.902963097565445,0.1240038230620925,6.10922653991884,0.0,69,True
bladder,raw,ENSG00000228986.1,PHF10P1,0.22834936870708872,6.056793461030138,-0.8932848628337595,0.24211810786132162,106.43352238412952,5.941990333356823,0.0,-1.0,0.1240038230620925,-0.7815641242004471,0.18571478849690132,1.910324437180746,6.003210872080551,0.1240038230620925,6.0567872049588,0.0,77,True
brain_amygdala,excluded_at_or_below_-1,ENSG00000228986.1,PHF10P1,0.22076178159636844,418.07912378005824,-1.7827412600203647,0.4526907005927586,132.16612764690467,4.692296028715375,0.0,-0.9749726233912784,-0.2807341847499391,-0.8565362038566198,0.11800885405344595,1.8158799068460532,4.3022650153797475,-0.2807341847499391,17.31005080955878,0.0,121,True
brain_amygdala,raw,ENSG00000228986.1,PHF10P1,2.8321078193296607,707569315020.047,-1.4677768915289726,0.09887575024340785,918.6334553312058,16.978196280790307,0.0,-1.0,-0.2807341847499391,-0.904093263351663,0.11777283753807427,1.8931735482252656,4.687527302857086,-0.2807341847499391,134.71349779268166,0.0,181,True
brain_anterior_cingulate_cortex_ba24,excluded_at_or_below_-1,ENSG00000228986.1,PHF10P1,0.09076437508667955,13.701994748505488,-1.0278513841567134,0.3098913035769365,145.14915111748886,3.405384298107435,0.0,-0.9824343569856292,-0.2816423196996319,-0.8195480509374902,0.1276234467922358,1.1422383908762803,1.3950222008984436,-0.2816423196996319,13.369271508887516,0.0,183,True
brain_anterior_cingulate_cortex_ba24,raw,ENSG00000228986.1,PHF10P1,2.139025083083612,4619576142275.54,-4.815430866405424,0.7545201554106513,955.5582962842323,8.497778628847247,0.0,-1.0,-0.2816423196996319,-0.8582716451569129,0.13523809356395586,1.1240098954851587,1.206670595971631,-0.2816423196996319,36.24960696417834,0.0,233,True
brain_caudate_basal_ganglia,excluded_at_or_below_-1,ENSG00000228986.1,PHF10P1,-0.07505333222534556,12.236403874446719,-0.9603358430694936,0.2443238382303655,119.70973523789792,2.802861958116709,0.0,-0.983308291238983,-0.4761048825858265,-0.8397809833885135,0.10382899481907258,0.8250230825222039,0.20206146713646023,-0.4761048825858265,11.995556491331268,0.0,227,True
brain_caudate_basal_ganglia,raw,ENSG00000228986.1,PHF10P1,5.820512830942635,411.5052056309799,-0.9963867874020085,0.002180444946481878,971.7435897435896,337.4493482330477,0.0,-1.0,-0.4761048825858265,-0.8787676107639752,0.11353717869435012,0.8619881431901978,0.12444527375411285,-0.4761048825858265,410.36712804887463,0.0,300,True
brain_cerebellar_hemisphere,excluded_at_or_below_-1,ENSG00000228986.1,PHF10P1,-0.021691112944712,12.673821587209492,-0.8558590500875376,0.4072367869740298,108.66842148429299,3.020882192556735,0.0,-0.9703902197198984,0.0140338647134832,-0.6953072087100666,0.1961991850786745,0.8919389498007779,0.6986199034174523,0.0140338647134832,12.541586725746077,0.0,242,True
brain_cerebellar_hemisphere,raw,ENSG00000228986.1,PHF10P1,,,,,,,,,,,,,,,,,277,False
brain_cerebellum,excluded_at_or_below_-1,ENSG00000228986.1,PHF10P1,0.18707033970828235,10.893471090490287,-0.8129714815775612,0.3430031758426826,303.84536593394125,2.7393249597029268,0.0,-0.9530745552847244,-0.1485759575616844,-0.6971823301133054,0.1737937230226077,0.7357227811760046,0.10196739438453228,-0.1485759575616844,10.637763813266579,0.0,243,True
brain_cerebellum,raw,ENSG00000228986.1,PHF10P1,-0.394876544113758,12.036237059079944,-0.8395951811513162,0.3960964805293247,578.1211373762366,2.4671987909486957,0.0,-1.0,-0.1485759575616844,-0.7233658128478692,0.1866904817575512,0.5951601115783052,-0.0546244290786726,-0.1485759575616844,11.462513117030246,0.0,266,True
brain_cortex,excluded_at_or_below_-1,ENSG00000228986.1,PHF10P1,0.41220540012965845,11.692271400278575,-0.8652408582636492,0.24591393622389326,130.17321867319174,3.0630102485398663,0.0,-0.9718792844785792,-0.3326219335457948,-0.7781327192363868,0.13296102425911752,0.7794375734206925,0.15015354694273064,-0.3326219335457948,11.584965926580827,0.0,249,True
brain_cortex,raw,ENSG00000228986.1,PHF10P1,-0.12521717256267625,12.78650979437647,-0.8977887710822173,0.29602465212816426,336.88055353194574,2.700000155059643,0.0,-1.0,-0.3326219335457948,-0.795389063295779,0.14086333829087125,0.6686553266418008,0.024517376191641738,-0.3326219335457948,12.45249592266644,0.0,270,True
brain_frontal_cortex_ba9,excluded_at_or_below_-1,ENSG00000228986.1,PHF10P1,0.8365552849336025,13.800363577099704,-0.8665761893802739,0.19953998492710556,289.9322453971137,4.724670208009149,0.0,-0.976067644913013,-0.1999437604635917,-0.7839663121571282,0.14087023648255134,1.1963889397281173,1.6281406356777524,-0.1999437604635917,13.800024118158435,0.0,230,True
brain_frontal_cortex_ba9,raw,ENSG00000228986.1,PHF10P1,-1.7128645665020692,541.5093516545629,-2.9673968535441846,1.1206076831107912,763.8367944033496,3.4925422665329013,0.0,-1.0,-0.1999437604635917,-0.8152871813982879,0.15087600488707667,1.03676548222514,1.2185859457262467,-0.1999437604635917,23.61402731267253,0.0,269,True
brain_hippocampus,excluded_at_or_below_-1,ENSG00000228986.1,PHF10P1,1.4983206174951011,10.720917561869097,-0.974235305820014,0.13938778468340934,264.5901407304726,4.114581855536457,0.0,-0.9775895726089469,-0.5686936924448815,-0.8600446751170209,0.0984864913099313,1.0676517011118083,0.3863341403097862,-0.5686936924448815,10.71865633691376,0.0,193,True
brain_hippocampus,raw,ENSG00000228986.1,PHF10P1,4.948717948717949,400.7796274774095,-0.9946320758792544,1.676278689051006e-05,919.897435897436,35934.8265012652,,-1.0,-0.5686936924448815,-0.8940730286179805,0.10464551695085603,1.099297265169534,0.5742390535329176,-0.5686936924448815,0.0,0.0,255,True
brain_hypothalamus,excluded_at_or_below_-1,ENSG00000228986.1,PHF10P1,0.40641802040684166,10.933212344166105,-0.8720787250354226,0.22703727605368373,189.21663211932662,3.699846884597352,0.0,-0.9752321194075692,-0.2781067954457086,-0.7890988487286719,0.13350518036256082,0.9810039157400157,0.9535879308665725,-0.2781067954457086,10.92152591067778,0.0,203,True
brain_hypothalamus,raw,ENSG00000228986.1,PHF10P1,5.114497173792212,14659429.692039173,-1.169724150690516,0.050333527621132815,941.1308975050188,25.051638854436757,0.0,-1.0,-0.2781067954457086,-0.8334127093070831,0.146543246048573,0.8917648923652824,0.5767311958532475,-0.2781067954457086,169.06410124761663,0.0,257,True
brain_nucleus_accumbens_basal_ganglia,excluded_at_or_below_-1,ENSG00000228986.1,PHF10P1,0.05638515025046783,17.07836839974736,-0.9478398492138563,0.367680327043776,60.91163438889364,3.5767366573210384,0.0,-0.974742944548222,-0.0179267590674931,-0.7553409308706789,0.16433866408929404,1.039215506381266,1.2142636969948066,-0.0179267590674931,17.049884842882147,0.0,254,True
brain_nucleus_accumbens_basal_ganglia,raw,ENSG00000228986.1,PHF10P1,-1.0135013011726395,39.94184257924516,-1.4788525072331191,0.6932401799973023,237.23648810939721,2.9802961026926185,0.0,-1.0,-0.0179267590674931,-0.7819529699689559,0.17286508012759338,0.9515808078712682,0.9485243435627884,-0.0179267590674931,24.31575953209981,0.0,285,True
brain_putamen_basal_ganglia,excluded_at_or_below_-1,ENSG00000228986.1,PHF10P1,-1.1867746998480362,795892602756.5178,-9.688056369468832,1.757971510704799,215.14123036833888,7.411412028180623,0.0,-0.9719641777731396,-0.4751259137792069,-0.8569781328132662,0.09333556185754598,1.0275542673896108,0.9927311723844343,-0.4751259137792069,15.846404156279812,0.0,175,True
brain_putamen_basal_ganglia,raw,ENSG00000228986.1,PHF10P1,4.487164292361872,142.34067448021383,-0.9963476528845452,0.0036152984977061427,925.7435934486805,203.88879449764724,0.0,-1.0,-0.4751259137792069,-0.901461311977644,0.10194099474443884,1.0731587246860221,0.834179071560802,-0.4751259137792069,142.1044362950658,0.0,254,True
brain_spinal_cord_cervical_c-1,excluded_at_or_below_-1,ENSG00000228986.1,PHF10P1,-0.029452839216594362,12.668977213653056,-0.9998029784932547,0.22310508110922733,156.81024577612868,4.05411257631442,0.0,-0.9590206246169868,-0.3602297632238442,-0.8470558388015803,0.09262745427803744,1.6672479859841072,5.0678954863659325,-0.3602297632238442,12.249235169068024,0.0,132,True
brain_spinal_cord_cervical_c-1,raw,ENSG00000228986.1,PHF10P1,3.384615372492995,160.24457049182737,-0.9916163484502516,0.0004196921580678437,741.2307692307692,2127.5486204897843,0.0,-1.0,-0.3602297632238442,-0.9010361309892578,0.1044277825690681,1.3265288716154404,2.92044712028856,-0.3602297632238442,138.35163744723855,0.0,204,True
brain_substantia_nigra,excluded_at_or_below_-1,ENSG00000228986.1,PHF10P1,0.3927144295195442,9.487659109959518,-0.9728978849538452,0.14694414601064676,123.69190140120294,4.36488476308713,0.0,-0.9684551777515746,-0.5193636515029634,-0.8707717874777912,0.08250054164508679,1.3584774607717578,2.1019392704386117,-0.5193636515029634,9.478298594864988,0.0,122,True
brain_substantia_nigra,raw,ENSG00000228986.1,PHF10P1,3.128205107510117,118.2839894995505,-0.9942990401747194,0.00036309609987705024,576.3589743900422,1849.8135015439952,0.0,-1.0,-0.5193636515029634,-0.9138478583185276,0.0908657259494252,1.2418006072792909,1.6317275895451102,-0.5193636515029634,112.09491634536022,0.0,183,True
breast_mammary_tissue,excluded_at_or_below_-1,ENSG00000228986.1,PHF10P1,1.0474613180871484,32.14330073547151,-0.7958752562531898,0.33629173774065607,570.8629405237616,5.14776621186561,0.0,-0.9628539705499872,0.4282335282545713,-0.6643824404498688,0.22369402952817688,1.3067617091993875,2.254462649917996,0.4282335282545713,32.14322904135573,0.0,460,True
breast_mammary_tissue,raw,ENSG00000228986.1,PHF10P1,0.22357727139364197,37.068652434243425,-0.9413802074509272,0.4831210416646641,979.2966795656981,4.009194701131695,0.0,-1.0,0.4282335282545713,-0.6996418727761472,0.2353356218916243,1.1516971579540671,1.8286930376776196,0.4282335282545713,37.05651140387432,0.0,514,True
cells_cultured_fibroblasts,excluded_at_or_below_-1,ENSG00000228986.1,PHF10P1,0.8655370527803671,29.157080011985354,-0.9994843327254581,0.16235152793990143,158.43384414593825,4.9536969282195935,0.0,-0.9616242245615172,-0.4308005874655792,-0.862484466978446,0.08898522964972268,1.4844622483745582,2.351131041829934,-0.4308005874655792,27.613681073966646,0.0,269,True
cells_cultured_fibroblasts,raw,ENSG00000228986.1,PHF10P1,4.75942349988916,359.4317719016819,-0.9928951313224142,0.005868407504942556,3946.1499446079797,135.4578267764716,0.0,-1.0,-0.4308005874655792,-0.9432642969588988,0.08859983515649161,1.9139607401531948,3.9531747540864286,-0.4308005874655792,357.29522004266653,0.0,652,True
cells_ebv-transformed_lymphocytes,excluded_at_or_below_-1,ENSG00000228986.1,PHF10P1,1.113918811315123,38.243314910825234,-0.9200963918054573,0.28021994099261566,87.17559882698589,10.568032977479785,0.0,-0.9732225991121596,1.173910946370626,-0.6641131369486241,0.3929358284419499,2.730971484329796,7.7782401489606094,1.173910946370626,38.24311433400606,0.0,259,True
cells_ebv-transformed_lymphocytes,raw,ENSG00000228986.1,PHF10P1,0.824094463041441,1837536529345.7124,-10.106340775987196,1.866964457178434,238.38248898494925,8.544718091125517,0.0,-1.0,1.173910946370626,-0.7339611696320905,0.3752759243237326,2.8959473945186045,9.328240430829005,1.173910946370626,85.47975942185357,0.0,327,True
cervix_ectocervix,excluded_at_or_below_-1,ENSG00000228986.1,PHF10P1,0.2680283754219598,1061955675472.8339,-8.537048499298308,1.4520238487776096,15.613020587276878,8.195624242780243,0.0,-0.9426037974002042,-0.1223067850639532,-0.6560702499645144,0.25698511131715607,0.8028064257369718,-0.5241081681219839,-0.1223067850639532,1.3960767771422435,0.0,20,True
cervix_ectocervix,raw,ENSG00000228986.1,PHF10P1,0.4018727260040195,2922382095986.038,-4.607217390064318,0.6853938932754206,24.412018951548077,9.25398003374638,0.0,-1.0,-0.1223067850639532,-0.7133918749704287,0.2677667580541732,0.8737395096729075,-0.31084134912503236,-0.1223067850639532,2.730308983023174,0.0,24,True
cervix_endocervix,excluded_at_or_below_-1,ENSG00000228986.1,PHF10P1,0.5000002456162995,3.91886864825297,-0.8785030505479655,0.006758101844884892,19.500001561823353,133.5229924524193,0.0,-0.8932871997853015,-0.2404367742544089,-0.6205594610232024,0.18785431007472117,0.25476150200235304,-0.8676612702957098,-0.2404367742544089,3.8996006046689295,0.0,22,True
cervix_endocervix,raw,ENSG00000228986.1,PHF10P1,0.3362375144521699,0.4712692089665189,-0.66091547999724,0.2212331034801672,18.816030230760347,2.6878739166804015,0.0,-1.0,-0.2404367742544089,-0.6370568757613241,0.1998623859247436,0.13748962422661468,-0.7937087936033094,-0.2404367742544089,0.45854766594861723,0.0,23,True
colon_sigmoid,excluded_at_or_below_-1,ENSG00000228986.1,PHF10P1,1.2196079115705125,27.007038580376722,-0.8435799993425842,0.2299787576834279,385.5878837873529,5.837953681044738,0.0,-0.9682223002712824,0.1057853374790549,-0.742080574480319,0.172534924323474,1.465466051210209,2.931876415130846,0.1057853374790549,27.00665299382196,0.0,368,True
colon_sigmoid,raw,ENSG00000228986.1,PHF10P1,0.29248194402319616,32.399728273057534,-0.9895873781060147,0.38040465665203327,1227.7103804837095,4.072218683828703,0.0,-1.0,0.1057853374790549,-0.7734741083741228,0.1823862492741689,1.265713762163963,2.3519617599328635,0.1057853374790549,32.39150889673935,0.0,419,True
colon_transverse,excluded_at_or_below_-1,ENSG00000228986.1,PHF10P1,0.6995619696726373,60.426468269595105,-1.0963806906649343,0.350159087554507,213.7289052796327,5.573701226691601,0.0,-0.9723844731607872,0.2836669823080098,-0.7888990901644709,0.1688898638085811,1.8641616565812456,5.3256762023736215,0.2836669823080098,53.30501050660271,0.0,396,True
colon_transverse,raw,ENSG00000228986.1,PHF10P1,0.073013851617808,2605624834280.6606,-9.841718566337672,1.7994520104703642,376.71675972534723,7.957676828185187,0.0,-1.0,0.2836669823080098,-0.8254781622236544,0.1731130073495823,1.7589745309263198,4.832649475068202,0.2836669823080098,85.20514902678566,0.0,479,True
esophagus_gastroesophageal_junction,excluded_at_or_below_-1,ENSG00000228986.1,PHF10P1,0.6977049789672444,36.39161353427576,-0.8483952161373621,0.3688476977160782,375.9181312298458,6.950391276647154,0.0,-0.9577030717668532,0.964369057113811,-0.6639096391201056,0.2531507260829669,2.130129770547455,8.11887132329533,0.964369057113811,36.391601893237016,0.0,356,True
esophagus_gastroesophageal_junction,raw,ENSG00000228986.1,PHF10P1,0.2766870559535157,45.44790371034614,-1.0439899921204616,0.527434649639382,379.8018096729685,5.385024680277983,0.0,-1.0,0.964369057113811,-0.703106281704113,0.261264074518042,1.9157767735608393,6.988207006412967,0.964369057113811,45.132834262479555,0.0,403,True
esophagus_mucosa,excluded_at_or_below_-1,ENSG00000228986.1,PHF10P1,0.7914977356685718,31.422051874643557,-0.9048294808953,0.214693118665147,684.8507783101817,4.607610175342587,0.0,-0.9760023742251426,-0.2053437564919655,-0.8085103879311883,0.13063467599124165,1.5162202903485391,3.1922814372279316,-0.2053437564919655,31.42116535107136,0.0,454,True
esophagus_mucosa,raw,ENSG00000228986.1,PHF10P1,11.641025678615279,61568.81634347944,-1.0033153162370265,0.005395985721351807,6928.97435897682,209.13735885438265,0.0,-1.0,-0.2053437564919655,-0.8584099611087287,0.1403137830120415,1.3528334808622826,2.492895451756679,-0.2053437564919655,42210.24674100555,0.0,614,True
esophagus_muscularis,excluded_at_or_below_-1,ENSG00000228986.1,PHF10P1,1.359351206402429,34.22451163649731,-0.8585244460762377,0.31981298698421845,518.6549480060194,4.713793191466768,0.0,-0.9616087715674204,0.2074618523857656,-0.7020791503907852,0.20538166388695708,1.3421584495621754,2.0241155043937553,0.2074618523857656,34.22395712859862,0.0,503,True
esophagus_muscularis,raw,ENSG00000228986.1,PHF10P1,0.660496135785643,39.5838859989496,-0.9698050947847939,0.42601619449095496,1148.6612463000429,3.9080835535174097,0.0,-1.0,0.2074618523857656,-0.7328802364466397,0.21460449047821825,1.2110748079113236,1.734275885463063,0.2074618523857656,39.56478694039215,0.0,561,True
fallopian_tube,excluded_at_or_below_-1,ENSG00000228986.1,PHF10P1,0.12336818860120262,1.2062222072778994,-0.8317718987582295,0.32958355007139256,25.823716580590702,2.974057599412905,0.0,-0.950164342312158,-0.1386655053458363,-0.6853008697468445,0.19993552338450019,0.9082526416672546,0.5240932161239407,-0.1386655053458363,1.1917395246884963,0.0,29,True
fallopian_tube,raw,ENSG00000228986.1,PHF10P1,0.12336818860120262,1.2062222072778994,-0.8317718987582295,0.32958355007139256,25.823716580590702,2.974057599412905,0.0,-0.950164342312158,-0.1386655053458363,-0.6853008697468445,0.19993552338450019,0.9082526416672546,0.5240932161239407,-0.1386655053458363,1.1917395246884963,0.0,29,True
heart_atrial_appendage,excluded_at_or_below_-1,ENSG00000228986.1,PHF10P1,0.951287301031816,73.74082672375806,-1.01451364378857,0.29181943902651736,260.09479467480185,9.313342886832958,0.0,-0.9737891761962552,0.9072714168331232,-0.7750615556603939,0.2127031848857073,2.841520012406267,13.195785639556636,0.9072714168331232,72.3186018522578,0.0,380,True
heart_atrial_appendage,raw,ENSG00000228986.1,PHF10P1,0.3594549726517703,1373554223124.8298,-9.132524279167727,1.6910528140736214,655.5595740020335,8.396198580301283,0.0,-1.0,0.9072714168331232,-0.814584362583405,0.21123466195984358,2.745412304879156,12.78464358959938,0.9072714168331232,124.02796707854088,0.0,461,True
heart_left_ventricle,excluded_at_or_below_-1,ENSG00000228986.1,PHF10P1,0.46927326718052537,98.32018285419716,-1.1389841314016502,0.24704187739128788,104.54198118524621,7.060454163853315,0.0,-0.975720041568833,0.0943712105925171,-0.8560385540315685,0.1464421143416542,3.4605730276104576,15.786044606551304,0.0943712105925171,63.5274447018092,0.0,300,True
heart_left_ventricle,raw,ENSG00000228986.1,PHF10P1,2.099539709741232,5578263919640.468,-3.8147563361276164,0.5725583298561691,1743.6227645007625,9.655507404820463,0.0,-1.0,0.0943712105925171,-0.9044503677200675,0.1373084069171654,3.495684005997014,17.676546317445972,0.0943712105925171,178.00639633663758,0.0,452,True
kidney_cortex,excluded_at_or_below_-1,ENSG00000228986.1,PHF10P1,0.21646360385516888,10.802811614835937,-0.9228062051569712,0.10398389745359711,64.40394673721083,12.864706012568805,0.0,-0.9769292108998736,0.0231062838569853,-0.8463525527392115,0.17526460879693345,3.3276503041703456,11.603532103461637,0.0231062838569853,10.802323834068627,0.0,70,True
kidney_cortex,raw,ENSG00000228986.1,PHF10P1,0.4526561220400136,4178596976564.627,-4.214767365484727,0.636809426585099,294.43415679881974,9.411384537225773,0.0,-1.0,0.0231062838569853,-0.8965834489590847,0.1606953809463449,3.568675759591129,14.938357356854354,0.0231062838569853,35.73965641691009,0.0,104,True
kidney_medulla,excluded_at_or_below_-1,ENSG00000228986.1,PHF10P1,0.11529173233207599,1.4534035848844689,-0.9096929575075655,0.030039442491506717,4.551601818251932,24.42440709660727,0.0,-0.9499455463861944,-0.3908918429598319,-0.8006198748622145,0.18124567087832688,1.3558396227431566,0.5892232753052054,-0.3908918429598319,1.4533803196354227,0.0,10,True
kidney_medulla,raw,ENSG00000228986.1,PHF10P1,0.1468968341190106,1.4651890242924768,-0.9089278553298676,0.030046306989236816,5.32284046096854,24.382815324153405,0.0,-1.0,-0.3908918429598319,-0.8187453407838313,0.1821506287514648,1.3728177198387097,0.8004480805924676,-0.3908918429598319,1.4648653407289898,0.0,11,True
liver,excluded_at_or_below_-1,ENSG00000228986.1,PHF10P1,0.7243221952422723,11.140615187648724,-0.9281230938179913,0.10107859096180392,225.286691026003,6.645367100964757,0.0,-0.982129388738361,-0.4531563979376999,-0.8699497227610576,0.09300723758878887,1.6934751401115724,3.561156355971267,-0.4531563979376999,11.140594541286942,0.0,146,True
liver,raw,ENSG00000228986.1,PHF10P1,3.743617138485976,198.52543696839533,-0.9931815997578414,2.270619519791406e-05,903.4358974651752,33634.47542754638,,-1.0,-0.4531563979376999,-0.9275292348210475,0.09483969142860164,1.7877303077165136,3.931469471715558,-0.4531563979376999,0.0,0.0,262,True
lung,excluded_at_or_below_-1,ENSG00000228986.1,PHF10P1,1.6446397090289335,69.18146849711093,-0.5487434611458292,0.5861056994983359,1479.6739737391738,10.186562143981627,0.0,-0.9756179046702173,3.672968372011177,-0.3041347476392448,0.5560308145193505,2.807924072914267,13.059007261561383,3.672968372011177,69.18146813080371,0.0,591,True
lung,raw,ENSG00000228986.1,PHF10P1,1.9682121624747706,72.28463014253617,-0.552981169077648,0.5458024482613392,1857.5311142479468,10.949740467361513,0.0,-1.0,3.672968372011177,-0.31911197989204254,0.5592134066834138,2.7395570665545894,12.698776036599646,3.672968372011177,72.28329502036051,0.0,604,True
minor_salivary_gland,excluded_at_or_below_-1,ENSG00000228986.1,PHF10P1,-0.03661594569411657,11.639063503936768,-0.9183326246151927,0.2993430806499197,164.31760635316385,4.027712060261542,0.0,-0.9623816241060708,-0.0657967925684569,-0.776132868803929,0.1474674442661756,1.6359705754705072,4.851037256179662,-0.0657967925684569,11.635516563309697,0.0,159,True
minor_salivary_gland,raw,ENSG00000228986.1,PHF10P1,-0.23973364167010341,14.20007614341404,-1.029850630719015,0.38750162107631986,276.4039817210178,3.5183801527938217,0.0,-1.0,-0.0657967925684569,-0.8033432383415728,0.15642747549384625,1.3720196893825218,3.728241019940933,-0.0657967925684569,14.086937739059124,0.0,181,True
muscle_skeletal,excluded_at_or_below_-1,ENSG00000228986.1,PHF10P1,0.6491110520199586,60.71602142496711,-0.9498812072496016,0.1596504131765268,404.3964629174566,6.055865178434579,0.0,-0.9737325084739868,-0.2662352547556481,-0.8649988543567882,0.0905854127992748,1.9537205541820533,6.75377409201357,-0.2662352547556481,60.71589618385744,0.0,593,True
muscle_skeletal,raw,ENSG00000228986.1,PHF10P1,2.5875359303504655,3672361289061.382,-4.992795247406334,0.8174825645569722,17506.163927304882,8.176767963973901,0.0,-1.0,-0.2662352547556481,-0.9021324213124394,0.09790046528424505,1.591882420551203,4.706711924417339,-0.2662352547556481,160.10283207783843,0.0,818,True
nerve_tibial,excluded_at_or_below_-1,ENSG00000228986.1,PHF10P1,0.5916268202169613,40.691972915998115,-0.726958738270734,0.36098008280162874,1125.3227784135124,4.745326639060224,0.0,-0.9552324021264564,0.4842928355116014,-0.6265350482610937,0.21948331059646198,1.0795382262456876,1.8824537136203983,0.4842928355116014,40.69144808511791,0.0,613,True
nerve_tibial,raw,ENSG00000228986.1,PHF10P1,0.0822566059112447,42.495528272704234,-0.7774069876605885,0.42667591411746936,2025.1434529751227,4.181892960291643,0.0,-1.0,0.4842928355116014,-0.6583074396776871,0.23439522539151988,0.8753231264858763,1.3474504379579564,0.4842928355116014,42.48871293624878,0.0,670,True
ovary,excluded_at_or_below_-1,ENSG00000228986.1,PHF10P1,0.20316796450794844,19.16846726066191,-0.802965894601805,0.4345566065846844,73.6604250201777,7.4471215458258175,0.0,-0.9498772665532556,1.4853701487517306,-0.5880663921709206,0.37236726723540853,3.065745761089933,11.933563566886257,1.4853701487517306,19.168436264378002,0.0,174,True
ovary,raw,ENSG00000228986.1,PHF10P1,0.16768236543255,20.703521725536557,-0.8708972032871105,0.48833028126018335,131.4315940902907,6.823794005219249,0.0,-1.0,1.4853701487517306,-0.6286194416463223,0.3742661261268462,2.914658893084625,11.51883270517803,1.4853701487517306,20.70350191775701,0.0,193,True
pancreas,excluded_at_or_below_-1,ENSG00000228986.1,PHF10P1,0.0057007215941434625,24.563595405446303,-1.063128790454288,0.1864666152132977,185.54293972655685,3.9196570813283826,0.0,-0.9764394603665512,-0.5463149172188423,-0.896845637069839,0.0667172952765297,1.4931959700706603,3.5213221587266066,-0.5463149172188423,19.777717953369148,0.0,193,True
pancreas,raw,ENSG00000228986.1,PHF10P1,4.948717975697227,240.97631018613683,-0.9931748820633646,0.001861089632439181,1665.897435901912,339.562056415539,0.0,-1.0,-0.5463149172188423,-0.9450033368908258,0.07087485652992571,1.572568118595176,3.1111895842260893,-0.5463149172188423,240.97130648024824,0.0,362,True
pituitary,excluded_at_or_below_-1,ENSG00000228986.1,PHF10P1,0.5862873017206326,21.61580411070769,-0.8077249907235957,0.2613289504782377,297.0798806172071,5.9629799867406,0.0,-0.9656011416432676,0.2941590125967945,-0.7153206674289423,0.18329187255001847,1.530064701811959,4.128025652375368,0.2941590125967945,21.615797205397378,0.0,279,True
pituitary,raw,ENSG00000228986.1,PHF10P1,0.11392449967101788,23.49161725667634,-0.8991578739358467,0.3682678709524786,486.16014147777776,4.58254726587611,0.0,-1.0,0.2941590125967945,-0.7462443009989612,0.19444026531357378,1.2811601088234297,3.1789993708573867,0.2941590125967945,23.490884715601467,0.0,313,True
prostate,excluded_at_or_below_-1,ENSG00000228986.1,PHF10P1,0.604564555623013,14.507300867333624,-0.9438946032256003,0.29128126846401775,235.8286380816839,3.6765853453265844,0.0,-0.9581178309704348,-0.1866394958669154,-0.7670920613901134,0.15071801679900745,1.1476041688761804,1.1124239598893206,-0.1866394958669154,14.490460158925305,0.0,229,True
prostate,raw,ENSG00000228986.1,PHF10P1,-0.32152725000722066,4113489776191.863,-12.900055617173747,2.345297141847545,1617.6678291977955,7.666186591896517,0.0,-1.0,-0.1866394958669154,-0.8108655392139573,0.16352357361870604,1.0066090359915856,0.8281533922938844,-0.1866394958669154,26.3937422673804,0.0,282,True
skin_not_sun_exposed_suprapubic,excluded_at_or_below_-1,ENSG00000228986.1,PHF10P1,1.3297560512417965,51.783163010464804,-0.8632135934047263,0.2205956994212831,635.0182821770278,7.287785805303569,0.0,-0.9596588086984196,0.273569598135132,-0.7617374144964705,0.1613793770649526,1.8315872390154693,5.604078942967176,0.273569598135132,51.783054757360176,0.0,534,True
skin_not_sun_exposed_suprapubic,raw,ENSG00000228986.1,PHF10P1,-0.5983245817854811,181.88635688473096,-1.5374669046116705,0.6153811649467502,4096.228618437315,4.161960960178056,0.0,-1.0,0.273569598135132,-0.8045588008312061,0.1724454908582745,1.516451821199068,4.199533881709497,0.273569598135132,84.79214464226138,0.0,651,True
skin_sun_exposed_lower_leg,excluded_at_or_below_-1,ENSG00000228986.1,PHF10P1,0.5670166604908581,124.45413014842985,-0.8614643979498597,0.2823452965810902,1053.8148086407546,13.284878939159006,0.0,-0.9624504983312262,1.790838750541066,-0.7429541619792722,0.1934797894330467,4.397862794270124,46.456577960818706,1.790838750541066,124.45410111319458,0.0,651,True
skin_sun_exposed_lower_leg,raw,ENSG00000228986.1,PHF10P1,-0.03872458788160302,157.2072710009073,-1.0283690560735368,0.410409972745396,363.8039510290737,9.714583416655543,0.0,-1.0,1.790838750541066,-0.7780678507274619,0.2002925898710692,3.6639503364565904,36.92197644510292,1.790838750541066,156.45791281753614,0.0,754,True
small_intestine_terminal_ileum,excluded_at_or_below_-1,ENSG00000228986.1,PHF10P1,0.7702759835414182,12.677721153081823,-0.8678373738371029,0.18799499033852565,117.14385800217353,6.0527118261066395,0.0,-0.958958925079638,-0.0632350623153551,-0.7659481705622568,0.16306136448852207,1.5708495670801907,2.7506007074213397,-0.0632350623153551,12.6777177247294,0.0,173,True
small_intestine_terminal_ileum,raw,ENSG00000228986.1,PHF10P1,-0.11495433505089896,37.31723430269332,-1.4554126615832643,0.5738967343155873,569.6120976307479,3.4306458364232912,0.0,-1.0,-0.0632350623153551,-0.8043914662186977,0.17250180347416227,1.3753751793934528,2.31907938123327,-0.0632350623153551,19.776748680772965,0.0,207,True
spleen,excluded_at_or_below_-1,ENSG00000228986.1,PHF10P1,0.2980185347619592,20.52438343068602,-0.6590082325318122,0.36774102964478855,262.4538007062792,5.780981552731224,0.0,-0.949850791569105,0.8442329787825344,-0.5738649067425545,0.2561028819870147,1.4204818260672751,4.081198665617064,0.8442329787825344,20.524367254419264,0.0,271,True
spleen,raw,ENSG00000228986.1,PHF10P1,0.3526708454441907,21.138443182843137,-0.6450862973461549,0.34989952474581054,281.58040942447514,6.019486652732561,0.0,-1.0,0.8442329787825344,-0.5830952697734018,0.26081596932749374,1.3269896508030339,3.775558517681084,0.8442329787825344,21.13831943924192,0.0,277,True
stomach,excluded_at_or_below_-1,ENSG00000228986.1,PHF10P1,1.1245403926030533,29.446035695143134,-0.9420216245489261,0.21380013252156269,672.1994490488495,6.562938928927814,0.0,-0.970111809337082,0.0501603556472947,-0.7945281557962426,0.16167632518703978,1.9088380745858722,4.8250197044246494,0.0501603556472947,29.445583843472665,0.0,296,True
stomach,raw,ENSG00000228986.1,PHF10P1,2.5474799892419564,3173681322264.835,-5.406317507189585,0.8941945237039894,3802.782169534212,8.629693866216247,0.0,-1.0,0.0501603556472947,-0.8505659314881763,0.1654913036398488,1.8247878210609028,4.5975260947675185,0.0501603556472947,90.35416343279647,0.0,407,True
testis,excluded_at_or_below_-1,ENSG00000228986.1,PHF10P1,1.479443674800904,21.63289883213292,-0.8824309999282793,0.13791830210126485,391.1759947054105,5.881469048059964,0.0,-0.9638258598324252,-0.3088526900099267,-0.813993309426116,0.11871667798782358,1.4043576444015322,2.1614621586030838,-0.3088526900099267,21.632636160630195,0.0,317,True
testis,raw,ENSG00000228986.1,PHF10P1,1.025414476153617,3156784133669.453,-7.869949698416253,1.3764294475342167,5487.153012268999,7.768655309476766,0.0,-1.0,-0.3088526900099267,-0.8575745871692725,0.13040563474919226,1.1692620708203199,1.5657065782175001,-0.3088526900099267,47.652184882969294,0.0,414,True
thyroid,excluded_at_or_below_-1,ENSG00000228986.1,PHF10P1,1.4217308520224419,61.393643061222406,-0.5936374267235074,0.4180823695236043,419.1732947405932,7.865857422691244,0.0,-0.957476125653157,1.7317371822536902,-0.4710088850705688,0.3394213134726278,1.6526967180860104,4.819329592237199,1.7317371822536902,61.39363053868975,0.0,660,True
thyroid,raw,ENSG00000228986.1,PHF10P1,1.3757187396717985,62.09615518258053,-0.6006579636519924,0.4310540680494683,396.42084608307323,7.65218354875716,0.0,-1.0,1.7317371822536902,-0.48956997682247877,0.34734215772761323,1.5243253844283002,4.3774071475245355,1.7317371822536902,62.09484286555565,0.0,684,True
uterus,excluded_at_or_below_-1,ENSG00000228986.1,PHF10P1,0.030504008495392868,10.110994574157239,-0.8279783256860681,0.6276912741656345,98.49020628221811,4.2152345964474165,0.0,-0.9613966608325134,1.0429314471712194,-0.5461835705217937,0.3119808904991016,1.3826565601914254,3.631787024972909,1.0429314471712194,10.109588775988763,0.0,140,True
uterus,raw,ENSG00000228986.1,PHF10P1,-0.11833982778050202,12.166907521147113,-1.0366046511070806,0.7885635209151876,109.49353426027324,3.7294499119315785,0.0,-1.0,1.0429314471712194,-0.5847431364251707,0.3242299947361029,1.250460163838396,3.0371939055270785,1.0429314471712194,12.129106526649398,0.0,153,True
vagina,excluded_at_or_below_-1,ENSG00000228986.1,PHF10P1,0.44255970066674283,10.914345883845003,-0.9165311647963226,0.5184195154491474,111.31827952993869,4.331095446517087,0.0,-0.9423681243032344,0.6711529463499966,-0.5767319470607871,0.3205694530589374,1.580968800223161,2.6514511645144427,0.6711529463499966,10.9133748885471,0.0,149,True
vagina,raw,ENSG00000228986.1,PHF10P1,0.2550600761087715,15.441581804426056,-1.2190495103832595,0.7280003333738777,221.4107069900811,3.6719075904190146,0.0,-1.0,0.6711529463499966,-0.6290180006591604,0.3309186423367469,1.4767083892986925,2.474185925227985,0.6711529463499966,14.08674509521614,0.0,170,True
whole_blood,excluded_at_or_below_-1,ENSG00000228986.1,PHF10P1,1.2801512968483808,68.50459731923333,-0.878757976540925,0.25121186471662693,441.0698279852579,9.117347688262788,0.0,-0.9569047157910076,0.7407894348097219,-0.7436905254001712,0.1878370597668777,2.4932484936460098,11.722208280893046,0.7407894348097219,68.5030047337947,0.0,533,True
whole_blood,raw,ENSG00000228986.1,PHF10P1,5.563242591047876,2114953670933.7078,-5.233971326752904,0.8877562357792864,14276.958711568417,9.51791422058476,0.0,-1.0,0.7407894348097219,-0.8298717933229033,0.19515294247104972,2.123046516044954,8.922297782473157,0.7407894348097219,279.745359979402,0.0,803,True
adipose_subcutaneous,excluded_at_or_below_-1,ENSG00000231466.2,PHF10P2,0.8829118280715179,41.39394470733427,-0.24501806369566387,0.5343310620109293,843.4038097012216,4.133004192151189,0.0,-0.9302263533473876,1.31655126221436,-0.1913087238521716,0.3765000691611043,0.564004863751118,0.4448642349316403,1.31655126221436,41.38564977994277,0.0,709,True
adipose_subcutaneous,raw,ENSG00000231466.2,PHF10P2,0.923464338567438,43.05318540068342,-0.24361197500267898,0.5246744638772103,919.6231110358383,4.205281868081566,0.0,-1.0,1.31655126221436,-0.19697182802687624,0.38119844834796685,0.5171948418085507,0.42678946637186943,1.31655126221436,43.04655589610991,0.0,714,True
adipose_visceral_omentum,excluded_at_or_below_-1,ENSG00000231466.2,PHF10P2,1.3716292908927663,45.2481517298843,-0.23985129906460517,0.5107948198133765,308.07306029442736,6.465601877206855,0.0,-0.9225546277113564,2.0954366897671832,-0.15084210981790497,0.41466526605351695,0.9085905191994937,1.7488549071994832,2.0954366897671832,45.24705324736598,0.0,582,True
adipose_visceral_omentum,raw,ENSG00000231466.2,PHF10P2,1.284385152038982,46.02540181273935,-0.23828064976096847,0.5177039606105543,371.7092156233692,6.375023108599887,0.0,-1.0,2.0954366897671832,-0.15807514125046118,0.42021448901487096,0.8468311567131191,1.6635424066343703,2.0954366897671832,46.024665012390834,0.0,587,True
adrenal_gland,excluded_at_or_below_-1,ENSG00000231466.2,PHF10P2,0.8557457267527574,16.879327823330577,-0.3090405355455566,0.41893121582374815,139.54840736859614,4.220189962586935,0.0,-0.9530186953844428,0.941102553923204,-0.25957055685197133,0.32697252693629447,0.45890079066966527,0.1540428612890783,0.941102553923204,16.87692116460649,0.0,295,True
adrenal_gland,raw,ENSG00000231466.2,PHF10P2,0.8557457267527574,16.879327823330577,-0.3090405355455566,0.41893121582374815,139.54840736859614,4.220189962586935,0.0,-0.9530186953844428,0.941102553923204,-0.25957055685197133,0.32697252693629447,0.45890079066966527,0.1540428612890783,0.941102553923204,16.87692116460649,0.0,295,True
artery_aorta,excluded_at_or_below_-1,ENSG00000231466.2,PHF10P2,1.2698703206181277,23.490110560649928,-0.38083534205814235,0.4950364675037083,415.77439244006075,3.875530777794992,0.0,-0.932756426428442,0.9757695703726076,-0.3090139131306201,0.36187377144137917,0.6410479258297912,0.3621431737200975,0.9757695703726076,23.477197719903597,0.0,458,True
artery_aorta,raw,ENSG00000231466.2,PHF10P2,1.3045155914107593,24.032319296161543,-0.3864659062515804,0.5093228312749568,555.7148485350976,3.7824573490358446,0.0,-1.0,0.9757695703726076,-0.3295092631648813,0.3752749793752345,0.5361225100073005,0.26209643633092705,0.9757695703726076,24.013522890725458,0.0,472,True
artery_coronary,excluded_at_or_below_-1,ENSG00000231466.2,PHF10P2,1.419164064794185,13.289925085274888,-0.2528510883216579,0.4805367535340502,152.57919068894316,4.141794243468994,0.0,-0.944325378316302,1.154492478814587,-0.16194283795186415,0.42374972349772205,0.7245397883197092,0.42532100082591473,1.154492478814587,13.287337440140442,0.0,268,True
artery_coronary,raw,ENSG00000231466.2,PHF10P2,1.419164064794185,13.289925085274888,-0.2528510883216579,0.4805367535340502,152.57919068894316,4.141794243468994,0.0,-0.944325378316302,1.154492478814587,-0.16194283795186415,0.42374972349772205,0.7245397883197092,0.42532100082591473,1.154492478814587,13.287337440140442,0.0,268,True
artery_tibial,excluded_at_or_below_-1,ENSG00000231466.2,PHF10P2,0.4877569127642518,38.82599656051735,-0.40336876957567724,0.5379152354155646,560.6819494679245,4.086197289995557,0.0,-0.9323337510392382,1.1508715769205349,-0.32313243336666886,0.34557595430257104,0.6752596102175933,0.6280792829826662,1.1508715769205349,38.81678910752762,0.0,672,True
artery_tibial,raw,ENSG00000231466.2,PHF10P2,0.400226840398913,40.17244991977195,-0.40235545597642225,0.541859949185276,654.7485223406456,4.053805302772664,0.0,-1.0,1.1508715769205349,-0.34174384257945223,0.3583338078095667,0.5593287228628769,0.5029385154198107,1.1508715769205349,40.16125869980605,0.0,691,True
bladder,excluded_at_or_below_-1,ENSG00000231466.2,PHF10P2,0.1926015218193175,5.331788457402994,0.17882651028227975,0.412505184566251,91.51306574448827,4.1702143975173085,0.0,-0.8545573075040948,1.3952163862512994,0.19321478014564564,0.3528153617599967,0.14164721533684616,1.2796490110473275,1.3952163862512994,5.33088776614342,0.0,77,True
bladder,raw,ENSG00000231466.2,PHF10P2,0.1926015218193175,5.331788457402994,0.17882651028227975,0.412505184566251,91.51306574448827,4.1702143975173085,0.0,-0.8545573075040948,1.3952163862512994,0.19321478014564564,0.3528153617599967,0.14164721533684616,1.2796490110473275,1.3952163862512994,5.33088776614342,0.0,77,True
brain_amygdala,excluded_at_or_below_-1,ENSG00000231466.2,PHF10P2,0.6276024079661177,8.265742975804486,-0.7511276472973483,0.32720749784781444,122.418469342993,3.659150684154723,0.0,-0.9533762361259316,0.0954923904862488,-0.6355429606156393,0.22198017989014668,1.0028936536007447,0.8481379363894477,0.0954923904862488,8.255455825867486,0.0,173,True
brain_amygdala,raw,ENSG00000231466.2,PHF10P2,0.7062256869473525,8.595153315645527,-0.7385334877271904,0.31105534754544384,134.2220265905273,3.791899794190995,0.0,-1.0,0.0954923904862488,-0.6516515590414673,0.2296252838520701,0.8988322934557814,0.7173196100561441,0.0954923904862488,8.588666615803621,0.0,181,True
brain_anterior_cingulate_cortex_ba24,excluded_at_or_below_-1,ENSG00000231466.2,PHF10P2,0.047275972714577175,16.194266831199972,-0.6198354674726758,0.497619738818634,140.9618041295292,5.13254618300604,0.0,-0.9629003700599144,1.186155055469457,-0.5037276572177282,0.31068813230967035,1.4193034987844741,4.387857093295277,1.186155055469457,16.194115390837602,0.0,224,True
brain_anterior_cingulate_cortex_ba24,raw,ENSG00000231466.2,PHF10P2,0.024786780785048666,16.411196654179033,-0.6339009234233002,0.5180876298969902,152.54669013792892,4.9681708288232,0.0,-1.0,1.186155055469457,-0.5228969751792751,0.319323801263192,1.291184402845201,3.8788572911280097,1.186155055469457,16.411046685996943,0.0,233,True
brain_caudate_basal_ganglia,excluded_at_or_below_-1,ENSG00000231466.2,PHF10P2,0.3707021594254903,23.816151032485205,-0.6809365956184594,0.37370238700588154,253.64711538286593,6.372564871127007,0.0,-0.970435448814373,1.0029976891679584,-0.5844165544612063,0.2605546244061011,1.5739671927453749,5.298506505866113,1.0029976891679584,23.81612074032819,0.0,291,True
brain_caudate_basal_ganglia,raw,ENSG00000231466.2,PHF10P2,0.4006928900256652,24.329649892744406,-0.6799587477279646,0.3708325580783613,205.0778388393564,6.41815225252789,0.0,-1.0,1.0029976891679584,-0.5968840578273701,0.26624781234910605,1.4568236506897285,4.820693198277349,1.0029976891679584,24.329482230588003,0.0,300,True
brain_cerebellar_hemisphere,excluded_at_or_below_-1,ENSG00000231466.2,PHF10P2,0.5302250870638389,31.129468366838612,-0.8028205733996648,0.2569496950380899,167.31226682193648,13.047433884042576,0.0,-0.9622017232744215,1.567779063552425,-0.6465791614091816,0.38165505440008857,3.4207755377484874,13.34594548060591,1.567779063552425,31.128878550312226,0.0,203,True
brain_cerebellar_hemisphere,raw,ENSG00000231466.2,PHF10P2,0.3517615054791671,3643748937937.6924,-11.953079943022491,2.209528817620279,798.7753493214202,8.654054217146122,0.0,-1.0,1.567779063552425,-0.7409948367005916,0.36214555935274423,3.4802046365460426,15.20371744335328,1.567779063552425,77.49266121933368,0.0,277,True
brain_cerebellum,excluded_at_or_below_-1,ENSG00000231466.2,PHF10P2,0.6254153903071497,39.18852996334672,-0.8810948023045814,0.4110814766181622,208.05101496570242,11.317601997184605,0.0,-0.9449209879931731,2.4086887668561747,-0.5551897909086175,0.5162706487031716,3.4293778963916335,13.398545036058518,2.4086887668561747,39.187365667781556,0.0,225,True
brain_cerebellum,raw,ENSG00000231466.2,PHF10P2,0.5348643458112975,49.52950863788234,-1.024783105141318,0.5028898716869241,72.60275288540471,9.655518555419036,0.0,-1.0,2.4086887668561747,-0.6237507629866126,0.5011897742516396,3.4727098621382066,14.482967644634723,2.4086887668561747,49.40936454807212,0.0,266,True
brain_cortex,excluded_at_or_below_-1,ENSG00000231466.2,PHF10P2,0.7166980973816388,15.912166925401129,-0.36834195785719703,0.4065441671239055,179.5811045523867,4.5530365921966,0.0,-0.9257549024689454,0.9405200970032992,-0.31102707914976935,0.3318566886471242,0.8637364421111864,1.284531670259942,0.9405200970032992,15.911657446865304,0.0,268,True
brain_cortex,raw,ENSG00000231466.2,PHF10P2,0.7298465490059607,16.56301432046292,-0.3653719021242752,0.4031389352804504,268.3098803421397,4.58107618624325,0.0,-1.0,0.9405200970032992,-0.31613058226717844,0.3358767095506004,0.8082680622854734,1.2325422635630137,0.9405200970032992,16.562543761128218,0.0,270,True
brain_frontal_cortex_ba9,excluded_at_or_below_-1,ENSG00000231466.2,PHF10P2,0.53984572826014,18.90880932959169,-0.518874192909793,0.40682394373698144,430.6048229341351,5.706935691817225,0.0,-0.972804891027328,1.1228284088546152,-0.43650399229162234,0.31082466322234975,1.0891324164606766,2.391361534294427,1.1228284088546152,18.908719012567836,0.0,267,True
brain_frontal_cortex_ba9,raw,ENSG00000231466.2,PHF10P2,0.5664213132742657,19.178462387932658,-0.5212719008563756,0.4032973767696108,542.2015133293796,5.765246911643912,0.0,-1.0,1.1228284088546152,-0.4406935536872237,0.3134373598793693,1.0509152019652055,2.308246274570971,1.1228284088546152,19.178451011811326,0.0,269,True
brain_hippocampus,excluded_at_or_below_-1,ENSG00000231466.2,PHF10P2,0.436236424442841,17.564078742267785,-0.7271537333306876,0.4143085987438041,274.0314292481767,5.290699154797097,0.0,-0.9590248314997146,0.8228117114362248,-0.5851360309607186,0.2790856387630173,1.4243067624624703,3.257987762184136,0.8228117114362248,17.564061636888027,0.0,245,True
brain_hippocampus,raw,ENSG00000231466.2,PHF10P2,0.39509439384427797,17.807987590852182,-0.7251942787969994,0.4195674813017721,328.7843914985363,5.217780604040755,0.0,-1.0,0.8228117114362248,-0.6014052062171609,0.2851887885577071,1.3323837465698571,2.9744211999222125,0.8228117114362248,17.80787875316897,0.0,255,True
brain_hypothalamus,excluded_at_or_below_-1,ENSG00000231466.2,PHF10P2,0.48971519658038665,16.508419919942455,-0.6504019569146808,0.5004374329142514,319.39208936518435,5.111113200590139,0.0,-0.9756420196747532,1.1582303723817624,-0.49080094040865907,0.3353558294169882,1.230291694665786,2.4535254085658336,1.1582303723817624,16.508310430609903,0.0,245,True
brain_hypothalamus,raw,ENSG00000231466.2,PHF10P2,0.27797871431243143,16.886696561827048,-0.7070863821979446,0.5817204949259512,275.409400164374,4.534748690235129,0.0,-1.0,1.1582303723817624,-0.5145767719849085,0.3446421746125917,1.1364796035659377,2.1687828633491106,1.1582303723817624,16.886061561297243,0.0,257,True
brain_nucleus_accumbens_basal_ganglia,excluded_at_or_below_-1,ENSG00000231466.2,PHF10P2,0.9393145328746036,18.799030655121655,-0.5992028831484735,0.3351832309105866,390.7387828587385,5.786374713607462,0.0,-0.9666890704851904,0.7722277291500921,-0.5060567275303237,0.29666723060238104,1.3886694661947994,2.8001533802995366,0.7722277291500921,18.798789091973074,0.0,279,True
brain_nucleus_accumbens_basal_ganglia,raw,ENSG00000231466.2,PHF10P2,0.9524690683362664,19.343651022838724,-0.5957002857020587,0.3333697493844735,204.21356632174826,5.802993086583027,0.0,-1.0,0.7722277291500921,-0.5164555332665275,0.30199013092487875,1.2995804520053997,2.6112912115504994,0.7722277291500921,19.343463806988744,0.0,285,True
brain_putamen_basal_ganglia,excluded_at_or_below_-1,ENSG00000231466.2,PHF10P2,0.1377528289509325,14.759149371181167,-0.7561434599218564,0.35295232935324145,154.14000799053596,4.216679216707741,0.0,-0.969056598933948,0.2962341945357958,-0.660189614541951,0.20903894421329064,1.0267853641594749,1.6394263592655802,0.2962341945357958,14.75709432726029,0.0,240,True
brain_putamen_basal_ganglia,raw,ENSG00000231466.2,PHF10P2,0.041034100603451015,15.138711093810532,-0.7800298463319995,0.38573492756167915,179.5661387537977,3.9458889888739157,0.0,-1.0,0.2962341945357958,-0.6789193208270403,0.21752417209932307,0.9088184221038732,1.3367450276301316,0.2962341945357958,15.132356228261973,0.0,254,True
brain_spinal_cord_cervical_c-1,excluded_at_or_below_-1,ENSG00000231466.2,PHF10P2,0.9791337820849786,7.343162274262972,-0.6228416058842954,0.5221101523883,224.80141995854808,2.948528234719883,0.0,-0.9559486707297564,0.465718542957402,-0.4536084027690421,0.32617013372463755,0.6015510294484899,-0.33216116337640944,0.465718542957402,7.248073483847706,0.0,195,True
brain_spinal_cord_cervical_c-1,raw,ENSG00000231466.2,PHF10P2,0.8955948750804216,7.682107483481497,-0.6425388640269962,0.5539311906917951,254.45893159166124,2.8294356445254243,0.0,-1.0,0.465718542957402,-0.47771391441158434,0.3381157877769045,0.5432351280985875,-0.36413978571962824,0.465718542957402,7.541804555984651,0.0,204,True
brain_substantia_nigra,excluded_at_or_below_-1,ENSG00000231466.2,PHF10P2,0.5137878593905555,16.80107678005896,-0.7250812792785511,0.3458161260110784,136.62704271130923,8.077547213644412,0.0,-0.9715623936422264,1.2501126796923754,-0.5745245074453951,0.34528632903193246,2.290442798940045,6.891081346505469,1.2501126796923754,16.80067606699904,0.0,177,True
brain_substantia_nigra,raw,ENSG00000231466.2,PHF10P2,0.49590780612088137,17.066116791347525,-0.7362470538424468,0.3555345730145011,137.39447897426396,7.901163735213389,0.0,-1.0,1.2501126796923754,-0.5884745235947264,0.3479433313680078,2.2246041256393085,6.696597275385885,1.2501126796923754,17.06603004946259,0.0,183,True
breast_mammary_tissue,excluded_at_or_below_-1,ENSG00000231466.2,PHF10P2,1.1491676600947003,27.610928254142873,-0.10651427217694773,0.6591905288578543,397.41327351054997,3.94367163822373,0.0,-0.9528636954887902,1.7317024314446456,-0.024293407963482488,0.4851139646924674,0.5745313715022595,0.25442093950006983,1.7317024314446456,27.599312259842048,0.0,510,True
breast_mammary_tissue,raw,ENSG00000231466.2,PHF10P2,1.1479049265959926,27.933664711798478,-0.1090150644930128,0.6649128204473987,589.6822842579154,3.9150510671472545,0.0,-1.0,1.7317024314446456,-0.03188645537232698,0.4907808522818446,0.5356626995524078,0.23620905809780934,1.7317024314446456,27.920366974222627,0.0,514,True
cells_cultured_fibroblasts,excluded_at_or_below_-1,ENSG00000231466.2,PHF10P2,1.0040782470177645,48.3985074938767,-0.1579640122191711,0.4639442338371137,704.7784619576464,5.48073475883501,0.0,-0.9603042928943212,1.6400354952140082,-0.11640165910136335,0.36574279002345605,0.7146216608345074,1.4105563708728122,1.6400354952140082,48.39835976895622,0.0,648,True
cells_cultured_fibroblasts,raw,ENSG00000231466.2,PHF10P2,1.0795773233441635,48.87138448664404,-0.15891925477668534,0.466358817448717,896.5525310711373,5.4552548603031426,0.0,-1.0,1.6400354952140082,-0.12182250781853288,0.3710978933336084,0.640775439257957,1.3698009154156496,1.6400354952140082,48.87124670681074,0.0,652,True
cells_ebv-transformed_lymphocytes,excluded_at_or_below_-1,ENSG00000231466.2,PHF10P2,0.41854447600576744,25.01095393242887,0.09071763767917201,0.5549081216169458,317.3113985261547,5.434976030041735,0.0,-0.93409824287601,2.2232897046608997,0.14447831352967133,0.436098822610557,0.665487208295326,1.5640029192744276,2.2232897046608997,25.010542986974297,0.0,327,True
cells_ebv-transformed_lymphocytes,raw,ENSG00000231466.2,PHF10P2,0.41854447600576744,25.01095393242887,0.09071763767917201,0.5549081216169458,317.3113985261547,5.434976030041735,0.0,-0.93409824287601,2.2232897046608997,0.14447831352967133,0.436098822610557,0.665487208295326,1.5640029192744276,2.2232897046608997,25.010542986974297,0.0,327,True
cervix_ectocervix,excluded_at_or_below_-1,ENSG00000231466.2,PHF10P2,0.4330785428591356,0.8624181231727638,-0.035864773820831176,0.22008771181836542,14.642817416421666,7.607704096658707,0.0,-0.8673823610573089,1.1480880826453357,0.14621440009386832,0.5477100975079003,0.19711940455424717,-0.6498449258351964,1.1480880826453357,0.862414824371746,0.0,24,True
cervix_ectocervix,raw,ENSG00000231466.2,PHF10P2,0.4330785428591356,0.8624181231727638,-0.035864773820831176,0.22008771181836542,14.642817416421666,7.607704096658707,0.0,-0.8673823610573089,1.1480880826453357,0.14621440009386832,0.5477100975079003,0.19711940455424717,-0.6498449258351964,1.1480880826453357,0.862414824371746,0.0,24,True
cervix_endocervix,excluded_at_or_below_-1,ENSG00000231466.2,PHF10P2,0.47368434587792546,11.389150927481555,0.5932617023142168,0.02000206669401015,11.473686522934386,88.71712663863212,0.0,-0.4211810536752918,1.8480409882299549,0.5020699331589169,0.5418566344130628,0.5670664860183812,0.1575549400250349,1.8480409882299549,11.369309900951128,0.0,23,True
cervix_endocervix,raw,ENSG00000231466.2,PHF10P2,0.47368434587792546,11.389150927481555,0.5932617023142168,0.02000206669401015,11.473686522934386,88.71712663863212,0.0,-0.4211810536752918,1.8480409882299549,0.5020699331589169,0.5418566344130628,0.5670664860183812,0.1575549400250349,1.8480409882299549,11.369309900951128,0.0,23,True
colon_sigmoid,excluded_at_or_below_-1,ENSG00000231466.2,PHF10P2,0.530744007297905,25.44048934269387,0.06908797842253607,0.5606885771058906,447.6406676935129,4.021735941711881,0.0,-0.8535924161678692,1.6635723354175225,0.09786877060553119,0.41403355495075544,0.4111408931962188,0.4173786805873152,1.6635723354175225,25.43239921821931,0.0,419,True
colon_sigmoid,raw,ENSG00000231466.2,PHF10P2,0.530744007297905,25.44048934269387,0.06908797842253607,0.5606885771058906,447.6406676935129,4.021735941711881,0.0,-0.8535924161678692,1.6635723354175225,0.09786877060553119,0.41403355495075544,0.4111408931962188,0.4173786805873152,1.6635723354175225,25.43239921821931,0.0,419,True
colon_transverse,excluded_at_or_below_-1,ENSG00000231466.2,PHF10P2,1.2293266065301414,32.57353198961239,0.19318566593893127,0.46199406704642626,564.942366028092,4.117257728669228,0.0,-0.943366533054226,1.5382078703324191,0.18836699901949183,0.392343633996264,0.2656924428340411,1.00444658613627,1.5382078703324191,32.56644013617162,0.0,479,True
colon_transverse,raw,ENSG00000231466.2,PHF10P2,1.2293266065301414,32.57353198961239,0.19318566593893127,0.46199406704642626,564.942366028092,4.117257728669228,0.0,-0.943366533054226,1.5382078703324191,0.18836699901949183,0.392343633996264,0.2656924428340411,1.00444658613627,1.5382078703324191,32.56644013617162,0.0,479,True
esophagus_gastroesophageal_junction,excluded_at_or_below_-1,ENSG00000231466.2,PHF10P2,2.7812817832514907,21.401093744904053,0.032431317083802834,0.3952590568136103,577.2198448700215,4.077461886863021,0.0,-0.889622055792342,1.17204260527603,0.05030874497486708,0.38677006920666485,0.2682007640149023,0.10531567054430901,1.17204260527603,21.395825268172285,0.0,402,True
esophagus_gastroesophageal_junction,raw,ENSG00000231466.2,PHF10P2,2.4065108041756162,22.898317641681448,0.032713677092443896,0.4104852927570706,475.2940101191972,3.9252427569793262,0.0,-1.0,1.17204260527603,0.04770251980123217,0.389815739029272,0.23267580475283228,0.13928189413021475,1.17204260527603,22.887915416541908,0.0,403,True
esophagus_mucosa,excluded_at_or_below_-1,ENSG00000231466.2,PHF10P2,1.550184077702934,37.47136560230267,-0.3952609782048552,0.4434467845503031,619.4197034774899,4.98823105950237,0.0,-0.9568179037056718,1.1688698453027673,-0.3174980187615808,0.3494823060308821,0.8585204432033369,1.0997142620793072,1.1688698453027673,37.471077232078784,0.0,596,True
esophagus_mucosa,raw,ENSG00000231466.2,PHF10P2,1.606733487713825,37.70025343882003,-0.39957910471384694,0.4611139367448861,991.7555677408659,4.810355099352647,0.0,-1.0,1.1688698453027673,-0.33750622016596443,0.3630817874808158,0.713548720222055,0.9220026331971711,1.1688698453027673,37.6998258026795,0.0,614,True
esophagus_muscularis,excluded_at_or_below_-1,ENSG00000231466.2,PHF10P2,0.16332035170777986,30.83870271570872,0.056403693315387506,0.583796367156384,555.0571057245387,3.2700799511706955,0.0,-0.8652126096694226,1.40631352772605,0.06995995111787019,0.40121450392156727,0.188831940785977,-0.09104107031718378,1.40631352772605,30.691792430389476,0.0,561,True
esophagus_muscularis,raw,ENSG00000231466.2,PHF10P2,0.16332035170777986,30.83870271570872,0.056403693315387506,0.583796367156384,555.0571057245387,3.2700799511706955,0.0,-0.8652126096694226,1.40631352772605,0.06995995111787019,0.40121450392156727,0.188831940785977,-0.09104107031718378,1.40631352772605,30.691792430389476,0.0,561,True
fallopian_tube,excluded_at_or_below_-1,ENSG00000231466.2,PHF10P2,0.3131961197251849,1.1663824998907193,0.1511086931299518,0.49638785361489574,22.340129796082977,5.128412468644445,0.0,-0.3427514732439525,1.9511774560758752,0.4651103489911813,0.5749026187270969,0.8664622958794425,0.012815346159588792,1.9511774560758752,1.166380113362532,0.0,29,True
fallopian_tube,raw,ENSG00000231466.2,PHF10P2,0.3131961197251849,1.1663824998907193,0.1511086931299518,0.49638785361489574,22.340129796082977,5.128412468644445,0.0,-0.3427514732439525,1.9511774560758752,0.4651103489911813,0.5749026187270969,0.8664622958794425,0.012815346159588792,1.9511774560758752,1.166380113362532,0.0,29,True
heart_atrial_appendage,excluded_at_or_below_-1,ENSG00000231466.2,PHF10P2,1.0600582434545371,27.978766105235998,-0.6637706436221753,0.3461789157202239,645.4857103590948,4.914706103659225,0.0,-0.9633320976392422,0.5392779448762748,-0.5774980893129361,0.23941253639111607,0.87237757599141,0.782809225642493,0.5392779448762748,27.978351392675417,0.0,449,True
heart_atrial_appendage,raw,ENSG00000231466.2,PHF10P2,1.378489860277686,29.143539322934565,-0.6672151428625706,0.3267455598405764,717.638813954189,5.221919123926779,0.0,-1.0,0.5392779448762748,-0.588495969851428,0.24567989647324626,0.7879280791247367,0.6799969176806093,0.5392779448762748,29.143055649371938,0.0,461,True
heart_left_ventricle,excluded_at_or_below_-1,ENSG00000231466.2,PHF10P2,0.4170821385195797,33.84447935927881,-0.6189887039922833,0.327211205749816,250.29408214116364,5.948000497486618,0.0,-0.9738104271659724,0.7572195762601193,-0.5705744064360846,0.23195431131784708,1.0157425737242423,2.653146949047204,0.7572195762601193,33.84435245618529,0.0,442,True
heart_left_ventricle,raw,ENSG00000231466.2,PHF10P2,0.37587458570925475,34.125708854502385,-0.6201431683651356,0.335654700242118,223.38372767679795,5.803240867330016,0.0,-1.0,0.7572195762601193,-0.5800749726653747,0.23792479322301283,0.9097644265729128,2.364929659862719,0.7572195762601193,34.12509307633714,0.0,452,True
kidney_cortex,excluded_at_or_below_-1,ENSG00000231466.2,PHF10P2,0.9712652819705415,3.1444525531510936,0.16561336622377779,0.6521069194418478,89.88911885397256,2.618975851827128,0.0,-0.8102412137027565,1.3732472910192293,0.2150815880047592,0.5195026867399548,0.11626818557948208,-0.6817496719843978,1.3732472910192293,3.0425557910628127,0.0,104,True
kidney_cortex,raw,ENSG00000231466.2,PHF10P2,0.9712652819705415,3.1444525531510936,0.16561336622377779,0.6521069194418478,89.88911885397256,2.618975851827128,0.0,-0.8102412137027565,1.3732472910192293,0.2150815880047592,0.5195026867399548,0.11626818557948208,-0.6817496719843978,1.3732472910192293,3.0425557910628127,0.0,104,True
kidney_medulla,excluded_at_or_below_-1,ENSG00000231466.2,PHF10P2,0.2750000282212465,0.07061583763190318,-28.53793997030825,0.6206568458615114,7.975000000000032,69.59207436541332,,-0.2486099794240869,2.0039799502717046,0.9527914984805154,0.7300564917553752,0.059996857789732565,-1.158755251588687,2.0039799502717046,0.0,0.0,11,True
kidney_medulla,raw,ENSG00000231466.2,PHF10P2,0.2750000282212465,0.07061583763190318,-28.53793997030825,0.6206568458615114,7.975000000000032,69.59207436541332,,-0.2486099794240869,2.0039799502717046,0.9527914984805154,0.7300564917553752,0.059996857789732565,-1.158755251588687,2.0039799502717046,0.0,0.0,11,True
liver,excluded_at_or_below_-1,ENSG00000231466.2,PHF10P2,0.05178214594222224,14.218034509379384,-0.023831012981673408,0.69824338392395,218.22066726055277,3.4574863145946955,0.0,-0.9369775758651652,1.6832428041597054,0.05034174820612639,0.46326939902457936,0.478788688119793,-0.07777991547080765,1.6832428041597054,14.181940884661568,0.0,262,True
liver,raw,ENSG00000231466.2,PHF10P2,0.05178214594222224,14.218034509379384,-0.023831012981673408,0.69824338392395,218.22066726055277,3.4574863145946955,0.0,-0.9369775758651652,1.6832428041597054,0.05034174820612639,0.46326939902457936,0.478788688119793,-0.07777991547080765,1.6832428041597054,14.181940884661568,0.0,262,True
lung,excluded_at_or_below_-1,ENSG00000231466.2,PHF10P2,0.44174020366260397,36.90989372635424,-0.04531365282479274,0.651261139876763,618.5941445739711,4.268067172570453,0.0,-0.9244180818724412,1.920178947327143,0.00133881992113551,0.4512615598759293,0.4128370716479828,0.24667941700290674,1.920178947327143,36.905778895303285,0.0,600,True
lung,raw,ENSG00000231466.2,PHF10P2,0.47104619046915885,37.976944588747436,-0.03963721485408797,0.6460617853222926,404.47380046126545,4.289989996749388,0.0,-1.0,1.920178947327143,-0.005292562992249491,0.4570485691884785,0.36846509999721216,0.23806532329720742,1.920178947327143,37.97311503313201,0.0,604,True
minor_salivary_gland,excluded_at_or_below_-1,ENSG00000231466.2,PHF10P2,1.3669948397141685,11.28690806197152,0.1136218499915066,0.3642136252775109,122.65342782517574,5.168233260423164,0.0,-0.8624361466279656,1.4446379158393712,0.06886010733231328,0.40098374468337133,-0.008783767361584469,0.4470829338165552,1.4446379158393712,11.286667513081941,0.0,181,True
minor_salivary_gland,raw,ENSG00000231466.2,PHF10P2,1.3669948397141685,11.28690806197152,0.1136218499915066,0.3642136252775109,122.65342782517574,5.168233260423164,0.0,-0.8624361466279656,1.4446379158393712,0.06886010733231328,0.40098374468337133,-0.008783767361584469,0.4470829338165552,1.4446379158393712,11.286667513081941,0.0,181,True
muscle_skeletal,excluded_at_or_below_-1,ENSG00000231466.2,PHF10P2,1.3375106795814813,67.87221136651453,-0.8361098656256811,0.2837726452569551,1207.867854318697,7.065521644994337,0.0,-0.969182279628012,0.5816404803375266,-0.7194524928950335,0.19071603805986811,1.5847891305616006,4.335898578797992,0.5816404803375266,67.87131299649731,0.0,711,True
muscle_skeletal,raw,ENSG00000231466.2,PHF10P2,0.135388245472287,89.61099681564711,-1.0493915157402145,0.46013848900118043,1914.462397105583,5.012898561310495,0.0,-1.0,0.5816404803375266,-0.7561500274429938,0.2014165920937136,1.3679352987865654,3.4142066821440613,0.5816404803375266,88.58411195955924,0.0,818,True
nerve_tibial,excluded_at_or_below_-1,ENSG00000231466.2,PHF10P2,1.2210898514491468,53.19050885307488,-0.13201496148812245,0.5023176507306638,464.78920145640234,6.263834062095156,0.0,-0.9554226262925032,2.092850146832953,-0.08059216146757993,0.4289067052540012,1.0687961029335686,2.86127957814704,2.092850146832953,53.190297890979686,0.0,664,True
nerve_tibial,raw,ENSG00000231466.2,PHF10P2,1.187443145658166,53.28016113852643,-0.13324801250942497,0.5140220494579546,565.3142229211779,6.124597595444756,0.0,-1.0,2.092850146832953,-0.08882566449921354,0.43568848774623065,0.9829074135496711,2.7056533632869852,2.092850146832953,53.2800642512723,0.0,670,True
ovary,excluded_at_or_below_-1,ENSG00000231466.2,PHF10P2,1.3692390954545406,11.497327527098848,0.22215029752073592,0.5359104101154318,72.12673428439889,5.341707992825116,0.0,-0.9094893350013666,2.246368560813393,0.3347861131287252,0.5913960691400472,0.7295488545011094,0.6348784379463868,2.246368560813393,11.497272001049499,0.0,193,True
ovary,raw,ENSG00000231466.2,PHF10P2,1.3692390954545406,11.497327527098848,0.22215029752073592,0.5359104101154318,72.12673428439889,5.341707992825116,0.0,-0.9094893350013666,2.246368560813393,0.3347861131287252,0.5913960691400472,0.7295488545011094,0.6348784379463868,2.246368560813393,11.497272001049499,0.0,193,True
pancreas,excluded_at_or_below_-1,ENSG00000231466.2,PHF10P2,0.8753043361350609,20.11109575378775,0.003848006711786826,0.5799680080778841,247.03948105055628,4.12079042141823,0.0,-0.766833467743182,1.693781320889585,0.07699674694249262,0.4329187442885173,0.5377927508650855,0.2318231713815253,1.693781320889585,20.10681180976203,0.0,361,True
pancreas,raw,ENSG00000231466.2,PHF10P2,0.6815501613224498,22.477634783730714,0.01155287583743752,0.5692092930951926,219.94002231992937,4.179535209388596,0.0,-1.0,1.693781320889585,0.07402161780729236,0.43600880535979075,0.5036711730095037,0.24934762419423162,1.693781320889585,22.474010123052924,0.0,362,True
pituitary,excluded_at_or_below_-1,ENSG00000231466.2,PHF10P2,0.455914662854301,23.58749695850038,-0.06442968848751274,0.5188767072595659,258.13878560733383,5.627429866807314,0.0,-0.9259563547519768,2.000281298107299,-0.004846993730643454,0.4264617118949374,1.0012196416370072,2.4170163880960125,2.000281298107299,23.587231427894313,0.0,312,True
pituitary,raw,ENSG00000231466.2,PHF10P2,0.4505529445175223,24.264163956250403,-0.06416425504607666,0.5171371342876214,196.4073213529495,5.645633829935958,0.0,-1.0,2.000281298107299,-0.008026396306583887,0.4294772035695211,0.9594373795999558,2.3703559895293074,2.000281298107299,24.264101075760813,0.0,313,True
prostate,excluded_at_or_below_-1,ENSG00000231466.2,PHF10P2,0.11646606665285586,15.797638906481524,0.3670166209182827,0.6978305587694454,129.48867853563604,3.178278939388804,0.0,-0.8630054439058794,1.935308869846473,0.3871969462797017,0.49781545900165497,0.17934559929609273,0.1150456553983581,1.935308869846473,15.69639853725382,0.0,282,True
prostate,raw,ENSG00000231466.2,PHF10P2,0.11646606665285586,15.797638906481524,0.3670166209182827,0.6978305587694454,129.48867853563604,3.178278939388804,0.0,-0.8630054439058794,1.935308869846473,0.3871969462797017,0.49781545900165497,0.17934559929609273,0.1150456553983581,1.935308869846473,15.69639853725382,0.0,282,True
skin_not_sun_exposed_suprapubic,excluded_at_or_below_-1,ENSG00000231466.2,PHF10P2,0.13351218008823532,28.848149234881806,-0.3431546047275501,0.5662740589706612,409.5817442063269,2.7594197416977693,0.0,-0.9447849063021516,0.7617618372509143,-0.2865453349662936,0.3501699791018649,0.38254830593935457,-0.3034913705566886,0.7617618372509143,28.207401031680952,0.0,637,True
skin_not_sun_exposed_suprapubic,raw,ENSG00000231466.2,PHF10P2,0.17671894648010336,29.728810599141607,-0.3435758183000089,0.5691788523437192,594.3229522350969,2.7463836666542405,0.0,-1.0,0.7617618372509143,-0.3018884460422873,0.36153239305962476,0.30194500689043857,-0.3103950728566325,0.7617618372509143,29.044371408215646,0.0,651,True
skin_sun_exposed_lower_leg,excluded_at_or_below_-1,ENSG00000231466.2,PHF10P2,1.309566709858778,45.20526361540492,-0.34262617948653434,0.4806981003549245,718.7998386515227,4.544762088745026,0.0,-0.9491194380725896,1.2021606622963197,-0.2785514754944431,0.3449552382696358,0.6016198181080359,0.2955881397597384,1.2021606622963197,45.20374256362911,0.0,742,True
skin_sun_exposed_lower_leg,raw,ENSG00000231466.2,PHF10P2,1.4718063421339183,46.51032180938104,-0.344626247448197,0.4764971298887762,586.1171206073568,4.590766425754687,0.0,-1.0,1.2021606622963197,-0.2900334148764944,0.35392148123249556,0.5105126466724901,0.2621354145121382,1.2021606622963197,46.50889340044727,0.0,754,True
small_intestine_terminal_ileum,excluded_at_or_below_-1,ENSG00000231466.2,PHF10P2,1.6210153672448138,12.333279505754685,0.3021078169895923,0.5845111625715591,163.98225386700935,5.894275451227023,0.0,-0.8474102817638873,2.738281453121632,0.5477019824208088,0.6816002729078275,0.9393413325342379,0.7618838678224593,2.738281453121632,12.33327796849659,0.0,207,True
small_intestine_terminal_ileum,raw,ENSG00000231466.2,PHF10P2,1.6210153672448138,12.333279505754685,0.3021078169895923,0.5845111625715591,163.98225386700935,5.894275451227023,0.0,-0.8474102817638873,2.738281453121632,0.5477019824208088,0.6816002729078275,0.9393413325342379,0.7618838678224593,2.738281453121632,12.33327796849659,0.0,207,True
spleen,excluded_at_or_below_-1,ENSG00000231466.2,PHF10P2,0.18756208987651338,14.673156020962809,1.1860237962404836,0.9788100675192545,140.9487828385921,3.204208963830825,0.0,-0.315559149949736,3.403731273865164,1.2446963314610975,0.681716494496047,0.3320682945664407,-0.0964752288930053,3.403731273865164,14.586626369964101,0.0,277,True
spleen,raw,ENSG00000231466.2,PHF10P2,0.18756208987651338,14.673156020962809,1.1860237962404836,0.9788100675192545,140.9487828385921,3.204208963830825,0.0,-0.315559149949736,3.403731273865164,1.2446963314610975,0.681716494496047,0.3320682945664407,-0.0964752288930053,3.403731273865164,14.586626369964101,0.0,277,True
stomach,excluded_at_or_below_-1,ENSG00000231466.2,PHF10P2,0.894452301215901,22.165009530699336,0.05821206368042178,0.5502256244450644,423.15619022248916,3.5618503127489696,0.0,-0.871488825233674,1.4440150036716828,0.07124228395874736,0.4100643109822192,0.1991665620217563,-0.0834722594369901,1.4440150036716828,22.12576826664251,0.0,406,True
stomach,raw,ENSG00000231466.2,PHF10P2,0.7561742809803075,23.782594893963935,0.06245316590234853,0.5478457221098909,440.53983481920443,3.5663753669661364,0.0,-1.0,1.4440150036716828,0.0686102390350158,0.41298683713730217,0.1705916878479126,-0.05626969328805265,1.4440150036716828,23.741240292013522,0.0,407,True
testis,excluded_at_or_below_-1,ENSG00000231466.2,PHF10P2,0.3459455965229427,24.391260975245046,1.1659444626355384,0.5875415296719517,312.86068604138813,3.510996085808962,0.0,0.0989988911479853,2.624603936574464,1.164071680808684,0.42523805340573645,0.11235643249131663,0.11278682034783838,2.624603936574464,24.339919915077427,0.0,414,True
testis,raw,ENSG00000231466.2,PHF10P2,0.3459455965229427,24.391260975245046,1.1659444626355384,0.5875415296719517,312.86068604138813,3.510996085808962,0.0,0.0989988911479853,2.624603936574464,1.164071680808684,0.42523805340573645,0.11235643249131663,0.11278682034783838,2.624603936574464,24.339919915077427,0.0,414,True
thyroid,excluded_at_or_below_-1,ENSG00000231466.2,PHF10P2,1.0034047081348063,44.25771494219937,1.4361013124535231,0.7926759023894672,396.8803848898997,3.822035757934586,0.0,-0.2801865997427561,3.5783772204159563,1.4400134617458071,0.6033878688144906,0.08074866310595642,0.17044264648027418,3.5783772204159563,44.22738279281162,0.0,684,True
thyroid,raw,ENSG00000231466.2,PHF10P2,1.0034047081348063,44.25771494219937,1.4361013124535231,0.7926759023894672,396.8803848898997,3.822035757934586,0.0,-0.2801865997427561,3.5783772204159563,1.4400134617458071,0.6033878688144906,0.08074866310595642,0.17044264648027418,3.5783772204159563,44.22738279281162,0.0,684,True
uterus,excluded_at_or_below_-1,ENSG00000231466.2,PHF10P2,0.27996476031999773,10.860593561110703,0.25416414808793136,0.7068546249813124,136.51005195862666,5.294636568615436,0.0,-0.897388895550726,2.9005383914807816,0.33322217708888346,0.5712097686004673,0.8024077816477183,2.0688233241587195,2.9005383914807816,10.860458622450558,0.0,153,True
uterus,raw,ENSG00000231466.2,PHF10P2,0.27996476031999773,10.860593561110703,0.25416414808793136,0.7068546249813124,136.51005195862666,5.294636568615436,0.0,-0.897388895550726,2.9005383914807816,0.33322217708888346,0.5712097686004673,0.8024077816477183,2.0688233241587195,2.9005383914807816,10.860458622450558,0.0,153,True
vagina,excluded_at_or_below_-1,ENSG00000231466.2,PHF10P2,0.8415079876411352,7.190730293009465,-0.0805027743665068,0.5579531155547963,104.05354244809845,3.2818164756281574,0.0,-0.8471637022777181,1.2142802598049012,0.000509731729244091,0.4327241784548912,0.4479165356036785,-0.23368780208050488,1.2142802598049012,7.157752858632113,0.0,168,True
vagina,raw,ENSG00000231466.2,PHF10P2,0.5824021297676337,7.995331502645176,-0.0694558908623037,0.5803131600883684,194.2180511619901,3.1284437432122627,0.0,-1.0,1.2142802598049012,-0.011260970996982304,0.4435552431706534,0.35460643072175696,-0.18230187493686456,1.2142802598049012,7.935386110946296,0.0,170,True
whole_blood,excluded_at_or_below_-1,ENSG00000231466.2,PHF10P2,0.5653228379642922,46.38017432634884,-0.7483852942592054,0.6407232350155975,844.7612851139287,4.425339346253998,0.0,-0.939125293271548,1.2565578185870256,-0.47720723712637614,0.33742277921290736,1.136047325769808,1.765633084633448,1.2565578185870256,46.37757942948775,0.0,659,True
whole_blood,raw,ENSG00000231466.2,PHF10P2,-2.0948028343774534,6407173294488.227,-28.581065935471084,5.521727324367339,6790.118719502209,7.641951458877838,0.0,-1.0,1.2565578185870256,-0.5709583677039625,0.365629301900583,0.9938688858572645,1.207331175858969,1.2565578185870256,92.20120149967192,0.0,803,True
adipose_subcutaneous,excluded_at_or_below_-1,ENSG00000136147.18,PHF11,0.45196556304861374,53.39200069202672,3.7706825500576833,0.41612291649196836,574.2168315913673,3.3430420622635,0.0036638918138518573,2.4918274481898526,4.754350399042298,3.756145656706579,0.30868568162599025,-0.2341250360137452,0.49916743860067747,4.754350399042298,53.386984243622585,0.19560413453644687,714,True
adipose_subcutaneous,raw,ENSG00000136147.18,PHF11,0.45196556304861374,53.39200069202672,3.7706825500576833,0.41612291649196836,574.2168315913673,3.3430420622635,0.0036638918138518573,2.4918274481898526,4.754350399042298,3.756145656706579,0.30868568162599025,-0.2341250360137452,0.49916743860067747,4.754350399042298,53.386984243622585,0.19560413453644687,714,True
adipose_visceral_omentum,excluded_at_or_below_-1,ENSG00000136147.18,PHF11,-5.309064566996557,32.44943369957927,3.400467208852593,0.9255929897121039,489.3458532344665,2.100282278006271,0.0,2.270850336044195,4.775087425106967,3.407466851527855,0.48806787197093243,0.08999969086801966,-0.5687276518576696,4.775087425106967,28.873960804345682,0.0,587,True
adipose_visceral_omentum,raw,ENSG00000136147.18,PHF11,-5.309064566996557,32.44943369957927,3.400467208852593,0.9255929897121039,489.3458532344665,2.100282278006271,0.0,2.270850336044195,4.775087425106967,3.407466851527855,0.48806787197093243,0.08999969086801966,-0.5687276518576696,4.775087425106967,28.873960804345682,0.0,587,True
adrenal_gland,excluded_at_or_below_-1,ENSG00000136147.18,PHF11,0.6170183567470575,33.06700501587775,3.650101215464623,0.3383634784366218,115.60863211258615,5.778392485985652,5.543906208893509e-08,2.0981196950647423,5.032634259518635,3.639647392456511,0.3308760270201857,-0.4144809906659115,4.137886021710305,5.032634259518635,33.06671114969103,1.8331874525046032e-06,295,True
adrenal_gland,raw,ENSG00000136147.18,PHF11,0.6170183567470575,33.06700501587775,3.650101215464623,0.3383634784366218,115.60863211258615,5.778392485985652,5.543906208893509e-08,2.0981196950647423,5.032634259518635,3.639647392456511,0.3308760270201857,-0.4144809906659115,4.137886021710305,5.032634259518635,33.06671114969103,1.8331874525046032e-06,295,True
artery_aorta,excluded_at_or_below_-1,ENSG00000136147.18,PHF11,2.3466748769465626,35.87775161059993,3.910469902194518,0.27971914000916054,683.9882864215064,4.740221582157071,1.9090888751577362e-06,2.966402779699759,4.848044494668999,3.958420328697438,0.2777829483982175,0.20093596250322293,0.8463809156719422,4.848044494668999,35.8763612500341,6.84911621435802e-05,472,True
artery_aorta,raw,ENSG00000136147.18,PHF11,2.3466748769465626,35.87775161059993,3.910469902194518,0.27971914000916054,683.9882864215064,4.740221582157071,1.9090888751577362e-06,2.966402779699759,4.848044494668999,3.958420328697438,0.2777829483982175,0.20093596250322293,0.8463809156719422,4.848044494668999,35.8763612500341,6.84911621435802e-05,472,True
artery_coronary,excluded_at_or_below_-1,ENSG00000136147.18,PHF11,0.5920654091935864,17.716358883126723,3.825316113863078,0.42760931136944974,197.30292731753588,4.138965853804722,0.0,2.8803818711330074,5.076796360988712,3.8668125990600606,0.3490686213146801,0.39720054040768277,0.800057952669377,5.076796360988712,17.71286538296467,0.0,268,True
artery_coronary,raw,ENSG00000136147.18,PHF11,0.5920654091935864,17.716358883126723,3.825316113863078,0.42760931136944974,197.30292731753588,4.138965853804722,0.0,2.8803818711330074,5.076796360988712,3.8668125990600606,0.3490686213146801,0.39720054040768277,0.800057952669377,5.076796360988712,17.71286538296467,0.0,268,True
artery_tibial,excluded_at_or_below_-1,ENSG00000136147.18,PHF11,0.6181300122756452,59.9230877444191,3.8637705043953905,0.30933282176144666,325.9986727024825,5.431149844273414,0.0,3.079625579725535,5.051733165366615,3.868906287935875,0.24112986362794347,0.2977768475873086,1.5549281529464452,5.051733165366615,59.92286097970003,0.0,691,True
artery_tibial,raw,ENSG00000136147.18,PHF11,0.6181300122756452,59.9230877444191,3.8637705043953905,0.30933282176144666,325.9986727024825,5.431149844273414,0.0,3.079625579725535,5.051733165366615,3.868906287935875,0.24112986362794347,0.2977768475873086,1.5549281529464452,5.051733165366615,59.92286097970003,0.0,691,True
bladder,excluded_at_or_below_-1,ENSG00000136147.18,PHF11,0.4447964418673852,4.952016815129193,3.6767912409927943,0.26917401737280283,49.0821991039463,4.456046634910967,0.0,2.928872454588444,4.524931865741737,3.687768920700398,0.28819694791616624,0.3855582064737151,0.9654813970589164,4.524931865741737,4.951729639740976,0.0,77,True
bladder,raw,ENSG00000136147.18,PHF11,0.4447964418673852,4.952016815129193,3.6767912409927943,0.26917401737280283,49.0821991039463,4.456046634910967,0.0,2.928872454588444,4.524931865741737,3.687768920700398,0.28819694791616624,0.3855582064737151,0.9654813970589164,4.524931865741737,4.951729639740976,0.0,77,True
brain_amygdala,excluded_at_or_below_-1,ENSG00000136147.18,PHF11,0.7053484578319777,14.337187664727514,2.059486336101653,0.50357585260547,82.61996426482692,5.077969287219449,0.0,0.5174117663245017,3.8676592891491106,2.048806274548627,0.4810057740079465,0.08233669295415649,1.2540571830008718,3.8676592891491106,14.337004661843968,0.0,181,True
brain_amygdala,raw,ENSG00000136147.18,PHF11,0.7053484578319777,14.337187664727514,2.059486336101653,0.50357585260547,82.61996426482692,5.077969287219449,0.0,0.5174117663245017,3.8676592891491106,2.048806274548627,0.4810057740079465,0.08233669295415649,1.2540571830008718,3.8676592891491106,14.337004661843968,0.0,181,True
brain_anterior_cingulate_cortex_ba24,excluded_at_or_below_-1,ENSG00000136147.18,PHF11,1.025924820226808,15.314013429166438,2.04588091151322,0.4263931265387793,277.75119411742253,4.544086699706815,0.0,1.0049471655646531,3.4159479132042323,2.0630118923485488,0.39013594526347256,0.15918670984817163,0.5258280621013682,3.4159479132042323,15.313307781858219,0.0,233,True
brain_anterior_cingulate_cortex_ba24,raw,ENSG00000136147.18,PHF11,1.025924820226808,15.314013429166438,2.04588091151322,0.4263931265387793,277.75119411742253,4.544086699706815,0.0,1.0049471655646531,3.4159479132042323,2.0630118923485488,0.39013594526347256,0.15918670984817163,0.5258280621013682,3.4159479132042323,15.313307781858219,0.0,233,True
brain_caudate_basal_ganglia,excluded_at_or_below_-1,ENSG00000136147.18,PHF11,1.131731939760546,23.66408747648731,1.9801745589068842,0.511333530224604,381.74838205599866,4.942277373062866,0.0,0.3993515903438751,3.7671409717284217,2.000745060771308,0.4881473658823373,0.17981472976864263,1.269422936298362,3.7671409717284217,23.663889699747457,0.0,300,True
brain_caudate_basal_ganglia,raw,ENSG00000136147.18,PHF11,1.131731939760546,23.66408747648731,1.9801745589068842,0.511333530224604,381.74838205599866,4.942277373062866,0.0,0.3993515903438751,3.7671409717284217,2.000745060771308,0.4881473658823373,0.17981472976864263,1.269422936298362,3.7671409717284217,23.663889699747457,0.0,300,True
brain_cerebellar_hemisphere,excluded_at_or_below_-1,ENSG00000136147.18,PHF11,0.6674326649877171,20.188330620960105,1.2941218665756966,0.469901580965909,144.1017215930813,5.13834247272484,0.0,0.3187911533054202,3.0014419741739067,1.307290876516977,0.39661810736849623,0.4867524272656809,1.335603376166449,3.0014419741739067,20.18820316211612,0.0,277,True
brain_cerebellar_hemisphere,raw,ENSG00000136147.18,PHF11,0.6674326649877171,20.188330620960105,1.2941218665756966,0.469901580965909,144.1017215930813,5.13834247272484,0.0,0.3187911533054202,3.0014419741739067,1.307290876516977,0.39661810736849623,0.4867524272656809,1.335603376166449,3.0014419741739067,20.18820316211612,0.0,277,True
brain_cerebellum,excluded_at_or_below_-1,ENSG00000136147.18,PHF11,-0.14934877665110868,24.927846995912915,1.4790956364016483,0.49398768904866225,334.359887667354,6.5805443577888845,0.0,0.5840918120289782,3.7776932361386737,1.4780540727053402,0.35482742365429376,0.8799853564965487,5.6713884181346295,3.7776932361386737,24.927797300737573,0.0,266,True
brain_cerebellum,raw,ENSG00000136147.18,PHF11,-0.14934877665110868,24.927846995912915,1.4790956364016483,0.49398768904866225,334.359887667354,6.5805443577888845,0.0,0.5840918120289782,3.7776932361386737,1.4780540727053402,0.35482742365429376,0.8799853564965487,5.6713884181346295,3.7776932361386737,24.927797300737573,0.0,266,True
brain_cortex,excluded_at_or_below_-1,ENSG00000136147.18,PHF11,0.6233642976535497,25.155571104978154,1.9785037950715587,0.4251102636922962,165.49924365181585,7.19637739809676,0.0,1.0510031144315346,4.141722968419514,2.0475913341019036,0.3904883734116825,1.2144843636363487,3.9162378750711824,4.141722968419514,25.15534898676351,0.0,270,True
brain_cortex,raw,ENSG00000136147.18,PHF11,0.6233642976535497,25.155571104978154,1.9785037950715587,0.4251102636922962,165.49924365181585,7.19637739809676,0.0,1.0510031144315346,4.141722968419514,2.0475913341019036,0.3904883734116825,1.2144843636363487,3.9162378750711824,4.141722968419514,25.15534898676351,0.0,270,True
brain_frontal_cortex_ba9,excluded_at_or_below_-1,ENSG00000136147.18,PHF11,0.6770851525290293,33.3776561385937,2.08292304127364,0.4330305993249259,193.23103863470317,10.661608607941359,0.0,1.1147601307779458,5.347495583993068,2.1393513712886594,0.46959976145970816,2.1313457666133218,10.66761616718213,5.347495583993068,33.37765514174159,0.0,269,True
brain_frontal_cortex_ba9,raw,ENSG00000136147.18,PHF11,0.6770851525290293,33.3776561385937,2.08292304127364,0.4330305993249259,193.23103863470317,10.661608607941359,0.0,1.1147601307779458,5.347495583993068,2.1393513712886594,0.46959976145970816,2.1313457666133218,10.66761616718213,5.347495583993068,33.37765514174159,0.0,269,True
brain_hippocampus,excluded_at_or_below_-1,ENSG00000136147.18,PHF11,0.9834518313982938,16.626465104229965,2.0080870376078424,0.6766775285641247,323.1838857666462,4.730212274497255,0.0,0.5778662533214667,4.271414470360925,2.0247803770127577,0.6078858168057754,0.33098301700305166,1.014057303295421,4.271414470360925,16.62623079433759,0.0,255,True
brain_hippocampus,raw,ENSG00000136147.18,PHF11,0.9834518313982938,16.626465104229965,2.0080870376078424,0.6766775285641247,323.1838857666462,4.730212274497255,0.0,0.5778662533214667,4.271414470360925,2.0247803770127577,0.6078858168057754,0.33098301700305166,1.014057303295421,4.271414470360925,16.62623079433759,0.0,255,True
brain_hypothalamus,excluded_at_or_below_-1,ENSG00000136147.18,PHF11,1.5815694380652017,16.035192672002346,2.6371473190268087,0.5458078527815655,432.7422460768587,3.417801056106255,0.002900097373965193,0.7543744527125109,3.956228612899862,2.5119180672732426,0.5394961301417847,-0.4833366046668482,0.2479297164478882,3.956228612899862,16.035004126815213,0.04650307335969783,257,True
brain_hypothalamus,raw,ENSG00000136147.18,PHF11,1.5815694380652017,16.035192672002346,2.6371473190268087,0.5458078527815655,432.7422460768587,3.417801056106255,0.002900097373965193,0.7543744527125109,3.956228612899862,2.5119180672732426,0.5394961301417847,-0.4833366046668482,0.2479297164478882,3.956228612899862,16.035004126815213,0.04650307335969783,257,True
brain_nucleus_accumbens_basal_ganglia,excluded_at_or_below_-1,ENSG00000136147.18,PHF11,1.2793762436270635,20.561302341817964,2.0128316546445797,0.4563372250453303,227.59736670747637,4.547074160041865,0.0,0.635122856368451,3.48007766293976,1.97960698475893,0.43937517172179397,-0.24777905104417022,0.749532184706891,3.48007766293976,20.560624334318533,0.0,285,True
brain_nucleus_accumbens_basal_ganglia,raw,ENSG00000136147.18,PHF11,1.2793762436270635,20.561302341817964,2.0128316546445797,0.4563372250453303,227.59736670747637,4.547074160041865,0.0,0.635122856368451,3.48007766293976,1.97960698475893,0.43937517172179397,-0.24777905104417022,0.749532184706891,3.48007766293976,20.560624334318533,0.0,285,True
brain_putamen_basal_ganglia,excluded_at_or_below_-1,ENSG00000136147.18,PHF11,0.67351106057559,25.276810505242082,1.8786625421795475,0.528828862408236,125.5537105387777,7.158423789741241,0.0,0.3817872585814761,4.555472615343172,1.8923807474486045,0.49978670633934047,0.7351294245121085,3.721023303684821,4.555472615343172,25.276682064319836,0.0,254,True
brain_putamen_basal_ganglia,raw,ENSG00000136147.18,PHF11,0.67351106057559,25.276810505242082,1.8786625421795475,0.528828862408236,125.5537105387777,7.158423789741241,0.0,0.3817872585814761,4.555472615343172,1.8923807474486045,0.49978670633934047,0.7351294245121085,3.721023303684821,4.555472615343172,25.276682064319836,0.0,254,True
brain_spinal_cord_cervical_c-1,excluded_at_or_below_-1,ENSG00000136147.18,PHF11,0.6586683701031961,14.148317692477912,3.214480309266991,0.714644776960142,204.85868537956554,3.4751073619450445,0.0023473392912256646,0.9364551467941452,4.970556896046732,3.091980495964439,0.6347529717483441,-0.6633666352594455,1.0870173392068656,4.970556896046732,14.147692014079094,0.033209433344807415,204,True
brain_spinal_cord_cervical_c-1,raw,ENSG00000136147.18,PHF11,0.6586683701031961,14.148317692477912,3.214480309266991,0.714644776960142,204.85868537956554,3.4751073619450445,0.0023473392912256646,0.9364551467941452,4.970556896046732,3.091980495964439,0.6347529717483441,-0.6633666352594455,1.0870173392068656,4.970556896046732,14.147692014079094,0.033209433344807415,204,True
brain_substantia_nigra,excluded_at_or_below_-1,ENSG00000136147.18,PHF11,0.3326049252292504,15.491741675794906,2.555081948947103,0.6670691015449361,85.37542884808927,6.240530610763326,0.0,1.1891477168712328,5.498672124040703,2.5428438516691085,0.5636277997344465,0.7331283557493503,3.5680925413197437,5.498672124040703,15.49170491876304,0.0,183,True
brain_substantia_nigra,raw,ENSG00000136147.18,PHF11,0.3326049252292504,15.491741675794906,2.555081948947103,0.6670691015449361,85.37542884808927,6.240530610763326,0.0,1.1891477168712328,5.498672124040703,2.5428438516691085,0.5636277997344465,0.7331283557493503,3.5680925413197437,5.498672124040703,15.49170491876304,0.0,183,True
breast_mammary_tissue,excluded_at_or_below_-1,ENSG00000136147.18,PHF11,-3.297109255698339,28.86894863882208,3.789326792060002,0.8114779425810068,745.8313950733149,1.8797944137762517,0.12565659059586687,2.3927515399652797,4.867955751611722,3.764394934784736,0.4506916665043884,-0.2167653373282196,-0.5352381576197116,4.867955751611722,27.37587941522171,3.4399596718803336,514,True
breast_mammary_tissue,raw,ENSG00000136147.18,PHF11,-3.297109255698339,28.86894863882208,3.789326792060002,0.8114779425810068,745.8313950733149,1.8797944137762517,0.12565659059586687,2.3927515399652797,4.867955751611722,3.764394934784736,0.4506916665043884,-0.2167653373282196,-0.5352381576197116,4.867955751611722,27.37587941522171,3.4399596718803336,514,True
cells_cultured_fibroblasts,excluded_at_or_below_-1,ENSG00000136147.18,PHF11,2.8150138343202595,45.905230413232246,3.0367670198061183,0.3121523096128036,336.0646123137823,3.550932330334905,0.0018238675763475873,1.9374536260205055,3.820546611293582,2.9925259697267377,0.2973319000017325,-0.59451332894797,0.753314734000381,3.820546611293582,45.90457881922314,0.0837238729142733,652,True
cells_cultured_fibroblasts,raw,ENSG00000136147.18,PHF11,2.8150138343202595,45.905230413232246,3.0367670198061183,0.3121523096128036,336.0646123137823,3.550932330334905,0.0018238675763475873,1.9374536260205055,3.820546611293582,2.9925259697267377,0.2973319000017325,-0.59451332894797,0.753314734000381,3.820546611293582,45.90457881922314,0.0837238729142733,652,True
cells_ebv-transformed_lymphocytes,excluded_at_or_below_-1,ENSG00000136147.18,PHF11,0.93024630641408,17.299775372715338,4.243708682859972,0.4021595367479892,479.15497208864974,2.662403962764876,0.024642082077006706,3.306072629254472,5.000815793687594,4.2113743006325635,0.3111571284446422,-0.20406707134323815,-0.06396249126550169,5.000815793687594,17.224255751332883,0.4244415239396997,327,True
cells_ebv-transformed_lymphocytes,raw,ENSG00000136147.18,PHF11,0.93024630641408,17.299775372715338,4.243708682859972,0.4021595367479892,479.15497208864974,2.662403962764876,0.024642082077006706,3.306072629254472,5.000815793687594,4.2113743006325635,0.3111571284446422,-0.20406707134323815,-0.06396249126550169,5.000815793687594,17.224255751332883,0.4244415239396997,327,True
cervix_ectocervix,excluded_at_or_below_-1,ENSG00000136147.18,PHF11,0.4736842325830277,16.274518076725055,3.8123489722152257,0.01354020049749874,15.473685700226381,105.75167603621388,0.0,3.321819888701513,4.824854391887554,3.882492058892012,0.4143587772952681,0.6179450644618792,-0.37576454354890165,4.824854391887554,16.1413427113932,0.0,24,True
cervix_ectocervix,raw,ENSG00000136147.18,PHF11,0.4736842325830277,16.274518076725055,3.8123489722152257,0.01354020049749874,15.473685700226381,105.75167603621388,0.0,3.321819888701513,4.824854391887554,3.882492058892012,0.4143587772952681,0.6179450644618792,-0.37576454354890165,4.824854391887554,16.1413427113932,0.0,24,True
cervix_endocervix,excluded_at_or_below_-1,ENSG00000136147.18,PHF11,0.3727188234167065,2.9443259866923768,3.903954486737515,0.053228547854968125,14.566096793816222,24.86489618347413,0.0,3.4665749184624204,4.839826091723366,3.9698799160256946,0.3276375696436322,0.886945273227781,0.9676484887731784,4.839826091723366,2.9440642658284712,0.0,23,True
cervix_endocervix,raw,ENSG00000136147.18,PHF11,0.3727188234167065,2.9443259866923768,3.903954486737515,0.053228547854968125,14.566096793816222,24.86489618347413,0.0,3.4665749184624204,4.839826091723366,3.9698799160256946,0.3276375696436322,0.886945273227781,0.9676484887731784,4.839826091723366,2.9440642658284712,0.0,23,True
colon_sigmoid,excluded_at_or_below_-1,ENSG00000136147.18,PHF11,0.9658178809270552,25.22230435352144,3.5556616392792675,0.4331629004448008,231.1176281078167,3.0853812202611657,0.006780022442371221,2.466692369359297,4.500690533008445,3.5440841397971283,0.34526562480760115,-0.21125026997783813,0.3220675947760534,4.500690533008445,25.17676893998257,0.17069905843947653,419,True
colon_sigmoid,raw,ENSG00000136147.18,PHF11,0.9658178809270552,25.22230435352144,3.5556616392792675,0.4331629004448008,231.1176281078167,3.0853812202611657,0.006780022442371221,2.466692369359297,4.500690533008445,3.5440841397971283,0.34526562480760115,-0.21125026997783813,0.3220675947760534,4.500690533008445,25.17676893998257,0.17069905843947653,419,True
colon_transverse,excluded_at_or_below_-1,ENSG00000136147.18,PHF11,-10589.088549407765,10608.389248682397,3.1309459139144105,28.525437441681724,1191.2354533001758,0.06402467122015548,0.023354117671052062,1.8241690664534511,4.422357481591744,3.13216965065824,0.5374854017845296,0.1744562551407235,-0.9445952160259208,4.422357481591744,22.23984194337754,0.5193918857312383,479,True
colon_transverse,raw,ENSG00000136147.18,PHF11,-10589.088549407765,10608.389248682397,3.1309459139144105,28.525437441681724,1191.2354533001758,0.06402467122015548,0.023354117671052062,1.8241690664534511,4.422357481591744,3.13216965065824,0.5374854017845296,0.1744562551407235,-0.9445952160259208,4.422357481591744,22.23984194337754,0.5193918857312383,479,True
esophagus_gastroesophageal_junction,excluded_at_or_below_-1,ENSG00000136147.18,PHF11,0.03227492784485983,26.420959591208998,3.5067588600323294,0.4343170298784076,577.9730949255573,3.433440921604323,0.0,2.538153228061524,4.561197809713938,3.5253765541158266,0.30942495726133085,0.2563389106364613,0.25742056212499875,4.561197809713938,26.34809551508463,0.0,403,True
esophagus_gastroesophageal_junction,raw,ENSG00000136147.18,PHF11,0.03227492784485983,26.420959591208998,3.5067588600323294,0.4343170298784076,577.9730949255573,3.433440921604323,0.0,2.538153228061524,4.561197809713938,3.5253765541158266,0.30942495726133085,0.2563389106364613,0.25742056212499875,4.561197809713938,26.34809551508463,0.0,403,True
esophagus_mucosa,excluded_at_or_below_-1,ENSG00000136147.18,PHF11,1.443607652464911,60.36733317116318,3.015161820718367,0.47806210475169253,611.0731322248521,7.241913479052611,0.0,1.7854124481421705,5.46322517715801,3.073976210561699,0.4297633469217664,0.7931626100956461,2.6383467299836276,5.46322517715801,60.366510177203494,0.0,614,True
esophagus_mucosa,raw,ENSG00000136147.18,PHF11,1.443607652464911,60.36733317116318,3.015161820718367,0.47806210475169253,611.0731322248521,7.241913479052611,0.0,1.7854124481421705,5.46322517715801,3.073976210561699,0.4297633469217664,0.7931626100956461,2.6383467299836276,5.46322517715801,60.366510177203494,0.0,614,True
esophagus_muscularis,excluded_at_or_below_-1,ENSG00000136147.18,PHF11,0.3199005489138255,47.318065507627146,3.4936751137356015,0.39485651225483914,265.17783728934666,5.693750246763781,0.0,2.670862991090628,5.083402736142716,3.510077123908617,0.2972026982969873,0.5378555500914471,1.8156938161415033,5.083402736142716,47.31763916488515,0.0,561,True
esophagus_muscularis,raw,ENSG00000136147.18,PHF11,0.3199005489138255,47.318065507627146,3.4936751137356015,0.39485651225483914,265.17783728934666,5.693750246763781,0.0,2.670862991090628,5.083402736142716,3.510077123908617,0.2972026982969873,0.5378555500914471,1.8156938161415033,5.083402736142716,47.31763916488515,0.0,561,True
fallopian_tube,excluded_at_or_below_-1,ENSG00000136147.18,PHF11,0.4178184387215312,2.2506909596300773,3.775713896294614,0.10246694923977118,18.194501922781505,9.76198508262878,0.0,3.1523213529317378,4.4830192542368925,3.811605849335041,0.274298457848155,-0.010239480662671881,0.5127356053512009,4.4830192542368925,2.250533138044649,0.0,29,True
fallopian_tube,raw,ENSG00000136147.18,PHF11,0.4178184387215312,2.2506909596300773,3.775713896294614,0.10246694923977118,18.194501922781505,9.76198508262878,0.0,3.1523213529317378,4.4830192542368925,3.811605849335041,0.274298457848155,-0.010239480662671881,0.5127356053512009,4.4830192542368925,2.250533138044649,0.0,29,True
heart_atrial_appendage,excluded_at_or_below_-1,ENSG00000136147.18,PHF11,0.30475336847547563,27.286566061599984,2.2198520169479834,0.6351657736665622,512.2121396293555,3.308123529542165,0.0,0.9767192244840204,3.705629622913179,2.244007884808401,0.4593488558850063,0.22423816161693325,0.0515980056156935,3.705629622913179,27.171843421296035,0.0,461,True
heart_atrial_appendage,raw,ENSG00000136147.18,PHF11,0.30475336847547563,27.286566061599984,2.2198520169479834,0.6351657736665622,512.2121396293555,3.308123529542165,0.0,0.9767192244840204,3.705629622913179,2.244007884808401,0.4593488558850063,0.22423816161693325,0.0515980056156935,3.705629622913179,27.171843421296035,0.0,461,True
heart_left_ventricle,excluded_at_or_below_-1,ENSG00000136147.18,PHF11,1.460324422757654,36.897432566452075,1.5724598600091102,0.5535675549394916,339.10696884808624,5.729433538777514,0.0,0.1363095275404615,3.8151398905465737,1.5884250092979555,0.5197217229199934,0.6011425140955011,1.9868721248317112,3.8151398905465737,36.897312108039515,0.0,452,True
heart_left_ventricle,raw,ENSG00000136147.18,PHF11,1.460324422757654,36.897432566452075,1.5724598600091102,0.5535675549394916,339.10696884808624,5.729433538777514,0.0,0.1363095275404615,3.8151398905465737,1.5884250092979555,0.5197217229199934,0.6011425140955011,1.9868721248317112,3.8151398905465737,36.897312108039515,0.0,452,True
kidney_cortex,excluded_at_or_below_-1,ENSG00000136147.18,PHF11,-0.060542723996227246,4.823947779625546,2.4234010046599934,1.4403246963027454,91.83114186284581,2.7614946442047716,0.0,1.632854482089379,5.235882118249097,2.7842006616593333,0.7470388574006469,0.6850191634277972,0.22383431844145818,5.235882118249097,4.717402933655065,0.0,104,True
kidney_cortex,raw,ENSG00000136147.18,PHF11,-0.060542723996227246,4.823947779625546,2.4234010046599934,1.4403246963027454,91.83114186284581,2.7614946442047716,0.0,1.632854482089379,5.235882118249097,2.7842006616593333,0.7470388574006469,0.6850191634277972,0.22383431844145818,5.235882118249097,4.717402933655065,0.0,104,True
kidney_medulla,excluded_at_or_below_-1,ENSG00000136147.18,PHF11,0.256410256410241,1.949027425179007,2.1369357392451347,0.012135626309347454,7.4358974358977425,246.39305312515066,0.0,2.1222353718396243,4.2512797799913455,3.4550355772395878,0.7074470193507683,-0.7868153403998468,-0.6680282398982498,4.2512797799913455,1.945941963074769,0.0,11,True
kidney_medulla,raw,ENSG00000136147.18,PHF11,0.256410256410241,1.949027425179007,2.1369357392451347,0.012135626309347454,7.4358974358977425,246.39305312515066,0.0,2.1222353718396243,4.2512797799913455,3.4550355772395878,0.7074470193507683,-0.7868153403998468,-0.6680282398982498,4.2512797799913455,1.945941963074769,0.0,11,True
liver,excluded_at_or_below_-1,ENSG00000136147.18,PHF11,1.1203455240569442,16.055770343154286,2.178782338616657,0.4732119302683875,146.8826638880319,3.750814387397839,0.0,0.95415163268737,3.4338474600121707,2.1895651855962877,0.4168546546137534,0.12102967192671267,0.2910273786959334,3.4338474600121707,16.041585089385684,0.0,262,True
liver,raw,ENSG00000136147.18,PHF11,1.1203455240569442,16.055770343154286,2.178782338616657,0.4732119302683875,146.8826638880319,3.750814387397839,0.0,0.95415163268737,3.4338474600121707,2.1895651855962877,0.4168546546137534,0.12102967192671267,0.2910273786959334,3.4338474600121707,16.041585089385684,0.0,262,True
lung,excluded_at_or_below_-1,ENSG00000136147.18,PHF11,0.4774413523158998,34.715211342965645,3.8932413882509085,0.5357097669389542,522.022146121386,3.278187676730449,0.0,2.8910788884506124,5.135032022288199,3.939917583198331,0.38385113401743304,0.3226837902280374,-0.14234691670791166,5.135032022288199,34.55377137326904,0.0,604,True
lung,raw,ENSG00000136147.18,PHF11,0.4774413523158998,34.715211342965645,3.8932413882509085,0.5357097669389542,522.022146121386,3.278187676730449,0.0,2.8910788884506124,5.135032022288199,3.939917583198331,0.38385113401743304,0.3226837902280374,-0.14234691670791166,5.135032022288199,34.55377137326904,0.0,604,True
minor_salivary_gland,excluded_at_or_below_-1,ENSG00000136147.18,PHF11,-0.4574235520398862,10.47876141466445,3.453425000314527,0.6847105888164143,231.3737014400242,2.417862541482134,0.034593399117179,2.097971425309937,4.624065792131954,3.4198505143892968,0.4393433957841145,-0.3009464012362491,-0.060802211625031966,4.624065792131954,10.270538204291144,0.35529282724927846,181,True
minor_salivary_gland,raw,ENSG00000136147.18,PHF11,-0.4574235520398862,10.47876141466445,3.453425000314527,0.6847105888164143,231.3737014400242,2.417862541482134,0.034593399117179,2.097971425309937,4.624065792131954,3.4198505143892968,0.4393433957841145,-0.3009464012362491,-0.060802211625031966,4.624065792131954,10.270538204291144,0.35529282724927846,181,True
muscle_skeletal,excluded_at_or_below_-1,ENSG00000136147.18,PHF11,4.025053783096542,40.81576550252278,1.3586780182491076,0.6336698224457542,662.4269048512891,3.7407137405366466,0.0,0.2642421572551947,3.034787960094582,1.4554160879206681,0.5322343861449966,0.45662978425209133,-0.09039385717560577,3.034787960094582,40.77810102005209,0.0,818,True
muscle_skeletal,raw,ENSG00000136147.18,PHF11,4.025053783096542,40.81576550252278,1.3586780182491076,0.6336698224457542,662.4269048512891,3.7407137405366466,0.0,0.2642421572551947,3.034787960094582,1.4554160879206681,0.5322343861449966,0.45662978425209133,-0.09039385717560577,3.034787960094582,40.77810102005209,0.0,818,True
nerve_tibial,excluded_at_or_below_-1,ENSG00000136147.18,PHF11,0.22560360398539728,54.75387085302726,3.910578958531206,0.42071440042139546,589.886709769857,5.060954953525798,0.0,2.9467308601403097,5.4161624753936835,3.9152988847839585,0.3098960453297045,0.24288908321967725,1.045787417616948,5.4161624753936835,54.75350343392454,0.0,670,True
nerve_tibial,raw,ENSG00000136147.18,PHF11,0.22560360398539728,54.75387085302726,3.910578958531206,0.42071440042139546,589.886709769857,5.060954953525798,0.0,2.9467308601403097,5.4161624753936835,3.9152988847839585,0.3098960453297045,0.24288908321967725,1.045787417616948,5.4161624753936835,54.75350343392454,0.0,670,True
ovary,excluded_at_or_below_-1,ENSG00000136147.18,PHF11,0.8802552197264615,10.522876839481187,3.696773219084607,0.39955786380157,139.12224400354017,3.2529770227168178,0.0022348261790222255,2.728301493495602,4.615837061190107,3.705470160472142,0.34669525677325,0.05967478078425143,0.24336275379177064,4.615837061190107,10.49324739061811,0.02345058397151001,193,True
ovary,raw,ENSG00000136147.18,PHF11,0.8802552197264615,10.522876839481187,3.696773219084607,0.39955786380157,139.12224400354017,3.2529770227168178,0.0022348261790222255,2.728301493495602,4.615837061190107,3.705470160472142,0.34669525677325,0.05967478078425143,0.24336275379177064,4.615837061190107,10.49324739061811,0.02345058397151001,193,True
pancreas,excluded_at_or_below_-1,ENSG00000136147.18,PHF11,1.1532415889546965,23.260565905438984,2.275330202909186,0.5584575300984279,402.5964390207894,4.23399178178677,0.0,1.034060730007011,3.947287434705187,2.279905479007928,0.4790389648561996,0.2198879777620389,0.6547780499953153,3.947287434705187,23.257500967126425,0.0,362,True
pancreas,raw,ENSG00000136147.18,PHF11,1.1532415889546965,23.260565905438984,2.275330202909186,0.5584575300984279,402.5964390207894,4.23399178178677,0.0,1.034060730007011,3.947287434705187,2.279905479007928,0.4790389648561996,0.2198879777620389,0.6547780499953153,3.947287434705187,23.257500967126425,0.0,362,True
pituitary,excluded_at_or_below_-1,ENSG00000136147.18,PHF11,2.27449008360966,18.065068717833135,3.030454492063987,0.39149070201505876,555.5226636743532,4.589517492566741,0.0,2.0429419501035686,4.300951023054919,3.095306832238589,0.41719070819685655,0.3610515255438565,0.28505113637127,4.300951023054919,18.0645848396608,0.0,313,True
pituitary,raw,ENSG00000136147.18,PHF11,2.27449008360966,18.065068717833135,3.030454492063987,0.39149070201505876,555.5226636743532,4.589517492566741,0.0,2.0429419501035686,4.300951023054919,3.095306832238589,0.41719070819685655,0.3610515255438565,0.28505113637127,4.300951023054919,18.0645848396608,0.0,313,True
prostate,excluded_at_or_below_-1,ENSG00000136147.18,PHF11,0.36091233901850167,18.223379190555516,3.818428561583353,0.49869417460224297,180.52764686430896,3.69224941997843,0.0,2.714685129169757,5.120426594915736,3.8310521847964143,0.3762424788903071,0.1044918105932144,0.27691046914389217,5.120426594915736,18.20337272831876,0.0,282,True
prostate,raw,ENSG00000136147.18,PHF11,0.36091233901850167,18.223379190555516,3.818428561583353,0.49869417460224297,180.52764686430896,3.69224941997843,0.0,2.714685129169757,5.120426594915736,3.8310521847964143,0.3762424788903071,0.1044918105932144,0.27691046914389217,5.120426594915736,18.20337272831876,0.0,282,True
skin_not_sun_exposed_suprapubic,excluded_at_or_below_-1,ENSG00000136147.18,PHF11,-0.5749900824609864,48.394519645202614,3.4696469242382455,0.543776973673256,595.1718693774832,3.6472641589616597,0.0,2.1047677263684736,4.872050577629228,3.467877667433375,0.3725298476935371,-0.02429050516621779,0.3231137689133017,4.872050577629228,48.33130294188448,0.0,651,True
skin_not_sun_exposed_suprapubic,raw,ENSG00000136147.18,PHF11,-0.5749900824609864,48.394519645202614,3.4696469242382455,0.543776973673256,595.1718693774832,3.6472641589616597,0.0,2.1047677263684736,4.872050577629228,3.467877667433375,0.3725298476935371,-0.02429050516621779,0.3231137689133017,4.872050577629228,48.33130294188448,0.0,651,True
skin_sun_exposed_lower_leg,excluded_at_or_below_-1,ENSG00000136147.18,PHF11,-0.32638177629816595,52.48819488625279,3.456088495665006,0.5561425143384879,745.7363094425708,3.1239291406146807,0.006656148903096607,1.9891226543090936,4.684580325400674,3.4354934708412923,0.38299131469274955,-0.17244977604465012,0.03626036183066006,4.684580325400674,52.43826547887315,0.34903690324749015,754,True
skin_sun_exposed_lower_leg,raw,ENSG00000136147.18,PHF11,-0.32638177629816595,52.48819488625279,3.456088495665006,0.5561425143384879,745.7363094425708,3.1239291406146807,0.006656148903096607,1.9891226543090936,4.684580325400674,3.4354934708412923,0.38299131469274955,-0.17244977604465012,0.03626036183066006,4.684580325400674,52.43826547887315,0.34903690324749015,754,True
small_intestine_terminal_ileum,excluded_at_or_below_-1,ENSG00000136147.18,PHF11,0.7380370079430018,8.309062820466728,3.449864572690896,0.8440395287643991,337.95310611634443,2.9191040185672112,0.0,2.639753106718919,5.192061964795758,3.6288214626760236,0.5451107480189047,0.4884877395547739,-0.6671450404405443,5.192061964795758,8.191784957871462,0.0,207,True
small_intestine_terminal_ileum,raw,ENSG00000136147.18,PHF11,0.7380370079430018,8.309062820466728,3.449864572690896,0.8440395287643991,337.95310611634443,2.9191040185672112,0.0,2.639753106718919,5.192061964795758,3.6288214626760236,0.5451107480189047,0.4884877395547739,-0.6671450404405443,5.192061964795758,8.191784957871462,0.0,207,True
spleen,excluded_at_or_below_-1,ENSG00000136147.18,PHF11,1.2872853902052188,26.48373688865303,4.15327880279117,0.3852035349339572,484.9086046505805,7.829347825190177,0.0,3.078643989004221,6.285836811519345,4.257858872412731,0.43502375170796426,1.0345775614032233,2.225725331396224,6.285836811519345,26.483297813726523,0.0,277,True
spleen,raw,ENSG00000136147.18,PHF11,1.2872853902052188,26.48373688865303,4.15327880279117,0.3852035349339572,484.9086046505805,7.829347825190177,0.0,3.078643989004221,6.285836811519345,4.257858872412731,0.43502375170796426,1.0345775614032233,2.225725331396224,6.285836811519345,26.483297813726523,0.0,277,True
stomach,excluded_at_or_below_-1,ENSG00000136147.18,PHF11,-0.41264295013878666,22.028149011783828,3.0605303868063336,0.6838960932838825,361.82414873189555,2.7068065194519346,0.0,1.8737600558167504,4.369508360983156,3.071720383349805,0.4527887532984103,0.06725356225150345,-0.2654847626778416,4.369508360983156,21.46321143032476,0.0,407,True
stomach,raw,ENSG00000136147.18,PHF11,-0.41264295013878666,22.028149011783828,3.0605303868063336,0.6838960932838825,361.82414873189555,2.7068065194519346,0.0,1.8737600558167504,4.369508360983156,3.071720383349805,0.4527887532984103,0.06725356225150345,-0.2654847626778416,4.369508360983156,21.46321143032476,0.0,407,True
testis,excluded_at_or_below_-1,ENSG00000136147.18,PHF11,0.9283101269793405,28.15125205361681,2.570697840839347,0.3305140919168476,237.37055520375242,4.49736139538202,0.0,1.8738643708090537,3.621770576361894,2.59732970527337,0.269923553393662,0.3993111757070884,0.8151861284172286,3.621770576361894,28.150024547275894,0.0,414,True
testis,raw,ENSG00000136147.18,PHF11,0.9283101269793405,28.15125205361681,2.570697840839347,0.3305140919168476,237.37055520375242,4.49736139538202,0.0,1.8738643708090537,3.621770576361894,2.59732970527337,0.269923553393662,0.3993111757070884,0.8151861284172286,3.621770576361894,28.150024547275894,0.0,414,True
thyroid,excluded_at_or_below_-1,ENSG00000136147.18,PHF11,0.010954028243973535,72.47153823355706,4.410219202605303,0.4538109472381039,428.58047212093163,3.728114778590141,0.0009591927480222927,2.1957192491701805,5.606544385801377,4.397201157701594,0.335713361563391,-0.5021188870635243,2.9035759548001936,5.606544385801377,72.47143431442996,0.06951407423317515,684,True
thyroid,raw,ENSG00000136147.18,PHF11,0.010954028243973535,72.47153823355706,4.410219202605303,0.4538109472381039,428.58047212093163,3.728114778590141,0.0009591927480222927,2.1957192491701805,5.606544385801377,4.397201157701594,0.335713361563391,-0.5021188870635243,2.9035759548001936,5.606544385801377,72.47143431442996,0.06951407423317515,684,True
uterus,excluded_at_or_below_-1,ENSG00000136147.18,PHF11,-0.8786926244144364,8.148740715499331,3.9661739860675786,0.6426562095225924,217.00357880839783,1.9359068288431636,0.07806216621329423,2.949478904937202,4.84590147399067,3.991835021417428,0.36966753614783743,0.12625684068634613,-0.4771387576899291,4.84590147399067,7.481710073329977,0.5840384953039625,153,True
uterus,raw,ENSG00000136147.18,PHF11,-0.8786926244144364,8.148740715499331,3.9661739860675786,0.6426562095225924,217.00357880839783,1.9359068288431636,0.07806216621329423,2.949478904937202,4.84590147399067,3.991835021417428,0.36966753614783743,0.12625684068634613,-0.4771387576899291,4.84590147399067,7.481710073329977,0.5840384953039625,153,True
vagina,excluded_at_or_below_-1,ENSG00000136147.18,PHF11,0.24652914403485043,8.154266548017809,3.8497159362828897,0.6404791295838909,74.71858707027985,2.1912311961396918,0.07376792788195352,2.5679834464451345,4.842096356440652,3.844199594086695,0.45191786789656124,-0.18926768172476002,-0.1424825424331222,4.842096356440652,8.005592458208824,0.5905559671094596,170,True
vagina,raw,ENSG00000136147.18,PHF11,0.24652914403485043,8.154266548017809,3.8497159362828897,0.6404791295838909,74.71858707027985,2.1912311961396918,0.07376792788195352,2.5679834464451345,4.842096356440652,3.844199594086695,0.45191786789656124,-0.18926768172476002,-0.1424825424331222,4.842096356440652,8.005592458208824,0.5905559671094596,170,True
whole_blood,excluded_at_or_below_-1,ENSG00000136147.18,PHF11,1.9915368888356777,64.6827762915077,3.4540181789937834,0.7001140891784385,476.37977051768263,3.98865098405602,0.0003468509195817505,0.9901162203296784,5.428621467387611,3.407280706086962,0.6120890493630529,-0.3310586969063157,1.2454196789640228,5.428621467387611,64.68081382742368,0.022434599755337903,803,True
whole_blood,raw,ENSG00000136147.18,PHF11,1.9915368888356777,64.6827762915077,3.4540181789937834,0.7001140891784385,476.37977051768263,3.98865098405602,0.0003468509195817505,0.9901162203296784,5.428621467387611,3.407280706086962,0.6120890493630529,-0.3310586969063157,1.2454196789640228,5.428621467387611,64.68081382742368,0.022434599755337903,803,True
adipose_subcutaneous,excluded_at_or_below_-1,ENSG00000109118.14,PHF12,0.6776671520233772,54.50857749061511,3.1519051226912054,0.38061655737050387,293.1353963515477,3.023677807382325,0.01033896654480365,1.8269165500139328,3.965687332297703,3.1188352750756265,0.2894507496381761,-0.5076330505841354,0.6280210571079134,3.965687332297703,54.508244425817146,0.5635589155345035,714,True
adipose_subcutaneous,raw,ENSG00000109118.14,PHF12,0.6776671520233772,54.50857749061511,3.1519051226912054,0.38061655737050387,293.1353963515477,3.023677807382325,0.01033896654480365,1.8269165500139328,3.965687332297703,3.1188352750756265,0.2894507496381761,-0.5076330505841354,0.6280210571079134,3.965687332297703,54.508244425817146,0.5635589155345035,714,True
adipose_visceral_omentum,excluded_at_or_below_-1,ENSG00000109118.14,PHF12,-1.21524611076502,33.78156227950285,2.7591937970753495,0.7090368683764852,571.7258609435991,2.428974258903051,0.035640976340092584,1.3312293983187824,3.976995936527154,2.719962408062485,0.45254958180818994,-0.25069643647139384,-0.345706604318861,3.976995936527154,33.19641302293898,1.1831525711265094,587,True
adipose_visceral_omentum,raw,ENSG00000109118.14,PHF12,-1.21524611076502,33.78156227950285,2.7591937970753495,0.7090368683764852,571.7258609435991,2.428974258903051,0.035640976340092584,1.3312293983187824,3.976995936527154,2.719962408062485,0.45254958180818994,-0.25069643647139384,-0.345706604318861,3.976995936527154,33.19641302293898,1.1831525711265094,587,True
adrenal_gland,excluded_at_or_below_-1,ENSG00000109118.14,PHF12,1.2519826486335683,33.28703728845833,2.495502652019009,0.3060550918664008,364.210207970612,5.507274330962894,2.593639570076814e-07,0.73828793931607,3.687351886209599,2.433612669848969,0.3474488684502369,-0.9213115897168569,3.192294368591792,3.687351886209599,33.28697821796587,8.633442387440127e-06,295,True
adrenal_gland,raw,ENSG00000109118.14,PHF12,1.2519826486335683,33.28703728845833,2.495502652019009,0.3060550918664008,364.210207970612,5.507274330962894,2.593639570076814e-07,0.73828793931607,3.687351886209599,2.433612669848969,0.3474488684502369,-0.9213115897168569,3.192294368591792,3.687351886209599,33.28697821796587,8.633442387440127e-06,295,True
artery_aorta,excluded_at_or_below_-1,ENSG00000109118.14,PHF12,0.24555001335982124,33.617348159577524,3.358201814167977,0.3763525583920867,265.1210507398994,2.6659520536465786,0.02859529349632316,2.134227512388217,4.067668830066831,3.3380019628223785,0.2766264647392746,-0.42914437961283813,0.6799723051802933,4.067668830066831,33.61639216544627,0.9612706002584346,472,True
artery_aorta,raw,ENSG00000109118.14,PHF12,0.24555001335982124,33.617348159577524,3.358201814167977,0.3763525583920867,265.1210507398994,2.6659520536465786,0.02859529349632316,2.134227512388217,4.067668830066831,3.3380019628223785,0.2766264647392746,-0.42914437961283813,0.6799723051802933,4.067668830066831,33.61639216544627,0.9612706002584346,472,True
artery_coronary,excluded_at_or_below_-1,ENSG00000109118.14,PHF12,0.537774423446272,21.28592189386356,3.2910638324263677,0.3707763396837675,249.22234802447443,4.5777582209525605,0.0,2.221224396152963,4.49125345178902,3.2573026297007637,0.3068589046084328,-0.29944529055499086,1.1236285032666338,4.49125345178902,21.285119821069316,0.0,268,True
artery_coronary,raw,ENSG00000109118.14,PHF12,0.537774423446272,21.28592189386356,3.2910638324263677,0.3707763396837675,249.22234802447443,4.5777582209525605,0.0,2.221224396152963,4.49125345178902,3.2573026297007637,0.3068589046084328,-0.29944529055499086,1.1236285032666338,4.49125345178902,21.285119821069316,0.0,268,True
artery_tibial,excluded_at_or_below_-1,ENSG00000109118.14,PHF12,1.3914088232426756,62.40920162696691,3.569170309659657,0.3214778118241884,820.4754971109254,3.664973793335377,0.0012113500158829039,2.1637015970094127,4.402289003202224,3.529785132831118,0.27425010106849473,-0.7489490870434847,1.7853667406623233,4.402289003202224,62.40915443617712,0.07559933021750176,691,True
artery_tibial,raw,ENSG00000109118.14,PHF12,1.3914088232426756,62.40920162696691,3.569170309659657,0.3214778118241884,820.4754971109254,3.664973793335377,0.0012113500158829039,2.1637015970094127,4.402289003202224,3.529785132831118,0.27425010106849473,-0.7489490870434847,1.7853667406623233,4.402289003202224,62.40915443617712,0.07559933021750176,691,True
bladder,excluded_at_or_below_-1,ENSG00000109118.14,PHF12,0.6168974261237558,3.5930951217014138,3.572054784753251,0.22531759840174406,107.79246533502342,2.6734116384002586,0.027903790129646038,2.905110173572009,3.9979923559449935,3.519709868843958,0.22581289271594762,-0.4994304003259933,0.00804787869345791,3.9979923559449935,3.592484045621897,0.10024392085313516,77,True
bladder,raw,ENSG00000109118.14,PHF12,0.6168974261237558,3.5930951217014138,3.572054784753251,0.22531759840174406,107.79246533502342,2.6734116384002586,0.027903790129646038,2.905110173572009,3.9979923559449935,3.519709868843958,0.22581289271594762,-0.4994304003259933,0.00804787869345791,3.9979923559449935,3.592484045621897,0.10024392085313516,77,True
brain_amygdala,excluded_at_or_below_-1,ENSG00000109118.14,PHF12,0.4296603633659517,8.925328389840232,1.5992336039293584,0.6746833359178007,107.51219700501602,2.304087408062624,0.0625643382020936,0.1223016450569727,2.698451869174489,1.5622699734210503,0.5038859402253413,-0.31861753590127395,-0.005280490815623651,2.698451869174489,8.851226926731927,0.5537711549475338,181,True
brain_amygdala,raw,ENSG00000109118.14,PHF12,0.4296603633659517,8.925328389840232,1.5992336039293584,0.6746833359178007,107.51219700501602,2.304087408062624,0.0625643382020936,0.1223016450569727,2.698451869174489,1.5622699734210503,0.5038859402253413,-0.31861753590127395,-0.005280490815623651,2.698451869174489,8.851226926731927,0.5537711549475338,181,True
brain_anterior_cingulate_cortex_ba24,excluded_at_or_below_-1,ENSG00000109118.14,PHF12,1.2418191600648694,12.432802502369809,1.6791245893103677,0.4753557363527448,214.94989663598363,3.195850595042356,0.004518703830948552,0.4696932568452157,2.7533371080550673,1.6196003529963336,0.4138307626211039,-0.21774682044013724,-0.16961727403784588,2.7533371080550673,12.41356074660708,0.05609320450140598,233,True
brain_anterior_cingulate_cortex_ba24,raw,ENSG00000109118.14,PHF12,1.2418191600648694,12.432802502369809,1.6791245893103677,0.4753557363527448,214.94989663598363,3.195850595042356,0.004518703830948552,0.4696932568452157,2.7533371080550673,1.6196003529963336,0.4138307626211039,-0.21774682044013724,-0.16961727403784588,2.7533371080550673,12.41356074660708,0.05609320450140598,233,True
brain_caudate_basal_ganglia,excluded_at_or_below_-1,ENSG00000109118.14,PHF12,1.6220561781572431,19.152130754458817,1.966816715726141,0.5947897341651845,317.93642521265514,2.6627502805549645,0.028864872446824764,-0.3351795083871747,3.08671584104773,1.7892726710143498,0.5685261683347292,-0.7327592052151665,0.43366261833398534,3.08671584104773,19.152122295904594,0.5528235671572748,300,True
brain_caudate_basal_ganglia,raw,ENSG00000109118.14,PHF12,1.6220561781572431,19.152130754458817,1.966816715726141,0.5947897341651845,317.93642521265514,2.6627502805549645,0.028864872446824764,-0.3351795083871747,3.08671584104773,1.7892726710143498,0.5685261683347292,-0.7327592052151665,0.43366261833398534,3.08671584104773,19.152122295904594,0.5528235671572748,300,True
brain_cerebellar_hemisphere,excluded_at_or_below_-1,ENSG00000109118.14,PHF12,2.425198563610003,26.15819619090234,3.4143087171356385,0.3023103320026843,307.4555071104918,5.381687043571676,5.138870818070615e-07,1.4498413029219108,4.56472873866806,3.2212690754748468,0.5352996129404926,-1.237726965125765,1.7314852039107782,4.56472873866806,26.157792399089363,1.3442151602482966e-05,277,True
brain_cerebellar_hemisphere,raw,ENSG00000109118.14,PHF12,2.425198563610003,26.15819619090234,3.4143087171356385,0.3023103320026843,307.4555071104918,5.381687043571676,5.138870818070615e-07,1.4498413029219108,4.56472873866806,3.2212690754748468,0.5352996129404926,-1.237726965125765,1.7314852039107782,4.56472873866806,26.157792399089363,1.3442151602482966e-05,277,True
brain_cerebellum,excluded_at_or_below_-1,ENSG00000109118.14,PHF12,1.4015374132042004,25.286225292540262,3.430481925818289,0.26351187562474715,501.18743321114164,4.168829661850801,0.00016833400917191035,1.9570658140770336,4.207264268020556,3.330502201194445,0.3417771425565493,-1.3347376723282547,2.7205438318605903,4.207264268020556,25.285973128481746,0.004256489232530525,266,True
brain_cerebellum,raw,ENSG00000109118.14,PHF12,1.4015374132042004,25.286225292540262,3.430481925818289,0.26351187562474715,501.18743321114164,4.168829661850801,0.00016833400917191035,1.9570658140770336,4.207264268020556,3.330502201194445,0.3417771425565493,-1.3347376723282547,2.7205438318605903,4.207264268020556,25.285973128481746,0.004256489232530525,266,True
brain_cortex,excluded_at_or_below_-1,ENSG00000109118.14,PHF12,0.9233072751417357,21.156884713503036,2.1062555771228673,0.394924366380355,260.5566214614984,3.8221288510636526,0.0006717439788857003,0.6320960125887705,3.1735991911930643,2.0489378792309405,0.3593613355415247,-0.5901564000308575,1.2500104233717346,3.1735991911930643,21.156391688477562,0.014211678731682276,270,True
brain_cortex,raw,ENSG00000109118.14,PHF12,0.9233072751417357,21.156884713503036,2.1062555771228673,0.394924366380355,260.5566214614984,3.8221288510636526,0.0006717439788857003,0.6320960125887705,3.1735991911930643,2.0489378792309405,0.3593613355415247,-0.5901564000308575,1.2500104233717346,3.1735991911930643,21.156391688477562,0.014211678731682276,270,True
brain_frontal_cortex_ba9,excluded_at_or_below_-1,ENSG00000109118.14,PHF12,1.3360878146129578,19.040074379153346,1.967174822477361,0.4262336161820601,197.19049614734308,3.7174039426255603,0.00099638453162166,0.418578573027409,3.087573160770715,1.9081822203172587,0.41843926429475625,-0.43613895071429476,0.8286900268722088,3.087573160770715,19.039617867956782,0.018970780731619508,269,True
brain_frontal_cortex_ba9,raw,ENSG00000109118.14,PHF12,1.3360878146129578,19.040074379153346,1.967174822477361,0.4262336161820601,197.19049614734308,3.7174039426255603,0.00099638453162166,0.418578573027409,3.087573160770715,1.9081822203172587,0.41843926429475625,-0.43613895071429476,0.8286900268722088,3.087573160770715,19.039617867956782,0.018970780731619508,269,True
brain_hippocampus,excluded_at_or_below_-1,ENSG00000109118.14,PHF12,0.5133811097140606,14.047793091454752,1.6263043636691037,0.7168125402278678,158.3948214709584,3.025381513504085,0.0,0.123176166324554,3.1597583380562977,1.6051228953843226,0.5393000906609535,-0.11232270700304525,-0.1182471382523076,3.1597583380562977,13.903055101014798,0.0,255,True
brain_hippocampus,raw,ENSG00000109118.14,PHF12,0.5133811097140606,14.047793091454752,1.6263043636691037,0.7168125402278678,158.3948214709584,3.025381513504085,0.0,0.123176166324554,3.1597583380562977,1.6051228953843226,0.5393000906609535,-0.11232270700304525,-0.1182471382523076,3.1597583380562977,13.903055101014798,0.0,255,True
brain_hypothalamus,excluded_at_or_below_-1,ENSG00000109118.14,PHF12,1.1295747533787919,14.166702855115359,1.8971109604398024,0.6839141977796115,173.83123921493512,2.778879846902433,0.020573560119015292,0.0069011903083879,3.2409782742499473,1.7984098315449968,0.5838740439513476,-0.4145392727614215,0.07187506250552333,3.2409782742499473,14.159873875209987,0.2913190164493067,257,True
brain_hypothalamus,raw,ENSG00000109118.14,PHF12,1.1295747533787919,14.166702855115359,1.8971109604398024,0.6839141977796115,173.83123921493512,2.778879846902433,0.020573560119015292,0.0069011903083879,3.2409782742499473,1.7984098315449968,0.5838740439513476,-0.4145392727614215,0.07187506250552333,3.2409782742499473,14.159873875209987,0.2913190164493067,257,True
brain_nucleus_accumbens_basal_ganglia,excluded_at_or_below_-1,ENSG00000109118.14,PHF12,2.089801111969019,18.194973485456146,2.0980299736741292,0.47744765654294646,212.99858018461342,3.126180252287109,0.007547764773332897,0.0981095862473253,3.153448670748925,1.9016434563530216,0.5493007036543884,-0.8507033510238945,0.4674177949306402,3.153448670748925,18.19495808132456,0.13733126365849024,285,True
brain_nucleus_accumbens_basal_ganglia,raw,ENSG00000109118.14,PHF12,2.089801111969019,18.194973485456146,2.0980299736741292,0.47744765654294646,212.99858018461342,3.126180252287109,0.007547764773332897,0.0981095862473253,3.153448670748925,1.9016434563530216,0.5493007036543884,-0.8507033510238945,0.4674177949306402,3.153448670748925,18.19495808132456,0.13733126365849024,285,True
brain_putamen_basal_ganglia,excluded_at_or_below_-1,ENSG00000109118.14,PHF12,2.427320914350402,12.687990191362685,1.7932612030740493,0.5284984397542132,239.72413183443098,3.146325844623195,0.007081104754808901,-0.0583843272961477,2.969058369841024,1.6050969735353515,0.5970873218049724,-0.4569978055527002,-0.19941211400398018,2.969058369841024,12.687780114882422,0.08984350009946374,254,True
brain_putamen_basal_ganglia,raw,ENSG00000109118.14,PHF12,2.427320914350402,12.687990191362685,1.7932612030740493,0.5284984397542132,239.72413183443098,3.146325844623195,0.007081104754808901,-0.0583843272961477,2.969058369841024,1.6050969735353515,0.5970873218049724,-0.4569978055527002,-0.19941211400398018,2.969058369841024,12.687780114882422,0.08984350009946374,254,True
brain_spinal_cord_cervical_c-1,excluded_at_or_below_-1,ENSG00000109118.14,PHF12,1.0628612570823526,11.566133021038176,2.0814707290096734,0.6279391971718608,142.00269321277358,2.552989998434662,0.03840592162659724,0.043267503086954,3.215049512764767,1.9434199176713307,0.5855529091893628,-0.7170138051183043,0.41335285699142466,3.215049512764767,11.56582046773563,0.4441959944311489,204,True
brain_spinal_cord_cervical_c-1,raw,ENSG00000109118.14,PHF12,1.0628612570823526,11.566133021038176,2.0814707290096734,0.6279391971718608,142.00269321277358,2.552989998434662,0.03840592162659724,0.043267503086954,3.215049512764767,1.9434199176713307,0.5855529091893628,-0.7170138051183043,0.41335285699142466,3.215049512764767,11.56582046773563,0.4441959944311489,204,True
brain_substantia_nigra,excluded_at_or_below_-1,ENSG00000109118.14,PHF12,0.33532358050607536,12.19441957517457,1.6430461675509076,0.6534275427377056,158.48353114116406,4.203658007397463,0.0,0.2586515802252453,3.585317119665248,1.5796533082907054,0.5177481915130207,0.046266663905367905,0.7572462427598765,3.585317119665248,12.19257905142597,0.0,183,True
brain_substantia_nigra,raw,ENSG00000109118.14,PHF12,0.33532358050607536,12.19441957517457,1.6430461675509076,0.6534275427377056,158.48353114116406,4.203658007397463,0.0,0.2586515802252453,3.585317119665248,1.5796533082907054,0.5177481915130207,0.046266663905367905,0.7572462427598765,3.585317119665248,12.19257905142597,0.0,183,True
breast_mammary_tissue,excluded_at_or_below_-1,ENSG00000109118.14,PHF12,-113.61964749255763,134.11504298575434,3.177895328750352,2.9707612236512633,1074.2883159229618,0.5529721511020151,0.23405233788371996,1.8338535138869223,4.339493737901733,3.186337602175405,0.5243689103276312,-0.08109808450488327,-0.9180322957915732,4.339493737901733,24.824345405348367,5.8101960785547675,514,True
breast_mammary_tissue,raw,ENSG00000109118.14,PHF12,-113.61964749255763,134.11504298575434,3.177895328750352,2.9707612236512633,1074.2883159229618,0.5529721511020151,0.23405233788371996,1.8338535138869223,4.339493737901733,3.186337602175405,0.5243689103276312,-0.08109808450488327,-0.9180322957915732,4.339493737901733,24.824345405348367,5.8101960785547675,514,True
cells_cultured_fibroblasts,excluded_at_or_below_-1,ENSG00000109118.14,PHF12,2.6334092533211755,72.28739249427346,2.7317834954655575,0.23015518116455722,412.7671641988902,7.930517675474143,0.0,1.864695270431714,4.0224299585532455,2.7748894836482574,0.26610702776755685,0.9425711971387545,2.7248437167843473,4.0224299585532455,72.2858915077574,0.0,652,True
cells_cultured_fibroblasts,raw,ENSG00000109118.14,PHF12,2.6334092533211755,72.28739249427346,2.7317834954655575,0.23015518116455722,412.7671641988902,7.930517675474143,0.0,1.864695270431714,4.0224299585532455,2.7748894836482574,0.26610702776755685,0.9425711971387545,2.7248437167843473,4.0224299585532455,72.2858915077574,0.0,652,True
cells_ebv-transformed_lymphocytes,excluded_at_or_below_-1,ENSG00000109118.14,PHF12,0.8573130154458968,28.525158862144185,3.3052465568957454,0.2172531908998064,243.0573783763083,2.5977671644541247,0.034245603019479064,2.2101799889803284,3.704318677760832,3.2668402633878815,0.20117574721127954,-1.1995903515100965,3.295996407878814,3.704318677760832,28.52515831675668,0.976861247783441,327,True
cells_ebv-transformed_lymphocytes,raw,ENSG00000109118.14,PHF12,0.8573130154458968,28.525158862144185,3.3052465568957454,0.2172531908998064,243.0573783763083,2.5977671644541247,0.034245603019479064,2.2101799889803284,3.704318677760832,3.2668402633878815,0.20117574721127954,-1.1995903515100965,3.295996407878814,3.704318677760832,28.52515831675668,0.976861247783441,327,True
cervix_ectocervix,excluded_at_or_below_-1,ENSG00000109118.14,PHF12,0.4831877398039512,0.6395360874690709,3.799045925478338,0.16050632344357055,27.88970745500768,1.334176327347075,0.4106503202323614,2.5333764585140255,3.950468414150123,3.3259483159007672,0.4643563487123459,-0.2928427352791855,-1.3659977612646335,3.950468414150123,0.6395360828332863,0.26262569721563905,24,True
cervix_ectocervix,raw,ENSG00000109118.14,PHF12,0.4831877398039512,0.6395360874690709,3.799045925478338,0.16050632344357055,27.88970745500768,1.334176327347075,0.4106503202323614,2.5333764585140255,3.950468414150123,3.3259483159007672,0.4643563487123459,-0.2928427352791855,-1.3659977612646335,3.950468414150123,0.6395360828332863,0.26262569721563905,24,True
cervix_endocervix,excluded_at_or_below_-1,ENSG00000109118.14,PHF12,0.47368423273121296,11.95665466317789,3.9492976114154743,0.008047618473652648,17.47368600419656,71.92208671708916,0.0,3.4953497953479316,4.358572086733648,3.8608534205601126,0.21864753688716515,0.19031400643354612,-0.15711784630333092,4.358572086733648,11.95665462284869,0.0,23,True
cervix_endocervix,raw,ENSG00000109118.14,PHF12,0.47368423273121296,11.95665466317789,3.9492976114154743,0.008047618473652648,17.47368600419656,71.92208671708916,0.0,3.4953497953479316,4.358572086733648,3.8608534205601126,0.21864753688716515,0.19031400643354612,-0.15711784630333092,4.358572086733648,11.95665462284869,0.0,23,True
colon_sigmoid,excluded_at_or_below_-1,ENSG00000109118.14,PHF12,1.456387309653696,42.36995390396136,3.5013883594798387,0.3274264564856334,509.1548713806643,3.341655282686406,0.0037600249321204145,1.5496445301225412,4.275066661765736,3.4337066179652544,0.32064787298595937,-0.9817201660385325,3.0216251192438053,4.275066661765736,42.3699402000862,0.15931203152477513,419,True
colon_sigmoid,raw,ENSG00000109118.14,PHF12,1.456387309653696,42.36995390396136,3.5013883594798387,0.3274264564856334,509.1548713806643,3.341655282686406,0.0037600249321204145,1.5496445301225412,4.275066661765736,3.4337066179652544,0.32064787298595937,-0.9817201660385325,3.0216251192438053,4.275066661765736,42.3699402000862,0.15931203152477513,419,True
colon_transverse,excluded_at_or_below_-1,ENSG00000109118.14,PHF12,-4.128900840314086,30.077652515655345,2.9744149154737483,0.830591073695999,893.9924561462693,2.2295241460209523,0.021121092609704857,1.5954081778566307,4.283851413287615,2.994512801157922,0.4435609970442668,0.10035841889870323,-0.5433201899358204,4.283851413287615,28.167258316649882,0.5949232714674415,479,True
colon_transverse,raw,ENSG00000109118.14,PHF12,-4.128900840314086,30.077652515655345,2.9744149154737483,0.830591073695999,893.9924561462693,2.2295241460209523,0.021121092609704857,1.5954081778566307,4.283851413287615,2.994512801157922,0.4435609970442668,0.10035841889870323,-0.5433201899358204,4.283851413287615,28.167258316649882,0.5949232714674415,479,True
esophagus_gastroesophageal_junction,excluded_at_or_below_-1,ENSG00000109118.14,PHF12,1.3594580870658852,35.68924034621536,3.2693530448187373,0.3321293620442408,271.22786064069976,4.181483283714108,0.0001596607993314264,1.84081165426036,4.251378258244201,3.222175223103459,0.3168497432524221,-0.6755932845592135,1.7327433509629913,4.251378258244201,35.68923730355512,0.0056981721554145714,403,True
esophagus_gastroesophageal_junction,raw,ENSG00000109118.14,PHF12,1.3594580870658852,35.68924034621536,3.2693530448187373,0.3321293620442408,271.22786064069976,4.181483283714108,0.0001596607993314264,1.84081165426036,4.251378258244201,3.222175223103459,0.3168497432524221,-0.6755932845592135,1.7327433509629913,4.251378258244201,35.68923730355512,0.0056981721554145714,403,True
esophagus_mucosa,excluded_at_or_below_-1,ENSG00000109118.14,PHF12,0.7049267595378942,41.67560378339015,2.4367007268543652,0.5494806262720311,487.30836756739956,4.105353876255803,0.0,1.263809646091112,4.031800985409392,2.4593044516302944,0.4131285938254027,0.1877980666723614,0.29454571120712725,4.031800985409392,41.66638233516274,0.0,614,True
esophagus_mucosa,raw,ENSG00000109118.14,PHF12,0.7049267595378942,41.67560378339015,2.4367007268543652,0.5494806262720311,487.30836756739956,4.105353876255803,0.0,1.263809646091112,4.031800985409392,2.4593044516302944,0.4131285938254027,0.1877980666723614,0.29454571120712725,4.031800985409392,41.66638233516274,0.0,614,True
esophagus_muscularis,excluded_at_or_below_-1,ENSG00000109118.14,PHF12,1.6549442839319433,44.73653329408632,3.173607990904172,0.3199484130327083,399.16742030498744,4.199819690776301,0.00014062375692690658,2.07288783454818,4.123765506599739,3.150271648589912,0.2821338730992535,-0.24079076654831433,0.8975379044560428,4.123765506599739,44.7349922269487,0.006290802673049489,561,True
esophagus_muscularis,raw,ENSG00000109118.14,PHF12,1.6549442839319433,44.73653329408632,3.173607990904172,0.3199484130327083,399.16742030498744,4.199819690776301,0.00014062375692690658,2.07288783454818,4.123765506599739,3.150271648589912,0.2821338730992535,-0.24079076654831433,0.8975379044560428,4.123765506599739,44.7349922269487,0.006290802673049489,561,True
fallopian_tube,excluded_at_or_below_-1,ENSG00000109118.14,PHF12,0.4769798433354363,6.302442270851719,3.690198133989157,0.027758236459465013,17.090510575788194,29.975632589225846,0.0,3.0288431675102796,4.2785609665712006,3.687299732835385,0.22446632990353757,-0.38357359153780757,2.2406053880774293,4.2785609665712006,6.302440458067477,0.0,29,True
fallopian_tube,raw,ENSG00000109118.14,PHF12,0.4769798433354363,6.302442270851719,3.690198133989157,0.027758236459465013,17.090510575788194,29.975632589225846,0.0,3.0288431675102796,4.2785609665712006,3.687299732835385,0.22446632990353757,-0.38357359153780757,2.2406053880774293,4.2785609665712006,6.302440458067477,0.0,29,True
heart_atrial_appendage,excluded_at_or_below_-1,ENSG00000109118.14,PHF12,1.3199251532582392,32.785925927819186,1.7844647580702133,0.4555809598778546,447.3231957186198,3.727347863329392,0.0008752597961105296,0.3912233077641278,2.9852089473175534,1.7610018214621295,0.38689071613246345,-0.232076987073821,0.6625883353158919,2.9852089473175534,32.78285840859856,0.028693517966630333,461,True
heart_atrial_appendage,raw,ENSG00000109118.14,PHF12,1.3199251532582392,32.785925927819186,1.7844647580702133,0.4555809598778546,447.3231957186198,3.727347863329392,0.0008752597961105296,0.3912233077641278,2.9852089473175534,1.7610018214621295,0.38689071613246345,-0.232076987073821,0.6625883353158919,2.9852089473175534,32.78285840859856,0.028693517966630333,461,True
heart_left_ventricle,excluded_at_or_below_-1,ENSG00000109118.14,PHF12,3.617142235279476,36.0660273116288,1.4429737083198753,0.4117294403603448,684.158914759558,5.835629634687468,1.7348323421247264e-08,-0.2838633461449154,3.141939541746269,1.2829133374457637,0.5222403111996906,-0.26431280657101214,0.5978346107605672,3.141939541746269,36.06599854311029,6.2568460723611e-07,452,True
heart_left_ventricle,raw,ENSG00000109118.14,PHF12,3.617142235279476,36.0660273116288,1.4429737083198753,0.4117294403603448,684.158914759558,5.835629634687468,1.7348323421247264e-08,-0.2838633461449154,3.141939541746269,1.2829133374457637,0.5222403111996906,-0.26431280657101214,0.5978346107605672,3.141939541746269,36.06599854311029,6.2568460723611e-07,452,True
kidney_cortex,excluded_at_or_below_-1,ENSG00000109118.14,PHF12,1.6673207503814123,3.903770550744316,1.7184790523581035,0.4204093529084034,97.21388945529827,7.594210842797012,0.0,0.8632605415840346,3.976042797477942,2.1606806830791334,0.7357166567263518,0.5469935283868504,-0.5833766633655388,3.976042797477942,3.9036611399478005,0.0,104,True
kidney_cortex,raw,ENSG00000109118.14,PHF12,1.6673207503814123,3.903770550744316,1.7184790523581035,0.4204093529084034,97.21388945529827,7.594210842797012,0.0,0.8632605415840346,3.976042797477942,2.1606806830791334,0.7357166567263518,0.5469935283868504,-0.5833766633655388,3.976042797477942,3.9036611399478005,0.0,104,True
kidney_medulla,excluded_at_or_below_-1,ENSG00000109118.14,PHF12,0.16848459974542426,1.1743764497892062,3.344219551412242,0.1483403834105861,8.507628612506338,0.814834800033612,0.7175231739451541,1.123884669751805,3.4296896033685007,2.680711694848307,0.7659155915047952,-0.7820924677052878,-0.5715300458716586,3.4296896033685007,1.1743437532736147,0.8426188571515489,11,True
kidney_medulla,raw,ENSG00000109118.14,PHF12,0.16848459974542426,1.1743764497892062,3.344219551412242,0.1483403834105861,8.507628612506338,0.814834800033612,0.7175231739451541,1.123884669751805,3.4296896033685007,2.680711694848307,0.7659155915047952,-0.7820924677052878,-0.5715300458716586,3.4296896033685007,1.1743437532736147,0.8426188571515489,11,True
liver,excluded_at_or_below_-1,ENSG00000109118.14,PHF12,0.650921606799847,16.98208709143896,1.911076634537747,0.46646006334990076,305.9065712500303,3.131861536598199,0.007171570516558355,0.566065001089116,2.944080679777772,1.9185533781433293,0.391462896310932,-0.14662244441432873,0.813834119812805,2.944080679777772,16.977875235462015,0.12175802947244563,262,True
liver,raw,ENSG00000109118.14,PHF12,0.650921606799847,16.98208709143896,1.911076634537747,0.46646006334990076,305.9065712500303,3.131861536598199,0.007171570516558355,0.566065001089116,2.944080679777772,1.9185533781433293,0.391462896310932,-0.14662244441432873,0.813834119812805,2.944080679777772,16.977875235462015,0.12175802947244563,262,True
lung,excluded_at_or_below_-1,ENSG00000109118.14,PHF12,-0.2148003420265846,44.03861974628043,3.6215629297672427,0.49275975948587036,262.28801171455996,2.960489065117277,0.01237226229812939,2.145436170764452,4.653097288156374,3.620235654193832,0.34591201280362444,-0.19351665722511846,0.4569565198858969,4.653097288156374,44.03253073926601,0.5447820199566442,604,True
lung,raw,ENSG00000109118.14,PHF12,-0.2148003420265846,44.03861974628043,3.6215629297672427,0.49275975948587036,262.28801171455996,2.960489065117277,0.01237226229812939,2.145436170764452,4.653097288156374,3.620235654193832,0.34591201280362444,-0.19351665722511846,0.4569565198858969,4.653097288156374,44.03253073926601,0.5447820199566442,604,True
minor_salivary_gland,excluded_at_or_below_-1,ENSG00000109118.14,PHF12,0.9133114061581048,9.30956327185246,3.0390673425311294,0.46238627591396353,97.25144134487778,2.5172218267267032,0.04161255435682298,1.762074496772497,3.862089308291658,2.9586625471197583,0.40071315841319555,-0.5500488278816984,0.12618447079497663,3.862089308291658,9.304997479467929,0.38720471340445994,181,True
minor_salivary_gland,raw,ENSG00000109118.14,PHF12,0.9133114061581048,9.30956327185246,3.0390673425311294,0.46238627591396353,97.25144134487778,2.5172218267267032,0.04161255435682298,1.762074496772497,3.862089308291658,2.9586625471197583,0.40071315841319555,-0.5500488278816984,0.12618447079497663,3.862089308291658,9.304997479467929,0.38720471340445994,181,True
muscle_skeletal,excluded_at_or_below_-1,ENSG00000109118.14,PHF12,-0.12950708239436193,56.92416422318679,2.00039554026856,0.6324063836602264,897.6536819329374,3.983487565337479,0.0,0.6863750212624316,3.7817268982589938,2.023180756789583,0.44752676863400426,0.26161542690099493,0.36200259785981803,3.7817268982589938,56.90346076941679,0.0,818,True
muscle_skeletal,raw,ENSG00000109118.14,PHF12,-0.12950708239436193,56.92416422318679,2.00039554026856,0.6324063836602264,897.6536819329374,3.983487565337479,0.0,0.6863750212624316,3.7817268982589938,2.023180756789583,0.44752676863400426,0.26161542690099493,0.36200259785981803,3.7817268982589938,56.90346076941679,0.0,818,True
nerve_tibial,excluded_at_or_below_-1,ENSG00000109118.14,PHF12,0.6868351199912197,47.676669480907506,3.690806093789075,0.30874842558981924,999.0387688952035,2.8643176655081506,0.016506961272983567,2.6952366448324794,4.316138499830193,3.6619303206631653,0.23331344267135398,-0.435883026513271,0.3872786042245733,4.316138499830193,47.67518546818538,0.786972440205645,670,True
nerve_tibial,raw,ENSG00000109118.14,PHF12,0.6868351199912197,47.676669480907506,3.690806093789075,0.30874842558981924,999.0387688952035,2.8643176655081506,0.016506961272983567,2.6952366448324794,4.316138499830193,3.6619303206631653,0.23331344267135398,-0.435883026513271,0.3872786042245733,4.316138499830193,47.67518546818538,0.786972440205645,670,True
ovary,excluded_at_or_below_-1,ENSG00000109118.14,PHF12,0.7168904506038054,12.147996881385177,3.6595611636799563,0.3424119815316945,132.27670020995888,2.682001847449026,0.027402880358935577,2.520749096650175,4.308932370045469,3.6130228585051145,0.305555937612432,-0.7287631721618194,1.0880786672677498,4.308932370045469,12.147597122981892,0.3328791506096228,193,True
ovary,raw,ENSG00000109118.14,PHF12,0.7168904506038054,12.147996881385177,3.6595611636799563,0.3424119815316945,132.27670020995888,2.682001847449026,0.027402880358935577,2.520749096650175,4.308932370045469,3.6130228585051145,0.305555937612432,-0.7287631721618194,1.0880786672677498,4.308932370045469,12.147597122981892,0.3328791506096228,193,True
pancreas,excluded_at_or_below_-1,ENSG00000109118.14,PHF12,1.1521298390041186,24.441712452974734,2.1729260560869044,0.4804181546541264,342.30178708167904,4.068014955564542,0.0,0.9199959638577562,3.554858948017489,2.188649729924816,0.42146012970493946,0.11532041232269995,0.8966805709421712,3.554858948017489,24.435425818093538,0.0,362,True
pancreas,raw,ENSG00000109118.14,PHF12,1.1521298390041186,24.441712452974734,2.1729260560869044,0.4804181546541264,342.30178708167904,4.068014955564542,0.0,0.9199959638577562,3.554858948017489,2.188649729924816,0.42146012970493946,0.11532041232269995,0.8966805709421712,3.554858948017489,24.435425818093538,0.0,362,True
pituitary,excluded_at_or_below_-1,ENSG00000109118.14,PHF12,1.259166944914135,24.678306559666566,3.566790732039607,0.3122775040473309,258.5726392124627,3.2458990730981467,0.00515441288952363,2.204342642383933,4.28352919920276,3.516995597657889,0.3014023845976093,-0.762129920725025,1.695818359044055,4.28352919920276,24.677581366585212,0.12719844347819498,313,True
pituitary,raw,ENSG00000109118.14,PHF12,1.259166944914135,24.678306559666566,3.566790732039607,0.3122775040473309,258.5726392124627,3.2458990730981467,0.00515441288952363,2.204342642383933,4.28352919920276,3.516995597657889,0.3014023845976093,-0.762129920725025,1.695818359044055,4.28352919920276,24.677581366585212,0.12719844347819498,313,True
prostate,excluded_at_or_below_-1,ENSG00000109118.14,PHF12,0.8340722752444104,20.288512902780337,3.8476758921056016,0.4995335574255505,315.09206584061934,5.070358146442601,0.0,2.7514530091043996,5.638645876910408,3.8833622072096667,0.43443623989482144,0.2858953494600284,0.8772415136322067,5.638645876910408,20.288108765422034,0.0,282,True
prostate,raw,ENSG00000109118.14,PHF12,0.8340722752444104,20.288512902780337,3.8476758921056016,0.4995335574255505,315.09206584061934,5.070358146442601,0.0,2.7514530091043996,5.638645876910408,3.8833622072096667,0.43443623989482144,0.2858953494600284,0.8772415136322067,5.638645876910408,20.288108765422034,0.0,282,True
skin_not_sun_exposed_suprapubic,excluded_at_or_below_-1,ENSG00000109118.14,PHF12,1.4981596552278833,49.56610239634365,2.9881814731795573,0.34902428275780445,454.8182993837502,3.4786724839155028,0.0023511606504176812,1.7721453669685414,3.84670892684826,2.953208646719398,0.29752132553461597,-0.5226561373706955,1.0924135016890464,3.84670892684826,49.56577536599185,0.11653710064796208,651,True
skin_not_sun_exposed_suprapubic,raw,ENSG00000109118.14,PHF12,1.4981596552278833,49.56610239634365,2.9881814731795573,0.34902428275780445,454.8182993837502,3.4786724839155028,0.0023511606504176812,1.7721453669685414,3.84670892684826,2.953208646719398,0.29752132553461597,-0.5226561373706955,1.0924135016890464,3.84670892684826,49.56577536599185,0.11653710064796208,651,True
skin_sun_exposed_lower_leg,excluded_at_or_below_-1,ENSG00000109118.14,PHF12,1.1620488722778095,74.65525714194347,3.1141209912562524,0.3334849726563974,1016.5860854855453,3.0768757059500107,0.008795111866453396,1.3474190449130368,3.839677468698074,3.0798331673660964,0.28235079182180245,-0.9249901758915284,2.9378119968613774,3.839677468698074,74.65354953768313,0.6565863194117434,754,True
skin_sun_exposed_lower_leg,raw,ENSG00000109118.14,PHF12,1.1620488722778095,74.65525714194347,3.1141209912562524,0.3334849726563974,1016.5860854855453,3.0768757059500107,0.008795111866453396,1.3474190449130368,3.839677468698074,3.0798331673660964,0.28235079182180245,-0.9249901758915284,2.9378119968613774,3.839677468698074,74.65354953768313,0.6565863194117434,754,True
small_intestine_terminal_ileum,excluded_at_or_below_-1,ENSG00000109118.14,PHF12,2.273627906140267,10.779090109808246,3.1037493401516003,0.45726514874439267,357.00366360381116,6.233714465444122,0.0,2.1114119733561982,5.119329198888223,3.3807277325666076,0.5471156187922901,0.4507421323432987,-0.5883432337931578,5.119329198888223,10.778897561370478,0.0,207,True
small_intestine_terminal_ileum,raw,ENSG00000109118.14,PHF12,2.273627906140267,10.779090109808246,3.1037493401516003,0.45726514874439267,357.00366360381116,6.233714465444122,0.0,2.1114119733561982,5.119329198888223,3.3807277325666076,0.5471156187922901,0.4507421323432987,-0.5883432337931578,5.119329198888223,10.778897561370478,0.0,207,True
spleen,excluded_at_or_below_-1,ENSG00000109118.14,PHF12,1.1252637245028019,18.744015215039543,3.9934653780237137,0.3203423903681938,154.1869251223364,3.337599539465126,0.0037993352603504036,2.91521492900226,4.74948599825446,3.9742905642241695,0.28817916453138903,-0.20197544845461698,0.5309997371800437,4.74948599825446,18.743767884497117,0.07121385823539339,277,True
spleen,raw,ENSG00000109118.14,PHF12,1.1252637245028019,18.744015215039543,3.9934653780237137,0.3203423903681938,154.1869251223364,3.337599539465126,0.0037993352603504036,2.91521492900226,4.74948599825446,3.9742905642241695,0.28817916453138903,-0.20197544845461698,0.5309997371800437,4.74948599825446,18.743767884497117,0.07121385823539339,277,True
stomach,excluded_at_or_below_-1,ENSG00000109118.14,PHF12,1.0750230046774487,25.155800302176974,2.719641090038062,0.5944516937076114,740.4771563839805,3.8396242148073982,0.0,1.4240648135982372,4.333591895221232,2.764110957275629,0.4665972383108086,0.08607314520093322,-0.05596265831595515,4.333591895221232,25.139852015314112,0.0,407,True
stomach,raw,ENSG00000109118.14,PHF12,1.0750230046774487,25.155800302176974,2.719641090038062,0.5944516937076114,740.4771563839805,3.8396242148073982,0.0,1.4240648135982372,4.333591895221232,2.764110957275629,0.4665972383108086,0.08607314520093322,-0.05596265831595515,4.333591895221232,25.139852015314112,0.0,407,True
testis,excluded_at_or_below_-1,ENSG00000109118.14,PHF12,1.1532544874767396,29.47149118467455,3.044295225295459,0.2817553741832586,247.64254376546683,4.0384152292702895,0.0,2.248615287217418,3.848873277934892,3.061255470675724,0.23620283538302017,0.21765995773518224,0.45660213185705745,3.848873277934892,29.46294663225398,0.0,414,True
testis,raw,ENSG00000109118.14,PHF12,1.1532544874767396,29.47149118467455,3.044295225295459,0.2817553741832586,247.64254376546683,4.0384152292702895,0.0,2.248615287217418,3.848873277934892,3.061255470675724,0.23620283538302017,0.21765995773518224,0.45660213185705745,3.848873277934892,29.46294663225398,0.0,414,True
thyroid,excluded_at_or_below_-1,ENSG00000109118.14,PHF12,1.0110242814910106,88.80318475033565,3.7658485941202313,0.2980738910058701,628.0388174725877,3.57720099808733,0.0016645827175478223,1.6042113152440711,4.519815497549398,3.728141365690903,0.26688091622919213,-1.521143480013515,8.328851751255293,4.519815497549398,88.8029464644567,0.1478198499520591,684,True
thyroid,raw,ENSG00000109118.14,PHF12,1.0110242814910106,88.80318475033565,3.7658485941202313,0.2980738910058701,628.0388174725877,3.57720099808733,0.0016645827175478223,1.6042113152440711,4.519815497549398,3.728141365690903,0.26688091622919213,-1.521143480013515,8.328851751255293,4.519815497549398,88.8029464644567,0.1478198499520591,684,True
uterus,excluded_at_or_below_-1,ENSG00000109118.14,PHF12,-0.1507418542296267,8.748440031480452,3.9084383030662244,0.40598786381718305,90.37440204398116,2.1258073942760802,0.10045312427568447,2.9624749892061613,4.51870822682561,3.8932058670064236,0.2696612991416727,-0.2618527788184314,0.017889654219081397,4.51870822682561,8.710053748276785,0.8749521116235391,153,True
uterus,raw,ENSG00000109118.14,PHF12,-0.1507418542296267,8.748440031480452,3.9084383030662244,0.40598786381718305,90.37440204398116,2.1258073942760802,0.10045312427568447,2.9624749892061613,4.51870822682561,3.8932058670064236,0.2696612991416727,-0.2618527788184314,0.017889654219081397,4.51870822682561,8.710053748276785,0.8749521116235391,153,True
vagina,excluded_at_or_below_-1,ENSG00000109118.14,PHF12,-0.0008633757286178672,8.35262199304751,3.353346078101491,0.7327292427569504,282.3207134612908,1.3480065948434523,0.3987055158079542,1.7284321122513262,4.051772311416342,3.246167638124016,0.444936455760961,-0.5629849533778872,-0.09585781453667641,4.051772311416342,8.29152174025895,3.305875452282811,170,True
vagina,raw,ENSG00000109118.14,PHF12,-0.0008633757286178672,8.35262199304751,3.353346078101491,0.7327292427569504,282.3207134612908,1.3480065948434523,0.3987055158079542,1.7284321122513262,4.051772311416342,3.246167638124016,0.444936455760961,-0.5629849533778872,-0.09585781453667641,4.051772311416342,8.29152174025895,3.305875452282811,170,True
whole_blood,excluded_at_or_below_-1,ENSG00000109118.14,PHF12,1.2951315694343686,63.616444238070486,4.356360790864228,0.82442862130998,556.0318359210023,3.538945063351768,0.0019025610259829188,1.4703962979701974,6.419420909291476,4.266011971696041,0.6713247777448648,-0.6272611365711589,1.1502652179352584,6.419420909291476,63.61556720721435,0.12103249881424305,803,True
whole_blood,raw,ENSG00000109118.14,PHF12,1.2951315694343686,63.616444238070486,4.356360790864228,0.82442862130998,556.0318359210023,3.538945063351768,0.0019025610259829188,1.4703962979701974,6.419420909291476,4.266011971696041,0.6713247777448648,-0.6272611365711589,1.1502652179352584,6.419420909291476,63.61556720721435,0.12103249881424305,803,True
adipose_subcutaneous,excluded_at_or_below_-1,ENSG00000116273.6,PHF13,-0.03345595313708229,55.5731276753734,3.614998351421109,0.5353276419835286,733.8409152948736,3.532140595295115,0.0018371734532932477,2.004111227551266,4.952032973589999,3.5901881176246575,0.38082475595090187,-0.2818576884941633,0.3947139881696988,4.952032973589999,55.566147979019284,0.10208465196881847,714,True
adipose_subcutaneous,raw,ENSG00000116273.6,PHF13,-0.03345595313708229,55.5731276753734,3.614998351421109,0.5353276419835286,733.8409152948736,3.532140595295115,0.0018371734532932477,2.004111227551266,4.952032973589999,3.5901881176246575,0.38082475595090187,-0.2818576884941633,0.3947139881696988,4.952032973589999,55.566147979019284,0.10208465196881847,714,True
adipose_visceral_omentum,excluded_at_or_below_-1,ENSG00000116273.6,PHF13,1.5327367233658429,42.87086202086303,3.537492302491578,0.5287572450642666,372.501731513189,3.827737662668052,0.0005800663841641204,1.911653237308532,4.968636844723836,3.5151409916998997,0.44786250075252204,-0.33493912357073696,0.6812076118423964,4.968636844723836,42.86678153624152,0.024865578966480895,587,True
adipose_visceral_omentum,raw,ENSG00000116273.6,PHF13,1.5327367233658429,42.87086202086303,3.537492302491578,0.5287572450642666,372.501731513189,3.827737662668052,0.0005800663841641204,1.911653237308532,4.968636844723836,3.5151409916998997,0.44786250075252204,-0.33493912357073696,0.6812076118423964,4.968636844723836,42.86678153624152,0.024865578966480895,587,True
adrenal_gland,excluded_at_or_below_-1,ENSG00000116273.6,PHF13,1.2620839322064645,20.055161702435782,2.9945063602185424,0.3952939717024077,216.52704586407904,3.038051383023007,0.009902076362311489,1.5477261999416203,3.843687438227701,2.931376830339473,0.364772342642518,-0.5823303478442673,0.7182131715823781,3.843687438227701,20.05474135909856,0.19858358036420043,295,True
adrenal_gland,raw,ENSG00000116273.6,PHF13,1.2620839322064645,20.055161702435782,2.9945063602185424,0.3952939717024077,216.52704586407904,3.038051383023007,0.009902076362311489,1.5477261999416203,3.843687438227701,2.931376830339473,0.364772342642518,-0.5823303478442673,0.7182131715823781,3.843687438227701,20.05474135909856,0.19858358036420043,295,True
artery_aorta,excluded_at_or_below_-1,ENSG00000116273.6,PHF13,0.9729551937896215,25.59594509933099,4.120770236203667,0.49006543075941644,516.7694283243841,2.956394342229061,0.0,3.098158444875346,5.145245397075416,4.155542471158068,0.3671599911820769,0.18072895189664126,-0.17511013018032973,5.145245397075416,25.27210359460301,0.0,472,True
artery_aorta,raw,ENSG00000116273.6,PHF13,0.9729551937896215,25.59594509933099,4.120770236203667,0.49006543075941644,516.7694283243841,2.956394342229061,0.0,3.098158444875346,5.145245397075416,4.155542471158068,0.3671599911820769,0.18072895189664126,-0.17511013018032973,5.145245397075416,25.27210359460301,0.0,472,True
artery_coronary,excluded_at_or_below_-1,ENSG00000116273.6,PHF13,0.656730778284167,19.5161701148891,3.7839243552196917,0.5067484256915175,219.18696089630282,4.070465302894514,0.0,2.3420070887133817,5.242474845014502,3.782009667060021,0.4308000325854863,0.07659128645125697,0.8724062465387505,5.242474845014502,19.51115916456975,0.0,268,True
artery_coronary,raw,ENSG00000116273.6,PHF13,0.656730778284167,19.5161701148891,3.7839243552196917,0.5067484256915175,219.18696089630282,4.070465302894514,0.0,2.3420070887133817,5.242474845014502,3.782009667060021,0.4308000325854863,0.07659128645125697,0.8724062465387505,5.242474845014502,19.51115916456975,0.0,268,True
artery_tibial,excluded_at_or_below_-1,ENSG00000116273.6,PHF13,1.2361890506010167,52.600934780162696,4.44285528324817,0.501634945138446,607.5176990621057,3.770971149552548,0.0007665300353616309,2.8647210191022823,5.780454466323606,4.389396249950831,0.39898326681153407,-0.40464852362306586,0.4626207553957524,5.780454466323606,52.59807505116104,0.04031800432892019,691,True
artery_tibial,raw,ENSG00000116273.6,PHF13,1.2361890506010167,52.600934780162696,4.44285528324817,0.501634945138446,607.5176990621057,3.770971149552548,0.0007665300353616309,2.8647210191022823,5.780454466323606,4.389396249950831,0.39898326681153407,-0.40464852362306586,0.4626207553957524,5.780454466323606,52.59807505116104,0.04031800432892019,691,True
bladder,excluded_at_or_below_-1,ENSG00000116273.6,PHF13,1.1769890423972291,3.0817704698055493,3.942575253154875,0.16280333146163614,51.95489013106853,4.707188070687905,1.5297445022027932e-05,3.295605488588061,4.484463635584548,3.8783405007077967,0.28378261919518005,-0.12921766406921997,-0.2640743735776936,4.484463635584548,3.0817696928206457,4.714320244647574e-05,77,True
bladder,raw,ENSG00000116273.6,PHF13,1.1769890423972291,3.0817704698055493,3.942575253154875,0.16280333146163614,51.95489013106853,4.707188070687905,1.5297445022027932e-05,3.295605488588061,4.484463635584548,3.8783405007077967,0.28378261919518005,-0.12921766406921997,-0.2640743735776936,4.484463635584548,3.0817696928206457,4.714320244647574e-05,77,True
brain_amygdala,excluded_at_or_below_-1,ENSG00000116273.6,PHF13,0.23207188766355286,9.543734878926827,2.0895670243352193,0.8476133417461729,220.48679371834552,2.416605181074782,0.046300014027692335,0.2271865604314771,3.5379669320370803,2.027900787072404,0.6141341327317619,-0.3286963463361456,0.030745405669872383,3.5379669320370803,9.467337918527496,0.43833787843272665,181,True
brain_amygdala,raw,ENSG00000116273.6,PHF13,0.23207188766355286,9.543734878926827,2.0895670243352193,0.8476133417461729,220.48679371834552,2.416605181074782,0.046300014027692335,0.2271865604314771,3.5379669320370803,2.027900787072404,0.6141341327317619,-0.3286963463361456,0.030745405669872383,3.5379669320370803,9.467337918527496,0.43833787843272665,181,True
brain_anterior_cingulate_cortex_ba24,excluded_at_or_below_-1,ENSG00000116273.6,PHF13,1.5364989235463837,13.157158326019273,2.2528466914200376,0.5476839322571613,388.70740982115586,3.289972483134575,0.004399744320709299,0.5501865262166816,3.5269576987826134,2.1315552587484548,0.5343290524691076,-0.4765444110866454,-0.09352400647214498,3.5269576987826134,13.156164562046156,0.05788376031417952,233,True
brain_anterior_cingulate_cortex_ba24,raw,ENSG00000116273.6,PHF13,1.5364989235463837,13.157158326019273,2.2528466914200376,0.5476839322571613,388.70740982115586,3.289972483134575,0.004399744320709299,0.5501865262166816,3.5269576987826134,2.1315552587484548,0.5343290524691076,-0.4765444110866454,-0.09352400647214498,3.5269576987826134,13.156164562046156,0.05788376031417952,233,True
brain_caudate_basal_ganglia,excluded_at_or_below_-1,ENSG00000116273.6,PHF13,1.462870020342869,16.90041433190207,2.1493383866335707,0.6903333851651986,491.48853749975416,2.9514736349118422,0.012568869814996095,0.1701878685892617,3.5900690088145195,2.0414266035796027,0.6063648109241081,-0.402104208107154,0.004631069983425551,3.5900690088145195,16.895722336525278,0.21236013447810786,300,True
brain_caudate_basal_ganglia,raw,ENSG00000116273.6,PHF13,1.462870020342869,16.90041433190207,2.1493383866335707,0.6903333851651986,491.48853749975416,2.9514736349118422,0.012568869814996095,0.1701878685892617,3.5900690088145195,2.0414266035796027,0.6063648109241081,-0.402104208107154,0.004631069983425551,3.5900690088145195,16.895722336525278,0.21236013447810786,300,True
brain_cerebellar_hemisphere,excluded_at_or_below_-1,ENSG00000116273.6,PHF13,2.0711562337100777,23.763756072843446,2.899144128000844,0.37808730282214764,176.70002937442626,4.8471658527207095,7.909284816102394e-06,0.9141014091176364,4.1950246882972255,2.72324526551713,0.5485734368749184,-0.9895614545916499,1.3409335355002376,4.1950246882972255,23.76291623973115,0.00018794767260121858,277,True
brain_cerebellar_hemisphere,raw,ENSG00000116273.6,PHF13,2.0711562337100777,23.763756072843446,2.899144128000844,0.37808730282214764,176.70002937442626,4.8471658527207095,7.909284816102394e-06,0.9141014091176364,4.1950246882972255,2.72324526551713,0.5485734368749184,-0.9895614545916499,1.3409335355002376,4.1950246882972255,23.76291623973115,0.00018794767260121858,277,True
brain_cerebellum,excluded_at_or_below_-1,ENSG00000116273.6,PHF13,1.2368818624647737,22.617965425516953,2.699158109792793,0.3904879957089942,298.2248260899571,5.311642551528291,0.0,1.2738560093476248,4.165791374423935,2.6191180247362413,0.41646278791383745,-0.3993513371784804,1.4545786150300808,4.165791374423935,22.617781811311264,0.0,266,True
brain_cerebellum,raw,ENSG00000116273.6,PHF13,1.2368818624647737,22.617965425516953,2.699158109792793,0.3904879957089942,298.2248260899571,5.311642551528291,0.0,1.2738560093476248,4.165791374423935,2.6191180247362413,0.41646278791383745,-0.3993513371784804,1.4545786150300808,4.165791374423935,22.617781811311264,0.0,266,True
brain_cortex,excluded_at_or_below_-1,ENSG00000116273.6,PHF13,1.0308066852141633,19.518649039806625,2.384979497082874,0.49941734762796614,497.97644148055383,3.599438326079522,0.0015322359973310698,0.6355408148199626,3.6560901621118633,2.276092927801031,0.45096779441198365,-0.5881391357120939,0.6321085061968752,3.6560901621118633,19.518547300005636,0.029907020788677796,270,True
brain_cortex,raw,ENSG00000116273.6,PHF13,1.0308066852141633,19.518649039806625,2.384979497082874,0.49941734762796614,497.97644148055383,3.599438326079522,0.0015322359973310698,0.6355408148199626,3.6560901621118633,2.276092927801031,0.45096779441198365,-0.5881391357120939,0.6321085061968752,3.6560901621118633,19.518547300005636,0.029907020788677796,270,True
brain_frontal_cortex_ba9,excluded_at_or_below_-1,ENSG00000116273.6,PHF13,1.624196955672541,19.326104962688728,2.6307048236991903,0.46899055399492046,286.0039689801308,3.574514322691577,0.001680672992710721,0.6671200598065823,3.816108144007352,2.4856008981501807,0.5174511136703537,-0.797361476313903,0.9508835988236788,3.816108144007352,19.325528044310357,0.03247989305394605,269,True
brain_frontal_cortex_ba9,raw,ENSG00000116273.6,PHF13,1.624196955672541,19.326104962688728,2.6307048236991903,0.46899055399492046,286.0039689801308,3.574514322691577,0.001680672992710721,0.6671200598065823,3.816108144007352,2.4856008981501807,0.5174511136703537,-0.797361476313903,0.9508835988236788,3.816108144007352,19.325528044310357,0.03247989305394605,269,True
brain_hippocampus,excluded_at_or_below_-1,ENSG00000116273.6,PHF13,1.4260395822216119,12.194210567976908,1.993461258822178,0.7485457526520536,138.401535513432,2.956868557106001,0.006806324282004744,0.2966101120468158,3.558537042608348,1.9364151420293223,0.6413311227983503,-0.20217850640668816,-0.198895871649718,3.558537042608348,12.122581983947281,0.08251022411793363,255,True
brain_hippocampus,raw,ENSG00000116273.6,PHF13,1.4260395822216119,12.194210567976908,1.993461258822178,0.7485457526520536,138.401535513432,2.956868557106001,0.006806324282004744,0.2966101120468158,3.558537042608348,1.9364151420293223,0.6413311227983503,-0.20217850640668816,-0.198895871649718,3.558537042608348,12.122581983947281,0.08251022411793363,255,True
brain_hypothalamus,excluded_at_or_below_-1,ENSG00000116273.6,PHF13,2.0672748618980776,9.610413921315319,2.418620860500097,0.8583092287839934,181.64471769887325,2.2299388286580357,0.07811219569961804,0.4620523187964329,3.772007030159824,2.272586911994048,0.7362151821831501,-0.36756859485247806,-0.3948312442601858,3.772007030159824,9.55720377814426,0.7465341718595333,257,True
brain_hypothalamus,raw,ENSG00000116273.6,PHF13,2.0672748618980776,9.610413921315319,2.418620860500097,0.8583092287839934,181.64471769887325,2.2299388286580357,0.07811219569961804,0.4620523187964329,3.772007030159824,2.272586911994048,0.7362151821831501,-0.36756859485247806,-0.3948312442601858,3.772007030159824,9.55720377814426,0.7465341718595333,257,True
brain_nucleus_accumbens_basal_ganglia,excluded_at_or_below_-1,ENSG00000116273.6,PHF13,2.1916422120704184,17.225324315844603,2.325248115300691,0.5310883647253176,210.65152743549393,3.1870138747415537,0.006228923129665265,0.2376493719690868,3.522087144515753,2.127505158744571,0.6069136909352201,-0.7435292770174609,0.39280220919197184,3.522087144515753,17.225183353939823,0.10729434300608087,285,True
brain_nucleus_accumbens_basal_ganglia,raw,ENSG00000116273.6,PHF13,2.1916422120704184,17.225324315844603,2.325248115300691,0.5310883647253176,210.65152743549393,3.1870138747415537,0.006228923129665265,0.2376493719690868,3.522087144515753,2.127505158744571,0.6069136909352201,-0.7435292770174609,0.39280220919197184,3.522087144515753,17.225183353939823,0.10729434300608087,285,True
brain_putamen_basal_ganglia,excluded_at_or_below_-1,ENSG00000116273.6,PHF13,0.4825602722993987,14.882372866454633,1.8650687680812377,0.8303569796077603,262.5874870892636,3.5954466648057877,0.0,0.2549809671806582,3.976139056446425,1.8022686560746108,0.6253048350679733,-0.05025390368320457,0.11163830331741798,3.976139056446425,14.859142689679613,0.0,254,True
brain_putamen_basal_ganglia,raw,ENSG00000116273.6,PHF13,0.4825602722993987,14.882372866454633,1.8650687680812377,0.8303569796077603,262.5874870892636,3.5954466648057877,0.0,0.2549809671806582,3.976139056446425,1.8022686560746108,0.6253048350679733,-0.05025390368320457,0.11163830331741798,3.976139056446425,14.859142689679613,0.0,254,True
brain_spinal_cord_cervical_c-1,excluded_at_or_below_-1,ENSG00000116273.6,PHF13,1.2001870423274372,12.104390670772501,2.3022587019194978,0.6205493339675053,155.51058737740374,3.0977978452295183,0.00822701166630223,0.2509373263539833,3.661555798743693,2.1546737145892045,0.6172637667398915,-0.6495250881058567,0.355258651720606,3.661555798743693,12.104099307257849,0.09958056621089106,204,True
brain_spinal_cord_cervical_c-1,raw,ENSG00000116273.6,PHF13,1.2001870423274372,12.104390670772501,2.3022587019194978,0.6205493339675053,155.51058737740374,3.0977978452295183,0.00822701166630223,0.2509373263539833,3.661555798743693,2.1546737145892045,0.6172637667398915,-0.6495250881058567,0.355258651720606,3.661555798743693,12.104099307257849,0.09958056621089106,204,True
brain_substantia_nigra,excluded_at_or_below_-1,ENSG00000116273.6,PHF13,0.172593005760702,11.007681601948729,1.8170978292838424,0.8145710707550738,141.12362421307438,3.8805949282363357,0.0,0.4785525215168278,4.0522767654523575,1.8112559917700246,0.5940592524077333,0.24059126010330398,0.4982281593377129,4.0522767654523575,11.00169536035703,0.0,183,True
brain_substantia_nigra,raw,ENSG00000116273.6,PHF13,0.172593005760702,11.007681601948729,1.8170978292838424,0.8145710707550738,141.12362421307438,3.8805949282363357,0.0,0.4785525215168278,4.0522767654523575,1.8112559917700246,0.5940592524077333,0.24059126010330398,0.4982281593377129,4.0522767654523575,11.00169536035703,0.0,183,True
breast_mammary_tissue,excluded_at_or_below_-1,ENSG00000116273.6,PHF13,0.47871431940437226,29.432344371059425,3.637095699838796,0.6939042884261418,337.171846736549,2.7849253695069693,0.013960527331250928,2.087562977783773,5.003559512846568,3.6614424444643863,0.5030057605438746,0.0602107502329012,-0.09888331003556772,5.003559512846568,29.231217605949638,0.4080832123136032,514,True
breast_mammary_tissue,raw,ENSG00000116273.6,PHF13,0.47871431940437226,29.432344371059425,3.637095699838796,0.6939042884261418,337.171846736549,2.7849253695069693,0.013960527331250928,2.087562977783773,5.003559512846568,3.6614424444643863,0.5030057605438746,0.0602107502329012,-0.09888331003556772,5.003559512846568,29.231217605949638,0.4080832123136032,514,True
cells_cultured_fibroblasts,excluded_at_or_below_-1,ENSG00000116273.6,PHF13,1.9882135178777114,42.46037597847054,3.981611248739945,0.33564846776382695,367.0784775311241,3.925944072073265,0.0,3.1488365119330317,4.913392096681091,4.00094159370441,0.2818219954690591,0.16330649979268394,0.39392375999875906,4.913392096681091,42.44097059957919,0.0,652,True
cells_cultured_fibroblasts,raw,ENSG00000116273.6,PHF13,1.9882135178777114,42.46037597847054,3.981611248739945,0.33564846776382695,367.0784775311241,3.925944072073265,0.0,3.1488365119330317,4.913392096681091,4.00094159370441,0.2818219954690591,0.16330649979268394,0.39392375999875906,4.913392096681091,42.44097059957919,0.0,652,True
cells_ebv-transformed_lymphocytes,excluded_at_or_below_-1,ENSG00000116273.6,PHF13,-0.18949927086894294,22.26718558058313,3.4968931030624795,0.3992120131375266,203.70881758393386,2.8823030950970767,0.01491777171063015,2.430685371312929,4.310525535730853,3.5023057459255487,0.2782947604051837,-0.09723447074036316,0.5149310067498938,4.310525535730853,22.24931801642038,0.33191024688616966,327,True
cells_ebv-transformed_lymphocytes,raw,ENSG00000116273.6,PHF13,-0.18949927086894294,22.26718558058313,3.4968931030624795,0.3992120131375266,203.70881758393386,2.8823030950970767,0.01491777171063015,2.430685371312929,4.310525535730853,3.5023057459255487,0.2782947604051837,-0.09723447074036316,0.5149310067498938,4.310525535730853,22.24931801642038,0.33191024688616966,327,True
cervix_ectocervix,excluded_at_or_below_-1,ENSG00000116273.6,PHF13,0.5381735473911083,44.372289733138224,5.186934228204036,0.18767512648656953,23.227671777475702,-2.475600738660807,1.0,3.3090160732120237,4.85840627873452,4.158653128915401,0.46258595724582613,0.003152626309078303,-1.0338826159539227,4.85840627873452,2.071588410046619,2.071588410046619,24,True
cervix_ectocervix,raw,ENSG00000116273.6,PHF13,0.5381735473911083,44.372289733138224,5.186934228204036,0.18767512648656953,23.227671777475702,-2.475600738660807,1.0,3.3090160732120237,4.85840627873452,4.158653128915401,0.46258595724582613,0.003152626309078303,-1.0338826159539227,4.85840627873452,2.071588410046619,2.071588410046619,24,True
cervix_endocervix,excluded_at_or_below_-1,ENSG00000116273.6,PHF13,0.4443850687633643,1.120017228426981,4.704109557302593,0.0939025132286825,20.32077415100496,12.273146151075084,0.0,4.092110161172142,5.5190354634542675,4.78696085923167,0.4032454703145497,0.2089583829453014,-0.9104063737302224,5.5190354634542675,1.1200110447836236,0.0,23,True
cervix_endocervix,raw,ENSG00000116273.6,PHF13,0.4443850687633643,1.120017228426981,4.704109557302593,0.0939025132286825,20.32077415100496,12.273146151075084,0.0,4.092110161172142,5.5190354634542675,4.78696085923167,0.4032454703145497,0.2089583829453014,-0.9104063737302224,5.5190354634542675,1.1200110447836236,0.0,23,True
colon_sigmoid,excluded_at_or_below_-1,ENSG00000116273.6,PHF13,1.299787418530818,39.09868611539895,4.191257493206761,0.4601711006866027,277.62861488624515,2.798985797980827,0.0198979031705284,1.6350183478332427,5.102019778148846,4.073106143636649,0.5385365659454595,-1.845681761613599,4.917369787095983,5.102019778148846,39.09791089260687,0.7779664451110391,419,True
colon_sigmoid,raw,ENSG00000116273.6,PHF13,1.299787418530818,39.09868611539895,4.191257493206761,0.4601711006866027,277.62861488624515,2.798985797980827,0.0198979031705284,1.6350183478332427,5.102019778148846,4.073106143636649,0.5385365659454595,-1.845681761613599,4.917369787095983,5.102019778148846,39.09791089260687,0.7779664451110391,419,True
colon_transverse,excluded_at_or_below_-1,ENSG00000116273.6,PHF13,-36096.65926045593,36112.598790656324,3.1106494899701707,98.1462421103273,936.5670868293175,0.025430026656339307,0.03683928678602341,1.3123689376430976,4.875490119059472,3.1057942832499488,0.8821082524661635,-0.0311629794049164,-1.2227460913812873,4.875490119059472,12.121404119716317,0.44654388261551503,479,True
colon_transverse,raw,ENSG00000116273.6,PHF13,-36096.65926045593,36112.598790656324,3.1106494899701707,98.1462421103273,936.5670868293175,0.025430026656339307,0.03683928678602341,1.3123689376430976,4.875490119059472,3.1057942832499488,0.8821082524661635,-0.0311629794049164,-1.2227460913812873,4.875490119059472,12.121404119716317,0.44654388261551503,479,True
esophagus_gastroesophageal_junction,excluded_at_or_below_-1,ENSG00000116273.6,PHF13,1.5241207821074356,29.969499380562613,3.974910311013075,0.4519243736683164,350.4268545287375,3.6983119474580666,0.0010690282876101669,2.3496016495872527,5.156738399042755,3.8951110170967804,0.4291278521523931,-0.7509387184671188,1.1080319452001461,5.156738399042755,29.96931790428804,0.03203804860006576,403,True
esophagus_gastroesophageal_junction,raw,ENSG00000116273.6,PHF13,1.5241207821074356,29.969499380562613,3.974910311013075,0.4519243736683164,350.4268545287375,3.6983119474580666,0.0010690282876101669,2.3496016495872527,5.156738399042755,3.8951110170967804,0.4291278521523931,-0.7509387184671188,1.1080319452001461,5.156738399042755,29.96931790428804,0.03203804860006576,403,True
esophagus_mucosa,excluded_at_or_below_-1,ENSG00000116273.6,PHF13,1.9232788074762754,47.838094893787456,3.4492648889362982,0.5467241554072576,1061.8418254749506,5.5755454704920355,0.0,2.1534729916408386,5.604728157987685,3.5798748183928613,0.4893980015666854,0.8513992675712196,1.0177232787781705,5.604728157987685,47.83803079192393,0.0,614,True
esophagus_mucosa,raw,ENSG00000116273.6,PHF13,1.9232788074762754,47.838094893787456,3.4492648889362982,0.5467241554072576,1061.8418254749506,5.5755454704920355,0.0,2.1534729916408386,5.604728157987685,3.5798748183928613,0.4893980015666854,0.8513992675712196,1.0177232787781705,5.604728157987685,47.83803079192393,0.0,614,True
esophagus_muscularis,excluded_at_or_below_-1,ENSG00000116273.6,PHF13,1.397315343850086,41.66628236628624,3.9140697206550894,0.4824129918876686,354.6074828300085,2.9513569198802463,0.012838430153842811,2.103880293395867,4.920829208563456,3.8516568780793525,0.40817405059067485,-0.6803726332637228,0.9964098239915962,4.920829208563456,41.66622582853767,0.5349289300739222,561,True
esophagus_muscularis,raw,ENSG00000116273.6,PHF13,1.397315343850086,41.66628236628624,3.9140697206550894,0.4824129918876686,354.6074828300085,2.9513569198802463,0.012838430153842811,2.103880293395867,4.920829208563456,3.8516568780793525,0.40817405059067485,-0.6803726332637228,0.9964098239915962,4.920829208563456,41.66622582853767,0.5349289300739222,561,True
fallopian_tube,excluded_at_or_below_-1,ENSG00000116273.6,PHF13,-0.1428162207254925,1.1986743016808967,4.429629322232514,0.9612942938579837,32.86947272583198,1.1391619792191947,0.388340499116078,3.2460127741761244,5.203960681752088,4.361664439984268,0.47825338197591727,-0.1826537938496096,-0.49304845075985426,5.203960681752088,0.9354683721764289,0.3632802545582994,29,True
fallopian_tube,raw,ENSG00000116273.6,PHF13,-0.1428162207254925,1.1986743016808967,4.429629322232514,0.9612942938579837,32.86947272583198,1.1391619792191947,0.388340499116078,3.2460127741761244,5.203960681752088,4.361664439984268,0.47825338197591727,-0.1826537938496096,-0.49304845075985426,5.203960681752088,0.9354683721764289,0.3632802545582994,29,True
heart_atrial_appendage,excluded_at_or_below_-1,ENSG00000116273.6,PHF13,-0.13817593565650318,30.180192932072792,2.1753542889878275,0.802813282810481,483.2917545455349,3.1933597141511343,0.0015770616198542981,0.3104622791331679,3.988143858768568,2.2065053169598494,0.5594742086046806,0.1741807210677061,0.12571149954305216,3.988143858768568,30.043229566077176,0.047380024285132216,461,True
heart_atrial_appendage,raw,ENSG00000116273.6,PHF13,-0.13817593565650318,30.180192932072792,2.1753542889878275,0.802813282810481,483.2917545455349,3.1933597141511343,0.0015770616198542981,0.3104622791331679,3.988143858768568,2.2065053169598494,0.5594742086046806,0.1741807210677061,0.12571149954305216,3.988143858768568,30.043229566077176,0.047380024285132216,461,True
heart_left_ventricle,excluded_at_or_below_-1,ENSG00000116273.6,PHF13,1.5874814589016815,31.411278454527658,1.4736437790971695,0.7046578608351035,373.9627197736304,4.3242676734648535,0.0,-0.4106823315214376,3.628289505552341,1.429930094132582,0.616760652241414,0.09729551397509494,0.6235187085748466,3.628289505552341,31.407950052320732,0.0,452,True
heart_left_ventricle,raw,ENSG00000116273.6,PHF13,1.5874814589016815,31.411278454527658,1.4736437790971695,0.7046578608351035,373.9627197736304,4.3242676734648535,0.0,-0.4106823315214376,3.628289505552341,1.429930094132582,0.616760652241414,0.09729551397509494,0.6235187085748466,3.628289505552341,31.407950052320732,0.0,452,True
kidney_cortex,excluded_at_or_below_-1,ENSG00000116273.6,PHF13,1.4957534390272034,3.5427697099427693,1.8607889467429628,0.5383984278156163,77.37154657620661,5.297159185570759,0.0,0.8256838823368613,3.8774448842059233,2.1619409731708825,0.697657522061465,0.39000157061778007,-0.6979506552437957,3.8774448842059233,3.54275762438995,0.0,104,True
kidney_cortex,raw,ENSG00000116273.6,PHF13,1.4957534390272034,3.5427697099427693,1.8607889467429628,0.5383984278156163,77.37154657620661,5.297159185570759,0.0,0.8256838823368613,3.8774448842059233,2.1619409731708825,0.697657522061465,0.39000157061778007,-0.6979506552437957,3.8774448842059233,3.54275762438995,0.0,104,True
kidney_medulla,excluded_at_or_below_-1,ENSG00000116273.6,PHF13,0.23076923076923078,5.082073951054832,3.7024562347152234,0.009715658659906676,6.923076923076923,2.7646237021940356,0.02192254549184289,1.4036031303983427,3.721449222003885,2.792278250390048,0.7565136988834064,-0.4083451389986076,-0.9475045020624973,3.721449222003885,5.075307053156603,0.11126364975789671,11,True
kidney_medulla,raw,ENSG00000116273.6,PHF13,0.23076923076923078,5.082073951054832,3.7024562347152234,0.009715658659906676,6.923076923076923,2.7646237021940356,0.02192254549184289,1.4036031303983427,3.721449222003885,2.792278250390048,0.7565136988834064,-0.4083451389986076,-0.9475045020624973,3.721449222003885,5.075307053156603,0.11126364975789671,11,True
liver,excluded_at_or_below_-1,ENSG00000116273.6,PHF13,0.20840449189795882,16.23416825248317,1.8704200327986944,0.5889747317384579,238.4554192106529,2.778824077535698,0.019648161999330616,0.3629130794282638,3.0277114130825837,1.8858171797680339,0.43497342169117564,0.0011226430166648464,0.42018778260340817,3.0277114130825837,16.210963066808784,0.31851562850182447,262,True
liver,raw,ENSG00000116273.6,PHF13,0.20840449189795882,16.23416825248317,1.8704200327986944,0.5889747317384579,238.4554192106529,2.778824077535698,0.019648161999330616,0.3629130794282638,3.0277114130825837,1.8858171797680339,0.43497342169117564,0.0011226430166648464,0.42018778260340817,3.0277114130825837,16.210963066808784,0.31851562850182447,262,True
lung,excluded_at_or_below_-1,ENSG00000116273.6,PHF13,-3.8773577584548624,33.37687422506363,3.5391758371603945,1.036911711290877,607.0619144749418,2.265965805229528,0.0,2.0814504161772107,5.200598512873139,3.568118978889166,0.5853528706902633,0.15820224205066066,-0.5236775213243665,5.200598512873139,30.815448827944344,0.0,604,True
lung,raw,ENSG00000116273.6,PHF13,-3.8773577584548624,33.37687422506363,3.5391758371603945,1.036911711290877,607.0619144749418,2.265965805229528,0.0,2.0814504161772107,5.200598512873139,3.568118978889166,0.5853528706902633,0.15820224205066066,-0.5236775213243665,5.200598512873139,30.815448827944344,0.0,604,True
minor_salivary_gland,excluded_at_or_below_-1,ENSG00000116273.6,PHF13,0.6175000486276275,7.843903601377147,3.1660770895576635,0.5785016306663753,245.76520436922044,1.571630060915714,0.28606134801754396,1.8714395584757877,3.808971895005848,3.075769541587833,0.40186868817793264,-0.4444256986013001,-0.24187532342530904,3.808971895005848,7.791472025217471,2.228838990574693,181,True
minor_salivary_gland,raw,ENSG00000116273.6,PHF13,0.6175000486276275,7.843903601377147,3.1660770895576635,0.5785016306663753,245.76520436922044,1.571630060915714,0.28606134801754396,1.8714395584757877,3.808971895005848,3.075769541587833,0.40186868817793264,-0.4444256986013001,-0.24187532342530904,3.808971895005848,7.791472025217471,2.228838990574693,181,True
muscle_skeletal,excluded_at_or_below_-1,ENSG00000116273.6,PHF13,1.020015068812749,50.21531385372031,2.148527133323494,0.7902870984763293,1216.224849420269,3.807934189065241,0.0,0.6713205501541426,4.276466888345628,2.253516178937335,0.580113186134658,0.5119053585806606,-0.06295540463255911,4.276466888345628,50.17909511066811,0.0,818,True
muscle_skeletal,raw,ENSG00000116273.6,PHF13,1.020015068812749,50.21531385372031,2.148527133323494,0.7902870984763293,1216.224849420269,3.807934189065241,0.0,0.6713205501541426,4.276466888345628,2.253516178937335,0.580113186134658,0.5119053585806606,-0.06295540463255911,4.276466888345628,50.17909511066811,0.0,818,True
nerve_tibial,excluded_at_or_below_-1,ENSG00000116273.6,PHF13,0.8069846897025666,46.49044270293742,3.8693550361948916,0.41295521668806734,424.71797946701406,3.0251290428019746,0.010192788253943017,2.620961696931431,4.752703105126847,3.853398193554766,0.3154283058818334,-0.23260847429477408,0.42284470595766654,4.752703105126847,46.485293348849545,0.4738147520272491,670,True
nerve_tibial,raw,ENSG00000116273.6,PHF13,0.8069846897025666,46.49044270293742,3.8693550361948916,0.41295521668806734,424.71797946701406,3.0251290428019746,0.010192788253943017,2.620961696931431,4.752703105126847,3.853398193554766,0.3154283058818334,-0.23260847429477408,0.42284470595766654,4.752703105126847,46.485293348849545,0.4738147520272491,670,True
ovary,excluded_at_or_below_-1,ENSG00000116273.6,PHF13,0.7092966731781202,12.32331705449328,4.191973974783636,0.4119926532727802,153.79892960551325,3.1984776555508736,0.005909989378585854,2.9387750770858143,5.1237634377080905,4.163797924389376,0.3657875062497687,-0.32157705627853017,0.7038042932583486,5.1237634377080905,12.321945317418272,0.07282256594945768,193,True
ovary,raw,ENSG00000116273.6,PHF13,0.7092966731781202,12.32331705449328,4.191973974783636,0.4119926532727802,153.79892960551325,3.1984776555508736,0.005909989378585854,2.9387750770858143,5.1237634377080905,4.163797924389376,0.3657875062497687,-0.32157705627853017,0.7038042932583486,5.1237634377080905,12.321945317418272,0.07282256594945768,193,True
pancreas,excluded_at_or_below_-1,ENSG00000116273.6,PHF13,1.0446713300611243,19.369710352181475,1.6418018705245874,0.5375330038168701,566.1413103432415,3.7150043383170543,0.0,0.7746078644312331,3.0538498767799833,1.6992839150514516,0.41522783292523285,0.39751878223919906,0.09848731302164859,3.0538498767799833,19.35019323073756,0.0,362,True
pancreas,raw,ENSG00000116273.6,PHF13,1.0446713300611243,19.369710352181475,1.6418018705245874,0.5375330038168701,566.1413103432415,3.7150043383170543,0.0,0.7746078644312331,3.0538498767799833,1.6992839150514516,0.41522783292523285,0.39751878223919906,0.09848731302164859,3.0538498767799833,19.35019323073756,0.0,362,True
pituitary,excluded_at_or_below_-1,ENSG00000116273.6,PHF13,0.6413265776931855,21.032646966440844,3.4831188017692227,0.4755505360219346,224.31884471676966,4.685430124099799,0.0,2.6014944774935884,5.0586650037658,3.5437893312159208,0.3798389080180532,0.581328479747996,0.6432196993001424,5.0586650037658,21.032277145328276,0.0,313,True
pituitary,raw,ENSG00000116273.6,PHF13,0.6413265776931855,21.032646966440844,3.4831188017692227,0.4755505360219346,224.31884471676966,4.685430124099799,0.0,2.6014944774935884,5.0586650037658,3.5437893312159208,0.3798389080180532,0.581328479747996,0.6432196993001424,5.0586650037658,21.032277145328276,0.0,313,True
prostate,excluded_at_or_below_-1,ENSG00000116273.6,PHF13,0.3421942129869435,19.445964613135345,3.7948837055581754,0.5465357443091531,225.41646063133004,2.352118640261001,0.0628916317711457,1.9215772418667536,4.703881431192585,3.7595781417769976,0.4189492856295395,-0.6194743935723047,1.1906039001890667,4.703881431192585,19.445682328787107,1.2229706925607537,282,True
prostate,raw,ENSG00000116273.6,PHF13,0.3421942129869435,19.445964613135345,3.7948837055581754,0.5465357443091531,225.41646063133004,2.352118640261001,0.0628916317711457,1.9215772418667536,4.703881431192585,3.7595781417769976,0.4189492856295395,-0.6194743935723047,1.1906039001890667,4.703881431192585,19.445682328787107,1.2229706925607537,282,True
skin_not_sun_exposed_suprapubic,excluded_at_or_below_-1,ENSG00000116273.6,PHF13,1.0689339061040386,51.558656127090224,3.7031448754244876,0.5655306788290433,699.7470377383091,5.053406201121249,0.0,2.326184972289856,5.723954401903235,3.7567922562949443,0.4556475045609634,0.5258189195725617,0.9574785979071243,5.723954401903235,51.55817770385725,0.0,651,True
skin_not_sun_exposed_suprapubic,raw,ENSG00000116273.6,PHF13,1.0689339061040386,51.558656127090224,3.7031448754244876,0.5655306788290433,699.7470377383091,5.053406201121249,0.0,2.326184972289856,5.723954401903235,3.7567922562949443,0.4556475045609634,0.5258189195725617,0.9574785979071243,5.723954401903235,51.55817770385725,0.0,651,True
skin_sun_exposed_lower_leg,excluded_at_or_below_-1,ENSG00000116273.6,PHF13,1.4528537024057546,68.76267862597396,3.838015957872633,0.4452718956106862,511.39972348628635,5.678742505332141,0.0,2.506601942191015,5.625995162223619,3.849309681435613,0.37716643327293625,0.33116634571317116,1.3157840712640843,5.625995162223619,68.76161084439993,0.0,754,True
skin_sun_exposed_lower_leg,raw,ENSG00000116273.6,PHF13,1.4528537024057546,68.76267862597396,3.838015957872633,0.4452718956106862,511.39972348628635,5.678742505332141,0.0,2.506601942191015,5.625995162223619,3.849309681435613,0.37716643327293625,0.33116634571317116,1.3157840712640843,5.625995162223619,68.76161084439993,0.0,754,True
small_intestine_terminal_ileum,excluded_at_or_below_-1,ENSG00000116273.6,PHF13,0.6306982267974981,7.454046045018717,2.802375881550252,1.0466880327519372,210.69891943603164,2.2799409195456732,0.0,1.6752287996497248,4.48980622401244,2.9476683385789055,0.6521996781970748,0.36527603791222446,-0.7298246074419934,4.48980622401244,6.899887484425153,0.0,207,True
small_intestine_terminal_ileum,raw,ENSG00000116273.6,PHF13,0.6306982267974981,7.454046045018717,2.802375881550252,1.0466880327519372,210.69891943603164,2.2799409195456732,0.0,1.6752287996497248,4.48980622401244,2.9476683385789055,0.6521996781970748,0.36527603791222446,-0.7298246074419934,4.48980622401244,6.899887484425153,0.0,207,True
spleen,excluded_at_or_below_-1,ENSG00000116273.6,PHF13,0.733591009707504,20.467064963265067,3.0172105170072476,0.40516429817576327,153.81572106737747,4.132578412439444,1.6142737715050484e-05,1.8272967151154476,4.20117118368526,3.019849962302658,0.3446599360653434,0.07740238123683274,0.7016432379382298,4.20117118368526,20.46326714667804,0.0003303331543418331,277,True
spleen,raw,ENSG00000116273.6,PHF13,0.733591009707504,20.467064963265067,3.0172105170072476,0.40516429817576327,153.81572106737747,4.132578412439444,1.6142737715050484e-05,1.8272967151154476,4.20117118368526,3.019849962302658,0.3446599360653434,0.07740238123683274,0.7016432379382298,4.20117118368526,20.46326714667804,0.0003303331543418331,277,True
stomach,excluded_at_or_below_-1,ENSG00000116273.6,PHF13,6.386093719046098,18.06797602233853,2.434528570312239,0.3983430196017988,471.6494202561478,8.021923824621133,0.0,1.327325208016795,4.694072280212094,2.8819153676360654,0.7990269136317412,0.5111885593169091,-0.7944630215305435,4.694072280212094,18.067975647686637,0.0,407,True
stomach,raw,ENSG00000116273.6,PHF13,6.386093719046098,18.06797602233853,2.434528570312239,0.3983430196017988,471.6494202561478,8.021923824621133,0.0,1.327325208016795,4.694072280212094,2.8819153676360654,0.7990269136317412,0.5111885593169091,-0.7944630215305435,4.694072280212094,18.067975647686637,0.0,407,True
testis,excluded_at_or_below_-1,ENSG00000116273.6,PHF13,0.4989966100214975,26.93124930094753,5.559010931983928,0.3994400560024929,445.6229772141783,3.589439833317914,0.0,4.638679178565849,6.572836627186696,5.541396860328547,0.29965836933317164,-0.06310983874326608,0.23285013881679673,6.572836627186696,26.88834275086613,0.0,414,True
testis,raw,ENSG00000116273.6,PHF13,0.4989966100214975,26.93124930094753,5.559010931983928,0.3994400560024929,445.6229772141783,3.589439833317914,0.0,4.638679178565849,6.572836627186696,5.541396860328547,0.29965836933317164,-0.06310983874326608,0.23285013881679673,6.572836627186696,26.88834275086613,0.0,414,True
thyroid,excluded_at_or_below_-1,ENSG00000116273.6,PHF13,1.0939977366418956,41.38795682692197,3.5205580398600818,0.7189277593526484,924.3829683338339,3.4739426783151006,0.0,1.996871371947628,5.286567002219138,3.5559328422995953,0.53986103268025,0.11966957109165813,-0.002385916526499887,5.286567002219138,41.28834508757587,0.0,684,True
thyroid,raw,ENSG00000116273.6,PHF13,1.0939977366418956,41.38795682692197,3.5205580398600818,0.7189277593526484,924.3829683338339,3.4739426783151006,0.0,1.996871371947628,5.286567002219138,3.5559328422995953,0.53986103268025,0.11966957109165813,-0.002385916526499887,5.286567002219138,41.28834508757587,0.0,684,True
uterus,excluded_at_or_below_-1,ENSG00000116273.6,PHF13,-0.1956644022198765,8.886524843346573,4.46454428732067,0.6420493558084076,239.11538027615183,2.934626583855228,0.0,3.29857767486849,5.796857282919985,4.468963188205186,0.4337672215581815,0.03330183616301066,0.09972838661619798,5.796857282919985,8.7665975268449,0.0,153,True
uterus,raw,ENSG00000116273.6,PHF13,-0.1956644022198765,8.886524843346573,4.46454428732067,0.6420493558084076,239.11538027615183,2.934626583855228,0.0,3.29857767486849,5.796857282919985,4.468963188205186,0.4337672215581815,0.03330183616301066,0.09972838661619798,5.796857282919985,8.7665975268449,0.0,153,True
vagina,excluded_at_or_below_-1,ENSG00000116273.6,PHF13,-0.2809263815360124,9.32674860401641,4.045958652477531,0.7513017908751346,165.6775269781381,2.9597318641628565,0.0,2.9301128229191566,5.618317954649967,4.070122699880335,0.47860734231685215,0.12374873446420087,-0.20669731043752515,5.618317954649967,9.209885017606734,0.0,170,True
vagina,raw,ENSG00000116273.6,PHF13,-0.2809263815360124,9.32674860401641,4.045958652477531,0.7513017908751346,165.6775269781381,2.9597318641628565,0.0,2.9301128229191566,5.618317954649967,4.070122699880335,0.47860734231685215,0.12374873446420087,-0.20669731043752515,5.618317954649967,9.209885017606734,0.0,170,True
whole_blood,excluded_at_or_below_-1,ENSG00000116273.6,PHF13,-0.46172006571749385,48.79862406871497,2.1812151893097305,1.2374622437682494,941.9249436517067,3.731529412106417,0.0,0.3223608384913334,5.4463703835817325,2.252064502623314,0.8115991761387386,0.2209971574986978,-0.2867618194530239,5.4463703835817325,48.75219755860208,0.0,803,True
whole_blood,raw,ENSG00000116273.6,PHF13,-0.46172006571749385,48.79862406871497,2.1812151893097305,1.2374622437682494,941.9249436517067,3.731529412106417,0.0,0.3223608384913334,5.4463703835817325,2.252064502623314,0.8115991761387386,0.2209971574986978,-0.2867618194530239,5.4463703835817325,48.75219755860208,0.0,803,True
adipose_subcutaneous,excluded_at_or_below_-1,ENSG00000106443.17,PHF14,1.2718554815432752,54.98884360871919,2.1083380680559944,0.3585347346129358,402.46215425935736,3.310704025429937,0.004164085830248422,0.8407613096939055,2.9476755067011684,2.07503348686475,0.2934936233030429,-0.5471445917226807,1.1188035206170799,2.9476755067011684,54.98789567132001,0.22897431720012218,714,True
adipose_subcutaneous,raw,ENSG00000106443.17,PHF14,1.2718554815432752,54.98884360871919,2.1083380680559944,0.3585347346129358,402.46215425935736,3.310704025429937,0.004164085830248422,0.8407613096939055,2.9476755067011684,2.07503348686475,0.2934936233030429,-0.5471445917226807,1.1188035206170799,2.9476755067011684,54.98789567132001,0.22897431720012218,714,True
adipose_visceral_omentum,excluded_at_or_below_-1,ENSG00000106443.17,PHF14,-1.9612600572424175,33.4051424260524,1.9293142276269322,0.6105351214545837,852.0231269722152,2.3927340747113766,0.02142696187637487,0.8183556741542002,2.9622898882909987,1.9044143157317912,0.376064843810851,-0.20191690236990098,-0.3640820077239426,2.9622898882909987,32.18649698145427,0.6896588437556754,587,True
adipose_visceral_omentum,raw,ENSG00000106443.17,PHF14,-1.9612600572424175,33.4051424260524,1.9293142276269322,0.6105351214545837,852.0231269722152,2.3927340747113766,0.02142696187637487,0.8183556741542002,2.9622898882909987,1.9044143157317912,0.376064843810851,-0.20191690236990098,-0.3640820077239426,2.9622898882909987,32.18649698145427,0.6896588437556754,587,True
adrenal_gland,excluded_at_or_below_-1,ENSG00000106443.17,PHF14,1.5415929561052828,30.440053636626587,1.7466519046824747,0.2908254178318134,238.09525357001243,4.609704196585557,2.4308511042031906e-05,0.0047530553998191,2.694612795966431,1.644943782989857,0.36345430344165675,-1.0852046474712749,2.2783056915517177,2.694612795966431,30.439981502223006,0.0007399506264660349,295,True
adrenal_gland,raw,ENSG00000106443.17,PHF14,1.5415929561052828,30.440053636626587,1.7466519046824747,0.2908254178318134,238.09525357001243,4.609704196585557,2.4308511042031906e-05,0.0047530553998191,2.694612795966431,1.644943782989857,0.36345430344165675,-1.0852046474712749,2.2783056915517177,2.694612795966431,30.439981502223006,0.0007399506264660349,295,True
artery_aorta,excluded_at_or_below_-1,ENSG00000106443.17,PHF14,0.8544355162192454,33.61648787635389,2.1859910110047616,0.28773357967555546,478.0649120233637,3.9539525257028347,0.0,1.4243362942166835,2.990455728609795,2.1801823454915663,0.23068058103373912,0.028902858917839978,0.6374621684830664,2.990455728609795,33.602672267722404,0.0,472,True
artery_aorta,raw,ENSG00000106443.17,PHF14,0.8544355162192454,33.61648787635389,2.1859910110047616,0.28773357967555546,478.0649120233637,3.9539525257028347,0.0,1.4243362942166835,2.990455728609795,2.1801823454915663,0.23068058103373912,0.028902858917839978,0.6374621684830664,2.990455728609795,33.602672267722404,0.0,472,True
artery_coronary,excluded_at_or_below_-1,ENSG00000106443.17,PHF14,0.4543711770071476,22.0954397560545,2.1886518065061553,0.30166774318643264,144.56988646209868,3.168008740444001,0.006616750435448446,0.9742392759315714,2.864423891113351,2.1646383986178095,0.254881586158384,-0.6568214174710367,2.126170695571667,2.864423891113351,22.09538161615692,0.14619962593010588,268,True
artery_coronary,raw,ENSG00000106443.17,PHF14,0.4543711770071476,22.0954397560545,2.1886518065061553,0.30166774318643264,144.56988646209868,3.168008740444001,0.006616750435448446,0.9742392759315714,2.864423891113351,2.1646383986178095,0.254881586158384,-0.6568214174710367,2.126170695571667,2.864423891113351,22.09538161615692,0.14619962593010588,268,True
artery_tibial,excluded_at_or_below_-1,ENSG00000106443.17,PHF14,1.2921631538152911,64.81824291858243,2.2367901300272046,0.3108114742787323,446.7898154069214,2.7233878832986163,0.02451621029070257,0.6082225851007537,2.835327879601952,2.2014629892715645,0.26290190774416516,-0.8585510410866989,2.3420451805107696,2.835327879601952,64.81823995027672,1.5890976012942026,691,True
artery_tibial,raw,ENSG00000106443.17,PHF14,1.2921631538152911,64.81824291858243,2.2367901300272046,0.3108114742787323,446.7898154069214,2.7233878832986163,0.02451621029070257,0.6082225851007537,2.835327879601952,2.2014629892715645,0.26290190774416516,-0.8585510410866989,2.3420451805107696,2.835327879601952,64.81823995027672,1.5890976012942026,691,True
bladder,excluded_at_or_below_-1,ENSG00000106443.17,PHF14,0.7569229243304499,3.2847930882339207,2.1295689042416486,0.23916640141798273,50.78120514586742,3.5744085833750074,0.0,1.5424710327977702,2.7340592449005494,2.13077673409263,0.25588153887008735,-0.09478524341059157,-0.19310082000390594,2.7340592449005494,3.2792666713567393,0.0,77,True
bladder,raw,ENSG00000106443.17,PHF14,0.7569229243304499,3.2847930882339207,2.1295689042416486,0.23916640141798273,50.78120514586742,3.5744085833750074,0.0,1.5424710327977702,2.7340592449005494,2.13077673409263,0.25588153887008735,-0.09478524341059157,-0.19310082000390594,2.7340592449005494,3.2792666713567393,0.0,77,True
brain_amygdala,excluded_at_or_below_-1,ENSG00000106443.17,PHF14,-1.585460277775488,9.561592233877441,1.7405767389047193,0.9004547167358037,158.1301536557679,1.769570630610232,0.04831497722205741,0.5395112200126209,2.8672935681906213,1.7340425812890936,0.47750036313439365,-0.04074943060633425,-0.5891327522835539,2.8672935681906213,7.947751781359041,0.38399544628292825,181,True
brain_amygdala,raw,ENSG00000106443.17,PHF14,-1.585460277775488,9.561592233877441,1.7405767389047193,0.9004547167358037,158.1301536557679,1.769570630610232,0.04831497722205741,0.5395112200126209,2.8672935681906213,1.7340425812890936,0.47750036313439365,-0.04074943060633425,-0.5891327522835539,2.8672935681906213,7.947751781359041,0.38399544628292825,181,True
brain_anterior_cingulate_cortex_ba24,excluded_at_or_below_-1,ENSG00000106443.17,PHF14,0.24563757636082914,12.756749899200646,1.9267139791499244,0.7794010387559134,275.5161664884581,2.6419472767980112,0.021424651754533282,0.2405707856566483,3.3827433276589502,1.8542882019010234,0.5612278352032745,-0.32742196419786745,-0.1847284558109834,3.3827433276589502,12.638298110550194,0.27077113578851386,233,True
brain_anterior_cingulate_cortex_ba24,raw,ENSG00000106443.17,PHF14,0.24563757636082914,12.756749899200646,1.9267139791499244,0.7794010387559134,275.5161664884581,2.6419472767980112,0.021424651754533282,0.2405707856566483,3.3827433276589502,1.8542882019010234,0.5612278352032745,-0.32742196419786745,-0.1847284558109834,3.3827433276589502,12.638298110550194,0.27077113578851386,233,True
brain_caudate_basal_ganglia,excluded_at_or_below_-1,ENSG00000106443.17,PHF14,0.34847664168403153,17.165203104094086,1.7885422291211321,0.8806711876973083,353.2265737161305,2.838021171909817,0.011117463341598549,-0.1793994747483188,3.555859091775111,1.6858669593324063,0.6404759245636402,-0.3356555396903935,-0.17384503881192392,3.555859091775111,17.048632541951747,0.18953754730953265,300,True
brain_caudate_basal_ganglia,raw,ENSG00000106443.17,PHF14,0.34847664168403153,17.165203104094086,1.7885422291211321,0.8806711876973083,353.2265737161305,2.838021171909817,0.011117463341598549,-0.1793994747483188,3.555859091775111,1.6858669593324063,0.6404759245636402,-0.3356555396903935,-0.17384503881192392,3.555859091775111,17.048632541951747,0.18953754730953265,300,True
brain_cerebellar_hemisphere,excluded_at_or_below_-1,ENSG00000106443.17,PHF14,1.8671905231457622,20.558222072508695,2.8062075392688826,0.3458076103032289,514.487316204903,3.121645919953266,0.007655565119956277,1.080360908314861,3.569521471841023,2.680691143606366,0.4153737592419799,-1.0345834226177815,1.504264100723674,3.569521471841023,20.557930192820464,0.15738257332265237,277,True
brain_cerebellar_hemisphere,raw,ENSG00000106443.17,PHF14,1.8671905231457622,20.558222072508695,2.8062075392688826,0.3458076103032289,514.487316204903,3.121645919953266,0.007655565119956277,1.080360908314861,3.569521471841023,2.680691143606366,0.4153737592419799,-1.0345834226177815,1.504264100723674,3.569521471841023,20.557930192820464,0.15738257332265237,277,True
brain_cerebellum,excluded_at_or_below_-1,ENSG00000106443.17,PHF14,0.39018665616058007,16.670657301325374,2.361562706536015,0.4085935326096443,282.454275510278,2.9852389016722376,0.01047691160559623,1.2983093288258694,3.224055713936691,2.344953117846091,0.31221019176943043,-0.30641148097321214,0.2765110648301805,3.224055713936691,16.651475702101017,0.17445603903364576,266,True
brain_cerebellum,raw,ENSG00000106443.17,PHF14,0.39018665616058007,16.670657301325374,2.361562706536015,0.4085935326096443,282.454275510278,2.9852389016722376,0.01047691160559623,1.2983093288258694,3.224055713936691,2.344953117846091,0.31221019176943043,-0.30641148097321214,0.2765110648301805,3.224055713936691,16.651475702101017,0.17445603903364576,266,True
brain_cortex,excluded_at_or_below_-1,ENSG00000106443.17,PHF14,0.10576051960679009,16.23177790894012,1.7379804728501316,0.5309259835613191,156.86912195802202,2.438756065315689,0.04984640642434356,0.3717316968820687,2.6535415996089156,1.6992280835089786,0.3812660776899557,-0.42441405929441856,0.25126301506354487,2.6535415996089156,16.2100786652129,0.8080141693167828,270,True
brain_cortex,raw,ENSG00000106443.17,PHF14,0.10576051960679009,16.23177790894012,1.7379804728501316,0.5309259835613191,156.86912195802202,2.438756065315689,0.04984640642434356,0.3717316968820687,2.6535415996089156,1.6992280835089786,0.3812660776899557,-0.42441405929441856,0.25126301506354487,2.6535415996089156,16.2100786652129,0.8080141693167828,270,True
brain_frontal_cortex_ba9,excluded_at_or_below_-1,ENSG00000106443.17,PHF14,0.8013117062655472,15.567610528313674,2.241157380598314,0.6277817118458326,372.9738773833681,2.962560688244837,0.010978584085996697,0.6368681907019924,3.556263860833618,2.153867480394765,0.5045322602641495,-0.421858134660243,0.014268021950105236,3.556263860833618,15.544882957254057,0.17066080465319067,269,True
brain_frontal_cortex_ba9,raw,ENSG00000106443.17,PHF14,0.8013117062655472,15.567610528313674,2.241157380598314,0.6277817118458326,372.9738773833681,2.962560688244837,0.010978584085996697,0.6368681907019924,3.556263860833618,2.153867480394765,0.5045322602641495,-0.421858134660243,0.014268021950105236,3.556263860833618,15.544882957254057,0.17066080465319067,269,True
brain_hippocampus,excluded_at_or_below_-1,ENSG00000106443.17,PHF14,1.1417489570145227,12.413188697121408,1.8327315211469861,0.7099900578356375,283.901256077905,2.9139542397861025,0.0037034090022656386,0.31978554528138,3.2956495656921767,1.803174766503131,0.5778533309527086,-0.0960477418258383,-0.2181226262765401,3.2956495656921767,12.280685947193206,0.04548040289083244,255,True
brain_hippocampus,raw,ENSG00000106443.17,PHF14,1.1417489570145227,12.413188697121408,1.8327315211469861,0.7099900578356375,283.901256077905,2.9139542397861025,0.0037034090022656386,0.31978554528138,3.2956495656921767,1.803174766503131,0.5778533309527086,-0.0960477418258383,-0.2181226262765401,3.2956495656921767,12.280685947193206,0.04548040289083244,255,True
brain_hypothalamus,excluded_at_or_below_-1,ENSG00000106443.17,PHF14,0.5116164975029774,12.76664096664493,1.9401326449450758,0.7876627303728754,230.06663126901714,2.678768919311982,0.00114132080500012,0.4396603679164921,3.432104223468677,1.8865965643194165,0.5734128844611238,-0.15608940550887368,-0.298157515195991,3.432104223468677,12.427683595647764,0.014183973845671494,257,True
brain_hypothalamus,raw,ENSG00000106443.17,PHF14,0.5116164975029774,12.76664096664493,1.9401326449450758,0.7876627303728754,230.06663126901714,2.678768919311982,0.00114132080500012,0.4396603679164921,3.432104223468677,1.8865965643194165,0.5734128844611238,-0.15608940550887368,-0.298157515195991,3.432104223468677,12.427683595647764,0.014183973845671494,257,True
brain_nucleus_accumbens_basal_ganglia,excluded_at_or_below_-1,ENSG00000106443.17,PHF14,1.8545035392242233,14.553938286816198,1.9793710382496907,0.6426751962238529,254.72590303375802,2.817132861610621,0.0186784627700288,0.1216520362150699,3.2595888658783494,1.8323627468329913,0.6010255225797863,-0.4997819053351035,-0.1051651644197582,3.2595888658783494,14.550376973244063,0.27177867458462357,285,True
brain_nucleus_accumbens_basal_ganglia,raw,ENSG00000106443.17,PHF14,1.8545035392242233,14.553938286816198,1.9793710382496907,0.6426751962238529,254.72590303375802,2.817132861610621,0.0186784627700288,0.1216520362150699,3.2595888658783494,1.8323627468329913,0.6010255225797863,-0.4997819053351035,-0.1051651644197582,3.2595888658783494,14.550376973244063,0.27177867458462357,285,True
brain_putamen_basal_ganglia,excluded_at_or_below_-1,ENSG00000106443.17,PHF14,-2.0394860750827073,14.061582541135762,1.5381583970592203,1.101411457459862,391.1437876310779,1.9770421562306875,0.018105756228901232,-0.0475792035440738,3.0779094931381277,1.5028740467114643,0.6018462588784851,-0.15099637497616156,-0.5554877561104741,3.0779094931381277,12.292220547265213,0.22255994874067486,254,True
brain_putamen_basal_ganglia,raw,ENSG00000106443.17,PHF14,-2.0394860750827073,14.061582541135762,1.5381583970592203,1.101411457459862,391.1437876310779,1.9770421562306875,0.018105756228901232,-0.0475792035440738,3.0779094931381277,1.5028740467114643,0.6018462588784851,-0.15099637497616156,-0.5554877561104741,3.0779094931381277,12.292220547265213,0.22255994874067486,254,True
brain_spinal_cord_cervical_c-1,excluded_at_or_below_-1,ENSG00000106443.17,PHF14,0.7017688129733259,11.790511831316918,1.8092332869047913,0.4871857938096949,243.46512582699782,2.4860375336946188,0.045346434370463276,0.3656589467007642,2.6656542699289822,1.7201697253705397,0.4030645170202961,-0.6320173925137246,0.41325775100923323,2.6656542699289822,11.788697201203654,0.5345753839476456,204,True
brain_spinal_cord_cervical_c-1,raw,ENSG00000106443.17,PHF14,0.7017688129733259,11.790511831316918,1.8092332869047913,0.4871857938096949,243.46512582699782,2.4860375336946188,0.045346434370463276,0.3656589467007642,2.6656542699289822,1.7201697253705397,0.4030645170202961,-0.6320173925137246,0.41325775100923323,2.6656542699289822,11.788697201203654,0.5345753839476456,204,True
brain_substantia_nigra,excluded_at_or_below_-1,ENSG00000106443.17,PHF14,1.67188639677043,8.699949772704151,1.4944353439876406,0.41901502437084154,164.3968050594928,3.6759997121668824,0.0005220019102298154,0.3583343665359166,2.58359128900357,1.4871351298085735,0.4481511416607324,-0.006945017803787928,-0.08221474597635048,2.58359128900357,8.694344954014664,0.0045384646741926105,183,True
brain_substantia_nigra,raw,ENSG00000106443.17,PHF14,1.67188639677043,8.699949772704151,1.4944353439876406,0.41901502437084154,164.3968050594928,3.6759997121668824,0.0005220019102298154,0.3583343665359166,2.58359128900357,1.4871351298085735,0.4481511416607324,-0.006945017803787928,-0.08221474597635048,2.58359128900357,8.694344954014664,0.0045384646741926105,183,True
breast_mammary_tissue,excluded_at_or_below_-1,ENSG00000106443.17,PHF14,0.38194650013428255,27.870805544126526,2.099358607148925,0.5530537136673529,289.9762911477547,2.2908126157092927,0.06774571552731629,0.8291879192835307,2.9952221868391646,2.0722649443442425,0.3900560531768433,-0.30396044503995645,0.00324632485948273,2.9952221868391646,27.72802892400304,1.8784551596187078,514,True
breast_mammary_tissue,raw,ENSG00000106443.17,PHF14,0.38194650013428255,27.870805544126526,2.099358607148925,0.5530537136673529,289.9762911477547,2.2908126157092927,0.06774571552731629,0.8291879192835307,2.9952221868391646,2.0722649443442425,0.3900560531768433,-0.30396044503995645,0.00324632485948273,2.9952221868391646,27.72802892400304,1.8784551596187078,514,True
cells_cultured_fibroblasts,excluded_at_or_below_-1,ENSG00000106443.17,PHF14,5.027638727644376,58.50342582820865,2.2442573785737654,0.19457308035648935,780.3666295978777,7.63092534512164,0.0,1.5042695269826925,3.294150188171227,2.3250650537932183,0.2766423935544118,0.6840775958322624,0.8255788588029036,3.294150188171227,58.50167452063033,0.0,652,True
cells_cultured_fibroblasts,raw,ENSG00000106443.17,PHF14,5.027638727644376,58.50342582820865,2.2442573785737654,0.19457308035648935,780.3666295978777,7.63092534512164,0.0,1.5042695269826925,3.294150188171227,2.3250650537932183,0.2766423935544118,0.6840775958322624,0.8255788588029036,3.294150188171227,58.50167452063033,0.0,652,True
cells_ebv-transformed_lymphocytes,excluded_at_or_below_-1,ENSG00000106443.17,PHF14,-0.2124899771894203,18.726660291825137,2.2613979522557397,0.38283304912469307,262.8062883414584,1.871754248272101,0.1719708941967875,1.2996139310832069,2.76808902434225,2.2441191979623456,0.2494406616155361,-0.3774045016452641,0.21987379723972644,2.76808902434225,18.692589988951987,3.214581415253991,327,True
cells_ebv-transformed_lymphocytes,raw,ENSG00000106443.17,PHF14,-0.2124899771894203,18.726660291825137,2.2613979522557397,0.38283304912469307,262.8062883414584,1.871754248272101,0.1719708941967875,1.2996139310832069,2.76808902434225,2.2441191979623456,0.2494406616155361,-0.3774045016452641,0.21987379723972644,2.76808902434225,18.692589988951987,3.214581415253991,327,True
cervix_ectocervix,excluded_at_or_below_-1,ENSG00000106443.17,PHF14,0.29153944828871664,3538653906440.1475,-10.942636822278988,2.393933420139729,29.076202992513664,8.23339550547447,0.0,1.8125926905281615,2.9945797242157473,2.2104415614686097,0.3487515109516693,0.8340200169648604,-0.4499323769494441,2.9945797242157473,1.651265360002808,0.0,24,True
cervix_ectocervix,raw,ENSG00000106443.17,PHF14,0.29153944828871664,3538653906440.1475,-10.942636822278988,2.393933420139729,29.076202992513664,8.23339550547447,0.0,1.8125926905281615,2.9945797242157473,2.2104415614686097,0.3487515109516693,0.8340200169648604,-0.4499323769494441,2.9945797242157473,1.651265360002808,0.0,24,True
cervix_endocervix,excluded_at_or_below_-1,ENSG00000106443.17,PHF14,0.2117662878064799,0.6554278590589098,2.4959026915024998,0.44109720443202305,15.799331219042543,2.7811342558241723,0.0,2.1021105087194223,3.363346320975018,2.6194952380256096,0.32796530598584983,0.5220538654711276,-0.3685818999902577,3.363346320975018,0.6417204704537249,0.0,23,True
cervix_endocervix,raw,ENSG00000106443.17,PHF14,0.2117662878064799,0.6554278590589098,2.4959026915024998,0.44109720443202305,15.799331219042543,2.7811342558241723,0.0,2.1021105087194223,3.363346320975018,2.6194952380256096,0.32796530598584983,0.5220538654711276,-0.3685818999902577,3.363346320975018,0.6417204704537249,0.0,23,True
colon_sigmoid,excluded_at_or_below_-1,ENSG00000106443.17,PHF14,0.27169988009464197,30.08069445746829,1.9953711033871528,0.35734635817377014,262.13334532100487,2.9613656117393234,0.012407787473705158,0.879196028537125,2.743654986904956,1.9736100191771286,0.2666272958206984,-0.3574755185701444,0.9168528001460894,2.743654986904956,30.078580790003816,0.37320863795303794,419,True
colon_sigmoid,raw,ENSG00000106443.17,PHF14,0.27169988009464197,30.08069445746829,1.9953711033871528,0.35734635817377014,262.13334532100487,2.9613656117393234,0.012407787473705158,0.879196028537125,2.743654986904956,1.9736100191771286,0.2666272958206984,-0.3574755185701444,0.9168528001460894,2.743654986904956,30.078580790003816,0.37320863795303794,419,True
colon_transverse,excluded_at_or_below_-1,ENSG00000106443.17,PHF14,-2.399884194678081,28.338720218941333,1.712213468104266,0.6731853311271123,517.5855629631276,2.512095442491384,0.0,0.5915405975293022,2.908005848597876,1.716321835766687,0.397190329789871,0.026842617062932547,-0.30968929556657354,2.908005848597876,27.130736978214586,0.0,479,True
colon_transverse,raw,ENSG00000106443.17,PHF14,-2.399884194678081,28.338720218941333,1.712213468104266,0.6731853311271123,517.5855629631276,2.512095442491384,0.0,0.5915405975293022,2.908005848597876,1.716321835766687,0.397190329789871,0.026842617062932547,-0.30968929556657354,2.908005848597876,27.130736978214586,0.0,479,True
esophagus_gastroesophageal_junction,excluded_at_or_below_-1,ENSG00000106443.17,PHF14,0.9439541893121848,27.81681941352877,1.9268956094616967,0.3157476745760749,257.0378642380222,2.5768231666514394,0.03614934316858438,0.8057093115346714,2.502216016726537,1.9083103424663814,0.2535802402895051,-0.45098187586003935,0.6840180912610183,2.502216016726537,27.81668670028507,1.0055549533416022,403,True
esophagus_gastroesophageal_junction,raw,ENSG00000106443.17,PHF14,0.9439541893121848,27.81681941352877,1.9268956094616967,0.3157476745760749,257.0378642380222,2.5768231666514394,0.03614934316858438,0.8057093115346714,2.502216016726537,1.9083103424663814,0.2535802402895051,-0.45098187586003935,0.6840180912610183,2.502216016726537,27.81668670028507,1.0055549533416022,403,True
esophagus_mucosa,excluded_at_or_below_-1,ENSG00000106443.17,PHF14,0.40525823641045805,38.911456495604995,1.7117623773035784,0.4679448759779726,782.8368066628295,3.0637670366804692,0.0066052066097806355,0.5689173996914929,2.725523045529028,1.7097360528359182,0.34125421071490364,-0.11565438730713501,0.18601760328082673,2.725523045529028,38.81111515856944,0.2563554343783403,614,True
esophagus_mucosa,raw,ENSG00000106443.17,PHF14,0.40525823641045805,38.911456495604995,1.7117623773035784,0.4679448759779726,782.8368066628295,3.0637670366804692,0.0066052066097806355,0.5689173996914929,2.725523045529028,1.7097360528359182,0.34125421071490364,-0.11565438730713501,0.18601760328082673,2.725523045529028,38.81111515856944,0.2563554343783403,614,True
esophagus_muscularis,excluded_at_or_below_-1,ENSG00000106443.17,PHF14,0.8085969541000702,38.01124087339177,1.9084945682363357,0.31917632236885757,555.970942712206,2.9727581911347603,0.011919751510467713,0.9547472216158176,2.5794215427635185,1.8828280766071523,0.24397674291447574,-0.39865371298543734,0.23161737874160204,2.5794215427635185,38.00584215693323,0.4530201944567023,561,True
esophagus_muscularis,raw,ENSG00000106443.17,PHF14,0.8085969541000702,38.01124087339177,1.9084945682363357,0.31917632236885757,555.970942712206,2.9727581911347603,0.011919751510467713,0.9547472216158176,2.5794215427635185,1.8828280766071523,0.24397674291447574,-0.39865371298543734,0.23161737874160204,2.5794215427635185,38.00584215693323,0.4530201944567023,561,True
fallopian_tube,excluded_at_or_below_-1,ENSG00000106443.17,PHF14,0.4601166282632412,1.5245782943720447,2.28796095905624,0.09529652213752518,25.357708448352383,10.81645963411046,0.0,2.0447840315049652,3.016826112380034,2.3940829002372124,0.23538998313282997,0.8654971580651335,0.21056248774544084,3.016826112380034,1.5245686820096074,0.0,29,True
fallopian_tube,raw,ENSG00000106443.17,PHF14,0.4601166282632412,1.5245782943720447,2.28796095905624,0.09529652213752518,25.357708448352383,10.81645963411046,0.0,2.0447840315049652,3.016826112380034,2.3940829002372124,0.23538998313282997,0.8654971580651335,0.21056248774544084,3.016826112380034,1.5245686820096074,0.0,29,True
heart_atrial_appendage,excluded_at_or_below_-1,ENSG00000106443.17,PHF14,0.5697430904643807,31.72609263318553,0.7672402444266379,0.43043847756834086,509.2407087340806,3.623538463208034,5.033444133701338e-05,-0.3386891118392109,1.870122030467742,0.7725292681417373,0.33122398002527104,0.06163800963679912,0.5348575432420177,1.870122030467742,31.682974060915296,0.0015947447992512576,461,True
heart_atrial_appendage,raw,ENSG00000106443.17,PHF14,0.5697430904643807,31.72609263318553,0.7672402444266379,0.43043847756834086,509.2407087340806,3.623538463208034,5.033444133701338e-05,-0.3386891118392109,1.870122030467742,0.7725292681417373,0.33122398002527104,0.06163800963679912,0.5348575432420177,1.870122030467742,31.682974060915296,0.0015947447992512576,461,True
heart_left_ventricle,excluded_at_or_below_-1,ENSG00000106443.17,PHF14,0.18169036931059784,26.664787514791723,0.3760090906261122,0.6232024255850525,761.4027162912105,3.584724972323947,0.0,-0.6697754948721646,1.9556922143396591,0.35708913739545955,0.4419600303146382,0.24391944960321393,0.32129466153603925,1.9556922143396591,26.62136607179632,0.0,452,True
heart_left_ventricle,raw,ENSG00000106443.17,PHF14,0.18169036931059784,26.664787514791723,0.3760090906261122,0.6232024255850525,761.4027162912105,3.584724972323947,0.0,-0.6697754948721646,1.9556922143396591,0.35708913739545955,0.4419600303146382,0.24391944960321393,0.32129466153603925,1.9556922143396591,26.62136607179632,0.0,452,True
kidney_cortex,excluded_at_or_below_-1,ENSG00000106443.17,PHF14,0.43946926019943533,3.8456572641897933,0.8243237253935144,0.9469060963248749,64.3540577923954,2.7303790660148928,0.0,0.0016077088393824,2.652486494918165,1.0307044767737525,0.6038738743788621,0.44626417333909046,-0.5533726432277208,2.652486494918165,3.7531559000896912,0.0,104,True
kidney_cortex,raw,ENSG00000106443.17,PHF14,0.43946926019943533,3.8456572641897933,0.8243237253935144,0.9469060963248749,64.3540577923954,2.7303790660148928,0.0,0.0016077088393824,2.652486494918165,1.0307044767737525,0.6038738743788621,0.44626417333909046,-0.5533726432277208,2.652486494918165,3.7531559000896912,0.0,104,True
kidney_medulla,excluded_at_or_below_-1,ENSG00000106443.17,PHF14,0.08240784795783931,0.3275085000195585,1.7703420322150902,0.5755664232075308,13.546000332776652,1.3625477674946882,0.3678542739425339,0.7505679181223412,2.324881152650585,1.679962621725499,0.4335730140126939,-0.5327263699213843,0.08418446372343702,2.324881152650585,0.31332147368964647,0.11525664321470963,11,True
kidney_medulla,raw,ENSG00000106443.17,PHF14,0.08240784795783931,0.3275085000195585,1.7703420322150902,0.5755664232075308,13.546000332776652,1.3625477674946882,0.3678542739425339,0.7505679181223412,2.324881152650585,1.679962621725499,0.4335730140126939,-0.5327263699213843,0.08418446372343702,2.324881152650585,0.31332147368964647,0.11525664321470963,11,True
liver,excluded_at_or_below_-1,ENSG00000106443.17,PHF14,0.7859199605918705,18.385803443257878,0.8721912803384637,0.3771445833654515,123.04566080546921,4.3026788350134035,0.0,-0.1123515205648384,2.019636093315282,0.8910009375965401,0.3216231071078582,0.18470321094539247,0.5543707913165625,2.019636093315282,18.38380594201523,0.0,262,True
liver,raw,ENSG00000106443.17,PHF14,0.7859199605918705,18.385803443257878,0.8721912803384637,0.3771445833654515,123.04566080546921,4.3026788350134035,0.0,-0.1123515205648384,2.019636093315282,0.8910009375965401,0.3216231071078582,0.18470321094539247,0.5543707913165625,2.019636093315282,18.38380594201523,0.0,262,True
lung,excluded_at_or_below_-1,ENSG00000106443.17,PHF14,1.2478773042834677,44.978490907658845,1.9352742703852677,0.4870136019137319,350.0782921337973,3.648460483297651,0.0012448488378112332,0.389186815318931,3.191696870681289,1.906446749843661,0.39121075465150595,-0.2529274945845026,0.42842450352203443,3.191696870681289,44.97573929777824,0.05598799679454025,604,True
lung,raw,ENSG00000106443.17,PHF14,1.2478773042834677,44.978490907658845,1.9352742703852677,0.4870136019137319,350.0782921337973,3.648460483297651,0.0012448488378112332,0.389186815318931,3.191696870681289,1.906446749843661,0.39121075465150595,-0.2529274945845026,0.42842450352203443,3.191696870681289,44.97573929777824,0.05598799679454025,604,True
minor_salivary_gland,excluded_at_or_below_-1,ENSG00000106443.17,PHF14,-0.012556909309606326,9.000980434611225,1.8072866122036682,0.5743290166435878,181.46004602258654,2.2184641281598605,0.05866819767641388,0.7232396261820138,2.708231388215503,1.780511008633166,0.3866002030049376,-0.12930656714805183,-0.29608119173379244,2.708231388215503,8.745678966632791,0.5130932224288677,181,True
minor_salivary_gland,raw,ENSG00000106443.17,PHF14,-0.012556909309606326,9.000980434611225,1.8072866122036682,0.5743290166435878,181.46004602258654,2.2184641281598605,0.05866819767641388,0.7232396261820138,2.708231388215503,1.780511008633166,0.3866002030049376,-0.12930656714805183,-0.29608119173379244,2.708231388215503,8.745678966632791,0.5130932224288677,181,True
muscle_skeletal,excluded_at_or_below_-1,ENSG00000106443.17,PHF14,-3.855464093358938,48.59583082605397,0.7848963702361124,0.6968013434930531,934.1828282150246,2.6321405913048097,0.0,-0.3511314870143451,2.0817861392793024,0.8000841573520913,0.41284409624069607,0.16491979472170593,-0.3619775569787338,2.0817861392793024,47.07454624702543,0.0,818,True
muscle_skeletal,raw,ENSG00000106443.17,PHF14,-3.855464093358938,48.59583082605397,0.7848963702361124,0.6968013434930531,934.1828282150246,2.6321405913048097,0.0,-0.3511314870143451,2.0817861392793024,0.8000841573520913,0.41284409624069607,0.16491979472170593,-0.3619775569787338,2.0817861392793024,47.07454624702543,0.0,818,True
nerve_tibial,excluded_at_or_below_-1,ENSG00000106443.17,PHF14,1.3212272286867868,46.07081450717099,2.545393789981489,0.3129388883202941,394.3030518699977,3.5977535027777923,0.0010200694925220192,1.6855903617935448,3.3415090384595683,2.5363535530449735,0.24962439650674673,-0.10227272621094069,0.3981575367715542,3.3415090384595683,46.04654634834871,0.04697067716595171,670,True
nerve_tibial,raw,ENSG00000106443.17,PHF14,1.3212272286867868,46.07081450717099,2.545393789981489,0.3129388883202941,394.3030518699977,3.5977535027777923,0.0010200694925220192,1.6855903617935448,3.3415090384595683,2.5363535530449735,0.24962439650674673,-0.10227272621094069,0.3981575367715542,3.3415090384595683,46.04654634834871,0.04697067716595171,670,True
ovary,excluded_at_or_below_-1,ENSG00000106443.17,PHF14,0.9362245664004389,10.931958129299536,2.693372764040709,0.335976906260269,171.15838420931743,2.790930797544083,0.020226840906893175,1.686733580644653,3.356418516035829,2.6677510755625162,0.2996038674934124,-0.27432591543917845,0.29340696112707176,3.356418516035829,10.930564424126059,0.2210907876293442,193,True
ovary,raw,ENSG00000106443.17,PHF14,0.9362245664004389,10.931958129299536,2.693372764040709,0.335976906260269,171.15838420931743,2.790930797544083,0.020226840906893175,1.686733580644653,3.356418516035829,2.6677510755625162,0.2996038674934124,-0.27432591543917845,0.29340696112707176,3.356418516035829,10.930564424126059,0.2210907876293442,193,True
pancreas,excluded_at_or_below_-1,ENSG00000106443.17,PHF14,0.6641813804542881,24.42510283312592,0.7253628142988681,0.45603558721996723,129.4330930295506,3.8700248970935727,0.0,-0.3801738438005677,1.973313706199844,0.7197061341451015,0.3556076669569674,0.012246433271495263,0.34070865091705516,1.973313706199844,24.411180856032498,0.0,362,True
pancreas,raw,ENSG00000106443.17,PHF14,0.6641813804542881,24.42510283312592,0.7253628142988681,0.45603558721996723,129.4330930295506,3.8700248970935727,0.0,-0.3801738438005677,1.973313706199844,0.7197061341451015,0.3556076669569674,0.012246433271495263,0.34070865091705516,1.973313706199844,24.411180856032498,0.0,362,True
pituitary,excluded_at_or_below_-1,ENSG00000106443.17,PHF14,0.7026612601745638,17.994785454974792,2.109036861799738,0.31734260006501736,463.1755974349264,2.5616279200799688,0.03670208888990582,1.2702209352260143,2.683853626527425,2.0863769759179163,0.24186584322176205,-0.3075609480838938,-0.005812782421163565,2.683853626527425,17.977971838531946,0.6598291204780231,313,True
pituitary,raw,ENSG00000106443.17,PHF14,0.7026612601745638,17.994785454974792,2.109036861799738,0.31734260006501736,463.1755974349264,2.5616279200799688,0.03670208888990582,1.2702209352260143,2.683853626527425,2.0863769759179163,0.24186584322176205,-0.3075609480838938,-0.005812782421163565,2.683853626527425,17.977971838531946,0.6598291204780231,313,True
prostate,excluded_at_or_below_-1,ENSG00000106443.17,PHF14,0.459269615936802,20.37850715210866,2.0856283141915783,0.39499710137061156,205.19533154220346,4.6239340364699055,0.0,1.2142989132135535,3.377116806403249,2.0974319552960554,0.32086159362071315,0.47474954532946356,1.3251792582942459,3.377116806403249,20.37787137307012,0.0,282,True
prostate,raw,ENSG00000106443.17,PHF14,0.459269615936802,20.37850715210866,2.0856283141915783,0.39499710137061156,205.19533154220346,4.6239340364699055,0.0,1.2142989132135535,3.377116806403249,2.0974319552960554,0.32086159362071315,0.47474954532946356,1.3251792582942459,3.377116806403249,20.37787137307012,0.0,282,True
skin_not_sun_exposed_suprapubic,excluded_at_or_below_-1,ENSG00000106443.17,PHF14,1.7554862360564571,39.31199830902075,1.9542705104534681,0.3797200438138822,573.1407929268187,3.221338488263651,0.0038166494890471063,0.9984229940714008,2.8192083278013933,1.9227289385020365,0.3005561771446213,-0.24323794305109678,-0.060448316390104395,2.8192083278013933,39.24187911461842,0.1497724978720567,651,True
skin_not_sun_exposed_suprapubic,raw,ENSG00000106443.17,PHF14,1.7554862360564571,39.31199830902075,1.9542705104534681,0.3797200438138822,573.1407929268187,3.221338488263651,0.0038166494890471063,0.9984229940714008,2.8192083278013933,1.9227289385020365,0.3005561771446213,-0.24323794305109678,-0.060448316390104395,2.8192083278013933,39.24187911461842,0.1497724978720567,651,True
skin_sun_exposed_lower_leg,excluded_at_or_below_-1,ENSG00000106443.17,PHF14,1.0040893014307106,58.51790126022285,1.9278651764429764,0.402413180499182,740.9491901941431,3.303339046506747,0.004264775378751897,0.5301007148023968,2.86782729202423,1.9057073255266483,0.31419332927364907,-0.37385268421553947,0.8010996220803803,2.86782729202423,58.517437525607896,0.2495637267868649,754,True
skin_sun_exposed_lower_leg,raw,ENSG00000106443.17,PHF14,1.0040893014307106,58.51790126022285,1.9278651764429764,0.402413180499182,740.9491901941431,3.303339046506747,0.004264775378751897,0.5301007148023968,2.86782729202423,1.9057073255266483,0.31419332927364907,-0.37385268421553947,0.8010996220803803,2.86782729202423,58.517437525607896,0.2495637267868649,754,True
small_intestine_terminal_ileum,excluded_at_or_below_-1,ENSG00000106443.17,PHF14,-0.15372222535043858,11.807894904240063,1.7907745298182118,0.6213123657333901,166.1872547351754,3.154017992081689,0.0,0.7613576190865796,3.176442460295154,1.7900884304416147,0.4180550676725459,0.1978583797000449,0.19016110759617133,3.176442460295154,11.726180176851361,0.0,207,True
small_intestine_terminal_ileum,raw,ENSG00000106443.17,PHF14,-0.15372222535043858,11.807894904240063,1.7907745298182118,0.6213123657333901,166.1872547351754,3.154017992081689,0.0,0.7613576190865796,3.176442460295154,1.7900884304416147,0.4180550676725459,0.1978583797000449,0.19016110759617133,3.176442460295154,11.726180176851361,0.0,207,True
spleen,excluded_at_or_below_-1,ENSG00000106443.17,PHF14,1.3841469335849685,20.91534274196155,1.8004367232904983,0.31004182277697356,268.5704236787935,5.810553487803199,0.0,1.0002055693968548,3.074299909610538,1.8612740507526109,0.34620604297492735,0.9632656670088608,1.680914345182738,3.074299909610538,20.915311700035087,0.0,277,True
spleen,raw,ENSG00000106443.17,PHF14,1.3841469335849685,20.91534274196155,1.8004367232904983,0.31004182277697356,268.5704236787935,5.810553487803199,0.0,1.0002055693968548,3.074299909610538,1.8612740507526109,0.34620604297492735,0.9632656670088608,1.680914345182738,3.074299909610538,20.915311700035087,0.0,277,True
stomach,excluded_at_or_below_-1,ENSG00000106443.17,PHF14,-0.45327002511646247,22.304867119489337,1.5218077193927502,0.5755831414477095,420.1440223183312,2.9157057008660345,0.0,0.5956325520516963,2.7084962730121505,1.52652519437859,0.3811719477005112,0.1243988393635037,-0.12266717448026387,2.7084962730121505,21.986764909714243,0.0,407,True
stomach,raw,ENSG00000106443.17,PHF14,-0.45327002511646247,22.304867119489337,1.5218077193927502,0.5755831414477095,420.1440223183312,2.9157057008660345,0.0,0.5956325520516963,2.7084962730121505,1.52652519437859,0.3811719477005112,0.1243988393635037,-0.12266717448026387,2.7084962730121505,21.986764909714243,0.0,407,True
testis,excluded_at_or_below_-1,ENSG00000106443.17,PHF14,0.0815010912030572,22.736310655123972,2.1178185117543946,0.4090764487485739,227.11412520392946,2.9564557084435052,0.0,1.3785032999891,2.9730050509522505,2.129572319929663,0.2857801118480629,0.19522730203248476,-0.0895326147093285,2.9730050509522505,22.448691433138528,0.0,414,True
testis,raw,ENSG00000106443.17,PHF14,0.0815010912030572,22.736310655123972,2.1178185117543946,0.4090764487485739,227.11412520392946,2.9564557084435052,0.0,1.3785032999891,2.9730050509522505,2.129572319929663,0.2857801118480629,0.19522730203248476,-0.0895326147093285,2.9730050509522505,22.448691433138528,0.0,414,True
thyroid,excluded_at_or_below_-1,ENSG00000106443.17,PHF14,-0.1719605833998238,52.45289380682288,2.1134092880850153,0.4006909172457863,490.1809730279273,2.880733390302573,0.015760751734255507,0.7770219660875335,2.929611122950732,2.0944760883496323,0.2825976423694005,-0.3417498862609193,0.606015464765135,2.929611122950732,52.452054627517605,0.8266838109359126,684,True
thyroid,raw,ENSG00000106443.17,PHF14,-0.1719605833998238,52.45289380682288,2.1134092880850153,0.4006909172457863,490.1809730279273,2.880733390302573,0.015760751734255507,0.7770219660875335,2.929611122950732,2.0944760883496323,0.2825976423694005,-0.3417498862609193,0.606015464765135,2.929611122950732,52.452054627517605,0.8266838109359126,684,True
uterus,excluded_at_or_below_-1,ENSG00000106443.17,PHF14,0.9954657748416369,9.513076438287204,2.6851127785283593,0.24826541176277472,264.66080497508074,4.100391650778611,0.00013736197578035605,1.9255380620394595,3.4049371732689835,2.652302038873559,0.2560979509995415,0.15652004351120366,0.48929558239497917,3.4049371732689835,9.512065029320288,0.0013065960461786652,153,True
uterus,raw,ENSG00000106443.17,PHF14,0.9954657748416369,9.513076438287204,2.6851127785283593,0.24826541176277472,264.66080497508074,4.100391650778611,0.00013736197578035605,1.9255380620394595,3.4049371732689835,2.652302038873559,0.2560979509995415,0.15652004351120366,0.48929558239497917,3.4049371732689835,9.512065029320288,0.0013065960461786652,153,True
vagina,excluded_at_or_below_-1,ENSG00000106443.17,PHF14,-0.5691723947580231,8.06409056068097,2.149456757670286,0.6047801494286292,189.17240807813778,1.7274437864434737,0.15595438410558088,1.1923235916366837,2.888187978393245,2.1484118001478985,0.35430246987431463,-0.058249038558952956,-0.4765678367715003,2.888187978393245,7.405229672894835,1.154878032796686,170,True
vagina,raw,ENSG00000106443.17,PHF14,-0.5691723947580231,8.06409056068097,2.149456757670286,0.6047801494286292,189.17240807813778,1.7274437864434737,0.15595438410558088,1.1923235916366837,2.888187978393245,2.1484118001478985,0.35430246987431463,-0.058249038558952956,-0.4765678367715003,2.888187978393245,7.405229672894835,1.154878032796686,170,True
whole_blood,excluded_at_or_below_-1,ENSG00000106443.17,PHF14,1.6139352052051805,50.31990177606206,0.13492419269293265,0.5884167621716812,1144.0088109007356,4.612584497738981,0.0,-0.7379265085541922,2.0540982888941306,0.22567411134843188,0.4496732023010046,0.701335464651132,0.6864117066178288,2.0540982888941306,50.31847949177328,0.0,803,True
whole_blood,raw,ENSG00000106443.17,PHF14,1.6139352052051805,50.31990177606206,0.13492419269293265,0.5884167621716812,1144.0088109007356,4.612584497738981,0.0,-0.7379265085541922,2.0540982888941306,0.22567411134843188,0.4496732023010046,0.701335464651132,0.6864117066178288,2.0540982888941306,50.31847949177328,0.0,803,True
adipose_subcutaneous,excluded_at_or_below_-1,ENSG00000119403.15,PHF19,-0.4015669018240191,39.1931800715443,2.822253547409373,0.6138292363699311,452.9982656726132,2.661278500940918,0.0015256417661540392,1.6586045278950587,3.977362360861208,2.816551529960334,0.4130891921745547,-0.029208574755215766,-0.29678525935975975,3.977362360861208,38.11532587161648,0.0581503330803097,714,True
adipose_subcutaneous,raw,ENSG00000119403.15,PHF19,-0.4015669018240191,39.1931800715443,2.822253547409373,0.6138292363699311,452.9982656726132,2.661278500940918,0.0015256417661540392,1.6586045278950587,3.977362360861208,2.816551529960334,0.4130891921745547,-0.029208574755215766,-0.29678525935975975,3.977362360861208,38.11532587161648,0.0581503330803097,714,True
adipose_visceral_omentum,excluded_at_or_below_-1,ENSG00000119403.15,PHF19,-0.6419811619890511,28.32778395364039,2.7309189169496935,0.8798956841782236,228.1538152535621,2.3086992406391733,0.0,1.3513965295389316,4.167345883818243,2.738608565621752,0.5666765893738542,0.0333361372130457,-0.4392326091232315,4.167345883818243,26.356117287136726,0.0,587,True
adipose_visceral_omentum,raw,ENSG00000119403.15,PHF19,-0.6419811619890511,28.32778395364039,2.7309189169496935,0.8798956841782236,228.1538152535621,2.3086992406391733,0.0,1.3513965295389316,4.167345883818243,2.738608565621752,0.5666765893738542,0.0333361372130457,-0.4392326091232315,4.167345883818243,26.356117287136726,0.0,587,True
adrenal_gland,excluded_at_or_below_-1,ENSG00000119403.15,PHF19,0.5443403677604292,16.7403593367279,2.2240602835988343,0.5163327525259671,164.26960705050072,3.146403705291519,0.0,1.1349404646638837,3.372819798381705,2.2191584316082844,0.396760544609925,-0.009613830327306996,0.2360886089519827,3.372819798381705,16.621568636754276,0.0,295,True
adrenal_gland,raw,ENSG00000119403.15,PHF19,0.5443403677604292,16.7403593367279,2.2240602835988343,0.5163327525259671,164.26960705050072,3.146403705291519,0.0,1.1349404646638837,3.372819798381705,2.2191584316082844,0.396760544609925,-0.009613830327306996,0.2360886089519827,3.372819798381705,16.621568636754276,0.0,295,True
artery_aorta,excluded_at_or_below_-1,ENSG00000119403.15,PHF19,1.309066739903875,26.08653738390484,4.3229014461706905,0.47161359808834913,597.596832129457,3.1769079318594984,0.0,3.3077053794927034,5.382340430778874,4.346079806542314,0.3670463359751307,0.12058231487188525,-0.1172043351640637,5.382340430778874,25.918714418472796,0.0,472,True
artery_aorta,raw,ENSG00000119403.15,PHF19,1.309066739903875,26.08653738390484,4.3229014461706905,0.47161359808834913,597.596832129457,3.1769079318594984,0.0,3.3077053794927034,5.382340430778874,4.346079806542314,0.3670463359751307,0.12058231487188525,-0.1172043351640637,5.382340430778874,25.918714418472796,0.0,472,True
artery_coronary,excluded_at_or_below_-1,ENSG00000119403.15,PHF19,2.065477414732458,16.608876086274172,3.8707902966123866,0.41845396846105204,178.20710004330107,3.7516529065863446,0.0008772228880508165,2.323081789503733,4.980873023025478,3.7761453524849595,0.49010850789653077,-0.6582119994675489,0.6422436363064152,4.980873023025478,16.608793140348926,0.014569613485615474,268,True
artery_coronary,raw,ENSG00000119403.15,PHF19,2.065477414732458,16.608876086274172,3.8707902966123866,0.41845396846105204,178.20710004330107,3.7516529065863446,0.0008772228880508165,2.323081789503733,4.980873023025478,3.7761453524849595,0.49010850789653077,-0.6582119994675489,0.6422436363064152,4.980873023025478,16.608793140348926,0.014569613485615474,268,True
artery_tibial,excluded_at_or_below_-1,ENSG00000119403.15,PHF19,1.3103272974229443,55.25722381069661,3.893738576080283,0.35726407571535607,446.2638999577714,3.1919716687853836,0.006131181672767003,2.50986049483337,4.700106750095404,3.8528631297386684,0.2948826216045001,-0.6283230183571695,1.2061006981775932,4.700106750095404,55.255927215856524,0.33878412825760695,691,True
artery_tibial,raw,ENSG00000119403.15,PHF19,1.3103272974229443,55.25722381069661,3.893738576080283,0.35726407571535607,446.2638999577714,3.1919716687853836,0.006131181672767003,2.50986049483337,4.700106750095404,3.8528631297386684,0.2948826216045001,-0.6283230183571695,1.2061006981775932,4.700106750095404,55.255927215856524,0.33878412825760695,691,True
bladder,excluded_at_or_below_-1,ENSG00000119403.15,PHF19,0.6066913414654003,3.655041362160926,3.8824227147180217,0.3836872359309256,79.05368622203713,2.444375085914102,0.0503677464773679,2.6736694834346513,4.545600855025922,3.7995610506415463,0.4085808064651097,-0.7784171357287359,0.41976993757819026,4.545600855025922,3.654851703295236,0.1840866440039507,77,True
bladder,raw,ENSG00000119403.15,PHF19,0.6066913414654003,3.655041362160926,3.8824227147180217,0.3836872359309256,79.05368622203713,2.444375085914102,0.0503677464773679,2.6736694834346513,4.545600855025922,3.7995610506415463,0.4085808064651097,-0.7784171357287359,0.41976993757819026,4.545600855025922,3.654851703295236,0.1840866440039507,77,True
brain_amygdala,excluded_at_or_below_-1,ENSG00000119403.15,PHF19,0.5749728935269897,11.080538525097872,1.932992598588054,0.6181333623792954,163.58705244120247,3.5393492099799886,0.0,0.407940043704674,3.479993621635982,1.9524366653814724,0.5101842787085629,0.059443743705863264,0.4116768580706798,3.479993621635982,11.05933584043141,0.0,181,True
brain_amygdala,raw,ENSG00000119403.15,PHF19,0.5749728935269897,11.080538525097872,1.932992598588054,0.6181333623792954,163.58705244120247,3.5393492099799886,0.0,0.407940043704674,3.479993621635982,1.9524366653814724,0.5101842787085629,0.059443743705863264,0.4116768580706798,3.479993621635982,11.05933584043141,0.0,181,True
brain_anterior_cingulate_cortex_ba24,excluded_at_or_below_-1,ENSG00000119403.15,PHF19,0.3349438844271965,17.262853071349237,1.738356840523158,0.4984437884625431,252.55154347753069,3.820797092315313,0.0004130843829170193,0.307288620707955,3.0850081726208236,1.7705907316969256,0.402603891808952,0.33533973522906496,1.1213606471320565,3.0850081726208236,17.258074921125807,0.007129041229128941,233,True
brain_anterior_cingulate_cortex_ba24,raw,ENSG00000119403.15,PHF19,0.3349438844271965,17.262853071349237,1.738356840523158,0.4984437884625431,252.55154347753069,3.820797092315313,0.0004130843829170193,0.307288620707955,3.0850081726208236,1.7705907316969256,0.402603891808952,0.33533973522906496,1.1213606471320565,3.0850081726208236,17.258074921125807,0.007129041229128941,233,True
brain_caudate_basal_ganglia,excluded_at_or_below_-1,ENSG00000119403.15,PHF19,1.0922876272920772,19.019481309149985,2.267943306097501,0.599143153062203,196.87070299989642,3.190457365209511,0.006039333203536654,0.4697349280924323,3.619606687330056,2.2704877946672415,0.5225285484616169,-0.08249870322844885,0.4689106571461257,3.619606687330056,19.017149890597985,0.11485090477092186,300,True
brain_caudate_basal_ganglia,raw,ENSG00000119403.15,PHF19,1.0922876272920772,19.019481309149985,2.267943306097501,0.599143153062203,196.87070299989642,3.190457365209511,0.006039333203536654,0.4697349280924323,3.619606687330056,2.2704877946672415,0.5225285484616169,-0.08249870322844885,0.4689106571461257,3.619606687330056,19.017149890597985,0.11485090477092186,300,True
brain_cerebellar_hemisphere,excluded_at_or_below_-1,ENSG00000119403.15,PHF19,1.7476372250144947,25.293281105470527,3.033075930321808,0.35977377572301505,381.0772872523234,4.661808690120035,1.9092214238646012e-05,1.103729258009802,4.219032958854655,2.842639817203936,0.4934577148760551,-1.243593551343415,1.8249715772268527,4.219032958854655,25.293275765897707,0.00048290463971967235,277,True
brain_cerebellar_hemisphere,raw,ENSG00000119403.15,PHF19,1.7476372250144947,25.293281105470527,3.033075930321808,0.35977377572301505,381.0772872523234,4.661808690120035,1.9092214238646012e-05,1.103729258009802,4.219032958854655,2.842639817203936,0.4934577148760551,-1.243593551343415,1.8249715772268527,4.219032958854655,25.293275765897707,0.00048290463971967235,277,True
brain_cerebellum,excluded_at_or_below_-1,ENSG00000119403.15,PHF19,1.7023857598680052,25.06142195881696,3.1396506473828283,0.2831804058560031,431.1684966024395,5.709519545913946,8.340329985754764e-08,1.7404937154318445,4.282917905788703,3.037640377091768,0.36516557344797634,-0.8547343357728789,1.6921099819198364,4.282917905788703,25.060708615850423,2.0901457953304003e-06,266,True
brain_cerebellum,raw,ENSG00000119403.15,PHF19,1.7023857598680052,25.06142195881696,3.1396506473828283,0.2831804058560031,431.1684966024395,5.709519545913946,8.340329985754764e-08,1.7404937154318445,4.282917905788703,3.037640377091768,0.36516557344797634,-0.8547343357728789,1.6921099819198364,4.282917905788703,25.060708615850423,2.0901457953304003e-06,266,True
brain_cortex,excluded_at_or_below_-1,ENSG00000119403.15,PHF19,1.2192852229608113,20.689320123057705,2.0101231369770134,0.47233745186225184,280.4054763963753,5.506718883216617,0.0,0.7177060305658007,3.8493287807523937,2.1046840171154657,0.48030726226283627,0.7739123875800475,1.4623152528325392,3.8493287807523937,20.68920653936385,0.0,270,True
brain_cortex,raw,ENSG00000119403.15,PHF19,1.2192852229608113,20.689320123057705,2.0101231369770134,0.47233745186225184,280.4054763963753,5.506718883216617,0.0,0.7177060305658007,3.8493287807523937,2.1046840171154657,0.48030726226283627,0.7739123875800475,1.4623152528325392,3.8493287807523937,20.68920653936385,0.0,270,True
brain_frontal_cortex_ba9,excluded_at_or_below_-1,ENSG00000119403.15,PHF19,0.3193070985019169,28.65216775069238,1.7614046020507854,0.5888957205560268,145.54777379425815,8.794794330076137,0.0,0.8041113978153003,5.42366388307575,1.8444545827577667,0.5289006632279487,1.8990943151066828,8.813853427037195,5.42366388307575,28.652086472043557,0.0,269,True
brain_frontal_cortex_ba9,raw,ENSG00000119403.15,PHF19,0.3193070985019169,28.65216775069238,1.7614046020507854,0.5888957205560268,145.54777379425815,8.794794330076137,0.0,0.8041113978153003,5.42366388307575,1.8444545827577667,0.5289006632279487,1.8990943151066828,8.813853427037195,5.42366388307575,28.652086472043557,0.0,269,True
brain_hippocampus,excluded_at_or_below_-1,ENSG00000119403.15,PHF19,0.4712601180397092,13.798740362020665,1.9469430479123813,0.9127438315115802,192.5825089068056,3.619742293666387,0.0,0.5625867979326231,4.283151339297686,2.007110302198075,0.6690812796182417,0.30111527650244346,0.1342342970244732,4.283151339297686,13.779021937930484,0.0,255,True
brain_hippocampus,raw,ENSG00000119403.15,PHF19,0.4712601180397092,13.798740362020665,1.9469430479123813,0.9127438315115802,192.5825089068056,3.619742293666387,0.0,0.5625867979326231,4.283151339297686,2.007110302198075,0.6690812796182417,0.30111527650244346,0.1342342970244732,4.283151339297686,13.779021937930484,0.0,255,True
brain_hypothalamus,excluded_at_or_below_-1,ENSG00000119403.15,PHF19,0.29634252350325907,16.88465284522335,1.9850899515622311,0.7673599019347327,362.14691048879126,3.8197880188331426,0.0,0.3146733263535235,4.057727520264868,1.9708517238377663,0.5848888913647985,0.11677413666435932,0.5424162111932769,4.057727520264868,16.87308185745717,0.0,257,True
brain_hypothalamus,raw,ENSG00000119403.15,PHF19,0.29634252350325907,16.88465284522335,1.9850899515622311,0.7673599019347327,362.14691048879126,3.8197880188331426,0.0,0.3146733263535235,4.057727520264868,1.9708517238377663,0.5848888913647985,0.11677413666435932,0.5424162111932769,4.057727520264868,16.87308185745717,0.0,257,True
brain_nucleus_accumbens_basal_ganglia,excluded_at_or_below_-1,ENSG00000119403.15,PHF19,1.1051231567024398,19.90730941072653,2.1208299171154783,0.5068043467501404,308.1535502007828,3.8578001299080507,0.0005320103341607411,0.5329353028090429,3.503329651773554,2.115315008428205,0.4571212567100874,-0.07005789308454262,0.6337186285562306,3.503329651773554,19.906139976124802,0.010590272180548643,285,True
brain_nucleus_accumbens_basal_ganglia,raw,ENSG00000119403.15,PHF19,1.1051231567024398,19.90730941072653,2.1208299171154783,0.5068043467501404,308.1535502007828,3.8578001299080507,0.0005320103341607411,0.5329353028090429,3.503329651773554,2.115315008428205,0.4571212567100874,-0.07005789308454262,0.6337186285562306,3.503329651773554,19.906139976124802,0.010590272180548643,285,True
brain_putamen_basal_ganglia,excluded_at_or_below_-1,ENSG00000119403.15,PHF19,1.0392380273266422,14.970508000722916,2.0168265222067965,0.6418299953836721,325.58731931629666,3.458619618783248,0.001017777990666017,0.3810230547127131,3.586494550444737,1.997534591307028,0.552838812086073,-0.06633250595630513,0.17952093412195147,3.586494550444737,14.947795466241095,0.01521353723451746,254,True
brain_putamen_basal_ganglia,raw,ENSG00000119403.15,PHF19,1.0392380273266422,14.970508000722916,2.0168265222067965,0.6418299953836721,325.58731931629666,3.458619618783248,0.001017777990666017,0.3810230547127131,3.586494550444737,1.997534591307028,0.552838812086073,-0.06633250595630513,0.17952093412195147,3.586494550444737,14.947795466241095,0.01521353723451746,254,True
brain_spinal_cord_cervical_c-1,excluded_at_or_below_-1,ENSG00000119403.15,PHF19,0.7981511494378734,12.450437059715746,2.934313737758445,0.7555561282337182,302.40483824718206,2.9296848574081857,0.01359394196885475,0.6301584773521607,4.499523835230491,2.7745212220536137,0.6732074690245564,-0.6819537089159786,0.5122706074482033,4.499523835230491,12.449215120231127,0.16923390790221104,204,True
brain_spinal_cord_cervical_c-1,raw,ENSG00000119403.15,PHF19,0.7981511494378734,12.450437059715746,2.934313737758445,0.7555561282337182,302.40483824718206,2.9296848574081857,0.01359394196885475,0.6301584773521607,4.499523835230491,2.7745212220536137,0.6732074690245564,-0.6819537089159786,0.5122706074482033,4.499523835230491,12.449215120231127,0.16923390790221104,204,True
brain_substantia_nigra,excluded_at_or_below_-1,ENSG00000119403.15,PHF19,0.15369147083501225,9.698769346586943,1.9463520927142721,0.9899622976546861,230.51280127560912,3.482276621619412,0.0,0.6645329014691472,4.383977255651357,2.0747528509206408,0.6740295288879017,0.5323241297423622,-0.038000002706923386,4.383977255651357,9.676128201055803,0.0,183,True
brain_substantia_nigra,raw,ENSG00000119403.15,PHF19,0.15369147083501225,9.698769346586943,1.9463520927142721,0.9899622976546861,230.51280127560912,3.482276621619412,0.0,0.6645329014691472,4.383977255651357,2.0747528509206408,0.6740295288879017,0.5323241297423622,-0.038000002706923386,4.383977255651357,9.676128201055803,0.0,183,True
breast_mammary_tissue,excluded_at_or_below_-1,ENSG00000119403.15,PHF19,0.42135223990930215,34.304941456279174,2.7367240765908383,0.6624057861940196,476.70609481689786,2.974587499797211,0.011553960353320472,0.894177501103478,4.129995944313354,2.7192588535369824,0.4893994803880213,-0.20140083444067414,0.22470903140353515,4.129995944313354,34.289959767439775,0.3961848356699532,514,True
breast_mammary_tissue,raw,ENSG00000119403.15,PHF19,0.42135223990930215,34.304941456279174,2.7367240765908383,0.6624057861940196,476.70609481689786,2.974587499797211,0.011553960353320472,0.894177501103478,4.129995944313354,2.7192588535369824,0.4893994803880213,-0.20140083444067414,0.22470903140353515,4.129995944313354,34.289959767439775,0.3961848356699532,514,True
cells_cultured_fibroblasts,excluded_at_or_below_-1,ENSG00000119403.15,PHF19,-83.37888354124037,109.0753292670809,3.469546872008032,3.051602399247968,2568.8868828747454,0.5977017947900928,0.45486132690899156,1.6468078077922257,4.759273034692839,3.464081342795443,0.642373634655712,0.016594155789705106,-1.175943503614591,4.759273034692839,32.730141955981225,14.887675800017277,652,True
cells_cultured_fibroblasts,raw,ENSG00000119403.15,PHF19,-83.37888354124037,109.0753292670809,3.469546872008032,3.051602399247968,2568.8868828747454,0.5977017947900928,0.45486132690899156,1.6468078077922257,4.759273034692839,3.464081342795443,0.642373634655712,0.016594155789705106,-1.175943503614591,4.759273034692839,32.730141955981225,14.887675800017277,652,True
cells_ebv-transformed_lymphocytes,excluded_at_or_below_-1,ENSG00000119403.15,PHF19,0.7244274028213363,25.14566629245527,4.703143385940484,0.4979023844065557,240.26122990123483,2.8606610340467356,0.016710787720208224,2.738021981429039,5.710296752112932,4.625853760528687,0.4493521433286697,-1.1489546590255042,2.7306880032349543,5.710296752112932,25.145659838312564,0.4202037836426067,327,True
cells_ebv-transformed_lymphocytes,raw,ENSG00000119403.15,PHF19,0.7244274028213363,25.14566629245527,4.703143385940484,0.4979023844065557,240.26122990123483,2.8606610340467356,0.016710787720208224,2.738021981429039,5.710296752112932,4.625853760528687,0.4493521433286697,-1.1489546590255042,2.7306880032349543,5.710296752112932,25.145659838312564,0.4202037836426067,327,True
cervix_ectocervix,excluded_at_or_below_-1,ENSG00000119403.15,PHF19,0.599985654005182,0.03226422128826744,8.01792577273537,0.39712341283936126,23.600000008232303,-11.336217732746311,,2.3100434068478535,4.83461768229109,3.508685460959695,0.7793112986522404,-0.1709722296471128,-1.3995503462564856,4.83461768229109,0.0,0.0,24,True
cervix_ectocervix,raw,ENSG00000119403.15,PHF19,0.599985654005182,0.03226422128826744,8.01792577273537,0.39712341283936126,23.600000008232303,-11.336217732746311,,2.3100434068478535,4.83461768229109,3.508685460959695,0.7793112986522404,-0.1709722296471128,-1.3995503462564856,4.83461768229109,0.0,0.0,24,True
cervix_endocervix,excluded_at_or_below_-1,ENSG00000119403.15,PHF19,0.4132321801951083,0.47695644575610285,4.110187642159967,0.34970923020650607,14.63897123757528,3.728929062638412,0.0,3.205134418914292,5.032283813972748,4.138181740784729,0.4964540809437282,0.15394766446518449,-0.6635622650787067,5.032283813972748,0.4764972116314662,0.0,23,True
cervix_endocervix,raw,ENSG00000119403.15,PHF19,0.4132321801951083,0.47695644575610285,4.110187642159967,0.34970923020650607,14.63897123757528,3.728929062638412,0.0,3.205134418914292,5.032283813972748,4.138181740784729,0.4964540809437282,0.15394766446518449,-0.6635622650787067,5.032283813972748,0.4764972116314662,0.0,23,True
colon_sigmoid,excluded_at_or_below_-1,ENSG00000119403.15,PHF19,1.5323240144483181,37.8013320085506,3.5946468540547047,0.39797473234049374,211.94511158874485,3.239054584660442,0.0052699737764530545,1.5261389409720016,4.5061512517380375,3.5224040496648206,0.4404463759635149,-1.424255997320922,3.6443227926011437,4.5061512517380375,37.80105193536383,0.19921055242170738,419,True
colon_sigmoid,raw,ENSG00000119403.15,PHF19,1.5323240144483181,37.8013320085506,3.5946468540547047,0.39797473234049374,211.94511158874485,3.239054584660442,0.0052699737764530545,1.5261389409720016,4.5061512517380375,3.5224040496648206,0.4404463759635149,-1.424255997320922,3.6443227926011437,4.5061512517380375,37.80105193536383,0.19921055242170738,419,True
colon_transverse,excluded_at_or_below_-1,ENSG00000119403.15,PHF19,-105.99723730143344,123.04200796238601,2.8678095940721406,5.674890595718579,771.4653583624349,0.3397877587091034,0.6430916575557452,0.5212367169565584,4.231294153789491,2.7094257890290128,0.8503072286999498,-0.24758979578036847,-1.045460076013004,4.231294153789491,19.337790523721623,12.43597176136592,479,True
colon_transverse,raw,ENSG00000119403.15,PHF19,-105.99723730143344,123.04200796238601,2.8678095940721406,5.674890595718579,771.4653583624349,0.3397877587091034,0.6430916575557452,0.5212367169565584,4.231294153789491,2.7094257890290128,0.8503072286999498,-0.24758979578036847,-1.045460076013004,4.231294153789491,19.337790523721623,12.43597176136592,479,True
esophagus_gastroesophageal_junction,excluded_at_or_below_-1,ENSG00000119403.15,PHF19,1.0715407541883046,29.90983161899347,4.037083822912924,0.4047666073833297,387.3431316312528,3.5984219792181626,0.001528536869308152,2.6840444554930216,5.066999738878016,3.9899215284696488,0.35797887773498477,-0.7237187491520348,1.3640643001096366,5.066999738878016,29.90937594085251,0.04571758386359126,403,True
esophagus_gastroesophageal_junction,raw,ENSG00000119403.15,PHF19,1.0715407541883046,29.90983161899347,4.037083822912924,0.4047666073833297,387.3431316312528,3.5984219792181626,0.001528536869308152,2.6840444554930216,5.066999738878016,3.9899215284696488,0.35797887773498477,-0.7237187491520348,1.3640643001096366,5.066999738878016,29.90937594085251,0.04571758386359126,403,True
esophagus_mucosa,excluded_at_or_below_-1,ENSG00000119403.15,PHF19,1.7729880722452147,34.25859106281515,2.7603842249488446,0.5833624942657143,567.1807436331501,3.3979197788600306,0.0,1.5584856139517935,4.162024691601113,2.7757404820064817,0.4605375321795151,0.1624144689317604,-0.05625441741232429,4.162024691601113,34.15159167021467,0.0,614,True
esophagus_mucosa,raw,ENSG00000119403.15,PHF19,1.7729880722452147,34.25859106281515,2.7603842249488446,0.5833624942657143,567.1807436331501,3.3979197788600306,0.0,1.5584856139517935,4.162024691601113,2.7757404820064817,0.4605375321795151,0.1624144689317604,-0.05625441741232429,4.162024691601113,34.15159167021467,0.0,614,True
esophagus_muscularis,excluded_at_or_below_-1,ENSG00000119403.15,PHF19,0.8321672130517567,40.83831794354896,3.854293911628734,0.40809728834345965,357.970900057185,2.68170628959337,0.027436717960895928,2.3971745546009107,4.628149497541955,3.8262619026996187,0.3219537711142676,-0.5650096169740734,1.1065117767269737,4.628149497541955,40.838026141189296,1.1204614053155058,561,True
esophagus_muscularis,raw,ENSG00000119403.15,PHF19,0.8321672130517567,40.83831794354896,3.854293911628734,0.40809728834345965,357.970900057185,2.68170628959337,0.027436717960895928,2.3971745546009107,4.628149497541955,3.8262619026996187,0.3219537711142676,-0.5650096169740734,1.1065117767269737,4.628149497541955,40.838026141189296,1.1204614053155058,561,True
fallopian_tube,excluded_at_or_below_-1,ENSG00000119403.15,PHF19,0.13938239866764723,1.2858071768554251,4.020648985991626,0.7363972505142119,25.531341711718362,1.6681642315868899,0.24745979818399214,2.160155408755657,4.88928126772805,3.906751691764012,0.6211424290686914,-0.8248815900553771,0.9017382354200105,4.88928126772805,1.2836283411665819,0.31764641024833495,29,True
fallopian_tube,raw,ENSG00000119403.15,PHF19,0.13938239866764723,1.2858071768554251,4.020648985991626,0.7363972505142119,25.531341711718362,1.6681642315868899,0.24745979818399214,2.160155408755657,4.88928126772805,3.906751691764012,0.6211424290686914,-0.8248815900553771,0.9017382354200105,4.88928126772805,1.2836283411665819,0.31764641024833495,29,True
heart_atrial_appendage,excluded_at_or_below_-1,ENSG00000119403.15,PHF19,1.3361623118016228,22.82586753603129,1.9904367972243537,0.6674937319982003,540.406923379853,2.751491489892163,0.004795663525086427,0.6524727275836957,3.2891114613730483,1.9894376831185734,0.5060078308291656,-0.01602411300735833,-0.21606509884207892,3.2891114613730483,22.415195208162075,0.10749573406747492,461,True
heart_atrial_appendage,raw,ENSG00000119403.15,PHF19,1.3361623118016228,22.82586753603129,1.9904367972243537,0.6674937319982003,540.406923379853,2.751491489892163,0.004795663525086427,0.6524727275836957,3.2891114613730483,1.9894376831185734,0.5060078308291656,-0.01602411300735833,-0.21606509884207892,3.2891114613730483,22.415195208162075,0.10749573406747492,461,True
heart_left_ventricle,excluded_at_or_below_-1,ENSG00000119403.15,PHF19,0.8696678589162979,38.67101177734332,1.1500486823502734,0.6467809889725705,374.38097350361613,5.84826239118807,0.0,-0.4243981910966706,3.8247118547190064,1.1570005108339765,0.5692332255186021,0.6674414890063362,2.7440050558209963,3.8247118547190064,38.67099910282138,0.0,452,True
heart_left_ventricle,raw,ENSG00000119403.15,PHF19,0.8696678589162979,38.67101177734332,1.1500486823502734,0.6467809889725705,374.38097350361613,5.84826239118807,0.0,-0.4243981910966706,3.8247118547190064,1.1570005108339765,0.5692332255186021,0.6674414890063362,2.7440050558209963,3.8247118547190064,38.67099910282138,0.0,452,True
kidney_cortex,excluded_at_or_below_-1,ENSG00000119403.15,PHF19,1.5098939073458313,7.789457096557178,0.6366819327484983,0.3075842187600555,82.93561039512994,14.245186607199619,0.0,-0.1602612665322429,3.734937182340537,1.1999683964811472,0.9440959520134187,0.831707631670099,-0.3574309955024324,3.734937182340537,7.788762039257025,0.0,104,True
kidney_cortex,raw,ENSG00000119403.15,PHF19,1.5098939073458313,7.789457096557178,0.6366819327484983,0.3075842187600555,82.93561039512994,14.245186607199619,0.0,-0.1602612665322429,3.734937182340537,1.1999683964811472,0.9440959520134187,0.831707631670099,-0.3574309955024324,3.734937182340537,7.788762039257025,0.0,104,True
kidney_medulla,excluded_at_or_below_-1,ENSG00000119403.15,PHF19,,,,,,,,,,,,,,,,,11,False
kidney_medulla,raw,ENSG00000119403.15,PHF19,,,,,,,,,,,,,,,,,11,False
liver,excluded_at_or_below_-1,ENSG00000119403.15,PHF19,1.1890718957589776,21.276736666255037,0.22546788618627644,0.49439425886006,319.72183720192504,7.801925052727626,0.0,-0.3898763751933528,2.952939222023602,0.4089936315889053,0.51814117508817,1.5259947015401534,3.4299770219773933,2.952939222023602,21.276548152012836,0.0,262,True
liver,raw,ENSG00000119403.15,PHF19,1.1890718957589776,21.276736666255037,0.22546788618627644,0.49439425886006,319.72183720192504,7.801925052727626,0.0,-0.3898763751933528,2.952939222023602,0.4089936315889053,0.51814117508817,1.5259947015401534,3.4299770219773933,2.952939222023602,21.276548152012836,0.0,262,True
lung,excluded_at_or_below_-1,ENSG00000119403.15,PHF19,-2.7234579166763293,35.55218011386744,3.2225627140854227,0.8488570946874568,1002.0810858004421,2.3113076793286784,0.037632488589987315,1.6532182690890282,4.6098849501354735,3.2223878057035855,0.5058683233469188,-0.034473476860487254,-0.34987450733923575,4.6098849501354735,34.38680594392541,1.294061082330881,604,True
lung,raw,ENSG00000119403.15,PHF19,-2.7234579166763293,35.55218011386744,3.2225627140854227,0.8488570946874568,1002.0810858004421,2.3113076793286784,0.037632488589987315,1.6532182690890282,4.6098849501354735,3.2223878057035855,0.5058683233469188,-0.034473476860487254,-0.34987450733923575,4.6098849501354735,34.38680594392541,1.294061082330881,604,True
minor_salivary_gland,excluded_at_or_below_-1,ENSG00000119403.15,PHF19,0.7674010843929759,9.455378159660075,1.884975279895023,0.6173416657006963,142.17102777602702,3.085834351960027,0.0028069225727169068,0.4831889150265562,3.2320236816362407,1.842167714368416,0.5106464062633211,-0.25721531424384736,-0.10924771595559868,3.2320236816362407,9.400757865994317,0.026387199454705468,181,True
minor_salivary_gland,raw,ENSG00000119403.15,PHF19,0.7674010843929759,9.455378159660075,1.884975279895023,0.6173416657006963,142.17102777602702,3.085834351960027,0.0028069225727169068,0.4831889150265562,3.2320236816362407,1.842167714368416,0.5106464062633211,-0.25721531424384736,-0.10924771595559868,3.2320236816362407,9.400757865994317,0.026387199454705468,181,True
muscle_skeletal,excluded_at_or_below_-1,ENSG00000119403.15,PHF19,3.5724086992411963,56.30791638884839,1.2110645268328002,0.40190141361520204,740.5965379168935,4.72859659571024,0.0,0.1786126690652687,2.5548712239224507,1.2588406653063986,0.37105643293245305,0.3815914776935158,0.4212279557909868,2.5548712239224507,56.30676749265209,0.0,818,True
muscle_skeletal,raw,ENSG00000119403.15,PHF19,3.5724086992411963,56.30791638884839,1.2110645268328002,0.40190141361520204,740.5965379168935,4.72859659571024,0.0,0.1786126690652687,2.5548712239224507,1.2588406653063986,0.37105643293245305,0.3815914776935158,0.4212279557909868,2.5548712239224507,56.30676749265209,0.0,818,True
nerve_tibial,excluded_at_or_below_-1,ENSG00000119403.15,PHF19,0.6527207579564515,47.54522664479338,3.9603912243496864,0.45767142262687444,551.3989271176399,3.8808053329332535,0.0,2.820955000194414,5.2163074062600865,3.9852899068979806,0.3444466482903568,0.17192340241438692,0.35110311920133164,5.2163074062600865,47.5197007598632,0.0,670,True
nerve_tibial,raw,ENSG00000119403.15,PHF19,0.6527207579564515,47.54522664479338,3.9603912243496864,0.45767142262687444,551.3989271176399,3.8808053329332535,0.0,2.820955000194414,5.2163074062600865,3.9852899068979806,0.3444466482903568,0.17192340241438692,0.35110311920133164,5.2163074062600865,47.5197007598632,0.0,670,True
ovary,excluded_at_or_below_-1,ENSG00000119403.15,PHF19,0.7265313600070876,8.970443629474008,4.026949235456747,0.5523180156860423,195.89366790381553,2.502418140453484,0.03085739961679554,2.8782054460673043,5.004263170583182,4.010221019391575,0.4239374744318975,-0.19143992179055827,-0.19477104194727035,5.004263170583182,8.851784005740738,0.2731430363867011,193,True
ovary,raw,ENSG00000119403.15,PHF19,0.7265313600070876,8.970443629474008,4.026949235456747,0.5523180156860423,195.89366790381553,2.502418140453484,0.03085739961679554,2.8782054460673043,5.004263170583182,4.010221019391575,0.4239374744318975,-0.19143992179055827,-0.19477104194727035,5.004263170583182,8.851784005740738,0.2731430363867011,193,True
pancreas,excluded_at_or_below_-1,ENSG00000119403.15,PHF19,1.0867257961604573,25.986834514701,0.22098379176619054,0.5151562620567105,566.102601204534,5.898793203048729,0.0,-0.5639586568775308,2.369740060252904,0.332257756477848,0.4423597743581549,0.9520285572581292,1.4762034745090533,2.369740060252904,25.986664014852778,0.0,362,True
pancreas,raw,ENSG00000119403.15,PHF19,1.0867257961604573,25.986834514701,0.22098379176619054,0.5151562620567105,566.102601204534,5.898793203048729,0.0,-0.5639586568775308,2.369740060252904,0.332257756477848,0.4423597743581549,0.9520285572581292,1.4762034745090533,2.369740060252904,25.986664014852778,0.0,362,True
pituitary,excluded_at_or_below_-1,ENSG00000119403.15,PHF19,1.8959073088879421,27.23495629907516,3.384307728657808,0.38192098231600224,324.8926260499235,8.490177411677491,0.0,2.5716161402747177,5.677155841119588,3.5376209712999285,0.5033790854843554,1.2949077517955803,2.010117319677737,5.677155841119588,27.234649786586814,0.0,313,True
pituitary,raw,ENSG00000119403.15,PHF19,1.8959073088879421,27.23495629907516,3.384307728657808,0.38192098231600224,324.8926260499235,8.490177411677491,0.0,2.5716161402747177,5.677155841119588,3.5376209712999285,0.5033790854843554,1.2949077517955803,2.010117319677737,5.677155841119588,27.234649786586814,0.0,313,True
prostate,excluded_at_or_below_-1,ENSG00000119403.15,PHF19,0.8547695590493483,15.95761208140491,3.4092231646881923,0.8274206046165739,222.26969939320293,3.461968297954543,0.0,1.6634903617795629,5.434733298709415,3.4512049327426673,0.6631469263649057,0.08412844829447566,0.15001344639068437,5.434733298709415,15.91769086729305,0.0,282,True
prostate,raw,ENSG00000119403.15,PHF19,0.8547695590493483,15.95761208140491,3.4092231646881923,0.8274206046165739,222.26969939320293,3.461968297954543,0.0,1.6634903617795629,5.434733298709415,3.4512049327426673,0.6631469263649057,0.08412844829447566,0.15001344639068437,5.434733298709415,15.91769086729305,0.0,282,True
skin_not_sun_exposed_suprapubic,excluded_at_or_below_-1,ENSG00000119403.15,PHF19,2.2920593134052996,37.828825826811425,2.007743029536263,0.4595088955813673,647.0058289064673,3.57534893166501,0.0,0.9679248095261036,3.169452040550529,2.0245178512471513,0.3787039703831861,0.18718143393878928,0.07143726209215684,3.169452040550529,37.765421951361596,0.0,651,True
skin_not_sun_exposed_suprapubic,raw,ENSG00000119403.15,PHF19,2.2920593134052996,37.828825826811425,2.007743029536263,0.4595088955813673,647.0058289064673,3.57534893166501,0.0,0.9679248095261036,3.169452040550529,2.0245178512471513,0.3787039703831861,0.18718143393878928,0.07143726209215684,3.169452040550529,37.765421951361596,0.0,651,True
skin_sun_exposed_lower_leg,excluded_at_or_below_-1,ENSG00000119403.15,PHF19,0.29538112763462604,63.04782699861613,2.1572113283646503,0.548849048629027,960.6206235543438,5.840147944337261,0.0,1.131569730267187,4.423742868143959,2.1700011131976624,0.40145454299303024,0.40393730257155136,1.1817426886722338,4.423742868143959,63.046873198233335,0.0,754,True
skin_sun_exposed_lower_leg,raw,ENSG00000119403.15,PHF19,0.29538112763462604,63.04782699861613,2.1572113283646503,0.548849048629027,960.6206235543438,5.840147944337261,0.0,1.131569730267187,4.423742868143959,2.1700011131976624,0.40145454299303024,0.40393730257155136,1.1817426886722338,4.423742868143959,63.046873198233335,0.0,754,True
small_intestine_terminal_ileum,excluded_at_or_below_-1,ENSG00000119403.15,PHF19,2.756506040629023,10.914974837283102,3.3199877151944834,0.5171301006168146,304.9466315115668,3.5262983911833614,0.0019944654157398817,0.4735843227496688,4.609435851144743,2.9374043774962155,0.793443058876893,-0.3995035332262174,-0.5029253722579439,4.609435851144743,10.914855370455285,0.02176930155417578,207,True
small_intestine_terminal_ileum,raw,ENSG00000119403.15,PHF19,2.756506040629023,10.914974837283102,3.3199877151944834,0.5171301006168146,304.9466315115668,3.5262983911833614,0.0019944654157398817,0.4735843227496688,4.609435851144743,2.9374043774962155,0.793443058876893,-0.3995035332262174,-0.5029253722579439,4.609435851144743,10.914855370455285,0.02176930155417578,207,True
spleen,excluded_at_or_below_-1,ENSG00000119403.15,PHF19,1.1557437782360334,14.361668091951586,3.2481737919100486,0.4439710324990572,174.2910385567555,3.9485951788013303,0.0,2.5556075871316635,4.487775734003952,3.3144569370276455,0.3675603241494576,0.5976301984611283,0.22324242728759947,4.487775734003952,14.355692523680448,0.0,277,True
spleen,raw,ENSG00000119403.15,PHF19,1.1557437782360334,14.361668091951586,3.2481737919100486,0.4439710324990572,174.2910385567555,3.9485951788013303,0.0,2.5556075871316635,4.487775734003952,3.3144569370276455,0.3675603241494576,0.5976301984611283,0.22324242728759947,4.487775734003952,14.355692523680448,0.0,277,True
stomach,excluded_at_or_below_-1,ENSG00000119403.15,PHF19,6.929444108767928,13.036937700497193,1.6038544884581154,0.6622141593107912,701.7006835621889,6.801004468802638,0.0,0.076470163820125,4.7884664711205405,2.3942023457830444,1.1858305198143477,0.3906376101413669,-1.1257563076301655,4.7884664711205405,13.036887814805219,0.0,407,True
stomach,raw,ENSG00000119403.15,PHF19,6.929444108767928,13.036937700497193,1.6038544884581154,0.6622141593107912,701.7006835621889,6.801004468802638,0.0,0.076470163820125,4.7884664711205405,2.3942023457830444,1.1858305198143477,0.3906376101413669,-1.1257563076301655,4.7884664711205405,13.036887814805219,0.0,407,True
testis,excluded_at_or_below_-1,ENSG00000119403.15,PHF19,1.4550380078480074,28.238900481478986,2.91438738046376,0.3365537258099632,472.84926331043505,4.065692987368154,0.0,1.9882793120376552,3.8819386466262062,2.9388240844657503,0.30071439801657873,0.24508330604086753,0.7156184814007873,3.8819386466262062,28.231624718931553,0.0,414,True
testis,raw,ENSG00000119403.15,PHF19,1.4550380078480074,28.238900481478986,2.91438738046376,0.3365537258099632,472.84926331043505,4.065692987368154,0.0,1.9882793120376552,3.8819386466262062,2.9388240844657503,0.30071439801657873,0.24508330604086753,0.7156184814007873,3.8819386466262062,28.231624718931553,0.0,414,True
thyroid,excluded_at_or_below_-1,ENSG00000119403.15,PHF19,0.20454194467602912,58.022498595084556,2.6600836497619507,0.6424304550853065,289.39461457941877,3.303234494554892,0.0042711882923771195,0.2520038169151275,4.160633846741701,2.6607260847319862,0.46997074902544705,-0.08626898418780798,0.9304874669817398,4.160633846741701,58.02244326558421,0.24782478037107888,684,True
thyroid,raw,ENSG00000119403.15,PHF19,0.20454194467602912,58.022498595084556,2.6600836497619507,0.6424304550853065,289.39461457941877,3.303234494554892,0.0042711882923771195,0.2520038169151275,4.160633846741701,2.6607260847319862,0.46997074902544705,-0.08626898418780798,0.9304874669817398,4.160633846741701,58.02244326558421,0.24782478037107888,684,True
uterus,excluded_at_or_below_-1,ENSG00000119403.15,PHF19,-1.0867050198494592,8.346470673092648,3.9605628564570243,0.9410762552003253,158.2399034144224,2.171906309490303,0.0,2.69431191527708,5.405839235331029,3.989494383709035,0.5218077612020694,0.20375581483420852,-0.46961605075926727,5.405839235331029,7.557267388452584,0.0,153,True
uterus,raw,ENSG00000119403.15,PHF19,-1.0867050198494592,8.346470673092648,3.9605628564570243,0.9410762552003253,158.2399034144224,2.171906309490303,0.0,2.69431191527708,5.405839235331029,3.989494383709035,0.5218077612020694,0.20375581483420852,-0.46961605075926727,5.405839235331029,7.557267388452584,0.0,153,True
vagina,excluded_at_or_below_-1,ENSG00000119403.15,PHF19,-1041.5317211848921,1047.5449624993958,3.413609283152765,24.716637823253276,98.01351758274089,0.08923338462127908,0.32954349193852533,1.508020380530048,4.973168113663648,3.378202823548911,0.8158164831892954,-0.12989480900889958,-0.9106989614850245,4.973168113663648,6.208140828306796,2.0458524070063504,170,True
vagina,raw,ENSG00000119403.15,PHF19,-1041.5317211848921,1047.5449624993958,3.413609283152765,24.716637823253276,98.01351758274089,0.08923338462127908,0.32954349193852533,1.508020380530048,4.973168113663648,3.378202823548911,0.8158164831892954,-0.12989480900889958,-0.9106989614850245,4.973168113663648,6.208140828306796,2.0458524070063504,170,True
whole_blood,excluded_at_or_below_-1,ENSG00000119403.15,PHF19,-0.17063301491132396,44.25702461801591,2.801906975808546,1.0945992687020518,1527.941220953,2.6471366218023817,0.010238052958110607,0.6376658850061325,4.850786923980674,2.862370442582819,0.7436885616741611,0.11025289406823062,-0.35765251754031846,4.850786923980674,43.369322672490796,0.44401742227834784,803,True
whole_blood,raw,ENSG00000119403.15,PHF19,-0.17063301491132396,44.25702461801591,2.801906975808546,1.0945992687020518,1527.941220953,2.6471366218023817,0.010238052958110607,0.6376658850061325,4.850786923980674,2.862370442582819,0.7436885616741611,0.11025289406823062,-0.35765251754031846,4.850786923980674,43.369322672490796,0.44401742227834784,803,True
adipose_subcutaneous,excluded_at_or_below_-1,ENSG00000197724.12,PHF2,0.3005215355012086,61.15340344057592,4.330230564490501,0.42561378004212835,825.2649701171993,3.201458683838612,0.0059480149880630166,2.666745232036608,5.2937236099049345,4.2909581419585425,0.31593669913582406,-0.5814860608315714,1.099088933551669,5.2937236099049345,61.15278269474203,0.3637376680300863,714,True
adipose_subcutaneous,raw,ENSG00000197724.12,PHF2,0.3005215355012086,61.15340344057592,4.330230564490501,0.42561378004212835,825.2649701171993,3.201458683838612,0.0059480149880630166,2.666745232036608,5.2937236099049345,4.2909581419585425,0.31593669913582406,-0.5814860608315714,1.099088933551669,5.2937236099049345,61.15278269474203,0.3637376680300863,714,True
adipose_visceral_omentum,excluded_at_or_below_-1,ENSG00000197724.12,PHF2,0.06034613666620549,46.483025815369054,3.9504907107841314,0.5567061272249315,386.1331024601766,3.5491636035955856,0.0017827925073285375,2.2098401120243336,5.347621368568134,3.9354529452974623,0.4062307552480338,-0.17517171976583737,0.6628613246073018,5.347621368568134,46.480042873353916,0.08286427217492455,587,True
adipose_visceral_omentum,raw,ENSG00000197724.12,PHF2,0.06034613666620549,46.483025815369054,3.9504907107841314,0.5567061272249315,386.1331024601766,3.5491636035955856,0.0017827925073285375,2.2098401120243336,5.347621368568134,3.9354529452974623,0.4062307552480338,-0.17517171976583737,0.6628613246073018,5.347621368568134,46.480042873353916,0.08286427217492455,587,True
adrenal_gland,excluded_at_or_below_-1,ENSG00000197724.12,PHF2,1.11110379227356,26.435666093001448,3.3205771811229106,0.340151891264652,257.1349574090638,4.090342463595947,0.00023277685302976065,1.7600058570769683,4.304401521329045,3.278673707303012,0.3383466330198755,-0.6592365216319812,2.039478993566896,4.304401521329045,26.435043213278384,0.006153466168892674,295,True
adrenal_gland,raw,ENSG00000197724.12,PHF2,1.11110379227356,26.435666093001448,3.3205771811229106,0.340151891264652,257.1349574090638,4.090342463595947,0.00023277685302976065,1.7600058570769683,4.304401521329045,3.278673707303012,0.3383466330198755,-0.6592365216319812,2.039478993566896,4.304401521329045,26.435043213278384,0.006153466168892674,295,True
artery_aorta,excluded_at_or_below_-1,ENSG00000197724.12,PHF2,0.31500414253790393,33.98858265878698,4.564556496354221,0.32416126226385444,440.19042565067974,2.405723459286757,0.05536372559592727,3.429234319214764,5.115988312572672,4.545302904735501,0.23821713415750947,-0.5763873171937105,1.2506987494367907,5.115988312572672,33.98834360916265,1.881721329037769,472,True
artery_aorta,raw,ENSG00000197724.12,PHF2,0.31500414253790393,33.98858265878698,4.564556496354221,0.32416126226385444,440.19042565067974,2.405723459286757,0.05536372559592727,3.429234319214764,5.115988312572672,4.545302904735501,0.23821713415750947,-0.5763873171937105,1.2506987494367907,5.115988312572672,33.98834360916265,1.881721329037769,472,True
artery_coronary,excluded_at_or_below_-1,ENSG00000197724.12,PHF2,0.5153389477384817,17.436684219610935,4.393845077206467,0.40126514128181534,228.91886401345224,2.6690802391035593,0.028313276698094404,3.1535378453482332,5.151162704283387,4.358814107624196,0.32240785330954186,-0.5366715243958995,0.747933834538625,5.151162704283387,17.435438973768157,0.49365440801703697,268,True
artery_coronary,raw,ENSG00000197724.12,PHF2,0.5153389477384817,17.436684219610935,4.393845077206467,0.40126514128181534,228.91886401345224,2.6690802391035593,0.028313276698094404,3.1535378453482332,5.151162704283387,4.358814107624196,0.32240785330954186,-0.5366715243958995,0.747933834538625,5.151162704283387,17.435438973768157,0.49365440801703697,268,True
artery_tibial,excluded_at_or_below_-1,ENSG00000197724.12,PHF2,0.6478395900050914,80.40955598870597,4.677526640740958,0.3189131047076293,442.28139478779457,3.070829850839017,0.00895990356825046,2.6392090058396525,5.370016026938467,4.639974149938588,0.2739445143132306,-1.5535854750509102,7.127539997587133,5.370016026938467,80.40938134925224,0.7204603028719772,691,True
artery_tibial,raw,ENSG00000197724.12,PHF2,0.6478395900050914,80.40955598870597,4.677526640740958,0.3189131047076293,442.28139478779457,3.070829850839017,0.00895990356825046,2.6392090058396525,5.370016026938467,4.639974149938588,0.2739445143132306,-1.5535854750509102,7.127539997587133,5.370016026938467,80.40938134925224,0.7204603028719772,691,True
bladder,excluded_at_or_below_-1,ENSG00000197724.12,PHF2,0.15300305085806942,5.835822306736006,4.550165584582406,0.2220597811609351,87.25243090010048,2.845320778945464,0.017458096556490724,3.703532645888424,4.996937788099574,4.541495307983897,0.19673666406428053,-0.8629940226635663,3.223311135292299,4.996937788099574,5.835814850794843,0.10188221915097886,77,True
bladder,raw,ENSG00000197724.12,PHF2,0.15300305085806942,5.835822306736006,4.550165584582406,0.2220597811609351,87.25243090010048,2.845320778945464,0.017458096556490724,3.703532645888424,4.996937788099574,4.541495307983897,0.19673666406428053,-0.8629940226635663,3.223311135292299,4.996937788099574,5.835814850794843,0.10188221915097886,77,True
brain_amygdala,excluded_at_or_below_-1,ENSG00000197724.12,PHF2,0.5704998907627312,10.048675475938126,3.0093806203615854,0.6282231641526199,154.81511913089486,2.8390960716178033,0.015725931052321552,1.4480445922859555,4.270566317415781,2.974854812681304,0.5107262233846084,-0.23188685385405153,0.2919800146958069,4.270566317415781,10.027735199124244,0.1576954723523658,181,True
brain_amygdala,raw,ENSG00000197724.12,PHF2,0.5704998907627312,10.048675475938126,3.0093806203615854,0.6282231641526199,154.81511913089486,2.8390960716178033,0.015725931052321552,1.4480445922859555,4.270566317415781,2.974854812681304,0.5107262233846084,-0.23188685385405153,0.2919800146958069,4.270566317415781,10.027735199124244,0.1576954723523658,181,True
brain_anterior_cingulate_cortex_ba24,excluded_at_or_below_-1,ENSG00000197724.12,PHF2,0.8654749042166845,16.017218383253528,2.9835487171841804,0.4533977358454691,221.45290502518975,3.230761210499001,0.005405849387074384,1.4255237573110673,4.019332743636027,2.943841133180627,0.4053702266516452,-0.4128816805073871,0.7280333304596875,4.019332743636027,16.017041748098382,0.08658571531670245,233,True
brain_anterior_cingulate_cortex_ba24,raw,ENSG00000197724.12,PHF2,0.8654749042166845,16.017218383253528,2.9835487171841804,0.4533977358454691,221.45290502518975,3.230761210499001,0.005405849387074384,1.4255237573110673,4.019332743636027,2.943841133180627,0.4053702266516452,-0.4128816805073871,0.7280333304596875,4.019332743636027,16.017041748098382,0.08658571531670245,233,True
brain_caudate_basal_ganglia,excluded_at_or_below_-1,ENSG00000197724.12,PHF2,1.286428554154076,21.029892384970697,3.132778857720077,0.5852608769802908,344.8436495466222,2.958592271509871,0.012567395683501775,0.8515831531765596,4.357168407870752,3.0303441702836618,0.5553478230004344,-0.6158038695402316,1.0115378121589398,4.357168407870752,21.029792863347385,0.26428972805576834,300,True
brain_caudate_basal_ganglia,raw,ENSG00000197724.12,PHF2,1.286428554154076,21.029892384970697,3.132778857720077,0.5852608769802908,344.8436495466222,2.958592271509871,0.012567395683501775,0.8515831531765596,4.357168407870752,3.0303441702836618,0.5553478230004344,-0.6158038695402316,1.0115378121589398,4.357168407870752,21.029792863347385,0.26428972805576834,300,True
brain_cerebellar_hemisphere,excluded_at_or_below_-1,ENSG00000197724.12,PHF2,2.007203870709407,20.727890367865445,5.219463539836393,0.3951335517188649,294.97640447991853,2.624415982083841,0.031944624391447136,3.013346124881369,5.952729600761753,5.006386794614575,0.5363428754563572,-1.295671441721829,1.6910301326914077,5.952729600761753,20.72730459484659,0.6621259599294906,277,True
brain_cerebellar_hemisphere,raw,ENSG00000197724.12,PHF2,2.007203870709407,20.727890367865445,5.219463539836393,0.3951335517188649,294.97640447991853,2.624415982083841,0.031944624391447136,3.013346124881369,5.952729600761753,5.006386794614575,0.5363428754563572,-1.295671441721829,1.6910301326914077,5.952729600761753,20.72730459484659,0.6621259599294906,277,True
brain_cerebellum,excluded_at_or_below_-1,ENSG00000197724.12,PHF2,1.5008637833416534,21.532373186954572,5.240377482977299,0.30362263737390977,337.0040653029837,3.1270143371458254,0.00752815152238744,3.663219360215453,5.911727528975349,5.123313464301595,0.37117140457453424,-1.2524561448387,1.9981216721308508,5.911727528975349,21.532296024729355,0.16209838709906332,266,True
brain_cerebellum,raw,ENSG00000197724.12,PHF2,1.5008637833416534,21.532373186954572,5.240377482977299,0.30362263737390977,337.0040653029837,3.1270143371458254,0.00752815152238744,3.663219360215453,5.911727528975349,5.123313464301595,0.37117140457453424,-1.2524561448387,1.9981216721308508,5.911727528975349,21.532296024729355,0.16209838709906332,266,True
brain_cortex,excluded_at_or_below_-1,ENSG00000197724.12,PHF2,1.125696884817329,21.51117762344704,3.2080132160271977,0.3642717808662874,284.76505709591163,4.117181861909687,0.00020817839218135258,1.7991329077827445,4.268512994060405,3.2022182047137684,0.3592933351203201,-0.20695316262739347,1.4416068608997588,4.268512994060405,21.511003371322552,0.004478126096049584,270,True
brain_cortex,raw,ENSG00000197724.12,PHF2,1.125696884817329,21.51117762344704,3.2080132160271977,0.3642717808662874,284.76505709591163,4.117181861909687,0.00020817839218135258,1.7991329077827445,4.268512994060405,3.2022182047137684,0.3592933351203201,-0.20695316262739347,1.4416068608997588,4.268512994060405,21.511003371322552,0.004478126096049584,270,True
brain_frontal_cortex_ba9,excluded_at_or_below_-1,ENSG00000197724.12,PHF2,0.6654865256459852,22.496985685641405,3.1251811613625287,0.5053166682279496,282.2120094152939,5.760740979219042,0.0,1.8589477742845035,5.183567896997022,3.110215564664569,0.4366277436019654,0.39854190021054375,1.7090072493812984,5.183567896997022,22.496932234947877,0.0,269,True
brain_frontal_cortex_ba9,raw,ENSG00000197724.12,PHF2,0.6654865256459852,22.496985685641405,3.1251811613625287,0.5053166682279496,282.2120094152939,5.760740979219042,0.0,1.8589477742845035,5.183567896997022,3.110215564664569,0.4366277436019654,0.39854190021054375,1.7090072493812984,5.183567896997022,22.496932234947877,0.0,269,True
brain_hippocampus,excluded_at_or_below_-1,ENSG00000197724.12,PHF2,-0.03170523092686201,15.09912399482762,3.0205746484656775,0.8341175276469872,175.67792840407606,3.072894159975491,0.0,1.3607828361927528,4.832998844948822,3.0264250633528538,0.5840694810557836,0.05024659051846949,0.004475889655344734,4.832998844948822,14.964611166711,0.0,255,True
brain_hippocampus,raw,ENSG00000197724.12,PHF2,-0.03170523092686201,15.09912399482762,3.0205746484656775,0.8341175276469872,175.67792840407606,3.072894159975491,0.0,1.3607828361927528,4.832998844948822,3.0264250633528538,0.5840694810557836,0.05024659051846949,0.004475889655344734,4.832998844948822,14.964611166711,0.0,255,True
brain_hypothalamus,excluded_at_or_below_-1,ENSG00000197724.12,PHF2,0.7037130048506091,16.545002418975944,3.327427944904904,0.688568355164679,269.20566206899406,2.6479702082786027,0.029992681723034025,1.1014954453198489,4.616701742972503,3.253346016127177,0.5613653039208301,-0.4667458652337608,0.4824038314796111,4.616701742972503,16.54441219820014,0.49621128935529846,257,True
brain_hypothalamus,raw,ENSG00000197724.12,PHF2,0.7037130048506091,16.545002418975944,3.327427944904904,0.688568355164679,269.20566206899406,2.6479702082786027,0.029992681723034025,1.1014954453198489,4.616701742972503,3.253346016127177,0.5613653039208301,-0.4667458652337608,0.4824038314796111,4.616701742972503,16.54441219820014,0.49621128935529846,257,True
brain_nucleus_accumbens_basal_ganglia,excluded_at_or_below_-1,ENSG00000197724.12,PHF2,1.6998627177390058,19.70458751442106,3.2360201074446344,0.5320954259766342,245.1805582028674,2.272723877186789,0.07557499251103078,0.7046241182533401,4.091128566120224,3.0794908189894925,0.5513657699416634,-0.852959224857457,0.9662193591238997,4.091128566120224,19.70444809475722,1.4891635171952715,285,True
brain_nucleus_accumbens_basal_ganglia,raw,ENSG00000197724.12,PHF2,1.6998627177390058,19.70458751442106,3.2360201074446344,0.5320954259766342,245.1805582028674,2.272723877186789,0.07557499251103078,0.7046241182533401,4.091128566120224,3.0794908189894925,0.5513657699416634,-0.852959224857457,0.9662193591238997,4.091128566120224,19.70444809475722,1.4891635171952715,285,True
brain_putamen_basal_ganglia,excluded_at_or_below_-1,ENSG00000197724.12,PHF2,1.7516537529117964,13.920596538982126,2.9571124280691463,0.5829871124091792,209.88214894620472,3.4770679176181014,0.002154749652312687,1.263148614670491,4.390478532649038,2.834335564249293,0.5746921168600939,-0.3851768115417098,0.02456721213613866,4.390478532649038,13.91736438249884,0.02998843606429835,254,True
brain_putamen_basal_ganglia,raw,ENSG00000197724.12,PHF2,1.7516537529117964,13.920596538982126,2.9571124280691463,0.5829871124091792,209.88214894620472,3.4770679176181014,0.002154749652312687,1.263148614670491,4.390478532649038,2.834335564249293,0.5746921168600939,-0.3851768115417098,0.02456721213613866,4.390478532649038,13.91736438249884,0.02998843606429835,254,True
brain_spinal_cord_cervical_c-1,excluded_at_or_below_-1,ENSG00000197724.12,PHF2,1.0362973553115662,10.298338186757382,4.013888126691188,0.69177927955746,149.22693856527513,1.774442163622328,0.20708278260407947,1.892186994006035,4.881877484329092,3.833365709677662,0.6163293560809903,-0.9423742150381977,0.7836587975010803,4.881877484329092,10.297487162639735,2.1324322954692234,204,True
brain_spinal_cord_cervical_c-1,raw,ENSG00000197724.12,PHF2,1.0362973553115662,10.298338186757382,4.013888126691188,0.69177927955746,149.22693856527513,1.774442163622328,0.20708278260407947,1.892186994006035,4.881877484329092,3.833365709677662,0.6163293560809903,-0.9423742150381977,0.7836587975010803,4.881877484329092,10.297487162639735,2.1324322954692234,204,True
brain_substantia_nigra,excluded_at_or_below_-1,ENSG00000197724.12,PHF2,-0.21366332494084547,9.883928396351951,3.153627686044601,0.8537810981959871,115.33909497130642,3.0164831704949306,0.0,1.91874495527879,4.974722026048839,3.1555470510442807,0.5483810131013126,0.1114745042394474,-0.16404477038560783,4.974722026048839,9.779438757328926,0.0,183,True
brain_substantia_nigra,raw,ENSG00000197724.12,PHF2,-0.21366332494084547,9.883928396351951,3.153627686044601,0.8537810981959871,115.33909497130642,3.0164831704949306,0.0,1.91874495527879,4.974722026048839,3.1555470510442807,0.5483810131013126,0.1114745042394474,-0.16404477038560783,4.974722026048839,9.779438757328926,0.0,183,True
breast_mammary_tissue,excluded_at_or_below_-1,ENSG00000197724.12,PHF2,-3.8523793303821914,27.88403278053655,4.347361121459207,0.9124250217132518,899.0980586400876,1.6095452924221978,0.21920063805324116,2.859214220892854,5.385810643837176,4.317454998026139,0.47990702963114024,-0.2505392306819824,-0.5674997310446188,5.385810643837176,25.9337583306026,5.684696373186648,514,True
breast_mammary_tissue,raw,ENSG00000197724.12,PHF2,-3.8523793303821914,27.88403278053655,4.347361121459207,0.9124250217132518,899.0980586400876,1.6095452924221978,0.21920063805324116,2.859214220892854,5.385810643837176,4.317454998026139,0.47990702963114024,-0.2505392306819824,-0.5674997310446188,5.385810643837176,25.9337583306026,5.684696373186648,514,True
cells_cultured_fibroblasts,excluded_at_or_below_-1,ENSG00000197724.12,PHF2,2.044032686534108,64.77202697063427,3.618762802692449,0.28479477299249245,752.1115490058436,4.270520322662366,0.00010960312830293937,2.185287765834145,4.478761531464075,3.6268940622665724,0.2819379248003547,-0.6459995287949117,2.822880111307832,4.478761531464075,64.77025464717184,0.00709902253030803,652,True
cells_cultured_fibroblasts,raw,ENSG00000197724.12,PHF2,2.044032686534108,64.77202697063427,3.618762802692449,0.28479477299249245,752.1115490058436,4.270520322662366,0.00010960312830293937,2.185287765834145,4.478761531464075,3.6268940622665724,0.2819379248003547,-0.6459995287949117,2.822880111307832,4.478761531464075,64.77025464717184,0.00709902253030803,652,True
cells_ebv-transformed_lymphocytes,excluded_at_or_below_-1,ENSG00000197724.12,PHF2,0.9558672109383888,33.03240761164469,3.1611849503030522,0.3074572508430985,367.12719686020665,3.090857789424454,0.00842401962343823,1.3420227389349009,3.833153218722692,3.1551268328405353,0.30594965363360893,-1.1936910199444175,5.60900251575266,3.833153218722692,33.03132540387024,0.2782565333903766,327,True
cells_ebv-transformed_lymphocytes,raw,ENSG00000197724.12,PHF2,0.9558672109383888,33.03240761164469,3.1611849503030522,0.3074572508430985,367.12719686020665,3.090857789424454,0.00842401962343823,1.3420227389349009,3.833153218722692,3.1551268328405353,0.30594965363360893,-1.1936910199444175,5.60900251575266,3.833153218722692,33.03132540387024,0.2782565333903766,327,True
cervix_ectocervix,excluded_at_or_below_-1,ENSG00000197724.12,PHF2,0.4873490119606259,2.7547500594486145,5.190442551051185,0.03750974057762706,13.331198970988957,5.747418906241898,6.715448935994417e-08,3.7170896306107206,5.342883595247032,4.664938553750259,0.5142352936455619,-0.2786840098729812,-1.2779963746734284,5.342883595247032,2.754358964287607,1.8496756976071893e-07,24,True
cervix_ectocervix,raw,ENSG00000197724.12,PHF2,0.4873490119606259,2.7547500594486145,5.190442551051185,0.03750974057762706,13.331198970988957,5.747418906241898,6.715448935994417e-08,3.7170896306107206,5.342883595247032,4.664938553750259,0.5142352936455619,-0.2786840098729812,-1.2779963746734284,5.342883595247032,2.754358964287607,1.8496756976071893e-07,24,True
cervix_endocervix,excluded_at_or_below_-1,ENSG00000197724.12,PHF2,0.392672505417034,1.23330540760697,5.08005423496756,0.0865553358416077,18.744576323845966,8.74615991423409,0.0,4.577616139629469,5.6153530249400045,5.10853033828278,0.2599175408673273,-0.21192424277931265,-0.29523650223150577,5.6153530249400045,1.2333052793075177,0.0,23,True
cervix_endocervix,raw,ENSG00000197724.12,PHF2,0.392672505417034,1.23330540760697,5.08005423496756,0.0865553358416077,18.744576323845966,8.74615991423409,0.0,4.577616139629469,5.6153530249400045,5.10853033828278,0.2599175408673273,-0.21192424277931265,-0.29523650223150577,5.6153530249400045,1.2333052793075177,0.0,23,True
colon_sigmoid,excluded_at_or_below_-1,ENSG00000197724.12,PHF2,1.3875632818096237,34.371432836040775,4.628538655038083,0.37137631339496446,291.2123746688716,3.220884578797351,0.005588571904547681,2.986210673461318,5.474351672654219,4.52879796508681,0.37905363117431384,-1.3265098092216838,2.5708816233146674,5.474351672654219,34.37082061958019,0.192083802450834,419,True
colon_sigmoid,raw,ENSG00000197724.12,PHF2,1.3875632818096237,34.371432836040775,4.628538655038083,0.37137631339496446,291.2123746688716,3.220884578797351,0.005588571904547681,2.986210673461318,5.474351672654219,4.52879796508681,0.37905363117431384,-1.3265098092216838,2.5708816233146674,5.474351672654219,34.37082061958019,0.192083802450834,419,True
colon_transverse,excluded_at_or_below_-1,ENSG00000197724.12,PHF2,-38495.994312167386,38514.02092973234,3.8411095123277392,67.35752384240536,885.886084108501,0.027784669978579646,0.29035686651728765,2.2701192485238075,5.164464499388601,3.839918382823147,0.6385252278690029,0.005206720356766052,-1.1113271184767886,5.164464499388601,20.944762590836035,6.081455635823659,479,True
colon_transverse,raw,ENSG00000197724.12,PHF2,-38495.994312167386,38514.02092973234,3.8411095123277392,67.35752384240536,885.886084108501,0.027784669978579646,0.29035686651728765,2.2701192485238075,5.164464499388601,3.839918382823147,0.6385252278690029,0.005206720356766052,-1.1113271184767886,5.164464499388601,20.944762590836035,6.081455635823659,479,True
esophagus_gastroesophageal_junction,excluded_at_or_below_-1,ENSG00000197724.12,PHF2,1.3686091873673738,32.93505935497259,4.560259297448402,0.3419642017137533,324.5750429893758,2.9663974434688782,0.012280495202464691,2.9880756727807096,5.277549642210303,4.517836841203075,0.3256628916961356,-0.8940086309156338,2.1566695902761124,5.277549642210303,32.93460093500286,0.40445320877739177,403,True
esophagus_gastroesophageal_junction,raw,ENSG00000197724.12,PHF2,1.3686091873673738,32.93505935497259,4.560259297448402,0.3419642017137533,324.5750429893758,2.9663974434688782,0.012280495202464691,2.9880756727807096,5.277549642210303,4.517836841203075,0.3256628916961356,-0.8940086309156338,2.1566695902761124,5.277549642210303,32.93460093500286,0.40445320877739177,403,True
esophagus_mucosa,excluded_at_or_below_-1,ENSG00000197724.12,PHF2,1.259319822175152,44.894041587232984,3.6421894788775453,0.41712204654014035,472.8094461110819,3.1582570760841344,0.006815230341592674,2.2199909126686856,4.573716859272265,3.6270189831007205,0.33942421877511825,-0.3546779982831666,0.9777005503031932,4.573716859272265,44.89362367529406,0.30596038621590727,614,True
esophagus_mucosa,raw,ENSG00000197724.12,PHF2,1.259319822175152,44.894041587232984,3.6421894788775453,0.41712204654014035,472.8094461110819,3.1582570760841344,0.006815230341592674,2.2199909126686856,4.573716859272265,3.6270189831007205,0.33942421877511825,-0.3546779982831666,0.9777005503031932,4.573716859272265,44.89362367529406,0.30596038621590727,614,True
esophagus_muscularis,excluded_at_or_below_-1,ENSG00000197724.12,PHF2,1.5297752677590881,40.1884288076264,4.481884124167532,0.3422906199668238,269.11654508293304,2.901310228277271,0.014862439004195519,3.23636250208581,5.184105700296866,4.437723801252532,0.2951942366568657,-0.7451044087547232,1.2245316512884479,5.184105700296866,40.188351006688876,0.597296915516113,561,True
esophagus_muscularis,raw,ENSG00000197724.12,PHF2,1.5297752677590881,40.1884288076264,4.481884124167532,0.3422906199668238,269.11654508293304,2.901310228277271,0.014862439004195519,3.23636250208581,5.184105700296866,4.437723801252532,0.2951942366568657,-0.7451044087547232,1.2245316512884479,5.184105700296866,40.188351006688876,0.597296915516113,561,True
fallopian_tube,excluded_at_or_below_-1,ENSG00000197724.12,PHF2,0.19218516703792102,1.2910988313463028,4.930139343472445,0.2504571842174199,19.57861899344334,2.1410435102154057,0.10048566824046679,4.250953996333484,5.3093180920878265,4.8834984845240434,0.2421022302889759,-0.7617640541416164,0.5900638313566255,5.3093180920878265,1.2902621681089343,0.12965285616781977,29,True
fallopian_tube,raw,ENSG00000197724.12,PHF2,0.19218516703792102,1.2910988313463028,4.930139343472445,0.2504571842174199,19.57861899344334,2.1410435102154057,0.10048566824046679,4.250953996333484,5.3093180920878265,4.8834984845240434,0.2421022302889759,-0.7617640541416164,0.5900638313566255,5.3093180920878265,1.2902621681089343,0.12965285616781977,29,True
heart_atrial_appendage,excluded_at_or_below_-1,ENSG00000197724.12,PHF2,1.0460390040131673,35.758312790105336,3.313341521398664,0.5019380370924132,338.7036498413364,3.065914732833527,0.009095739344483803,1.368863315241319,4.401507597467719,3.2683747905470977,0.42881235808165374,-0.6880316317179012,1.5866244718747158,4.401507597467719,35.75828497588207,0.3252480395463946,461,True
heart_atrial_appendage,raw,ENSG00000197724.12,PHF2,1.0460390040131673,35.758312790105336,3.313341521398664,0.5019380370924132,338.7036498413364,3.065914732833527,0.009095739344483803,1.368863315241319,4.401507597467719,3.2683747905470977,0.42881235808165374,-0.6880316317179012,1.5866244718747158,4.401507597467719,35.75828497588207,0.3252480395463946,461,True
heart_left_ventricle,excluded_at_or_below_-1,ENSG00000197724.12,PHF2,4.315450314594567,28.39582140302612,3.041754473334691,0.4643948828418149,461.1772115185831,3.27121237718822,0.004746277852459,0.7712771102908278,4.115944630375656,2.7751976940217435,0.6378952303634402,-0.8316724023773683,0.1998620433845515,4.115944630375656,28.395235348610413,0.13477167665047052,452,True
heart_left_ventricle,raw,ENSG00000197724.12,PHF2,4.315450314594567,28.39582140302612,3.041754473334691,0.4643948828418149,461.1772115185831,3.27121237718822,0.004746277852459,0.7712771102908278,4.115944630375656,2.7751976940217435,0.6378952303634402,-0.8316724023773683,0.1998620433845515,4.115944630375656,28.395235348610413,0.13477167665047052,452,True
kidney_cortex,excluded_at_or_below_-1,ENSG00000197724.12,PHF2,1.4232461842365618,5.5326433919480404,2.368416660227876,0.4022615500539272,120.74913851247938,8.508248152912032,0.0,1.4380372962453023,4.7885186740218355,2.7208036598707768,0.7537088938377693,0.6928425362415965,-0.29564397256813635,4.7885186740218355,5.532524426599083,0.0,104,True
kidney_cortex,raw,ENSG00000197724.12,PHF2,1.4232461842365618,5.5326433919480404,2.368416660227876,0.4022615500539272,120.74913851247938,8.508248152912032,0.0,1.4380372962453023,4.7885186740218355,2.7208036598707768,0.7537088938377693,0.6928425362415965,-0.29564397256813635,4.7885186740218355,5.532524426599083,0.0,104,True
kidney_medulla,excluded_at_or_below_-1,ENSG00000197724.12,PHF2,0.15797834190411364,7411429410144.816,14.918060605998196,2.017466989692897,6.27538039019476,-7.619440401252243,1.0,1.1812584233848735,4.048436739809165,3.2160605236720596,0.9117136535239483,-1.079682211329569,0.11082244165142852,4.048436739809165,1.8332830862873815,1.8332830862873815,11,True
kidney_medulla,raw,ENSG00000197724.12,PHF2,0.15797834190411364,7411429410144.816,14.918060605998196,2.017466989692897,6.27538039019476,-7.619440401252243,1.0,1.1812584233848735,4.048436739809165,3.2160605236720596,0.9117136535239483,-1.079682211329569,0.11082244165142852,4.048436739809165,1.8332830862873815,1.8332830862873815,11,True
liver,excluded_at_or_below_-1,ENSG00000197724.12,PHF2,0.5541003835338653,26.639238788856726,2.089235549106081,0.3890568731624771,234.1905238144966,4.837168324678343,8.298926701324324e-06,0.3562001643996499,3.419963547642589,2.083134419767997,0.362956294272745,-0.26057596386677656,3.074025360157039,3.419963547642589,26.639102191942783,0.00022107595648002132,262,True
liver,raw,ENSG00000197724.12,PHF2,0.5541003835338653,26.639238788856726,2.089235549106081,0.3890568731624771,234.1905238144966,4.837168324678343,8.298926701324324e-06,0.3562001643996499,3.419963547642589,2.083134419767997,0.362956294272745,-0.26057596386677656,3.074025360157039,3.419963547642589,26.639102191942783,0.00022107595648002132,262,True
lung,excluded_at_or_below_-1,ENSG00000197724.12,PHF2,0.9875895684305099,44.04009947101924,4.541320761168381,0.43679341074218464,489.00580762522713,3.07729543263772,0.008770277410431269,3.0782511656381297,5.4917729443787175,4.518093454280143,0.3428583312763708,-0.39062208465393844,0.6223556391332914,5.4917729443787175,44.03946195553056,0.386238298356137,604,True
lung,raw,ENSG00000197724.12,PHF2,0.9875895684305099,44.04009947101924,4.541320761168381,0.43679341074218464,489.00580762522713,3.07729543263772,0.008770277410431269,3.0782511656381297,5.4917729443787175,4.518093454280143,0.3428583312763708,-0.39062208465393844,0.6223556391332914,5.4917729443787175,44.03946195553056,0.386238298356137,604,True
minor_salivary_gland,excluded_at_or_below_-1,ENSG00000197724.12,PHF2,0.7907144217796905,9.945510428099043,4.0754448502235405,0.47808343417064436,248.52730442957915,1.6628840925638386,0.25091604921525545,2.489080459267015,4.637592858666215,3.9563025263386375,0.3906899555717473,-0.7716523526802449,0.4165039603714078,4.637592858666215,9.945303835489474,2.4954363466463456,181,True
minor_salivary_gland,raw,ENSG00000197724.12,PHF2,0.7907144217796905,9.945510428099043,4.0754448502235405,0.47808343417064436,248.52730442957915,1.6628840925638386,0.25091604921525545,2.489080459267015,4.637592858666215,3.9563025263386375,0.3906899555717473,-0.7716523526802449,0.4165039603714078,4.637592858666215,9.945303835489474,2.4954363466463456,181,True
muscle_skeletal,excluded_at_or_below_-1,ENSG00000197724.12,PHF2,1.0342204099509624,57.74490636918142,3.4708087096133093,0.484513816791662,1035.4806837900214,3.4370358294782584,0.0024070618548021317,2.09504672450704,4.648347514569893,3.4857647605029065,0.37303294934301345,0.002689797327141146,0.5172581819254107,4.648347514569893,57.72643409601463,0.138951097526266,818,True
muscle_skeletal,raw,ENSG00000197724.12,PHF2,1.0342204099509624,57.74490636918142,3.4708087096133093,0.484513816791662,1035.4806837900214,3.4370358294782584,0.0024070618548021317,2.09504672450704,4.648347514569893,3.4857647605029065,0.37303294934301345,0.002689797327141146,0.5172581819254107,4.648347514569893,57.72643409601463,0.138951097526266,818,True
nerve_tibial,excluded_at_or_below_-1,ENSG00000197724.12,PHF2,0.9521264164700008,49.32056961731177,5.071165047691061,0.3646594936670541,586.6298191568181,2.356695718931503,0.062224015734773194,3.6794012769402342,5.678846582119842,5.0411765852491115,0.2825060045681469,-0.6296093559034152,1.058410535508778,5.678846582119842,49.32053554798777,3.0689217799854314,670,True
nerve_tibial,raw,ENSG00000197724.12,PHF2,0.9521264164700008,49.32056961731177,5.071165047691061,0.3646594936670541,586.6298191568181,2.356695718931503,0.062224015734773194,3.6794012769402342,5.678846582119842,5.0411765852491115,0.2825060045681469,-0.6296093559034152,1.058410535508778,5.678846582119842,49.32053554798777,3.0689217799854314,670,True
ovary,excluded_at_or_below_-1,ENSG00000197724.12,PHF2,0.7896826553385441,10.77795571279063,5.070046378197445,0.35811729077544824,195.39339880599573,3.9201583175721377,0.0,4.372387999717922,6.062736954395869,5.061292158987029,0.3010813077945844,0.14073155031484288,0.2051895406260118,6.062736954395869,10.772961523126872,0.0,193,True
ovary,raw,ENSG00000197724.12,PHF2,0.7896826553385441,10.77795571279063,5.070046378197445,0.35811729077544824,195.39339880599573,3.9201583175721377,0.0,4.372387999717922,6.062736954395869,5.061292158987029,0.3010813077945844,0.14073155031484288,0.2051895406260118,6.062736954395869,10.772961523126872,0.0,193,True
pancreas,excluded_at_or_below_-1,ENSG00000197724.12,PHF2,1.119210651851574,27.02020546805898,2.672209307351954,0.4178447841908557,200.5980794813317,4.3292748736967095,0.0,1.4281289879521095,3.9513406729621066,2.6791527650337184,0.37220949930323904,-0.02452643807243593,0.9388104528772292,3.9513406729621066,27.01758865412155,0.0,362,True
pancreas,raw,ENSG00000197724.12,PHF2,1.119210651851574,27.02020546805898,2.672209307351954,0.4178447841908557,200.5980794813317,4.3292748736967095,0.0,1.4281289879521095,3.9513406729621066,2.6791527650337184,0.37220949930323904,-0.02452643807243593,0.9388104528772292,3.9513406729621066,27.01758865412155,0.0,362,True
pituitary,excluded_at_or_below_-1,ENSG00000197724.12,PHF2,1.092477520367496,26.81638007575103,4.664851159346026,0.30235172996824156,264.18579229121195,3.9806338496637803,0.0003624007517123963,3.381394131786851,5.515890608293459,4.629675041449204,0.2852702216408442,-0.6303079650753554,1.543969381465467,5.515890608293459,26.81626652063685,0.009718235145198761,313,True
pituitary,raw,ENSG00000197724.12,PHF2,1.092477520367496,26.81638007575103,4.664851159346026,0.30235172996824156,264.18579229121195,3.9806338496637803,0.0003624007517123963,3.381394131786851,5.515890608293459,4.629675041449204,0.2852702216408442,-0.6303079650753554,1.543969381465467,5.515890608293459,26.81626652063685,0.009718235145198761,313,True
prostate,excluded_at_or_below_-1,ENSG00000197724.12,PHF2,1.0118112034311812,20.135165810185683,4.493136530696919,0.43489216851478824,160.57375545250952,3.1320152736723825,0.007410112820111768,2.888041819048708,5.456278838498855,4.417959426188293,0.41169507051337906,-0.8278905295565478,1.2308259768070542,5.456278838498855,20.134884147272068,0.14920176315116596,282,True
prostate,raw,ENSG00000197724.12,PHF2,1.0118112034311812,20.135165810185683,4.493136530696919,0.43489216851478824,160.57375545250952,3.1320152736723825,0.007410112820111768,2.888041819048708,5.456278838498855,4.417959426188293,0.41169507051337906,-0.8278905295565478,1.2308259768070542,5.456278838498855,20.134884147272068,0.14920176315116596,282,True
skin_not_sun_exposed_suprapubic,excluded_at_or_below_-1,ENSG00000197724.12,PHF2,1.9002955961795336,45.81343261697348,4.160157468906561,0.3554344577467349,844.7219834431145,2.985152051792144,0.011609936659453217,2.905379784002983,4.9104160783911555,4.104424932114905,0.3056822114498894,-0.6467457936639881,0.7878807022099967,4.9104160783911555,45.81317798494518,0.5318880945734701,651,True
skin_not_sun_exposed_suprapubic,raw,ENSG00000197724.12,PHF2,1.9002955961795336,45.81343261697348,4.160157468906561,0.3554344577467349,844.7219834431145,2.985152051792144,0.011609936659453217,2.905379784002983,4.9104160783911555,4.104424932114905,0.3056822114498894,-0.6467457936639881,0.7878807022099967,4.9104160783911555,45.81317798494518,0.5318880945734701,651,True
skin_sun_exposed_lower_leg,excluded_at_or_below_-1,ENSG00000197724.12,PHF2,1.3778267242281979,86.5120725901305,4.224504155672099,0.3264962146241737,688.6578915373025,4.315725993129952,9.026799187163689e-05,2.35550262651072,5.220865835125675,4.183253609280437,0.29553814561422176,-1.1085360951637575,3.887225677759952,5.220865835125675,86.51053275363957,0.007809132067416513,754,True
skin_sun_exposed_lower_leg,raw,ENSG00000197724.12,PHF2,1.3778267242281979,86.5120725901305,4.224504155672099,0.3264962146241737,688.6578915373025,4.315725993129952,9.026799187163689e-05,2.35550262651072,5.220865835125675,4.183253609280437,0.29553814561422176,-1.1085360951637575,3.887225677759952,5.220865835125675,86.51053275363957,0.007809132067416513,754,True
small_intestine_terminal_ileum,excluded_at_or_below_-1,ENSG00000197724.12,PHF2,-6.111275408737721,15.077385603295369,3.8232367021120286,1.391445359370798,177.52909645720476,1.2788321636498667,0.1830515027946667,2.330364784822215,5.081480242457372,3.8251938490299464,0.5477193216680596,-0.06696700897021365,-0.7635814298446961,5.081480242457372,10.308575790579336,1.8870002901382668,207,True
small_intestine_terminal_ileum,raw,ENSG00000197724.12,PHF2,-6.111275408737721,15.077385603295369,3.8232367021120286,1.391445359370798,177.52909645720476,1.2788321636498667,0.1830515027946667,2.330364784822215,5.081480242457372,3.8251938490299464,0.5477193216680596,-0.06696700897021365,-0.7635814298446961,5.081480242457372,10.308575790579336,1.8870002901382668,207,True
spleen,excluded_at_or_below_-1,ENSG00000197724.12,PHF2,0.26510052259683414,17.60769554669608,4.149722045152323,0.4975164563808611,231.14799697300168,2.988781711169114,0.01011759692075422,2.8733210629148167,5.201167262055494,4.1620547039622755,0.37498865150082883,-0.042848638272884904,0.5171967889807183,5.201167262055494,17.583097499199692,0.17789869311522405,277,True
spleen,raw,ENSG00000197724.12,PHF2,0.26510052259683414,17.60769554669608,4.149722045152323,0.4975164563808611,231.14799697300168,2.988781711169114,0.01011759692075422,2.8733210629148167,5.201167262055494,4.1620547039622755,0.37498865150082883,-0.042848638272884904,0.5171967889807183,5.201167262055494,17.583097499199692,0.17789869311522405,277,True
stomach,excluded_at_or_below_-1,ENSG00000197724.12,PHF2,5.7321655370252085,24.698559969638644,3.371536921437633,0.3295274712254177,711.6414838590266,9.336687623024044,0.0,2.3001266538960725,5.547088863446998,3.7247698288737516,0.7091132737502298,0.6207501891698305,-0.578646197448931,5.547088863446998,24.697759434446844,0.0,407,True
stomach,raw,ENSG00000197724.12,PHF2,5.7321655370252085,24.698559969638644,3.371536921437633,0.3295274712254177,711.6414838590266,9.336687623024044,0.0,2.3001266538960725,5.547088863446998,3.7247698288737516,0.7091132737502298,0.6207501891698305,-0.578646197448931,5.547088863446998,24.697759434446844,0.0,407,True
testis,excluded_at_or_below_-1,ENSG00000197724.12,PHF2,0.8549661110625397,23.326114235564763,3.7748197586452092,0.35456767915612963,307.34839239214443,2.820537224612734,0.014747191215903748,2.942430052426005,4.481976983206298,3.763702809665105,0.27068014156046216,-0.1922850294578457,0.09793589730032703,4.481976983206298,23.231834963911556,0.34260431250912204,414,True
testis,raw,ENSG00000197724.12,PHF2,0.8549661110625397,23.326114235564763,3.7748197586452092,0.35456767915612963,307.34839239214443,2.820537224612734,0.014747191215903748,2.942430052426005,4.481976983206298,3.763702809665105,0.27068014156046216,-0.1922850294578457,0.09793589730032703,4.481976983206298,23.231834963911556,0.34260431250912204,414,True
thyroid,excluded_at_or_below_-1,ENSG00000197724.12,PHF2,1.7546286976759184,97.54635463023529,4.768234399982179,0.2988801277950228,1532.469283751644,4.708071127181131,1.537193939383703e-05,2.395757923268538,5.763238929424474,4.718578412899831,0.3152953029048472,-1.6210721032028206,9.663405737947304,5.763238929424474,97.54635059228167,0.0014994765893945328,684,True
thyroid,raw,ENSG00000197724.12,PHF2,1.7546286976759184,97.54635463023529,4.768234399982179,0.2988801277950228,1532.469283751644,4.708071127181131,1.537193939383703e-05,2.395757923268538,5.763238929424474,4.718578412899831,0.3152953029048472,-1.6210721032028206,9.663405737947304,5.763238929424474,97.54635059228167,0.0014994765893945328,684,True
uterus,excluded_at_or_below_-1,ENSG00000197724.12,PHF2,-0.229183269381368,7.056055830288503,5.236981943211662,0.517781787088274,144.97296644340548,2.3250266935839767,0.0,4.557557133898119,6.088237021271968,5.239927583837433,0.31933112330477575,0.05642123852292311,-0.4566930078966909,6.088237021271968,6.583208636459249,0.0,153,True
uterus,raw,ENSG00000197724.12,PHF2,-0.229183269381368,7.056055830288503,5.236981943211662,0.517781787088274,144.97296644340548,2.3250266935839767,0.0,4.557557133898119,6.088237021271968,5.239927583837433,0.31933112330477575,0.05642123852292311,-0.4566930078966909,6.088237021271968,6.583208636459249,0.0,153,True
vagina,excluded_at_or_below_-1,ENSG00000197724.12,PHF2,-0.21195025099093098,9.6585227672334,4.606683848086269,0.7791027161673407,166.87609487294523,1.733177095035738,0.220781264041759,2.6969063407616227,5.5615063856918905,4.564527927327385,0.48453825651371923,-0.3696256912567886,0.2568258676368238,5.5615063856918905,9.634744913823681,2.1271711607939006,170,True
vagina,raw,ENSG00000197724.12,PHF2,-0.21195025099093098,9.6585227672334,4.606683848086269,0.7791027161673407,166.87609487294523,1.733177095035738,0.220781264041759,2.6969063407616227,5.5615063856918905,4.564527927327385,0.48453825651371923,-0.3696256912567886,0.2568258676368238,5.5615063856918905,9.634744913823681,2.1271711607939006,170,True
whole_blood,excluded_at_or_below_-1,ENSG00000197724.12,PHF2,0.18706821580764557,46.80120841718741,2.541315010419679,1.1367966998109567,937.6927595726071,2.7939438902180957,0.011664785244756632,0.0626398282864633,4.787189522135748,2.485626116895987,0.7996214852928711,-0.25662797173691415,-0.1543931992151597,4.787189522135748,46.39782912751115,0.5412207125953316,803,True
whole_blood,raw,ENSG00000197724.12,PHF2,0.18706821580764557,46.80120841718741,2.541315010419679,1.1367966998109567,937.6927595726071,2.7939438902180957,0.011664785244756632,0.0626398282864633,4.787189522135748,2.485626116895987,0.7996214852928711,-0.25662797173691415,-0.1543931992151597,4.787189522135748,46.39782912751115,0.5412207125953316,803,True
adipose_subcutaneous,excluded_at_or_below_-1,ENSG00000025293.17,PHF20,-0.21175288622896782,61.4724609163671,3.1399680032884185,0.47361534049796084,738.9527585195178,3.966199052932443,0.0003539435204052025,1.6112691861195765,4.468234656158856,3.1423553887107323,0.33721940522584337,0.00739589682654126,0.7810615215533967,4.468234656158856,61.469136848220586,0.021756602692328347,714,True
adipose_subcutaneous,raw,ENSG00000025293.17,PHF20,-0.21175288622896782,61.4724609163671,3.1399680032884185,0.47361534049796084,738.9527585195178,3.966199052932443,0.0003539435204052025,1.6112691861195765,4.468234656158856,3.1423553887107323,0.33721940522584337,0.00739589682654126,0.7810615215533967,4.468234656158856,61.469136848220586,0.021756602692328347,714,True
adipose_visceral_omentum,excluded_at_or_below_-1,ENSG00000025293.17,PHF20,0.12270820516623328,34.144939024209776,2.847663842335565,0.629910636057786,422.4058344333729,2.7927025936916783,0.011292447553554817,1.4814875336939148,4.0915729052359655,2.8223602638507934,0.4463779948063127,-0.1369829428931171,0.020793794776756247,4.0915729052359655,33.83522070791977,0.38208245530713586,587,True
adipose_visceral_omentum,raw,ENSG00000025293.17,PHF20,0.12270820516623328,34.144939024209776,2.847663842335565,0.629910636057786,422.4058344333729,2.7927025936916783,0.011292447553554817,1.4814875336939148,4.0915729052359655,2.8223602638507934,0.4463779948063127,-0.1369829428931171,0.020793794776756247,4.0915729052359655,33.83522070791977,0.38208245530713586,587,True
adrenal_gland,excluded_at_or_below_-1,ENSG00000025293.17,PHF20,1.457612950408492,36.79516244595653,2.276869992140945,0.3218511187913252,525.6249497759825,9.448521203128115,0.0,0.8799527282618957,4.427193819503637,2.176021420178812,0.38566985754759725,-0.12513560340302188,4.162568579848682,4.427193819503637,36.795007627230454,0.0,295,True
adrenal_gland,raw,ENSG00000025293.17,PHF20,1.457612950408492,36.79516244595653,2.276869992140945,0.3218511187913252,525.6249497759825,9.448521203128115,0.0,0.8799527282618957,4.427193819503637,2.176021420178812,0.38566985754759725,-0.12513560340302188,4.162568579848682,4.427193819503637,36.795007627230454,0.0,295,True
artery_aorta,excluded_at_or_below_-1,ENSG00000025293.17,PHF20,0.9358919302391737,30.777193367561082,3.299600075809237,0.35156990788562237,547.0072677243634,4.471359024729808,0.0,2.6540917828418933,4.411168598607128,3.326854631833005,0.2786160062101425,0.43667115246193927,0.7996718955638555,4.411168598607128,30.775783921321498,0.0,472,True
artery_aorta,raw,ENSG00000025293.17,PHF20,0.9358919302391737,30.777193367561082,3.299600075809237,0.35156990788562237,547.0072677243634,4.471359024729808,0.0,2.6540917828418933,4.411168598607128,3.326854631833005,0.2786160062101425,0.43667115246193927,0.7996718955638555,4.411168598607128,30.775783921321498,0.0,472,True
artery_coronary,excluded_at_or_below_-1,ENSG00000025293.17,PHF20,1.0374359541948472,18.596530010422846,3.1622060185137753,0.35429779464786015,210.1352689470201,3.640094714703177,0.0013001138787527662,2.0120751766781115,4.074145745328831,3.145369602574948,0.3307122704956415,-0.2894667157715706,1.0395046250254243,4.074145745328831,18.59602102268473,0.024176945021170626,268,True
artery_coronary,raw,ENSG00000025293.17,PHF20,1.0374359541948472,18.596530010422846,3.1622060185137753,0.35429779464786015,210.1352689470201,3.640094714703177,0.0013001138787527662,2.0120751766781115,4.074145745328831,3.145369602574948,0.3307122704956415,-0.2894667157715706,1.0395046250254243,4.074145745328831,18.59602102268473,0.024176945021170626,268,True
artery_tibial,excluded_at_or_below_-1,ENSG00000025293.17,PHF20,1.9145803903853982,60.18814752870003,3.72153667223713,0.36379547305326393,670.4097953830228,5.026362186310635,0.0,2.4879107603142256,5.014529370056772,3.7315195859730554,0.32529435505609505,0.1612515737796119,1.0986478088818554,5.014529370056772,60.1862180747523,0.0,691,True
artery_tibial,raw,ENSG00000025293.17,PHF20,1.9145803903853982,60.18814752870003,3.72153667223713,0.36379547305326393,670.4097953830228,5.026362186310635,0.0,2.4879107603142256,5.014529370056772,3.7315195859730554,0.32529435505609505,0.1612515737796119,1.0986478088818554,5.014529370056772,60.1862180747523,0.0,691,True
bladder,excluded_at_or_below_-1,ENSG00000025293.17,PHF20,-0.2802188417911231,3.748881311674106,3.3030276757666845,0.5004285174147428,56.41354417292431,2.0618470440070573,0.0,2.5865125648798206,4.032625444322246,3.301911623688341,0.3009905721014667,-0.036335432750003206,-0.43462044799375255,4.032625444322246,3.30140898325648,0.0,77,True
bladder,raw,ENSG00000025293.17,PHF20,-0.2802188417911231,3.748881311674106,3.3030276757666845,0.5004285174147428,56.41354417292431,2.0618470440070573,0.0,2.5865125648798206,4.032625444322246,3.301911623688341,0.3009905721014667,-0.036335432750003206,-0.43462044799375255,4.032625444322246,3.30140898325648,0.0,77,True
brain_amygdala,excluded_at_or_below_-1,ENSG00000025293.17,PHF20,-0.22379054570798615,9.090267771648442,1.8800184212503326,0.8994985055213714,90.00781755980054,1.9813878627395323,0.11646647006959385,0.1717256430821612,3.1402633155233817,1.8391617881146294,0.5715430971821976,-0.18402835161181946,-0.3860856484459032,3.1402633155233817,8.84355032091107,1.0299770887593362,181,True
brain_amygdala,raw,ENSG00000025293.17,PHF20,-0.22379054570798615,9.090267771648442,1.8800184212503326,0.8994985055213714,90.00781755980054,1.9813878627395323,0.11646647006959385,0.1717256430821612,3.1402633155233817,1.8391617881146294,0.5715430971821976,-0.18402835161181946,-0.3860856484459032,3.1402633155233817,8.84355032091107,1.0299770887593362,181,True
brain_anterior_cingulate_cortex_ba24,excluded_at_or_below_-1,ENSG00000025293.17,PHF20,0.45884356679619437,11.477206383891895,2.1743448452998924,0.9040347169909801,301.1359615244393,1.937563500912981,0.14911582194607467,0.0775233058072073,3.412930528399012,2.082315821220392,0.6308670811652038,-0.33646540273735154,-0.3430017738475728,3.412930528399012,11.424219530591614,1.703531885396568,233,True
brain_anterior_cingulate_cortex_ba24,raw,ENSG00000025293.17,PHF20,0.45884356679619437,11.477206383891895,2.1743448452998924,0.9040347169909801,301.1359615244393,1.937563500912981,0.14911582194607467,0.0775233058072073,3.412930528399012,2.082315821220392,0.6308670811652038,-0.33646540273735154,-0.3430017738475728,3.412930528399012,11.424219530591614,1.703531885396568,233,True
brain_caudate_basal_ganglia,excluded_at_or_below_-1,ENSG00000025293.17,PHF20,1.7281490256692817,14.113815508348234,2.2543109195741944,0.8190490159101901,209.20503045153086,2.3438073960022687,0.06323565093276878,0.0958704233841967,3.611738957498946,2.0986049231401442,0.695841258751087,-0.48951329062493154,-0.23133423424776556,3.611738957498946,14.100163980655784,0.8916330475755487,300,True
brain_caudate_basal_ganglia,raw,ENSG00000025293.17,PHF20,1.7281490256692817,14.113815508348234,2.2543109195741944,0.8190490159101901,209.20503045153086,2.3438073960022687,0.06323565093276878,0.0958704233841967,3.611738957498946,2.0986049231401442,0.695841258751087,-0.48951329062493154,-0.23133423424776556,3.611738957498946,14.100163980655784,0.8916330475755487,300,True
brain_cerebellar_hemisphere,excluded_at_or_below_-1,ENSG00000025293.17,PHF20,1.9808244503593464,21.023322416815578,3.7914929636424377,0.47567618494146174,314.30370655844985,2.2430451266626856,0.08081414172549005,1.0047890036971086,4.545949841224665,3.488178790551919,0.6804295540894159,-1.4632715072171782,1.9286236548467715,4.545949841224665,21.022851232505886,1.6989436789776238,277,True
brain_cerebellar_hemisphere,raw,ENSG00000025293.17,PHF20,1.9808244503593464,21.023322416815578,3.7914929636424377,0.47567618494146174,314.30370655844985,2.2430451266626856,0.08081414172549005,1.0047890036971086,4.545949841224665,3.488178790551919,0.6804295540894159,-1.4632715072171782,1.9286236548467715,4.545949841224665,21.022851232505886,1.6989436789776238,277,True
brain_cerebellum,excluded_at_or_below_-1,ENSG00000025293.17,PHF20,1.7857427455765984,16.06094339032163,3.2630806423224366,0.40967942482496217,310.4595308241336,2.553066323413919,0.03842409254140695,1.617723986908929,4.002671020144211,3.1471343884727894,0.44251092513095003,-0.8671382882271677,0.8347798594166367,4.002671020144211,16.060850370861555,0.6171236009436745,266,True
brain_cerebellum,raw,ENSG00000025293.17,PHF20,1.7857427455765984,16.06094339032163,3.2630806423224366,0.40967942482496217,310.4595308241336,2.553066323413919,0.03842409254140695,1.617723986908929,4.002671020144211,3.1471343884727894,0.44251092513095003,-0.8671382882271677,0.8347798594166367,4.002671020144211,16.060850370861555,0.6171236009436745,266,True
brain_cortex,excluded_at_or_below_-1,ENSG00000025293.17,PHF20,1.1836001935956495,17.124607210971888,2.2984427470722952,0.48539465328513565,308.6022263637737,2.600247947097195,0.03402307441221925,0.5563313113038171,3.190915061238698,2.1967170341626505,0.4400349618326418,-0.6957416993579048,0.6269775805044651,3.190915061238698,17.124552950832776,0.5826299393221723,270,True
brain_cortex,raw,ENSG00000025293.17,PHF20,1.1836001935956495,17.124607210971888,2.2984427470722952,0.48539465328513565,308.6022263637737,2.600247947097195,0.03402307441221925,0.5563313113038171,3.190915061238698,2.1967170341626505,0.4400349618326418,-0.6957416993579048,0.6269775805044651,3.190915061238698,17.124552950832776,0.5826299393221723,270,True
brain_frontal_cortex_ba9,excluded_at_or_below_-1,ENSG00000025293.17,PHF20,1.7695542982581836,14.437339156830422,2.656835072733016,0.5802854200624634,246.48169554806594,2.732886485009428,0.02385753201868564,0.7909638285001326,3.778203318753519,2.516284180775658,0.5759776839251387,-0.6731332169290293,0.2751490309634468,3.778203318753519,14.43685015043195,0.34442761471289685,269,True
brain_frontal_cortex_ba9,raw,ENSG00000025293.17,PHF20,1.7695542982581836,14.437339156830422,2.656835072733016,0.5802854200624634,246.48169554806594,2.732886485009428,0.02385753201868564,0.7909638285001326,3.778203318753519,2.516284180775658,0.5759776839251387,-0.6731332169290293,0.2751490309634468,3.778203318753519,14.43685015043195,0.34442761471289685,269,True
brain_hippocampus,excluded_at_or_below_-1,ENSG00000025293.17,PHF20,0.6321162636755643,10.843178991613229,1.9150697715170106,0.8967602764986895,173.53413470196097,1.958254337863615,0.11973718181096965,0.2433888004831601,3.156809172269587,1.8450542706288608,0.6171427733088878,-0.2604656439081663,-0.4950767928543014,3.156809172269587,10.50742322737818,1.2581292453413866,255,True
brain_hippocampus,raw,ENSG00000025293.17,PHF20,0.6321162636755643,10.843178991613229,1.9150697715170106,0.8967602764986895,173.53413470196097,1.958254337863615,0.11973718181096965,0.2433888004831601,3.156809172269587,1.8450542706288608,0.6171427733088878,-0.2604656439081663,-0.4950767928543014,3.156809172269587,10.50742322737818,1.2581292453413866,255,True
brain_hypothalamus,excluded_at_or_below_-1,ENSG00000025293.17,PHF20,1.0321525579292927,12.100045159152248,2.165561670407821,0.8360110014475504,181.61851615788322,2.3017798707949164,0.06611069283828554,0.2386829328960886,3.5262566503555544,2.073706341831838,0.6458936008460293,-0.28776833833844195,-0.3110696338209693,3.5262566503555544,12.04038328597575,0.7959980810743699,257,True
brain_hypothalamus,raw,ENSG00000025293.17,PHF20,1.0321525579292927,12.100045159152248,2.165561670407821,0.8360110014475504,181.61851615788322,2.3017798707949164,0.06611069283828554,0.2386829328960886,3.5262566503555544,2.073706341831838,0.6458936008460293,-0.28776833833844195,-0.3110696338209693,3.5262566503555544,12.04038328597575,0.7959980810743699,257,True
brain_nucleus_accumbens_basal_ganglia,excluded_at_or_below_-1,ENSG00000025293.17,PHF20,2.3120549052064923,13.462427430450312,2.3157179046599623,0.7206586488994984,231.43172697879885,2.5766362374458853,0.03610980055410278,0.0735323509284977,3.6287269430313263,2.1023020928450853,0.7086619075597478,-0.5121271779297154,-0.20900765126853305,3.6287269430313263,13.461540306373092,0.48609353561414803,285,True
brain_nucleus_accumbens_basal_ganglia,raw,ENSG00000025293.17,PHF20,2.3120549052064923,13.462427430450312,2.3157179046599623,0.7206586488994984,231.43172697879885,2.5766362374458853,0.03610980055410278,0.0735323509284977,3.6287269430313263,2.1023020928450853,0.7086619075597478,-0.5121271779297154,-0.20900765126853305,3.6287269430313263,13.461540306373092,0.48609353561414803,285,True
brain_putamen_basal_ganglia,excluded_at_or_below_-1,ENSG00000025293.17,PHF20,-0.7852428426014991,12.505180648167654,1.8795093184904388,1.1099316241072898,180.61288034611624,2.1457409899977393,0.0,0.2321326951666518,3.5635730591501815,1.840472080865569,0.6741415157613759,-0.1322686625641238,-0.5242966244141112,3.5635730591501815,11.254045783589506,0.0,254,True
brain_putamen_basal_ganglia,raw,ENSG00000025293.17,PHF20,-0.7852428426014991,12.505180648167654,1.8795093184904388,1.1099316241072898,180.61288034611624,2.1457409899977393,0.0,0.2321326951666518,3.5635730591501815,1.840472080865569,0.6741415157613759,-0.1322686625641238,-0.5242966244141112,3.5635730591501815,11.254045783589506,0.0,254,True
brain_spinal_cord_cervical_c-1,excluded_at_or_below_-1,ENSG00000025293.17,PHF20,1.1836368406885363,8.09930041585505,2.8346544532332674,0.8511135102750058,202.18089206116258,1.5079190266299498,0.3181747538776494,0.8285665939612172,3.7421625482708256,2.625946751345409,0.6457666102785937,-0.6411960082241993,-0.1175965985509766,3.7421625482708256,8.06793983171105,2.567014770254347,204,True
brain_spinal_cord_cervical_c-1,raw,ENSG00000025293.17,PHF20,1.1836368406885363,8.09930041585505,2.8346544532332674,0.8511135102750058,202.18089206116258,1.5079190266299498,0.3181747538776494,0.8285665939612172,3.7421625482708256,2.625946751345409,0.6457666102785937,-0.6411960082241993,-0.1175965985509766,3.7421625482708256,8.06793983171105,2.567014770254347,204,True
brain_substantia_nigra,excluded_at_or_below_-1,ENSG00000025293.17,PHF20,-0.2043007466037549,10.00076534132432,2.0021923963140926,0.7953332744493308,177.02827043029936,2.64747891145905,0.0,0.569072999801211,3.491096284460212,1.9734909279762176,0.526150296397918,-0.09216301174917334,-0.33591683026163066,3.491096284460212,9.700128220530695,0.0,183,True
brain_substantia_nigra,raw,ENSG00000025293.17,PHF20,-0.2043007466037549,10.00076534132432,2.0021923963140926,0.7953332744493308,177.02827043029936,2.64747891145905,0.0,0.569072999801211,3.491096284460212,1.9734909279762176,0.526150296397918,-0.09216301174917334,-0.33591683026163066,3.491096284460212,9.700128220530695,0.0,183,True
breast_mammary_tissue,excluded_at_or_below_-1,ENSG00000025293.17,PHF20,-0.19638374659455113,28.46952301810423,3.03667299158788,0.6107313709496411,524.0789483027187,2.076265400619404,0.11185934207686922,1.6168610937325547,3.933312967552884,2.994257874227681,0.40708677368338586,-0.38676037583582196,-0.040935282580669696,3.933312967552884,28.341501340992064,3.170261693474079,514,True
breast_mammary_tissue,raw,ENSG00000025293.17,PHF20,-0.19638374659455113,28.46952301810423,3.03667299158788,0.6107313709496411,524.0789483027187,2.076265400619404,0.11185934207686922,1.6168610937325547,3.933312967552884,2.994257874227681,0.40708677368338586,-0.38676037583582196,-0.040935282580669696,3.933312967552884,28.341501340992064,3.170261693474079,514,True
cells_cultured_fibroblasts,excluded_at_or_below_-1,ENSG00000025293.17,PHF20,1.244122699865503,49.66966178921271,3.692109202084225,0.28918723418928705,530.4556239114058,2.4854394589867255,0.0455610212225185,2.520170776494976,4.200347407411002,3.6604543783457415,0.24494432986989506,-1.0118861856901846,2.511739724340309,4.200347407411002,49.669485735750065,2.2629924937180883,652,True
cells_cultured_fibroblasts,raw,ENSG00000025293.17,PHF20,1.244122699865503,49.66966178921271,3.692109202084225,0.28918723418928705,530.4556239114058,2.4854394589867255,0.0455610212225185,2.520170776494976,4.200347407411002,3.6604543783457415,0.24494432986989506,-1.0118861856901846,2.511739724340309,4.200347407411002,49.669485735750065,2.2629924937180883,652,True
cells_ebv-transformed_lymphocytes,excluded_at_or_below_-1,ENSG00000025293.17,PHF20,0.23747778179962717,24.55065792128726,3.7348582352159485,0.3292899229552718,227.9548935349224,2.9637580303596396,0.012366000894953603,2.622426724983928,4.424948953789983,3.7078964100122818,0.2565754464337903,-0.6893137787357032,1.6100050651630555,4.424948953789983,24.550169293944087,0.30358741546017504,327,True
cells_ebv-transformed_lymphocytes,raw,ENSG00000025293.17,PHF20,0.23747778179962717,24.55065792128726,3.7348582352159485,0.3292899229552718,227.9548935349224,2.9637580303596396,0.012366000894953603,2.622426724983928,4.424948953789983,3.7078964100122818,0.2565754464337903,-0.6893137787357032,1.6100050651630555,4.424948953789983,24.550169293944087,0.30358741546017504,327,True
cervix_ectocervix,excluded_at_or_below_-1,ENSG00000025293.17,PHF20,0.539789952004239,1.46066003578678,2.6466561166915263,0.03095647822344667,15.189899824903957,55.55408572963014,0.0,2.531106932422869,3.862709258076322,3.0804000863414625,0.40143364478637206,0.290642655998038,-1.1857707464835998,3.862709258076322,1.4606563740184706,0.0,24,True
cervix_ectocervix,raw,ENSG00000025293.17,PHF20,0.539789952004239,1.46066003578678,2.6466561166915263,0.03095647822344667,15.189899824903957,55.55408572963014,0.0,2.531106932422869,3.862709258076322,3.0804000863414625,0.40143364478637206,0.290642655998038,-1.1857707464835998,3.862709258076322,1.4606563740184706,0.0,24,True
cervix_endocervix,excluded_at_or_below_-1,ENSG00000025293.17,PHF20,0.43157172080984196,0.7937103936890371,3.508713221686556,0.13428101740304196,13.377970691616724,6.770967034185097,9.95500188172094e-11,2.8345291990615156,4.151623434361327,3.3953887619195107,0.34385972995914516,0.3477416172350393,-0.36325944930337695,4.151623434361327,0.7936782716943844,7.90106868819862e-11,23,True
cervix_endocervix,raw,ENSG00000025293.17,PHF20,0.43157172080984196,0.7937103936890371,3.508713221686556,0.13428101740304196,13.377970691616724,6.770967034185097,9.95500188172094e-11,2.8345291990615156,4.151623434361327,3.3953887619195107,0.34385972995914516,0.3477416172350393,-0.36325944930337695,4.151623434361327,0.7936782716943844,7.90106868819862e-11,23,True
colon_sigmoid,excluded_at_or_below_-1,ENSG00000025293.17,PHF20,1.0468943973193006,32.784221169358005,3.2610312709527682,0.48914897634080384,354.3432628316883,3.2612969715121474,0.004902085305893872,1.3758985350563897,4.389050487853527,3.1796465366478484,0.4401031299083261,-0.9587804447582217,1.6710241054374766,4.389050487853527,32.78400185518685,0.1607099737627089,419,True
colon_sigmoid,raw,ENSG00000025293.17,PHF20,1.0468943973193006,32.784221169358005,3.2610312709527682,0.48914897634080384,354.3432628316883,3.2612969715121474,0.004902085305893872,1.3758985350563897,4.389050487853527,3.1796465366478484,0.4401031299083261,-0.9587804447582217,1.6710241054374766,4.389050487853527,32.78400185518685,0.1607099737627089,419,True
colon_transverse,excluded_at_or_below_-1,ENSG00000025293.17,PHF20,-22353.536599636693,22373.12158783727,2.5407283913698153,54.24152672802131,794.8051430307416,0.04552892372684946,0.0,0.8202606702629669,4.286969835331045,2.53853843154768,0.7034445689457721,-0.04469154262024155,-1.0589980760814137,4.286969835331045,23.176398928309936,0.0,479,True
colon_transverse,raw,ENSG00000025293.17,PHF20,-22353.536599636693,22373.12158783727,2.5407283913698153,54.24152672802131,794.8051430307416,0.04552892372684946,0.0,0.8202606702629669,4.286969835331045,2.53853843154768,0.7034445689457721,-0.04469154262024155,-1.0589980760814137,4.286969835331045,23.176398928309936,0.0,479,True
esophagus_gastroesophageal_junction,excluded_at_or_below_-1,ENSG00000025293.17,PHF20,2.0701910677684014,26.54079978089118,3.191084558336989,0.45037331082669907,562.1613099183801,3.1629268386933127,0.006722335300983383,1.5536480305925648,4.198356635302917,3.0914913542600044,0.4345156361144662,-0.6592791423456014,0.5233015644659731,4.198356635302917,26.540703668599956,0.17841550918436866,403,True
esophagus_gastroesophageal_junction,raw,ENSG00000025293.17,PHF20,2.0701910677684014,26.54079978089118,3.191084558336989,0.45037331082669907,562.1613099183801,3.1629268386933127,0.006722335300983383,1.5536480305925648,4.198356635302917,3.0914913542600044,0.4345156361144662,-0.6592791423456014,0.5233015644659731,4.198356635302917,26.540703668599956,0.17841550918436866,403,True
esophagus_mucosa,excluded_at_or_below_-1,ENSG00000025293.17,PHF20,0.14667208992493422,41.872152765805666,2.2908643083681843,0.4512924350727518,635.1140457331196,3.478193795318315,0.0,1.1989938242054978,3.40079748204682,2.285681112574178,0.32549875954140584,-0.04796859271522775,0.23774702134020131,3.40079748204682,41.7733117891358,0.0,614,True
esophagus_mucosa,raw,ENSG00000025293.17,PHF20,0.14667208992493422,41.872152765805666,2.2908643083681843,0.4512924350727518,635.1140457331196,3.478193795318315,0.0,1.1989938242054978,3.40079748204682,2.285681112574178,0.32549875954140584,-0.04796859271522775,0.23774702134020131,3.40079748204682,41.7733117891358,0.0,614,True
esophagus_muscularis,excluded_at_or_below_-1,ENSG00000025293.17,PHF20,2.4606361255442137,48.30379629145757,3.176172509044486,0.4099400396535734,875.7368732081804,3.547897138057785,0.0018477491889921222,1.1702006901518225,4.204606355359491,3.07605134081666,0.4166698695067844,-0.8063878836054178,1.211557444151877,4.204606355359491,48.303794480227815,0.0892532970760831,561,True
esophagus_muscularis,raw,ENSG00000025293.17,PHF20,2.4606361255442137,48.30379629145757,3.176172509044486,0.4099400396535734,875.7368732081804,3.547897138057785,0.0018477491889921222,1.1702006901518225,4.204606355359491,3.07605134081666,0.4166698695067844,-0.8063878836054178,1.211557444151877,4.204606355359491,48.303794480227815,0.0892532970760831,561,True
fallopian_tube,excluded_at_or_below_-1,ENSG00000025293.17,PHF20,0.5623780832937771,4.602157904445529,3.541484349109467,0.030640513594887096,18.99523653486246,20.73212789798624,0.0,2.4508390958706965,3.990669015139135,3.2894214965458666,0.34304800145646597,-0.4605134855596856,0.012566378127283784,3.990669015139135,4.599877303211858,0.0,29,True
fallopian_tube,raw,ENSG00000025293.17,PHF20,0.5623780832937771,4.602157904445529,3.541484349109467,0.030640513594887096,18.99523653486246,20.73212789798624,0.0,2.4508390958706965,3.990669015139135,3.2894214965458666,0.34304800145646597,-0.4605134855596856,0.012566378127283784,3.990669015139135,4.599877303211858,0.0,29,True
heart_atrial_appendage,excluded_at_or_below_-1,ENSG00000025293.17,PHF20,1.4478883779731335,32.702868200394796,2.1911377689550116,0.5381750556145027,421.0807329104744,2.8521981719820553,0.017119252748974127,0.187527066692172,3.2765338863945,2.106686744248524,0.46984427508117665,-0.6966419226938931,0.9796774978618519,3.2765338863945,32.702165373139486,0.5598366344615247,461,True
heart_atrial_appendage,raw,ENSG00000025293.17,PHF20,1.4478883779731335,32.702868200394796,2.1911377689550116,0.5381750556145027,421.0807329104744,2.8521981719820553,0.017119252748974127,0.187527066692172,3.2765338863945,2.106686744248524,0.46984427508117665,-0.6966419226938931,0.9796774978618519,3.2765338863945,32.702165373139486,0.5598366344615247,461,True
heart_left_ventricle,excluded_at_or_below_-1,ENSG00000025293.17,PHF20,6.42745269231406,24.511788087241346,1.7558188795297143,0.41418404180173074,655.9367110119904,4.681858940537913,1.738564085913257e-05,-0.5660566896892186,3.1270058846123163,1.36589828804592,0.7661912193237628,-0.5010382859801841,-0.5072838853847452,3.1270058846123163,24.51091449242828,0.0004261379564942658,452,True
heart_left_ventricle,raw,ENSG00000025293.17,PHF20,6.42745269231406,24.511788087241346,1.7558188795297143,0.41418404180173074,655.9367110119904,4.681858940537913,1.738564085913257e-05,-0.5660566896892186,3.1270058846123163,1.36589828804592,0.7661912193237628,-0.5010382859801841,-0.5072838853847452,3.1270058846123163,24.51091449242828,0.0004261379564942658,452,True
kidney_cortex,excluded_at_or_below_-1,ENSG00000025293.17,PHF20,1.7784106238586543,2.981726336410659,1.142546835595989,0.4055777334618499,71.07552068982855,6.369750854370375,0.0,0.3693771412785871,2.9693070809843465,1.550758277252447,0.6644547907734568,0.45492824990212904,-0.8169876974700054,2.9693070809843465,2.9817204531986468,0.0,104,True
kidney_cortex,raw,ENSG00000025293.17,PHF20,1.7784106238586543,2.981726336410659,1.142546835595989,0.4055777334618499,71.07552068982855,6.369750854370375,0.0,0.3693771412785871,2.9693070809843465,1.550758277252447,0.6644547907734568,0.45492824990212904,-0.8169876974700054,2.9693070809843465,2.9817204531986468,0.0,104,True
kidney_medulla,excluded_at_or_below_-1,ENSG00000025293.17,PHF20,,,,,,,,,,,,,,,,,11,False
kidney_medulla,raw,ENSG00000025293.17,PHF20,,,,,,,,,,,,,,,,,11,False
liver,excluded_at_or_below_-1,ENSG00000025293.17,PHF20,0.48852681666654724,19.650906554857933,0.9556504503663868,0.4290398097609903,174.32263751449048,4.2305896549296165,0.0,-0.226081295657452,2.239113874152279,0.9658379866850755,0.3523261584536738,0.15448953453016787,0.9418802063059344,2.239113874152279,19.64831872791297,0.0,262,True
liver,raw,ENSG00000025293.17,PHF20,0.48852681666654724,19.650906554857933,0.9556504503663868,0.4290398097609903,174.32263751449048,4.2305896549296165,0.0,-0.226081295657452,2.239113874152279,0.9658379866850755,0.3523261584536738,0.15448953453016787,0.9418802063059344,2.239113874152279,19.64831872791297,0.0,262,True
lung,excluded_at_or_below_-1,ENSG00000025293.17,PHF20,1.9575620029142256,36.55990476392258,3.2494675808642914,0.5028473054265169,781.2070838789978,4.033689191184533,0.0,2.208604655386719,4.683713295006367,3.2966585769501653,0.41256918414231764,0.38380213493674664,0.17172966335026985,4.683713295006367,36.549167281263585,0.0,604,True
lung,raw,ENSG00000025293.17,PHF20,1.9575620029142256,36.55990476392258,3.2494675808642914,0.5028473054265169,781.2070838789978,4.033689191184533,0.0,2.208604655386719,4.683713295006367,3.2966585769501653,0.41256918414231764,0.38380213493674664,0.17172966335026985,4.683713295006367,36.549167281263585,0.0,604,True
minor_salivary_gland,excluded_at_or_below_-1,ENSG00000025293.17,PHF20,-0.6610313248279,9.906439354507134,2.564943344110969,0.5505274665418548,172.36730490490942,2.492461886848143,0.0,1.7089310201246517,3.535213156625068,2.5391807907426767,0.3372885165367596,-0.15864877710030903,-0.33264965134996194,3.535213156625068,9.462895888376345,0.0,181,True
minor_salivary_gland,raw,ENSG00000025293.17,PHF20,-0.6610313248279,9.906439354507134,2.564943344110969,0.5505274665418548,172.36730490490942,2.492461886848143,0.0,1.7089310201246517,3.535213156625068,2.5391807907426767,0.3372885165367596,-0.15864877710030903,-0.33264965134996194,3.535213156625068,9.462895888376345,0.0,181,True
muscle_skeletal,excluded_at_or_below_-1,ENSG00000025293.17,PHF20,-3.861319000695792,50.73439585678059,3.4871156824332843,0.9913988804363716,1061.5319742592142,2.6618111909514375,0.0,1.7217444965536317,5.353111529774809,3.498172254530555,0.586209697421073,0.05149280157890462,-0.36205372449143747,5.353111529774809,49.2661963226039,0.0,818,True
muscle_skeletal,raw,ENSG00000025293.17,PHF20,-3.861319000695792,50.73439585678059,3.4871156824332843,0.9913988804363716,1061.5319742592142,2.6618111909514375,0.0,1.7217444965536317,5.353111529774809,3.498172254530555,0.586209697421073,0.05149280157890462,-0.36205372449143747,5.353111529774809,49.2661963226039,0.0,818,True
nerve_tibial,excluded_at_or_below_-1,ENSG00000025293.17,PHF20,1.5432472406309834,51.31658460439259,3.519461928145793,0.32136278014633485,621.2921132153324,4.906935857663522,0.0,2.712694817897103,4.634503242395665,3.5076733024468156,0.26267155533543796,-0.057056606409393355,0.4799787616335256,4.634503242395665,51.31520993800907,0.0,670,True
nerve_tibial,raw,ENSG00000025293.17,PHF20,1.5432472406309834,51.31658460439259,3.519461928145793,0.32136278014633485,621.2921132153324,4.906935857663522,0.0,2.712694817897103,4.634503242395665,3.5076733024468156,0.26267155533543796,-0.057056606409393355,0.4799787616335256,4.634503242395665,51.31520993800907,0.0,670,True
ovary,excluded_at_or_below_-1,ENSG00000025293.17,PHF20,0.8477048767545878,14.28241358410604,3.1621870302190533,0.3465707293824093,235.38771133619994,5.552449908332768,0.0,2.317620998048336,4.522884357545709,3.24163341748578,0.33318824265515035,0.7112199770505537,0.9533337867008771,4.522884357545709,14.282148343058399,0.0,193,True
ovary,raw,ENSG00000025293.17,PHF20,0.8477048767545878,14.28241358410604,3.1621870302190533,0.3465707293824093,235.38771133619994,5.552449908332768,0.0,2.317620998048336,4.522884357545709,3.24163341748578,0.33318824265515035,0.7112199770505537,0.9533337867008771,4.522884357545709,14.282148343058399,0.0,193,True
pancreas,excluded_at_or_below_-1,ENSG00000025293.17,PHF20,1.307132488287303,22.935213497360138,0.8291119539264828,0.42053656795544664,283.582278064664,3.9726020059642773,0.0,-0.1967952862398352,2.0104218054865113,0.8423774679451064,0.36162973055616815,0.11050431828036678,0.3173163808747854,2.0104218054865113,22.926330999303982,0.0,362,True
pancreas,raw,ENSG00000025293.17,PHF20,1.307132488287303,22.935213497360138,0.8291119539264828,0.42053656795544664,283.582278064664,3.9726020059642773,0.0,-0.1967952862398352,2.0104218054865113,0.8423774679451064,0.36162973055616815,0.11050431828036678,0.3173163808747854,2.0104218054865113,22.926330999303982,0.0,362,True
pituitary,excluded_at_or_below_-1,ENSG00000025293.17,PHF20,1.1858645415334277,22.20641593055666,2.4858153453709435,0.2914722279834588,354.7516650169449,3.9849548535845942,0.00029340849838667567,1.5792067035143584,3.3071224665095356,2.4819082343888876,0.26110687024562745,-0.1460209899658028,0.5450184121930515,3.3071224665095356,22.204843337689926,0.006515089740622981,313,True
pituitary,raw,ENSG00000025293.17,PHF20,1.1858645415334277,22.20641593055666,2.4858153453709435,0.2914722279834588,354.7516650169449,3.9849548535845942,0.00029340849838667567,1.5792067035143584,3.3071224665095356,2.4819082343888876,0.26110687024562745,-0.1460209899658028,0.5450184121930515,3.3071224665095356,22.204843337689926,0.006515089740622981,313,True
prostate,excluded_at_or_below_-1,ENSG00000025293.17,PHF20,0.7439575376265912,17.103562567762687,2.8645895344946246,0.5058928799150441,192.2817681660614,3.73436995965743,0.0,1.771370087324081,4.2004494242761945,2.87154291787442,0.40546681461234085,0.18589705565453474,0.34809360956786817,4.2004494242761945,17.087344322408985,0.0,282,True
prostate,raw,ENSG00000025293.17,PHF20,0.7439575376265912,17.103562567762687,2.8645895344946246,0.5058928799150441,192.2817681660614,3.73436995965743,0.0,1.771370087324081,4.2004494242761945,2.87154291787442,0.40546681461234085,0.18589705565453474,0.34809360956786817,4.2004494242761945,17.087344322408985,0.0,282,True
skin_not_sun_exposed_suprapubic,excluded_at_or_below_-1,ENSG00000025293.17,PHF20,0.7992653517859376,51.76713537417998,2.6793985450024773,0.47240169311960944,1106.16618614094,5.118211788650479,0.0,1.5897491078929795,4.3890780297940095,2.6829817147153383,0.3682047755211918,0.2912019790553764,0.7858923288445698,4.3890780297940095,51.76689463748192,0.0,651,True
skin_not_sun_exposed_suprapubic,raw,ENSG00000025293.17,PHF20,0.7992653517859376,51.76713537417998,2.6793985450024773,0.47240169311960944,1106.16618614094,5.118211788650479,0.0,1.5897491078929795,4.3890780297940095,2.6829817147153383,0.3682047755211918,0.2912019790553764,0.7858923288445698,4.3890780297940095,51.76689463748192,0.0,651,True
skin_sun_exposed_lower_leg,excluded_at_or_below_-1,ENSG00000025293.17,PHF20,1.0481419540281254,54.65655987158269,2.7833431605614725,0.4638890325764053,471.8413185314423,3.8101646152393696,0.0001761605095949018,1.5090015599922837,4.033149854788285,2.7952130721993873,0.3599791133241318,0.053755750860484924,0.43131521953051255,4.033149854788285,54.62694019374414,0.009623109622140191,754,True
skin_sun_exposed_lower_leg,raw,ENSG00000025293.17,PHF20,1.0481419540281254,54.65655987158269,2.7833431605614725,0.4638890325764053,471.8413185314423,3.8101646152393696,0.0001761605095949018,1.5090015599922837,4.033149854788285,2.7952130721993873,0.3599791133241318,0.053755750860484924,0.43131521953051255,4.033149854788285,54.62694019374414,0.009623109622140191,754,True
small_intestine_terminal_ileum,excluded_at_or_below_-1,ENSG00000025293.17,PHF20,-6.761139081115769,15.234588963407864,2.7339880803561103,1.957739911809098,235.39400987035577,1.03188584085002,0.364614744533311,0.7289218272873139,4.162459811084584,2.700114901550382,0.704641112361554,-0.2188400133957131,-0.9101836298742043,4.162459811084584,9.897730676821254,3.608858542188697,207,True
small_intestine_terminal_ileum,raw,ENSG00000025293.17,PHF20,-6.761139081115769,15.234588963407864,2.7339880803561103,1.957739911809098,235.39400987035577,1.03188584085002,0.364614744533311,0.7289218272873139,4.162459811084584,2.700114901550382,0.704641112361554,-0.2188400133957131,-0.9101836298742043,4.162459811084584,9.897730676821254,3.608858542188697,207,True
spleen,excluded_at_or_below_-1,ENSG00000025293.17,PHF20,0.08653698865716224,21.005284873386262,3.028395426749648,0.4033208063688036,159.81598177664068,3.617302539395167,0.0011993176494503024,1.86457048190252,4.060017110974372,3.017234849554375,0.2983210309652057,-0.18871225250438575,0.7326296417777023,4.060017110974372,20.999827272634437,0.02518546348347829,277,True
spleen,raw,ENSG00000025293.17,PHF20,0.08653698865716224,21.005284873386262,3.028395426749648,0.4033208063688036,159.81598177664068,3.617302539395167,0.0011993176494503024,1.86457048190252,4.060017110974372,3.017234849554375,0.2983210309652057,-0.18871225250438575,0.7326296417777023,4.060017110974372,20.999827272634437,0.02518546348347829,277,True
stomach,excluded_at_or_below_-1,ENSG00000025293.17,PHF20,5.276643809474448,19.463625448759988,1.888606182560732,0.4814870494136916,602.4369207785776,7.27148129916361,0.0,0.9866402918779976,4.364274758193769,2.272102839331183,0.7257818555047141,0.5957723429973264,-0.5529548302529648,4.364274758193769,19.463620600271973,0.0,407,True
stomach,raw,ENSG00000025293.17,PHF20,5.276643809474448,19.463625448759988,1.888606182560732,0.4814870494136916,602.4369207785776,7.27148129916361,0.0,0.9866402918779976,4.364274758193769,2.272102839331183,0.7257818555047141,0.5957723429973264,-0.5529548302529648,4.364274758193769,19.463620600271973,0.0,407,True
testis,excluded_at_or_below_-1,ENSG00000025293.17,PHF20,2.691791122559955,32.99968057020779,3.9494566423771587,0.3472348759762424,399.961140371021,3.31890354687689,0.004056002566695004,2.1134654754004134,4.764354117651741,3.804077484880572,0.41098014830906926,-0.9445078480288184,0.8074497219244456,4.764354117651741,32.999581669164414,0.13384638794999226,414,True
testis,raw,ENSG00000025293.17,PHF20,2.691791122559955,32.99968057020779,3.9494566423771587,0.3472348759762424,399.961140371021,3.31890354687689,0.004056002566695004,2.1134654754004134,4.764354117651741,3.804077484880572,0.41098014830906926,-0.9445078480288184,0.8074497219244456,4.764354117651741,32.999581669164414,0.13384638794999226,414,True
thyroid,excluded_at_or_below_-1,ENSG00000025293.17,PHF20,0.4980651901298894,61.94369406521813,2.9245666273355972,0.37640825806749706,392.40874234345205,3.043626740680992,0.009736933146570214,1.2482312067487564,3.734660852245274,2.9186530026952524,0.2901137727941263,-0.4580120003862276,1.8992665368466914,3.734660852245274,61.94350604441226,0.6031397772186101,684,True
thyroid,raw,ENSG00000025293.17,PHF20,0.4980651901298894,61.94369406521813,2.9245666273355972,0.37640825806749706,392.40874234345205,3.043626740680992,0.009736933146570214,1.2482312067487564,3.734660852245274,2.9186530026952524,0.2901137727941263,-0.4580120003862276,1.8992665368466914,3.734660852245274,61.94350604441226,0.6031397772186101,684,True
uterus,excluded_at_or_below_-1,ENSG00000025293.17,PHF20,0.19628670646791868,7.865515198709468,3.5198351960591223,0.418600297004888,123.71699590170056,2.2813493797116196,0.06610831275841682,2.606525139257224,4.19510345350443,3.519899829167107,0.30078784798782926,-0.1847454211604551,0.06976112615994579,4.19510345350443,7.7981194534902825,0.5155205197588301,153,True
uterus,raw,ENSG00000025293.17,PHF20,0.19628670646791868,7.865515198709468,3.5198351960591223,0.418600297004888,123.71699590170056,2.2813493797116196,0.06610831275841682,2.606525139257224,4.19510345350443,3.519899829167107,0.30078784798782926,-0.1847454211604551,0.06976112615994579,4.19510345350443,7.7981194534902825,0.5155205197588301,153,True
vagina,excluded_at_or_below_-1,ENSG00000025293.17,PHF20,-0.5915840601489759,8.177666712387389,3.020935270059617,0.7134585188813197,125.41030655097587,2.2560005462578028,0.0,2.1320338792058298,4.159068046574391,3.0437707532224736,0.4166801990946505,0.11218312138751452,-0.5587040294056624,4.159068046574391,7.535772751415276,0.0,170,True
vagina,raw,ENSG00000025293.17,PHF20,-0.5915840601489759,8.177666712387389,3.020935270059617,0.7134585188813197,125.41030655097587,2.2560005462578028,0.0,2.1320338792058298,4.159068046574391,3.0437707532224736,0.4166801990946505,0.11218312138751452,-0.5587040294056624,4.159068046574391,7.535772751415276,0.0,170,True
whole_blood,excluded_at_or_below_-1,ENSG00000025293.17,PHF20,1.3028848943445626,42.55230486763197,2.5751852317203707,1.057683095891046,1064.8631364519479,2.831367862378956,0.0,0.4629998398894579,4.692750786149224,2.636905999378776,0.7691710827408562,0.08828100260063657,-0.25690798030724693,4.692750786149224,41.77936435559735,0.0,803,True
whole_blood,raw,ENSG00000025293.17,PHF20,1.3028848943445626,42.55230486763197,2.5751852317203707,1.057683095891046,1064.8631364519479,2.831367862378956,0.0,0.4629998398894579,4.692750786149224,2.636905999378776,0.7691710827408562,0.08828100260063657,-0.25690798030724693,4.692750786149224,41.77936435559735,0.0,803,True
adipose_subcutaneous,excluded_at_or_below_-1,ENSG00000129292.21,PHF20L1,2.058883270255689,57.16553142394098,2.839880623190893,0.2836774686767363,786.0710816039332,3.9472337166806035,0.000411764875623371,1.8115182975417632,3.631657267691783,2.8269191036392387,0.24733560424452083,-0.37579646138846046,0.8914062010540191,3.631657267691783,57.164208353643104,0.02353821314284632,714,True
adipose_subcutaneous,raw,ENSG00000129292.21,PHF20L1,2.058883270255689,57.16553142394098,2.839880623190893,0.2836774686767363,786.0710816039332,3.9472337166806035,0.000411764875623371,1.8115182975417632,3.631657267691783,2.8269191036392387,0.24733560424452083,-0.37579646138846046,0.8914062010540191,3.631657267691783,57.164208353643104,0.02353821314284632,714,True
adipose_visceral_omentum,excluded_at_or_below_-1,ENSG00000129292.21,PHF20L1,0.6830361744520268,41.26408950192759,2.7105318422796105,0.4476884672888238,313.6139430460717,2.946112034835152,0.012986312060357524,1.306734698946444,3.6431635299034255,2.673671571736679,0.3398149850235413,-0.452078212230758,0.5292752700820129,3.6431635299034255,41.26184113669923,0.5358391451860735,587,True
adipose_visceral_omentum,raw,ENSG00000129292.21,PHF20L1,0.6830361744520268,41.26408950192759,2.7105318422796105,0.4476884672888238,313.6139430460717,2.946112034835152,0.012986312060357524,1.306734698946444,3.6431635299034255,2.673671571736679,0.3398149850235413,-0.452078212230758,0.5292752700820129,3.6431635299034255,41.26184113669923,0.5358391451860735,587,True
adrenal_gland,excluded_at_or_below_-1,ENSG00000129292.21,PHF20L1,1.0801792848672895,23.558462899567406,2.7175354860116223,0.4199965497989708,241.3770773742392,3.64815167340906,0.0012881320022558875,1.0153084423446148,3.800972356327056,2.705493122192874,0.399135103765021,-0.4270155039141778,1.4391445748737128,3.800972356327056,23.558458726273095,0.030346404609136846,295,True
adrenal_gland,raw,ENSG00000129292.21,PHF20L1,1.0801792848672895,23.558462899567406,2.7175354860116223,0.4199965497989708,241.3770773742392,3.64815167340906,0.0012881320022558875,1.0153084423446148,3.800972356327056,2.705493122192874,0.399135103765021,-0.4270155039141778,1.4391445748737128,3.800972356327056,23.558458726273095,0.030346404609136846,295,True
artery_aorta,excluded_at_or_below_-1,ENSG00000129292.21,PHF20L1,0.7281060398407616,38.173890855334825,2.9092010792303284,0.2804477714582351,447.55098255292006,3.411055364363488,0.0029735102399213154,1.872332347655312,3.5856356013623003,2.8956875938012008,0.22865975999125404,-0.37969524093595075,1.2740667310190705,3.5856356013623003,38.17288146276413,0.1135074539168317,472,True
artery_aorta,raw,ENSG00000129292.21,PHF20L1,0.7281060398407616,38.173890855334825,2.9092010792303284,0.2804477714582351,447.55098255292006,3.411055364363488,0.0029735102399213154,1.872332347655312,3.5856356013623003,2.8956875938012008,0.22865975999125404,-0.37969524093595075,1.2740667310190705,3.5856356013623003,38.17288146276413,0.1135074539168317,472,True
artery_coronary,excluded_at_or_below_-1,ENSG00000129292.21,PHF20L1,0.23949845366737768,19.985790799155748,2.9703366451207596,0.3710398577489502,190.26173791212844,2.8561400439031575,0.016921752419041057,1.6895228168483911,3.7196872550969697,2.9539979016970443,0.2809691405178133,-0.36629474957548686,0.9923589317623147,3.7196872550969697,19.985641909469418,0.33819208432765246,268,True
artery_coronary,raw,ENSG00000129292.21,PHF20L1,0.23949845366737768,19.985790799155748,2.9703366451207596,0.3710398577489502,190.26173791212844,2.8561400439031575,0.016921752419041057,1.6895228168483911,3.7196872550969697,2.9539979016970443,0.2809691405178133,-0.36629474957548686,0.9923589317623147,3.7196872550969697,19.985641909469418,0.33819208432765246,268,True
artery_tibial,excluded_at_or_below_-1,ENSG00000129292.21,PHF20L1,0.6818696858336587,70.67813413354222,3.057424682634685,0.34764237804777565,600.5130998771816,3.865486005684235,0.0005693651150692532,1.3831706557947596,4.007639546273466,3.0396049828226586,0.2818615186555934,-0.5913780601513781,3.158501977473332,4.007639546273466,70.67795550270012,0.04024156226765441,691,True
artery_tibial,raw,ENSG00000129292.21,PHF20L1,0.6818696858336587,70.67813413354222,3.057424682634685,0.34764237804777565,600.5130998771816,3.865486005684235,0.0005693651150692532,1.3831706557947596,4.007639546273466,3.0396049828226586,0.2818615186555934,-0.5913780601513781,3.158501977473332,4.007639546273466,70.67795550270012,0.04024156226765441,691,True
bladder,excluded_at_or_below_-1,ENSG00000129292.21,PHF20L1,0.15627939272359007,5.161763207464658,2.7496443072773253,0.3103334129881072,94.81982791174542,2.703688777634152,0.0258360843454999,1.7431357718459108,3.3429386924711046,2.7629129107219788,0.25730988889322565,-0.5871369348697574,2.0705086930886996,3.3429386924711046,5.161616054099888,0.13335594773281106,77,True
bladder,raw,ENSG00000129292.21,PHF20L1,0.15627939272359007,5.161763207464658,2.7496443072773253,0.3103334129881072,94.81982791174542,2.703688777634152,0.0258360843454999,1.7431357718459108,3.3429386924711046,2.7629129107219788,0.25730988889322565,-0.5871369348697574,2.0705086930886996,3.3429386924711046,5.161616054099888,0.13335594773281106,77,True
brain_amygdala,excluded_at_or_below_-1,ENSG00000129292.21,PHF20L1,0.05469039693598876,9.016347642681547,1.5419938153681592,0.7625658260484581,105.02382080787325,2.414991914650059,0.01858668432014726,0.1529881178104353,2.844194807702883,1.558807641723275,0.5233292335727432,0.08882523912681903,-0.2579906789978552,2.844194807702883,8.689663101410716,0.16151202491435274,181,True
brain_amygdala,raw,ENSG00000129292.21,PHF20L1,0.05469039693598876,9.016347642681547,1.5419938153681592,0.7625658260484581,105.02382080787325,2.414991914650059,0.01858668432014726,0.1529881178104353,2.844194807702883,1.558807641723275,0.5233292335727432,0.08882523912681903,-0.2579906789978552,2.844194807702883,8.689663101410716,0.16151202491435274,181,True
brain_anterior_cingulate_cortex_ba24,excluded_at_or_below_-1,ENSG00000129292.21,PHF20L1,0.2290954573712168,15.23839797017317,1.8378403917915067,0.7478194977195193,123.41198596855627,3.032474499385806,0.009304321588737785,-0.1634731102464761,3.441377238922713,1.786213010374384,0.5537082182222217,-0.2390846207837189,0.13685906513252322,3.441377238922713,15.226379650716062,0.14167113290247516,233,True
brain_anterior_cingulate_cortex_ba24,raw,ENSG00000129292.21,PHF20L1,0.2290954573712168,15.23839797017317,1.8378403917915067,0.7478194977195193,123.41198596855627,3.032474499385806,0.009304321588737785,-0.1634731102464761,3.441377238922713,1.786213010374384,0.5537082182222217,-0.2390846207837189,0.13685906513252322,3.441377238922713,15.226379650716062,0.14167113290247516,233,True
brain_caudate_basal_ganglia,excluded_at_or_below_-1,ENSG00000129292.21,PHF20L1,1.2878921388199607,17.742848363342226,1.9610735378233382,0.8043323440673534,336.6354228565791,3.345276416598346,0.003014298524878632,-0.2062597330375474,3.863695668812296,1.8388657980917082,0.6901424728602633,-0.34076558705376286,-0.0069725695918401165,3.863695668812296,17.730381808078874,0.053444663729627084,300,True
brain_caudate_basal_ganglia,raw,ENSG00000129292.21,PHF20L1,1.2878921388199607,17.742848363342226,1.9610735378233382,0.8043323440673534,336.6354228565791,3.345276416598346,0.003014298524878632,-0.2062597330375474,3.863695668812296,1.8388657980917082,0.6901424728602633,-0.34076558705376286,-0.0069725695918401165,3.863695668812296,17.730381808078874,0.053444663729627084,300,True
brain_cerebellar_hemisphere,excluded_at_or_below_-1,ENSG00000129292.21,PHF20L1,1.5568371469349764,21.39570771689981,3.2811571782979665,0.5001403748739095,409.8718152648974,3.4202662331441496,0.0028824680666695132,0.9586162796091782,4.490743397470427,3.0953904373257752,0.5971385494093425,-1.1453734472438326,1.5727031233819648,4.490743397470427,21.39565811901361,0.06167230129343504,277,True
brain_cerebellar_hemisphere,raw,ENSG00000129292.21,PHF20L1,1.5568371469349764,21.39570771689981,3.2811571782979665,0.5001403748739095,409.8718152648974,3.4202662331441496,0.0028824680666695132,0.9586162796091782,4.490743397470427,3.0953904373257752,0.5971385494093425,-1.1453734472438326,1.5727031233819648,4.490743397470427,21.39565811901361,0.06167230129343504,277,True
brain_cerebellum,excluded_at_or_below_-1,ENSG00000129292.21,PHF20L1,0.9543662356427963,22.706151826258715,3.2273551645566068,0.4290732704369901,182.68001159040776,3.9443350005382136,0.00041847674083287165,1.392333910627869,4.424068845862352,3.166385598737165,0.4236716915352367,-0.7188728998986742,1.7535313850769958,4.424068845862352,22.705532470567096,0.009501737227157858,266,True
brain_cerebellum,raw,ENSG00000129292.21,PHF20L1,0.9543662356427963,22.706151826258715,3.2273551645566068,0.4290732704369901,182.68001159040776,3.9443350005382136,0.00041847674083287165,1.392333910627869,4.424068845862352,3.166385598737165,0.4236716915352367,-0.7188728998986742,1.7535313850769958,4.424068845862352,22.705532470567096,0.009501737227157858,266,True
brain_cortex,excluded_at_or_below_-1,ENSG00000129292.21,PHF20L1,1.2987278212617537,18.850896995523765,2.0267570510683317,0.45693263373211734,359.04283825467013,3.117882103273977,0.00774576548529351,0.2359782078138221,3.0341452695242372,1.9502541050374365,0.4370239491241619,-0.5703999258857598,0.7080284088689708,3.0341452695242372,18.8506520186494,0.14601272978133295,270,True
brain_cortex,raw,ENSG00000129292.21,PHF20L1,1.2987278212617537,18.850896995523765,2.0267570510683317,0.45693263373211734,359.04283825467013,3.117882103273977,0.00774576548529351,0.2359782078138221,3.0341452695242372,1.9502541050374365,0.4370239491241619,-0.5703999258857598,0.7080284088689708,3.0341452695242372,18.8506520186494,0.14601272978133295,270,True
brain_frontal_cortex_ba9,excluded_at_or_below_-1,ENSG00000129292.21,PHF20L1,1.1580600652234245,18.756139117524576,2.1658044445313354,0.5366148693216286,262.25513419339575,4.176473193197359,5.2580261228289015e-05,0.546086941907098,3.750542193073467,2.090620121882442,0.5095893830693008,-0.3955945367550085,0.6244433667563598,3.750542193073467,18.75396786684518,0.0009860885295056576,269,True
brain_frontal_cortex_ba9,raw,ENSG00000129292.21,PHF20L1,1.1580600652234245,18.756139117524576,2.1658044445313354,0.5366148693216286,262.25513419339575,4.176473193197359,5.2580261228289015e-05,0.546086941907098,3.750542193073467,2.090620121882442,0.5095893830693008,-0.3955945367550085,0.6244433667563598,3.750542193073467,18.75396786684518,0.0009860885295056576,269,True
brain_hippocampus,excluded_at_or_below_-1,ENSG00000129292.21,PHF20L1,0.2663241843291594,13.484167091072148,1.6474523821551617,0.7907224062509192,200.25526218140786,2.674246930867954,0.009692044875001242,0.0677763720484927,3.142691166696798,1.6349988561156827,0.5639965818259306,-0.0459989348500545,-0.22720962017323343,3.142691166696798,13.234934238300362,0.12827357655529747,255,True
brain_hippocampus,raw,ENSG00000129292.21,PHF20L1,0.2663241843291594,13.484167091072148,1.6474523821551617,0.7907224062509192,200.25526218140786,2.674246930867954,0.009692044875001242,0.0677763720484927,3.142691166696798,1.6349988561156827,0.5639965818259306,-0.0459989348500545,-0.22720962017323343,3.142691166696798,13.234934238300362,0.12827357655529747,255,True
brain_hypothalamus,excluded_at_or_below_-1,ENSG00000129292.21,PHF20L1,0.8658809314419018,15.079548214831467,1.748033132280895,0.669078218316113,225.96249260235777,3.0445857359766895,0.008820761678760398,-0.0244329077881217,3.1884563144201428,1.683695635401031,0.5483444056670763,-0.2654472734610102,0.01931327537194516,3.1884563144201428,15.065841882040063,0.13289220073136243,257,True
brain_hypothalamus,raw,ENSG00000129292.21,PHF20L1,0.8658809314419018,15.079548214831467,1.748033132280895,0.669078218316113,225.96249260235777,3.0445857359766895,0.008820761678760398,-0.0244329077881217,3.1884563144201428,1.683695635401031,0.5483444056670763,-0.2654472734610102,0.01931327537194516,3.1884563144201428,15.065841882040063,0.13289220073136243,257,True
brain_nucleus_accumbens_basal_ganglia,excluded_at_or_below_-1,ENSG00000129292.21,PHF20L1,1.9345514600141354,15.890477546171386,2.277676070109305,0.7350332700088497,272.7306226995629,2.8877318260490097,0.015448859682054665,-0.2023403415459733,3.77856605128561,2.0633822441338596,0.7262954593100588,-0.5624284697633829,0.04448920979726134,3.77856605128561,15.89026195658307,0.24548642727834324,285,True
brain_nucleus_accumbens_basal_ganglia,raw,ENSG00000129292.21,PHF20L1,1.9345514600141354,15.890477546171386,2.277676070109305,0.7350332700088497,272.7306226995629,2.8877318260490097,0.015448859682054665,-0.2023403415459733,3.77856605128561,2.0633822441338596,0.7262954593100588,-0.5624284697633829,0.04448920979726134,3.77856605128561,15.89026195658307,0.24548642727834324,285,True
brain_putamen_basal_ganglia,excluded_at_or_below_-1,ENSG00000129292.21,PHF20L1,-1.097249937571721,14.324905470265785,1.6565755044483825,1.1470192740940408,215.74282391545586,2.6200042664701204,0.0,-0.041048964337077,3.781569544815974,1.633565803376451,0.6817231888168027,-0.01150799386377706,-0.31736669272315865,3.781569544815974,13.861990214387875,0.0,254,True
brain_putamen_basal_ganglia,raw,ENSG00000129292.21,PHF20L1,-1.097249937571721,14.324905470265785,1.6565755044483825,1.1470192740940408,215.74282391545586,2.6200042664701204,0.0,-0.041048964337077,3.781569544815974,1.633565803376451,0.6817231888168027,-0.01150799386377706,-0.31736669272315865,3.781569544815974,13.861990214387875,0.0,254,True
brain_spinal_cord_cervical_c-1,excluded_at_or_below_-1,ENSG00000129292.21,PHF20L1,1.2708682105136762,8.878348560946042,2.235530867173956,0.6844240859311395,271.65951596605726,2.0298793309914442,0.12634541294495294,0.464851205862389,3.217913120200186,2.07580416261224,0.5830338131391982,-0.6452677385113332,-0.0004112177733390787,3.217913120200186,8.867318288009226,1.1203449908128589,204,True
brain_spinal_cord_cervical_c-1,raw,ENSG00000129292.21,PHF20L1,1.2708682105136762,8.878348560946042,2.235530867173956,0.6844240859311395,271.65951596605726,2.0298793309914442,0.12634541294495294,0.464851205862389,3.217913120200186,2.07580416261224,0.5830338131391982,-0.6452677385113332,-0.0004112177733390787,3.217913120200186,8.867318288009226,1.1203449908128589,204,True
brain_substantia_nigra,excluded_at_or_below_-1,ENSG00000129292.21,PHF20L1,1.0698204525187938,7.766262824281065,1.6500348726764618,0.6364787065912316,162.6156624984106,2.635550915542056,0.015650962338169108,0.351944873222604,2.8361867259119045,1.61997322303157,0.5154855845939554,0.013576449365414656,-0.4253828107000879,2.8361867259119045,7.644990636993432,0.11965146053523967,183,True
brain_substantia_nigra,raw,ENSG00000129292.21,PHF20L1,1.0698204525187938,7.766262824281065,1.6500348726764618,0.6364787065912316,162.6156624984106,2.635550915542056,0.015650962338169108,0.351944873222604,2.8361867259119045,1.61997322303157,0.5154855845939554,0.013576449365414656,-0.4253828107000879,2.8361867259119045,7.644990636993432,0.11965146053523967,183,True
breast_mammary_tissue,excluded_at_or_below_-1,ENSG00000129292.21,PHF20L1,-0.6491581693183481,27.19380069274143,2.7694213987637815,0.5378516796118438,403.2171497034938,2.1845803093049994,0.07243835141635002,1.7127036208969848,3.600257857887396,2.748951054921426,0.34937970258839435,-0.20972803401300602,-0.2638367459053086,3.600257857887396,26.620802142634513,1.9283670205932824,514,True
breast_mammary_tissue,raw,ENSG00000129292.21,PHF20L1,-0.6491581693183481,27.19380069274143,2.7694213987637815,0.5378516796118438,403.2171497034938,2.1845803093049994,0.07243835141635002,1.7127036208969848,3.600257857887396,2.748951054921426,0.34937970258839435,-0.20972803401300602,-0.2638367459053086,3.600257857887396,26.620802142634513,1.9283670205932824,514,True
cells_cultured_fibroblasts,excluded_at_or_below_-1,ENSG00000129292.21,PHF20L1,2.0823082452649215,56.8679113160441,3.3422007556829265,0.22983019704577604,400.43029203938613,3.91611266088852,0.0004675585898291747,2.3493242270139327,3.9786258108882873,3.3130969210901093,0.21479317324694436,-0.6522288884485461,1.4568722355217671,3.9786258108882873,56.867906545396885,0.02658907819090306,652,True
cells_cultured_fibroblasts,raw,ENSG00000129292.21,PHF20L1,2.0823082452649215,56.8679113160441,3.3422007556829265,0.22983019704577604,400.43029203938613,3.91611266088852,0.0004675585898291747,2.3493242270139327,3.9786258108882873,3.3130969210901093,0.21479317324694436,-0.6522288884485461,1.4568722355217671,3.9786258108882873,56.867906545396885,0.02658907819090306,652,True
cells_ebv-transformed_lymphocytes,excluded_at_or_below_-1,ENSG00000129292.21,PHF20L1,0.541698553931302,22.016941703402114,2.6600616974749727,0.3272639645704727,405.46437129843815,2.758315497373982,0.02222931411995457,1.6300932265588033,3.2983650550612413,2.6021787917371197,0.2593480469836091,-0.7489751711248709,0.6614533751245104,3.2983650550612413,22.01578757657082,0.48939585763778615,327,True
cells_ebv-transformed_lymphocytes,raw,ENSG00000129292.21,PHF20L1,0.541698553931302,22.016941703402114,2.6600616974749727,0.3272639645704727,405.46437129843815,2.758315497373982,0.02222931411995457,1.6300932265588033,3.2983650550612413,2.6021787917371197,0.2593480469836091,-0.7489751711248709,0.6614533751245104,3.2983650550612413,22.01578757657082,0.48939585763778615,327,True
cervix_ectocervix,excluded_at_or_below_-1,ENSG00000129292.21,PHF20L1,0.3668388680228741,0.9045473617064305,2.971275121913566,0.17086857028513275,15.809087814420998,5.715028057462057,0.0,2.4868816696241427,3.661778097771987,2.996417039030371,0.30084179854626936,0.22488032010328307,-0.24745004260102554,3.661778097771987,0.9045470917858508,0.0,24,True
cervix_ectocervix,raw,ENSG00000129292.21,PHF20L1,0.3668388680228741,0.9045473617064305,2.971275121913566,0.17086857028513275,15.809087814420998,5.715028057462057,0.0,2.4868816696241427,3.661778097771987,2.996417039030371,0.30084179854626936,0.22488032010328307,-0.24745004260102554,3.661778097771987,0.9045470917858508,0.0,24,True
cervix_endocervix,excluded_at_or_below_-1,ENSG00000129292.21,PHF20L1,0.3778532960213631,4.654815714244736,3.198222282863719,0.024356905956814487,8.80701015618914,33.29890749441368,0.0,2.75215983458842,3.7717271479599903,3.223415794911765,0.23158534969002312,0.23703912860950807,0.13996409698957457,3.7717271479599903,4.65472397531509,0.0,23,True
cervix_endocervix,raw,ENSG00000129292.21,PHF20L1,0.3778532960213631,4.654815714244736,3.198222282863719,0.024356905956814487,8.80701015618914,33.29890749441368,0.0,2.75215983458842,3.7717271479599903,3.223415794911765,0.23158534969002312,0.23703912860950807,0.13996409698957457,3.7717271479599903,4.65472397531509,0.0,23,True
colon_sigmoid,excluded_at_or_below_-1,ENSG00000129292.21,PHF20L1,1.4518973001995104,27.512456954140628,2.8413032697608887,0.34796794254782654,294.9937754432443,3.0406061783012954,0.009800996388534574,1.7110741510211942,3.589445915335789,2.7985782472019984,0.3029391014774922,-0.4754640134534125,0.5936207582963609,3.589445915335789,27.511337698249392,0.26963852142429734,419,True
colon_sigmoid,raw,ENSG00000129292.21,PHF20L1,1.4518973001995104,27.512456954140628,2.8413032697608887,0.34796794254782654,294.9937754432443,3.0406061783012954,0.009800996388534574,1.7110741510211942,3.589445915335789,2.7985782472019984,0.3029391014774922,-0.4754640134534125,0.5936207582963609,3.589445915335789,27.511337698249392,0.26963852142429734,419,True
colon_transverse,excluded_at_or_below_-1,ENSG00000129292.21,PHF20L1,-7.278480094732122,30.05566822228476,2.3563330578287554,0.9782214548852929,534.541955796753,1.6583495152901577,0.12719613670962837,0.9943950763971644,3.503425066219129,2.363465764258741,0.4623828981212229,-0.026060966302915985,-0.677606383240732,3.503425066219129,25.72956216808328,3.272700907010403,479,True
colon_transverse,raw,ENSG00000129292.21,PHF20L1,-7.278480094732122,30.05566822228476,2.3563330578287554,0.9782214548852929,534.541955796753,1.6583495152901577,0.12719613670962837,0.9943950763971644,3.503425066219129,2.363465764258741,0.4623828981212229,-0.026060966302915985,-0.677606383240732,3.503425066219129,25.72956216808328,3.272700907010403,479,True
esophagus_gastroesophageal_junction,excluded_at_or_below_-1,ENSG00000129292.21,PHF20L1,1.3098074574346308,27.943297693169512,2.790926354671416,0.3415585542363116,255.6771344326388,2.811994838951105,0.0191829310036534,1.5447623254484315,3.4700747642655267,2.7493640224335185,0.3101994628502885,-0.8479144705692778,1.6388290992086452,3.4700747642655267,27.943035317485485,0.5360293185279743,403,True
esophagus_gastroesophageal_junction,raw,ENSG00000129292.21,PHF20L1,1.3098074574346308,27.943297693169512,2.790926354671416,0.3415585542363116,255.6771344326388,2.811994838951105,0.0191829310036534,1.5447623254484315,3.4700747642655267,2.7493640224335185,0.3101994628502885,-0.8479144705692778,1.6388290992086452,3.4700747642655267,27.943035317485485,0.5360293185279743,403,True
esophagus_mucosa,excluded_at_or_below_-1,ENSG00000129292.21,PHF20L1,2.0083116723679013,54.84063018892504,2.5126750696981004,0.35199619234837765,394.4283957729127,4.601085053708537,2.5206743260846803e-05,1.0933742498729009,3.6578800533490528,2.4620395527241237,0.3453569452365004,-0.839095280669196,2.0704370730575867,3.6578800533490528,54.83868333049652,0.001382304611474705,614,True
esophagus_mucosa,raw,ENSG00000129292.21,PHF20L1,2.0083116723679013,54.84063018892504,2.5126750696981004,0.35199619234837765,394.4283957729127,4.601085053708537,2.5206743260846803e-05,1.0933742498729009,3.6578800533490528,2.4620395527241237,0.3453569452365004,-0.839095280669196,2.0704370730575867,3.6578800533490528,54.83868333049652,0.001382304611474705,614,True
esophagus_muscularis,excluded_at_or_below_-1,ENSG00000129292.21,PHF20L1,0.7237379642487217,43.020523118657465,2.800173014030912,0.3859334839894766,582.4796511569434,3.6171555415505683,0.0013996862722072732,1.57517676907993,3.7872809568651977,2.76169514129477,0.3084685581966148,-0.6240138276870871,1.01787856678704,3.7872809568651977,43.01837532461955,0.06021222939453008,561,True
esophagus_muscularis,raw,ENSG00000129292.21,PHF20L1,0.7237379642487217,43.020523118657465,2.800173014030912,0.3859334839894766,582.4796511569434,3.6171555415505683,0.0013996862722072732,1.57517676907993,3.7872809568651977,2.76169514129477,0.3084685581966148,-0.6240138276870871,1.01787856678704,3.7872809568651977,43.01837532461955,0.06021222939453008,561,True
fallopian_tube,excluded_at_or_below_-1,ENSG00000129292.21,PHF20L1,0.1451951254132735,1.2275335942939798,3.0110341824110662,0.24240390286945088,21.086799792119134,2.393485550077784,0.04087278968220103,2.5211387034288943,3.4212906346451346,3.0022224816077507,0.1959896728588398,-0.24246549593222153,0.005646296006137419,3.4212906346451346,1.2068701105016837,0.04932814820027004,29,True
fallopian_tube,raw,ENSG00000129292.21,PHF20L1,0.1451951254132735,1.2275335942939798,3.0110341824110662,0.24240390286945088,21.086799792119134,2.393485550077784,0.04087278968220103,2.5211387034288943,3.4212906346451346,3.0022224816077507,0.1959896728588398,-0.24246549593222153,0.005646296006137419,3.4212906346451346,1.2068701105016837,0.04932814820027004,29,True
heart_atrial_appendage,excluded_at_or_below_-1,ENSG00000129292.21,PHF20L1,0.43792812087044525,33.13183816403934,2.0123956840385393,0.5631535464495168,376.5970403382671,2.9081215476707305,0.01454412376413323,0.1929516180698496,3.170437868508108,1.9832013452633388,0.43209768227709927,-0.5209800704640375,1.0165359408428554,3.170437868508108,33.130865421781685,0.4818594071072349,461,True
heart_atrial_appendage,raw,ENSG00000129292.21,PHF20L1,0.43792812087044525,33.13183816403934,2.0123956840385393,0.5631535464495168,376.5970403382671,2.9081215476707305,0.01454412376413323,0.1929516180698496,3.170437868508108,1.9832013452633388,0.43209768227709927,-0.5209800704640375,1.0165359408428554,3.170437868508108,33.130865421781685,0.4818594071072349,461,True
heart_left_ventricle,excluded_at_or_below_-1,ENSG00000129292.21,PHF20L1,5.693359327524273,19.874350174274692,2.0935407947250764,0.6597760796748922,667.4095362962637,3.505654970294369,0.002144097471531022,-0.4153943699871206,3.729041510127933,1.7061964720858889,0.86807257288305,-0.4484101630605183,-0.6593919058984978,3.729041510127933,19.874022871080708,0.042611842187033844,452,True
heart_left_ventricle,raw,ENSG00000129292.21,PHF20L1,5.693359327524273,19.874350174274692,2.0935407947250764,0.6597760796748922,667.4095362962637,3.505654970294369,0.002144097471531022,-0.4153943699871206,3.729041510127933,1.7061964720858889,0.86807257288305,-0.4484101630605183,-0.6593919058984978,3.729041510127933,19.874022871080708,0.042611842187033844,452,True
kidney_cortex,excluded_at_or_below_-1,ENSG00000129292.21,PHF20L1,0.9832547626552016,3.700355095429364,1.3928535607072545,0.6794072566322935,98.79303262734463,3.8350110302927845,0.0,0.6406671971795861,3.235244549288666,1.640144819994971,0.5994243881753553,0.5360932361050283,-0.4547785342726507,3.235244549288666,3.6979679801901604,0.0,104,True
kidney_cortex,raw,ENSG00000129292.21,PHF20L1,0.9832547626552016,3.700355095429364,1.3928535607072545,0.6794072566322935,98.79303262734463,3.8350110302927845,0.0,0.6406671971795861,3.235244549288666,1.640144819994971,0.5994243881753553,0.5360932361050283,-0.4547785342726507,3.235244549288666,3.6979679801901604,0.0,104,True
kidney_medulla,excluded_at_or_below_-1,ENSG00000129292.21,PHF20L1,0.2564102564102564,1.3411826296833829,1.0666714399240949,0.0009827730844504056,7.435897435901502,2144.1722331957153,0.0,1.048574495642144,2.5567114277139593,1.9895216672744231,0.5135327934726691,-0.6707569933400913,-0.9443519022179223,2.5567114277139593,1.0642427307440179,0.0,11,True
kidney_medulla,raw,ENSG00000129292.21,PHF20L1,0.2564102564102564,1.3411826296833829,1.0666714399240949,0.0009827730844504056,7.435897435901502,2144.1722331957153,0.0,1.048574495642144,2.5567114277139593,1.9895216672744231,0.5135327934726691,-0.6707569933400913,-0.9443519022179223,2.5567114277139593,1.0642427307440179,0.0,11,True
liver,excluded_at_or_below_-1,ENSG00000129292.21,PHF20L1,0.8007097549839354,23.535214280194996,1.5121372215273403,0.38405406589722946,198.7040338817837,3.865888693578832,0.0005684850260323959,-0.224444550923844,2.561985922301846,1.5003093637117724,0.3563408159538773,-0.4603139185579026,2.219079730116749,2.561985922301846,23.534874611964753,0.013379223806451956,262,True
liver,raw,ENSG00000129292.21,PHF20L1,0.8007097549839354,23.535214280194996,1.5121372215273403,0.38405406589722946,198.7040338817837,3.865888693578832,0.0005684850260323959,-0.224444550923844,2.561985922301846,1.5003093637117724,0.3563408159538773,-0.4603139185579026,2.219079730116749,2.561985922301846,23.534874611964753,0.013379223806451956,262,True
lung,excluded_at_or_below_-1,ENSG00000129292.21,PHF20L1,0.7649262096648285,40.50696306011186,3.0368197022831462,0.42376698933637463,537.9132307604659,3.3773359919774335,0.002282389683023043,1.9273977751798577,4.048833406137075,3.0487746071546713,0.32248457915071366,0.028452961743495528,0.2181397356973478,4.048833406137075,40.46403624566095,0.09235469886056702,604,True
lung,raw,ENSG00000129292.21,PHF20L1,0.7649262096648285,40.50696306011186,3.0368197022831462,0.42376698933637463,537.9132307604659,3.3773359919774335,0.002282389683023043,1.9273977751798577,4.048833406137075,3.0487746071546713,0.32248457915071366,0.028452961743495528,0.2181397356973478,4.048833406137075,40.46403624566095,0.09235469886056702,604,True
minor_salivary_gland,excluded_at_or_below_-1,ENSG00000129292.21,PHF20L1,0.46186216571450334,11.183688691568463,2.64175300221706,0.438870584937611,182.06773469846937,3.199377809453739,0.004907117985612863,1.495206507620528,3.634610692193692,2.590933604613938,0.35340203177231483,-0.35751707645298925,0.34465707972214377,3.634610692193692,11.171541424990629,0.05482007185359067,181,True
minor_salivary_gland,raw,ENSG00000129292.21,PHF20L1,0.46186216571450334,11.183688691568463,2.64175300221706,0.438870584937611,182.06773469846937,3.199377809453739,0.004907117985612863,1.495206507620528,3.634610692193692,2.590933604613938,0.35340203177231483,-0.35751707645298925,0.34465707972214377,3.634610692193692,11.171541424990629,0.05482007185359067,181,True
muscle_skeletal,excluded_at_or_below_-1,ENSG00000129292.21,PHF20L1,-0.9842977231616615,54.863317414571114,2.305860818712706,0.6846664491478469,485.49586602973716,2.587707063149142,0.034436150179996475,0.4675820755320301,3.558653362568763,2.3037010194811716,0.4548972660488347,-0.13607429213429248,0.08885441744536138,3.558653362568763,54.82255391067055,1.8878776997188043,818,True
muscle_skeletal,raw,ENSG00000129292.21,PHF20L1,-0.9842977231616615,54.863317414571114,2.305860818712706,0.6846664491478469,485.49586602973716,2.587707063149142,0.034436150179996475,0.4675820755320301,3.558653362568763,2.3037010194811716,0.4548972660488347,-0.13607429213429248,0.08885441744536138,3.558653362568763,54.82255391067055,1.8878776997188043,818,True
nerve_tibial,excluded_at_or_below_-1,ENSG00000129292.21,PHF20L1,1.3023116194730373,50.42497548752858,3.30557354271372,0.3204166171211996,915.3088649769797,3.850574802929687,0.0005186742403117317,2.324273452287595,4.177993511771664,3.2955739836294913,0.2597080774912584,-0.12139356652394384,0.6959781393152427,4.177993511771664,50.42067784902595,0.02615190677934609,670,True
nerve_tibial,raw,ENSG00000129292.21,PHF20L1,1.3023116194730373,50.42497548752858,3.30557354271372,0.3204166171211996,915.3088649769797,3.850574802929687,0.0005186742403117317,2.324273452287595,4.177993511771664,3.2955739836294913,0.2597080774912584,-0.12139356652394384,0.6959781393152427,4.177993511771664,50.42067784902595,0.02615190677934609,670,True
ovary,excluded_at_or_below_-1,ENSG00000129292.21,PHF20L1,0.8128362048960126,12.006798964004982,3.3326137135738048,0.3184450148923394,172.34979280558528,2.5662319856091083,0.03714470432603895,2.2299447072440524,3.910464050055656,3.2682551195014904,0.27850819027018914,-0.6495365330681935,0.5047590123734924,3.910464050055656,12.006723469918725,0.4459861932146435,193,True
ovary,raw,ENSG00000129292.21,PHF20L1,0.8128362048960126,12.006798964004982,3.3326137135738048,0.3184450148923394,172.34979280558528,2.5662319856091083,0.03714470432603895,2.2299447072440524,3.910464050055656,3.2682551195014904,0.27850819027018914,-0.6495365330681935,0.5047590123734924,3.910464050055656,12.006723469918725,0.4459861932146435,193,True
pancreas,excluded_at_or_below_-1,ENSG00000129292.21,PHF20L1,0.5055304878091091,28.83055492851047,1.227507002428214,0.4335105614822456,204.4462397056186,4.1265605907975145,0.00011611502202488321,-0.1001213720365052,2.492455696390174,1.223817730578449,0.3441036453722338,-0.0632010454057657,0.8761190238357686,2.492455696390174,28.827926239580083,0.00334735529024055,362,True
pancreas,raw,ENSG00000129292.21,PHF20L1,0.5055304878091091,28.83055492851047,1.227507002428214,0.4335105614822456,204.4462397056186,4.1265605907975145,0.00011611502202488321,-0.1001213720365052,2.492455696390174,1.223817730578449,0.3441036453722338,-0.0632010454057657,0.8761190238357686,2.492455696390174,28.827926239580083,0.00334735529024055,362,True
pituitary,excluded_at_or_below_-1,ENSG00000129292.21,PHF20L1,0.42891729281887503,23.779454954818522,2.982246232245159,0.37218030765094395,180.13701935428293,2.6192361518218923,0.032380709878826415,1.5598392907722802,3.6715538041226017,2.949052274708138,0.2967381947199156,-0.7051782571612709,1.58635389421368,3.6715538041226017,23.778964946322258,0.7699797651456443,313,True
pituitary,raw,ENSG00000129292.21,PHF20L1,0.42891729281887503,23.779454954818522,2.982246232245159,0.37218030765094395,180.13701935428293,2.6192361518218923,0.032380709878826415,1.5598392907722802,3.6715538041226017,2.949052274708138,0.2967381947199156,-0.7051782571612709,1.58635389421368,3.6715538041226017,23.778964946322258,0.7699797651456443,313,True
prostate,excluded_at_or_below_-1,ENSG00000129292.21,PHF20L1,0.8680621154362066,16.469431593982325,2.7804383588421615,0.42309439278345223,179.32711966837547,2.8990186515699,0.01414311000282701,1.6537433578238896,3.647746217208097,2.7382238440599678,0.34521954997331367,-0.35240483220226554,0.21917683182040948,3.647746217208097,16.4555108276166,0.2327320997876925,282,True
prostate,raw,ENSG00000129292.21,PHF20L1,0.8680621154362066,16.469431593982325,2.7804383588421615,0.42309439278345223,179.32711966837547,2.8990186515699,0.01414311000282701,1.6537433578238896,3.647746217208097,2.7382238440599678,0.34521954997331367,-0.35240483220226554,0.21917683182040948,3.647746217208097,16.4555108276166,0.2327320997876925,282,True
skin_not_sun_exposed_suprapubic,excluded_at_or_below_-1,ENSG00000129292.21,PHF20L1,0.27127243870381296,38.547857597356646,2.433730633657684,0.51678138537698,471.54535010104934,2.2530953652924626,0.07806530538334122,1.077608754388112,3.257055890352622,2.4011164886846874,0.364608973875249,-0.4139752931168209,0.23448834176701538,3.257055890352622,38.50831933052967,3.006163708337021,651,True
skin_not_sun_exposed_suprapubic,raw,ENSG00000129292.21,PHF20L1,0.27127243870381296,38.547857597356646,2.433730633657684,0.51678138537698,471.54535010104934,2.2530953652924626,0.07806530538334122,1.077608754388112,3.257055890352622,2.4011164886846874,0.364608973875249,-0.4139752931168209,0.23448834176701538,3.257055890352622,38.50831933052967,3.006163708337021,651,True
skin_sun_exposed_lower_leg,excluded_at_or_below_-1,ENSG00000129292.21,PHF20L1,0.5665544431942812,48.60966667910242,2.499249865585366,0.5751067862062478,328.2411535920646,2.27339484293062,0.0753758685170553,0.7446175179143668,3.423752951032908,2.4553220935565094,0.4163687401696109,-0.5025235685834228,0.5815296489108901,3.423752951032908,48.60499520239758,3.6636437276480236,754,True
skin_sun_exposed_lower_leg,raw,ENSG00000129292.21,PHF20L1,0.5665544431942812,48.60966667910242,2.499249865585366,0.5751067862062478,328.2411535920646,2.27339484293062,0.0753758685170553,0.7446175179143668,3.423752951032908,2.4553220935565094,0.4163687401696109,-0.5025235685834228,0.5815296489108901,3.423752951032908,48.60499520239758,3.6636437276480236,754,True
small_intestine_terminal_ileum,excluded_at_or_below_-1,ENSG00000129292.21,PHF20L1,0.7077330428651096,10.124896177726873,2.582246286717868,0.4892221173668368,160.58481438356188,3.2032066858221473,0.0,1.7410440934313525,3.6903388682738743,2.618749402656987,0.38200886069236634,0.30628865161156565,-0.03428881252245164,3.6903388682738743,10.064898455749749,0.0,207,True
small_intestine_terminal_ileum,raw,ENSG00000129292.21,PHF20L1,0.7077330428651096,10.124896177726873,2.582246286717868,0.4892221173668368,160.58481438356188,3.2032066858221473,0.0,1.7410440934313525,3.6903388682738743,2.618749402656987,0.38200886069236634,0.30628865161156565,-0.03428881252245164,3.6903388682738743,10.064898455749749,0.0,207,True
spleen,excluded_at_or_below_-1,ENSG00000129292.21,PHF20L1,0.827958917458361,17.086893480924996,2.914957753582401,0.3859729812550042,215.72960701518957,3.4220522777450606,0.0013303678659280938,1.9325676891651515,3.84891833407306,2.9090271811907673,0.31769118134205954,-0.14844359568453955,0.2708278140960294,3.84891833407306,17.06063254129787,0.02269691730534984,277,True
spleen,raw,ENSG00000129292.21,PHF20L1,0.827958917458361,17.086893480924996,2.914957753582401,0.3859729812550042,215.72960701518957,3.4220522777450606,0.0013303678659280938,1.9325676891651515,3.84891833407306,2.9090271811907673,0.31769118134205954,-0.14844359568453955,0.2708278140960294,3.84891833407306,17.06063254129787,0.02269691730534984,277,True
stomach,excluded_at_or_below_-1,ENSG00000129292.21,PHF20L1,5.415414848026248,17.058184432351844,1.9289270349680736,0.38964171327183394,569.0650073642619,5.449529987478508,0.0,0.9557033719732532,3.4303722603159974,2.11912691219457,0.5176186791792395,0.31377014454659413,-0.6463234883986737,3.4303722603159974,17.057825926657088,0.0,407,True
stomach,raw,ENSG00000129292.21,PHF20L1,5.415414848026248,17.058184432351844,1.9289270349680736,0.38964171327183394,569.0650073642619,5.449529987478508,0.0,0.9557033719732532,3.4303722603159974,2.11912691219457,0.5176186791792395,0.31377014454659413,-0.6463234883986737,3.4303722603159974,17.057825926657088,0.0,407,True
testis,excluded_at_or_below_-1,ENSG00000129292.21,PHF20L1,0.14348735311196092,25.420154127953623,2.843028789974796,0.31084111106263124,405.44298322454347,3.0018989983525484,0.005631370940071897,2.1333152740379204,3.5028397582559316,2.846840712607302,0.2247298054241292,-0.03458795339289565,0.21740305362649437,3.5028397582559316,25.2815012190096,0.1423695112861229,414,True
testis,raw,ENSG00000129292.21,PHF20L1,0.14348735311196092,25.420154127953623,2.843028789974796,0.31084111106263124,405.44298322454347,3.0018989983525484,0.005631370940071897,2.1333152740379204,3.5028397582559316,2.846840712607302,0.2247298054241292,-0.03458795339289565,0.21740305362649437,3.5028397582559316,25.2815012190096,0.1423695112861229,414,True
thyroid,excluded_at_or_below_-1,ENSG00000129292.21,PHF20L1,1.3249890844941958,50.128855526682486,3.7442626949349367,0.5281427167273787,617.8518889085543,3.647781879801313,0.0012001140617739143,2.13223792580772,5.10653886261244,3.7768543243567376,0.42406835257046843,0.07909975281564485,0.6366360816305772,5.10653886261244,50.123799442986915,0.06015427654106409,684,True
thyroid,raw,ENSG00000129292.21,PHF20L1,1.3249890844941958,50.128855526682486,3.7442626949349367,0.5281427167273787,617.8518889085543,3.647781879801313,0.0012001140617739143,2.13223792580772,5.10653886261244,3.7768543243567376,0.42406835257046843,0.07909975281564485,0.6366360816305772,5.10653886261244,50.123799442986915,0.06015427654106409,684,True
uterus,excluded_at_or_below_-1,ENSG00000129292.21,PHF20L1,0.20379772006201455,8.567929054758102,3.339168941666466,0.37476506389980185,137.0822796579403,2.370933515132199,0.058149553662375654,2.4100249037268826,3.967463757910271,3.322094067530202,0.2756499705044453,-0.2933952470714432,0.1799215817315245,3.967463757910271,8.549538904582706,0.4971518713206004,153,True
uterus,raw,ENSG00000129292.21,PHF20L1,0.20379772006201455,8.567929054758102,3.339168941666466,0.37476506389980185,137.0822796579403,2.370933515132199,0.058149553662375654,2.4100249037268826,3.967463757910271,3.322094067530202,0.2756499705044453,-0.2933952470714432,0.1799215817315245,3.967463757910271,8.549538904582706,0.4971518713206004,153,True
vagina,excluded_at_or_below_-1,ENSG00000129292.21,PHF20L1,0.8629302940722804,11.155077050158797,3.0151291122436374,0.2762127519054959,107.44445020245205,3.4625468255880874,0.002481800319838936,2.0794497960477814,3.691405745945591,2.9828720919013096,0.2800238019396098,-0.683147869386749,1.1054145435864768,3.691405745945591,11.154863883426493,0.027684144753647666,170,True
vagina,raw,ENSG00000129292.21,PHF20L1,0.8629302940722804,11.155077050158797,3.0151291122436374,0.2762127519054959,107.44445020245205,3.4625468255880874,0.002481800319838936,2.0794497960477814,3.691405745945591,2.9828720919013096,0.2800238019396098,-0.683147869386749,1.1054145435864768,3.691405745945591,11.154863883426493,0.027684144753647666,170,True
whole_blood,excluded_at_or_below_-1,ENSG00000129292.21,PHF20L1,0.38129596276276173,40.81257235637304,2.7289572548333094,1.2537177942811373,1027.3139727910107,1.9251786679148173,0.15029524661174448,-0.0409524858812925,4.435651927655647,2.6270603516122377,0.8351838242463331,-0.33905758526698343,-0.3210346491753726,4.435651927655647,40.50271243818359,6.087365154341374,803,True
whole_blood,raw,ENSG00000129292.21,PHF20L1,0.38129596276276173,40.81257235637304,2.7289572548333094,1.2537177942811373,1027.3139727910107,1.9251786679148173,0.15029524661174448,-0.0409524858812925,4.435651927655647,2.6270603516122377,0.8351838242463331,-0.33905758526698343,-0.3210346491753726,4.435651927655647,40.50271243818359,6.087365154341374,803,True
adipose_subcutaneous,excluded_at_or_below_-1,ENSG00000135365.17,PHF21A,1.5292333860816378,59.31138557045286,3.019410694451486,0.4702665506854955,890.19401691492,4.325129536270972,7.596168656321969e-05,1.4285444238751466,4.457640253555028,3.004371538242402,0.39436909200886006,-0.014479768530684427,0.9418123704251156,4.457640253555028,59.30960771740359,0.004505257831616927,714,True
adipose_subcutaneous,raw,ENSG00000135365.17,PHF21A,1.5292333860816378,59.31138557045286,3.019410694451486,0.4702665506854955,890.19401691492,4.325129536270972,7.596168656321969e-05,1.4285444238751466,4.457640253555028,3.004371538242402,0.39436909200886006,-0.014479768530684427,0.9418123704251156,4.457640253555028,59.30960771740359,0.004505257831616927,714,True
adipose_visceral_omentum,excluded_at_or_below_-1,ENSG00000135365.17,PHF21A,1.344834629170113,35.18574514255297,2.826197446315181,0.6884128647798172,656.3350239471847,3.4485823008031953,0.0,1.2875639012771725,4.504903183757815,2.805501416504722,0.5341762950714285,-0.0037737277564260023,0.02586239125586909,4.504903183757815,35.09326758777396,0.0,587,True
adipose_visceral_omentum,raw,ENSG00000135365.17,PHF21A,1.344834629170113,35.18574514255297,2.826197446315181,0.6884128647798172,656.3350239471847,3.4485823008031953,0.0,1.2875639012771725,4.504903183757815,2.805501416504722,0.5341762950714285,-0.0037737277564260023,0.02586239125586909,4.504903183757815,35.09326758777396,0.0,587,True
adrenal_gland,excluded_at_or_below_-1,ENSG00000135365.17,PHF21A,1.604219496052743,34.69693490616364,3.10475956884425,0.28271608174029106,196.13704098264625,6.810494342466337,8.474261513947405e-11,1.4533674415681626,4.466248615792407,3.0553480124661037,0.3978752276281166,-0.614443211826233,2.8921908018082068,4.466248615792407,34.69582256230683,2.9402147383450483e-09,295,True
adrenal_gland,raw,ENSG00000135365.17,PHF21A,1.604219496052743,34.69693490616364,3.10475956884425,0.28271608174029106,196.13704098264625,6.810494342466337,8.474261513947405e-11,1.4533674415681626,4.466248615792407,3.0553480124661037,0.3978752276281166,-0.614443211826233,2.8921908018082068,4.466248615792407,34.69582256230683,2.9402147383450483e-09,295,True
artery_aorta,excluded_at_or_below_-1,ENSG00000135365.17,PHF21A,-0.20548834037333016,34.33096881923948,3.363182353414041,0.4419988239867849,356.4039874390966,3.3346990072034592,0.003197314309657478,2.1662125025801697,4.40541040068331,3.3620587343671686,0.31351755951058047,-0.06236374735139244,0.7126193534376748,4.40541040068331,34.30845034701891,0.10969489923669665,472,True
artery_aorta,raw,ENSG00000135365.17,PHF21A,-0.20548834037333016,34.33096881923948,3.363182353414041,0.4419988239867849,356.4039874390966,3.3346990072034592,0.003197314309657478,2.1662125025801697,4.40541040068331,3.3620587343671686,0.31351755951058047,-0.06236374735139244,0.7126193534376748,4.40541040068331,34.30845034701891,0.10969489923669665,472,True
artery_coronary,excluded_at_or_below_-1,ENSG00000135365.17,PHF21A,0.3495549963465398,17.622665675188173,3.1732464335284485,0.4703715906413043,158.78224860445243,2.9269942304481016,0.013483345108615381,1.8371783098799468,4.146773324094766,3.1806718863061305,0.36719306087683057,-0.06456115902337614,0.708714743874165,4.146773324094766,17.61686271590787,0.23753423972968507,268,True
artery_coronary,raw,ENSG00000135365.17,PHF21A,0.3495549963465398,17.622665675188173,3.1732464335284485,0.4703715906413043,158.78224860445243,2.9269942304481016,0.013483345108615381,1.8371783098799468,4.146773324094766,3.1806718863061305,0.36719306087683057,-0.06456115902337614,0.708714743874165,4.146773324094766,17.61686271590787,0.23753423972968507,268,True
artery_tibial,excluded_at_or_below_-1,ENSG00000135365.17,PHF21A,1.0459723111737675,67.35599920976908,3.5640417626912178,0.4054525865409426,465.0319472226239,4.77014264274174,1.1326074121625544e-05,1.949010051390048,4.93163342220229,3.561714956556047,0.3389501123530619,-0.10494307950802298,1.9890113840011336,4.93163342220229,67.35476959470152,0.0007628651128746,691,True
artery_tibial,raw,ENSG00000135365.17,PHF21A,1.0459723111737675,67.35599920976908,3.5640417626912178,0.4054525865409426,465.0319472226239,4.77014264274174,1.1326074121625544e-05,1.949010051390048,4.93163342220229,3.561714956556047,0.3389501123530619,-0.10494307950802298,1.9890113840011336,4.93163342220229,67.35476959470152,0.0007628651128746,691,True
bladder,excluded_at_or_below_-1,ENSG00000135365.17,PHF21A,0.22310202926421668,4.799164633608787,3.304684766091743,0.36072772136123443,98.97823591575727,4.28049123538418,0.0,2.5986034113905423,4.396522583751924,3.358656739090857,0.3124934756967474,0.6998834199042621,0.999988321334857,4.396522583751924,4.798641437732713,0.0,77,True
bladder,raw,ENSG00000135365.17,PHF21A,0.22310202926421668,4.799164633608787,3.304684766091743,0.36072772136123443,98.97823591575727,4.28049123538418,0.0,2.5986034113905423,4.396522583751924,3.358656739090857,0.3124934756967474,0.6998834199042621,0.999988321334857,4.396522583751924,4.798641437732713,0.0,77,True
brain_amygdala,excluded_at_or_below_-1,ENSG00000135365.17,PHF21A,0.740154639099156,11.72152267354138,2.304946952896347,0.46266464893095743,166.03793092133145,3.8161020395511827,0.000272687303984923,1.0139945741251122,3.5533973690067446,2.297617300042524,0.4193523443855573,-0.08784537326978908,0.6011882446729611,3.5533973690067446,11.71641625527275,0.0031949179610154532,181,True
brain_amygdala,raw,ENSG00000135365.17,PHF21A,0.740154639099156,11.72152267354138,2.304946952896347,0.46266464893095743,166.03793092133145,3.8161020395511827,0.000272687303984923,1.0139945741251122,3.5533973690067446,2.297617300042524,0.4193523443855573,-0.08784537326978908,0.6011882446729611,3.5533973690067446,11.71641625527275,0.0031949179610154532,181,True
brain_anterior_cingulate_cortex_ba24,excluded_at_or_below_-1,ENSG00000135365.17,PHF21A,0.8618622629627769,16.185977644011107,2.2110332326057156,0.40889862244915665,126.53800550053025,3.5843294932966847,0.0015959493827568797,0.8841876176150028,3.2473883003322115,2.1851449724526204,0.36346015580837604,-0.1635991535816311,0.5862021842071719,3.2473883003322115,16.185395127187693,0.025831071362911406,233,True
brain_anterior_cingulate_cortex_ba24,raw,ENSG00000135365.17,PHF21A,0.8618622629627769,16.185977644011107,2.2110332326057156,0.40889862244915665,126.53800550053025,3.5843294932966847,0.0015959493827568797,0.8841876176150028,3.2473883003322115,2.1851449724526204,0.36346015580837604,-0.1635991535816311,0.5862021842071719,3.2473883003322115,16.185395127187693,0.025831071362911406,233,True
brain_caudate_basal_ganglia,excluded_at_or_below_-1,ENSG00000135365.17,PHF21A,1.2383937405211305,20.93867007682958,2.4249158939552085,0.5009657171817737,289.54076205712545,3.2074363601518825,0.005833838864422539,0.5938079034035812,3.561106140767789,2.33246269274931,0.4594498282201537,-0.5303075766960945,0.7204956653267551,3.561106140767789,20.93837249903542,0.1221510912426289,300,True
brain_caudate_basal_ganglia,raw,ENSG00000135365.17,PHF21A,1.2383937405211305,20.93867007682958,2.4249158939552085,0.5009657171817737,289.54076205712545,3.2074363601518825,0.005833838864422539,0.5938079034035812,3.561106140767789,2.33246269274931,0.4594498282201537,-0.5303075766960945,0.7204956653267551,3.561106140767789,20.93837249903542,0.1221510912426289,300,True
brain_cerebellar_hemisphere,excluded_at_or_below_-1,ENSG00000135365.17,PHF21A,2.0813161631670716,26.114885438603878,3.7722494757166793,0.3056857851123673,403.4813192914163,4.733950286960786,1.360416594936036e-05,1.8742992633651472,4.795504625189467,3.582019384553303,0.4784482593126521,-1.2389840465490216,1.8681950191077359,4.795504625189467,26.11467214909456,0.00035526833362942156,277,True
brain_cerebellar_hemisphere,raw,ENSG00000135365.17,PHF21A,2.0813161631670716,26.114885438603878,3.7722494757166793,0.3056857851123673,403.4813192914163,4.733950286960786,1.360416594936036e-05,1.8742992633651472,4.795504625189467,3.582019384553303,0.4784482593126521,-1.2389840465490216,1.8681950191077359,4.795504625189467,26.11467214909456,0.00035526833362942156,277,True
brain_cerebellum,excluded_at_or_below_-1,ENSG00000135365.17,PHF21A,1.4283408026791486,22.992521075733293,3.669102596578383,0.2861753614849237,211.9365542075179,4.562180172238435,3.0228016779086868e-05,2.358798517477157,4.592289585224479,3.592238221855111,0.3447947136313028,-1.034306266306392,1.982619664120155,4.592289585224479,22.99186341316265,0.0006949984330355541,266,True
brain_cerebellum,raw,ENSG00000135365.17,PHF21A,1.4283408026791486,22.992521075733293,3.669102596578383,0.2861753614849237,211.9365542075179,4.562180172238435,3.0228016779086868e-05,2.358798517477157,4.592289585224479,3.592238221855111,0.3447947136313028,-1.034306266306392,1.982619664120155,4.592289585224479,22.99186341316265,0.0006949984330355541,266,True
brain_cortex,excluded_at_or_below_-1,ENSG00000135365.17,PHF21A,0.7981570449686609,24.240252325293582,2.417034039773362,0.35585539526381194,217.78612078302416,5.027154854486936,1.7743134748986402e-06,1.1131837297946845,3.682005770629868,2.413946194341596,0.3315429041359494,-0.017430578963105972,1.8300628521479725,3.682005770629868,24.24021269454492,4.300973601834013e-05,270,True
brain_cortex,raw,ENSG00000135365.17,PHF21A,0.7981570449686609,24.240252325293582,2.417034039773362,0.35585539526381194,217.78612078302416,5.027154854486936,1.7743134748986402e-06,1.1131837297946845,3.682005770629868,2.413946194341596,0.3315429041359494,-0.017430578963105972,1.8300628521479725,3.682005770629868,24.24021269454492,4.300973601834013e-05,270,True
brain_frontal_cortex_ba9,excluded_at_or_below_-1,ENSG00000135365.17,PHF21A,1.2193188131034645,20.52503637066318,2.43849037169503,0.3986780317951082,305.799899693434,5.709424682032303,0.0,1.4140489145468953,4.048022521206789,2.4205421457845997,0.3948145538808743,0.38126303035261744,1.3103133159594904,4.048022521206789,20.525032610357325,0.0,269,True
brain_frontal_cortex_ba9,raw,ENSG00000135365.17,PHF21A,1.2193188131034645,20.52503637066318,2.43849037169503,0.3986780317951082,305.799899693434,5.709424682032303,0.0,1.4140489145468953,4.048022521206789,2.4205421457845997,0.3948145538808743,0.38126303035261744,1.3103133159594904,4.048022521206789,20.525032610357325,0.0,269,True
brain_hippocampus,excluded_at_or_below_-1,ENSG00000135365.17,PHF21A,0.6203315122701384,15.86759935191846,2.203467411005106,0.6155962640275555,153.904029361886,3.466867856170261,0.0,0.7056240940008152,3.712568268837634,2.2065441321044004,0.4922241307833147,0.014723114505963185,0.23617177554134283,3.712568268837634,15.828491416380377,0.0,255,True
brain_hippocampus,raw,ENSG00000135365.17,PHF21A,0.6203315122701384,15.86759935191846,2.203467411005106,0.6155962640275555,153.904029361886,3.466867856170261,0.0,0.7056240940008152,3.712568268837634,2.2065441321044004,0.4922241307833147,0.014723114505963185,0.23617177554134283,3.712568268837634,15.828491416380377,0.0,255,True
brain_hypothalamus,excluded_at_or_below_-1,ENSG00000135365.17,PHF21A,0.7578652545644111,17.263679093457156,2.328337424415701,0.5438771765887298,117.65685921819849,3.252622286244047,0.004974689078204013,0.6442900871881243,3.579228430285782,2.2696776954407816,0.4579551967800676,-0.38320029195838534,0.5375971235341459,3.579228430285782,17.26237080476777,0.08587492750638603,257,True
brain_hypothalamus,raw,ENSG00000135365.17,PHF21A,0.7578652545644111,17.263679093457156,2.328337424415701,0.5438771765887298,117.65685921819849,3.252622286244047,0.004974689078204013,0.6442900871881243,3.579228430285782,2.2696776954407816,0.4579551967800676,-0.38320029195838534,0.5375971235341459,3.579228430285782,17.26237080476777,0.08587492750638603,257,True
brain_nucleus_accumbens_basal_ganglia,excluded_at_or_below_-1,ENSG00000135365.17,PHF21A,1.2237696621300016,19.386818565038528,2.5380626698230726,0.5064330914391086,132.34606215815336,2.3218691744153928,0.0675069963474349,0.4501475773317387,3.3695292991935397,2.4001124642464147,0.485530323838309,-1.0504389012013386,1.4317917014201704,3.3695292991935397,19.386531456979505,1.3087265082557473,285,True
brain_nucleus_accumbens_basal_ganglia,raw,ENSG00000135365.17,PHF21A,1.2237696621300016,19.386818565038528,2.5380626698230726,0.5064330914391086,132.34606215815336,2.3218691744153928,0.0675069963474349,0.4501475773317387,3.3695292991935397,2.4001124642464147,0.485530323838309,-1.0504389012013386,1.4317917014201704,3.3695292991935397,19.386531456979505,1.3087265082557473,285,True
brain_putamen_basal_ganglia,excluded_at_or_below_-1,ENSG00000135365.17,PHF21A,1.687334271764684,17.32535566332678,2.3100639270384113,0.40094003659578215,213.82713103669388,4.27669667445124,0.00010365418454197004,0.8819660464943109,3.5225391618864075,2.2507418589559736,0.4452280535309531,-0.23864249706770807,0.6427568589406243,3.5225391618864075,17.325298130333596,0.001795839649646247,254,True
brain_putamen_basal_ganglia,raw,ENSG00000135365.17,PHF21A,1.687334271764684,17.32535566332678,2.3100639270384113,0.40094003659578215,213.82713103669388,4.27669667445124,0.00010365418454197004,0.8819660464943109,3.5225391618864075,2.2507418589559736,0.4452280535309531,-0.23864249706770807,0.6427568589406243,3.5225391618864075,17.325298130333596,0.001795839649646247,254,True
brain_spinal_cord_cervical_c-1,excluded_at_or_below_-1,ENSG00000135365.17,PHF21A,1.3633822513862053,12.00561320979906,2.7435992271944247,0.4411489597024347,237.01160248334577,2.9101154389812622,0.014486834922604134,1.1435795398181146,3.6513789520376303,2.619729367891258,0.45713493606177424,-0.5773573720077704,0.4385477649697078,3.6513789520376303,12.005557813155315,0.17392253419296133,204,True
brain_spinal_cord_cervical_c-1,raw,ENSG00000135365.17,PHF21A,1.3633822513862053,12.00561320979906,2.7435992271944247,0.4411489597024347,237.01160248334577,2.9101154389812622,0.014486834922604134,1.1435795398181146,3.6513789520376303,2.619729367891258,0.45713493606177424,-0.5773573720077704,0.4385477649697078,3.6513789520376303,12.005557813155315,0.17392253419296133,204,True
brain_substantia_nigra,excluded_at_or_below_-1,ENSG00000135365.17,PHF21A,-0.08799088652337132,10.62134304226031,2.337026085554351,0.6971685274339909,123.61336513292457,3.771373073624126,0.0,1.51659765623296,4.196209650256359,2.3937483480160955,0.4492322430015009,0.5800378355556417,0.8189619103690049,4.196209650256359,10.612611207796698,0.0,183,True
brain_substantia_nigra,raw,ENSG00000135365.17,PHF21A,-0.08799088652337132,10.62134304226031,2.337026085554351,0.6971685274339909,123.61336513292457,3.771373073624126,0.0,1.51659765623296,4.196209650256359,2.3937483480160955,0.4492322430015009,0.5800378355556417,0.8189619103690049,4.196209650256359,10.612611207796698,0.0,183,True
breast_mammary_tissue,excluded_at_or_below_-1,ENSG00000135365.17,PHF21A,-1.2029941082217066,35.68280726495085,2.953102469807232,0.7797799714586725,705.9747941998726,2.977022943176675,0.008579650597622895,1.0914899723223606,4.594596320118425,2.9213609900697715,0.4952664579980435,-0.2646125258981035,-0.027157321823147118,4.594596320118425,35.563145992207765,0.30511936676539564,514,True
breast_mammary_tissue,raw,ENSG00000135365.17,PHF21A,-1.2029941082217066,35.68280726495085,2.953102469807232,0.7797799714586725,705.9747941998726,2.977022943176675,0.008579650597622895,1.0914899723223606,4.594596320118425,2.9213609900697715,0.4952664579980435,-0.2646125258981035,-0.027157321823147118,4.594596320118425,35.563145992207765,0.30511936676539564,514,True
cells_cultured_fibroblasts,excluded_at_or_below_-1,ENSG00000135365.17,PHF21A,3.938279980812935,45.12586324303416,3.051833496297371,0.42013510756794914,1416.8277915157457,3.632133498730904,0.00136531236204641,1.4128573833650333,4.130869109298993,2.9113356692070482,0.41849193067220386,-0.6505052739604288,0.11606023011994315,4.130869109298993,45.1256409326243,0.06161059541057945,652,True
cells_cultured_fibroblasts,raw,ENSG00000135365.17,PHF21A,3.938279980812935,45.12586324303416,3.051833496297371,0.42013510756794914,1416.8277915157457,3.632133498730904,0.00136531236204641,1.4128573833650333,4.130869109298993,2.9113356692070482,0.41849193067220386,-0.6505052739604288,0.11606023011994315,4.130869109298993,45.1256409326243,0.06161059541057945,652,True
cells_ebv-transformed_lymphocytes,excluded_at_or_below_-1,ENSG00000135365.17,PHF21A,-0.0018248898947771611,20.15281429405567,3.4105213822395473,0.5676988473047452,201.9214087322302,2.4895939937483367,0.04386133844626655,1.946019628933344,4.409903426162333,3.3882511817749688,0.3995843126644659,-0.2318943950748066,0.2208890054101329,4.409903426162333,20.12686292819288,0.8827911467550834,327,True
cells_ebv-transformed_lymphocytes,raw,ENSG00000135365.17,PHF21A,-0.0018248898947771611,20.15281429405567,3.4105213822395473,0.5676988473047452,201.9214087322302,2.4895939937483367,0.04386133844626655,1.946019628933344,4.409903426162333,3.3882511817749688,0.3995843126644659,-0.2318943950748066,0.2208890054101329,4.409903426162333,20.12686292819288,0.8827911467550834,327,True
cervix_ectocervix,excluded_at_or_below_-1,ENSG00000135365.17,PHF21A,0.2831555502860978,0.5652482796110437,3.223210054333738,0.5427742652110642,18.316582652679696,1.6644109963710065,0.2216814806524382,2.23670843247812,3.8620099354836226,3.1333179183760635,0.4368732567325825,-0.3528762317656027,-0.5119016906291316,3.8620099354836226,0.5444676704134996,0.12069839934464832,24,True
cervix_ectocervix,raw,ENSG00000135365.17,PHF21A,0.2831555502860978,0.5652482796110437,3.223210054333738,0.5427742652110642,18.316582652679696,1.6644109963710065,0.2216814806524382,2.23670843247812,3.8620099354836226,3.1333179183760635,0.4368732567325825,-0.3528762317656027,-0.5119016906291316,3.8620099354836226,0.5444676704134996,0.12069839934464832,24,True
cervix_endocervix,excluded_at_or_below_-1,ENSG00000135365.17,PHF21A,0.23438842551950786,0.7886711653968503,3.571841567277954,0.2986815543771431,18.71804803732665,3.516932195069273,0.0,3.105745116069354,4.314616776490085,3.638372517018276,0.29560443671365105,0.4696684897729044,-0.1081832984802844,4.314616776490085,0.7870453756853011,0.0,23,True
cervix_endocervix,raw,ENSG00000135365.17,PHF21A,0.23438842551950786,0.7886711653968503,3.571841567277954,0.2986815543771431,18.71804803732665,3.516932195069273,0.0,3.105745116069354,4.314616776490085,3.638372517018276,0.29560443671365105,0.4696684897729044,-0.1081832984802844,4.314616776490085,0.7870453756853011,0.0,23,True
colon_sigmoid,excluded_at_or_below_-1,ENSG00000135365.17,PHF21A,1.6296921574564276,40.790504207661556,3.632516651774672,0.4475474656537872,540.458636147629,5.190029991388462,1.4136983218098944e-06,1.6168352224812592,5.274973513392762,3.5662572771395555,0.5130718008735115,-1.0668069662522919,2.919922533285285,5.274973513392762,40.79047969708363,5.7665432693587704e-05,419,True
colon_sigmoid,raw,ENSG00000135365.17,PHF21A,1.6296921574564276,40.790504207661556,3.632516651774672,0.4475474656537872,540.458636147629,5.190029991388462,1.4136983218098944e-06,1.6168352224812592,5.274973513392762,3.5662572771395555,0.5130718008735115,-1.0668069662522919,2.919922533285285,5.274973513392762,40.79047969708363,5.7665432693587704e-05,419,True
colon_transverse,excluded_at_or_below_-1,ENSG00000135365.17,PHF21A,-35519.76152414237,35537.09508640579,2.6215536097804124,90.21801684579265,1262.9999882675736,0.03323267093872645,0.0,1.001431164730008,4.741591025875939,2.6600548240135247,0.8548909319059615,0.07878607553816801,-1.2168576056691516,4.741591025875939,19.618314488812757,0.0,479,True
colon_transverse,raw,ENSG00000135365.17,PHF21A,-35519.76152414237,35537.09508640579,2.6215536097804124,90.21801684579265,1262.9999882675736,0.03323267093872645,0.0,1.001431164730008,4.741591025875939,2.6600548240135247,0.8548909319059615,0.07878607553816801,-1.2168576056691516,4.741591025875939,19.618314488812757,0.0,479,True
esophagus_gastroesophageal_junction,excluded_at_or_below_-1,ENSG00000135365.17,PHF21A,1.169935849599337,34.501114180669056,3.2790162554883286,0.4526270909836522,346.80286339842934,5.411567572588277,0.0,1.9028260934758816,5.011019223931007,3.2657389267670323,0.4204710752814088,0.0937504584166692,1.7778731091194082,5.011019223931007,34.5008904534264,0.0,403,True
esophagus_gastroesophageal_junction,raw,ENSG00000135365.17,PHF21A,1.169935849599337,34.501114180669056,3.2790162554883286,0.4526270909836522,346.80286339842934,5.411567572588277,0.0,1.9028260934758816,5.011019223931007,3.2657389267670323,0.4204710752814088,0.0937504584166692,1.7778731091194082,5.011019223931007,34.5008904534264,0.0,403,True
esophagus_mucosa,excluded_at_or_below_-1,ENSG00000135365.17,PHF21A,1.4832663841587526,43.17916668064406,2.4664527006985204,0.5404005971852079,872.2978081339784,4.635399320424309,0.0,1.257451206730385,4.237735785231934,2.4828446672972113,0.4423941200144261,0.23364129087502875,0.5563955738741524,4.237735785231934,43.17823449039697,0.0,614,True
esophagus_mucosa,raw,ENSG00000135365.17,PHF21A,1.4832663841587526,43.17916668064406,2.4664527006985204,0.5404005971852079,872.2978081339784,4.635399320424309,0.0,1.257451206730385,4.237735785231934,2.4828446672972113,0.4423941200144261,0.23364129087502875,0.5563955738741524,4.237735785231934,43.17823449039697,0.0,614,True
esophagus_muscularis,excluded_at_or_below_-1,ENSG00000135365.17,PHF21A,1.2456853034337516,54.571415607416476,3.293386450147349,0.4703016268623852,450.2705149070091,6.31374344873715,0.0,1.8333981582867336,5.393043739920558,3.3010128501018015,0.42735737603302804,0.36523514311150623,2.1380681866668665,5.393043739920558,54.570522114909224,0.0,561,True
esophagus_muscularis,raw,ENSG00000135365.17,PHF21A,1.2456853034337516,54.571415607416476,3.293386450147349,0.4703016268623852,450.2705149070091,6.31374344873715,0.0,1.8333981582867336,5.393043739920558,3.3010128501018015,0.42735737603302804,0.36523514311150623,2.1380681866668665,5.393043739920558,54.570522114909224,0.0,561,True
fallopian_tube,excluded_at_or_below_-1,ENSG00000135365.17,PHF21A,0.6214816121960063,3.378158235555823,3.554391491967244,0.01795602287335579,18.701872275194823,47.01679526412102,0.0,3.0901674792683886,4.1513555387394945,3.5607518234697584,0.2585490135831505,0.18788690943566655,-0.18972709370415597,4.1513555387394945,3.37811402042949,0.0,29,True
fallopian_tube,raw,ENSG00000135365.17,PHF21A,0.6214816121960063,3.378158235555823,3.554391491967244,0.01795602287335579,18.701872275194823,47.01679526412102,0.0,3.0901674792683886,4.1513555387394945,3.5607518234697584,0.2585490135831505,0.18788690943566655,-0.18972709370415597,4.1513555387394945,3.37811402042949,0.0,29,True
heart_atrial_appendage,excluded_at_or_below_-1,ENSG00000135365.17,PHF21A,1.0782369134090213,33.650083543000754,2.2257922966010306,0.5441096914350149,338.65867303255317,3.5623415905937708,0.00171709095505603,0.4904879817705789,3.596380611700739,2.195888093631163,0.4548800596629824,-0.287030391872769,0.8749412415263742,3.596380611700739,33.64846244670502,0.05777747051877968,461,True
heart_atrial_appendage,raw,ENSG00000135365.17,PHF21A,1.0782369134090213,33.650083543000754,2.2257922966010306,0.5441096914350149,338.65867303255317,3.5623415905937708,0.00171709095505603,0.4904879817705789,3.596380611700739,2.195888093631163,0.4548800596629824,-0.287030391872769,0.8749412415263742,3.596380611700739,33.64846244670502,0.05777747051877968,461,True
heart_left_ventricle,excluded_at_or_below_-1,ENSG00000135365.17,PHF21A,3.6632121550352323,39.384615207437996,1.772511987450698,0.46254574632445283,722.1056826959053,6.414380276658681,5.477047472770736e-10,-0.3576440695328579,3.8704584300638727,1.519187220575958,0.6508614193871116,-0.6385372904786545,0.40244026040858616,3.8704584300638727,39.38417764790239,2.157090106535975e-08,452,True
heart_left_ventricle,raw,ENSG00000135365.17,PHF21A,3.6632121550352323,39.384615207437996,1.772511987450698,0.46254574632445283,722.1056826959053,6.414380276658681,5.477047472770736e-10,-0.3576440695328579,3.8704584300638727,1.519187220575958,0.6508614193871116,-0.6385372904786545,0.40244026040858616,3.8704584300638727,39.38417764790239,2.157090106535975e-08,452,True
kidney_cortex,excluded_at_or_below_-1,ENSG00000135365.17,PHF21A,0.8469278266917314,4.288531780568234,1.5053987754933225,0.7941843548145493,102.33828788424397,4.237476995433161,0.0,0.7908637670004095,3.8850520493683343,1.83999984638886,0.7185267676334901,0.8851318041604731,0.3854208229820042,3.8850520493683343,4.287971545278278,0.0,104,True
kidney_cortex,raw,ENSG00000135365.17,PHF21A,0.8469278266917314,4.288531780568234,1.5053987754933225,0.7941843548145493,102.33828788424397,4.237476995433161,0.0,0.7908637670004095,3.8850520493683343,1.83999984638886,0.7185267676334901,0.8851318041604731,0.3854208229820042,3.8850520493683343,4.287971545278278,0.0,104,True
kidney_medulla,excluded_at_or_below_-1,ENSG00000135365.17,PHF21A,,,,,,,,,,,,,,,,,11,False
kidney_medulla,raw,ENSG00000135365.17,PHF21A,,,,,,,,,,,,,,,,,11,False
liver,excluded_at_or_below_-1,ENSG00000135365.17,PHF21A,2.2767964278277497,21.54793289040851,1.0306982208957305,0.42698633181520274,295.13740964017893,9.223452016237399,0.0,0.0003678403377767,3.815488331717586,1.2729819929535284,0.6574745845692718,1.047968236676736,1.0013312657766233,3.815488331717586,21.547676863309274,0.0,262,True
liver,raw,ENSG00000135365.17,PHF21A,2.2767964278277497,21.54793289040851,1.0306982208957305,0.42698633181520274,295.13740964017893,9.223452016237399,0.0,0.0003678403377767,3.815488331717586,1.2729819929535284,0.6574745845692718,1.047968236676736,1.0013312657766233,3.815488331717586,21.547676863309274,0.0,262,True
lung,excluded_at_or_below_-1,ENSG00000135365.17,PHF21A,-0.1712953688793382,35.91814657508285,3.48649123522452,0.6626121596210514,693.6845406762175,3.1119591949893337,0.0,2.19268339902047,4.9445609763917115,3.538510815024614,0.4532793497560391,0.24965591450302804,-0.2378136615017472,4.9445609763917115,35.63450245851003,0.0,604,True
lung,raw,ENSG00000135365.17,PHF21A,-0.1712953688793382,35.91814657508285,3.48649123522452,0.6626121596210514,693.6845406762175,3.1119591949893337,0.0,2.19268339902047,4.9445609763917115,3.538510815024614,0.4532793497560391,0.24965591450302804,-0.2378136615017472,4.9445609763917115,35.63450245851003,0.0,604,True
minor_salivary_gland,excluded_at_or_below_-1,ENSG00000135365.17,PHF21A,-1.2151180520691036,8.725651920231913,2.6181205608551155,0.9133186287896246,131.43439887683795,1.3055559560906238,0.3494678545607655,1.2838951103459189,3.461266608488791,2.553473946816151,0.46394827869401517,-0.3197862096263779,-0.6432427976332002,3.461266608488791,7.692956600540709,2.6884410384200415,181,True
minor_salivary_gland,raw,ENSG00000135365.17,PHF21A,-1.2151180520691036,8.725651920231913,2.6181205608551155,0.9133186287896246,131.43439887683795,1.3055559560906238,0.3494678545607655,1.2838951103459189,3.461266608488791,2.553473946816151,0.46394827869401517,-0.3197862096263779,-0.6432427976332002,3.461266608488791,7.692956600540709,2.6884410384200415,181,True
muscle_skeletal,excluded_at_or_below_-1,ENSG00000135365.17,PHF21A,1.9882553821171525,69.18855767506895,1.8173237085124134,0.49236342077819056,576.5709841414704,4.621181720146825,1.174509799535378e-05,0.1556521000293076,3.426204361552614,1.8641560424900212,0.41730432767524495,0.2955558091503401,0.7763521292674915,3.426204361552614,69.18682421578193,0.0008126060304016747,818,True
muscle_skeletal,raw,ENSG00000135365.17,PHF21A,1.9882553821171525,69.18855767506895,1.8173237085124134,0.49236342077819056,576.5709841414704,4.621181720146825,1.174509799535378e-05,0.1556521000293076,3.426204361552614,1.8641560424900212,0.41730432767524495,0.2955558091503401,0.7763521292674915,3.426204361552614,69.18682421578193,0.0008126060304016747,818,True
nerve_tibial,excluded_at_or_below_-1,ENSG00000135365.17,PHF21A,1.5454760338291023,71.98727779179,3.532225703951431,0.30622900389310764,596.5392976366612,4.887097932662394,6.512123767880395e-06,2.020633761648147,4.590461299808663,3.510132268666074,0.27645208710507346,-0.4887329378530215,2.4158828169754942,4.590461299808663,71.98567965448905,0.0004687796554250223,670,True
nerve_tibial,raw,ENSG00000135365.17,PHF21A,1.5454760338291023,71.98727779179,3.532225703951431,0.30622900389310764,596.5392976366612,4.887097932662394,6.512123767880395e-06,2.020633761648147,4.590461299808663,3.510132268666074,0.27645208710507346,-0.4887329378530215,2.4158828169754942,4.590461299808663,71.98567965448905,0.0004687796554250223,670,True
ovary,excluded_at_or_below_-1,ENSG00000135365.17,PHF21A,0.21067022155122173,13.279778852015003,3.7907871858691964,0.48046602584904263,245.01339670155937,4.018711403492575,0.0,2.7070277573667187,5.156107352810794,3.7607690944164696,0.37437431017673856,0.10719950574991444,1.00751633646194,5.156107352810794,13.275641553637621,0.0,193,True
ovary,raw,ENSG00000135365.17,PHF21A,0.21067022155122173,13.279778852015003,3.7907871858691964,0.48046602584904263,245.01339670155937,4.018711403492575,0.0,2.7070277573667187,5.156107352810794,3.7607690944164696,0.37437431017673856,0.10719950574991444,1.00751633646194,5.156107352810794,13.275641553637621,0.0,193,True
pancreas,excluded_at_or_below_-1,ENSG00000135365.17,PHF21A,1.214253516388322,28.32064816979595,1.263721658705345,0.4780228206371308,430.07914164492786,6.26575514198607,0.0,0.3277965680340284,3.3816294670336644,1.35372752939788,0.47169167345608,1.161597249957244,2.5869218445645066,3.3816294670336644,28.320076720241545,0.0,362,True
pancreas,raw,ENSG00000135365.17,PHF21A,1.214253516388322,28.32064816979595,1.263721658705345,0.4780228206371308,430.07914164492786,6.26575514198607,0.0,0.3277965680340284,3.3816294670336644,1.35372752939788,0.47169167345608,1.161597249957244,2.5869218445645066,3.3816294670336644,28.320076720241545,0.0,362,True
pituitary,excluded_at_or_below_-1,ENSG00000135365.17,PHF21A,1.3024607982705703,24.09165189093328,3.506743554258794,0.345221372571675,265.5237078988613,3.40317194393899,0.003055554392458182,2.0781452558170574,4.337486322425012,3.458787307549087,0.33365267678747723,-0.6240717380132188,1.1293966304968723,4.337486322425012,24.09147440217654,0.07361281043036438,313,True
pituitary,raw,ENSG00000135365.17,PHF21A,1.3024607982705703,24.09165189093328,3.506743554258794,0.345221372571675,265.5237078988613,3.40317194393899,0.003055554392458182,2.0781452558170574,4.337486322425012,3.458787307549087,0.33365267678747723,-0.6240717380132188,1.1293966304968723,4.337486322425012,24.09147440217654,0.07361281043036438,313,True
prostate,excluded_at_or_below_-1,ENSG00000135365.17,PHF21A,0.4024675264619987,19.679276716649646,3.3880949574683537,0.48655296533832554,226.58902919854367,3.6281637730245877,0.0006281743400521648,2.083873707576189,4.636346204285688,3.396962635126502,0.37712742784385145,0.007352225435174139,0.4093865501308591,4.636346204285688,19.664359383022227,0.012352645977978582,282,True
prostate,raw,ENSG00000135365.17,PHF21A,0.4024675264619987,19.679276716649646,3.3880949574683537,0.48655296533832554,226.58902919854367,3.6281637730245877,0.0006281743400521648,2.083873707576189,4.636346204285688,3.396962635126502,0.37712742784385145,0.007352225435174139,0.4093865501308591,4.636346204285688,19.664359383022227,0.012352645977978582,282,True
skin_not_sun_exposed_suprapubic,excluded_at_or_below_-1,ENSG00000135365.17,PHF21A,0.5643027173155651,52.89259871626642,3.096754003727054,0.41030879881590027,633.6598927283101,4.6400672267273295,0.0,1.994748058985368,4.442986610228704,3.0667217816951857,0.31229104727812135,-0.26999062166255766,0.652704953692036,4.442986610228704,52.89073570375582,0.0,651,True
skin_not_sun_exposed_suprapubic,raw,ENSG00000135365.17,PHF21A,0.5643027173155651,52.89259871626642,3.096754003727054,0.41030879881590027,633.6598927283101,4.6400672267273295,0.0,1.994748058985368,4.442986610228704,3.0667217816951857,0.31229104727812135,-0.26999062166255766,0.652704953692036,4.442986610228704,52.89073570375582,0.0,651,True
skin_sun_exposed_lower_leg,excluded_at_or_below_-1,ENSG00000135365.17,PHF21A,0.8230791741534935,83.19791338436875,3.1057332820626606,0.37748017984580756,617.0825418583449,5.803445946593366,0.0,1.566905243546549,4.654782080583194,3.0759951552486458,0.3095326982442904,-0.4950617798120178,2.559464928443818,4.654782080583194,83.19416362962603,0.0,754,True
skin_sun_exposed_lower_leg,raw,ENSG00000135365.17,PHF21A,0.8230791741534935,83.19791338436875,3.1057332820626606,0.37748017984580756,617.0825418583449,5.803445946593366,0.0,1.566905243546549,4.654782080583194,3.0759951552486458,0.3095326982442904,-0.4950617798120178,2.559464928443818,4.654782080583194,83.19416362962603,0.0,754,True
small_intestine_terminal_ileum,excluded_at_or_below_-1,ENSG00000135365.17,PHF21A,-2.579878188334369,11.993764702056085,2.8457829788394955,1.406827603467702,259.93959266703655,2.0995454021769615,0.0,1.464623835493725,4.934363165809169,2.8438902035362568,0.6607629078776124,0.012742970690949179,-0.7150645580361417,4.934363165809169,10.670144183027276,0.0,207,True
small_intestine_terminal_ileum,raw,ENSG00000135365.17,PHF21A,-2.579878188334369,11.993764702056085,2.8457829788394955,1.406827603467702,259.93959266703655,2.0995454021769615,0.0,1.464623835493725,4.934363165809169,2.8438902035362568,0.6607629078776124,0.012742970690949179,-0.7150645580361417,4.934363165809169,10.670144183027276,0.0,207,True
spleen,excluded_at_or_below_-1,ENSG00000135365.17,PHF21A,0.17808150711311507,21.134774484079898,3.7451213772486254,0.456526266051483,164.61163368572824,4.532738678304834,0.0,2.674754403537209,5.208347525583156,3.7507301871576173,0.34443916455478224,0.24735966573261337,1.0555238358281986,5.208347525583156,21.134037676659872,0.0,277,True
spleen,raw,ENSG00000135365.17,PHF21A,0.17808150711311507,21.134774484079898,3.7451213772486254,0.456526266051483,164.61163368572824,4.532738678304834,0.0,2.674754403537209,5.208347525583156,3.7507301871576173,0.34443916455478224,0.24735966573261337,1.0555238358281986,5.208347525583156,21.134037676659872,0.0,277,True
stomach,excluded_at_or_below_-1,ENSG00000135365.17,PHF21A,5.6392033205330065,23.680927115145074,2.0830213820951564,0.346551197541642,560.1969858362295,9.482336823273302,0.0,1.2002155595453718,4.4066557107635695,2.4515413400804507,0.7003006145092928,0.6349442869069831,-0.5362161443824136,4.4066557107635695,23.68088940967069,0.0,407,True
stomach,raw,ENSG00000135365.17,PHF21A,5.6392033205330065,23.680927115145074,2.0830213820951564,0.346551197541642,560.1969858362295,9.482336823273302,0.0,1.2002155595453718,4.4066557107635695,2.4515413400804507,0.7003006145092928,0.6349442869069831,-0.5362161443824136,4.4066557107635695,23.68088940967069,0.0,407,True
testis,excluded_at_or_below_-1,ENSG00000135365.17,PHF21A,0.7664104555021615,25.201520907363925,3.2758797835576066,0.25051928703068094,217.98164425639732,3.560290879564161,0.0,2.74057142858516,3.9065635476657494,3.2759767507272746,0.19476948743108688,0.11939534887906558,0.34768769077575135,3.9065635476657494,25.15696146240084,0.0,414,True
testis,raw,ENSG00000135365.17,PHF21A,0.7664104555021615,25.201520907363925,3.2758797835576066,0.25051928703068094,217.98164425639732,3.560290879564161,0.0,2.74057142858516,3.9065635476657494,3.2759767507272746,0.19476948743108688,0.11939534887906558,0.34768769077575135,3.9065635476657494,25.15696146240084,0.0,414,True
thyroid,excluded_at_or_below_-1,ENSG00000135365.17,PHF21A,0.3742145626486149,81.96161269769881,3.443641633523472,0.4112631990719542,789.5821288152141,3.6985158060995293,0.0010706605739508525,0.9475015885461868,4.519195908142566,3.4418284181947754,0.32729933134707173,-1.0293080289353205,6.7708132942005825,4.519195908142566,81.95914390187114,0.08775042405049788,684,True
thyroid,raw,ENSG00000135365.17,PHF21A,0.3742145626486149,81.96161269769881,3.443641633523472,0.4112631990719542,789.5821288152141,3.6985158060995293,0.0010706605739508525,0.9475015885461868,4.519195908142566,3.4418284181947754,0.32729933134707173,-1.0293080289353205,6.7708132942005825,4.519195908142566,81.95914390187114,0.08775042405049788,684,True
uterus,excluded_at_or_below_-1,ENSG00000135365.17,PHF21A,0.2983313328011211,8.418839730077787,3.727488061647099,0.4637801199184985,187.2508649898006,3.363531954324255,0.0,2.878303553882325,4.830531685771716,3.7148505522696444,0.34842086901909713,0.019197662624460703,0.04156109498380678,4.830531685771716,8.38934071826013,0.0,153,True
uterus,raw,ENSG00000135365.17,PHF21A,0.2983313328011211,8.418839730077787,3.727488061647099,0.4637801199184985,187.2508649898006,3.363531954324255,0.0,2.878303553882325,4.830531685771716,3.7148505522696444,0.34842086901909713,0.019197662624460703,0.04156109498380678,4.830531685771716,8.38934071826013,0.0,153,True
vagina,excluded_at_or_below_-1,ENSG00000135365.17,PHF21A,-0.43287941524717993,8.862653789937466,3.177474354837148,0.8437030085396996,222.57568029460762,2.0400057909952483,0.0925411123129656,1.6364854191308842,4.394517571713771,3.1462324257090333,0.525882887711158,-0.1826110692218188,-0.26867589866717756,4.394517571713771,8.54728712838858,0.7909754581193729,170,True
vagina,raw,ENSG00000135365.17,PHF21A,-0.43287941524717993,8.862653789937466,3.177474354837148,0.8437030085396996,222.57568029460762,2.0400057909952483,0.0925411123129656,1.6364854191308842,4.394517571713771,3.1462324257090333,0.525882887711158,-0.1826110692218188,-0.26867589866717756,4.394517571713771,8.54728712838858,0.7909754581193729,170,True
whole_blood,excluded_at_or_below_-1,ENSG00000135365.17,PHF21A,0.6221214681075906,48.86966701985534,4.866388330528752,1.1177731660209151,1682.181470000326,2.2789955375022357,0.07412026556078669,1.7467470146242543,6.667672185441579,4.75479301301568,0.7883255423685369,-0.4254467138845207,-0.041907944483072335,6.667672185441579,48.84924888700556,3.6207192999498155,803,True
whole_blood,raw,ENSG00000135365.17,PHF21A,0.6221214681075906,48.86966701985534,4.866388330528752,1.1177731660209151,1682.181470000326,2.2789955375022357,0.07412026556078669,1.7467470146242543,6.667672185441579,4.75479301301568,0.7883255423685369,-0.4254467138845207,-0.041907944483072335,6.667672185441579,48.84924888700556,3.6207192999498155,803,True
adipose_subcutaneous,excluded_at_or_below_-1,ENSG00000056487.17,PHF21B,2.1143335984132348,89.00418201459038,-0.85626419428754,0.1759038698334658,768.1540990491958,11.474473535675692,0.0,-0.9934520622773636,0.5709631728719848,-0.78272329656706,0.16894376328996497,2.4595409583575005,11.219510054042203,0.5709631728719848,88.99981015339775,0.0,699,True
adipose_subcutaneous,raw,ENSG00000056487.17,PHF21B,2.087578066823865,90.37867980570401,-0.8585706629890196,0.17744212625104874,721.502666909133,11.39338319067239,0.0,-1.0,0.5709631728719848,-0.7872879331938024,0.1700407230645918,2.398149133421239,10.873725372990235,0.5709631728719848,90.37857245516821,0.0,714,True
adipose_visceral_omentum,excluded_at_or_below_-1,ENSG00000056487.17,PHF21B,1.5443690844549687,40.713204468754356,-0.7788902286556566,0.30055924747468227,581.2656001329271,5.543590109751969,0.0,-0.9833738933084408,0.3992750188188796,-0.6761619894356629,0.21658062622075577,1.2210564949612135,1.9722291919662949,0.3992750188188796,40.71278767232061,0.0,584,True
adipose_visceral_omentum,raw,ENSG00000056487.17,PHF21B,1.7324146579070843,41.02093694290814,-0.7684179717289066,0.2845195727219253,690.8260452691425,5.804055053655794,0.0,-1.0,0.3992750188188796,-0.6778170388934022,0.21725829616458872,1.2093727844406865,1.9471483651428478,0.3992750188188796,41.02088429012154,0.0,587,True
adrenal_gland,excluded_at_or_below_-1,ENSG00000056487.17,PHF21B,0.9179553498008118,21.36097712493835,-0.08013547580552347,0.5786664835498723,167.3104488603492,6.201538624965763,0.0,-0.810393008031332,2.457403863504606,0.053492611342056025,0.5041846696562049,1.180232212482824,2.2228282846382355,2.457403863504606,21.360939324234618,0.0,295,True
adrenal_gland,raw,ENSG00000056487.17,PHF21B,0.9179553498008118,21.36097712493835,-0.08013547580552347,0.5786664835498723,167.3104488603492,6.201538624965763,0.0,-0.810393008031332,2.457403863504606,0.053492611342056025,0.5041846696562049,1.180232212482824,2.2228282846382355,2.457403863504606,21.360939324234618,0.0,295,True
artery_aorta,excluded_at_or_below_-1,ENSG00000056487.17,PHF21B,2.521655624131763,45.91019054753986,-0.9054205782051721,0.34145720961856557,834.1442631577484,7.629621834393554,0.0,-0.9908334446848672,0.936726500094172,-0.6543857099099522,0.30261399550796386,1.5816447858649458,2.846940212209219,0.936726500094172,45.909337191335936,0.0,469,True
artery_aorta,raw,ENSG00000056487.17,PHF21B,2.970116993971242,45.599941473938884,-0.8608814790721284,0.27805167407292275,894.6630821964391,9.14291054870739,0.0,-1.0,0.936726500094172,-0.6565824109062872,0.3028992175364344,1.579432813500796,2.844137610916248,0.936726500094172,45.5999368990649,0.0,472,True
artery_coronary,excluded_at_or_below_-1,ENSG00000056487.17,PHF21B,0.9725168919940992,19.37826426800554,-0.8796392552781558,0.25736638130531053,252.43252744164627,5.859491877692601,0.0,-0.9908549482082992,0.186703382759533,-0.7476235904509336,0.19935404948288094,1.6082056916759877,3.3865625761108396,0.186703382759533,19.378057600456497,0.0,258,True
artery_coronary,raw,ENSG00000056487.17,PHF21B,0.8519349510517971,20.20602993183539,-0.9114642697027433,0.2905768101793191,283.65454288639035,5.344692120865287,0.0,-1.0,0.186703382759533,-0.7570406206579883,0.20137054445856012,1.5686157828060563,3.277495793636395,0.186703382759533,20.205926577795502,0.0,268,True
artery_tibial,excluded_at_or_below_-1,ENSG00000056487.17,PHF21B,0.6674955466087769,254.92094794021895,-1.01000106519385,0.22183362464332718,239.97449583199588,18.761437315997917,0.0,-0.9899047983393148,1.9329191231421772,-0.8510883044922483,0.16838661924513423,8.425059852669817,122.09299647726947,1.9329191231421772,252.83741352768516,0.0,642,True
artery_tibial,raw,ENSG00000056487.17,PHF21B,0.6628103251940269,255.457995539939,-1.0023538638798748,0.21789156069472596,226.57117635581866,19.05123288978511,0.0,-1.0,1.9329191231421772,-0.8616478892677618,0.16674400426645944,8.199665209081218,119.94320540127545,1.9329191231421772,255.42818457534008,0.0,691,True
bladder,excluded_at_or_below_-1,ENSG00000056487.17,PHF21B,-1.055735361117253,7.637347975837225,-2.0768988227751453,1.8521688989007787,53.335503146456425,1.9664950696620642,0.0,-0.972199075253686,0.49858277687656,-0.5149031128224721,0.3397592600648664,0.7716098625594607,0.13497900835617171,0.49858277687656,4.246550430319104,0.0,77,True
bladder,raw,ENSG00000056487.17,PHF21B,-1.055735361117253,7.637347975837225,-2.0768988227751453,1.8521688989007787,53.335503146456425,1.9664950696620642,0.0,-0.972199075253686,0.49858277687656,-0.5149031128224721,0.3397592600648664,0.7716098625594607,0.13497900835617171,0.49858277687656,4.246550430319104,0.0,77,True
brain_amygdala,excluded_at_or_below_-1,ENSG00000056487.17,PHF21B,0.38290753210751166,12.08025100817008,1.1711634589972724,0.721124540962688,153.85100346576561,4.146730952401084,0.0,-0.4390933509883241,3.2856315521529957,1.1363004494092372,0.5873380664411438,0.13242188863537266,0.8216355859776905,3.2856315521529957,12.078020161992656,0.0,181,True
brain_amygdala,raw,ENSG00000056487.17,PHF21B,0.38290753210751166,12.08025100817008,1.1711634589972724,0.721124540962688,153.85100346576561,4.146730952401084,0.0,-0.4390933509883241,3.2856315521529957,1.1363004494092372,0.5873380664411438,0.13242188863537266,0.8216355859776905,3.2856315521529957,12.078020161992656,0.0,181,True
brain_anterior_cingulate_cortex_ba24,excluded_at_or_below_-1,ENSG00000056487.17,PHF21B,1.0879019002895414,16.304056873117574,1.0446056501705954,0.5148179544684882,92.82846992466207,4.496560441544283,0.0,-0.4590353827612831,2.681494243414785,1.0896077042144918,0.5003438630680782,0.30805713539551927,0.8298539556741291,2.681494243414785,16.303320795446684,0.0,233,True
brain_anterior_cingulate_cortex_ba24,raw,ENSG00000056487.17,PHF21B,1.0879019002895414,16.304056873117574,1.0446056501705954,0.5148179544684882,92.82846992466207,4.496560441544283,0.0,-0.4590353827612831,2.681494243414785,1.0896077042144918,0.5003438630680782,0.30805713539551927,0.8298539556741291,2.681494243414785,16.303320795446684,0.0,233,True
brain_caudate_basal_ganglia,excluded_at_or_below_-1,ENSG00000056487.17,PHF21B,1.65616536491016,17.896184805139576,1.187020254954668,0.5346247352574165,299.58321594156433,3.9543506493261917,0.0,-0.2196269025486806,2.6819102243759003,1.2298198056553487,0.5080612081449651,0.10355558351197562,0.22663131940152148,2.6819102243759003,17.888760970979284,0.0,300,True
brain_caudate_basal_ganglia,raw,ENSG00000056487.17,PHF21B,1.65616536491016,17.896184805139576,1.187020254954668,0.5346247352574165,299.58321594156433,3.9543506493261917,0.0,-0.2196269025486806,2.6819102243759003,1.2298198056553487,0.5080612081449651,0.10355558351197562,0.22663131940152148,2.6819102243759003,17.888760970979284,0.0,300,True
brain_cerebellar_hemisphere,excluded_at_or_below_-1,ENSG00000056487.17,PHF21B,-0.9358867825838499,14.412372075466736,0.487493698530274,0.7810264954623312,228.88263194674562,2.256153294281598,0.0,-0.7411084648796672,1.733497518279863,0.47786743106970564,0.47850349207050275,-0.0331107880693226,-0.4652068997100689,1.733497518279863,13.281455438668777,0.0,277,True
brain_cerebellar_hemisphere,raw,ENSG00000056487.17,PHF21B,-0.9358867825838499,14.412372075466736,0.487493698530274,0.7810264954623312,228.88263194674562,2.256153294281598,0.0,-0.7411084648796672,1.733497518279863,0.47786743106970564,0.47850349207050275,-0.0331107880693226,-0.4652068997100689,1.733497518279863,13.281455438668777,0.0,277,True
brain_cerebellum,excluded_at_or_below_-1,ENSG00000056487.17,PHF21B,0.5925262367132498,14.667970669589295,1.0041625493151523,0.5913888351487083,200.23746815923914,2.3067579606469013,0.06891262131607052,-0.5425569981337324,1.9687911878835913,0.9475737156638783,0.4517893139405653,-0.45215747166500586,0.22154906360187576,1.9687911878835913,14.652274774820208,1.0097266629761976,266,True
brain_cerebellum,raw,ENSG00000056487.17,PHF21B,0.5925262367132498,14.667970669589295,1.0041625493151523,0.5913888351487083,200.23746815923914,2.3067579606469013,0.06891262131607052,-0.5425569981337324,1.9687911878835913,0.9475737156638783,0.4517893139405653,-0.45215747166500586,0.22154906360187576,1.9687911878835913,14.652274774820208,1.0097266629761976,266,True
brain_cortex,excluded_at_or_below_-1,ENSG00000056487.17,PHF21B,1.5689205453545016,17.74327385446267,1.1691416093919453,0.4880283666067599,255.0174072303983,4.046945605025953,0.00024385215050428964,-0.3965533466392098,2.5656946519558055,1.2042559872834153,0.49316574934049723,0.09420624584386424,0.4803354776566868,2.5656946519558055,17.742382890669916,0.004326518222960374,270,True
brain_cortex,raw,ENSG00000056487.17,PHF21B,1.5689205453545016,17.74327385446267,1.1691416093919453,0.4880283666067599,255.0174072303983,4.046945605025953,0.00024385215050428964,-0.3965533466392098,2.5656946519558055,1.2042559872834153,0.49316574934049723,0.09420624584386424,0.4803354776566868,2.5656946519558055,17.742382890669916,0.004326518222960374,270,True
brain_frontal_cortex_ba9,excluded_at_or_below_-1,ENSG00000056487.17,PHF21B,1.6235688183523664,13.849463078491327,0.9320427347337369,0.6191157975419139,159.44238713495238,4.338164010464385,0.0,-0.124537600673719,2.831208421349968,1.0311930628918835,0.5592539682232717,0.4542956388674661,0.05816630633397413,2.831208421349968,13.848315411179174,0.0,269,True
brain_frontal_cortex_ba9,raw,ENSG00000056487.17,PHF21B,1.6235688183523664,13.849463078491327,0.9320427347337369,0.6191157975419139,159.44238713495238,4.338164010464385,0.0,-0.124537600673719,2.831208421349968,1.0311930628918835,0.5592539682232717,0.4542956388674661,0.05816630633397413,2.831208421349968,13.848315411179174,0.0,269,True
brain_hippocampus,excluded_at_or_below_-1,ENSG00000056487.17,PHF21B,1.5500698020489736,12.920196176151078,0.666196801328273,0.6397563331867681,278.6689899408962,4.10679730994076,0.0,-0.4971520966997869,2.524013511656102,0.724703671606202,0.5817723995370024,0.32795999601277886,0.07688935150835619,2.524013511656102,12.917289096137075,0.0,255,True
brain_hippocampus,raw,ENSG00000056487.17,PHF21B,1.5500698020489736,12.920196176151078,0.666196801328273,0.6397563331867681,278.6689899408962,4.10679730994076,0.0,-0.4971520966997869,2.524013511656102,0.724703671606202,0.5817723995370024,0.32795999601277886,0.07688935150835619,2.524013511656102,12.917289096137075,0.0,255,True
brain_hypothalamus,excluded_at_or_below_-1,ENSG00000056487.17,PHF21B,-0.12000653920483267,13.869936529998625,0.873966902505888,0.9099434966529857,176.43157038453106,3.129578282045391,0.0,-0.463044951262975,2.8876227468431677,0.8877301596370775,0.6018776236517097,0.14364311373241218,-0.13328572749293865,2.8876227468431677,13.766355886204499,0.0,257,True
brain_hypothalamus,raw,ENSG00000056487.17,PHF21B,-0.12000653920483267,13.869936529998625,0.873966902505888,0.9099434966529857,176.43157038453106,3.129578282045391,0.0,-0.463044951262975,2.8876227468431677,0.8877301596370775,0.6018776236517097,0.14364311373241218,-0.13328572749293865,2.8876227468431677,13.766355886204499,0.0,257,True
brain_nucleus_accumbens_basal_ganglia,excluded_at_or_below_-1,ENSG00000056487.17,PHF21B,0.855975935896883,23.389885183170716,1.340835414551263,0.5268365776570476,222.8956649696663,5.364772483780335,0.0,-0.1445221118167645,3.3393725877634983,1.2958943509641545,0.46849422864574786,0.0213861662467374,1.2238400824990823,3.3393725877634983,23.389452803796946,0.0,285,True
brain_nucleus_accumbens_basal_ganglia,raw,ENSG00000056487.17,PHF21B,0.855975935896883,23.389885183170716,1.340835414551263,0.5268365776570476,222.8956649696663,5.364772483780335,0.0,-0.1445221118167645,3.3393725877634983,1.2958943509641545,0.46849422864574786,0.0213861662467374,1.2238400824990823,3.3393725877634983,23.389452803796946,0.0,285,True
brain_putamen_basal_ganglia,excluded_at_or_below_-1,ENSG00000056487.17,PHF21B,1.133944231918803,16.77498165679784,0.990333904914178,0.5477165375272786,171.63351882153538,4.685748031536221,0.0,-0.3158886480921529,2.805096367842108,0.984645494357584,0.5099731807037157,0.3122154133200715,0.7056010726551332,2.805096367842108,16.774557602903045,0.0,254,True
brain_putamen_basal_ganglia,raw,ENSG00000056487.17,PHF21B,1.133944231918803,16.77498165679784,0.990333904914178,0.5477165375272786,171.63351882153538,4.685748031536221,0.0,-0.3158886480921529,2.805096367842108,0.984645494357584,0.5099731807037157,0.3122154133200715,0.7056010726551332,2.805096367842108,16.774557602903045,0.0,254,True
brain_spinal_cord_cervical_c-1,excluded_at_or_below_-1,ENSG00000056487.17,PHF21B,0.3532463565241434,12.11974524110833,0.23714094846484546,0.7417091122760293,70.3693884078898,4.2986342137103835,0.0,-0.7756361438359547,2.491635072605733,0.3285391026836009,0.5459080356294652,0.6124188864121832,0.5362019527363655,2.491635072605733,12.11849880385734,0.0,204,True
brain_spinal_cord_cervical_c-1,raw,ENSG00000056487.17,PHF21B,0.3532463565241434,12.11974524110833,0.23714094846484546,0.7417091122760293,70.3693884078898,4.2986342137103835,0.0,-0.7756361438359547,2.491635072605733,0.3285391026836009,0.5459080356294652,0.6124188864121832,0.5362019527363655,2.491635072605733,12.11849880385734,0.0,204,True
brain_substantia_nigra,excluded_at_or_below_-1,ENSG00000056487.17,PHF21B,0.6249322827980095,11.166138091217945,0.6699706023708423,0.6944314061041679,150.815521204182,4.619647773638759,0.0,-0.5134822896165909,2.938389308362304,0.7328708168354644,0.5810902261436431,0.5962966149138399,0.9298842989822651,2.938389308362304,11.165777254582126,0.0,183,True
brain_substantia_nigra,raw,ENSG00000056487.17,PHF21B,0.6249322827980095,11.166138091217945,0.6699706023708423,0.6944314061041679,150.815521204182,4.619647773638759,0.0,-0.5134822896165909,2.938389308362304,0.7328708168354644,0.5810902261436431,0.5962966149138399,0.9298842989822651,2.938389308362304,11.165777254582126,0.0,183,True
breast_mammary_tissue,excluded_at_or_below_-1,ENSG00000056487.17,PHF21B,0.7079289081260722,13756690437292.39,-32.76781166881014,6.202335524231328,776.9858084710293,7.8550929362350255,0.0,-0.9911502956938903,1.6823755312019282,-0.4008715710156195,0.5161926036636444,1.083156320544434,0.8196958741645117,1.6823755312019282,54.2649298563353,0.0,511,True
breast_mammary_tissue,raw,ENSG00000056487.17,PHF21B,0.22837974169088104,8266989270275.809,-34.34862548995179,6.571253914524259,760.9402359881537,7.754308534231015,0.0,-1.0,1.6823755312019282,-0.40436842955054775,0.5167044496663489,1.0848163836461924,0.822002252379844,1.6823755312019282,53.244412059190154,0.0,514,True
cells_cultured_fibroblasts,excluded_at_or_below_-1,ENSG00000056487.17,PHF21B,2.1877786734495106,76.35414267034142,-0.978299876335329,0.023854088323111727,1193.5975984854567,14.939622268301804,0.0,-0.9917081799186362,-0.7263074767546065,-0.9625557660960077,0.028241874398136933,2.812604499870052,14.51782863656134,-0.7263074767546065,76.35233351108067,0.0,471,True
cells_cultured_fibroblasts,raw,ENSG00000056487.17,PHF21B,0.6168282329506579,615204627081.9565,-2.176796033276079,0.25066139029062334,5764.219035228335,8.183552266750413,0.0,-1.0,-0.7263074767546065,-0.9729505610908276,0.029282213590841967,2.3500498148972206,11.24788820068163,-0.7263074767546065,164.74560187423862,0.0,652,True
cells_ebv-transformed_lymphocytes,excluded_at_or_below_-1,ENSG00000056487.17,PHF21B,1.1883323522741,50.816263083570576,-1.094735098794669,0.21605817821189746,374.8128812297097,5.7797167663775655,0.0,-0.9923193752698526,-0.2117319171331628,-0.8611000257074402,0.1399089732200992,2.2235527851348085,6.129307673957923,-0.2117319171331628,40.59001809248136,0.0,298,True
cells_ebv-transformed_lymphocytes,raw,ENSG00000056487.17,PHF21B,0.785334166852304,845.7647984854623,-1.6983413010507658,0.41946025487245137,443.72997249012195,5.012115279734129,0.0,-1.0,-0.2117319171331628,-0.8734183720514285,0.1392741485384206,2.231337467714588,6.299105518247176,-0.2117319171331628,52.90176610020539,0.0,327,True
cervix_ectocervix,excluded_at_or_below_-1,ENSG00000056487.17,PHF21B,0.4701440103124837,1.0440369239718974,2.108267469847408,0.3308565309806163,14.43987829625653,11.082853441665097,0.0,-0.0137463589394571,4.701110970034773,2.3376595827724604,1.203930757771668,-0.13655955465703068,-0.5247603337302786,4.701110970034773,1.0439384068036288,0.0,24,True
cervix_ectocervix,raw,ENSG00000056487.17,PHF21B,0.4701440103124837,1.0440369239718974,2.108267469847408,0.3308565309806163,14.43987829625653,11.082853441665097,0.0,-0.0137463589394571,4.701110970034773,2.3376595827724604,1.203930757771668,-0.13655955465703068,-0.5247603337302786,4.701110970034773,1.0439384068036288,0.0,24,True
cervix_endocervix,excluded_at_or_below_-1,ENSG00000056487.17,PHF21B,0.5000000941568961,8.342960440576634,1.6779015448519916,0.025629387339941582,15.5000016498148,144.50040207519504,0.0,1.6107543865637322,4.296640944683481,2.8902500304447964,0.8322168981329175,-0.07030349607989837,-1.149820550380514,4.296640944683481,8.342800821359619,0.0,23,True
cervix_endocervix,raw,ENSG00000056487.17,PHF21B,0.5000000941568961,8.342960440576634,1.6779015448519916,0.025629387339941582,15.5000016498148,144.50040207519504,0.0,1.6107543865637322,4.296640944683481,2.8902500304447964,0.8322168981329175,-0.07030349607989837,-1.149820550380514,4.296640944683481,8.342800821359619,0.0,23,True
colon_sigmoid,excluded_at_or_below_-1,ENSG00000056487.17,PHF21B,0.9909613478569965,35.51317162934751,-0.6747760133184048,0.3123453041800424,589.8167783649209,7.255927579992822,0.0,-0.9846051984545264,0.9277789100541314,-0.5860898474445291,0.2575625539795651,1.553082510080591,4.168019402048024,0.9277789100541314,35.51316405167674,0.0,418,True
colon_sigmoid,raw,ENSG00000056487.17,PHF21B,1.017176831476498,36.14780398860076,-0.672214628735703,0.3037306445043259,694.9785014843585,7.449800022511985,0.0,-1.0,0.9277789100541314,-0.5870776998372628,0.25804776084138953,1.5422528803829674,4.1366289411123685,0.9277789100541314,36.147712138231924,0.0,419,True
colon_transverse,excluded_at_or_below_-1,ENSG00000056487.17,PHF21B,2.690424888101901,55.733117203828535,-0.8991845733363586,0.2235418899667918,1522.9894251543128,10.301140160303946,0.0,-0.9906399273956736,0.7290959081371045,-0.7336175127756406,0.23457035537866217,1.9004835892599743,5.1301277707816215,0.7290959081371045,55.732923253734235,0.0,477,True
colon_transverse,raw,ENSG00000056487.17,PHF21B,3.2160709089876507,57.07206975027416,-0.8781052721517799,0.17990850807076336,1375.9071387859774,12.633786645224012,0.0,-1.0,0.7290959081371045,-0.7347297569811703,0.23470980242119258,1.8972604663267578,5.119638716515285,0.7290959081371045,57.071311070792135,0.0,479,True
esophagus_gastroesophageal_junction,excluded_at_or_below_-1,ENSG00000056487.17,PHF21B,1.7205887702545974,28.66430328449973,-0.14458484050606552,0.5039226755760244,542.466716023459,6.3636812942438254,0.0,-0.8838681695201597,2.1229675219018644,0.007206566150675647,0.47991146776092003,1.0762287949329052,1.3134598088630627,2.1229675219018644,28.664088663461662,0.0,403,True
esophagus_gastroesophageal_junction,raw,ENSG00000056487.17,PHF21B,1.7205887702545974,28.66430328449973,-0.14458484050606552,0.5039226755760244,542.466716023459,6.3636812942438254,0.0,-0.8838681695201597,2.1229675219018644,0.007206566150675647,0.47991146776092003,1.0762287949329052,1.3134598088630627,2.1229675219018644,28.664088663461662,0.0,403,True
esophagus_mucosa,excluded_at_or_below_-1,ENSG00000056487.17,PHF21B,1.9603231113118003,54.874998444636354,-0.790833358776231,0.21451795911108154,1041.9003832471185,8.025617007831931,0.0,-0.9797872733904422,0.4265492395339745,-0.7076014892469159,0.20564724141953777,1.9646163293765113,5.631156119800542,0.4265492395339745,54.87347758360406,0.0,609,True
esophagus_mucosa,raw,ENSG00000056487.17,PHF21B,2.1132779007444884,56.461450997823235,-0.7841526736826355,0.20171810717396582,1204.2886865398636,8.48803852886323,0.0,-1.0,0.4265492395339745,-0.7099825846113548,0.2064885571171891,1.9363022666762153,5.543409611257115,0.4265492395339745,56.46039143761688,0.0,614,True
esophagus_muscularis,excluded_at_or_below_-1,ENSG00000056487.17,PHF21B,1.8877780080743727,31.043912826783718,-0.11634439145784248,0.5132542964615495,692.000946790862,4.162211693112628,0.0,-0.8958633182874088,1.394228757542244,-0.03364397687830786,0.410170673693257,0.6004483331993672,0.24153655058984969,1.394228757542244,31.0385210412153,0.0,561,True
esophagus_muscularis,raw,ENSG00000056487.17,PHF21B,1.8877780080743727,31.043912826783718,-0.11634439145784248,0.5132542964615495,692.000946790862,4.162211693112628,0.0,-0.8958633182874088,1.394228757542244,-0.03364397687830786,0.410170673693257,0.6004483331993672,0.24153655058984969,1.394228757542244,31.0385210412153,0.0,561,True
fallopian_tube,excluded_at_or_below_-1,ENSG00000056487.17,PHF21B,0.18905618961902823,1.2679629296828674,1.2638071359830014,0.7670594716332565,17.725169143458146,3.8728456820125547,0.0,0.2444974179771426,3.364411345701338,1.4131670706082036,0.7031167964834512,0.7385390707479328,0.6152755695571424,3.364411345701338,1.2672559964201175,0.0,29,True
fallopian_tube,raw,ENSG00000056487.17,PHF21B,0.18905618961902823,1.2679629296828674,1.2638071359830014,0.7670594716332565,17.725169143458146,3.8728456820125547,0.0,0.2444974179771426,3.364411345701338,1.4131670706082036,0.7031167964834512,0.7385390707479328,0.6152755695571424,3.364411345701338,1.2672559964201175,0.0,29,True
heart_atrial_appendage,excluded_at_or_below_-1,ENSG00000056487.17,PHF21B,2.2207245962557356,26.29892770328976,-0.38214811700862783,0.34457923188333917,385.0117537677597,4.719479572952209,0.0,-0.9395624149050156,0.7677734290753373,-0.3014179184233755,0.31167854176979765,0.7828237670485233,0.5642816266299726,0.7677734290753373,26.29820045171292,0.0,461,True
heart_atrial_appendage,raw,ENSG00000056487.17,PHF21B,2.2207245962557356,26.29892770328976,-0.38214811700862783,0.34457923188333917,385.0117537677597,4.719479572952209,0.0,-0.9395624149050156,0.7677734290753373,-0.3014179184233755,0.31167854176979765,0.7828237670485233,0.5642816266299726,0.7677734290753373,26.29820045171292,0.0,461,True
heart_left_ventricle,excluded_at_or_below_-1,ENSG00000056487.17,PHF21B,1.637792359928367,57.54685691660293,-0.9150902093277543,0.09283049343199506,1014.6920535211169,12.147474995567713,0.0,-0.9920912227740192,-0.117716935733114,-0.8676998216732695,0.1109012130437672,2.8212518706044114,11.936963636855149,-0.117716935733114,57.54597055111295,0.0,447,True
heart_left_ventricle,raw,ENSG00000056487.17,PHF21B,1.7540580007764588,58.83847145723653,-0.9127618517297307,0.08763821340347536,1302.7650991054606,12.829600915319503,0.0,-1.0,-0.117716935733114,-0.8691633192211317,0.11115138035810392,2.7919742918021306,11.806934038330702,-0.117716935733114,58.8376092857795,0.0,452,True
kidney_cortex,excluded_at_or_below_-1,ENSG00000056487.17,PHF21B,0.5949394928897026,5.868050996991704,0.13237670966787404,0.43194530236090584,94.54211581268184,5.240683371875216,0.0,-0.4393985093938153,1.7330462435138587,0.2606414163937968,0.4578113507941952,1.2001260280787494,1.589576314796802,1.7330462435138587,5.867994929884257,0.0,104,True
kidney_cortex,raw,ENSG00000056487.17,PHF21B,0.5949394928897026,5.868050996991704,0.13237670966787404,0.43194530236090584,94.54211581268184,5.240683371875216,0.0,-0.4393985093938153,1.7330462435138587,0.2606414163937968,0.4578113507941952,1.2001260280787494,1.589576314796802,1.7330462435138587,5.867994929884257,0.0,104,True
kidney_medulla,excluded_at_or_below_-1,ENSG00000056487.17,PHF21B,0.2750000000043049,0.11829876748963045,-5.283362495785501,1.0044655489082197,7.974999999996738,9.917797239555876,0.0,-0.3789745140745051,1.7608958208114802,0.8512997475610891,0.6613668628618059,-0.5750759414663318,-0.679922777817493,1.7608958208114802,5.2427506780361455e-12,0.0,11,True
kidney_medulla,raw,ENSG00000056487.17,PHF21B,0.2750000000043049,0.11829876748963045,-5.283362495785501,1.0044655489082197,7.974999999996738,9.917797239555876,0.0,-0.3789745140745051,1.7608958208114802,0.8512997475610891,0.6613668628618059,-0.5750759414663318,-0.679922777817493,1.7608958208114802,5.2427506780361455e-12,0.0,11,True
liver,excluded_at_or_below_-1,ENSG00000056487.17,PHF21B,0.11573047077146337,78143841085.1594,-1.6928714147898225,0.15734958565696933,4.493268661330886,13.64375753115858,0.0,-0.9949680093045752,-0.1748265795179189,-0.9699833346811022,0.06377395943332485,10.87541099158113,131.02912152528617,-0.1748265795179189,223.480195634419,0.0,183,True
liver,raw,ENSG00000056487.17,PHF21B,0.100514966274745,137309527833.48523,-1.7146024007209226,0.16028969322915518,3.617655936022573,13.585226881970089,0.0,-1.0,-0.1748265795179189,-0.9790341612467242,0.055014177857824774,12.253560210548095,173.43699481145788,-0.1748265795179189,320.54351099052843,0.0,262,True
lung,excluded_at_or_below_-1,ENSG00000056487.17,PHF21B,1.941731530636864,67.27328023310697,-0.8342482658465453,0.2919591339667761,1183.5010017204554,9.117539408430114,0.0,-0.9841242508666356,1.0480338592989478,-0.6905813183929009,0.23968912701025422,1.8888282452270344,6.258946539745489,1.0480338592989478,67.27299396281829,0.0,603,True
lung,raw,ENSG00000056487.17,PHF21B,2.268529112622946,67.61059122730995,-0.8115983112214628,0.2580183744350996,1845.6605728021036,10.192750971062312,0.0,-1.0,1.0480338592989478,-0.6910936009783432,0.23982100058563174,1.8854331970840719,6.243950385454818,1.0480338592989478,67.61046551095895,0.0,604,True
minor_salivary_gland,excluded_at_or_below_-1,ENSG00000056487.17,PHF21B,0.6556817728082508,7.718089694505965,-0.6651132294042241,0.28868114003976963,103.28120072829367,3.192971273693188,0.0,-0.9511137713680284,-0.013337138488183,-0.6066328760249748,0.19539947771464275,0.5262343431474843,-0.3834568451510627,-0.013337138488183,7.670895173543695,0.0,181,True
minor_salivary_gland,raw,ENSG00000056487.17,PHF21B,0.6556817728082508,7.718089694505965,-0.6651132294042241,0.28868114003976963,103.28120072829367,3.192971273693188,0.0,-0.9511137713680284,-0.013337138488183,-0.6066328760249748,0.19539947771464275,0.5262343431474843,-0.3834568451510627,-0.013337138488183,7.670895173543695,0.0,181,True
muscle_skeletal,excluded_at_or_below_-1,ENSG00000056487.17,PHF21B,3.5635486417678273,180.675665112931,-0.8963176592554084,0.1437665023541925,2568.5214973071306,21.74762277155054,0.0,-0.9947983740037782,1.3145080205222,-0.7997098597407013,0.20321411895240285,3.6743816492703347,23.140591294445922,1.3145080205222,180.64870357631006,0.0,810,True
muscle_skeletal,raw,ENSG00000056487.17,PHF21B,3.671800765835457,183.37819966193885,-0.8925882346084046,0.13748943350272091,2498.30194340718,22.702147924747972,0.0,-1.0,1.3145080205222,-0.8016686875182983,0.2031762376829855,3.659971253475382,23.053551313628024,1.3145080205222,183.37231400027022,0.0,818,True
nerve_tibial,excluded_at_or_below_-1,ENSG00000056487.17,PHF21B,1.2596502168869603,39.18599219391398,0.17265723138325256,0.4252444877571073,627.4935009184851,3.8405165624749076,0.0,-0.5658100179262744,1.327474680306481,0.19157223555539582,0.3208346683333667,0.28359439421000926,0.1884321511208067,1.327474680306481,39.161143148838235,0.0,670,True
nerve_tibial,raw,ENSG00000056487.17,PHF21B,1.2596502168869603,39.18599219391398,0.17265723138325256,0.4252444877571073,627.4935009184851,3.8405165624749076,0.0,-0.5658100179262744,1.327474680306481,0.19157223555539582,0.3208346683333667,0.28359439421000926,0.1884321511208067,1.327474680306481,39.161143148838235,0.0,670,True
ovary,excluded_at_or_below_-1,ENSG00000056487.17,PHF21B,1.093474692415566,10.251027021570962,1.8838044995625054,0.5328867826019702,156.124306039377,2.804323597361274,0.019348675459600822,0.3523065529063358,2.9404956662523536,1.8499627202899287,0.4986900798557146,-0.4510648931732231,0.346588541922523,2.9404956662523536,10.248241969339832,0.1982899078962168,193,True
ovary,raw,ENSG00000056487.17,PHF21B,1.093474692415566,10.251027021570962,1.8838044995625054,0.5328867826019702,156.124306039377,2.804323597361274,0.019348675459600822,0.3523065529063358,2.9404956662523536,1.8499627202899287,0.4986900798557146,-0.4510648931732231,0.346588541922523,2.9404956662523536,10.248241969339832,0.1982899078962168,193,True
pancreas,excluded_at_or_below_-1,ENSG00000056487.17,PHF21B,1.9701950072526564,39.281718793060115,-0.8289595633126119,0.14621820354897536,455.47082492986294,11.499969630622191,0.0,-0.9852947887835574,0.3600439542577698,-0.7424048511872365,0.19324516713024315,2.058062359073427,5.950675223186343,0.3600439542577698,39.280286299100595,0.0,362,True
pancreas,raw,ENSG00000056487.17,PHF21B,1.9701950072526564,39.281718793060115,-0.8289595633126119,0.14621820354897536,455.47082492986294,11.499969630622191,0.0,-0.9852947887835574,0.3600439542577698,-0.7424048511872365,0.19324516713024315,2.058062359073427,5.950675223186343,0.3600439542577698,39.280286299100595,0.0,362,True
pituitary,excluded_at_or_below_-1,ENSG00000056487.17,PHF21B,2.189431939750812,27.915349641118095,4.038058033220629,0.3999891473802126,262.8241256187616,3.353644277182472,0.0036121209517200594,1.4761301985887334,4.98658614151836,3.842593318848362,0.5659250499702494,-1.341012443302754,2.250450512333427,4.98658614151836,27.915215339826485,0.10083313420076445,313,True
pituitary,raw,ENSG00000056487.17,PHF21B,2.189431939750812,27.915349641118095,4.038058033220629,0.3999891473802126,262.8241256187616,3.353644277182472,0.0036121209517200594,1.4761301985887334,4.98658614151836,3.842593318848362,0.5659250499702494,-1.341012443302754,2.250450512333427,4.98658614151836,27.915215339826485,0.10083313420076445,313,True
prostate,excluded_at_or_below_-1,ENSG00000056487.17,PHF21B,1.0716287324668856,15.211558818235849,2.174022565909456,0.9906233133609177,205.11496841179982,2.8394169187719136,0.015767501711965778,-0.2936913666081594,4.162967284673803,2.0668577964300314,0.8190539259773186,-0.4640637288569907,0.11329862003799107,4.162967284673803,15.180764641750272,0.23936273247774698,282,True
prostate,raw,ENSG00000056487.17,PHF21B,1.0716287324668856,15.211558818235849,2.174022565909456,0.9906233133609177,205.11496841179982,2.8394169187719136,0.015767501711965778,-0.2936913666081594,4.162967284673803,2.0668577964300314,0.8190539259773186,-0.4640637288569907,0.11329862003799107,4.162967284673803,15.180764641750272,0.23936273247774698,282,True
skin_not_sun_exposed_suprapubic,excluded_at_or_below_-1,ENSG00000056487.17,PHF21B,1.3361826367978302,123.39827176156375,-0.8910135308287935,0.16361739285636137,1514.6744471761076,16.146224719708236,0.0,-0.9901641285947532,0.97702342158069,-0.8212497303692547,0.1550559188390882,4.428242381737487,39.45795804697027,0.97702342158069,123.39645957952266,0.0,640,True
skin_not_sun_exposed_suprapubic,raw,ENSG00000056487.17,PHF21B,1.3015622187324123,121.06359202288095,-0.896034525207059,0.17101311935737704,1632.3311804087336,15.489478008540114,0.0,-1.0,0.97702342158069,-0.824270088227839,0.15545755503406827,4.352183808106767,38.674517150065114,0.97702342158069,121.05233983000844,0.0,651,True
skin_sun_exposed_lower_leg,excluded_at_or_below_-1,ENSG00000056487.17,PHF21B,0.8673019388930723,145.1506324147896,-0.869988016651809,0.18204427271659077,252.03882631290634,16.301453719561724,0.0,-0.991102978679855,1.228412370359806,-0.8090547399927095,0.16548164323553255,4.749118974981245,42.87556887414459,1.228412370359806,145.1447167862607,0.0,734,True
skin_sun_exposed_lower_leg,raw,ENSG00000056487.17,PHF21B,0.8955162285452594,147.46196985605923,-0.8774630601867828,0.18501880502524357,190.45493785604526,16.096512968727332,0.0,-1.0,1.228412370359806,-0.8141196010008604,0.16613111570188227,4.620085720460655,41.56587352944668,1.228412370359806,147.4617412779658,0.0,754,True
small_intestine_terminal_ileum,excluded_at_or_below_-1,ENSG00000056487.17,PHF21B,0.49781633539212544,15.66390622846234,-0.7944589683014605,0.34324666311875157,171.99756626134734,5.758400186613995,0.0,-0.9787377592687652,0.6031741060419464,-0.6547915769219648,0.25104387366097913,1.706369449416963,4.336967958863809,0.6031741060419464,15.66385963337065,0.0,207,True
small_intestine_terminal_ileum,raw,ENSG00000056487.17,PHF21B,0.49781633539212544,15.66390622846234,-0.7944589683014605,0.34324666311875157,171.99756626134734,5.758400186613995,0.0,-0.9787377592687652,0.6031741060419464,-0.6547915769219648,0.25104387366097913,1.706369449416963,4.336967958863809,0.6031741060419464,15.66385963337065,0.0,207,True
spleen,excluded_at_or_below_-1,ENSG00000056487.17,PHF21B,0.5243197155725942,47.80936687953801,-0.9087975891976049,0.16651527607423225,100.46622421388066,13.614426317197,0.0,-0.9882582080089328,0.6942205242733457,-0.8263680564011459,0.1670205963475041,3.9636762974159563,26.55424611951242,0.6942205242733457,47.808224774047055,0.0,273,True
spleen,raw,ENSG00000056487.17,PHF21B,0.5149913950155954,46.43034812496372,-0.9081755511380623,0.16923564465736166,153.04783656207405,13.390383962718333,0.0,-1.0,0.6942205242733457,-0.828875376886328,0.16709940259564196,3.9294146281872337,26.321345210732765,0.6942205242733457,46.42754417458145,0.0,277,True
stomach,excluded_at_or_below_-1,ENSG00000056487.17,PHF21B,2.802998071254116,40.16837308898411,-0.5567889840715851,0.37162106783271864,938.6926233333718,11.173887473275395,0.0,-0.926460794061888,2.379437979904983,-0.3207545196932196,0.4362325906654344,1.3668534507615318,3.206607949159065,2.379437979904983,40.168369992573986,0.0,407,True
stomach,raw,ENSG00000056487.17,PHF21B,2.802998071254116,40.16837308898411,-0.5567889840715851,0.37162106783271864,938.6926233333718,11.173887473275395,0.0,-0.926460794061888,2.379437979904983,-0.3207545196932196,0.4362325906654344,1.3668534507615318,3.206607949159065,2.379437979904983,40.168369992573986,0.0,407,True
testis,excluded_at_or_below_-1,ENSG00000056487.17,PHF21B,0.39925907774305813,29.33983935742934,2.315416518940352,0.35669049093945804,406.02542883389197,3.845202585442361,0.0,1.421619186412317,3.2852468433374744,2.325852011496938,0.2668368720021127,0.1438615960073397,0.3731639197969008,3.2852468433374744,29.32159943996645,0.0,414,True
testis,raw,ENSG00000056487.17,PHF21B,0.39925907774305813,29.33983935742934,2.315416518940352,0.35669049093945804,406.02542883389197,3.845202585442361,0.0,1.421619186412317,3.2852468433374744,2.325852011496938,0.2668368720021127,0.1438615960073397,0.3731639197969008,3.2852468433374744,29.32159943996645,0.0,414,True
thyroid,excluded_at_or_below_-1,ENSG00000056487.17,PHF21B,-1.428496187083067,38.704503446819,1.2470940002000472,1.006326981458774,645.9244090989966,2.099772213223611,0.10137249880578666,-0.9138997060918378,2.7412512401706133,1.1959341021665855,0.6301465915580577,-0.2643164368888053,-0.37071831742690575,2.7412512401706133,38.31981779436825,3.884575683597558,684,True
thyroid,raw,ENSG00000056487.17,PHF21B,-1.428496187083067,38.704503446819,1.2470940002000472,1.006326981458774,645.9244090989966,2.099772213223611,0.10137249880578666,-0.9138997060918378,2.7412512401706133,1.1959341021665855,0.6301465915580577,-0.2643164368888053,-0.37071831742690575,2.7412512401706133,38.31981779436825,3.884575683597558,684,True
uterus,excluded_at_or_below_-1,ENSG00000056487.17,PHF21B,0.30849308342725595,7.5082111138785965,1.4795421248923815,1.267724348171656,128.93037376658629,3.0760661632564914,0.0,-0.4884105183400826,4.236978537256836,1.575792717775971,0.9170497946098989,0.2551444530523666,-0.12030088883768109,4.236978537256836,7.441950423592161,0.0,153,True
uterus,raw,ENSG00000056487.17,PHF21B,0.30849308342725595,7.5082111138785965,1.4795421248923815,1.267724348171656,128.93037376658629,3.0760661632564914,0.0,-0.4884105183400826,4.236978537256836,1.575792717775971,0.9170497946098989,0.2551444530523666,-0.12030088883768109,4.236978537256836,7.441950423592161,0.0,153,True
vagina,excluded_at_or_below_-1,ENSG00000056487.17,PHF21B,0.44321887527227927,8.798229283605657,0.877174256991538,1.5818192617398523,202.87101681982017,3.8851917633514113,0.0,-0.8837856427891553,5.222820013994216,1.1817207275380048,1.1367094566758875,0.6576367890873239,0.26089519036616204,5.222820013994216,8.793562230878162,0.0,170,True
vagina,raw,ENSG00000056487.17,PHF21B,0.44321887527227927,8.798229283605657,0.877174256991538,1.5818192617398523,202.87101681982017,3.8851917633514113,0.0,-0.8837856427891553,5.222820013994216,1.1817207275380048,1.1367094566758875,0.6576367890873239,0.26089519036616204,5.222820013994216,8.793562230878162,0.0,170,True
whole_blood,excluded_at_or_below_-1,ENSG00000056487.17,PHF21B,0.14018617598763092,119.09388720557344,-1.010984733194366,0.05280189678325764,118.81222926274951,11.832953836274369,0.0,-0.992742772665786,-0.5691827142294414,-0.9652008092281187,0.035253917676442495,6.569751792935422,62.06674384644526,-0.5691827142294414,105.69485615482994,0.0,334,True
whole_blood,raw,ENSG00000056487.17,PHF21B,3.7332376362041026,212301341321.42532,-1.326708479381284,0.07443155769872084,6283.415201729971,14.393131677576095,0.0,-1.0,-0.5691827142294414,-0.9855256167897779,0.028470991947816583,6.6132829773431725,77.28063371654045,-0.5691827142294414,911.0568357097663,0.0,803,True
adipose_subcutaneous,excluded_at_or_below_-1,ENSG00000040633.13,PHF23,0.46719055307125446,53.394049940822875,3.466813843559884,0.530663917565305,394.5614608536006,3.7451309638562322,0.0004965579805131664,1.9833530061827191,4.872122010552813,3.4555419966224723,0.390916326992719,-0.07377033733380345,0.30763515065481295,4.872122010552813,53.37179585754842,0.026502191167385225,714,True
adipose_subcutaneous,raw,ENSG00000040633.13,PHF23,0.46719055307125446,53.394049940822875,3.466813843559884,0.530663917565305,394.5614608536006,3.7451309638562322,0.0004965579805131664,1.9833530061827191,4.872122010552813,3.4555419966224723,0.390916326992719,-0.07377033733380345,0.30763515065481295,4.872122010552813,53.37179585754842,0.026502191167385225,714,True
adipose_visceral_omentum,excluded_at_or_below_-1,ENSG00000040633.13,PHF23,0.9324113506587338,39.91495203980268,3.7138618459340877,0.5202029731411963,365.79902771832985,3.1570911306716507,0.006642427566593951,2.199289145552164,4.875163247892937,3.707511888958608,0.4011601928144756,-0.16660122364699403,0.3156004145138911,4.875163247892937,39.90663564939633,0.26507693672757104,587,True
adipose_visceral_omentum,raw,ENSG00000040633.13,PHF23,0.9324113506587338,39.91495203980268,3.7138618459340877,0.5202029731411963,365.79902771832985,3.1570911306716507,0.006642427566593951,2.199289145552164,4.875163247892937,3.707511888958608,0.4011601928144756,-0.16660122364699403,0.3156004145138911,4.875163247892937,39.90663564939633,0.26507693672757104,587,True
adrenal_gland,excluded_at_or_below_-1,ENSG00000040633.13,PHF23,2.188344221298186,21.462361945891427,4.462531473201801,0.3996111083265299,304.22159575634214,2.849168197274787,0.017268385101924057,2.3429685507327545,5.267614447523685,4.290611949709321,0.4920477953860494,-1.017038541219658,1.2246111444155314,5.267614447523685,21.462323138614842,0.3706196611395365,295,True
adrenal_gland,raw,ENSG00000040633.13,PHF23,2.188344221298186,21.462361945891427,4.462531473201801,0.3996111083265299,304.22159575634214,2.849168197274787,0.017268385101924057,2.3429685507327545,5.267614447523685,4.290611949709321,0.4920477953860494,-1.017038541219658,1.2246111444155314,5.267614447523685,21.462323138614842,0.3706196611395365,295,True
artery_aorta,excluded_at_or_below_-1,ENSG00000040633.13,PHF23,0.5814323734510581,31.524255897811756,3.729520461919367,0.4547727590572183,320.95747846389116,3.655808572574854,0.0,2.6411644967805534,4.905129433130947,3.735946425994337,0.3448672837689174,0.0988432588735854,0.3557219645883132,4.905129433130947,31.484762048701537,0.0,472,True
artery_aorta,raw,ENSG00000040633.13,PHF23,0.5814323734510581,31.524255897811756,3.729520461919367,0.4547727590572183,320.95747846389116,3.655808572574854,0.0,2.6411644967805534,4.905129433130947,3.735946425994337,0.3448672837689174,0.0988432588735854,0.3557219645883132,4.905129433130947,31.484762048701537,0.0,472,True
artery_coronary,excluded_at_or_below_-1,ENSG00000040633.13,PHF23,1.1490896190133575,16.787939023746205,3.6561713352764107,0.3876476363708455,280.687369118878,3.9352598832919727,0.0,2.6572169660388862,4.734858623286374,3.6732751206178778,0.3494064626302037,0.11974910870483445,0.4283657642280243,4.734858623286374,16.780657880415134,0.0,268,True
artery_coronary,raw,ENSG00000040633.13,PHF23,1.1490896190133575,16.787939023746205,3.6561713352764107,0.3876476363708455,280.687369118878,3.9352598832919727,0.0,2.6572169660388862,4.734858623286374,3.6732751206178778,0.3494064626302037,0.11974910870483445,0.4283657642280243,4.734858623286374,16.780657880415134,0.0,268,True
artery_tibial,excluded_at_or_below_-1,ENSG00000040633.13,PHF23,0.9890043361058565,44.79564177078242,3.7125304276238107,0.5414931791341449,740.2708531982539,3.556550819029993,0.0,2.436000553414666,5.074310614851731,3.7055313701962582,0.41092076305736863,-0.07761493074212138,0.16211916617711264,5.074310614851731,44.71528285382563,0.0,691,True
artery_tibial,raw,ENSG00000040633.13,PHF23,0.9890043361058565,44.79564177078242,3.7125304276238107,0.5414931791341449,740.2708531982539,3.556550819029993,0.0,2.436000553414666,5.074310614851731,3.7055313701962582,0.41092076305736863,-0.07761493074212138,0.16211916617711264,5.074310614851731,44.71528285382563,0.0,691,True
bladder,excluded_at_or_below_-1,ENSG00000040633.13,PHF23,0.9735765425122915,2.506111978268658,3.995345871879825,0.2960109277801897,49.11616313477945,2.4819144372265627,0.0457280881490327,3.1418251297000284,4.514838694450185,3.884258287171185,0.3373301922946193,-0.5038825670738238,-0.38712687653663647,4.514838694450185,2.505478097525057,0.11457072329909657,77,True
bladder,raw,ENSG00000040633.13,PHF23,0.9735765425122915,2.506111978268658,3.995345871879825,0.2960109277801897,49.11616313477945,2.4819144372265627,0.0457280881490327,3.1418251297000284,4.514838694450185,3.884258287171185,0.3373301922946193,-0.5038825670738238,-0.38712687653663647,4.514838694450185,2.505478097525057,0.11457072329909657,77,True
brain_amygdala,excluded_at_or_below_-1,ENSG00000040633.13,PHF23,-0.0026183196316961663,8.718478436923677,2.761332207433525,0.9744209074377962,174.04098430667813,1.839849080396353,0.16831929682137128,0.8204240720771252,4.029024342601607,2.702755417381729,0.6314919815619496,-0.26628792001418344,-0.320151837349544,4.029024342601607,8.553488246371746,1.4397171269991564,181,True
brain_amygdala,raw,ENSG00000040633.13,PHF23,-0.0026183196316961663,8.718478436923677,2.761332207433525,0.9744209074377962,174.04098430667813,1.839849080396353,0.16831929682137128,0.8204240720771252,4.029024342601607,2.702755417381729,0.6314919815619496,-0.26628792001418344,-0.320151837349544,4.029024342601607,8.553488246371746,1.4397171269991564,181,True
brain_anterior_cingulate_cortex_ba24,excluded_at_or_below_-1,ENSG00000040633.13,PHF23,2.2523376033068625,9.492537478332178,3.2345355956114044,0.6300852593298623,230.23045432916763,2.258315023201196,0.07800232138553201,1.3086637592631214,4.240699759851582,3.027113099510309,0.6411467751670044,-0.5440349313250389,-0.31525940469755165,4.240699759851582,9.491591766246167,0.7403661914110029,233,True
brain_anterior_cingulate_cortex_ba24,raw,ENSG00000040633.13,PHF23,2.2523376033068625,9.492537478332178,3.2345355956114044,0.6300852593298623,230.23045432916763,2.258315023201196,0.07800232138553201,1.3086637592631214,4.240699759851582,3.027113099510309,0.6411467751670044,-0.5440349313250389,-0.31525940469755165,4.240699759851582,9.491591766246167,0.7403661914110029,233,True
brain_caudate_basal_ganglia,excluded_at_or_below_-1,ENSG00000040633.13,PHF23,2.711924154041251,16.533367820779773,3.038062601690823,0.6015546945540543,384.1462133976284,2.9203431000443496,0.014063304468337241,0.6048731253660402,4.280269682912943,2.7615166463107768,0.686302054969367,-0.6847761068989465,0.024087037208866846,4.280269682912943,16.533019035554886,0.2325088804778237,300,True
brain_caudate_basal_ganglia,raw,ENSG00000040633.13,PHF23,2.711924154041251,16.533367820779773,3.038062601690823,0.6015546945540543,384.1462133976284,2.9203431000443496,0.014063304468337241,0.6048731253660402,4.280269682912943,2.7615166463107768,0.686302054969367,-0.6847761068989465,0.024087037208866846,4.280269682912943,16.533019035554886,0.2325088804778237,300,True
brain_cerebellar_hemisphere,excluded_at_or_below_-1,ENSG00000040633.13,PHF23,2.0732962639794037,18.171620072899724,3.7039166571822344,0.4436411424344346,392.39284710038476,2.4233091945343044,0.05306654686001136,1.541279409690664,4.464112774755206,3.448365138043935,0.5851714331182624,-1.253197920335724,1.1963227482533707,4.464112774755206,18.171526032225835,0.9643001377070286,277,True
brain_cerebellar_hemisphere,raw,ENSG00000040633.13,PHF23,2.0732962639794037,18.171620072899724,3.7039166571822344,0.4436411424344346,392.39284710038476,2.4233091945343044,0.05306654686001136,1.541279409690664,4.464112774755206,3.448365138043935,0.5851714331182624,-1.253197920335724,1.1963227482533707,4.464112774755206,18.171526032225835,0.9643001377070286,277,True
brain_cerebellum,excluded_at_or_below_-1,ENSG00000040633.13,PHF23,2.084082292161298,20.521148582902576,3.5436030914294725,0.3286340372480252,271.39029053805507,2.8576692704782003,0.016854708183477497,1.5951407928235315,4.207666436926587,3.36994102268014,0.450598854247132,-1.1671199824541414,1.5080322728973403,4.207666436926587,20.520910827868327,0.34587396366288425,266,True
brain_cerebellum,raw,ENSG00000040633.13,PHF23,2.084082292161298,20.521148582902576,3.5436030914294725,0.3286340372480252,271.39029053805507,2.8576692704782003,0.016854708183477497,1.5951407928235315,4.207666436926587,3.36994102268014,0.450598854247132,-1.1671199824541414,1.5080322728973403,4.207666436926587,20.520910827868327,0.34587396366288425,266,True
brain_cortex,excluded_at_or_below_-1,ENSG00000040633.13,PHF23,2.129092325280291,19.164831704043483,3.4873459444753827,0.4332366101808467,462.2708826110221,3.521990445301354,0.002024954068289773,1.3821775109102532,4.566288504643775,3.268279495033493,0.5219388021774076,-0.9075358963092937,0.9296135693754564,4.566288504643775,19.16482950230073,0.03880789946876373,270,True
brain_cortex,raw,ENSG00000040633.13,PHF23,2.129092325280291,19.164831704043483,3.4873459444753827,0.4332366101808467,462.2708826110221,3.521990445301354,0.002024954068289773,1.3821775109102532,4.566288504643775,3.268279495033493,0.5219388021774076,-0.9075358963092937,0.9296135693754564,4.566288504643775,19.16482950230073,0.03880789946876373,270,True
brain_frontal_cortex_ba9,excluded_at_or_below_-1,ENSG00000040633.13,PHF23,2.101407141125265,13.447634161289423,3.6767926161098057,0.5760628565609088,410.4678608966286,2.2565523528524705,0.07838976475259017,1.6616903222480048,4.595972030697044,3.4350677743874427,0.5942838407671452,-0.8350109262224363,0.3129384297397739,4.595972030697044,13.447442871516728,1.054141883222092,269,True
brain_frontal_cortex_ba9,raw,ENSG00000040633.13,PHF23,2.101407141125265,13.447634161289423,3.6767926161098057,0.5760628565609088,410.4678608966286,2.2565523528524705,0.07838976475259017,1.6616903222480048,4.595972030697044,3.4350677743874427,0.5942838407671452,-0.8350109262224363,0.3129384297397739,4.595972030697044,13.447442871516728,1.054141883222092,269,True
brain_hippocampus,excluded_at_or_below_-1,ENSG00000040633.13,PHF23,0.728789486230023,10.490346716932832,2.8054173510406337,1.0638292766834136,256.0892137233874,1.64851767305823,0.24034216057854793,0.725662640351608,4.0454997617810085,2.6490839078147066,0.7102361589418916,-0.4187184539062872,-0.5547929080084981,4.0454997617810085,10.260737246664236,2.466087758992064,255,True
brain_hippocampus,raw,ENSG00000040633.13,PHF23,0.728789486230023,10.490346716932832,2.8054173510406337,1.0638292766834136,256.0892137233874,1.64851767305823,0.24034216057854793,0.725662640351608,4.0454997617810085,2.6490839078147066,0.7102361589418916,-0.4187184539062872,-0.5547929080084981,4.0454997617810085,10.260737246664236,2.466087758992064,255,True
brain_hypothalamus,excluded_at_or_below_-1,ENSG00000040633.13,PHF23,1.3810915232405265,14.843898705036661,3.2456395743110114,0.7917312704600634,346.0036298718141,2.1992498992284744,0.08906617907656805,0.4041074591364131,4.476864449466015,2.9851293921710287,0.7152501740181104,-0.7759658319649737,0.20779035377565513,4.476864449466015,14.843853520080184,1.3220853158058068,257,True
brain_hypothalamus,raw,ENSG00000040633.13,PHF23,1.3810915232405265,14.843898705036661,3.2456395743110114,0.7917312704600634,346.0036298718141,2.1992498992284744,0.08906617907656805,0.4041074591364131,4.476864449466015,2.9851293921710287,0.7152501740181104,-0.7759658319649737,0.20779035377565513,4.476864449466015,14.843853520080184,1.3220853158058068,257,True
brain_nucleus_accumbens_basal_ganglia,excluded_at_or_below_-1,ENSG00000040633.13,PHF23,2.775145209080015,14.160054823800442,3.1993958515657543,0.5959541391139057,213.42042467927712,1.9817894114893286,0.14033193036705086,0.6769985014544921,4.03452827714321,2.874973363867658,0.7073166135457275,-0.8573924523493861,0.20981779095188635,4.03452827714321,14.160054504131265,1.9871077826673935,285,True
brain_nucleus_accumbens_basal_ganglia,raw,ENSG00000040633.13,PHF23,2.775145209080015,14.160054823800442,3.1993958515657543,0.5959541391139057,213.42042467927712,1.9817894114893286,0.14033193036705086,0.6769985014544921,4.03452827714321,2.874973363867658,0.7073166135457275,-0.8573924523493861,0.20981779095188635,4.03452827714321,14.160054504131265,1.9871077826673935,285,True
brain_putamen_basal_ganglia,excluded_at_or_below_-1,ENSG00000040633.13,PHF23,1.0380000772313562,12.581468513733574,2.772386185356276,0.8817691865865891,309.4069311730287,2.8504613549743336,0.008221359009492179,0.8599218550346586,4.549663010614958,2.628832850491597,0.6948271339264152,-0.2964609818999891,-0.3666244676212185,4.549663010614958,12.46736761512236,0.10249870506723724,254,True
brain_putamen_basal_ganglia,raw,ENSG00000040633.13,PHF23,1.0380000772313562,12.581468513733574,2.772386185356276,0.8817691865865891,309.4069311730287,2.8504613549743336,0.008221359009492179,0.8599218550346586,4.549663010614958,2.628832850491597,0.6948271339264152,-0.2964609818999891,-0.3666244676212185,4.549663010614958,12.46736761512236,0.10249870506723724,254,True
brain_spinal_cord_cervical_c-1,excluded_at_or_below_-1,ENSG00000040633.13,PHF23,1.0158682747455952,9.971924128893502,2.9378211809691046,0.6763141767727636,174.1269278893244,1.9161200500322546,0.1592479509403245,1.008045794873886,3.854160260662833,2.7744229161012117,0.5605000174573757,-0.6683491088679149,0.08173443513687895,3.854160260662833,9.96901060020238,1.5875445109846036,204,True
brain_spinal_cord_cervical_c-1,raw,ENSG00000040633.13,PHF23,1.0158682747455952,9.971924128893502,2.9378211809691046,0.6763141767727636,174.1269278893244,1.9161200500322546,0.1592479509403245,1.008045794873886,3.854160260662833,2.7744229161012117,0.5605000174573757,-0.6683491088679149,0.08173443513687895,3.854160260662833,9.96901060020238,1.5875445109846036,204,True
brain_substantia_nigra,excluded_at_or_below_-1,ENSG00000040633.13,PHF23,2.023313191875155,4.554593742715713,3.0188100771035495,1.0539251159255982,171.6301337611805,2.2977728880200914,0.0,1.5023738870103496,4.731196821092636,3.066121414718579,0.807204836718278,0.07439908010564826,-0.7901954323065414,4.731196821092636,4.229520681278654,0.0,183,True
brain_substantia_nigra,raw,ENSG00000040633.13,PHF23,2.023313191875155,4.554593742715713,3.0188100771035495,1.0539251159255982,171.6301337611805,2.2977728880200914,0.0,1.5023738870103496,4.731196821092636,3.066121414718579,0.807204836718278,0.07439908010564826,-0.7901954323065414,4.731196821092636,4.229520681278654,0.0,183,True
breast_mammary_tissue,excluded_at_or_below_-1,ENSG00000040633.13,PHF23,0.38696348932500596,30.202959047617632,3.663546368174762,0.637560981603908,365.48092663534914,2.9852390212406785,0.002774886449521294,2.2775057525311144,5.009362849746856,3.6223753736817117,0.45756069221240364,-0.18703508207598876,-0.16796656640750163,5.009362849746856,29.935335385819517,0.08306715652398589,514,True
breast_mammary_tissue,raw,ENSG00000040633.13,PHF23,0.38696348932500596,30.202959047617632,3.663546368174762,0.637560981603908,365.48092663534914,2.9852390212406785,0.002774886449521294,2.2775057525311144,5.009362849746856,3.6223753736817117,0.45756069221240364,-0.18703508207598876,-0.16796656640750163,5.009362849746856,29.935335385819517,0.08306715652398589,514,True
cells_cultured_fibroblasts,excluded_at_or_below_-1,ENSG00000040633.13,PHF23,3.137620790888688,45.57250953679255,4.726402320944443,0.22654466439118942,613.5439446026227,5.741350649024595,0.0,4.258221159114708,5.646116563928257,4.768779082891271,0.22407913929459897,0.7732888895898203,0.8557992089284214,5.646116563928257,45.57248821575545,0.0,652,True
cells_cultured_fibroblasts,raw,ENSG00000040633.13,PHF23,3.137620790888688,45.57250953679255,4.726402320944443,0.22654466439118942,613.5439446026227,5.741350649024595,0.0,4.258221159114708,5.646116563928257,4.768779082891271,0.22407913929459897,0.7732888895898203,0.8557992089284214,5.646116563928257,45.57248821575545,0.0,652,True
cells_ebv-transformed_lymphocytes,excluded_at_or_below_-1,ENSG00000040633.13,PHF23,0.5876424867717106,18.234378993048445,4.311694175132849,0.34974520937528086,420.27072925876774,2.0626176375375627,0.11862545282449082,3.361115630854126,4.821794386794803,4.269573715933147,0.2589396158154321,-0.5592235079514497,0.36603341719267624,4.821794386794803,18.22305829831409,2.161718542484604,327,True
cells_ebv-transformed_lymphocytes,raw,ENSG00000040633.13,PHF23,0.5876424867717106,18.234378993048445,4.311694175132849,0.34974520937528086,420.27072925876774,2.0626176375375627,0.11862545282449082,3.361115630854126,4.821794386794803,4.269573715933147,0.2589396158154321,-0.5592235079514497,0.36603341719267624,4.821794386794803,18.22305829831409,2.161718542484604,327,True
cervix_ectocervix,excluded_at_or_below_-1,ENSG00000040633.13,PHF23,0.1392814255630144,1.3563910878985845,4.021149170783199,0.25800625825086426,12.343139650198472,2.635727295021261,0.030992942434590356,3.1612588849575083,4.502005920606039,4.021112839803661,0.2773693161117347,-0.9020007001070677,2.1570189983266097,4.502005920606039,1.3563678105206636,0.04203782947159829,24,True
cervix_ectocervix,raw,ENSG00000040633.13,PHF23,0.1392814255630144,1.3563910878985845,4.021149170783199,0.25800625825086426,12.343139650198472,2.635727295021261,0.030992942434590356,3.1612588849575083,4.502005920606039,4.021112839803661,0.2773693161117347,-0.9020007001070677,2.1570189983266097,4.502005920606039,1.3563678105206636,0.04203782947159829,24,True
cervix_endocervix,excluded_at_or_below_-1,ENSG00000040633.13,PHF23,0.28742499670815275,1.27121050008912,4.168008338849565,0.23884180756791623,12.743103538121398,4.4757913264643046,4.466317317188243e-05,3.0525810920563137,4.923909794719999,4.195284244401714,0.4240784329346515,-0.7382238144474257,0.9155630094417386,4.923909794719999,1.2712101354893448,5.6776278419212733e-05,23,True
cervix_endocervix,raw,ENSG00000040633.13,PHF23,0.28742499670815275,1.27121050008912,4.168008338849565,0.23884180756791623,12.743103538121398,4.4757913264643046,4.466317317188243e-05,3.0525810920563137,4.923909794719999,4.195284244401714,0.4240784329346515,-0.7382238144474257,0.9155630094417386,4.923909794719999,1.2712101354893448,5.6776278419212733e-05,23,True
colon_sigmoid,excluded_at_or_below_-1,ENSG00000040633.13,PHF23,-0.21729453745362268,28.607277639469327,3.9749324178897676,0.6533911304930766,381.6348573380181,1.9112620713639135,0.16096324866128142,1.8457509669739889,4.857968558047749,3.9213647525493087,0.4319945878131737,-0.6481065447804971,1.0469754850283657,4.857968558047749,28.606304019450683,4.604563627163055,419,True
colon_sigmoid,raw,ENSG00000040633.13,PHF23,-0.21729453745362268,28.607277639469327,3.9749324178897676,0.6533911304930766,381.6348573380181,1.9112620713639135,0.16096324866128142,1.8457509669739889,4.857968558047749,3.9213647525493087,0.4319945878131737,-0.6481065447804971,1.0469754850283657,4.857968558047749,28.606304019450683,4.604563627163055,419,True
colon_transverse,excluded_at_or_below_-1,ENSG00000040633.13,PHF23,1.8218865555339088,32.57517655913811,3.6929250961860074,0.48200260698536723,501.33004724735196,3.475979470156399,0.002348789601272488,2.137305139542586,4.8776338353891395,3.674759736801608,0.43068724839595873,-0.2575742949203344,0.6830368641644569,4.8776338353891395,32.574196845521136,0.07650993482056312,479,True
colon_transverse,raw,ENSG00000040633.13,PHF23,1.8218865555339088,32.57517655913811,3.6929250961860074,0.48200260698536723,501.33004724735196,3.475979470156399,0.002348789601272488,2.137305139542586,4.8776338353891395,3.674759736801608,0.43068724839595873,-0.2575742949203344,0.6830368641644569,4.8776338353891395,32.574196845521136,0.07650993482056312,479,True
esophagus_gastroesophageal_junction,excluded_at_or_below_-1,ENSG00000040633.13,PHF23,2.159472520441394,20.371518512539243,3.9095926744508245,0.598978321266142,584.0053882587188,1.8281362758844495,0.18800295304016712,2.0434669992556502,4.6838844976303,3.755217195464989,0.5070339181888801,-0.7074519344567431,0.1956899593445498,4.6838844976303,20.370146257626672,3.829647650293923,403,True
esophagus_gastroesophageal_junction,raw,ENSG00000040633.13,PHF23,2.159472520441394,20.371518512539243,3.9095926744508245,0.598978321266142,584.0053882587188,1.8281362758844495,0.18800295304016712,2.0434669992556502,4.6838844976303,3.755217195464989,0.5070339181888801,-0.7074519344567431,0.1956899593445498,4.6838844976303,20.370146257626672,3.829647650293923,403,True
esophagus_mucosa,excluded_at_or_below_-1,ENSG00000040633.13,PHF23,0.4604471121165255,53.40231861851628,4.181958026177474,0.40494965317612874,491.55928920151337,3.472674208326171,0.0024059400767725567,2.602706287224163,5.176332746990945,4.18949135870592,0.3097580197554123,-0.24709205365058376,1.412056996130671,5.176332746990945,53.40116126770501,0.12847999404016586,614,True
esophagus_mucosa,raw,ENSG00000040633.13,PHF23,0.4604471121165255,53.40231861851628,4.181958026177474,0.40494965317612874,491.55928920151337,3.472674208326171,0.0024059400767725567,2.602706287224163,5.176332746990945,4.18949135870592,0.3097580197554123,-0.24709205365058376,1.412056996130671,5.176332746990945,53.40116126770501,0.12847999404016586,614,True
esophagus_muscularis,excluded_at_or_below_-1,ENSG00000040633.13,PHF23,2.5107456639336223,39.39861885603557,3.91764619346629,0.5231271942275147,613.257490271336,2.710552787752735,0.025386209183676768,1.7581005970969303,4.920298064717806,3.7933583706841487,0.48741503173843653,-0.7241594825338727,0.5862082614157846,4.920298064717806,39.3985962407546,1.0001810057110174,561,True
esophagus_muscularis,raw,ENSG00000040633.13,PHF23,2.5107456639336223,39.39861885603557,3.91764619346629,0.5231271942275147,613.257490271336,2.710552787752735,0.025386209183676768,1.7581005970969303,4.920298064717806,3.7933583706841487,0.48741503173843653,-0.7241594825338727,0.5862082614157846,4.920298064717806,39.3985962407546,1.0001810057110174,561,True
fallopian_tube,excluded_at_or_below_-1,ENSG00000040633.13,PHF23,0.54580026585364,2.2970540901258643,4.167791140177437,0.06672895185912568,23.616803642575427,16.63344362448576,0.0,3.4365483189197876,4.952631767081969,4.048527014520873,0.3329048503944678,0.25947598008085726,0.25407783510611415,4.952631767081969,2.2970284020100324,0.0,29,True
fallopian_tube,raw,ENSG00000040633.13,PHF23,0.54580026585364,2.2970540901258643,4.167791140177437,0.06672895185912568,23.616803642575427,16.63344362448576,0.0,3.4365483189197876,4.952631767081969,4.048527014520873,0.3329048503944678,0.25947598008085726,0.25407783510611415,4.952631767081969,2.2970284020100324,0.0,29,True
heart_atrial_appendage,excluded_at_or_below_-1,ENSG00000040633.13,PHF23,0.9506749632345275,37.82890438439169,2.466430280264976,0.5521021971092258,261.9588374919545,3.502503304505107,0.0021680718902195805,0.333790085946787,3.8337907845403816,2.4221334534177554,0.46263729959251537,-0.4401427469825487,1.1247772887084695,3.8337907845403816,37.828891037465254,0.08201575529650784,461,True
heart_atrial_appendage,raw,ENSG00000040633.13,PHF23,0.9506749632345275,37.82890438439169,2.466430280264976,0.5521021971092258,261.9588374919545,3.502503304505107,0.0021680718902195805,0.333790085946787,3.8337907845403816,2.4221334534177554,0.46263729959251537,-0.4401427469825487,1.1247772887084695,3.8337907845403816,37.828891037465254,0.08201575529650784,461,True
heart_left_ventricle,excluded_at_or_below_-1,ENSG00000040633.13,PHF23,4.450885016354032,31.0156848982596,2.3066331096660653,0.5816371013465474,610.384397924872,4.868259576944405,7.137994777876468e-06,-0.359612291038516,4.308848662022291,2.0079706196836478,0.800735887406126,-0.5076004676716394,-0.04008238989233748,4.308848662022291,31.01562906583961,0.00022138939830451676,452,True
heart_left_ventricle,raw,ENSG00000040633.13,PHF23,4.450885016354032,31.0156848982596,2.3066331096660653,0.5816371013465474,610.384397924872,4.868259576944405,7.137994777876468e-06,-0.359612291038516,4.308848662022291,2.0079706196836478,0.800735887406126,-0.5076004676716394,-0.04008238989233748,4.308848662022291,31.01562906583961,0.00022138939830451676,452,True
kidney_cortex,excluded_at_or_below_-1,ENSG00000040633.13,PHF23,-2224.510771510492,2227.939273014368,3.206198577794212,45.074273035731814,106.4371572259311,0.030843087424043847,0.6784528916383435,1.4721628035503684,4.1892394570539535,3.0260970441582344,0.6751830192492582,-0.08353571086355918,-1.035190232636535,4.1892394570539535,3.294886217538078,2.2354250819080335,104,True
kidney_cortex,raw,ENSG00000040633.13,PHF23,-2224.510771510492,2227.939273014368,3.206198577794212,45.074273035731814,106.4371572259311,0.030843087424043847,0.6784528916383435,1.4721628035503684,4.1892394570539535,3.0260970441582344,0.6751830192492582,-0.08353571086355918,-1.035190232636535,4.1892394570539535,3.294886217538078,2.2354250819080335,104,True
kidney_medulla,excluded_at_or_below_-1,ENSG00000040633.13,PHF23,0.23076923076922864,3.5370485108012386,3.9632628283017572,0.003220149726380995,6.923076923077181,2.073749871214127,0.11700872033964624,3.3758179289499832,3.967984735415395,3.6391283446045084,0.2128889997932836,0.34839633014709315,-1.1811308883655733,3.967984735415395,3.520419558745615,0.4119197876274865,11,True
kidney_medulla,raw,ENSG00000040633.13,PHF23,0.23076923076922864,3.5370485108012386,3.9632628283017572,0.003220149726380995,6.923076923077181,2.073749871214127,0.11700872033964624,3.3758179289499832,3.967984735415395,3.6391283446045084,0.2128889997932836,0.34839633014709315,-1.1811308883655733,3.967984735415395,3.520419558745615,0.4119197876274865,11,True
liver,excluded_at_or_below_-1,ENSG00000040633.13,PHF23,0.2660207487174477,18.58766496132556,2.7462975482373997,0.7109869095139378,296.0994575171003,3.304528016057291,0.004036628156193579,0.6818675075331315,4.407628074297624,2.74098509152759,0.5382111147641782,-0.21734745634908043,0.6304709005228601,4.407628074297624,18.583599431862254,0.07501508071007817,262,True
liver,raw,ENSG00000040633.13,PHF23,0.2660207487174477,18.58766496132556,2.7462975482373997,0.7109869095139378,296.0994575171003,3.304528016057291,0.004036628156193579,0.6818675075331315,4.407628074297624,2.74098509152759,0.5382111147641782,-0.21734745634908043,0.6304709005228601,4.407628074297624,18.583599431862254,0.07501508071007817,262,True
lung,excluded_at_or_below_-1,ENSG00000040633.13,PHF23,2.4637313758964354,35.513775460416944,3.8402131332969898,0.507743953142599,754.2728127575604,3.078171548740955,0.00836847952291003,2.4187741953467765,4.945366578428837,3.758359757698815,0.4329515004770694,-0.44881453423048795,0.07582055252150388,4.945366578428837,35.49975694602725,0.2970789890711121,604,True
lung,raw,ENSG00000040633.13,PHF23,2.4637313758964354,35.513775460416944,3.8402131332969898,0.507743953142599,754.2728127575604,3.078171548740955,0.00836847952291003,2.4187741953467765,4.945366578428837,3.758359757698815,0.4329515004770694,-0.44881453423048795,0.07582055252150388,4.945366578428837,35.49975694602725,0.2970789890711121,604,True
minor_salivary_gland,excluded_at_or_below_-1,ENSG00000040633.13,PHF23,0.1808428013907668,7.559185862053366,3.4317087754539144,0.7335258328042736,164.81177569483046,2.0862426337021724,0.00903077811000158,2.3314042654067686,4.513803379857406,3.3782575240426773,0.4739198411799972,-0.1951677686722281,-0.5708159495773275,4.513803379857406,6.762504889173991,0.06107068112193115,181,True
minor_salivary_gland,raw,ENSG00000040633.13,PHF23,0.1808428013907668,7.559185862053366,3.4317087754539144,0.7335258328042736,164.81177569483046,2.0862426337021724,0.00903077811000158,2.3314042654067686,4.513803379857406,3.3782575240426773,0.4739198411799972,-0.1951677686722281,-0.5708159495773275,4.513803379857406,6.762504889173991,0.06107068112193115,181,True
muscle_skeletal,excluded_at_or_below_-1,ENSG00000040633.13,PHF23,-2.93688791138644,47.54657463728719,2.708882705689501,0.9975569657210418,1318.181559904208,2.1691644851687926,0.07874856282900447,0.7062299367309235,4.238966421153092,2.685223025999077,0.5997305054207213,-0.11955594408721314,-0.4645011496225755,4.238966421153092,46.70139167714289,3.677667476689433,818,True
muscle_skeletal,raw,ENSG00000040633.13,PHF23,-2.93688791138644,47.54657463728719,2.708882705689501,0.9975569657210418,1318.181559904208,2.1691644851687926,0.07874856282900447,0.7062299367309235,4.238966421153092,2.685223025999077,0.5997305054207213,-0.11955594408721314,-0.4645011496225755,4.238966421153092,46.70139167714289,3.677667476689433,818,True
nerve_tibial,excluded_at_or_below_-1,ENSG00000040633.13,PHF23,1.0424364630076772,69.53503182108125,3.6923072840882676,0.39866928449953326,827.5035378967132,3.6237924993878736,0.0014075365206263697,1.586181063260511,4.713860747683607,3.6720079623639443,0.3386757498513416,-0.7022236805676069,2.97394346347117,4.713860747683607,69.53351675824857,0.09787096424482056,670,True
nerve_tibial,raw,ENSG00000040633.13,PHF23,1.0424364630076772,69.53503182108125,3.6923072840882676,0.39866928449953326,827.5035378967132,3.6237924993878736,0.0014075365206263697,1.586181063260511,4.713860747683607,3.6720079623639443,0.3386757498513416,-0.7022236805676069,2.97394346347117,4.713860747683607,69.53351675824857,0.09787096424482056,670,True
ovary,excluded_at_or_below_-1,ENSG00000040633.13,PHF23,0.9412048002550172,9.430197062878579,3.890168397674232,0.4626043333851025,202.6834413768588,2.9519430838864946,0.005147150656818646,2.869782591847777,4.85578045150052,3.8565150799490944,0.38581740690797384,-0.05202164718220063,-0.12081499712310428,4.85578045150052,9.357466798915096,0.04816429138019451,193,True
ovary,raw,ENSG00000040633.13,PHF23,0.9412048002550172,9.430197062878579,3.890168397674232,0.4626043333851025,202.6834413768588,2.9519430838864946,0.005147150656818646,2.869782591847777,4.85578045150052,3.8565150799490944,0.38581740690797384,-0.05202164718220063,-0.12081499712310428,4.85578045150052,9.357466798915096,0.04816429138019451,193,True
pancreas,excluded_at_or_below_-1,ENSG00000040633.13,PHF23,1.3982446391429229,23.09754315126943,1.9618152267697344,0.5339899702073049,392.1714538947941,3.895526308571391,0.0,0.5761786558014683,3.4327189380629672,1.9804552642927973,0.47285306734197663,-0.09656526610428075,0.5880317936063943,3.4327189380629672,23.085482628035233,0.0,362,True
pancreas,raw,ENSG00000040633.13,PHF23,1.3982446391429229,23.09754315126943,1.9618152267697344,0.5339899702073049,392.1714538947941,3.895526308571391,0.0,0.5761786558014683,3.4327189380629672,1.9804552642927973,0.47285306734197663,-0.09656526610428075,0.5880317936063943,3.4327189380629672,23.085482628035233,0.0,362,True
pituitary,excluded_at_or_below_-1,ENSG00000040633.13,PHF23,-0.358619888472777,16.637542629299165,3.872905705643764,0.509322940213837,295.2580318336899,2.797555494187904,0.0,3.074085788103395,4.8804333009244925,3.8844561524366665,0.33513391101983986,0.15171223257896474,-0.21180341656590018,4.8804333009244925,16.30516297387658,0.0,313,True
pituitary,raw,ENSG00000040633.13,PHF23,-0.358619888472777,16.637542629299165,3.872905705643764,0.509322940213837,295.2580318336899,2.797555494187904,0.0,3.074085788103395,4.8804333009244925,3.8844561524366665,0.33513391101983986,0.15171223257896474,-0.21180341656590018,4.8804333009244925,16.30516297387658,0.0,313,True
prostate,excluded_at_or_below_-1,ENSG00000040633.13,PHF23,1.291478609944052,15.442156621716064,4.051379670102694,0.49566114092128966,394.64092612950645,3.7916968025520585,0.0,3.028692907492714,5.380313865887715,4.020629828215518,0.4318581275107475,0.00944280473284442,0.279503919474692,5.380313865887715,15.430255222123343,0.0,282,True
prostate,raw,ENSG00000040633.13,PHF23,1.291478609944052,15.442156621716064,4.051379670102694,0.49566114092128966,394.64092612950645,3.7916968025520585,0.0,3.028692907492714,5.380313865887715,4.020629828215518,0.4318581275107475,0.00944280473284442,0.279503919474692,5.380313865887715,15.430255222123343,0.0,282,True
skin_not_sun_exposed_suprapubic,excluded_at_or_below_-1,ENSG00000040633.13,PHF23,1.0906652882701522,48.59036391663154,3.4783821345045163,0.5017652602369607,388.9952054923872,4.3952615746635635,0.0,2.192277820229004,5.037828053068515,3.511415706666233,0.39926116095524256,0.32839758242142414,0.6634626204285854,5.037828053068515,48.586945051483795,0.0,651,True
skin_not_sun_exposed_suprapubic,raw,ENSG00000040633.13,PHF23,1.0906652882701522,48.59036391663154,3.4783821345045163,0.5017652602369607,388.9952054923872,4.3952615746635635,0.0,2.192277820229004,5.037828053068515,3.511415706666233,0.39926116095524256,0.32839758242142414,0.6634626204285854,5.037828053068515,48.586945051483795,0.0,651,True
skin_sun_exposed_lower_leg,excluded_at_or_below_-1,ENSG00000040633.13,PHF23,0.9423548884729056,54.36060825013467,3.5938337336437676,0.5405027758373722,580.6954453347621,3.8319283749054303,0.0,2.1506149138415553,5.05837061728876,3.585596796988269,0.4179366478975721,-0.025138531978759107,0.5403643799736844,5.05837061728876,54.32498440209169,0.0,754,True
skin_sun_exposed_lower_leg,raw,ENSG00000040633.13,PHF23,0.9423548884729056,54.36060825013467,3.5938337336437676,0.5405027758373722,580.6954453347621,3.8319283749054303,0.0,2.1506149138415553,5.05837061728876,3.585596796988269,0.4179366478975721,-0.025138531978759107,0.5403643799736844,5.05837061728876,54.32498440209169,0.0,754,True
small_intestine_terminal_ileum,excluded_at_or_below_-1,ENSG00000040633.13,PHF23,-0.7146189384721257,10.779549407190594,3.669316297321272,0.7624700154836157,134.38811310152002,2.126808236381041,0.04226627732039173,2.4074656059986435,4.815980105440175,3.6801972163243826,0.4618770112479193,0.02152872095561462,-0.5001676749094921,4.815980105440175,10.0827093860387,0.42615859105122833,207,True
small_intestine_terminal_ileum,raw,ENSG00000040633.13,PHF23,-0.7146189384721257,10.779549407190594,3.669316297321272,0.7624700154836157,134.38811310152002,2.126808236381041,0.04226627732039173,2.4074656059986435,4.815980105440175,3.6801972163243826,0.4618770112479193,0.02152872095561462,-0.5001676749094921,4.815980105440175,10.0827093860387,0.42615859105122833,207,True
spleen,excluded_at_or_below_-1,ENSG00000040633.13,PHF23,0.8382247782525025,19.240264567393197,4.241997695673699,0.33464073237287606,247.80034390327532,3.6084737066370436,0.0013967499751077858,3.221258429677808,5.095859033215246,4.200835227085222,0.28807153956970877,-0.44324781300922206,0.7984238034852624,5.095859033215246,19.23846868121206,0.02687133065159486,277,True
spleen,raw,ENSG00000040633.13,PHF23,0.8382247782525025,19.240264567393197,4.241997695673699,0.33464073237287606,247.80034390327532,3.6084737066370436,0.0013967499751077858,3.221258429677808,5.095859033215246,4.200835227085222,0.28807153956970877,-0.44324781300922206,0.7984238034852624,5.095859033215246,19.23846868121206,0.02687133065159486,277,True
stomach,excluded_at_or_below_-1,ENSG00000040633.13,PHF23,1.6916202384116403,25.031397873141614,3.2531676888622094,0.6869279760447924,404.62126157293284,3.496259091930409,0.0017149962647685746,1.3598669035302704,4.951410617403969,3.2685048310333036,0.6033276275962879,-0.15622739232029792,0.29670580107615274,4.951410617403969,25.01872319448205,0.042907016827815614,407,True
stomach,raw,ENSG00000040633.13,PHF23,1.6916202384116403,25.031397873141614,3.2531676888622094,0.6869279760447924,404.62126157293284,3.496259091930409,0.0017149962647685746,1.3598669035302704,4.951410617403969,3.2685048310333036,0.6033276275962879,-0.15622739232029792,0.29670580107615274,4.951410617403969,25.01872319448205,0.042907016827815614,407,True
testis,excluded_at_or_below_-1,ENSG00000040633.13,PHF23,0.7608890716809369,29.357441803590493,4.348243126065658,0.33221886542524864,375.61249465303325,3.674671210120414,0.0008315848378180748,3.4089767383441423,5.211475619882573,4.336780311642232,0.2614408835967127,0.09703506708536225,0.5463169792063449,5.211475619882573,29.34748476969918,0.024404923362578712,414,True
testis,raw,ENSG00000040633.13,PHF23,0.7608890716809369,29.357441803590493,4.348243126065658,0.33221886542524864,375.61249465303325,3.674671210120414,0.0008315848378180748,3.4089767383441423,5.211475619882573,4.336780311642232,0.2614408835967127,0.09703506708536225,0.5463169792063449,5.211475619882573,29.34748476969918,0.024404923362578712,414,True
thyroid,excluded_at_or_below_-1,ENSG00000040633.13,PHF23,0.31577209005468737,57.71784986007398,4.0416810805110766,0.4510609230243682,573.4284239483554,3.2024582690719803,0.005928803424197041,2.315653171956384,5.063099500774777,4.017833073910132,0.3320853052612219,-0.37282445297743133,0.9358095309826626,5.063099500774777,57.71725217359174,0.3421942423220348,684,True
thyroid,raw,ENSG00000040633.13,PHF23,0.31577209005468737,57.71784986007398,4.0416810805110766,0.4510609230243682,573.4284239483554,3.2024582690719803,0.005928803424197041,2.315653171956384,5.063099500774777,4.017833073910132,0.3320853052612219,-0.37282445297743133,0.9358095309826626,5.063099500774777,57.71725217359174,0.3421942423220348,684,True
uterus,excluded_at_or_below_-1,ENSG00000040633.13,PHF23,0.1723762763963541,8.398985157848319,4.078617287674272,0.6055126253832155,143.1674149997002,3.276622374423766,0.0,3.032867842598799,5.481542750358596,4.069452054599894,0.437665782091449,0.08959947840844719,-0.012435935029541767,5.481542750358596,8.359808571812762,0.0,153,True
uterus,raw,ENSG00000040633.13,PHF23,0.1723762763963541,8.398985157848319,4.078617287674272,0.6055126253832155,143.1674149997002,3.276622374423766,0.0,3.032867842598799,5.481542750358596,4.069452054599894,0.437665782091449,0.08959947840844719,-0.012435935029541767,5.481542750358596,8.359808571812762,0.0,153,True
vagina,excluded_at_or_below_-1,ENSG00000040633.13,PHF23,-0.2512592537155675,13.552688522118343,4.025263569102459,0.49459049358378815,52.43981377290805,4.7098732213207555,0.0,3.0392700206613847,5.672439485971191,4.027135809816204,0.3354543656408021,0.5089308164360246,2.393642683579153,5.672439485971191,13.55238796544271,0.0,170,True
vagina,raw,ENSG00000040633.13,PHF23,-0.2512592537155675,13.552688522118343,4.025263569102459,0.49459049358378815,52.43981377290805,4.7098732213207555,0.0,3.0392700206613847,5.672439485971191,4.027135809816204,0.3354543656408021,0.5089308164360246,2.393642683579153,5.672439485971191,13.55238796544271,0.0,170,True
whole_blood,excluded_at_or_below_-1,ENSG00000040633.13,PHF23,0.9969471569394047,58.55258503274795,4.608302867438886,0.769327545874947,1473.6975143100674,3.0954383350209227,0.00827890967787294,2.1112400205324557,6.292211183020872,4.480998534631621,0.5870616117862184,-0.6487071215613698,0.40280343980739053,6.292211183020872,58.55072596249619,0.48473617181739603,803,True
whole_blood,raw,ENSG00000040633.13,PHF23,0.9969471569394047,58.55258503274795,4.608302867438886,0.769327545874947,1473.6975143100674,3.0954383350209227,0.00827890967787294,2.1112400205324557,6.292211183020872,4.480998534631621,0.5870616117862184,-0.6487071215613698,0.40280343980739053,6.292211183020872,58.55072596249619,0.48473617181739603,803,True
adipose_subcutaneous,excluded_at_or_below_-1,ENSG00000122733.12,PHF24,3.640660001261713,34.31537760503728,0.11830228831099572,0.7667499509772177,1210.0378620602714,4.06403891672139,0.0,-0.8277698115221234,2.321718888938636,0.3147252369737176,0.6188751245745693,0.6892349905455152,-0.0526515957258078,2.321718888938636,34.30647846033491,0.0,714,True
adipose_subcutaneous,raw,ENSG00000122733.12,PHF24,3.640660001261713,34.31537760503728,0.11830228831099572,0.7667499509772177,1210.0378620602714,4.06403891672139,0.0,-0.8277698115221234,2.321718888938636,0.3147252369737176,0.6188751245745693,0.6892349905455152,-0.0526515957258078,2.321718888938636,34.30647846033491,0.0,714,True
adipose_visceral_omentum,excluded_at_or_below_-1,ENSG00000122733.12,PHF24,1.962973831150264,37.37115654592046,-0.3305770365148721,0.4293545589522533,631.7757934272533,5.166915111898534,0.0,-0.9550352109031408,1.2380959122088817,-0.2363319089936792,0.3544959574573774,0.7721692773502105,0.535468972609753,1.2380959122088817,37.370559855914266,0.0,587,True
adipose_visceral_omentum,raw,ENSG00000122733.12,PHF24,1.962973831150264,37.37115654592046,-0.3305770365148721,0.4293545589522533,631.7757934272533,5.166915111898534,0.0,-0.9550352109031408,1.2380959122088817,-0.2363319089936792,0.3544959574573774,0.7721692773502105,0.535468972609753,1.2380959122088817,37.370559855914266,0.0,587,True
adrenal_gland,excluded_at_or_below_-1,ENSG00000122733.12,PHF24,1.383585132827609,79.06704164608193,-0.896137199197815,0.11101787347284418,295.49361419042543,28.129490308114434,0.0,-0.9886059831418588,1.3120697357162865,-0.7974183178187916,0.2568367046266439,4.3038183966425905,24.038485419537594,1.3120697357162865,79.06650909987593,0.0,295,True
adrenal_gland,raw,ENSG00000122733.12,PHF24,1.383585132827609,79.06704164608193,-0.896137199197815,0.11101787347284418,295.49361419042543,28.129490308114434,0.0,-0.9886059831418588,1.3120697357162865,-0.7974183178187916,0.2568367046266439,4.3038183966425905,24.038485419537594,1.3120697357162865,79.06650909987593,0.0,295,True
artery_aorta,excluded_at_or_below_-1,ENSG00000122733.12,PHF24,1.7758589939341431,33.65861713924196,-0.5433447507339454,0.2755631319186421,698.6104250788574,6.275468356858491,0.0,-0.914128055252226,0.6794463189333975,-0.4667100231138555,0.25368839070209254,1.1505032222790008,1.847973045110976,0.6794463189333975,33.658183562695726,0.0,472,True
artery_aorta,raw,ENSG00000122733.12,PHF24,1.7758589939341431,33.65861713924196,-0.5433447507339454,0.2755631319186421,698.6104250788574,6.275468356858491,0.0,-0.914128055252226,0.6794463189333975,-0.4667100231138555,0.25368839070209254,1.1505032222790008,1.847973045110976,0.6794463189333975,33.658183562695726,0.0,472,True
artery_coronary,excluded_at_or_below_-1,ENSG00000122733.12,PHF24,0.6602414758851342,16.097990638906662,-0.31495046859253345,0.49238089310972455,134.0856237730244,4.599548621528234,0.0,-0.9705146031418092,1.286455371674891,-0.23092125712243894,0.39467466142379143,0.9667387078355344,1.284930432207303,1.286455371674891,16.09758042303043,0.0,268,True
artery_coronary,raw,ENSG00000122733.12,PHF24,0.6602414758851342,16.097990638906662,-0.31495046859253345,0.49238089310972455,134.0856237730244,4.599548621528234,0.0,-0.9705146031418092,1.286455371674891,-0.23092125712243894,0.39467466142379143,0.9667387078355344,1.284930432207303,1.286455371674891,16.09758042303043,0.0,268,True
artery_tibial,excluded_at_or_below_-1,ENSG00000122733.12,PHF24,2.0880910444199605,62.21961570153708,-0.5670266135827878,0.3370616235577897,1105.226545884046,8.115448562788746,0.0,-0.9589953835782284,1.367197708154876,-0.46641991890176093,0.31096167262126695,1.68196696386266,5.095007896209628,1.367197708154876,62.219578456599486,0.0,691,True
artery_tibial,raw,ENSG00000122733.12,PHF24,2.0880910444199605,62.21961570153708,-0.5670266135827878,0.3370616235577897,1105.226545884046,8.115448562788746,0.0,-0.9589953835782284,1.367197708154876,-0.46641991890176093,0.31096167262126695,1.68196696386266,5.095007896209628,1.367197708154876,62.219578456599486,0.0,691,True
bladder,excluded_at_or_below_-1,ENSG00000122733.12,PHF24,1.5425662818762849,8.707935085599539,-0.749568437614435,0.023149460687010275,78.21681856420216,48.90523913382308,0.0,-0.883323846437879,0.0509682994378699,-0.6153803798854873,0.2035822080552381,1.1990847723358031,1.2439521776110833,0.0509682994378699,8.705547301197823,0.0,77,True
bladder,raw,ENSG00000122733.12,PHF24,1.5425662818762849,8.707935085599539,-0.749568437614435,0.023149460687010275,78.21681856420216,48.90523913382308,0.0,-0.883323846437879,0.0509682994378699,-0.6153803798854873,0.2035822080552381,1.1990847723358031,1.2439521776110833,0.0509682994378699,8.705547301197823,0.0,77,True
brain_amygdala,excluded_at_or_below_-1,ENSG00000122733.12,PHF24,-1655.3052208063511,1661.6130228755947,3.536710609377912,42.5970823268038,188.2708031014675,0.07270111033237664,0.2881102759835477,0.9406441236650124,5.726517908978174,3.4898323371656836,1.1392098211936412,-0.2844704152763462,-0.9459684130348043,5.726517908978174,6.160209570198504,1.7748196793863826,181,True
brain_amygdala,raw,ENSG00000122733.12,PHF24,-1655.3052208063511,1661.6130228755947,3.536710609377912,42.5970823268038,188.2708031014675,0.07270111033237664,0.2881102759835477,0.9406441236650124,5.726517908978174,3.4898323371656836,1.1392098211936412,-0.2844704152763462,-0.9459684130348043,5.726517908978174,6.160209570198504,1.7748196793863826,181,True
brain_anterior_cingulate_cortex_ba24,excluded_at_or_below_-1,ENSG00000122733.12,PHF24,2.329379984286948,10.631342404800138,5.056092988920032,0.9386279111303316,176.24652130853727,1.7398903049171495,0.2201178820119457,1.357155032933103,6.2108758632688605,4.532749740315186,1.0826168201999087,-0.8035205764032919,-0.12574258710745223,6.2108758632688605,10.631152042733616,2.3401066709934937,233,True
brain_anterior_cingulate_cortex_ba24,raw,ENSG00000122733.12,PHF24,2.329379984286948,10.631342404800138,5.056092988920032,0.9386279111303316,176.24652130853727,1.7398903049171495,0.2201178820119457,1.357155032933103,6.2108758632688605,4.532749740315186,1.0826168201999087,-0.8035205764032919,-0.12574258710745223,6.2108758632688605,10.631152042733616,2.3401066709934937,233,True
brain_caudate_basal_ganglia,excluded_at_or_below_-1,ENSG00000122733.12,PHF24,4.607576327566877,13.09535734528704,3.35078526843089,0.7076341592970172,595.2021984180799,3.6999567796031054,0.001064954790139416,-0.4758460332001006,5.2021434188762115,2.543545285069882,1.2078454302419652,-0.4865446174127351,-0.7120517438038867,5.2021434188762115,13.095132704768012,0.013945724301454021,300,True
brain_caudate_basal_ganglia,raw,ENSG00000122733.12,PHF24,4.607576327566877,13.09535734528704,3.35078526843089,0.7076341592970172,595.2021984180799,3.6999567796031054,0.001064954790139416,-0.4758460332001006,5.2021434188762115,2.543545285069882,1.2078454302419652,-0.4865446174127351,-0.7120517438038867,5.2021434188762115,13.095132704768012,0.013945724301454021,300,True
brain_cerebellar_hemisphere,excluded_at_or_below_-1,ENSG00000122733.12,PHF24,1.9601577009260425,18.755763923126292,3.6508163961605624,0.5032365267328869,179.9718173860926,2.516612444344192,0.04214382377500166,1.1963835727131815,4.546332702410226,3.3947208062052665,0.6493157731732367,-1.3456498224706976,1.8013168629317713,4.546332702410226,18.755727092570318,0.7904380573613077,277,True
brain_cerebellar_hemisphere,raw,ENSG00000122733.12,PHF24,1.9601577009260425,18.755763923126292,3.6508163961605624,0.5032365267328869,179.9718173860926,2.516612444344192,0.04214382377500166,1.1963835727131815,4.546332702410226,3.3947208062052665,0.6493157731732367,-1.3456498224706976,1.8013168629317713,4.546332702410226,18.755727092570318,0.7904380573613077,277,True
brain_cerebellum,excluded_at_or_below_-1,ENSG00000122733.12,PHF24,1.4658892035963003,16.53397748465073,3.6657608937212083,0.5023913816484981,446.5497525647953,1.9750269250856167,0.1422238239721267,1.5953986292444449,4.367378055433152,3.4887852775117474,0.5238985627783144,-1.1831836941698095,1.478840336243871,4.367378055433152,16.53376690274821,2.351495553572636,266,True
brain_cerebellum,raw,ENSG00000122733.12,PHF24,1.4658892035963003,16.53397748465073,3.6657608937212083,0.5023913816484981,446.5497525647953,1.9750269250856167,0.1422238239721267,1.5953986292444449,4.367378055433152,3.4887852775117474,0.5238985627783144,-1.1831836941698095,1.478840336243871,4.367378055433152,16.53376690274821,2.351495553572636,266,True
brain_cortex,excluded_at_or_below_-1,ENSG00000122733.12,PHF24,1.554448602647093,18.268321890941348,5.3086091962482165,0.8509748092140224,471.1070897821496,1.7138374739405569,0.23024506520204757,1.2644073182774376,6.339876719212083,4.938859585466509,0.8764873246313382,-1.2536779073688993,1.854682500191557,6.339876719212083,18.26816829532981,4.206155600280191,270,True
brain_cortex,raw,ENSG00000122733.12,PHF24,1.554448602647093,18.268321890941348,5.3086091962482165,0.8509748092140224,471.1070897821496,1.7138374739405569,0.23024506520204757,1.2644073182774376,6.339876719212083,4.938859585466509,0.8764873246313382,-1.2536779073688993,1.854682500191557,6.339876719212083,18.26816829532981,4.206155600280191,270,True
brain_frontal_cortex_ba9,excluded_at_or_below_-1,ENSG00000122733.12,PHF24,2.303551127597483,16.15312900437714,5.388856123527126,0.7459921485788046,232.70047333758652,2.21808533860776,0.08543911466753783,1.7916348950199483,6.558887504574379,4.9299109318868535,0.9953442250018786,-1.1795817269014022,1.0339238236667159,6.558887504574379,16.153128685426772,1.3801090139936725,269,True
brain_frontal_cortex_ba9,raw,ENSG00000122733.12,PHF24,2.303551127597483,16.15312900437714,5.388856123527126,0.7459921485788046,232.70047333758652,2.21808533860776,0.08543911466753783,1.7916348950199483,6.558887504574379,4.9299109318868535,0.9953442250018786,-1.1795817269014022,1.0339238236667159,6.558887504574379,16.153128685426772,1.3801090139936725,269,True
brain_hippocampus,excluded_at_or_below_-1,ENSG00000122733.12,PHF24,4.104672529247534,7.871178354198531,3.688615061690707,0.847762755105123,215.22172468368103,2.9117085962670717,0.014421611267936667,0.2337040312128837,5.434064382295811,3.1357016989963458,1.258732878008411,-0.3845624869518452,-0.7934219945349805,5.434064382295811,7.871175938128619,0.11351503960122766,255,True
brain_hippocampus,raw,ENSG00000122733.12,PHF24,4.104672529247534,7.871178354198531,3.688615061690707,0.847762755105123,215.22172468368103,2.9117085962670717,0.014421611267936667,0.2337040312128837,5.434064382295811,3.1357016989963458,1.258732878008411,-0.3845624869518452,-0.7934219945349805,5.434064382295811,7.871175938128619,0.11351503960122766,255,True
brain_hypothalamus,excluded_at_or_below_-1,ENSG00000122733.12,PHF24,1.7319426029247766,13.374835030430832,3.163500258524178,1.1775416547999562,329.58821381133953,3.0868852977315275,0.008255150719806752,-0.2083050993286603,5.733788168625182,2.841029957064596,1.1286065960276639,-0.5544148928546172,-0.07965800056777628,5.733788168625182,13.371149022864726,0.11038085048074509,257,True
brain_hypothalamus,raw,ENSG00000122733.12,PHF24,1.7319426029247766,13.374835030430832,3.163500258524178,1.1775416547999562,329.58821381133953,3.0868852977315275,0.008255150719806752,-0.2083050993286603,5.733788168625182,2.841029957064596,1.1286065960276639,-0.5544148928546172,-0.07965800056777628,5.733788168625182,13.371149022864726,0.11038085048074509,257,True
brain_nucleus_accumbens_basal_ganglia,excluded_at_or_below_-1,ENSG00000122733.12,PHF24,3.1725680005257217,16.22933952280854,3.8823698545347045,0.7091552067924797,215.31546908386662,2.199116229590989,0.08909535919381396,-0.1052683645197838,4.985113291628732,3.2882016013943285,1.1087672898868075,-1.0261491594321652,0.3644573325883931,4.985113291628732,16.229208643503526,1.445947173524297,285,True
brain_nucleus_accumbens_basal_ganglia,raw,ENSG00000122733.12,PHF24,3.1725680005257217,16.22933952280854,3.8823698545347045,0.7091552067924797,215.31546908386662,2.199116229590989,0.08909535919381396,-0.1052683645197838,4.985113291628732,3.2882016013943285,1.1087672898868075,-1.0261491594321652,0.3644573325883931,4.985113291628732,16.229208643503526,1.445947173524297,285,True
brain_putamen_basal_ganglia,excluded_at_or_below_-1,ENSG00000122733.12,PHF24,3.0842139321948565,7.633990970086724,3.08716810949052,1.2566663121391162,167.69312373510587,1.3805657909407052,0.38537453964001445,-0.4575507593706747,4.313935103759507,2.456836153881457,1.168899992324916,-0.5092015802896478,-0.7315091542917456,4.313935103759507,7.631316262303621,2.9409149914326136,254,True
brain_putamen_basal_ganglia,raw,ENSG00000122733.12,PHF24,3.0842139321948565,7.633990970086724,3.08716810949052,1.2566663121391162,167.69312373510587,1.3805657909407052,0.38537453964001445,-0.4575507593706747,4.313935103759507,2.456836153881457,1.168899992324916,-0.5092015802896478,-0.7315091542917456,4.313935103759507,7.631316262303621,2.9409149914326136,254,True
brain_spinal_cord_cervical_c-1,excluded_at_or_below_-1,ENSG00000122733.12,PHF24,0.48665336077019256,9.999076282252346,0.769358105260607,1.5683257289575068,254.90862726490832,3.6082814473094613,0.0,-0.6448675578241347,4.770847542004194,1.1013354723982673,1.0444493933991508,0.7235784542033273,0.36196602252248145,4.770847542004194,9.984132227106903,0.0,204,True
brain_spinal_cord_cervical_c-1,raw,ENSG00000122733.12,PHF24,0.48665336077019256,9.999076282252346,0.769358105260607,1.5683257289575068,254.90862726490832,3.6082814473094613,0.0,-0.6448675578241347,4.770847542004194,1.1013354723982673,1.0444493933991508,0.7235784542033273,0.36196602252248145,4.770847542004194,9.984132227106903,0.0,204,True
brain_substantia_nigra,excluded_at_or_below_-1,ENSG00000122733.12,PHF24,-27.726478248911125,34.33702986348497,1.4483028957437527,8.854397889035436,180.77628466055444,0.7108280763687153,0.0,-0.4635630955003083,5.8988008872244855,1.9731640634232646,1.4336678818277453,0.15886213700056673,-0.9132835023169172,5.8988008872244855,7.665783160232259,0.0,183,True
brain_substantia_nigra,raw,ENSG00000122733.12,PHF24,-27.726478248911125,34.33702986348497,1.4483028957437527,8.854397889035436,180.77628466055444,0.7108280763687153,0.0,-0.4635630955003083,5.8988008872244855,1.9731640634232646,1.4336678818277453,0.15886213700056673,-0.9132835023169172,5.8988008872244855,7.665783160232259,0.0,183,True
breast_mammary_tissue,excluded_at_or_below_-1,ENSG00000122733.12,PHF24,1.3757461705258656,27.89991633695238,0.04963322682597255,0.7409889566334001,462.6531431349215,3.9802584718033467,0.0,-0.9795482924790933,2.1351227530356836,0.15923473956622686,0.5542996553935323,0.5482840399380087,-0.009650484132727843,2.1351227530356836,27.889782714712688,0.0,514,True
breast_mammary_tissue,raw,ENSG00000122733.12,PHF24,1.3757461705258656,27.89991633695238,0.04963322682597255,0.7409889566334001,462.6531431349215,3.9802584718033467,0.0,-0.9795482924790933,2.1351227530356836,0.15923473956622686,0.5542996553935323,0.5482840399380087,-0.009650484132727843,2.1351227530356836,27.889782714712688,0.0,514,True
cells_cultured_fibroblasts,excluded_at_or_below_-1,ENSG00000122733.12,PHF24,1.529412775491776,84.45972382380236,-0.9783385338405376,0.18407739436681286,1802.5688590244354,7.957879860606054,0.0,-0.9918889290432666,0.0574779993897103,-0.8594744931214493,0.11666359833451462,1.999925285377666,7.657828274856648,0.0574779993897103,84.45918597524849,0.0,630,True
cells_cultured_fibroblasts,raw,ENSG00000122733.12,PHF24,1.49782669827372,84.27021165649325,-0.9810917911132371,0.1882945454224519,1692.937346729408,7.800329424864583,0.0,-1.0,0.0574779993897103,-0.8642161513290078,0.1174532795140197,1.9569231913339273,7.398767395755355,0.0574779993897103,84.26959040182669,0.0,652,True
cells_ebv-transformed_lymphocytes,excluded_at_or_below_-1,ENSG00000122733.12,PHF24,0.27808552663973807,73.65395188492083,-0.9829409977053818,0.09621587056083118,278.02112002113006,14.301354170434408,0.0,-0.9937924728147544,-0.0099498750646686,-0.9253965152840565,0.0783106421749408,6.282499329463437,63.5667855532365,-0.0099498750646686,73.65063326767081,0.0,299,True
cells_ebv-transformed_lymphocytes,raw,ENSG00000122733.12,PHF24,0.4018053299733849,77.64571703810078,-0.9794977624426296,0.08896467317292461,215.10734881014912,15.412272341347597,0.0,-1.0,-0.0099498750646686,-0.9317845812536176,0.07773631914819026,6.041713736892691,61.67103696214387,-0.0099498750646686,77.64133723278614,0.0,327,True
cervix_ectocervix,excluded_at_or_below_-1,ENSG00000122733.12,PHF24,-0.24198436971112788,999.9160443904615,-12.380218834889012,4.606074432283954,19.039743304181854,4.019607199803645,0.0,-0.7684127620621979,0.7115874123739321,-0.31087860303466625,0.3686198140554661,0.9010916602829513,0.5769672363634117,0.7115874123739321,1.4272552751913579,0.0,24,True
cervix_ectocervix,raw,ENSG00000122733.12,PHF24,-0.24198436971112788,999.9160443904615,-12.380218834889012,4.606074432283954,19.039743304181854,4.019607199803645,0.0,-0.7684127620621979,0.7115874123739321,-0.31087860303466625,0.3686198140554661,0.9010916602829513,0.5769672363634117,0.7115874123739321,1.4272552751913579,0.0,24,True
cervix_endocervix,excluded_at_or_below_-1,ENSG00000122733.12,PHF24,-57.898586023355726,58.704550166662926,-1.0367575675814455,19.46075977126058,26.40669926903679,0.14700911764800045,0.0,-0.8583684107589272,0.986210673461318,-0.1020903851460374,0.5018732329070532,0.2766995850746856,-0.6901611461943595,0.986210673461318,0.6260044122050772,0.0,23,True
cervix_endocervix,raw,ENSG00000122733.12,PHF24,-57.898586023355726,58.704550166662926,-1.0367575675814455,19.46075977126058,26.40669926903679,0.14700911764800045,0.0,-0.8583684107589272,0.986210673461318,-0.1020903851460374,0.5018732329070532,0.2766995850746856,-0.6901611461943595,0.986210673461318,0.6260044122050772,0.0,23,True
colon_sigmoid,excluded_at_or_below_-1,ENSG00000122733.12,PHF24,1.6714811877651226,25.51887081484747,-0.08679400051577654,0.5538081248399714,368.05533565213926,5.06441520101033,0.0,-0.8931264287410849,1.8964384903225788,0.032694207538763835,0.4747187536312492,0.8152382107872457,0.9363469778354783,1.8964384903225788,25.518765238571483,0.0,419,True
colon_sigmoid,raw,ENSG00000122733.12,PHF24,1.6714811877651226,25.51887081484747,-0.08679400051577654,0.5538081248399714,368.05533565213926,5.06441520101033,0.0,-0.8931264287410849,1.8964384903225788,0.032694207538763835,0.4747187536312492,0.8152382107872457,0.9363469778354783,1.8964384903225788,25.518765238571483,0.0,419,True
colon_transverse,excluded_at_or_below_-1,ENSG00000122733.12,PHF24,-1.9334393277464177,5271446220037.327,-43.74597056362505,8.473159988080232,683.1263630064682,7.56840172074135,0.0,-0.9755001724948396,1.5995701242282694,-0.3694908687563987,0.5012642067431999,0.9936045413356983,0.5924891943274813,1.5995701242282694,43.38541225203239,0.0,479,True
colon_transverse,raw,ENSG00000122733.12,PHF24,-1.9334393277464177,5271446220037.327,-43.74597056362505,8.473159988080232,683.1263630064682,7.56840172074135,0.0,-0.9755001724948396,1.5995701242282694,-0.3694908687563987,0.5012642067431999,0.9936045413356983,0.5924891943274813,1.5995701242282694,43.38541225203239,0.0,479,True
esophagus_gastroesophageal_junction,excluded_at_or_below_-1,ENSG00000122733.12,PHF24,0.5506080328344993,31.768517101459075,-0.1960177307854666,0.49337939170205136,272.6114308235293,6.304140377672213,0.0,-0.716515546098469,2.003319786188292,-0.10521414609726346,0.35563026039415463,1.0905084601171957,2.8442348841510494,2.003319786188292,31.7681512051036,0.0,403,True
esophagus_gastroesophageal_junction,raw,ENSG00000122733.12,PHF24,0.5506080328344993,31.768517101459075,-0.1960177307854666,0.49337939170205136,272.6114308235293,6.304140377672213,0.0,-0.716515546098469,2.003319786188292,-0.10521414609726346,0.35563026039415463,1.0905084601171957,2.8442348841510494,2.003319786188292,31.7681512051036,0.0,403,True
esophagus_mucosa,excluded_at_or_below_-1,ENSG00000122733.12,PHF24,3.189466754225572,68.23474566972828,-0.6689087714405846,0.24223912633641306,2173.899913579212,11.766170275957855,0.0,-0.9729323145725104,1.3465059323971666,-0.5401119707431848,0.3056278452681381,2.1053186318427852,7.022318224011141,1.3465059323971666,68.23064026403294,0.0,614,True
esophagus_mucosa,raw,ENSG00000122733.12,PHF24,3.189466754225572,68.23474566972828,-0.6689087714405846,0.24223912633641306,2173.899913579212,11.766170275957855,0.0,-0.9729323145725104,1.3465059323971666,-0.5401119707431848,0.3056278452681381,2.1053186318427852,7.022318224011141,1.3465059323971666,68.23064026403294,0.0,614,True
esophagus_muscularis,excluded_at_or_below_-1,ENSG00000122733.12,PHF24,0.4466073444620153,39.23277356019061,-0.23742799481869775,0.4364221015063444,555.7301908951667,5.032950664003264,0.0,-0.8768092628112606,1.3157256193188125,-0.1822416400749001,0.31938108462041104,0.8060382402111627,1.347559903137328,1.3157256193188125,39.23236491877397,0.0,561,True
esophagus_muscularis,raw,ENSG00000122733.12,PHF24,0.4466073444620153,39.23277356019061,-0.23742799481869775,0.4364221015063444,555.7301908951667,5.032950664003264,0.0,-0.8768092628112606,1.3157256193188125,-0.1822416400749001,0.31938108462041104,0.8060382402111627,1.347559903137328,1.3157256193188125,39.23236491877397,0.0,561,True
fallopian_tube,excluded_at_or_below_-1,ENSG00000122733.12,PHF24,0.5085295064183827,1.1651428664070695,-0.15280415944218395,0.18640807109508573,22.715524134141518,8.996018900939019,0.0,-0.7453914454384252,1.0329647905069543,0.07821259056064561,0.41511792009421183,0.3443031819166881,-0.35560991971045297,1.0329647905069543,1.165095563069575,0.0,29,True
fallopian_tube,raw,ENSG00000122733.12,PHF24,0.5085295064183827,1.1651428664070695,-0.15280415944218395,0.18640807109508573,22.715524134141518,8.996018900939019,0.0,-0.7453914454384252,1.0329647905069543,0.07821259056064561,0.41511792009421183,0.3443031819166881,-0.35560991971045297,1.0329647905069543,1.165095563069575,0.0,29,True
heart_atrial_appendage,excluded_at_or_below_-1,ENSG00000122733.12,PHF24,0.6051914050099039,41.02087610494578,-0.7678075791778831,0.21982580882243813,1042.0278061785684,7.261271293511105,0.0,-0.9860189992359132,0.3608867550050894,-0.7190360824866915,0.16520375975891477,1.504721627868575,4.819053368290807,0.3608867550050894,41.020867929771036,0.0,461,True
heart_atrial_appendage,raw,ENSG00000122733.12,PHF24,0.6051914050099039,41.02087610494578,-0.7678075791778831,0.21982580882243813,1042.0278061785684,7.261271293511105,0.0,-0.9860189992359132,0.3608867550050894,-0.7190360824866915,0.16520375975891477,1.504721627868575,4.819053368290807,0.3608867550050894,41.020867929771036,0.0,461,True
heart_left_ventricle,excluded_at_or_below_-1,ENSG00000122733.12,PHF24,1.1079188490398415,88.48929638733945,-0.9233834415987072,0.11521851157910297,423.4281943048244,16.51324214197675,0.0,-0.9897701369268974,0.4219799685436787,-0.8660482881100551,0.1258324670830189,4.093304805984327,28.988354749565097,0.4219799685436787,88.48825617828031,0.0,451,True
heart_left_ventricle,raw,ENSG00000122733.12,PHF24,1.3706045823749555,90.15271678136584,-0.9146563425003587,0.0992147200859691,673.6083419599125,19.05250750494376,0.0,-1.0,0.4219799685436787,-0.8663446414549443,0.12585069957855732,4.0868395186696675,28.94013442727993,0.4219799685436787,90.15259017263094,0.0,452,True
kidney_cortex,excluded_at_or_below_-1,ENSG00000122733.12,PHF24,0.7668499538290449,15.536430471662102,-0.8639642188492459,0.1746179632369465,56.719402296949326,17.05803531270327,0.0,-0.9917024422220316,1.2422518876699868,-0.6524041598429178,0.3890681232982592,2.3064924812173944,5.997235137445058,1.2422518876699868,15.535983942430732,0.0,104,True
kidney_cortex,raw,ENSG00000122733.12,PHF24,0.7668499538290449,15.536430471662102,-0.8639642188492459,0.1746179632369465,56.719402296949326,17.05803531270327,0.0,-0.9917024422220316,1.2422518876699868,-0.6524041598429178,0.3890681232982592,2.3064924812173944,5.997235137445058,1.2422518876699868,15.535983942430732,0.0,104,True
kidney_medulla,excluded_at_or_below_-1,ENSG00000122733.12,PHF24,0.17136900196416233,0.5371814987133808,-0.8653708560135448,0.038454373282089054,12.829866325998939,9.193078898678584,0.0,-0.9686993866366984,-0.6153986474397035,-0.8374398794059155,0.10691386006357295,0.8062907037322009,-0.11499672019302754,-0.6153986474397035,0.5371770670018918,0.0,11,True
kidney_medulla,raw,ENSG00000122733.12,PHF24,0.17136900196416233,0.5371814987133808,-0.8653708560135448,0.038454373282089054,12.829866325998939,9.193078898678584,0.0,-0.9686993866366984,-0.6153986474397035,-0.8374398794059155,0.10691386006357295,0.8062907037322009,-0.11499672019302754,-0.6153986474397035,0.5371770670018918,0.0,11,True
liver,excluded_at_or_below_-1,ENSG00000122733.12,PHF24,0.6929118195571381,47.979693066725616,-0.9046704792590016,0.11070230908765744,328.94896694369623,16.98475729536465,0.0,-0.9940266414564968,0.4248683555511949,-0.8522306948583627,0.15313347057862867,4.954750414246052,34.775913712025975,0.4248683555511949,47.97800206268161,0.0,260,True
liver,raw,ENSG00000122733.12,PHF24,0.6815823751963744,47.34333075603361,-0.9070877733787072,0.11340759161564362,213.81297201182468,16.609738335707657,0.0,-1.0,0.4248683555511949,-0.853358704821276,0.15308890882987386,4.93624836173577,34.68111948783537,0.4248683555511949,47.343257401199274,0.0,262,True
lung,excluded_at_or_below_-1,ENSG00000122733.12,PHF24,3.221855943555302,35.11733739482246,-0.47305209310699625,0.31967980759364606,935.6061436324834,5.187789158027015,0.0,-0.9448987696974608,0.6996360241612178,-0.38525373941327995,0.2951181401261429,0.8205868882193226,0.5758343044656136,0.6996360241612178,35.11723913434921,0.0,604,True
lung,raw,ENSG00000122733.12,PHF24,3.221855943555302,35.11733739482246,-0.47305209310699625,0.31967980759364606,935.6061436324834,5.187789158027015,0.0,-0.9448987696974608,0.6996360241612178,-0.38525373941327995,0.2951181401261429,0.8205868882193226,0.5758343044656136,0.6996360241612178,35.11723913434921,0.0,604,True
minor_salivary_gland,excluded_at_or_below_-1,ENSG00000122733.12,PHF24,0.4359233150031991,9.184902557205467,-0.6599488189212922,0.25444352874571413,147.26802002658425,3.6407727352933885,0.0,-0.9795838526076636,-0.0049055589947252,-0.6199735975712142,0.18877207577825827,0.733975456699873,0.46686297606142,-0.0049055589947252,9.17267677939212,0.0,181,True
minor_salivary_gland,raw,ENSG00000122733.12,PHF24,0.4359233150031991,9.184902557205467,-0.6599488189212922,0.25444352874571413,147.26802002658425,3.6407727352933885,0.0,-0.9795838526076636,-0.0049055589947252,-0.6199735975712142,0.18877207577825827,0.733975456699873,0.46686297606142,-0.0049055589947252,9.17267677939212,0.0,181,True
muscle_skeletal,excluded_at_or_below_-1,ENSG00000122733.12,PHF24,3.4657951899675923,113.4195560702894,-0.8845820865841796,0.11046843819856043,3163.554699839752,14.092102840367602,0.0,-0.9946963149163536,0.216194085507297,-0.8290024912875272,0.13126124174864173,2.495106870469336,10.634611520631664,0.216194085507297,113.41113027023046,0.0,815,True
muscle_skeletal,raw,ENSG00000122733.12,PHF24,3.645776043649802,115.25931088219939,-0.8847773017529627,0.10664935595580757,3393.1138198430112,14.599325553295978,0.0,-1.0,0.216194085507297,-0.829629621515079,0.13142763221021705,2.482741045693104,10.573636617726788,0.216194085507297,115.2566893770151,0.0,818,True
nerve_tibial,excluded_at_or_below_-1,ENSG00000122733.12,PHF24,1.192440870246647,45.355550208076465,-0.13929075063945442,0.41527231585557317,487.74583913854815,4.897377703840426,0.0,-0.8265680652463019,1.2987843992555683,-0.0934458369119049,0.32281075687233834,0.5999887540627191,0.7502516928894285,1.2987843992555683,45.354969786028065,0.0,670,True
nerve_tibial,raw,ENSG00000122733.12,PHF24,1.192440870246647,45.355550208076465,-0.13929075063945442,0.41527231585557317,487.74583913854815,4.897377703840426,0.0,-0.8265680652463019,1.2987843992555683,-0.0934458369119049,0.32281075687233834,0.5999887540627191,0.7502516928894285,1.2987843992555683,45.354969786028065,0.0,670,True
ovary,excluded_at_or_below_-1,ENSG00000122733.12,PHF24,0.9530243767291671,11.841262281092735,-0.7201573636458936,0.24623282322972598,273.84072291040496,5.691040931728581,0.0,-0.9602846434615212,0.2707262716262766,-0.6253495835892581,0.236786676484138,1.3344551315597903,1.9659774958785912,0.2707262716262766,11.84124111015947,0.0,192,True
ovary,raw,ENSG00000122733.12,PHF24,0.9998772271614446,12.382023965653515,-0.7119114590938445,0.23027181179736353,282.6321866897543,6.034866338337585,0.0,-1.0,0.2707262716262766,-0.6272907774566712,0.2377039730033529,1.316295949293922,1.9391816816743015,0.2707262716262766,12.381981911890216,0.0,193,True
pancreas,excluded_at_or_below_-1,ENSG00000122733.12,PHF24,2.1311921373989677,29.83472296417774,-0.9235653053640056,0.057755379228613006,416.01173622902854,8.669276508551091,0.0,-0.9926293760955652,-0.5695188121675407,-0.8953622507326416,0.06627717888897439,1.3898912555684455,2.4571314494885366,-0.5695188121675407,29.834495822695796,0.0,361,True
pancreas,raw,ENSG00000122733.12,PHF24,2.240645742589932,31.34515758694695,-0.922568756833435,0.05387708102535128,641.6512278565531,9.26716909007457,0.0,-1.0,-0.5695188121675407,-0.8956513052886289,0.0664134204366167,1.3797494769600749,2.438511966644679,-0.5695188121675407,31.344789086967758,0.0,362,True
pituitary,excluded_at_or_below_-1,ENSG00000122733.12,PHF24,1.5618710731264822,28.83819184633376,-0.5723849169592296,0.2095380536834575,297.699442212686,9.212336093981964,0.0,-0.8910674646053293,0.7925680338325043,-0.47700506664371056,0.2567682971584276,1.7116919216689344,4.060717909671245,0.7925680338325043,28.837441969413476,0.0,313,True
pituitary,raw,ENSG00000122733.12,PHF24,1.5618710731264822,28.83819184633376,-0.5723849169592296,0.2095380536834575,297.699442212686,9.212336093981964,0.0,-0.8910674646053293,0.7925680338325043,-0.47700506664371056,0.2567682971584276,1.7116919216689344,4.060717909671245,0.7925680338325043,28.837441969413476,0.0,313,True
prostate,excluded_at_or_below_-1,ENSG00000122733.12,PHF24,0.9400456498356667,34.6398207009271,-0.6433545209942908,0.3047869424771249,492.1040811643545,11.814994121861101,0.0,-0.9781393945249736,1.9029765492187276,-0.5317903611141975,0.3029716788809688,2.4623750895576015,14.063663056697997,1.9029765492187276,34.63846540118679,0.0,282,True
prostate,raw,ENSG00000122733.12,PHF24,0.9400456498356667,34.6398207009271,-0.6433545209942908,0.3047869424771249,492.1040811643545,11.814994121861101,0.0,-0.9781393945249736,1.9029765492187276,-0.5317903611141975,0.3029716788809688,2.4623750895576015,14.063663056697997,1.9029765492187276,34.63846540118679,0.0,282,True
skin_not_sun_exposed_suprapubic,excluded_at_or_below_-1,ENSG00000122733.12,PHF24,2.0608032195248147,39.484784637831055,-0.131545674248925,0.5101615775578805,681.0254146545461,4.716692609531697,0.0,-0.9007142228718226,1.5699479378590513,-0.02969494636515671,0.4151820769358931,0.7540561309777963,0.4780319921642344,1.5699479378590513,39.48360429556209,0.0,651,True
skin_not_sun_exposed_suprapubic,raw,ENSG00000122733.12,PHF24,2.0608032195248147,39.484784637831055,-0.131545674248925,0.5101615775578805,681.0254146545461,4.716692609531697,0.0,-0.9007142228718226,1.5699479378590513,-0.02969494636515671,0.4151820769358931,0.7540561309777963,0.4780319921642344,1.5699479378590513,39.48360429556209,0.0,651,True
skin_sun_exposed_lower_leg,excluded_at_or_below_-1,ENSG00000122733.12,PHF24,0.3018064182317168,52.04979776443653,0.1637953032676493,0.549883435008424,640.9840570110799,4.350068410347688,0.0,-0.8691112917405804,1.8552163330516644,0.2054144785703746,0.3991336227616322,0.51865612572417,0.5184513132181334,1.8552163330516644,52.04570903155245,0.0,754,True
skin_sun_exposed_lower_leg,raw,ENSG00000122733.12,PHF24,0.3018064182317168,52.04979776443653,0.1637953032676493,0.549883435008424,640.9840570110799,4.350068410347688,0.0,-0.8691112917405804,1.8552163330516644,0.2054144785703746,0.3991336227616322,0.51865612572417,0.5184513132181334,1.8552163330516644,52.04570903155245,0.0,754,True
small_intestine_terminal_ileum,excluded_at_or_below_-1,ENSG00000122733.12,PHF24,0.9177944190951465,10.040162628651666,-0.798219436806881,1.3646434435734802,404.0509220875459,3.1590599710567977,0.0,-0.9468594622977904,2.2501111633636537,0.008669615328909046,0.7109410864260968,0.8072880977256622,-0.1810508315810706,2.2501111633636537,9.971817570697556,0.0,207,True
small_intestine_terminal_ileum,raw,ENSG00000122733.12,PHF24,0.9177944190951465,10.040162628651666,-0.798219436806881,1.3646434435734802,404.0509220875459,3.1590599710567977,0.0,-0.9468594622977904,2.2501111633636537,0.008669615328909046,0.7109410864260968,0.8072880977256622,-0.1810508315810706,2.2501111633636537,9.971817570697556,0.0,207,True
spleen,excluded_at_or_below_-1,ENSG00000122733.12,PHF24,0.8621495384747015,25.46564674062431,-0.5842305656052538,0.2442313426378709,303.61019346639296,8.26837627470386,0.0,-0.9384643292286672,0.8436984917412405,-0.5203217467649695,0.23396545053761575,1.474075232574904,4.3373549966028735,0.8436984917412405,25.465632694796454,0.0,277,True
spleen,raw,ENSG00000122733.12,PHF24,0.8621495384747015,25.46564674062431,-0.5842305656052538,0.2442313426378709,303.61019346639296,8.26837627470386,0.0,-0.9384643292286672,0.8436984917412405,-0.5203217467649695,0.23396545053761575,1.474075232574904,4.3373549966028735,0.8436984917412405,25.465632694796454,0.0,277,True
stomach,excluded_at_or_below_-1,ENSG00000122733.12,PHF24,4.915913625121742,57.0299710042155,-0.8829867805602621,0.1414578987972728,473.57536820270553,22.01755433734952,0.0,-0.9840129564664108,1.3193375755927916,-0.41863267806760496,0.6184507145668348,1.0748337805596655,-0.2404983256845159,1.3193375755927916,57.02684275490588,0.0,407,True
stomach,raw,ENSG00000122733.12,PHF24,4.915913625121742,57.0299710042155,-0.8829867805602621,0.1414578987972728,473.57536820270553,22.01755433734952,0.0,-0.9840129564664108,1.3193375755927916,-0.41863267806760496,0.6184507145668348,1.0748337805596655,-0.2404983256845159,1.3193375755927916,57.02684275490588,0.0,407,True
testis,excluded_at_or_below_-1,ENSG00000122733.12,PHF24,0.4204312869660792,28.672212635738475,4.412696264336231,0.6218846355273858,253.60248479885877,3.7715764014626636,0.0,2.88944433788246,6.071204907013578,4.419029171427133,0.467312451702462,-0.04506636743106122,0.3693887630542725,6.071204907013578,28.648734111964263,0.0,414,True
testis,raw,ENSG00000122733.12,PHF24,0.4204312869660792,28.672212635738475,4.412696264336231,0.6218846355273858,253.60248479885877,3.7715764014626636,0.0,2.88944433788246,6.071204907013578,4.419029171427133,0.467312451702462,-0.04506636743106122,0.3693887630542725,6.071204907013578,28.648734111964263,0.0,414,True
thyroid,excluded_at_or_below_-1,ENSG00000122733.12,PHF24,0.9125770056131003,37.741081507460805,-0.046861910147292025,0.6145838264407422,642.296868077658,3.610130471244377,0.0,-0.9763415302073531,1.5220155621098637,0.014120036176703545,0.4437824390582421,0.509954423548247,0.11652465225617803,1.5220155621098637,37.68523057826496,0.0,684,True
thyroid,raw,ENSG00000122733.12,PHF24,0.9125770056131003,37.741081507460805,-0.046861910147292025,0.6145838264407422,642.296868077658,3.610130471244377,0.0,-0.9763415302073531,1.5220155621098637,0.014120036176703545,0.4437824390582421,0.509954423548247,0.11652465225617803,1.5220155621098637,37.68523057826496,0.0,684,True
uterus,excluded_at_or_below_-1,ENSG00000122733.12,PHF24,0.5873643404346021,7.147071896660064,0.04237943648970902,0.6024610165192481,84.29498804161913,3.416197383481543,0.0,-0.8035264050738116,1.4976941096350336,0.0879341639801522,0.4717276770351777,0.47930352486721434,0.18455253722908926,1.4976941096350336,7.126172102195194,0.0,153,True
uterus,raw,ENSG00000122733.12,PHF24,0.5873643404346021,7.147071896660064,0.04237943648970902,0.6024610165192481,84.29498804161913,3.416197383481543,0.0,-0.8035264050738116,1.4976941096350336,0.0879341639801522,0.4717276770351777,0.47930352486721434,0.18455253722908926,1.4976941096350336,7.126172102195194,0.0,153,True
vagina,excluded_at_or_below_-1,ENSG00000122733.12,PHF24,0.7021048564779039,14.916300970645295,-0.5172342140309829,0.5567237887680319,189.43885936303383,8.023951115251176,0.0,-0.9532156111590312,2.641499788120809,-0.27749360223623765,0.5173924127490539,1.8595350390349783,6.2158783265347015,2.641499788120809,14.916087563998357,0.0,170,True
vagina,raw,ENSG00000122733.12,PHF24,0.7021048564779039,14.916300970645295,-0.5172342140309829,0.5567237887680319,189.43885936303383,8.023951115251176,0.0,-0.9532156111590312,2.641499788120809,-0.27749360223623765,0.5173924127490539,1.8595350390349783,6.2158783265347015,2.641499788120809,14.916087563998357,0.0,170,True
whole_blood,excluded_at_or_below_-1,ENSG00000122733.12,PHF24,5.181362877945082,3005560327294.483,-14.124364593995876,2.7243965735165085,1627.5626478129805,9.26077086194266,0.0,-0.9932625013553472,3.7159482665747374,-0.40085981341701005,0.7020137115556117,1.9448236238854746,4.459564556152876,3.7159482665747374,244.89186826172224,0.0,779,True
whole_blood,raw,ENSG00000122733.12,PHF24,5.402895978469512,2743537469868.8657,-13.488033507317278,2.6001007797832254,1767.5691221917555,9.357369737601504,0.0,-1.0,3.7159482665747374,-0.41876686756145803,0.6989252994353541,1.9697729478710544,4.579037261437023,3.7159482665747374,263.060974193945,0.0,803,True
adipose_subcutaneous,excluded_at_or_below_-1,ENSG00000226057.8,PHF2P2,0.42881230738836773,72.94804092308283,-0.9897370906366408,0.06823343997091648,60.83931387574373,15.556277354938482,0.0,-0.991620682524764,-0.239172716690204,-0.9408315809368251,0.06244988175244326,6.284680800133233,61.52974282542621,-0.239172716690204,72.941873338215,0.0,259,True
adipose_subcutaneous,raw,ENSG00000226057.8,PHF2P2,2.916485723654825,297273356113.7926,-1.5021817801300146,0.11366922459504608,3762.594110394595,15.713703979947493,0.0,-1.0,-0.239172716690204,-0.9785369460261032,0.047134096650109425,6.93414107401865,88.3150855221428,-0.239172716690204,992.1578396628935,0.0,714,True
adipose_visceral_omentum,excluded_at_or_below_-1,ENSG00000226057.8,PHF2P2,0.42617178372842324,60.170729238973806,-0.9974892765750241,0.08962973186357123,372.5249721452889,10.110238397497078,0.0,-0.9892645525463468,-0.3567246984699677,-0.9294957079202197,0.07126531104921167,3.9940871071542485,22.119653601061575,-0.3567246984699677,59.666188147922725,0.0,288,True
adipose_visceral_omentum,raw,ENSG00000226057.8,PHF2P2,3.7283209019593886,344129213439.6551,-1.5952975468276107,0.13207671352958208,3055.249488340294,13.262038956944027,0.0,-1.0,-0.3567246984699677,-0.9654084563560874,0.06108820519660811,4.286745316975655,28.545183267497322,-0.3567246984699677,517.6693775706951,0.0,587,True
adrenal_gland,excluded_at_or_below_-1,ENSG00000226057.8,PHF2P2,0.607996998014956,15.794056954967232,-0.9706489502805348,0.023568775676645264,122.42843103164985,11.46597817294273,0.0,-0.989558142301816,-0.7795610731299802,-0.957735742291857,0.027889941308137413,2.5978952783969684,11.499858542504581,-0.7795610731299802,15.79404307269356,0.0,134,True
adrenal_gland,raw,ENSG00000226057.8,PHF2P2,1.7834278025870696,152.60227732254754,-0.9972528685705089,0.0024536199529250706,1378.3122931583785,125.472850496805,0.0,-1.0,-0.7795610731299802,-0.9808019981935894,0.028217303666742643,2.2947660771224667,9.043924406878126,-0.7795610731299802,151.86243337944637,0.0,295,True
artery_aorta,excluded_at_or_below_-1,ENSG00000226057.8,PHF2P2,0.3255248402400676,17.658113246666055,-0.959285873924372,0.03854695941751061,73.40714356482343,11.915847026530766,0.0,-0.9849335336934724,-0.6344978192926565,-0.9398416692206839,0.04770538087335521,3.6235477699917147,17.365404371217636,-0.6344978192926565,17.65800854810177,0.0,127,True
artery_aorta,raw,ENSG00000226057.8,PHF2P2,3.256410242569544,402.5826006588131,-0.9963086678088398,0.0021677566288264283,1413.4358979795607,236.04024648390256,0.0,-1.0,-0.6344978192926565,-0.9838133304894637,0.03636041177181518,4.268097139038196,28.27730028784172,-0.6344978192926565,402.5044288009929,0.0,472,True
artery_coronary,excluded_at_or_below_-1,ENSG00000226057.8,PHF2P2,0.19474781418380166,19.687105720495687,-0.9559610500739845,0.03787789317181013,9.00397357914341,25.680021827140873,0.0,-0.9931634226033418,-0.2681546612100816,-0.9270615273926075,0.09937869583499717,4.7667790716797045,26.093757676427742,-0.2681546612100816,19.685709874936435,0.0,75,True
artery_coronary,raw,ENSG00000226057.8,PHF2P2,1.1490457758845158,325047182481.3608,-1.373672057703866,0.08307222104747787,481.77179047100174,18.820222642986277,0.0,-1.0,-0.2681546612100816,-0.9795881140091253,0.06175261563811305,7.461805943823125,72.52597132706876,-0.2681546612100816,530.4904256596062,0.0,268,True
artery_tibial,excluded_at_or_below_-1,ENSG00000226057.8,PHF2P2,0.6572994258110916,9.96302628936679,-0.9609365314504871,0.03487066513312279,152.01955043282513,5.438183559538599,0.0,-0.9832084677261226,-0.8268456961745801,-0.9454004969212354,0.029017827878994328,1.446824097825444,2.5188632920473877,-0.8268456961745801,9.962965304468378,0.0,155,True
artery_tibial,raw,ENSG00000226057.8,PHF2P2,4.617384730107511,506.4271157516426,-0.9978570434189156,0.002079590229867403,1703.9302095657702,116.29529852525533,0.0,-1.0,-0.8268456961745801,-0.9877526440271945,0.026596726573091978,2.520176282645142,6.932188458217631,-0.8268456961745801,504.7590186986999,0.0,691,True
bladder,excluded_at_or_below_-1,ENSG00000226057.8,PHF2P2,0.3065023703459611,0.8052587276017794,-0.9604246116455672,0.009973946943929212,30.906901498946315,5.08792184683513,0.0,-0.9896598385385144,-0.9245413024302056,-0.9595837370807413,0.016950101247986654,0.2957725633990383,-0.26315132439729894,-0.9245413024302056,0.8052562409028459,0.0,21,True
bladder,raw,ENSG00000226057.8,PHF2P2,0.5342592815942022,84.07609231966723,-0.9993041594897842,0.00038358684834651147,25.69299639185939,275.6367870045062,0.0,-1.0,-0.9245413024302056,-0.988977382840202,0.020096388214679583,1.6205955737544824,1.4052243450286852,-0.9245413024302056,82.04357450396583,0.0,77,True
brain_amygdala,excluded_at_or_below_-1,ENSG00000226057.8,PHF2P2,0.1783270824989505,1.1135529538470557,-0.982151438004512,0.006602575047951728,13.668901537313936,7.287782005251681,0.0,-0.9892516646089784,-0.94812678366444,-0.9768922995919771,0.010216181941993101,1.3692580785449087,1.458194584698929,-0.94812678366444,1.1135319587063877,0.0,19,True
brain_amygdala,raw,ENSG00000226057.8,PHF2P2,0.4999030274109576,157.63051716769868,-0.9993525828605244,0.0005335972479198883,41.33352120732327,135.76573014368276,0.0,-1.0,-0.94812678366444,-0.9975743297914229,0.007802789999020032,3.610896031168384,13.95121085291418,-0.94812678366444,156.6926983613538,0.0,181,True
brain_anterior_cingulate_cortex_ba24,excluded_at_or_below_-1,ENSG00000226057.8,PHF2P2,0.30733484497923985,2.9686346059320075,-0.9768574894488793,0.013419827949650099,53.582306445996196,8.135954202911703,0.0,-0.9901326053014582,-0.8996533750815309,-0.9677431777394386,0.01923800533493943,1.5793409586818428,2.543129683574657,-0.8996533750815309,2.96862965798812,0.0,41,True
brain_anterior_cingulate_cortex_ba24,raw,ENSG00000226057.8,PHF2P2,1.2265317863282705,186.0900741142803,-0.9987679254224026,0.0011984059595302593,111.54009810674944,116.96298754681919,0.0,-1.0,-0.8996533750815309,-0.9943239068125191,0.014674314581099005,3.225685941314782,11.96429348069614,-0.8996533750815309,185.63330817387828,0.0,233,True
brain_caudate_basal_ganglia,excluded_at_or_below_-1,ENSG00000226057.8,PHF2P2,0.22508414379251715,8.16783540535342,-1.0224636404699448,0.05334641313778617,40.902977326845445,3.662837248513178,0.0,-0.990086754468029,-0.8842955205236406,-0.9649767920100958,0.02266513271992667,1.3713334879714043,1.7074629917694777,-0.8842955205236406,5.641153734568061,0.0,66,True
brain_caudate_basal_ganglia,raw,ENSG00000226057.8,PHF2P2,1.736842111698637,220.8602712225292,-0.9985537216657686,0.001017811091782336,300.6538490946658,158.75784708200686,0.0,-1.0,-0.8842955205236406,-0.9922948942422212,0.017968543278595726,2.8901336275237575,9.205543162378893,-0.8842955205236406,218.9789294135271,0.0,300,True
brain_cerebellar_hemisphere,excluded_at_or_below_-1,ENSG00000226057.8,PHF2P2,-0.02504240942173629,6.220662993028908,-1.0452470112355172,0.08761622483996508,47.974113639492955,2.7007443766146135,0.0,-0.984512421602156,-0.8779250219458188,-0.9538559751496607,0.02474414703412739,1.023481246560818,0.6270309315284699,-0.8779250219458188,3.6851111652823265,0.0,57,True
brain_cerebellar_hemisphere,raw,ENSG00000226057.8,PHF2P2,1.8562755971370002,199.5873410519578,-0.9985532045060601,0.0017769502078084458,604.2572678657318,96.0038221844767,0.0,-1.0,-0.8779250219458188,-0.9905046591463201,0.02175963814821844,2.5534656780942013,6.43861635257441,-0.8779250219458188,199.5615257451152,0.0,277,True
brain_cerebellum,excluded_at_or_below_-1,ENSG00000226057.8,PHF2P2,0.2502561855615342,4.245508530094635,-0.9666819190560224,0.03148256426955689,73.48081588230248,6.0424322743758445,0.0,-0.9892989209422018,-0.8321681034034075,-0.9528667481968455,0.028814914692808353,1.7562547487666476,4.159274857922364,-0.8321681034034075,4.245494407248718,0.0,61,True
brain_cerebellum,raw,ENSG00000226057.8,PHF2P2,1.5985104280173044,197.77228774820412,-0.997906168625205,0.001733387263685533,211.43128117258013,135.22022720980652,0.0,-1.0,-0.8321681034034075,-0.9891912467669458,0.024126674701996493,2.851933062660021,9.944917401333434,-0.8321681034034075,196.61964975942738,0.0,266,True
brain_cortex,excluded_at_or_below_-1,ENSG00000226057.8,PHF2P2,0.005554156716409583,144800381980.87796,-1.9883443232061302,0.20606581008560873,25.251113837180654,7.915231853252576,0.0,-0.987457069983862,-0.8350116814805495,-0.9661978033714601,0.02513450618648577,3.315679380713703,14.578982389939988,-0.8350116814805495,8.219649993790446,0.0,45,True
brain_cortex,raw,ENSG00000226057.8,PHF2P2,1.1538461791206407,276.5056165977544,-0.9982314943474814,0.0006392961936296066,207.07692307692307,361.0653016622681,0.0,-1.0,-0.8350116814805495,-0.9943663005619101,0.016205439709137584,4.905227791653912,35.998108822489826,-0.8350116814805495,267.57022246486144,0.0,270,True
brain_frontal_cortex_ba9,excluded_at_or_below_-1,ENSG00000226057.8,PHF2P2,0.28013172434942785,433121205539.1916,-1.4926132167905843,0.09961643930817779,10.9424704545931,8.159261597614657,0.0,-0.9863876719820702,-0.9178792378755272,-0.9678272644131863,0.01707462126767503,1.1134467181655232,0.9104906241738986,-0.9178792378755272,2.636774088163256,0.0,26,True
brain_frontal_cortex_ba9,raw,ENSG00000226057.8,PHF2P2,0.6666666666629503,254.00253698219495,-0.9990610279655706,0.00040365124645290993,38.666666666874164,284.42470962729647,0.0,-1.0,-0.9178792378755272,-0.9968903675640998,0.010858588172714331,4.094494423549963,18.36217370722072,-0.9178792378755272,253.33523845002122,0.0,269,True
brain_hippocampus,excluded_at_or_below_-1,ENSG00000226057.8,PHF2P2,0.43865692320155986,6.265214076646515,-0.9839907507936612,0.0026296883376101684,19.57090579880258,39.499537802955146,0.0,-0.9913567880998128,-0.9105425272261234,-0.973505673361262,0.018092128210478474,2.03518572397433,3.9817906247404364,-0.9105425272261234,6.2625429413823746,0.0,32,True
brain_hippocampus,raw,ENSG00000226057.8,PHF2P2,0.8205128204965833,238.44515376042486,-0.9990033542438423,0.00045737059782811256,69.74358974470908,273.52545594593306,0.0,-1.0,-0.9105425272261234,-0.9966752217551388,0.010829866995522078,4.543142292313155,25.295815810446484,-0.9105425272261234,235.74965119518313,0.0,255,True
brain_hypothalamus,excluded_at_or_below_-1,ENSG00000226057.8,PHF2P2,0.050812943231776826,115.72131372703916,-1.1072294172430353,0.09769573758596128,14.299310668280798,7.4086307156048985,0.0,-0.990443569717396,-0.5954314388327,-0.9572449460098557,0.0453358295971568,5.628739205597948,41.41937873604267,-0.5954314388327,27.72112599702861,0.0,94,True
brain_hypothalamus,raw,ENSG00000226057.8,PHF2P2,1.500230764053455,249446673552.25888,-1.2502333677073227,0.05550321505468574,605.8748470344741,16.684254553004966,0.0,-1.0,-0.5954314388327,-0.9843619646884297,0.034240019336667864,6.3685279573564735,63.85356277271546,-0.5954314388327,371.0757418257992,0.0,257,True
brain_nucleus_accumbens_basal_ganglia,excluded_at_or_below_-1,ENSG00000226057.8,PHF2P2,0.043441354390045504,7199.521273688293,-1.2888908088277697,0.11363997090041471,77.66917799262288,5.100278360576961,0.0,-0.9896283262620532,-0.8790549114068731,-0.9691759982126895,0.02068709982499883,2.09141215071488,5.625357264415017,-0.8790549114068731,6.990314746773043,0.0,53,True
brain_nucleus_accumbens_basal_ganglia,raw,ENSG00000226057.8,PHF2P2,1.3589743653179696,251.491071685728,-0.9985822914345872,0.00031988356787153395,208.97435897435895,528.4336517654515,0.0,-1.0,-0.8790549114068731,-0.9942678172114825,0.01492298558622453,3.6325576721013415,17.066767541762353,-0.8790549114068731,251.44506172798916,0.0,285,True
brain_putamen_basal_ganglia,excluded_at_or_below_-1,ENSG00000226057.8,PHF2P2,0.16561623915420792,4.434622769889428,-0.9879964952523059,0.024680053664552386,64.09285482654627,3.957695973590853,0.0,-0.9917655581397772,-0.9189290279227595,-0.9745353608960311,0.013846941706889358,1.3606601512757655,2.4041505992748604,-0.9189290279227595,4.432862407086434,0.0,69,True
brain_putamen_basal_ganglia,raw,ENSG00000226057.8,PHF2P2,1.826534948056439,169.6633626194147,-0.9990215336671926,0.0011086669794432747,450.2040718957544,102.1658531988574,0.0,-1.0,-0.9189290279227595,-0.9930824405583707,0.013429144114575497,2.204862241777276,5.163142054770876,-0.9189290279227595,169.53025615868026,0.0,254,True
brain_spinal_cord_cervical_c-1,excluded_at_or_below_-1,ENSG00000226057.8,PHF2P2,0.15335582176372803,7.868275933746017,-0.9746871531604256,0.01379919591623046,6.334947198332394,23.74485357866548,0.0,-0.988115115015319,-0.7429966254692704,-0.9598567038068887,0.0439338171827285,3.8024886624987935,15.444402296931383,-0.7429966254692704,7.868036878461438,0.0,35,True
brain_spinal_cord_cervical_c-1,raw,ENSG00000226057.8,PHF2P2,0.8947368292700906,238.77920139735767,-0.9985276263518987,0.0029374403488097414,177.57894734614263,123.02391338820367,0.0,-1.0,-0.7429966254692704,-0.9931126697707897,0.023525614711351832,7.048750849518384,64.64564993102414,-0.7429966254692704,237.8318059119886,0.0,204,True
brain_substantia_nigra,excluded_at_or_below_-1,ENSG00000226057.8,PHF2P2,0.04433797856490479,4.087119493547222,-1.0151861473027894,0.040905936355662004,17.984847154100013,3.759426883558617,0.0,-0.9890211331787168,-0.9064452322640728,-0.9716242478600273,0.01750960392297638,1.9985150529753999,4.8952997211357605,-0.9064452322640728,2.7112717049074875,0.0,28,True
brain_substantia_nigra,raw,ENSG00000226057.8,PHF2P2,0.717948717948718,158.20394180043186,-0.9988897588620915,0.0003736068786997996,45.8974358974359,349.9301290625528,0.0,-1.0,-0.9064452322640728,-0.9956583548638293,0.012263909431819294,3.7556383038660965,17.69933458472193,-0.9064452322640728,157.87877166533656,0.0,183,True
breast_mammary_tissue,excluded_at_or_below_-1,ENSG00000226057.8,PHF2P2,0.5858272035546175,17.170247249463884,-0.9792843303887314,0.055648351919573465,328.1400409063115,6.639691261482377,0.0,-0.989086995542844,-0.7180169477338263,-0.9419982434535634,0.045787925562392404,2.0908519925169853,5.1786938732981795,-0.7180169477338263,17.170117174647054,0.0,173,True
breast_mammary_tissue,raw,ENSG00000226057.8,PHF2P2,4.435897380431293,341.36437853714136,-0.9966194496501604,0.0012120754523433754,1625.5897436412858,325.0651070932971,0.0,-1.0,-0.7180169477338263,-0.9804780080106351,0.03815229359311034,2.929248783639806,10.899470682428074,-0.7180169477338263,339.6796340806856,0.0,514,True
cells_cultured_fibroblasts,excluded_at_or_below_-1,ENSG00000226057.8,PHF2P2,0.13694457252354902,14.663745215733961,-1.0161167188078197,0.05323721695050053,75.02131773370658,4.690361342412007,0.0,-0.9831942077881076,-0.8395508938109066,-0.9587294537730773,0.02513351286208644,2.31697085015301,6.903854819442207,-0.8395508938109066,10.003357379466221,0.0,79,True
cells_cultured_fibroblasts,raw,ENSG00000226057.8,PHF2P2,2.0256410470859203,725.2117999068131,-0.9982281219162427,0.0004779890838354774,414.97435900899427,469.47408552864476,0.0,-1.0,-0.8395508938109066,-0.9949994276810938,0.016041695848899643,4.435232855346588,25.899742920935076,-0.8395508938109066,692.2112986936089,0.0,652,True
cells_ebv-transformed_lymphocytes,excluded_at_or_below_-1,ENSG00000226057.8,PHF2P2,0.611775910772603,7.325359187166782,-0.9893602300795906,0.03244245207979081,88.48567003122965,4.869120917846867,0.0,-0.9868993972553564,-0.8776612432710624,-0.9610863758065017,0.022957611257822034,1.2968512424105945,1.3956186602947191,-0.8776612432710624,7.283281211385716,0.0,95,True
cells_ebv-transformed_lymphocytes,raw,ENSG00000226057.8,PHF2P2,2.4362115757534566,306.38695406981515,-0.998603735237359,0.0002474875827433366,365.5897474384137,691.0993695522722,0.0,-1.0,-0.8776612432710624,-0.9886948186593811,0.021564969186747957,2.2162325662902096,4.983723913263218,-0.8776612432710624,300.856026690105,0.0,327,True
cervix_ectocervix,excluded_at_or_below_-1,ENSG00000226057.8,PHF2P2,,,,,,,,,,,,,,,,,9,False
cervix_ectocervix,raw,ENSG00000226057.8,PHF2P2,0.2307692307692311,19.663382547151635,-0.9982237701151359,0.0006394450364445082,8.923076926618513,370.8667583713751,0.0,-1.0,-0.8305341692426218,-0.9824623463700682,0.03711346870292077,3.098891051679951,9.903437627649927,-0.8305341692426218,19.367458137470418,0.0,24,True
cervix_endocervix,excluded_at_or_below_-1,ENSG00000226057.8,PHF2P2,,,,,,,,,,,,,,,,,6,False
cervix_endocervix,raw,ENSG00000226057.8,PHF2P2,0.153845865993332,21.529506216667514,-0.9982312946932823,0.00013024571151159581,7.076923076926327,1461.1351087350943,0.0,-1.0,-0.8636642201614593,-0.9807335781530762,0.038559163266529174,1.9484693830067905,2.6339426229012854,-0.8636642201614593,18.34155176899233,0.0,23,True
colon_sigmoid,excluded_at_or_below_-1,ENSG00000226057.8,PHF2P2,0.1568630217603694,330711172223.9345,-2.217362686649877,0.25963674574577505,30.77121515541103,10.002704971098309,0.0,-0.9851734084056474,-0.380957042941379,-0.9487237779067629,0.06453331148484401,6.8957919838536315,57.16526886039871,-0.380957042941379,54.69121679053904,0.0,102,True
colon_sigmoid,raw,ENSG00000226057.8,PHF2P2,1.2058145969896235,191450778786.9304,-1.3280486945056407,0.07467324677767374,429.05151461408263,17.9366763365775,0.0,-1.0,-0.380957042941379,-0.9875174829271833,0.03862211820514892,10.000911379028357,144.9717168353037,-0.380957042941379,795.0256268305493,0.0,419,True
colon_transverse,excluded_at_or_below_-1,ENSG00000226057.8,PHF2P2,0.44023557255554624,17.17220926911493,-0.9710366340223044,0.03200761631644354,149.25551799976301,12.571720446015432,0.0,-0.9952426307572104,-0.6865033674918761,-0.95231871539206,0.04486726043723513,3.057000121644389,11.877274069571603,-0.6865033674918761,17.17220324751008,0.0,126,True
colon_transverse,raw,ENSG00000226057.8,PHF2P2,2.925964970794616,17366019259.53069,-1.0725044692013306,0.018160870481256364,1289.4173844306365,30.05847069345448,0.0,-1.0,-0.6865033674918761,-0.9874575326501034,0.03111398734440818,4.5661248167098485,29.152272776020645,-0.6865033674918761,2077.579464376255,0.0,479,True
esophagus_gastroesophageal_junction,excluded_at_or_below_-1,ENSG00000226057.8,PHF2P2,0.206402247394513,7.593334277720899,-0.9653734801259878,0.0331129354051116,99.08156657164199,6.474281835211397,0.0,-0.9932251665339338,-0.8137821774346872,-0.9551616654256948,0.028634273078887683,2.0226965801491303,6.500391476359116,-0.8137821774346872,7.593333781859278,0.0,96,True
esophagus_gastroesophageal_junction,raw,ENSG00000226057.8,PHF2P2,2.447368398203159,311.72220039620413,-0.997972625923071,0.001968946546817135,397.39473694637485,132.2964459004421,0.0,-1.0,-0.8137821774346872,-0.9893189078929695,0.02365389550799417,2.9962945309597337,12.084056373812334,-0.8137821774346872,309.94706295676565,0.0,403,True
esophagus_mucosa,excluded_at_or_below_-1,ENSG00000226057.8,PHF2P2,0.8192774396866723,158.39086260084142,-1.0991340909229457,0.12747459495715052,211.73448622212018,10.275061827412555,0.0,-0.9894593176159256,-0.1729590212883477,-0.9146098267116577,0.10289046133468849,3.859100731073662,20.463098908386264,-0.1729590212883477,75.55316630456058,0.0,228,True
esophagus_mucosa,raw,ENSG00000226057.8,PHF2P2,2.768679961010096,335717428503.23047,-1.5390975123773227,0.12121232864666752,1823.5438670902406,15.939068275882521,0.0,-1.0,-0.1729590212883477,-0.9682915968896709,0.07500137776493049,5.270933155661173,40.50884638797656,-0.1729590212883477,861.6615260627922,0.0,614,True
esophagus_muscularis,excluded_at_or_below_-1,ENSG00000226057.8,PHF2P2,0.20481063159049365,22.27915102787345,-0.9640569602528,0.028094781748779492,295.51424035976004,14.280572924283613,0.0,-0.995028392784476,-0.6803589458722594,-0.9529929298382933,0.03849394657186081,3.943710218909187,20.762608051020102,-0.6803589458722594,22.27913645772723,0.0,141,True
esophagus_muscularis,raw,ENSG00000226057.8,PHF2P2,3.578947120443736,598.8320396847266,-0.9982973361937769,0.003816715222003636,2039.263156257157,117.80621750336408,0.0,-1.0,-0.6803589458722594,-0.9881853887828865,0.028053051072591418,4.755131023042957,35.810019484082694,-0.6803589458722594,598.4062601052142,0.0,561,True
fallopian_tube,excluded_at_or_below_-1,ENSG00000226057.8,PHF2P2,,,,,,,,,,,,,,,,,8,False
fallopian_tube,raw,ENSG00000226057.8,PHF2P2,0.205128205122329,22.76149739558662,-0.9991891144533025,0.0002873174981379233,6.358974363265027,349.32161081034195,0.0,-1.0,-0.928219485866854,-0.9874732768913108,0.022699655401594677,1.510871673677932,0.7584063618319106,-0.928219485866854,22.54708783920746,0.0,29,True
heart_atrial_appendage,excluded_at_or_below_-1,ENSG00000226057.8,PHF2P2,0.2796975516014997,15.00912384533036,-0.992540802210072,0.038172108109876715,184.85524786044533,8.179881917255564,0.0,-0.9937723619430366,-0.7717514213279153,-0.9632560991650683,0.03416984112118347,2.9316522820606585,10.870233978633474,-0.7717514213279153,15.00897650009109,0.0,106,True
heart_atrial_appendage,raw,ENSG00000226057.8,PHF2P2,,,,,,,,,,,,,,,,,461,False
heart_left_ventricle,excluded_at_or_below_-1,ENSG00000226057.8,PHF2P2,0.18947816923931324,100927943624.35591,-1.8662452580730704,0.1809399076120123,41.386024614901736,7.4262756368833935,0.0,-0.9918286768188784,-0.9160990684238692,-0.972830686250612,0.017386840097355093,1.2711245109969427,1.2105244365878205,-0.9160990684238692,7.1599818979613135,0.0,77,True
heart_left_ventricle,raw,ENSG00000226057.8,PHF2P2,2.0263157940465635,364.1040581759795,-0.9989522289538133,0.0007244699975010823,286.1038244057405,161.7348733709943,0.0,-1.0,-0.9160990684238692,-0.9953715992064095,0.012470043514204153,3.3228779149846646,12.111824230993005,-0.9160990684238692,360.97618841038206,0.0,452,True
kidney_cortex,excluded_at_or_below_-1,ENSG00000226057.8,PHF2P2,0.2315098423004095,1100709951786.308,-3.276037162763033,0.4631874481036489,33.02661357971451,10.004490661146624,0.0,-0.9894865295352124,0.000663487128466,-0.908827219065363,0.13761158225781817,4.899985447056632,29.07635843864287,0.000663487128466,28.714275454116745,0.0,62,True
kidney_cortex,raw,ENSG00000226057.8,PHF2P2,0.4275745918270419,346731310170.9273,-2.1263274394796214,0.23978006344396946,32.25645075856261,12.544910416026191,0.0,-1.0,0.000663487128466,-0.9456469959812743,0.11504686305855114,5.743988877514211,42.550757482073806,0.000663487128466,90.63621100330003,0.0,104,True
kidney_medulla,excluded_at_or_below_-1,ENSG00000226057.8,PHF2P2,,,,,,,,,,,,,,,,,6,False
kidney_medulla,raw,ENSG00000226057.8,PHF2P2,0.1538563483476914,6.6362988609494264,-0.9982585871346012,4.4050279928936666e-05,5.076923080976265,4480.1067919026445,0.0,-1.0,-0.8587110933574362,-0.966315461628152,0.0457545053150965,1.3125363148272853,0.6968138017408454,-0.8587110933574362,0.09938365188016784,0.0,11,True
liver,excluded_at_or_below_-1,ENSG00000226057.8,PHF2P2,0.263163143915963,3.155887212701575,-1.0051323142441955,0.045548711032949774,29.081698296727485,2.9373224889003384,0.0,-0.987532872918598,-0.910527611802366,-0.9636195101116707,0.019360864477255303,0.9261050742834878,0.11639134654872141,-0.910527611802366,2.675984253737992,0.0,49,True
liver,raw,ENSG00000226057.8,PHF2P2,1.9426122568662156,191.97775778094407,-0.998910986314508,0.0012116019651444525,516.4251036335263,103.16339071674388,0.0,-1.0,-0.910527611802366,-0.9931960152498925,0.016460430560779078,2.682400471520016,6.993667011379767,-0.910527611802366,191.73128899455088,0.0,262,True
lung,excluded_at_or_below_-1,ENSG00000226057.8,PHF2P2,1.2017395576634118,36.969520693805364,-0.9618064512298727,0.04620786954898298,646.4353178666095,13.09991559092308,0.0,-0.988710475176506,-0.533781146683707,-0.9339398857684885,0.04921526720601429,2.8511794864376796,16.32613051664954,-0.533781146683707,36.9677235217952,0.0,260,True
lung,raw,ENSG00000226057.8,PHF2P2,5.959833425887624,73276503768.39291,-1.1718296888265642,0.040552906499563265,5223.532914982105,22.25085646476481,0.0,-1.0,-0.533781146683707,-0.9715635269864354,0.045956657131178816,2.814733361055333,15.079730387999259,-0.533781146683707,1168.9592147737314,0.0,604,True
minor_salivary_gland,excluded_at_or_below_-1,ENSG00000226057.8,PHF2P2,0.20015381097839774,3282.4566766089833,-1.5147460361699827,0.23341212910958722,32.95911816667304,6.62463178805168,0.0,-0.9867378554272352,-0.4213684506647884,-0.9181027235318924,0.09368542808982416,3.004366713580099,10.804114398032803,-0.4213684506647884,19.67055707714479,0.0,74,True
minor_salivary_gland,raw,ENSG00000226057.8,PHF2P2,1.2777415089695863,147466092082.90378,-1.3496367822758786,0.07780087575221264,251.94393502195805,16.8734561326389,0.0,-1.0,-0.4213684506647884,-0.9665171355876245,0.07203890411336367,4.121126775202936,22.061023728203327,-0.4213684506647884,249.8520452392283,0.0,181,True
muscle_skeletal,excluded_at_or_below_-1,ENSG00000226057.8,PHF2P2,0.8410970090723205,39.39452688284396,-0.9753491060870441,0.018554438168855387,521.3295002224347,19.93031097797976,0.0,-0.99418612774906,-0.7138640428930125,-0.9636615231587689,0.03272250606420993,4.3466608597240155,25.962791184495273,-0.7138640428930125,39.39294211839609,0.0,205,True
muscle_skeletal,raw,ENSG00000226057.8,PHF2P2,4.750641920433604,13641219789.060253,-1.0689682579609388,0.017634098435752216,4372.894812885205,28.478529754985555,0.0,-1.0,-0.7138640428930125,-0.9908931690067819,0.022708159078505222,5.49262660697373,48.645220969788326,-0.7138640428930125,3102.1934852174377,0.0,818,True
nerve_tibial,excluded_at_or_below_-1,ENSG00000226057.8,PHF2P2,0.20667070189508244,34.79775671023609,-0.959418261769461,0.03626450597539586,384.9493212517656,17.371169171989543,0.0,-0.9868965379507112,-0.5139714883838773,-0.9457818487170052,0.04462143465248204,6.0575008748933366,51.79609324674258,-0.5139714883838773,34.797120410852784,0.0,171,True
nerve_tibial,raw,ENSG00000226057.8,PHF2P2,4.086398132626552,20187494600.93749,-1.1128106400095488,0.028399732675528866,4176.585822791793,29.82022611215484,0.0,-1.0,-0.5139714883838773,-0.986162233030758,0.03264295057114399,6.113879316676988,69.82118013404738,-0.5139714883838773,2834.482124009659,0.0,670,True
ovary,excluded_at_or_below_-1,ENSG00000226057.8,PHF2P2,0.22630995398544282,4.346036907296115,-1.0322920801155266,0.07644311490812584,47.98648802884089,3.0530308966490516,0.0,-0.9805556945505058,-0.8672652426844264,-0.9466074796045607,0.028571913436777018,1.0541994289165515,0.551170968037912,-0.8672652426844264,2.7078088118878956,0.0,44,True
ovary,raw,ENSG00000226057.8,PHF2P2,1.1282051219876272,168.24614259800006,-0.9984947076493706,0.00042833431173587984,102.35897435897434,433.2748604338419,0.0,-1.0,-0.8672652426844264,-0.9878276119305734,0.02621431001046096,2.376696832931222,5.425333670062079,-0.8672652426844264,166.32810838307358,0.0,193,True
pancreas,excluded_at_or_below_-1,ENSG00000226057.8,PHF2P2,0.12033947622677976,36.87073432461515,-1.034742712860642,0.0898753646074403,68.076461356903,5.7439067499886285,0.0,-0.9902400739026376,-0.6697089392061837,-0.9480366678791646,0.04619754944125559,3.1607246857317457,13.483054603708784,-0.6697089392061837,28.853610393685333,0.0,182,True
pancreas,raw,ENSG00000226057.8,PHF2P2,3.8976634277675646,114888301377.58997,-1.1766950167399401,0.040134357736827705,1777.5426249396387,17.864658293127775,0.0,-1.0,-0.6697089392061837,-0.9738747888232263,0.041796638703051316,3.2718319250069388,16.150631600588657,-0.6697089392061837,438.9785682333898,0.0,362,True
pituitary,excluded_at_or_below_-1,ENSG00000226057.8,PHF2P2,1.11948546650494,12843351086050.645,-45.78101628878238,8.65098457649216,311.73372540768787,7.934143450251486,0.0,-0.9854533126542764,2.7534868739683014,-0.07100138005853064,0.8113190959930391,1.0326433549104839,0.44865747204611806,2.7534868739683014,28.83996653372174,0.0,298,True
pituitary,raw,ENSG00000226057.8,PHF2P2,2.231209521767314,20563369995437.305,-33.72967724051053,6.288783118113109,525.5639109926265,8.204287621300569,0.0,-1.0,2.7534868739683014,-0.1155220806947033,0.8161472735970529,1.058632674225813,0.4997533749380696,2.7534868739683014,35.40295273819797,0.0,313,True
prostate,excluded_at_or_below_-1,ENSG00000226057.8,PHF2P2,0.5754981292025274,19.23083678589052,-0.9701361517551774,0.0346298679235071,107.7212385559222,19.840865428491583,0.0,-0.9898403312012184,-0.4842925934995286,-0.9326289125729164,0.07742858420616346,3.7564895076106755,17.221465726424277,-0.4842925934995286,19.22946488432941,0.0,97,True
prostate,raw,ENSG00000226057.8,PHF2P2,1.6804218078558446,258521064761.5986,-1.2811751899229304,0.06267008506799306,540.9907886899489,17.982458046105705,0.0,-1.0,-0.4842925934995286,-0.9768262571616059,0.055462060057707534,5.201590264279242,36.88251465365038,-0.4842925934995286,468.1190745496694,0.0,282,True
skin_not_sun_exposed_suprapubic,excluded_at_or_below_-1,ENSG00000226057.8,PHF2P2,1.6476168920424707,37.464775205712705,1.5688563533363913,1.0633562254686506,565.3048925369015,3.0831237094568804,0.005378824800694553,-0.9752477190159976,3.887076795827139,1.5134556746707741,0.8403906362157967,-0.31985982597260965,0.1789832061988097,3.887076795827139,37.34203898880454,0.20085628542148481,646,True
skin_not_sun_exposed_suprapubic,raw,ENSG00000226057.8,PHF2P2,2.21973190021846,37.164830689168234,1.5681599354787197,1.0438772961873188,713.5088943885668,3.1415988123300367,0.004851535458268461,-1.0,3.887076795827139,1.4941510995964977,0.8654745990158892,-0.412170512218433,0.31260236916364903,3.887076795827139,37.07731734483759,0.1798819197959518,651,True
skin_sun_exposed_lower_leg,excluded_at_or_below_-1,ENSG00000226057.8,PHF2P2,3.5625075119749803,41.56178078477193,1.3327990739731905,0.8756649440530675,826.9240030976575,3.200949809212106,0.0048472500443586695,-0.950307901615946,3.3147907689877263,1.2434360710079089,0.7760238820234866,-0.3498559288704349,0.19447797924503707,3.3147907689877263,41.51504731797619,0.20123381495361237,747,True
skin_sun_exposed_lower_leg,raw,ENSG00000226057.8,PHF2P2,4.092627278878168,41.743473162585055,1.3351563633367918,0.8611485261154435,823.6001280575479,3.251037120902698,0.0044312547029156085,-1.0,3.3147907689877263,1.2226084151762706,0.8018528560488576,-0.4399093350331054,0.2968376744513175,3.3147907689877263,41.7166424055974,0.18485706784965217,754,True
small_intestine_terminal_ileum,excluded_at_or_below_-1,ENSG00000226057.8,PHF2P2,0.6617531599344506,1496409543039.756,-3.7221520291228765,0.5446765191943601,61.157835245546494,8.336443166090564,0.0,-0.9868236275968923,-0.5114171253022401,-0.8921254284652492,0.10309658204896104,1.5746643483914233,1.9693971166056956,-0.5114171253022401,16.680104742100355,0.0,101,True
small_intestine_terminal_ileum,raw,ENSG00000226057.8,PHF2P2,2.1358293117542915,151370153212.02835,-1.2717200933249968,0.06047898862516254,382.0310814904599,17.77858382444818,0.0,-1.0,-0.5114171253022401,-0.9473655472221748,0.0898961088988973,2.340415850110986,5.569941721014942,-0.5114171253022401,259.23327405397737,0.0,207,True
spleen,excluded_at_or_below_-1,ENSG00000226057.8,PHF2P2,-0.0722353987606739,630.6852200000619,-2.202327630164225,0.6947515490557167,188.6812590194269,4.178444547570635,0.0,-0.9830715781391876,-0.1496102052253652,-0.8279379561361763,0.14136361141394244,1.6033343963634745,3.520684913573625,-0.1496102052253652,28.88793103761664,0.0,240,True
spleen,raw,ENSG00000226057.8,PHF2P2,0.40479666492381056,2120234484043.451,-8.168285411469764,1.4418489220523993,276.36763234231006,7.864984365209093,0.0,-1.0,-0.1496102052253652,-0.8509209728255679,0.14402569264582243,1.567146691796888,3.359762908078123,-0.1496102052253652,39.00961832143703,0.0,277,True
stomach,excluded_at_or_below_-1,ENSG00000226057.8,PHF2P2,0.33614260259221523,5.0698056645020895,-0.9728572439639592,0.02689157447876008,105.57387145688816,4.7663618826826575,0.0,-0.9888951439899748,-0.8822238495664383,-0.9610729296462419,0.021320346713846146,1.4798570189051505,2.39350895091804,-0.8822238495664383,5.069745764196248,0.0,86,True
stomach,raw,ENSG00000226057.8,PHF2P2,2.7490989727704855,299.641772976699,-0.9985577371484478,0.0015044541489271535,801.8496912298575,109.35591603066594,0.0,-1.0,-0.8822238495664383,-0.991774623954734,0.01866335704626333,2.6860846641164384,7.966151418684099,-0.8822238495664383,299.06715259624644,0.0,407,True
testis,excluded_at_or_below_-1,ENSG00000226057.8,PHF2P2,-0.2823746689299919,25.72795782624868,1.4005553944129518,0.888512475781386,428.67106439835163,3.231457837140795,0.0,-0.368464487300575,3.4307937400579913,1.38010514331257,0.6081038310350542,-0.08796510287903232,-0.06798270068483658,3.4307937400579913,25.588988423263896,0.0,414,True
testis,raw,ENSG00000226057.8,PHF2P2,-0.2823746689299919,25.72795782624868,1.4005553944129518,0.888512475781386,428.67106439835163,3.231457837140795,0.0,-0.368464487300575,3.4307937400579913,1.38010514331257,0.6081038310350542,-0.08796510287903232,-0.06798270068483658,3.4307937400579913,25.588988423263896,0.0,414,True
thyroid,excluded_at_or_below_-1,ENSG00000226057.8,PHF2P2,0.33614805187559443,30.42295402321722,-0.969201463878969,0.05068423485730928,69.0823741520646,11.67730976762051,0.0,-0.983031654456202,-0.5506964187353789,-0.9377560329426907,0.0534053431781763,3.706111469510594,18.434413849981667,-0.5506964187353789,30.42279268490573,0.0,178,True
thyroid,raw,ENSG00000226057.8,PHF2P2,4.473600829913366,753.5003568053863,-0.9986550057618756,0.006694429952317949,3665.4672797302387,94.63227095759024,0.0,-1.0,-0.5506964187353789,-0.9838020085728055,0.03854966024312083,4.72137278527065,34.378355094437914,-0.5506964187353789,753.0955599048008,0.0,684,True
uterus,excluded_at_or_below_-1,ENSG00000226057.8,PHF2P2,0.06708487170475806,5.939552390554908,-0.9778114513637778,0.05369185356862425,27.758437928583497,8.144524708756544,0.0,-0.9821122896238283,-0.6685974544941649,-0.9418271478665405,0.05027467343747142,3.9995191439677575,19.00487873802499,-0.6685974544941649,5.939525773178521,0.0,42,True
uterus,raw,ENSG00000226057.8,PHF2P2,1.0769231096200198,110.40019627721885,-0.9959694973316303,0.0017022870910023333,170.7692307756672,271.97174047176924,0.0,-1.0,-0.6685974544941649,-0.9840309817672857,0.036880335001751155,4.791353567504265,34.04770942895617,-0.6685974544941649,109.45695506858372,0.0,153,True
vagina,excluded_at_or_below_-1,ENSG00000226057.8,PHF2P2,0.1540374650470295,7.586722843281646,-0.9667537173266654,0.03047605604274599,25.413582466809874,16.77128223801583,0.0,-0.9832712131279118,-0.6053355051177534,-0.9381098810592121,0.06734637382817578,3.5390222664598836,13.680138597446764,-0.6053355051177534,7.586618650913245,0.0,40,True
vagina,raw,ENSG00000226057.8,PHF2P2,1.0256410135769924,154.79510371627805,-0.995981901180501,0.0021424032069088388,214.97435897544136,257.86809393420447,0.0,-1.0,-0.6053355051177534,-0.9854376190727558,0.041712640659171595,5.771493009445607,43.22687900084559,-0.6053355051177534,154.65327029314543,0.0,170,True
whole_blood,excluded_at_or_below_-1,ENSG00000226057.8,PHF2P2,0.9416736577967958,242.81470326607138,-1.354033579515261,0.3978283179917332,759.0032462096465,5.492159242156472,0.0,-0.983306865140167,0.1909498173229566,-0.8282221253026796,0.15418464578648114,2.084063427553983,6.230988155695227,0.1909498173229566,101.89112247361741,0.0,584,True
whole_blood,raw,ENSG00000226057.8,PHF2P2,4.161844726920985,1157755133672.4343,-4.36190508924694,0.7131108227259693,3468.316135258441,9.029044225938321,0.0,-1.0,0.1909498173229566,-0.8750706365837669,0.15212282423541565,2.1373555061118097,6.578569260730649,0.1909498173229566,257.68365152705303,0.0,803,True
