tissue,table,gene,genename,y0,A,x0,w,sumsquarevalue,rti_sigma_dist,rti,lti_sigma_dist,lti,min,max,mean,std,skew,kurt,left,right,maxheight,rightheight,leftheight,n_obs,fit_success
adipose_subcutaneous,excluded_at_or_below_-1,ENSG00000293852.1,ENSG00000293852,0.2434196480578197,5.005209629000995,-0.8939628884808203,0.07031031202572206,70.53240751235343,9.126622654734653,0.0,1.6173309294367513,0.270394027075751,-0.9743715660123322,-0.4402155170310432,-0.8610407166617832,0.08899902758374689,2.3366880351314148,7.7887963287454784,-0.9743715660123322,-0.4402155170310432,5.00518638795377,0.0,1.353372503703552,54,True
adipose_subcutaneous,raw,ENSG00000293852.1,ENSG00000293852,1.384615392469273,747.0219661175395,-0.9935992671623429,0.001680955715760154,199.23076923076923,465.57014994214944,0.0,5.385033706285626,5.082669124650515e-07,-1.0,-0.4402155170310432,-0.9894904743693788,0.04405252005724647,5.942099174889939,47.68856487128112,-1.0,-0.4402155170310432,741.7851831546236,0.0,0.0003770248647543273,714,True
adipose_visceral_omentum,excluded_at_or_below_-1,ENSG00000293852.1,ENSG00000293852,0.016395429263396228,2.038962509832985,-0.9744558422840738,0.10310703769223559,11.630026523589871,5.208329079632462,0.0,-0.42400371212118154,1.0,-0.9435427129728496,-0.5947286235561596,-0.8806753078945027,0.08424378195270123,2.7933127325141416,7.2277743693056,-0.9435427129728496,-0.5947286235561596,1.8636745867396276,0.0,1.8636745867396272,15,True
adipose_visceral_omentum,raw,ENSG00000293852.1,ENSG00000293852,0.3846152518893535,620.2770401178096,-0.995524523062538,0.0020656024343075423,27.230769233511822,274.40469056934376,0.0,3.0641328059669153,0.00929256861018076,-1.0,-0.5947286235561596,-0.9969508170671508,0.022906409119195066,11.48348674331918,171.09066587446844,-1.0,-0.5947286235561596,610.4836813766325,0.0,5.672961494588083,587,True
adrenal_gland,excluded_at_or_below_-1,ENSG00000293852.1,ENSG00000293852,,,,,,,,,,,,,,,,,,,,,6,False
adrenal_gland,raw,ENSG00000293852.1,ENSG00000293852,0.15384615384587394,361.7541507674221,-0.9991559809202787,0.0004060230090040987,7.076923079644896,285.91765073773917,0.0,2.939792088067662,0.01329838742797281,-1.0,-0.9170685593535398,-0.9987928400129615,0.00876606968242275,7.622895712997105,59.08359940599556,-1.0,-0.9170685593535398,361.36501745398965,0.0,4.805572005019394,295,True
artery_aorta,excluded_at_or_below_-1,ENSG00000293852.1,ENSG00000293852,,,,,,,,,,,,,,,,,,,,,5,False
artery_aorta,raw,ENSG00000293852.1,ENSG00000293852,0.12820512820512822,539.0631155339054,-0.9938870973677427,0.0010661544488896348,6.3589743589743595,683.4735957845542,0.0,8.10853419690552,5.2855219796415735e-15,-1.0,-0.4786265778592633,-0.9975840071062576,0.027925383285992866,15.134472369107602,259.62327258872097,-1.0,-0.4786265778592633,538.8723515851773,0.0,2.848221658524608e-12,472,True
artery_coronary,excluded_at_or_below_-1,ENSG00000293852.1,ENSG00000293852,0.11688876041249453,705341415747.9615,-4.032225991889274,0.6030324169695225,10.482232702380124,8.016605347505065,0.0,-7.309755933764297,1.0,-0.9152853080519646,-0.6138788431851454,-0.8353884960072347,0.07943049029054025,1.3465730645944771,1.333421746867896,-0.9152853080519646,-0.6138788431851454,1.7528276535984681,0.0,1.752827653598468,18,True
artery_coronary,raw,ENSG00000293852.1,ENSG00000293852,0.46153846155589845,275.8340703119255,-0.9957553450261468,0.0018382868171767273,17.692307694332964,293.7816465901464,0.0,3.265458129562692,0.004939872629146559,-1.0,-0.6138788431851454,-0.9889440034631726,0.04588874764806666,4.869194546709249,26.50557209285014,-1.0,-0.6138788431851454,270.0499181994621,0.0,1.3340121994167893,268,True
artery_tibial,excluded_at_or_below_-1,ENSG00000293852.1,ENSG00000293852,0.12213275034076473,2.1048627789031458,-0.9061360237038372,0.057488442073035,22.48214109884679,6.128977678176325,0.0,1.057698758822513,0.5715738713956188,-0.9491319724382388,-0.6569902174456101,-0.8801562932850312,0.0571952623825682,2.091191465881209,5.7649887403477855,-0.9491319724382388,-0.6569902174456101,2.1048589920904854,0.0,1.203082402851039,30,True
artery_tibial,raw,ENSG00000293852.1,ENSG00000293852,0.7692307692307506,729.5251088629913,-0.9961997085188036,0.0015425849812878056,60.923076923078085,310.98102767790624,0.0,3.484037391050043,0.0023553944370980845,-1.0,-0.6569902174456101,-0.9947969447157033,0.02710784851751325,6.47191108981606,51.85352347753497,-1.0,-0.6569902174456101,716.3598266101247,0.0,1.6873099505580358,691,True
bladder,excluded_at_or_below_-1,ENSG00000293852.1,ENSG00000293852,,,,,,,,,,,,,,,,,,,,,1,False
bladder,raw,ENSG00000293852.1,ENSG00000293852,0.025641025641260404,89.46062602425116,-0.9976186413824919,0.0010496102173017771,0.9743589754049049,299.21074098135307,0.0,3.208571713803941,0.005908362116116791,-1.0,-0.7755484680958844,-0.9970850450402062,0.025578625963041834,8.603090020146054,72.01315789473668,-1.0,-0.7755484680958844,88.0336385923068,0.0,0.5201346152027153,77,True
brain_amygdala,excluded_at_or_below_-1,ENSG00000293852.1,ENSG00000293852,0.35606504291114194,1.1728758790154188,-0.9106504966435239,0.01310612254828873,26.42936046594588,8.622095378806515,0.0,4.806376070852304,9.630398687940154e-06,-0.9551932414408858,-0.8307458473994234,-0.9062633165302055,0.032593017221282314,0.5763877987955224,0.05902036899120677,-0.9551932414408858,-0.8307458473994234,1.1728295104663775,0.0,1.1294815778772893e-05,23,True
brain_amygdala,raw,ENSG00000293852.1,ENSG00000293852,0.5897435897435899,177.08398636879448,-0.9979753642651553,0.00026529132151271626,43.43589743589744,891.4662169575805,0.0,10.79291738137636,0.0,-1.0,-0.8307458473994234,-0.9880887087303577,0.03331513214820548,2.7872549950870433,6.914527468423547,-1.0,-0.8307458473994234,171.679043485226,0.0,0.0,181,True
brain_anterior_cingulate_cortex_ba24,excluded_at_or_below_-1,ENSG00000293852.1,ENSG00000293852,0.6749879496930465,2.0042079411168308,-0.029810809038004177,0.12730836784538324,28.775000005808398,-9.054470155426053,,10.340410102394266,,-0.9606608362281904,-0.8448997375147901,-0.9101982454220102,0.03569561180658279,0.5015117316742983,-0.7913697991219157,-0.9606608362281904,-0.8448997375147901,0.0,0.0,0.0,27,True
brain_anterior_cingulate_cortex_ba24,raw,ENSG00000293852.1,ENSG00000293852,0.6923076923308661,227.82343098694778,-0.9982722569504865,0.0006541262871754108,38.30769235972477,331.58963541718754,0.0,3.7353607412246195,0.0009494180417697883,-1.0,-0.8448997375147901,-0.9895937880961128,0.03118595425159557,3.098137760193237,8.912350000375115,-1.0,-0.8448997375147901,224.02828553302012,0.0,0.2126964961518122,233,True
brain_caudate_basal_ganglia,excluded_at_or_below_-1,ENSG00000293852.1,ENSG00000293852,0.3481169482509868,5.399863615130259,-0.9204661268084228,0.0435111119274801,41.26598705266984,10.895747486451658,0.0,1.9695250080038444,0.14377673701860258,-0.9810625072613336,-0.5852366388228695,-0.895040871003299,0.06616594343306799,2.292843779094584,7.390591916602585,-0.9810625072613336,-0.5852366388228695,5.399751522536316,0.0,0.7763586546215028,55,True
brain_caudate_basal_ganglia,raw,ENSG00000293852.1,ENSG00000293852,1.4102564099368575,261.8768997448054,-0.9952983944079905,0.0017949540341971125,151.43589743589746,323.08063889691573,0.0,3.704314576569847,0.0010547902092933,-1.0,-0.5852366388228695,-0.9807574930172716,0.049452830168574546,3.5794733723363206,17.29246069804079,-1.0,-0.5852366388228695,260.1646473240007,0.0,0.2744191228016031,300,True
brain_cerebellar_hemisphere,excluded_at_or_below_-1,ENSG00000293852.1,ENSG00000293852,0.260332016454455,2.2966672852323367,-0.9042317828679372,0.06587182856837703,39.938151056134515,6.485187919467004,0.0,1.226619131804303,0.4712856156328826,-0.9613657598843364,-0.6021619977726791,-0.8603691661875796,0.08905761929499127,1.5659633148565242,1.8247342342256054,-0.9613657598843364,-0.6021619977726791,2.29665285604869,0.0,1.082379455157925,37,True
brain_cerebellar_hemisphere,raw,ENSG00000293852.1,ENSG00000293852,0.9736646264985982,238.94857854795404,-0.995026882405045,0.002298863596209171,67.92775675405885,241.682389917962,0.0,3.0593595729904806,0.009466597170615331,-1.0,-0.6021619977726791,-0.981348949996175,0.05743768340887584,3.9625110552497627,17.936883352549508,-1.0,-0.6021619977726791,234.25110574771432,0.0,2.2175608548848222,277,True
brain_cerebellum,excluded_at_or_below_-1,ENSG00000293852.1,ENSG00000293852,0.3324200776861125,2.766857034460309,-0.8871811442231455,0.0826843385346062,41.2845323743408,6.36085261207369,0.0,1.291693220894571,0.43420662653694714,-0.962702128041236,-0.5152833596601929,-0.8401386728865942,0.08996277640510875,1.3531974242081266,2.10148576356997,-0.962702128041236,-0.5152833596601929,2.766854455600705,0.0,1.2013865392851035,46,True
brain_cerebellum,raw,ENSG00000293852.1,ENSG00000293852,1.2027954655284383,218.6538450016917,-0.9939417352368692,0.003430947669252647,89.78734041337324,197.29976430432205,0.0,2.4971760045331552,0.04483482655889826,-1.0,-0.5152833596601929,-0.9723548080931704,0.07101596700264293,3.061079379995465,10.445941100676944,-1.0,-0.5152833596601929,215.7922042100696,0.0,9.675006048520823,266,True
brain_cortex,excluded_at_or_below_-1,ENSG00000293852.1,ENSG00000293852,0.4238604841252485,0.7679576532003899,-0.9015887646625631,0.015738994987678303,18.626846967117498,4.088068991670366,0.0002346490708144174,5.482192571052174,0.0,-0.9626009085798438,-0.8560920312970487,-0.9127985073036432,0.027043918268985778,0.062473292316621416,-0.5492357836799164,-0.9626009085798438,-0.8560920312970487,0.7679557959452312,0.00018020011394509483,0.0,25,True
brain_cortex,raw,ENSG00000293852.1,ENSG00000293852,0.6641389900438317,223.0845480706913,-0.9982227085666288,0.0018473332762003135,509.3503171462957,108.8071838544189,0.0,1.3605935007747902,0.39735254840858186,-1.0,-0.8560920312970487,-0.9919257877133002,0.026580409568166125,3.2628736697810545,9.557235284550945,-1.0,-0.8560920312970487,222.48837718379423,0.0,88.4063236652704,270,True
brain_frontal_cortex_ba9,excluded_at_or_below_-1,ENSG00000293852.1,ENSG00000293852,0.1453934948060955,2.698232956536502,-0.9157631544853827,0.0489341283005163,33.56640746000967,7.451270942535468,0.0,1.8222890742146007,0.19007085461160478,-0.9788173704332293,-0.6579368558236068,-0.895785799415817,0.06098335503564256,2.062989614811361,5.3212772831918596,-0.9788173704332293,-0.6579368558236068,2.6982049552961316,0.0,0.5128501217704026,34,True
brain_frontal_cortex_ba9,raw,ENSG00000293852.1,ENSG00000293852,0.8717948881369224,267.7121205852275,-0.9964201616869095,0.001900885471571438,76.35897438357873,251.82352590292464,0.0,2.6633145285129243,0.029010379668490613,-1.0,-0.6579368558236068,-0.9868279449075754,0.04076296911654572,4.075979183109462,20.972091779611873,-1.0,-0.6579368558236068,265.9721704087846,0.0,7.715953644811395,269,True
brain_hippocampus,excluded_at_or_below_-1,ENSG00000293852.1,ENSG00000293852,0.45186713739899936,2.7801755396973076,-0.9459442468393519,0.07909586021327272,64.7961058010942,4.206250091951994,0.0,0.347229094348595,0.9414915037136271,-0.965364498942218,-0.7106919637705738,-0.8886487868523627,0.0644828022270974,1.122557768854216,0.5317511468562137,-0.965364498942218,-0.7106919637705738,2.779767053849722,0.0,2.6171270635025743,57,True
brain_hippocampus,raw,ENSG00000293852.1,ENSG00000293852,1.4615384542525356,288.4339130100986,-0.9973968439294086,0.001635870925615281,105.69230770009082,247.85692047596942,0.0,2.250433431121524,0.08054127899924143,-1.0,-0.7106919637705738,-0.9751097288258223,0.05547287888921244,2.5625766360916016,6.534447297789521,-1.0,-0.7106919637705738,284.64025452502744,0.0,22.925290154115302,255,True
brain_hypothalamus,excluded_at_or_below_-1,ENSG00000293852.1,ENSG00000293852,0.7450705506494216,9.957978696184453,-0.9079578333817957,0.06134669677192106,147.42236516186455,10.854714861165807,0.0,1.2917747768016137,0.43416833374827984,-0.9639932990557968,-0.4370947905919916,-0.8575427165602014,0.09898337880500672,1.9875590058163528,4.477186724034212,-0.9639932990557968,-0.4370947905919916,9.957798630794036,0.0,4.323360839332748,104,True
brain_hypothalamus,raw,ENSG00000293852.1,ENSG00000293852,2.6666666941387493,174.3837903303207,-0.9939840085490356,0.0026485969025067356,608.6666666666744,297.3499984194727,0.0,3.2122278376986704,0.005864224611542709,-1.0,-0.4370947905919916,-0.9423519164290309,0.09407567663319265,2.29620696502203,6.556007375850301,-1.0,-0.4370947905919916,170.87627093479256,0.0,1.00205683354445,257,True
brain_nucleus_accumbens_basal_ganglia,excluded_at_or_below_-1,ENSG00000293852.1,ENSG00000293852,0.05522246068091432,0.9184882476505545,-0.9144770181537059,0.030957887497493296,18.220216974337177,2.8878800997373992,0.0,1.8441496790510936,0.1697736266175947,-0.9548464360489788,-0.8512597858964366,-0.9129747870398995,0.023265901864401868,0.5276732008602082,0.6671001936922845,-0.9548464360489788,-0.8512597858964366,0.9042889222603103,0.0,0.15352440984224913,21,True
brain_nucleus_accumbens_basal_ganglia,raw,ENSG00000293852.1,ENSG00000293852,0.6161434603244269,255.61700547251814,-0.9981410400353593,0.001249917788590337,84.29825684156195,166.18809937564217,0.0,2.103311448082257,0.11051266843967399,-1.0,-0.8512597858964366,-0.9935876158871504,0.023597890537735644,3.671870853845437,12.630234279994188,-1.0,-0.8512597858964366,253.2420741613134,0.0,27.986457376764058,285,True
brain_putamen_basal_ganglia,excluded_at_or_below_-1,ENSG00000293852.1,ENSG00000293852,0.5756940282516397,3.405411763925694,-0.9328206297676133,0.007875873472130148,34.248125731113134,27.52838008474754,0.0,6.711078305007957,1.6600285801495341e-10,-0.970195185491083,-0.7795127813572467,-0.9112419566660649,0.047659440635397995,1.0544109880795987,0.4242066475092048,-0.970195185491083,-0.7795127813572467,3.4044924571169046,0.0,5.651554779717571e-10,33,True
brain_putamen_basal_ganglia,raw,ENSG00000293852.1,ENSG00000293852,0.9796644225391596,211.7008566747177,-0.9972624818459225,0.0025451692295199997,136.41086725639894,120.99178948970746,0.0,1.521091507722426,0.3157310468958176,-1.0,-0.7795127813572467,-0.9884684431888981,0.034370860650254936,3.442692779836466,12.461916083369816,-1.0,-0.7795127813572467,210.85676889376174,0.0,66.57402838789648,254,True
brain_spinal_cord_cervical_c-1,excluded_at_or_below_-1,ENSG00000293852.1,ENSG00000293852,0.5946499179610829,4.0725414480802415,-0.9156883091031878,0.1769282535821483,75.21736571228318,4.280190764909171,0.0,0.40119030390926497,0.9226712891043114,-0.965880091810778,-0.3802057644703475,-0.7957674487610293,0.13940524912183277,1.135058735703766,0.7059042165804144,-0.965880091810778,-0.3802057644703475,4.07209931839437,0.0,3.7572091274637214,81,True
brain_spinal_cord_cervical_c-1,raw,ENSG00000293852.1,ENSG00000293852,2.0769230812818864,122.3770309760127,-0.9924610003677997,0.0019064776019857366,188.76923076969288,454.1672335086754,0.0,5.592384361336727,1.6566859029537582e-07,-1.0,-0.3802057644703475,-0.918907663478644,0.13301717241227334,1.8977810408402005,3.2682076732058105,-1.0,-0.3802057644703475,119.46241018123389,0.0,1.9791169088012595e-05,204,True
brain_substantia_nigra,excluded_at_or_below_-1,ENSG00000293852.1,ENSG00000293852,0.4651965567220339,6.323878458025613,-0.9101851045606005,0.03805148209615968,21.53395684960223,15.395861240790936,0.0,1.6425197874241153,0.25952320066708257,-0.9543794992027216,-0.4959369641482962,-0.8677452429463574,0.08720925321040068,2.405429226399186,6.664906876008077,-0.9543794992027216,-0.4959369641482962,6.323711187737185,0.0,1.6411497675357927,54,True
brain_substantia_nigra,raw,ENSG00000293852.1,ENSG00000293852,,,,,,,,,,,,,,,,,,,,,183,False
breast_mammary_tissue,excluded_at_or_below_-1,ENSG00000293852.1,ENSG00000293852,0.13545341606876907,1033850942067.4338,-4.015039579639833,0.5927165708261571,11.654051806021922,8.11609439572909,0.0,-7.335946000540295,1.0,-0.9404425930929108,-0.6134715514944276,-0.8548443690889191,0.09337132605293895,1.5769256806285732,1.7487428094108894,-0.9404425930929108,-0.6134715514944276,2.1251561805101185,0.0,2.125156180510118,20,True
breast_mammary_tissue,raw,ENSG00000293852.1,ENSG00000293852,0.5128205128205129,516.750088705413,-0.9954226962350268,0.0011848764595172173,23.743589825026223,455.8791633654154,0.0,5.463257381418677,3.3104793085638345e-07,-1.0,-0.6134715514944276,-0.9943519209762226,0.03335239280455822,7.747547613554291,70.71152682967156,-1.0,-0.6134715514944276,515.414498422028,0.0,0.00017062690323599305,514,True
cells_cultured_fibroblasts,excluded_at_or_below_-1,ENSG00000293852.1,ENSG00000293852,1.8653913762279217,32.5846973075265,-0.80497160709947,0.3384158551936727,1175.3631274634686,4.455472678483368,0.0,0.6621993873266389,0.8031151727904389,-0.9634333684156504,0.2612058337750553,-0.6591997035581189,0.22026901406480248,1.0665536743746098,0.9517502521529577,-0.9634333684156504,0.2612058337750553,32.58281515062425,0.0,26.167753219692525,551,True
cells_cultured_fibroblasts,raw,ENSG00000293852.1,ENSG00000293852,-4.637631781035519,1766527257701.639,-22.869147711833506,4.458296050914471,4877.4579992888075,7.33716633285818,0.0,-6.937099945453758,1.0,-1.0,0.2612058337750553,-0.7119923875161404,0.2371055694969952,0.9408246715208154,0.6873472931423565,-1.0,0.2612058337750553,59.09228003074901,0.0,59.09228003074898,652,True
cells_ebv-transformed_lymphocytes,excluded_at_or_below_-1,ENSG00000293852.1,ENSG00000293852,,,,,,,,,,,,,,,,,,,,,4,False
cells_ebv-transformed_lymphocytes,raw,ENSG00000293852.1,ENSG00000293852,0.10256410256409651,449.73144698561794,-0.9993620337125426,0.00030343170027105924,3.589743589743638,300.0195135977401,0.0,2.973389317112393,0.012050792455548085,-1.0,-0.93499026303549,-0.9993121173090764,0.006221069277064301,9.011211080191437,80.07231659981495,-1.0,-0.93499026303549,448.8790440667923,0.0,5.409348197693732,327,True
cervix_ectocervix,excluded_at_or_below_-1,ENSG00000293852.1,ENSG00000293852,,,,,,,,,,,,,,,,,,,,,1,False
cervix_ectocervix,raw,ENSG00000293852.1,ENSG00000293852,0.025641025641684204,33.87171941452028,-0.9984090045785449,0.0007966131185881114,0.9743589750779655,293.6239843786601,0.0,2.8244667959816785,0.018717457052896534,-1.0,-0.8330133924083067,-0.9930422246836795,0.03408599853983435,4.587317109255651,19.04347826086961,-1.0,-0.8330133924083067,33.517669522379485,0.0,0.6273655397983348,24,True
cervix_endocervix,excluded_at_or_below_-1,ENSG00000293852.1,ENSG00000293852,,,,,,,,,,,,,,,,,,,,,0,False
cervix_endocervix,raw,ENSG00000293852.1,ENSG00000293852,0.0,23.0,-0.9875,1.0001e-06,0.0,-17675.90193946968,0.0,,,-1.0,-1.0,-1.0,0.0,,,,-1.0,1.878384830178061e-188,0.0,,23,True
colon_sigmoid,excluded_at_or_below_-1,ENSG00000293852.1,ENSG00000293852,0.16148357272771163,1.8773291437844248,-0.9040496361756113,0.00548692565926389,5.078201467606348,47.183164166921436,0.0,5.980960703577001,1.7080059544723908e-08,-0.9272548207563877,-0.7209863980333358,-0.8542001658893135,0.06851521610079207,0.7844716029992713,-0.5984202505202272,-0.9272548207563877,-0.7209863980333358,1.8762193950112849,0.0,3.204593898575858e-08,10,True
colon_sigmoid,raw,ENSG00000293852.1,ENSG00000293852,0.2564102564090059,424.48407268027745,-0.9967700358020684,0.0013257334626911906,13.43589743592316,294.18957263205107,0.0,3.445533588193658,0.0026443841101973214,-1.0,-0.7209863980333358,-0.9965202903553535,0.024443642773576774,8.036455280225983,70.16742618084028,-1.0,-0.7209863980333358,424.2575595374804,0.0,1.1218999490720074,419,True
colon_transverse,excluded_at_or_below_-1,ENSG00000293852.1,ENSG00000293852,0.1957921580571317,0.6843474218640283,-0.9526538019499099,0.0853691718379111,21.61370759280632,2.5875377751725908,0.0,0.2061774828158161,0.9782036736654148,-0.9650997305054784,-0.7964567728427044,-0.9010770894313754,0.0478882289267301,0.7135292131768617,-0.0887300518363201,-0.9650997305054784,-0.7964567728427044,0.6602813502419156,0.0,0.6458896424594023,22,True
colon_transverse,raw,ENSG00000293852.1,ENSG00000293852,0.5641025642818779,530.5909708323338,-0.9978730475104024,0.00107561550782334,21.58974359667752,264.82104920014433,0.0,2.796505847521016,0.020170978583512186,-1.0,-0.7964567728427044,-0.9954565677818168,0.023031603318755912,5.775986571803186,35.991677310580116,-1.0,-0.7964567728427044,527.041534462818,0.0,10.630943504270897,479,True
esophagus_gastroesophageal_junction,excluded_at_or_below_-1,ENSG00000293852.1,ENSG00000293852,0.1842105528941973,7.2963361735127465,-0.9033647804158909,0.0020520103813763363,5.710527483352038,131.42824774778197,0.0,19.018585739537667,0.0,-0.9309605668055638,-0.7126636473197001,-0.8544496066359628,0.06899077447886025,0.940056171087014,-0.3076633802043367,-0.9309605668055638,-0.7126636473197001,7.27856996740256,0.0,0.0,10,True
esophagus_gastroesophageal_junction,raw,ENSG00000293852.1,ENSG00000293852,0.2564102564063562,411.42938767542535,-0.996715122730115,0.0014231751565998072,11.435897436509917,282.2628311593385,0.0,3.264192720242119,0.004869092547913405,-1.0,-0.7126636473197001,-0.9963883277080885,0.0249092836459417,7.969485012354428,69.72673701674874,-1.0,-0.7126636473197001,410.3490114148585,0.0,1.9980273135237205,403,True
esophagus_mucosa,excluded_at_or_below_-1,ENSG00000293852.1,ENSG00000293852,,,,,,,,,,,,,,,,,,,,,7,False
esophagus_mucosa,raw,ENSG00000293852.1,ENSG00000293852,0.17948717948715098,660.6822341239944,-0.9971815947812668,0.0011371014378018754,5.743589743590146,309.90748687784685,0.0,3.505251820190182,0.0021743661152197253,-1.0,-0.7479998175092164,-0.9987891280564085,0.013367514848011058,14.251143722028862,232.2345309433674,-1.0,-0.7479998175092164,652.5553256843889,0.0,1.418894188474305,614,True
esophagus_muscularis,excluded_at_or_below_-1,ENSG00000293852.1,ENSG00000293852,0.25641025641025644,1.657948417945862,-0.9548313111434258,0.0002106905853372132,9.435897435897438,1029.3402028433395,0.0,14.312023012223655,0.0,-0.956963526945928,-0.8014794443403169,-0.8890526223822335,0.05598727412302175,0.5427572437151055,-1.1831335265882228,-0.956963526945928,-0.8014794443403169,1.546286627132593,0.0,0.0,11,True
esophagus_muscularis,raw,ENSG00000293852.1,ENSG00000293852,0.28205128205128205,583.5544137298117,-0.9976704953916191,0.0006219353808976363,7.89743589771285,446.1171590085981,0.0,5.297040676521877,8.076932889493208e-07,-1.0,-0.8014794443403169,-0.9978245612231811,0.01711793773763249,9.010447257807199,87.05464278024428,-1.0,-0.8014794443403169,583.4164071833842,0.0,0.0004712215167449463,561,True
fallopian_tube,excluded_at_or_below_-1,ENSG00000293852.1,ENSG00000293852,,,,,,,,,,,,,,,,,,,,,0,False
fallopian_tube,raw,ENSG00000293852.1,ENSG00000293852,0.0,29.0,-0.9875,1.0001e-06,0.0,-17675.90193946968,0.0,,,-1.0,-1.0,-1.0,0.0,,,,-1.0,2.368398264137555e-188,0.0,,29,True
heart_atrial_appendage,excluded_at_or_below_-1,ENSG00000293852.1,ENSG00000293852,0.1544470714659967,1.8821533126783978,-0.9812021558152423,0.09842532779646146,16.791789060080628,4.09550138492589,0.0,-0.016854355021844833,1.0,-0.9800291396160205,-0.6961666583294338,-0.903241868077555,0.0734357353972648,1.591664128054774,2.004461674172549,-0.9800291396160205,-0.6961666583294338,1.8814570417265066,0.0,1.8814570417265062,29,True
heart_atrial_appendage,raw,ENSG00000293852.1,ENSG00000293852,0.7435897435897436,584.7535896790831,-0.9967884125226294,0.0010625679378587828,39.43589743589744,400.10934527266943,0.0,4.274428396924846,0.0001105196793427007,-1.0,-0.6961666583294338,-0.9939132628508658,0.02968754866608053,6.648687653075637,52.066676609702476,-1.0,-0.6961666583294338,570.286258875635,0.0,0.06302785446448333,461,True
heart_left_ventricle,excluded_at_or_below_-1,ENSG00000293852.1,ENSG00000293852,0.29099298952626096,0.3215809609720644,-0.9648161986397807,0.024726927653633633,10.999454968372735,4.38295386446343,0.0,0.3631065666819818,0.9361993457066136,-0.9711649638077788,-0.8881820989540578,-0.9355614758936883,0.026356251959954446,0.45691610841594726,-1.006015211636133,-0.9711649638077788,-0.8881820989540578,0.321558992595937,0.0,0.301043318474394,16,True
heart_left_ventricle,raw,ENSG00000293852.1,ENSG00000293852,0.4102896567053862,508.47438444700134,-0.9986447342132547,0.00010794297522513912,15.435897479005165,1447.2248573212094,0.0,17.75599803728198,0.0,-1.0,-0.8881820989540578,-0.9977189902971216,0.01285301487448418,6.1697456453323785,39.677844199751426,-1.0,-0.8881820989540578,415.3631548516031,0.0,0.0,452,True
kidney_cortex,excluded_at_or_below_-1,ENSG00000293852.1,ENSG00000293852,,,,,,,,,,,,,,,,,,,,,4,False
kidney_cortex,raw,ENSG00000293852.1,ENSG00000293852,0.10522048524929235,99.75093240702994,-0.9984318245351459,0.0007476963838702271,7.610714851604104,234.36119584091057,0.0,2.9660903254578925,0.01252173959132376,-1.0,-0.8745247829736806,-0.9967228840213457,0.01825665105703085,6.045909002658196,36.581052853665085,-1.0,-0.8745247829736806,97.91693054809805,0.0,1.226090305905066,104,True
kidney_medulla,excluded_at_or_below_-1,ENSG00000293852.1,ENSG00000293852,,,,,,,,,,,,,,,,,,,,,5,False
kidney_medulla,raw,ENSG00000293852.1,ENSG00000293852,0.1282051283611783,9.59530710236116,-0.9990286068567032,0.0006755387706291115,4.358974359066284,239.93827350747048,0.0,2.033572930784084,0.12648714919789072,-1.0,-0.8844153612871162,-0.9592625256573587,0.05058980596348602,0.5281299869953362,-1.4916127984499326,-1.0,-0.8844153612871162,9.594396847721141,0.0,1.2135679055414763,11,True
liver,excluded_at_or_below_-1,ENSG00000293852.1,ENSG00000293852,,,,,,,,,,,,,,,,,,,,,5,False
liver,raw,ENSG00000293852.1,ENSG00000293852,0.12820511797000259,278.09346183164996,-0.9986721855916755,0.0006547157541833335,4.3589743898169795,258.4585807926749,0.0,2.868134961727318,0.016641686903471297,-1.0,-0.8790177648230902,-0.9987570961464923,0.010173823194987238,9.429275529311633,94.98521781855442,-1.0,-0.8790177648230902,273.3362285539919,0.0,4.548775934970994,262,True
lung,excluded_at_or_below_-1,ENSG00000293852.1,ENSG00000293852,0.15726557186811824,1.10063839851905,-0.9187108359670114,0.022686075106480522,8.05982187208547,11.299498741208748,0.0,1.1062687784235865,0.5423312212272893,-0.9364570217362658,-0.7374501806254695,-0.8712669730903251,0.06576857755467608,0.7506042325731618,-0.9387429506054077,-0.9364570217362658,-0.7374501806254695,1.1005977305284484,0.0,0.5968885112774764,14,True
lung,raw,ENSG00000293852.1,ENSG00000293852,0.3589745302440922,646.9321721183728,-0.9971069775694896,0.0012769606221987187,14.974358996536113,287.56576938787185,0.0,3.20397629053961,0.006012504479091173,-1.0,-0.7374501806254695,-0.9970161218928222,0.021658610638160825,8.44757920527988,77.37113120890358,-1.0,-0.7374501806254695,634.871945536727,0.0,3.8171704161888966,604,True
minor_salivary_gland,excluded_at_or_below_-1,ENSG00000293852.1,ENSG00000293852,,,,,,,,,,,,,,,,,,,,,4,False
minor_salivary_gland,raw,ENSG00000293852.1,ENSG00000293852,0.10256410256410255,233.6749067673186,-0.9981823687835492,0.00037705781126338306,3.589743589743591,598.2582423785168,0.0,6.8173066328613805,8.354340763390261e-11,-1.0,-0.8386746752899334,-0.9977802431737514,0.01619551432770452,8.020791551976274,67.0050359781452,-1.0,-0.8386746752899334,226.2749304353078,0.0,1.8903778750689604e-08,181,True
muscle_skeletal,excluded_at_or_below_-1,ENSG00000293852.1,ENSG00000293852,-1.4448266901619926,55724.20301074225,-5.627938899140381,1.4902501798091896,15.645233603644437,4.577379405984919,0.0,-4.4236676617072845,1.0,-0.9664282873957382,-0.8044520762751602,-0.9109482182675632,0.04132716767777519,0.5655171262143729,-0.4096009229918307,-0.9664282873957382,-0.8044520762751602,1.5671194111347126,0.0,1.5671194111347126,33,True
muscle_skeletal,raw,ENSG00000293852.1,ENSG00000293852,0.8461637353256614,1015.7590186373412,-0.9980046285863556,0.0008825801493446869,29.07692308073733,310.14140156410747,0.0,3.1973088418575375,0.006038077481109709,-1.0,-0.8044520762751602,-0.9964074464582269,0.019346536980949573,6.0600866470295385,39.16102821886356,-1.0,-0.8044520762751602,1014.0110829749455,0.0,6.122677485706684,818,True
nerve_tibial,excluded_at_or_below_-1,ENSG00000293852.1,ENSG00000293852,1.336989086682848,31.83552329371705,-0.8533812320400885,0.37616291995618245,753.9142818471009,4.5388850045412665,0.0,0.36052687958657154,0.9370750822703233,-0.9492768218973986,0.3539047692259218,-0.6570586807140588,0.22853568232505725,1.3023151123252603,1.9767218081956024,-0.9492768218973986,0.3539047692259218,31.834446900961908,0.0,29.831266948749118,471,True
nerve_tibial,raw,ENSG00000293852.1,ENSG00000293852,12.076923142787036,553.4196201459437,-0.9903123991121426,0.006945640603504597,7108.769230769236,273.6983179462592,0.0,1.972508706475953,0.1441744286508738,-1.0,0.3539047692259218,-0.7589173710691368,0.24755964108956738,1.2333026020447087,1.6200317846037917,-1.0,0.3539047692259218,548.6455608491838,0.0,79.10066026726926,670,True
ovary,excluded_at_or_below_-1,ENSG00000293852.1,ENSG00000293852,,,,,,,,,,,,,,,,,,,,,2,False
ovary,raw,ENSG00000293852.1,ENSG00000293852,0.051282051282061064,197.15694997415784,-0.9978702046916117,0.0007588424930528649,1.897435899148346,333.8026600439906,0.0,3.9691839054562714,0.000379380880667518,-1.0,-0.8187574812141135,-0.9983395692283659,0.016409335000559994,9.919810030382283,97.95667192625861,-1.0,-0.8187574812141135,197.10953108505538,0.0,0.07477958749100946,193,True
pancreas,excluded_at_or_below_-1,ENSG00000293852.1,ENSG00000293852,,,,,,,,,,,,,,,,,,,,,9,False
pancreas,raw,ENSG00000293852.1,ENSG00000293852,0.23076416468049366,431.53234702134705,-0.9988510833121044,0.0006118900764191104,14.923076950319814,260.566138602743,0.0,2.655401067406585,0.029440003756671204,-1.0,-0.8861115093864215,-0.9982100608993448,0.012019126761153612,7.314047916478086,55.53016350666745,-1.0,-0.8861115093864215,431.45616374429164,0.0,12.702071081470894,362,True
pituitary,excluded_at_or_below_-1,ENSG00000293852.1,ENSG00000293852,0.13314632939398588,5.739999276195853,-0.8916508315465784,0.1020011789097858,46.2860846142717,6.433643775495452,0.0,0.869228324769497,0.6853864659616594,-0.95434455491852,-0.4276196079420253,-0.8527395721752575,0.08992843842100239,2.3776418991599013,7.732852625304769,-0.95434455491852,-0.4276196079420253,5.739961817862507,0.0,3.9340921450996458,69,True
pituitary,raw,ENSG00000293852.1,ENSG00000293852,1.7692307621207448,253.16651884787575,-0.9928417227664522,1.6762253269173493e-05,264.9230769232264,47687.19143552955,,603.9362718332791,,-1.0,-0.4276196079420253,-0.9675368385945456,0.07417010852486539,3.164089154792273,13.614796300750914,-1.0,-0.4276196079420253,0.0,0.0,0.0,313,True
prostate,excluded_at_or_below_-1,ENSG00000293852.1,ENSG00000293852,,,,,,,,,,,,,,,,,,,,,8,False
prostate,raw,ENSG00000293852.1,ENSG00000293852,0.20512820308330895,370.62561009314237,-0.9983943307459884,0.0008922529943695061,6.358974361934817,263.3104436912557,0.0,2.544972390160854,0.03949908142744423,-1.0,-0.8322669946185861,-0.9973917997901984,0.0164099626213229,7.029229765966512,53.49084804111173,-1.0,-0.8322669946185861,368.05340314296535,0.0,14.53777134039195,282,True
skin_not_sun_exposed_suprapubic,excluded_at_or_below_-1,ENSG00000293852.1,ENSG00000293852,0.23857539759755322,1.2886984405490203,-0.9225037084012473,0.10106359023653859,29.502216615992985,4.143021988911165,0.0,0.2292042356349546,0.9740740129065539,-0.9388832733884616,-0.6264319638157403,-0.8403179537697717,0.08730555569474169,1.1109442303323607,0.41092803397348554,-0.9388832733884616,-0.6264319638157403,1.2884514236741844,0.0,1.2550470486934755,27,True
skin_not_sun_exposed_suprapubic,raw,ENSG00000293852.1,ENSG00000293852,0.6923076923076923,833.0013927466935,-0.9960351723857518,0.0013087414966848785,32.30769230773958,399.38969733927394,0.0,4.28435485444962,0.00010634332013480488,-1.0,-0.6264319638157403,-0.9933772423222484,0.03633351730799254,6.628398404127576,49.32919016723249,-1.0,-0.6264319638157403,809.1828272656471,0.0,0.08605118844749693,651,True
skin_sun_exposed_lower_leg,excluded_at_or_below_-1,ENSG00000293852.1,ENSG00000293852,0.15760331701103758,1.623800579667583,-0.885105660833252,0.09020799008765719,23.117237232942394,4.532170200969169,0.0,0.974300139141599,0.6221018720653211,-0.9472530335020636,-0.5960135636831165,-0.8451963154286332,0.08747124564969613,1.4247540633250453,1.6363941982642762,-0.9472530335020636,-0.5960135636831165,1.6237443044375208,0.0,1.0101343715459843,31,True
skin_sun_exposed_lower_leg,raw,ENSG00000293852.1,ENSG00000293852,0.794871794871795,746.1303489432787,-0.9951142833059474,0.000909068598427057,46.35897437614723,620.870252718071,0.0,7.600578023041943,2.950653945239999e-13,-1.0,-0.5960135636831165,-0.9936353922788961,0.0353672247457298,6.956017264513242,56.48277210646226,-1.0,-0.5960135636831165,722.0445334815681,0.0,2.1305035513563553e-10,754,True
small_intestine_terminal_ileum,excluded_at_or_below_-1,ENSG00000293852.1,ENSG00000293852,,,,,,,,,,,,,,,,,,,,,6,False
small_intestine_terminal_ileum,raw,ENSG00000293852.1,ENSG00000293852,0.1538461537605477,204.31356947239465,-0.9974107151323999,0.0011286678067431166,7.076923077981646,271.10605651327796,0.0,3.244357422733546,0.0051839100891348695,-1.0,-0.7810440458111425,-0.9969335676677062,0.020118574293605578,7.955239731082554,71.2214402109625,-1.0,-0.7810440458111425,204.1640913224308,0.0,1.0583682928454077,207,True
spleen,excluded_at_or_below_-1,ENSG00000293852.1,ENSG00000293852,,,,,,,,,,,,,,,,,,,,,2,False
spleen,raw,ENSG00000293852.1,ENSG00000293852,0.05128205127393409,301.26901219759367,-0.997910412008012,0.0009082532456398389,3.8974359067026803,291.24480185020974,0.0,3.2536340411970794,0.005115854455210604,-1.0,-0.8108636719722956,-0.9986363640732068,0.01601900671878534,11.64079633291342,133.50843233977804,-1.0,-0.8108636719722956,295.9963731677159,0.0,1.514274364396237,277,True
stomach,excluded_at_or_below_-1,ENSG00000293852.1,ENSG00000293852,0.09981511115631522,1.1910107151693494,-0.926132216877699,0.008569711461633578,5.301574841791171,17.34522096069465,0.0,2.3654484196932537,0.06095216111124718,-0.9404661272385446,-0.8210253625621433,-0.9080571078084441,0.03692095271385224,1.5247073234840764,1.1114423497801695,-0.9404661272385446,-0.8210253625621433,1.1910022035849328,0.0,0.07259415819675924,10,True
stomach,raw,ENSG00000293852.1,ENSG00000293852,0.25641025641024495,423.8795518030594,-0.9979678041989835,0.0007969512551892078,15.435897435897669,313.98959358288465,0.0,3.606191526121388,0.0015083078449435034,-1.0,-0.8210253625621433,-0.9977409608798142,0.015274688413318445,7.7258412688703135,66.66641090288195,-1.0,-0.8210253625621433,421.537004680594,0.0,0.635807571093713,407,True
testis,excluded_at_or_below_-1,ENSG00000293852.1,ENSG00000293852,0.09251645826008739,798530043446.6577,-3.6554943480870072,0.5271522301502283,32.39252143228053,7.8979313445479695,0.0,-7.2327362093274035,1.0,-0.9594708306506956,-0.7115174038512901,-0.9031622735310256,0.054680787407519464,1.6054186844115301,2.961587130959825,-0.9594708306506956,-0.7115174038512901,3.4668886168081303,0.0,3.4668886168081308,32,True
testis,raw,ENSG00000293852.1,ENSG00000293852,0.8205128205128207,478.0461461367137,-0.9966475877144262,0.0005329790940968072,79.74358974358974,756.5680859293516,0.0,8.895333744673305,6.510898274875374e-18,-1.0,-0.7115174038512901,-0.9925149583405625,0.029914178741724768,5.028243093885031,30.171923998046644,-1.0,-0.7115174038512901,477.44939910153045,0.0,3.1086244689504383e-15,414,True
thyroid,excluded_at_or_below_-1,ENSG00000293852.1,ENSG00000293852,1.1241758602851182,24.29456277721,-0.9088296335582056,0.22026632590115514,432.01438412718664,5.701136500375757,0.0,0.3283651144304017,0.9475225273060337,-0.9599730953620428,-0.0208672891075425,-0.7733288204101084,0.16314714368760436,1.7840014193773983,4.10873692083179,-0.9599730953620428,-0.0208672891075425,24.294384218645877,0.0,23.01947633419516,299,True
thyroid,raw,ENSG00000293852.1,ENSG00000293852,7.882596052886045,363.1229599317909,-0.9877616312898889,0.0070584092635444795,4006.3595332943046,193.72567402098045,0.0,2.452063399122124,0.05010737973039113,-1.0,-0.0208672891075425,-0.9009142065827813,0.15580012269223648,2.164631215499384,5.866716999370016,-1.0,-0.0208672891075425,358.53311780097965,0.0,17.96515507957467,684,True
uterus,excluded_at_or_below_-1,ENSG00000293852.1,ENSG00000293852,,,,,,,,,,-0.9189958586033,-0.8365386236973436,,,,,,,,,,3,False
uterus,raw,ENSG00000293852.1,ENSG00000293852,0.07692307692307697,189.71144013490675,-0.9982965353775524,0.0007003904204341031,2.769230769230769,326.6181630204403,0.0,3.439599831469827,0.0027216668722637705,-1.0,-0.8365386236973436,-0.9977859373130926,0.016507800955933988,8.01215165053014,67.1315960213851,-1.0,-0.8365386236973436,188.02810511383265,0.0,0.5117498647428483,153,True
vagina,excluded_at_or_below_-1,ENSG00000293852.1,ENSG00000293852,,,,,,,,,,-0.9028382615237432,-0.9028382615237432,,,,,,,,,,1,False
vagina,raw,ENSG00000293852.1,ENSG00000293852,0.025641024759544027,185.9873172814923,-0.9989552297106997,0.0005480658247498082,0.9743589760840996,248.0175078353574,0.0,2.6958957226854756,0.02686602785865417,-1.0,-0.9028382615237432,-0.9994284603619045,0.007451965166683339,12.92307692307696,165.00591715976395,-1.0,-0.9028382615237432,182.84600691611354,0.0,4.912345915651716,170,True
whole_blood,excluded_at_or_below_-1,ENSG00000293852.1,ENSG00000293852,,,,,,,,,,,,,,,,,,,,,9,False
whole_blood,raw,ENSG00000293852.1,ENSG00000293852,0.23076923076926492,848.9076536030068,-0.9971013866224407,0.0010762124922270573,10.923076960553342,330.2277191972871,0.0,3.808967448554381,0.0007104309587227289,-1.0,-0.7457990330490492,-0.9987548773629487,0.013579734797256769,13.77135653349391,216.04317190669647,-1.0,-0.7457990330490492,845.1149769430541,0.0,0.6003958433005823,803,True
adipose_subcutaneous,excluded_at_or_below_-1,ENSG00000293853.1,ENSG00000293853,,,,,,,,,,,,,,,,,,,,,5,False
adipose_subcutaneous,raw,ENSG00000293853.1,ENSG00000293853,2.561937826159006,662.0176203842175,-0.9956365015634185,0.002883984562751935,2210.925921318407,169.1245001980002,0.0,2.1397197294701047,0.10232138227006186,-1.0,-0.6507434382161084,-0.9988101194557928,0.016073185337130272,16.902630594901122,326.8824872871416,-1.0,-0.6507434382161084,655.7164959039203,0.0,67.09381823816996,714,True
adipose_visceral_omentum,excluded_at_or_below_-1,ENSG00000293853.1,ENSG00000293853,,,,,,,,,,,,,,,,,,,,,5,False
adipose_visceral_omentum,raw,ENSG00000293853.1,ENSG00000293853,-0.6196467061814582,533.1838330976663,-0.9981113377389642,0.002098041758929958,2749.258152234454,102.87690850459097,0.0,1.2730784661127859,0.44539299530591053,-1.0,-0.8454893746812334,-0.9989763092958864,0.01126353966450401,11.281018881513987,129.13802129683387,-1.0,-0.8454893746812334,532.3494464382383,0.0,237.10471449857033,587,True
adrenal_gland,excluded_at_or_below_-1,ENSG00000293853.1,ENSG00000293853,,,,,,,,,,,,,,,,,,,,,9,False
adrenal_gland,raw,ENSG00000293853.1,ENSG00000293853,0.2307692307692308,413.8423886483467,-0.9958223062463195,0.0006367410011086655,8.923076923076923,801.86663547631,0.0,9.278735240246426,2.0528605730214809e-19,-1.0,-0.6347867612526403,-0.9945435923260116,0.03414549474452117,7.2248985080135695,57.68807646350389,-1.0,-0.6347867612526403,405.6131621463993,0.0,8.326672684688674e-17,295,True
artery_aorta,excluded_at_or_below_-1,ENSG00000293853.1,ENSG00000293853,,,,,,,,,,,,,,,,,,,,,7,False
artery_aorta,raw,ENSG00000293853.1,ENSG00000293853,0.1794871794871795,509.7459381784552,-0.9965188610174638,0.0009086622300029828,5.743589743589743,462.38179596275444,0.0,5.417936169298771,4.230296525503139e-07,-1.0,-0.6994287432227528,-0.9969798255202087,0.025601645895165677,8.881477796710689,80.97130146795354,-1.0,-0.6994287432227528,509.13837369786603,0.0,0.0002153806293254401,472,True
artery_coronary,excluded_at_or_below_-1,ENSG00000293853.1,ENSG00000293853,,,,,,,,,,,,,,,,,,,,,2,False
artery_coronary,raw,ENSG00000293853.1,ENSG00000293853,0.051282051239917754,292.86211715726813,-0.9983415523774971,0.0008027288264709328,1.8974358981778996,265.94774864887387,0.0,2.9217826031489467,0.014347947480442403,-1.0,-0.8473856219186884,-0.9989396655900552,0.012285098877967877,11.541364672645964,131.92981358813788,-1.0,-0.8473856219186884,285.843225530907,0.0,4.101263587557522,268,True
artery_tibial,excluded_at_or_below_-1,ENSG00000293853.1,ENSG00000293853,,,,,,,,,,,,,,,,,,,,,6,False
artery_tibial,raw,ENSG00000293853.1,ENSG00000293853,0.15789473684074734,758.0711924807069,-0.9968446069153672,0.0013272361937211893,7.077692031288798,229.55155482733952,0.0,3.3621745067054913,0.003543379759907195,-1.0,-0.7814109977364434,-0.9987155289058572,0.014236136643670511,11.746704209438581,144.29095751489965,-1.0,-0.7814109977364434,750.9528514806321,0.0,2.6609111345810628,691,True
bladder,excluded_at_or_below_-1,ENSG00000293853.1,ENSG00000293853,,,,,,,,,,,,,,,,,,,,,0,False
bladder,raw,ENSG00000293853.1,ENSG00000293853,0.0,77.0,-0.9875,1.0001e-06,0.0,-17675.90193946968,0.0,,,-1.0,-1.0,-1.0,0.0,,,,-1.0,6.288505735813509e-188,0.0,,77,True
brain_amygdala,excluded_at_or_below_-1,ENSG00000293853.1,ENSG00000293853,,,,,,,,,,,,,,,,,,,,,1,False
brain_amygdala,raw,ENSG00000293853.1,ENSG00000293853,0.025641025641025626,202.9688342176416,-0.9991132545917287,0.00021194388154822507,0.9743589743589743,506.66453400209326,0.0,5.916884099642904,2.5057856220542967e-08,-1.0,-0.9231809832316438,-0.9995755855427163,0.005709912548438213,13.341872265748751,176.00555555555547,-1.0,-0.9231809832316438,202.4255478365225,0.0,5.072350273051945e-06,181,True
brain_anterior_cingulate_cortex_ba24,excluded_at_or_below_-1,ENSG00000293853.1,ENSG00000293853,,,,,,,,,,,,,,,,,,,,,0,False
brain_anterior_cingulate_cortex_ba24,raw,ENSG00000293853.1,ENSG00000293853,0.0,233.0,-0.9875,1.0001e-06,0.0,-17675.90193946968,0.0,,,-1.0,-1.0,-1.0,0.0,,,,-1.0,1.9028855018760357e-187,0.0,,233,True
brain_caudate_basal_ganglia,excluded_at_or_below_-1,ENSG00000293853.1,ENSG00000293853,,,,,,,,,,,,,,,,,,,,,3,False
brain_caudate_basal_ganglia,raw,ENSG00000293853.1,ENSG00000293853,0.07692307692307696,312.6675018003194,-0.9985289768112857,0.00039078305530264567,2.769230769230769,394.84144437704634,0.0,5.323518806193669,7.017368317928175e-07,-1.0,-0.8894242771400027,-0.9990560448057969,0.009490697962445182,10.113087788721982,102.026871511639,-1.0,-0.8894242771400027,312.5990809868808,0.0,0.00021936228871308194,300,True
brain_cerebellar_hemisphere,excluded_at_or_below_-1,ENSG00000293853.1,ENSG00000293853,,,,,,,,,,,,,,,,,,,,,9,False
brain_cerebellar_hemisphere,raw,ENSG00000293853.1,ENSG00000293853,0.23076931036347462,289.44980739971805,-0.997589466992408,0.00029276183746247415,8.923076923077247,951.4685519906647,0.0,11.644306175398984,0.0,-1.0,-0.8006222698308105,-0.9955603033727642,0.02505998897519133,5.79124380384261,33.37206845091314,-1.0,-0.8006222698308105,268.3337400766852,0.0,0.0,277,True
brain_cerebellum,excluded_at_or_below_-1,ENSG00000293853.1,ENSG00000293853,,,,,,,,,,,,,,,,,,,,,5,False
brain_cerebellum,raw,ENSG00000293853.1,ENSG00000293853,0.12820512820509233,291.7894299963875,-0.9981893311848336,0.0007645367838637714,4.358974358974724,302.45913958393413,0.0,3.3493122233225696,0.003758383144374493,-1.0,-0.8346771545375706,-0.9973436539281101,0.019388604666363704,7.268567638906347,51.70539589019894,-1.0,-0.8346771545375706,284.53397207391544,0.0,1.0693876846445214,266,True
brain_cortex,excluded_at_or_below_-1,ENSG00000293853.1,ENSG00000293853,,,,,,,,,,,,,,,,,,,,,5,False
brain_cortex,raw,ENSG00000293853.1,ENSG00000293853,0.1282051282051282,366.4610322844567,-0.9982130639002902,0.0006123524459416229,6.358974358974854,390.48701593723666,0.0,4.126886867280855,0.00020338053813435445,-1.0,-0.8291327455667786,-0.9977944846426996,0.016477727001642704,7.752495390771526,61.857968280995166,-1.0,-0.8291327455667786,360.9452720024699,0.0,0.07340924365691318,270,True
brain_frontal_cortex_ba9,excluded_at_or_below_-1,ENSG00000293853.1,ENSG00000293853,,,,,,,,,,,,,,,,,,,,,7,False
brain_frontal_cortex_ba9,raw,ENSG00000293853.1,ENSG00000293853,0.17948713759863766,355.50404294383173,-0.9974803344926394,0.0014148604456311758,7.743589745597733,261.5343895590924,0.0,2.518513500152035,0.04227904770454447,-1.0,-0.7358263150399302,-0.9960172276872038,0.02587729779332828,7.148103783671601,54.87723082563422,-1.0,-0.7358263150399302,352.6743600113605,0.0,14.910736091089985,269,True
brain_hippocampus,excluded_at_or_below_-1,ENSG00000293853.1,ENSG00000293853,,,,,,,,,,,,,,,,,,,,,5,False
brain_hippocampus,raw,ENSG00000293853.1,ENSG00000293853,0.1282051282051282,279.4295398986528,-0.9977155476100287,0.0005022668176686967,4.358974362046685,545.9768305354311,0.0,6.432245648814828,1.037324617490233e-09,-1.0,-0.803808451475473,-0.9979045511753725,0.016297736709015714,9.029625921951252,90.09091472821997,-1.0,-0.803808451475473,279.35379071704784,0.0,2.897805641000062e-07,255,True
brain_hypothalamus,excluded_at_or_below_-1,ENSG00000293853.1,ENSG00000293853,,,,,,,,,,,,,,,,,,,,,4,False
brain_hypothalamus,raw,ENSG00000293853.1,ENSG00000293853,0.10256410256410257,309.9652100596089,-0.9988493013979114,0.0004425278885541352,3.58974358974359,341.5455375166538,0.0,3.677358221635616,0.0011857010968109646,-1.0,-0.8919747602510223,-0.9985762582217418,0.01156431316819659,8.224145983642238,67.1570393527358,-1.0,-0.8919747602510223,302.5962343376167,0.0,0.35878868694497834,257,True
brain_nucleus_accumbens_basal_ganglia,excluded_at_or_below_-1,ENSG00000293853.1,ENSG00000293853,,,,,,,,,,,,,,,,,,,,,3,False
brain_nucleus_accumbens_basal_ganglia,raw,ENSG00000293853.1,ENSG00000293853,0.015862495399570905,266.8818793635736,-0.9975180563042773,0.0024405304089223125,246.4914816887063,114.55736451374895,0.0,1.438211309601188,0.35671836874897733,-1.0,-0.7998246250571205,-0.998827329528256,0.013121154367583994,13.268583190221417,189.17297181570038,-1.0,-0.7998246250571205,265.9714486673051,0.0,94.87690130240293,285,True
brain_putamen_basal_ganglia,excluded_at_or_below_-1,ENSG00000293853.1,ENSG00000293853,,,,,,,,,,,,,,,,,,,,,3,False
brain_putamen_basal_ganglia,raw,ENSG00000293853.1,ENSG00000293853,0.07692301690309354,274.8822778860419,-0.9989449979764745,0.0004960106706481897,2.7692307768742372,271.79775252899736,0.0,3.00799611438092,0.011072067443820962,-1.0,-0.9036166903576764,-0.9991739811397302,0.007845323323400166,10.049871336650243,105.22337921243457,-1.0,-0.9036166903576764,269.25325423911266,0.0,2.9811901904038978,254,True
brain_spinal_cord_cervical_c-1,excluded_at_or_below_-1,ENSG00000293853.1,ENSG00000293853,,,,,,,,,,,,,,,,,,,,,1,False
brain_spinal_cord_cervical_c-1,raw,ENSG00000293853.1,ENSG00000293853,-0.14578110517680032,192.73084881710463,-0.9990522256633072,0.000915617770627295,116.12269626337354,116.26947996450431,0.0,1.4638808507418677,0.34383315097941186,-1.0,-0.923774767668594,-0.9996263469003362,0.005336833736703786,14.17762060814065,199.00492610837443,-1.0,-0.923774767668594,191.98549893377103,0.0,66.01097904075296,204,True
brain_substantia_nigra,excluded_at_or_below_-1,ENSG00000293853.1,ENSG00000293853,,,,,,,,,,,,,,,,,,,,,3,False
brain_substantia_nigra,raw,ENSG00000293853.1,ENSG00000293853,0.07692307691015382,196.90812694783176,-0.996908247327976,0.0013826956847671874,2.7692307697249703,283.79630487517136,0.0,3.1622276748596874,0.00686333967362769,-1.0,-0.7194367702157736,-0.9973531190511028,0.02340820266706871,10.253952058813555,112.02154539326466,-1.0,-0.7194367702157736,193.34118928538732,0.0,1.3269662549687564,183,True
breast_mammary_tissue,excluded_at_or_below_-1,ENSG00000293853.1,ENSG00000293853,,,,,,,,,,,,,,,,,,,,,7,False
breast_mammary_tissue,raw,ENSG00000293853.1,ENSG00000293853,0.1794871794868807,532.6783844220447,-0.9977534324787782,0.0009098506790141506,5.743589743593965,301.0993851839433,0.0,3.4919205212237805,0.002255302601367526,-1.0,-0.8040376547848859,-0.9979845226308801,0.01751607498208579,8.90824544408018,80.3179790382023,-1.0,-0.8040376547848859,531.4634863475128,0.0,1.1986109832913996,514,True
cells_cultured_fibroblasts,excluded_at_or_below_-1,ENSG00000293853.1,ENSG00000293853,,,,,,,,,,,,,,,,,,,,,3,False
cells_cultured_fibroblasts,raw,ENSG00000293853.1,ENSG00000293853,0.07693730739542042,648.9169609532036,-0.9971858448266846,0.0010991791874934587,2.76926887732192,285.9992568693512,0.0,3.620716674776875,0.00146352839698651,-1.0,-0.7748966240516604,-0.9992620116789721,0.011351324578347604,16.520207181706883,287.54575771526044,-1.0,-0.7748966240516604,631.0689883466545,0.0,0.9235873849028752,652,True
cells_ebv-transformed_lymphocytes,excluded_at_or_below_-1,ENSG00000293853.1,ENSG00000293853,0.13670145191545136,0.568026039723091,-0.8926004558480042,0.012151425705816794,6.192730528944567,8.981707132189733,0.0,3.5837163786823756,0.0016262057560022941,-0.9233930210481311,-0.8154264350126594,-0.8812136101669321,0.030630706028786054,0.906912670354592,0.2820617281074851,-0.9233930210481311,-0.8154264350126594,0.5680227413401969,0.0,0.0009237218515076306,10,True
cells_ebv-transformed_lymphocytes,raw,ENSG00000293853.1,ENSG00000293853,0.25641025641025644,361.23410702917045,-0.9979506084183888,0.0007110375101069236,9.435897435897438,363.0303012459983,0.0,4.0761244352524955,0.00025239598471347763,-1.0,-0.8154264350126594,-0.9963673886901203,0.02110673849530959,6.009906377117134,36.62955698915932,-1.0,-0.8154264350126594,353.06153932113534,0.0,0.08911131488141405,327,True
cervix_ectocervix,excluded_at_or_below_-1,ENSG00000293853.1,ENSG00000293853,,,,,,,,,,,,,,,,,,,,,0,False
cervix_ectocervix,raw,ENSG00000293853.1,ENSG00000293853,0.0,24.0,-0.9875,1.0001e-06,0.0,-17675.90193946968,0.0,,,-1.0,-1.0,-1.0,0.0,,,,-1.0,1.9600537358379766e-188,0.0,,24,True
cervix_endocervix,excluded_at_or_below_-1,ENSG00000293853.1,ENSG00000293853,,,,,,,,,,,,,,,,,,,,,0,False
cervix_endocervix,raw,ENSG00000293853.1,ENSG00000293853,0.0,23.0,-0.9875,1.0001e-06,0.0,-17675.90193946968,0.0,,,-1.0,-1.0,-1.0,0.0,,,,-1.0,1.878384830178061e-188,0.0,,23,True
colon_sigmoid,excluded_at_or_below_-1,ENSG00000293853.1,ENSG00000293853,,,,,,,,,,,,,,,,,,,,,8,False
colon_sigmoid,raw,ENSG00000293853.1,ENSG00000293853,0.20512820373921956,475.5068939950071,-0.9985087818657638,0.0006500109228119755,6.358974480108888,299.58053540325994,0.0,3.2444084182011204,0.00529596190172486,-1.0,-0.8608134397653708,-0.9977994681833972,0.015904883273987144,7.182543634500742,50.32432393814544,-1.0,-0.8608134397653708,465.02866200202016,0.0,2.4627740771727726,419,True
colon_transverse,excluded_at_or_below_-1,ENSG00000293853.1,ENSG00000293853,,,,,,,,,,,,,,,,,,,,,6,False
colon_transverse,raw,ENSG00000293853.1,ENSG00000293853,0.15384615546850927,525.1401511014416,-0.9974692943507069,0.0012190699706551556,5.07692311129097,268.57137490481705,0.0,2.935810361796934,0.013758220778980602,-1.0,-0.7659573736372396,-0.9980262433470654,0.01824816411322063,9.781584916457073,99.43184942694998,-1.0,-0.7659573736372396,513.0086465582062,0.0,7.0580862208736175,479,True
esophagus_gastroesophageal_junction,excluded_at_or_below_-1,ENSG00000293853.1,ENSG00000293853,,,,,,,,,,,,,,,,,,,,,9,False
esophagus_gastroesophageal_junction,raw,ENSG00000293853.1,ENSG00000293853,0.23076922988934295,470.2273636829393,-0.9977522089916329,0.0012573571428188821,10.923076940627261,247.38716988280933,0.0,2.5282049317242965,0.04094192799254648,-1.0,-0.7778037985323667,-0.9964967603817938,0.024019526903993386,7.134710497687901,51.643716138583315,-1.0,-0.7778037985323667,470.0818594521505,0.0,19.246057640292243,403,True
esophagus_mucosa,excluded_at_or_below_-1,ENSG00000293853.1,ENSG00000293853,,,,,,,,,,,,,,,,,,,,,4,False
esophagus_mucosa,raw,ENSG00000293853.1,ENSG00000293853,0.10256410256410257,627.7827414207187,-0.9978466732393528,0.0005869004679969478,5.589743589820402,429.14353392121353,0.0,5.18872291842206,1.434015251130883e-06,-1.0,-0.8197515484311961,-0.999131583712493,0.01096755721857926,13.136630910055436,178.68900677085082,-1.0,-0.8197515484311961,623.7836364898154,0.0,0.0008945152481322771,614,True
esophagus_muscularis,excluded_at_or_below_-1,ENSG00000293853.1,ENSG00000293853,,,,,,,,,,,,,,,,,,,,,9,False
esophagus_muscularis,raw,ENSG00000293853.1,ENSG00000293853,0.2307692307692308,611.8641654762185,-0.996702736449322,0.0008607609751769196,10.923076925391488,464.34660949100055,0.0,5.417339966102719,4.250045037370713e-07,-1.0,-0.7140782085563246,-0.9973890171802821,0.02185458559118428,9.293108145807194,93.08997727532936,-1.0,-0.7140782085563246,610.2631288466621,0.0,0.000259364578224508,561,True
fallopian_tube,excluded_at_or_below_-1,ENSG00000293853.1,ENSG00000293853,,,,,,,,,,,,,,,,,,,,,0,False
fallopian_tube,raw,ENSG00000293853.1,ENSG00000293853,0.0,29.0,-0.9875,1.0001e-06,0.0,-17675.90193946968,0.0,,,-1.0,-1.0,-1.0,0.0,,,,-1.0,2.368398264137555e-188,0.0,,29,True
heart_atrial_appendage,excluded_at_or_below_-1,ENSG00000293853.1,ENSG00000293853,,,,,,,,,,,,,,,,,,,,,3,False
heart_atrial_appendage,raw,ENSG00000293853.1,ENSG00000293853,-0.3554922164468237,425.8967072789344,-0.9985855057190209,0.0014709047542930949,1146.198629753435,108.69780897401452,0.0,1.3599772454481116,0.39770533845722755,-1.0,-0.8855303574337577,-0.9993890993487436,0.007702855218357709,12.931173193091515,169.7106775323624,-1.0,-0.8855303574337577,424.73765465216616,0.0,168.92043269896737,461,True
heart_left_ventricle,excluded_at_or_below_-1,ENSG00000293853.1,ENSG00000293853,,,,,,,,,,,,,,,,,,,,,2,False
heart_left_ventricle,raw,ENSG00000293853.1,ENSG00000293853,0.051282051280893734,484.9713041794552,-0.9985251938712113,0.0006334868045529156,1.897435897446472,291.074259503376,0.0,3.292398222368855,0.004475898087026399,-1.0,-0.8681405706103619,-0.9994954114013925,0.007669601659231198,15.46476608918252,242.0878129026075,-1.0,-0.8681405706103619,479.71633131068853,0.0,2.1471614096289104,452,True
kidney_cortex,excluded_at_or_below_-1,ENSG00000293853.1,ENSG00000293853,,,,,,,,,,,,,,,,,,,,,1,False
kidney_cortex,raw,ENSG00000293853.1,ENSG00000293853,0.02564102564144854,139.5589202936576,-0.9986678553163223,0.0006544784926830965,0.9743589830968082,289.78428438198114,0.0,2.878531685551606,0.015897891817839915,-1.0,-0.8645596932312993,-0.9986976893579933,0.013281014752703801,10.050358637275794,99.00970873786424,-1.0,-0.8645596932312993,139.3631778538185,0.0,2.215580724910361,104,True
kidney_medulla,excluded_at_or_below_-1,ENSG00000293853.1,ENSG00000293853,,,,,,,,,,,,,,,,,,,,,0,False
kidney_medulla,raw,ENSG00000293853.1,ENSG00000293853,0.0,11.0,-0.9875,1.0001e-06,0.0,-17675.90193946968,0.0,,,-1.0,-1.0,-1.0,0.0,,,,-1.0,8.983579622590726e-189,0.0,,11,True
liver,excluded_at_or_below_-1,ENSG00000293853.1,ENSG00000293853,0.09187423532879511,1.9746511442684203,-0.8405229737846864,0.09509158250519581,21.746888428973506,6.602741964197002,0.0,1.1382939573143276,0.5231662335497786,-0.9170617488587194,-0.3965552457455208,-0.7891453455882164,0.13099066393370234,2.1159498222990445,3.883894237575567,-0.9170617488587194,-0.3965552457455208,1.9746500620858205,0.0,1.0330702355602754,26,True
liver,raw,ENSG00000293853.1,ENSG00000293853,0.6666666666234842,254.8936598596409,-0.991661816572178,0.002813941784602262,44.66666666880327,299.08500173160513,0.0,4.190552965134443,0.00015523831256905935,-1.0,-0.3965552457455208,-0.9790754923102809,0.07505305639644132,4.875781035775798,29.002119126804715,-1.0,-0.3965552457455208,252.40337004222525,0.0,0.0391826732520989,262,True
lung,excluded_at_or_below_-1,ENSG00000293853.1,ENSG00000293853,0.6366303432862154,3.9732750371834538,-0.8499381724968257,0.013343633625497574,44.445586041974906,18.349594197076193,0.0,9.059198522296343,0.0,-0.93541509708474,-0.6768028917606725,-0.8467627412740985,0.05685356394349681,1.286793096080419,1.645309821996877,-0.93541509708474,-0.6768028917606725,3.9732737559337896,0.0,0.0,40,True
lung,raw,ENSG00000293853.1,ENSG00000293853,1.0256410345283853,603.1775203615219,-0.9963842490590606,0.001615214577758639,82.97435897554796,279.81191848834226,0.0,3.1657985813473384,0.006729981048659984,-1.0,-0.6768028917606725,-0.98985183717047,0.040786708357893275,4.398648388136668,20.60037618442032,-1.0,-0.6768028917606725,597.2012573925691,0.0,4.019153144487902,604,True
minor_salivary_gland,excluded_at_or_below_-1,ENSG00000293853.1,ENSG00000293853,,,,,,,,,,,,,,,,,,,,,2,False
minor_salivary_gland,raw,ENSG00000293853.1,ENSG00000293853,0.05128205128205129,232.5188203125489,-0.9988390695310145,0.0004482443439716802,1.8974358974358974,347.252774638073,0.0,3.6627425115164036,0.0012346973169176712,-1.0,-0.8887750054452507,-0.9988265098688718,0.011145122650918235,9.387085747195975,86.32215311620259,-1.0,-0.8887750054452507,229.9953848735273,0.0,0.28397468460677555,181,True
muscle_skeletal,excluded_at_or_below_-1,ENSG00000293853.1,ENSG00000293853,0.27615369174123805,3.0493679690057514,-0.8932568140265678,0.048098330316306386,33.424559622807294,5.467965076731761,0.0,1.5157921864672312,0.31701263034175486,-0.9448098999361928,-0.7072877373495279,-0.8747470600932483,0.050317520685700376,1.431501437760554,2.208632512331482,-0.9448098999361928,-0.7072877373495279,3.049366966238125,0.0,0.9666878428444055,52,True
muscle_skeletal,raw,ENSG00000293853.1,ENSG00000293853,1.5761474136456648,863.6895618426358,-0.9963458892908377,1.371598576423043e-05,106.96605509298578,29803.90661063356,,376.76423788561993,,-1.0,-0.7072877373495279,-0.9920377104215757,0.033061946859043304,4.6822903298518765,24.173596929137922,-1.0,-0.7072877373495279,0.0,0.0,0.0,818,True
nerve_tibial,excluded_at_or_below_-1,ENSG00000293853.1,ENSG00000293853,,,,,,,,,,,,,,,,,,,,,8,False
nerve_tibial,raw,ENSG00000293853.1,ENSG00000293853,0.20512820497818177,698.2555219204511,-0.9978362777808344,0.0009936765658992903,10.358974362323835,269.4759354681866,0.0,3.0794379303722277,0.008774684154008028,-1.0,-0.8084929358182551,-0.9982038851709266,0.016572292251027257,9.352467912467748,87.67328551627622,-1.0,-0.8084929358182551,694.3669961550216,0.0,6.092851078227616,670,True
ovary,excluded_at_or_below_-1,ENSG00000293853.1,ENSG00000293853,,,,,,,,,,,,,,,,,,,,,2,False
ovary,raw,ENSG00000293853.1,ENSG00000293853,0.051282051064906804,245.02947817410958,-0.9982299199884508,0.0009283906869263378,1.8974359105357563,269.50976894431574,0.0,2.6963553103986957,0.02639162799842656,-1.0,-0.8213044780462091,-0.9981811682076591,0.017823549573945226,9.674986108509666,91.6376111393066,-1.0,-0.8213044780462091,244.9173931375025,0.0,6.463768730029357,193,True
pancreas,excluded_at_or_below_-1,ENSG00000293853.1,ENSG00000293853,,,,,,,,,,,,,,,,,,,,,4,False
pancreas,raw,ENSG00000293853.1,ENSG00000293853,0.10256400976026267,391.65867114177655,-0.9988805736915694,0.0005315215318766929,3.5897435908993547,269.2655207449042,0.0,2.978445410989316,0.01209507916591975,-1.0,-0.8976791527210716,-0.9991243439932351,0.008439090875429892,9.856364936942363,98.46750583483862,-1.0,-0.8976791527210716,383.66845456484145,0.0,4.640500331427808,362,True
pituitary,excluded_at_or_below_-1,ENSG00000293853.1,ENSG00000293853,0.16969189137797855,2.509915755605081,-0.8692526438905638,0.021464535956222868,17.782900309418253,14.533828870552043,0.0,3.1603640145245397,0.006778833212851209,-0.9172197606184532,-0.6486622743214356,-0.8393104466815205,0.0718848154176778,1.787070945990422,2.1545292235113083,-0.9172197606184532,-0.6486622743214356,2.509915585403773,0.0,0.01701429913178798,21,True
pituitary,raw,ENSG00000293853.1,ENSG00000293853,0.5384615387304537,318.10384763465413,-0.996114604925474,0.0017119893035215596,35.692307695032255,287.01803054938506,0.0,3.2095868813372523,0.005892045765392693,-1.0,-0.6486622743214356,-0.989218911758185,0.044188253452795916,4.829950392105869,26.462549260153274,-1.0,-0.6486622743214356,312.8756830738094,0.0,1.8434778435493826,313,True
prostate,excluded_at_or_below_-1,ENSG00000293853.1,ENSG00000293853,,,,,,,,,,,,,,,,,,,,,4,False
prostate,raw,ENSG00000293853.1,ENSG00000293853,0.10256410256411036,314.2127767507688,-0.996440662257209,0.0013087136606885245,5.589743608950271,343.5046547556251,0.0,3.846268179300109,0.0006272150987389605,-1.0,-0.678561350285102,-0.9970082592400114,0.026161686954901876,9.483536286603822,95.85749497449528,-1.0,-0.678561350285102,307.1701878508324,0.0,0.19266177970252474,282,True
skin_not_sun_exposed_suprapubic,excluded_at_or_below_-1,ENSG00000293853.1,ENSG00000293853,0.1614849833386856,1.877350840463096,-0.8602214533693613,0.0061647038762879785,5.078201467448951,33.89306534583497,0.0,19.27252209566903,0.0,-0.9442323798871703,-0.7124780595313461,-0.8475340593769516,0.06429564696002266,0.6990595424394861,0.19630338858253893,-0.9442323798871703,-0.7124780595313461,1.8772111156049822,0.0,0.0,10,True
skin_not_sun_exposed_suprapubic,raw,ENSG00000293853.1,ENSG00000293853,-0.5497609448366172,583.1493578916674,-0.996468037670499,0.0038397360564040245,3717.239000060942,104.5963766161976,0.0,1.3008573909241878,0.4299399142730826,-1.0,-0.7124780595313461,-0.9976579732623188,0.020232997016204502,9.697177268860377,102.78271237517664,-1.0,-0.7124780595313461,581.9812208203286,0.0,250.21695618803605,651,True
skin_sun_exposed_lower_leg,excluded_at_or_below_-1,ENSG00000293853.1,ENSG00000293853,0.10996601231695287,0.8554702288752286,-0.8870826377494816,0.02263793566001094,8.836265907990011,8.637310166178978,0.0,1.0847588473733318,0.5552441928172211,-0.9044468475455312,-0.748821432355997,-0.8633458122345566,0.0423499806615725,1.7536843735943242,2.506052365578113,-0.9044468475455312,-0.748821432355997,0.8554671461649064,0.0,0.4749931650539852,12,True
skin_sun_exposed_lower_leg,raw,ENSG00000293853.1,ENSG00000293853,-0.13646947901743642,678.0454006733193,-0.9968772954144636,0.0031352849890785004,4273.288313247105,111.88902029175739,0.0,1.4085389977413956,0.37216476396379305,-1.0,-0.748821432355997,-0.9978251322902051,0.017862343503490835,8.986183182119287,88.41974872769539,-1.0,-0.748821432355997,675.6274422240025,0.0,251.44472756275712,754,True
small_intestine_terminal_ileum,excluded_at_or_below_-1,ENSG00000293853.1,ENSG00000293853,,,,,,,,,,,,,,,,,,,,,1,False
small_intestine_terminal_ileum,raw,ENSG00000293853.1,ENSG00000293853,-0.16950891967319087,195.6900785290287,-0.998818415700476,0.0014278555522955253,178.04873717040078,97.93899642105514,0.0,1.1702952296452578,0.504230194322655,-1.0,-0.8999346660697664,-0.999516592589709,0.006955021490629397,14.283026792978168,202.00485436893223,-1.0,-0.8999346660697664,195.67577765862637,0.0,98.66563539304582,207,True
spleen,excluded_at_or_below_-1,ENSG00000293853.1,ENSG00000293853,0.09714213885736782,1.22016686873228,-0.847032238221466,0.06313721026354072,11.433953051001978,5.147504242478755,0.0,1.2586432465317896,0.4528981662173977,-0.9032240507011275,-0.6172232006497358,-0.8189531932368872,0.07369433004456467,1.729554909181021,2.456625389590039,-0.9032240507011275,-0.6172232006497358,1.2201579289613227,0.0,0.5526072885222009,21,True
spleen,raw,ENSG00000293853.1,ENSG00000293853,0.5526366510888691,251.9060044173417,-0.9952175245791389,0.0036134763077913137,36.542821044286775,147.93640634875393,0.0,1.871727119758522,0.174757684450131,-1.0,-0.6172232006497358,-0.9862744298121828,0.05194651558637959,4.291816902608716,20.382253913624172,-1.0,-0.6172232006497358,250.0672143278723,0.0,43.70116733283336,277,True
stomach,excluded_at_or_below_-1,ENSG00000293853.1,ENSG00000293853,,,,,,,,,,,,,,,,,,,,,2,False
stomach,raw,ENSG00000293853.1,ENSG00000293853,0.05128205128270863,476.43224158442604,-0.9960469967369845,0.0005557622933493697,1.8974358974358982,840.2740092533099,0.0,10.05896026693591,0.0,-1.0,-0.6658333551418207,-0.9988559110910784,0.017785043253569107,17.160920387016546,307.66201746658294,-1.0,-0.6658333551418207,472.90860928418255,0.0,0.0,407,True
testis,excluded_at_or_below_-1,ENSG00000293853.1,ENSG00000293853,0.08066753599930661,3.8213458726760816,-0.8827495010601786,0.1509034246279013,25.65260141616143,4.827471165463498,0.0,0.330858432857603,0.9467430125142028,-0.9180536954998448,-0.3676349875644431,-0.8058713827160225,0.0988960538291711,2.0118031357975132,6.06344846844047,-0.9180536954998448,-0.3676349875644431,3.8212876067779855,0.0,3.6177773405241784,50,True
testis,raw,ENSG00000293853.1,ENSG00000293853,1.282051288271561,411.54347408130747,-0.9931518818883518,0.002972789499740198,157.89743590610777,297.5705059250509,0.0,3.2577824669632407,0.005109321310538713,-1.0,-0.3676349875644431,-0.9765545148207757,0.07191542424894112,3.804629383279039,18.087870653966263,-1.0,-0.3676349875644431,399.4266168571779,0.0,2.0407989255047565,414,True
thyroid,excluded_at_or_below_-1,ENSG00000293853.1,ENSG00000293853,0.1120735866044405,4.021251576089034,-0.8397477407535846,0.03960106533287559,7.835397963248035,27.16988693686215,0.0,2.5029175274912014,0.043629472427346716,-0.9098348924866332,-0.0789316262001136,-0.7780778512865423,0.19195734465598385,2.961171897051396,8.120055353256388,-0.9098348924866332,-0.0789316262001136,4.0201431067427675,0.0,0.17539672282962154,18,True
thyroid,raw,ENSG00000293853.1,ENSG00000293853,0.4615383759972429,714.1323145329238,-0.9897033512944187,0.00458329196928768,41.69230769815277,281.02633096151783,0.0,3.1771181814296945,0.006495445194032618,-1.0,-0.0789316262001136,-0.9941599434549089,0.046700359702629556,13.430242655630126,230.1228745043243,-1.0,-0.0789316262001136,706.7538028739096,0.0,4.590680592241588,684,True
uterus,excluded_at_or_below_-1,ENSG00000293853.1,ENSG00000293853,,,,,,,,,,,,,,,,,,,,,0,False
uterus,raw,ENSG00000293853.1,ENSG00000293853,0.0,153.0,-0.9875,1.0001e-06,0.0,-17675.90193946968,0.0,,,-1.0,-1.0,-1.0,0.0,,,,-1.0,1.24953425659671e-187,0.0,,153,True
vagina,excluded_at_or_below_-1,ENSG00000293853.1,ENSG00000293853,,,,,,,,,,-0.7583757793405568,-0.7583757793405568,,,,,,,,,,1,False
vagina,raw,ENSG00000293853.1,ENSG00000293853,0.025641025641025644,191.39010717637643,-0.9972928430475643,0.0008872493594682203,0.9743589750242633,380.8171267424951,0.0,4.315019263470413,9.211661950680704e-05,-1.0,-0.7583757793405568,-0.9985786810549444,0.018531731770332446,12.923076923076914,165.0059171597632,-1.0,-0.7583757793405568,188.11873813538995,0.0,0.017328862222917803,170,True
whole_blood,excluded_at_or_below_-1,ENSG00000293853.1,ENSG00000293853,0.12522839567276983,1.0076321650707143,-0.8343657006453805,0.032166612550188954,10.429866660806493,7.962568871150647,0.0,1.6013832968630324,0.2774254461448404,-0.8707895318297598,-0.6532552413787434,-0.8068138662550682,0.06438947826868824,1.3937569696390222,0.79047349817764,-0.8707895318297598,-0.6532552413787434,1.0076208924474168,0.0,0.2795396756320868,15,True
whole_blood,raw,ENSG00000293853.1,ENSG00000293853,0.38461538461538847,868.4443370028307,-0.9961124064783002,0.0014292165330318748,19.23076924649076,339.25807715923685,0.0,3.846784134045039,0.0006201035775421141,-1.0,-0.6532552413787434,-0.9963912926448641,0.027520113241086424,8.392961794077147,76.57189663314578,-1.0,-0.6532552413787434,857.0133011094822,0.0,0.5314370140191662,803,True
adipose_subcutaneous,excluded_at_or_below_-1,ENSG00000293854.1,ENSG00000293854,,,,,,,,,,,,,,,,,,,,,5,False
adipose_subcutaneous,raw,ENSG00000293854.1,ENSG00000293854,0.12820512753375365,785.7317304012031,-0.9987533589815183,0.0006313895168644471,4.358974365738675,256.8894923425219,0.0,2.7922804998454183,0.02064772095303094,-1.0,-0.8840625253103112,-0.9992854933276722,0.008562163970813785,12.0203534513162,143.9711161365414,-1.0,-0.8840625253103112,771.5107151850915,0.0,15.929937959415817,714,True
adipose_visceral_omentum,excluded_at_or_below_-1,ENSG00000293854.1,ENSG00000293854,,,,,,,,,,,,,,,,,,,,,3,False
adipose_visceral_omentum,raw,ENSG00000293854.1,ENSG00000293854,0.07692307345112508,616.9512960283672,-0.998760681707805,0.0005744325490265474,2.7692307727675782,267.57626045345205,0.0,3.0511166887906045,0.009576497761698,-1.0,-0.8900751780181453,-0.9995848778465183,0.006041897759978135,15.433218801668874,247.47059467580766,-1.0,-0.8900751780181453,613.1299426456045,0.0,5.871637523375649,587,True
adrenal_gland,excluded_at_or_below_-1,ENSG00000293854.1,ENSG00000293854,0.11482335809174309,1068730444878.8788,-5.129759371030837,0.8061401203091788,8.410277588643794,8.42554166141152,0.0,-7.35710985731585,1.0,-0.936007038778931,-0.326971907160947,-0.7877155834919896,0.1721165322843437,1.5472791086038653,1.6448364213790478,-0.936007038778931,-0.326971907160947,1.8846495363606102,0.0,1.8846495363606102,14,True
adrenal_gland,raw,ENSG00000293854.1,ENSG00000293854,0.3589743610304912,309.1753474373373,-0.9926578269849875,0.003440715588183121,14.974358975509448,273.6122855748991,0.0,3.017802660231886,0.010775635684067182,-1.0,-0.326971907160947,-0.9899254853182637,0.05791377191056693,7.856739207189274,71.94742319458042,-1.0,-0.326971907160947,302.115617605525,0.0,3.2554878297840575,295,True
artery_aorta,excluded_at_or_below_-1,ENSG00000293854.1,ENSG00000293854,0.13440306314635797,2.4268254059038377,-0.8730305362331099,0.04400390727052624,16.73188392025033,18.467615834299327,0.0,1.9242278200290284,0.1570494394744141,-0.93290377236432,-0.2984021517361023,-0.7857057625777147,0.18514566958260809,1.871726375882741,2.163460479821154,-0.93290377236432,-0.2984021517361023,2.4265057422359453,0.0,0.38108136669960235,17,True
artery_aorta,raw,ENSG00000293854.1,ENSG00000293854,0.43589743588749286,520.4897660313896,-0.9925520918591009,0.003592470832652804,31.589743590420806,273.25935418034084,0.0,2.9319466169168096,0.013780880183345126,-1.0,-0.2984021517361023,-0.9922817753470787,0.05255710752259254,9.866576981739394,112.75655177457696,-1.0,-0.2984021517361023,513.4167457690872,0.0,7.075334657566705,472,True
artery_coronary,excluded_at_or_below_-1,ENSG00000293854.1,ENSG00000293854,,,,,,,,,,,,,,,,,,,,,5,False
artery_coronary,raw,ENSG00000293854.1,ENSG00000293854,0.12820512820512814,302.24540746603424,-0.9964330045209723,0.0014576403017517565,4.358974364414452,315.66468801527316,0.0,3.4607257890044694,0.0025969295786368524,-1.0,-0.6710750930052238,-0.99685237818579,0.025555596854500658,9.77957510107453,107.39289683260417,-1.0,-0.6710750930052238,291.88306643466996,0.0,0.7579997687274393,268,True
artery_tibial,excluded_at_or_below_-1,ENSG00000293854.1,ENSG00000293854,0.09861898858552176,18.34575996575309,-0.9749372988630683,0.05123804794766726,4.04992711183823,7.403735151136707,0.0,-2.1084208560484683,1.0,-0.8985475853216476,-0.70669426488367,-0.8497769422479967,0.06187539364456189,1.395429630054675,0.7842126354877075,-0.8985475853216476,-0.70669426488367,1.9871058434997741,0.0,1.987105843499764,10,True
artery_tibial,raw,ENSG00000293854.1,ENSG00000293854,0.2564102224713208,729.7439298342647,-0.9959267489920336,0.0015434826928000366,11.435898111170637,265.008803540825,0.0,3.7321097575548863,0.00095470402375339,-1.0,-0.70669426488367,-0.9978260049529376,0.019294097168078596,10.21131835733356,116.9865263639918,-1.0,-0.70669426488367,722.3293935645943,0.0,0.6896107785114638,691,True
bladder,excluded_at_or_below_-1,ENSG00000293854.1,ENSG00000293854,,,,,,,,,,,,,,,,,,,,,2,False
bladder,raw,ENSG00000293854.1,ENSG00000293854,0.05128205127879832,81.13352523336586,-0.998216504653603,0.0008169912751075295,1.8974358974497059,275.74960700540765,0.0,3.0872340796687787,0.008644461624815067,-1.0,-0.8389159371638437,-0.9967644664642117,0.020804587447860144,6.678214502917989,44.85942384875047,-1.0,-0.8389159371638437,79.95192875311102,0.0,0.6911413799362158,77,True
brain_amygdala,excluded_at_or_below_-1,ENSG00000293854.1,ENSG00000293854,,,,,,,,,,,,,,,,,,,,,2,False
brain_amygdala,raw,ENSG00000293854.1,ENSG00000293854,0.05128205128293431,200.11260171247784,-0.998595923572955,0.0006024524085801613,1.8974359087983177,298.2074466096154,0.0,3.2959681087761323,0.004490292289197395,-1.0,-0.8715600930262344,-0.9989770123631256,0.010414905973546421,11.052205643339956,126.71660101739883,-1.0,-0.8715600930262344,195.00297428204658,0.0,0.875620351789227,181,True
brain_anterior_cingulate_cortex_ba24,excluded_at_or_below_-1,ENSG00000293854.1,ENSG00000293854,,,,,,,,,,,,,,,,,,,,,5,False
brain_anterior_cingulate_cortex_ba24,raw,ENSG00000293854.1,ENSG00000293854,0.1282051282051282,306.499818635306,-0.9975048817377532,0.0007307524087212776,4.358974358974361,443.0706026611033,0.0,4.828762853302439,9.167063729799953e-06,-1.0,-0.7685614472080455,-0.9969483280045561,0.0228665336024907,8.3396985554018,72.41009617544306,-1.0,-0.7685614472080455,289.060307799994,0.0,0.002649834263358103,233,True
brain_caudate_basal_ganglia,excluded_at_or_below_-1,ENSG00000293854.1,ENSG00000293854,0.14831443083508422,6.3604473107454735,-1.0787359458784307,0.09295746661869718,20.770445460785922,4.186149402531695,0.0,-2.045770647496351,1.0,-0.94426569206822,-0.8035767664587818,-0.8958057594782138,0.04561373263696602,0.9618357467661549,-0.2155916018759516,-0.94426569206822,-0.8035767664587818,0.7836756049395264,0.0,0.7836756049395234,12,True
brain_caudate_basal_ganglia,raw,ENSG00000293854.1,ENSG00000293854,0.3076923076923077,331.5301542908524,-0.9977641242821882,0.0005826206912978938,16.307692307692307,471.35709249097727,0.0,5.4272115823190274,4.06019667638113e-07,-1.0,-0.8035767664587818,-0.9958322303791285,0.02224468104978458,6.031599864721862,39.23114424383744,-1.0,-0.8035767664587818,328.08418108012876,0.0,0.00013320863015947593,300,True
brain_cerebellar_hemisphere,excluded_at_or_below_-1,ENSG00000293854.1,ENSG00000293854,,,,,,,,,,,,,,,,,,,,,9,False
brain_cerebellar_hemisphere,raw,ENSG00000293854.1,ENSG00000293854,0.2307692307693486,306.89394834243285,-0.9964807401199726,0.001455533225889022,10.923076928585255,311.9097408683666,0.0,3.4193551636792803,0.0029914814019368443,-1.0,-0.6754578031382874,-0.9935002054245127,0.038480034111589005,6.269576467124552,39.47526865692665,-1.0,-0.6754578031382874,296.6324817021797,0.0,0.887370552222441,277,True
brain_cerebellum,excluded_at_or_below_-1,ENSG00000293854.1,ENSG00000293854,,,,,,,,,,,,,,,,,,,,,9,False
brain_cerebellum,raw,ENSG00000293854.1,ENSG00000293854,0.23076923076962708,263.3683628241586,-0.994751419599597,0.0020678854450015133,8.92307692315672,301.59071003971275,0.0,3.589470395179524,0.0015934046511698286,-1.0,-0.5537607119498409,-0.9935827880805644,0.039575961932275174,7.72369133469482,68.59458076056427,-1.0,-0.5537607119498409,263.29815898434265,0.0,0.4195405111701046,266,True
brain_cortex,excluded_at_or_below_-1,ENSG00000293854.1,ENSG00000293854,,,,,,,,,,,,,,,,,,,,,2,False
brain_cortex,raw,ENSG00000293854.1,ENSG00000293854,0.05128205128205117,295.86886238211673,-0.9992238434740733,0.00029612450651201396,1.8974359026616539,328.4504983846876,0.0,3.7067215355428496,0.0010545991171031243,-1.0,-0.9304490527808053,-0.9994948124199938,0.0058599861241847625,11.496357196071418,130.21986180650924,-1.0,-0.9304490527808053,291.37719211954095,0.0,0.30728612955328344,270,True
brain_frontal_cortex_ba9,excluded_at_or_below_-1,ENSG00000293854.1,ENSG00000293854,,,,,,,,,,,,,,,,,,,,,2,False
brain_frontal_cortex_ba9,raw,ENSG00000293854.1,ENSG00000293854,-0.04306463923165266,252.929710997167,-0.9979660385109037,0.001988382084534113,213.76529140339434,115.17519472888394,0.0,1.446631382166519,0.3524444331037174,-1.0,-0.8360298926028198,-0.999136943797926,0.010813199769879775,13.732012841577294,196.5201746991131,-1.0,-0.8360298926028198,252.04376820633277,0.0,88.83142300280512,269,True
brain_hippocampus,excluded_at_or_below_-1,ENSG00000293854.1,ENSG00000293854,0.129043229490274,0.7242296903968766,-0.9025908631304544,0.052665412805734696,13.070359701523834,3.438690320996189,0.0,1.1328415863136423,0.5251331068272957,-0.9447779637028724,-0.7745337930494286,-0.8843436548084026,0.0460188059644265,0.9586205129333669,0.5323296485047808,-0.9447779637028724,-0.7745337930494286,0.7222659698445355,0.0,0.3792857727000909,19,True
brain_hippocampus,raw,ENSG00000293854.1,ENSG00000293854,0.4947615222592457,235.33719109707636,-0.9971816747665948,0.0007063774991634994,17.774071669597994,445.7554980600767,0.0,5.642469887532425,1.305834389264395e-07,-1.0,-0.7745337930494286,-0.9913824683974888,0.03280422664197676,4.1376650083910835,17.775129823769998,-1.0,-0.7745337930494286,219.9806441513348,0.0,2.872582901053411e-05,255,True
brain_hypothalamus,excluded_at_or_below_-1,ENSG00000293854.1,ENSG00000293854,,,,,,,,,,,,,,,,,,,,,9,False
brain_hypothalamus,raw,ENSG00000293854.1,ENSG00000293854,0.23076923076923075,256.982903997758,-0.9978538741526646,0.0007151618347593722,8.923076926916547,356.88701727036795,0.0,4.243906948533843,0.00012278290726965715,-1.0,-0.8173776145101048,-0.9957098931818334,0.024145355388215987,5.995078585977661,36.34468340831803,-1.0,-0.8173776145101048,256.9108688480559,0.0,0.031544263386337895,257,True
brain_nucleus_accumbens_basal_ganglia,excluded_at_or_below_-1,ENSG00000293854.1,ENSG00000293854,,,,,,,,,,,,,,,,,,,,,5,False
brain_nucleus_accumbens_basal_ganglia,raw,ENSG00000293854.1,ENSG00000293854,0.12820512812693283,283.82722351470903,-0.9986677660328461,0.0005708483962848418,4.358974359782549,274.13932414202014,0.0,3.3004618334134816,0.004318587038897247,-1.0,-0.8880112161957168,-0.9987217643274426,0.010118870921384837,8.487743349727085,75.12235672069603,-1.0,-0.8880112161957168,283.34593400064654,0.0,1.223654078099407,285,True
brain_putamen_basal_ganglia,excluded_at_or_below_-1,ENSG00000293854.1,ENSG00000293854,,,,,,,,,,,,,,,,,,,,,3,False
brain_putamen_basal_ganglia,raw,ENSG00000293854.1,ENSG00000293854,0.07692307692307697,276.24742645578027,-0.9987226847627354,0.0004750600421383922,2.7692307705309003,335.47603269483795,0.0,3.802459419307512,0.0007346162506668624,-1.0,-0.88603018734318,-0.9990904697264068,0.00886766164699871,10.639939535139925,119.41407881429082,-1.0,-0.88603018734318,272.6285980093237,0.0,0.20027739849417156,254,True
brain_spinal_cord_cervical_c-1,excluded_at_or_below_-1,ENSG00000293854.1,ENSG00000293854,0.1311534079850186,0.5270731253656116,-0.8893141276017109,0.03425683103614887,8.287430332332274,8.374151876323651,0.0,2.7055797701055417,0.02573075288325937,-0.954852029022908,-0.6864650576091362,-0.8593263019231341,0.07575859483920891,1.150956966790646,0.800889474269185,-0.954852029022908,-0.6864650576091362,0.5270665085325128,0.0,0.013561818084092403,10,True
brain_spinal_cord_cervical_c-1,raw,ENSG00000293854.1,ENSG00000293854,0.2564102564099972,233.62243424496089,-0.9967448977163972,0.0015349858457627847,9.435897435933239,285.86710374035323,0.0,2.998991690438296,0.011204838525127518,-1.0,-0.6864650576091362,-0.993104230486428,0.03437296462751385,5.943801320545164,39.73412947904437,-1.0,-0.6864650576091362,232.32570465369497,0.0,2.603172005881117,204,True
brain_substantia_nigra,excluded_at_or_below_-1,ENSG00000293854.1,ENSG00000293854,,,,,,,,,,,,,,,,,,,,,4,False
brain_substantia_nigra,raw,ENSG00000293854.1,ENSG00000293854,0.10256410262755844,199.86756082646522,-0.9985234680857956,0.0007245149363861277,3.58974359121583,265.35340606340196,0.0,2.882109606684164,0.016015288890788362,-1.0,-0.8625804173125714,-0.9976573766686501,0.016237713060728676,7.114667431299384,50.48224195260342,-1.0,-0.8625804173125714,196.09289797093646,0.0,3.1404844104364296,183,True
breast_mammary_tissue,excluded_at_or_below_-1,ENSG00000293854.1,ENSG00000293854,,,,,,,,,,,,,,,,,,,,,1,False
breast_mammary_tissue,raw,ENSG00000293854.1,ENSG00000293854,1.2746511150303999,477.9027978603464,-0.9979220956129092,0.0019306683993624302,1237.3988050363675,120.5922025334399,0.0,1.5220638440598007,0.31542798871897926,-1.0,-0.8332909813064242,-0.9996756633877556,0.007353219591012352,22.605352227243383,509.0019493177375,-1.0,-0.8332909813064242,475.750261274007,0.0,150.0649480461889,514,True
cells_cultured_fibroblasts,excluded_at_or_below_-1,ENSG00000293854.1,ENSG00000293854,-0.1639063523385793,17.796256242720776,-2.5556174118262036,1.0458125709976265,33.582230415911795,2.58141721965049,0.0,-2.2085317748980193,1.0,-0.922405600619782,-0.6466563813789513,-0.8085749605563463,0.07885890571359258,0.36017066859757635,-1.061739619426628,-0.922405600619782,-0.6466563813789513,0.917188328801212,0.0,0.9171883288012112,35,True
cells_cultured_fibroblasts,raw,ENSG00000293854.1,ENSG00000293854,0.8974358974357729,624.0685326531426,-0.995411126777685,0.0015181995136208982,49.58974358975178,324.8675068460223,0.0,4.274567794802749,0.00010851678637016796,-1.0,-0.6466563813789513,-0.9897241159807856,0.04678797596092385,4.9260585265431125,24.637711228332243,-1.0,-0.6466563813789513,619.4927252036861,0.0,0.0672253597188015,652,True
cells_ebv-transformed_lymphocytes,excluded_at_or_below_-1,ENSG00000293854.1,ENSG00000293854,0.17717042598891278,726310747433.3628,-2.4086892274430105,0.28119160471394117,11.335243312136747,8.114951731253226,0.0,-7.425246503096995,1.0,-0.9323089726116024,-0.7951731643823208,-0.8847648860860091,0.04000239611432991,0.7330373534394311,-0.16753577921315488,-0.9323089726116024,-0.7951731643823208,0.770577245257622,0.0,0.7705772452576137,13,True
cells_ebv-transformed_lymphocytes,raw,ENSG00000293854.1,ENSG00000293854,0.3333333333331531,353.6571651043938,-0.9977763334560307,0.0009718910028756673,12.666666666672288,294.8109907757469,0.0,3.2356914256557774,0.005493088026910326,-1.0,-0.7951731643823208,-0.9954187875202387,0.023819882304435002,5.568914405945579,32.168849215200495,-1.0,-0.7951731643823208,343.0043681261436,0.0,1.8841531877315778,327,True
cervix_ectocervix,excluded_at_or_below_-1,ENSG00000293854.1,ENSG00000293854,,,,,,,,,,,,,,,,,,,,,0,False
cervix_ectocervix,raw,ENSG00000293854.1,ENSG00000293854,0.0,24.0,-0.9875,1.0001e-06,0.0,-17675.90193946968,0.0,,,-1.0,-1.0,-1.0,0.0,,,,-1.0,1.9600537358379766e-188,0.0,,24,True
cervix_endocervix,excluded_at_or_below_-1,ENSG00000293854.1,ENSG00000293854,,,,,,,,,,,,,,,,,,,,,0,False
cervix_endocervix,raw,ENSG00000293854.1,ENSG00000293854,0.0,23.0,-0.9875,1.0001e-06,0.0,-17675.90193946968,0.0,,,-1.0,-1.0,-1.0,0.0,,,,-1.0,1.878384830178061e-188,0.0,,23,True
colon_sigmoid,excluded_at_or_below_-1,ENSG00000293854.1,ENSG00000293854,,,,,,,,,,,,,,,,,,,,,7,False
colon_sigmoid,raw,ENSG00000293854.1,ENSG00000293854,0.1794871794871795,577.8362874873936,-0.9977677774932522,0.0005566599842917938,9.743589743589745,513.8556602302712,0.0,5.6710369567771695,1.1250823585921021e-07,-1.0,-0.795504914682035,-0.9975463253444792,0.019385820081822016,8.171927938897726,67.78438034322471,-1.0,-0.795504914682035,533.3617592265578,0.0,6.000759060534322e-05,419,True
colon_transverse,excluded_at_or_below_-1,ENSG00000293854.1,ENSG00000293854,,,,,,,,,,,,,,,,,,,,,7,False
colon_transverse,raw,ENSG00000293854.1,ENSG00000293854,0.17948717948717946,521.8859379216195,-0.9972517020188374,0.0010673170913492473,5.743589775334097,323.6106618281756,0.0,3.6415422463530365,0.0013418422451687082,-1.0,-0.7530204207599664,-0.9978983089541704,0.01925998374246168,10.343048848501878,112.98463121725526,-1.0,-0.7530204207599664,513.2411884810173,0.0,0.6886887086644234,479,True
esophagus_gastroesophageal_junction,excluded_at_or_below_-1,ENSG00000293854.1,ENSG00000293854,,,,,,,,,,,,,,,,,,,,,7,False
esophagus_gastroesophageal_junction,raw,ENSG00000293854.1,ENSG00000293854,0.17949670215271601,436.223087933421,-0.9971822437891017,0.0018962698104600542,7.743626530340303,201.28573353986653,0.0,2.1014462324572345,0.11014268001735827,-1.0,-0.7272851999879771,-0.997304243232563,0.022453866146041612,9.338458179697318,92.17517227982887,-1.0,-0.7272851999879771,435.3256234562785,0.0,47.94793084770161,403,True
esophagus_mucosa,excluded_at_or_below_-1,ENSG00000293854.1,ENSG00000293854,,,,,,,,,,,,,,,,,,,,,3,False
esophagus_mucosa,raw,ENSG00000293854.1,ENSG00000293854,0.07692306741940827,665.525100833513,-0.9987946642677629,0.0006354696035925837,4.7692308150078295,245.01401301374938,0.0,2.6824290730920737,0.02794698140403959,-1.0,-0.8886988754371087,-0.9995948720594952,0.005954337836986836,15.479672334649456,250.24570699075346,-1.0,-0.8886988754371087,652.1728103541824,0.0,18.226261403187568,614,True
esophagus_muscularis,excluded_at_or_below_-1,ENSG00000293854.1,ENSG00000293854,,,,,,,,,,,,,,,,,,,,,7,False
esophagus_muscularis,raw,ENSG00000293854.1,ENSG00000293854,0.17948717948718013,608.9866692227286,-0.9977649792163303,0.0008195747330607243,7.743589753175389,339.53688708165373,0.0,3.8566302460877884,0.0005964106437354966,-1.0,-0.8009942360993856,-0.9983197120005363,0.015789394732858328,10.11636023238019,106.69900983319802,-1.0,-0.8009942360993856,601.5917619212103,0.0,0.3587957299933896,561,True
fallopian_tube,excluded_at_or_below_-1,ENSG00000293854.1,ENSG00000293854,,,,,,,,,,,,,,,,,,,,,1,False
fallopian_tube,raw,ENSG00000293854.1,ENSG00000293854,,,,,,,,,,,,,,,,,,,,,29,False
heart_atrial_appendage,excluded_at_or_below_-1,ENSG00000293854.1,ENSG00000293854,,,,,,,,,,,,,,,,,,,,,8,False
heart_atrial_appendage,raw,ENSG00000293854.1,ENSG00000293854,0.20512820512859264,545.3551786471696,-0.9956167084527138,0.0019111847045052163,8.358974371841253,305.02901144450834,0.0,3.24349098200449,0.00525798103292296,-1.0,-0.5833969443282245,-0.9976562596411872,0.022847650416338874,14.333046704258866,239.87490289022577,-1.0,-0.5833969443282245,538.7914474737646,0.0,2.832955211518161,461,True
heart_left_ventricle,excluded_at_or_below_-1,ENSG00000293854.1,ENSG00000293854,,,,,,,,,,,,,,,,,,,,,1,False
heart_left_ventricle,raw,ENSG00000293854.1,ENSG00000293854,1.6651748605158805,416.6395285416665,-0.9984572093032262,0.0016115264028892658,1294.0809368370908,108.41590711584192,0.0,1.3538937515195701,0.40092297021483164,-1.0,-0.8749149795729498,-0.9997232632291437,0.005883504451895732,21.18967242066052,447.00221729490073,-1.0,-0.8749149795729498,415.58751886142375,0.0,166.61858244613433,452,True
kidney_cortex,excluded_at_or_below_-1,ENSG00000293854.1,ENSG00000293854,,,,,,,,,,,,,,,,,,,,,2,False
kidney_cortex,raw,ENSG00000293854.1,ENSG00000293854,0.0512820512820763,115.6762590058125,-0.999046947650952,0.0003863847704039214,1.8974359077786775,315.78606295154333,0.0,3.488283340635435,0.002347078764459769,-1.0,-0.9127693664732228,-0.9986274459897666,0.010094298474115432,7.5059812698608095,56.42106765646163,-1.0,-0.9127693664732228,112.31628779708412,0.0,0.2636151739914872,104,True
kidney_medulla,excluded_at_or_below_-1,ENSG00000293854.1,ENSG00000293854,,,,,,,,,,,,,,,,,,,,,0,False
kidney_medulla,raw,ENSG00000293854.1,ENSG00000293854,0.0,11.0,-0.9875,1.0001e-06,0.0,-17675.90193946968,0.0,,,-1.0,-1.0,-1.0,0.0,,,,-1.0,8.983579622590726e-189,0.0,,11,True
liver,excluded_at_or_below_-1,ENSG00000293854.1,ENSG00000293854,,,,,,,,,,,,,,,,,,,,,3,False
liver,raw,ENSG00000293854.1,ENSG00000293854,0.07894808900736018,245.43615940344367,-0.9970876027555309,0.002745137568655798,191.70685403827937,119.0809267402638,0.0,1.500380792997337,0.32582073175565024,-1.0,-0.7659389740035132,-0.9986282124813523,0.015501031322347075,13.56631282077219,195.03389619500564,-1.0,-0.7659389740035132,244.41645659663564,0.0,79.63594874143851,262,True
lung,excluded_at_or_below_-1,ENSG00000293854.1,ENSG00000293854,,,,,,,,,,,,,,,,,,,,,8,False
lung,raw,ENSG00000293854.1,ENSG00000293854,0.3428868138670201,572.3446429398404,-0.9930529125616682,0.006845408113684481,625.3257585920071,114.63403944631193,0.0,1.4352198015251305,0.35814339838696496,-1.0,-0.4381743534751389,-0.9974649901261102,0.027711747264833584,15.618781552837142,286.2059231839119,-1.0,-0.4381743534751389,570.569629517452,0.0,204.34574613177176,604,True
minor_salivary_gland,excluded_at_or_below_-1,ENSG00000293854.1,ENSG00000293854,,,,,,,,,,,,,,,,,,,,,0,False
minor_salivary_gland,raw,ENSG00000293854.1,ENSG00000293854,0.0,181.0,-0.9875,1.0001e-06,0.0,-17675.90193946968,0.0,,,-1.0,-1.0,-1.0,0.0,,,,-1.0,1.478207192444474e-187,0.0,,181,True
muscle_skeletal,excluded_at_or_below_-1,ENSG00000293854.1,ENSG00000293854,,,,,,,,,,,,,,,,,,,,,9,False
muscle_skeletal,raw,ENSG00000293854.1,ENSG00000293854,-0.07510513862068184,742.8776097529817,-0.9975170617087195,0.0024969554138160577,4561.174384594317,112.1494362893788,0.0,1.406274612127705,0.37319128714629074,-1.0,-0.799504435080192,-0.9986731988588413,0.0134685417306831,11.160013594676371,132.13480096441717,-1.0,-0.799504435080192,740.5486430287043,0.0,276.3663012863225,818,True
nerve_tibial,excluded_at_or_below_-1,ENSG00000293854.1,ENSG00000293854,0.1419391409336093,1.7622742191758722,-0.9976826656730067,0.16598376503747428,9.378302721260498,4.579878586049187,0.0,-0.6731456980216651,1.0,-0.9186767359116446,-0.4601503499375156,-0.7940167528569438,0.12840422702002588,1.4029973136275278,1.1077669199292801,-0.9186767359116446,-0.4601503499375156,1.4049582837375836,0.0,1.4049582837375825,17,True
nerve_tibial,raw,ENSG00000293854.1,ENSG00000293854,0.4467459569284268,599.2030134041405,-0.9932551226239293,0.005757113865020575,2874.072250855567,130.95520036171075,0.0,1.6568539871581593,0.2549101631047165,-1.0,-0.4601503499375156,-0.9947735594008479,0.03801493470840292,9.324437010031678,101.11456798345789,-1.0,-0.4601503499375156,595.7743519712592,0.0,151.8689372346,670,True
ovary,excluded_at_or_below_-1,ENSG00000293854.1,ENSG00000293854,,,,,,,,,,,,,,,,,,,,,0,False
ovary,raw,ENSG00000293854.1,ENSG00000293854,0.0,193.0,-0.9875,1.0001e-06,0.0,-17675.90193946968,0.0,,,-1.0,-1.0,-1.0,0.0,,,,-1.0,1.576209879236373e-187,0.0,,193,True
pancreas,excluded_at_or_below_-1,ENSG00000293854.1,ENSG00000293854,,,,,,,,,,,,,,,,,,,,,2,False
pancreas,raw,ENSG00000293854.1,ENSG00000293854,0.051282051282051225,403.79155350549297,-0.9983319282540476,0.0006295147609990778,1.8974358974358976,334.39651991894743,0.0,3.747346102565823,0.0009114789708016599,-1.0,-0.849480615470382,-0.9994301272249079,0.008429161452114428,16.39513215387651,280.29753170165947,-1.0,-0.849480615470382,395.4559555451193,0.0,0.3604497873576505,362,True
pituitary,excluded_at_or_below_-1,ENSG00000293854.1,ENSG00000293854,0.22960362873097587,4.318354269985524,-0.8067206047109671,0.14699987424989297,54.831677112956406,4.533584600121955,0.0,1.1916136077862365,0.49164311521262316,-0.9305824139592832,-0.3354789309987751,-0.7660701292075647,0.11504119180715862,1.2255268706160207,1.945076251929044,-0.9305824139592832,-0.3354789309987751,4.318184489670255,0.0,2.1230056745643155,76,True
pituitary,raw,ENSG00000293854.1,ENSG00000293854,,,,,,,,,,,,,,,,,,,,,313,False
prostate,excluded_at_or_below_-1,ENSG00000293854.1,ENSG00000293854,,,,,,,,,,,,,,,,,,,,,7,False
prostate,raw,ENSG00000293854.1,ENSG00000293854,0.17948717948717946,319.1498363403246,-0.9969566393092981,0.0006932582840314677,5.743589743589743,534.2073781302779,0.0,6.2083094614545775,4.294968411779959e-09,-1.0,-0.7350841045429808,-0.9952673291239186,0.031007429016526623,6.81186539160495,46.66504669017466,-1.0,-0.7350841045429808,317.3258457447051,0.0,1.3629044837148996e-06,282,True
skin_not_sun_exposed_suprapubic,excluded_at_or_below_-1,ENSG00000293854.1,ENSG00000293854,,,,,,,,,,,,,,,,,,,,,6,False
skin_not_sun_exposed_suprapubic,raw,ENSG00000293854.1,ENSG00000293854,-0.6129120107130143,592.5656820562576,-0.9982501645279477,0.002153427059631547,3684.638839243473,95.55004889208287,0.0,1.1491640942421986,0.5167964430363233,-1.0,-0.8527558302153445,-0.9990561011303934,0.010254045776973444,11.688049641346007,143.7609885672112,-1.0,-0.8527558302153445,592.4573421912426,0.0,306.1798470951876,651,True
skin_sun_exposed_lower_leg,excluded_at_or_below_-1,ENSG00000293854.1,ENSG00000293854,0.09275732696129088,1.4822413202472184,-0.9402672100928537,0.06956825326994186,10.669012296708562,4.73878895694607,0.0,-0.7666015901579445,1.0,-0.9025564038891876,-0.7071558334798107,-0.8508448144257844,0.05722275162644062,1.4718448591150277,1.3033821231999472,-0.9025564038891876,-0.7071558334798107,1.104837771825166,0.0,1.1048377718251676,12,True
skin_sun_exposed_lower_leg,raw,ENSG00000293854.1,ENSG00000293854,-0.42756064628133245,681.5506907906628,-0.9964007088420148,0.003867447257779781,4064.7640608910256,105.76848197768928,0.0,1.316156635442903,0.42145686149665074,-1.0,-0.7071558334798107,-0.997626177417917,0.01991806902124279,9.535924784638988,101.73745088331515,-1.0,-0.7071558334798107,680.123457641406,0.0,286.6426978877973,754,True
small_intestine_terminal_ileum,excluded_at_or_below_-1,ENSG00000293854.1,ENSG00000293854,,,,,,,,,,,,,,,,,,,,,1,False
small_intestine_terminal_ileum,raw,ENSG00000293854.1,ENSG00000293854,-0.17249307974428235,195.68831952716494,-0.9986459520976406,0.0016086785861292277,170.22747329258362,99.0643263668417,0.0,1.1903638950196598,0.4924773127383385,-1.0,-0.8859595342073754,-0.9994490798753979,0.007926360301181668,14.283026792978138,202.00485436893146,-1.0,-0.8859595342073754,195.65383908459506,0.0,96.35507689932066,207,True
spleen,excluded_at_or_below_-1,ENSG00000293854.1,ENSG00000293854,,,,,,,,,,,,,,,,,,,,,5,False
spleen,raw,ENSG00000293854.1,ENSG00000293854,0.12820512820546717,276.79718794195566,-0.9977307644650605,0.0008387776993070063,4.358974359060827,317.4156319866261,0.0,3.82602407334151,0.0006643895887617569,-1.0,-0.8094698393788518,-0.9977982729683363,0.017074985679695818,8.376247431798161,74.20862098401932,-1.0,-0.8094698393788518,276.08169274064977,0.0,0.18342580230460753,277,True
stomach,excluded_at_or_below_-1,ENSG00000293854.1,ENSG00000293854,,,,,,,,,,,,,,,,,,,,,2,False
stomach,raw,ENSG00000293854.1,ENSG00000293854,0.05263157894716061,447.5766558805186,-0.9984176986693829,0.0006195896055029391,1.897506925208892,321.1099906273475,0.0,3.61160352214685,0.0014958361434357216,-1.0,-0.8577342702895875,-0.9994410853824949,0.008211125822127097,15.377711256193653,243.91957532602694,-1.0,-0.8577342702895875,440.1333528827332,0.0,0.6583673771735704,407,True
testis,excluded_at_or_below_-1,ENSG00000293854.1,ENSG00000293854,1.3168848633932373,10.962021656110299,-0.8126106347518046,0.1352132829997945,146.7884701493395,5.258484091867033,0.0,1.2863183525883621,0.43722632976505926,-0.9355958274157076,-0.309845764875698,-0.7557349589166921,0.12452814602957826,1.0276167986936109,0.9209068156858549,-0.9355958274157076,-0.309845764875698,10.961962297957312,0.0,4.7928585425588315,204,True
testis,raw,ENSG00000293854.1,ENSG00000293854,5.230769230953279,212.097406580834,-0.9917162225229713,0.0018300369604431883,990.9230770817187,526.9349580528645,0.0,6.401526695317886,1.2811447878284987e-09,-1.0,-0.309845764875698,-0.8796375159879353,0.1502382812777493,1.1393985672541178,0.6766336898515983,-1.0,-0.309845764875698,209.0943140066797,0.0,2.678800905542289e-07,414,True
thyroid,excluded_at_or_below_-1,ENSG00000293854.1,ENSG00000293854,0.1315789071795191,13.674523714214669,-0.8763622864634801,0.00428717776469258,4.342106112033349,146.62824048415553,0.0,3.876547305933548,0.0005486687517337562,-0.888114010429335,-0.431859879610005,-0.7903836501042315,0.14406524337886556,1.7360446828483966,1.8866066014181389,-0.888114010429335,-0.431859879610005,13.595524753516784,0.0,0.007459439595677436,10,True
thyroid,raw,ENSG00000293854.1,ENSG00000293854,0.256410256410341,746.8634120129559,-0.9936918636567098,0.002472419154082186,11.435897444576849,321.3655784465026,0.0,3.6082279799727597,0.001515959748466905,-1.0,-0.431859879610005,-0.996935433481056,0.030123208636311228,13.302825384442464,210.1332694566974,-1.0,-0.431859879610005,733.5782595647755,0.0,1.1120751138506058,684,True
uterus,excluded_at_or_below_-1,ENSG00000293854.1,ENSG00000293854,,,,,,,,,,-0.8730760270946705,-0.8730760270946705,,,,,,,,,,1,False
uterus,raw,ENSG00000293854.1,ENSG00000293854,0.025641024175260128,168.38809142852057,-0.9986201722475468,0.000645501537625947,0.9743589810041514,275.0516031374942,0.0,3.023030941854943,0.010634129193034777,-1.0,-0.8730760270946705,-0.9991704315496384,0.010261195033562896,12.247717295372569,148.00657894736838,-1.0,-0.8730760270946705,164.12035990984444,0.0,1.7452771104886446,153,True
vagina,excluded_at_or_below_-1,ENSG00000293854.1,ENSG00000293854,,,,,,,,,,-0.8555463386925752,-0.8555463386925752,,,,,,,,,,1,False
vagina,raw,ENSG00000293854.1,ENSG00000293854,0.025641025522376508,188.03344523183642,-0.998451153887908,0.0007856024104608066,0.9743589748613231,257.2521737288418,0.0,2.788177771074588,0.020855370080223576,-1.0,-0.8555463386925752,-0.9991502725805447,0.011079090073361083,12.923076923076957,165.005917159764,-1.0,-0.8555463386925752,184.89646351101845,0.0,3.8560841730468427,170,True
whole_blood,excluded_at_or_below_-1,ENSG00000293854.1,ENSG00000293854,,,,,,,,,,,,,,,,,,,,,2,False
whole_blood,raw,ENSG00000293854.1,ENSG00000293854,2.914525052667952,749.6576183941935,-0.9981617548044158,0.001214995887040068,2667.3730322875317,168.97606913293282,0.0,2.1396543924899216,0.1023594693286457,-1.0,-0.8529890351621272,-0.9996801500247261,0.006471921650763952,20.572199797527375,428.8311918369498,-1.0,-0.8529890351621272,742.3498187482974,0.0,75.98653350329197,803,True
adipose_subcutaneous,excluded_at_or_below_-1,ENSG00000293855.1,ENSG00000293855,1.2871048690340552,79.76908361507247,-0.9328059193306115,0.13232442330719862,4788.641664510795,10.080490232854574,0.0,0.5979679347117792,0.8363153080394959,-0.9887562822900484,0.0104003206647196,-0.8694155626311973,0.10142192983597431,2.7877531389024495,15.968441415542458,-0.9887562822900484,0.0104003206647196,79.76643124197629,0.0,66.70988751534468,595,True
adipose_subcutaneous,raw,ENSG00000293855.1,ENSG00000293855,-0.22322568057317066,540.8056571578112,-1.4416585033318623,0.3801301649243427,1040.083331137016,5.402152924823016,0.0,-1.6431199178145637,1.0,-1.0,0.0104003206647196,-0.8911796355259978,0.10460066013716122,2.4255205443570658,13.12765327665204,-1.0,0.0104003206647196,140.20935216041354,0.0,140.20935216041354,714,True
adipose_visceral_omentum,excluded_at_or_below_-1,ENSG00000293855.1,ENSG00000293855,0.2957130815020571,25.6593972048862,-0.974864634930432,0.1256068639467558,761.7566519857446,3.5421675415432476,0.0,0.11704770769220635,0.9931609052178222,-0.9852605156421854,-0.6602582923631564,-0.908055762554495,0.057168463825729744,0.9549249678567024,0.6496223228832521,-0.9852605156421854,-0.6602582923631564,25.610999912777626,0.0,25.43584385690779,396,True
adipose_visceral_omentum,raw,ENSG00000293855.1,ENSG00000293855,10.153846180271069,247.50792159138885,-0.996618648098961,0.001544908240722762,4345.076923084302,307.9052621945181,0.0,3.0952995081238637,0.008310449707058751,-1.0,-0.6602582923631564,-0.937972882404736,0.0637324829388695,0.9980550247485819,0.5081634159953521,-1.0,-0.6602582923631564,247.4589279686766,0.0,2.056494975446361,587,True
adrenal_gland,excluded_at_or_below_-1,ENSG00000293855.1,ENSG00000293855,0.8036128380270273,17.909533035151952,-0.966562784862309,0.022693518686904928,77.47416456399364,13.985510786616585,0.0,1.442128253663137,0.3535017185164595,-0.989704243369114,-0.7421409161811605,-0.948387056839261,0.03979166212454988,2.193676849180123,5.821562323706782,-0.989704243369114,-0.7421409161811605,17.909532716682516,0.0,6.331050593174026,140,True
adrenal_gland,raw,ENSG00000293855.1,ENSG00000293855,3.5897435899270236,177.20576022542076,-0.9972953364511247,0.0013074397149850736,1273.4358974360339,275.99195397651465,0.0,2.925543586167845,0.013971599985309684,-1.0,-0.7421409161811605,-0.9755057218898189,0.03761800899288552,2.4041390779226233,7.620123496654617,-1.0,-0.7421409161811605,175.67531487675674,0.0,2.454465226751405,295,True
artery_aorta,excluded_at_or_below_-1,ENSG00000293855.1,ENSG00000293855,0.32033917076843144,26.308427159501935,-0.9267389708169023,0.14359969565557498,586.3703646734539,4.7009241717919465,0.0,0.5038421736564709,0.8807947873393633,-0.9778992656411892,-0.4494056328191376,-0.8699686055090081,0.07907260336194837,1.1988917267682877,2.3304177773185772,-0.9778992656411892,-0.4494056328191376,26.30800871318793,0.0,23.171956939854475,364,True
artery_aorta,raw,ENSG00000293855.1,ENSG00000293855,0.40387498840984853,1579988865334.1003,-6.129035430709171,1.047146551428636,5447.490065038045,7.670568630986748,0.0,-6.926968778252596,1.0,-1.0,-0.4494056328191376,-0.8997215517060995,0.0883668577013082,0.9799010891676766,1.3361408029048478,-1.0,-0.4494056328191376,59.89459908275996,0.0,59.89459908275996,472,True
artery_coronary,excluded_at_or_below_-1,ENSG00000293855.1,ENSG00000293855,0.7513229858822374,15.059125068544624,-0.943773182741214,0.1243492819046038,248.23367522561057,5.455345491005736,0.0,0.4447643982335091,0.9058273359327774,-0.982880524806485,-0.4640943616657337,-0.8748297216050595,0.08925298005861251,1.5895444895701296,3.3242036898940395,-0.982880524806485,-0.4640943616657337,15.05910253956355,0.0,13.640946734951374,202,True
artery_coronary,raw,ENSG00000293855.1,ENSG00000293855,1.6631343750011347,3970309315556.898,-4.2114578647120515,0.6392167410210139,1729.7527528365783,8.290728244515476,0.0,-7.105081853787398,1.0,-1.0,-0.4640943616657337,-0.9056552379262015,0.0944249211921853,1.4492515961170906,2.8046784078230385,-1.0,-0.4640943616657337,43.322076220850306,0.0,43.32207622085,268,True
artery_tibial,excluded_at_or_below_-1,ENSG00000293855.1,ENSG00000293855,2.2582162029068815,32.67126643591341,-0.9155314673646353,0.10624676546911382,1516.2020681289619,4.6906318251732415,0.0,0.9213163259693731,0.6541519011662362,-0.9847479437247376,-0.5631345785985062,-0.8740332277059184,0.07747350137960879,1.1038074664137518,1.1636299411490665,-0.9847479437247376,-0.5631345785985062,32.6705573876283,0.0,21.371507227277682,570,True
artery_tibial,raw,ENSG00000293855.1,ENSG00000293855,-5.42549027981625,668657712504.9249,-8.833957538196305,1.630995881848335,8521.755315943476,7.1715141231347745,0.0,-6.7927142679336185,1.0,-1.0,-0.5631345785985062,-0.8960910850830297,0.08511711581568279,0.9129105148303697,0.737199366849481,-1.0,-0.5631345785985062,59.40561761348909,0.0,59.40561761348909,691,True
bladder,excluded_at_or_below_-1,ENSG00000293855.1,ENSG00000293855,0.23572491771977971,5.429005275763236,-0.9228987999174999,0.0693973079056673,35.87280959598591,8.008676372778561,0.0,1.242158970788491,0.4623388064952615,-0.9838531641359743,-0.529902582835591,-0.8899365137275804,0.07873408785882537,2.177814893052239,6.220154576850726,-0.9838531641359743,-0.529902582835591,5.428885051341954,0.0,2.5099842352374053,62,True
bladder,raw,ENSG00000293855.1,ENSG00000293855,-0.04593942694920288,16.795169865324535,-1.2193235049013782,0.26252103909267915,142.5078402569554,3.713943924414362,0.0,-1.1815063518365478,1.0,-1.0,-0.529902582835591,-0.911377452611818,0.08307051934215492,1.8207709309643083,5.051793854789217,-1.0,-0.529902582835591,8.340128232793893,0.0,8.34012823279389,77,True
brain_amygdala,excluded_at_or_below_-1,ENSG00000293855.1,ENSG00000293855,0.6369158839787823,13.146842899781518,-0.9696604796580357,0.019379959050930658,100.58017219357399,16.250358818364308,0.0,1.5190096576458154,0.3154747553465333,-0.9904765330083836,-0.7469704299781518,-0.9531953023501046,0.03803501055700778,3.0397629423336627,11.728636417236372,-0.9904765330083836,-0.7469704299781518,13.146598961600182,0.0,4.147420091049806,95,True
brain_amygdala,raw,ENSG00000293855.1,ENSG00000293855,2.421025578397882,178.2857977252241,-1.0004524347650072,0.004153595687325249,729.2628028223924,86.30538838457294,0.0,-0.1540446949891605,1.0,-1.0,-0.7469704299781518,-0.9754339984710494,0.03612243056646748,2.893623537976077,12.47482288547167,-1.0,-0.7469704299781518,176.18295706080616,0.0,176.18295706080607,181,True
brain_anterior_cingulate_cortex_ba24,excluded_at_or_below_-1,ENSG00000293855.1,ENSG00000293855,1.3190033194136284,15.03760978487563,-0.9668708472822876,0.013062197569244692,166.43227780265124,16.920122135575884,0.0,2.4808034437883912,0.046092429927833335,-0.9897844620116288,-0.8105903645383842,-0.9517404298212068,0.03315351655478242,1.7257030928295014,3.234041510901899,-0.9897844620116288,-0.8105903645383842,15.036311928479691,0.0,0.6930601539364947,130,True
brain_anterior_cingulate_cortex_ba24,raw,ENSG00000293855.1,ENSG00000293855,3.3331331027647386,158.3163750339023,-0.998398209463717,0.0011257795911515484,830.6666682754359,235.92575625019893,0.0,2.012182418563121,0.13211274609836543,-1.0,-0.8105903645383842,-0.9730740595568965,0.03446842722689712,1.7306897994587558,3.5077568859419364,-1.0,-0.8105903645383842,158.2626422467406,0.0,20.90851227200008,233,True
brain_caudate_basal_ganglia,excluded_at_or_below_-1,ENSG00000293855.1,ENSG00000293855,0.650224022603499,19.356839251356273,-0.9675599546921594,0.02964359170222627,184.57016536626332,11.584313826006392,0.0,1.174083670064456,0.501961014667398,-0.992170139366983,-0.7247390128307682,-0.9504912092515221,0.04001834792241786,2.683109914204396,9.473939190282522,-0.992170139366983,-0.7247390128307682,19.35677324803821,0.0,9.716345540272005,160,True
brain_caudate_basal_ganglia,raw,ENSG00000293855.1,ENSG00000293855,3.892739936314261,34601026189.13364,-1.0931386218644923,0.021953331202100662,1688.3062009732862,23.731966628307667,0.0,-5.99990502620856,1.0,-1.0,-0.7247390128307682,-0.9735953116008117,0.038258512773076674,2.6501979395595354,10.317908428515702,-1.0,-0.7247390128307682,527.2733029064021,0.0,527.2733029063028,300,True
brain_cerebellar_hemisphere,excluded_at_or_below_-1,ENSG00000293855.1,ENSG00000293855,0.3100863253101855,13.13761365369496,-0.934566929935649,0.11712917656456578,396.2366656110238,3.731983279634062,0.0,0.6184187813178116,0.8257858936195206,-0.9857861266362304,-0.6254734944556801,-0.8920126565162804,0.06602621754858196,1.0592125476434677,1.3817818201149379,-0.9857861266362304,-0.6254734944556801,13.125184993965027,0.0,10.838592619162931,234,True
brain_cerebellar_hemisphere,raw,ENSG00000293855.1,ENSG00000293855,-3.926877985660451,2382668108.212579,-7.7371144190081855,1.572966967666936,1138.2864657604225,6.393890814596729,0.0,-6.057163804750752,1.0,-1.0,-0.6254734944556801,-0.9087760347466053,0.0722151815424814,0.8715429864037199,0.8483412218952067,-1.0,-0.6254734944556801,22.54976047884316,0.0,22.54976047884316,277,True
brain_cerebellum,excluded_at_or_below_-1,ENSG00000293855.1,ENSG00000293855,0.6319694668989083,18.910108269324684,-0.9208222764847268,0.09510201660471605,152.65017961400946,7.834142176308471,0.0,1.0013370800111363,0.6057205440942354,-0.9881594723254592,-0.3939975173692865,-0.883901417423316,0.07910917536989547,1.8639610605558545,6.653790527770338,-0.9881594723254592,-0.3939975173692865,18.910081298444275,0.0,11.454224732959892,206,True
brain_cerebellum,raw,ENSG00000293855.1,ENSG00000293855,0.13092334564330987,1358680198204.8682,-5.59299073805741,0.9339001726343594,1181.3052591441387,7.872882925637458,0.0,-6.955207830503216,1.0,-1.0,-0.3939975173692865,-0.9100890676285832,0.08488072746268728,1.5430814492105924,4.749526505641426,-1.0,-0.3939975173692865,42.47716444855066,0.0,42.47716444855066,266,True
brain_cortex,excluded_at_or_below_-1,ENSG00000293855.1,ENSG00000293855,1.6684651659839083,10.626465032804182,-0.9672159040275127,0.011928685700758244,170.4286520198438,16.036871199810783,0.0,2.442439628784567,0.05065376121977954,-0.9878175270426096,-0.8319472280256511,-0.9471916118307603,0.030978061960018562,1.3835813332313218,1.8742358581787313,-0.9878175270426096,-0.8319472280256511,10.626317558551797,0.0,0.5382629522564335,124,True
brain_cortex,raw,ENSG00000293855.1,ENSG00000293855,3.200028288328536,135.92988908387957,-0.9979146097267724,0.0018658778184419056,591.0281678114056,125.79243924410571,0.0,1.5805896710333167,0.2879721356963665,-1.0,-0.8319472280256511,-0.9757472587667194,0.03367375694869301,1.5562373292240934,2.3211881177051863,-1.0,-0.8319472280256511,135.35472593594918,0.0,38.97838950437165,270,True
brain_frontal_cortex_ba9,excluded_at_or_below_-1,ENSG00000293855.1,ENSG00000293855,1.6706066405267144,9.537739754037302,-0.9625997618147245,0.01611572881169911,203.57660477960485,10.867969250982016,0.0,2.483143228294757,0.04582346107459812,-0.9908965225957866,-0.8387533712534492,-0.9436527364117201,0.03353483844442187,1.1835059840344353,0.8898458412283508,-0.9908965225957866,-0.8387533712534492,9.537347974314473,0.0,0.4370342936558964,138,True
brain_frontal_cortex_ba9,raw,ENSG00000293855.1,ENSG00000293855,3.5249197372314853,176.70245487040498,-0.9984501460363312,0.0008150058935784224,601.699459527224,277.1088485919788,0.0,2.6893357611128406,0.027056093597861174,-1.0,-0.8387533712534492,-0.9710932253710682,0.037027788598945295,1.3595295492574728,1.3903778202107349,-1.0,-0.8387533712534492,175.57159027442486,0.0,4.75028137959017,269,True
brain_hippocampus,excluded_at_or_below_-1,ENSG00000293855.1,ENSG00000293855,0.2987949108966372,14.628442437624892,-0.9676953307324662,0.029593329166492235,107.49065988164097,9.708025837757694,0.0,0.9447891194865249,0.6399848485653259,-0.9874656512482504,-0.7645486407152324,-0.9544290215085458,0.03189442343082519,2.8889016977905224,11.405362849929135,-0.9874656512482504,-0.7645486407152324,14.628406405990976,0.0,9.361958458490179,126,True
brain_hippocampus,raw,ENSG00000293855.1,ENSG00000293855,3.2307692466346922,151.2857428344867,-0.9970611306607488,9.941194981958888e-06,1126.9230769230767,33076.739496491944,,418.0773926227334,,-1.0,-0.7645486407152324,-0.9774825753336345,0.031965100275177544,2.480176393965956,9.867845360340185,-1.0,-0.7645486407152324,0.0,0.0,0.0,255,True
brain_hypothalamus,excluded_at_or_below_-1,ENSG00000293855.1,ENSG00000293855,0.4321098110949512,14.644782814866268,-1.006935988115159,0.11656234593161784,213.32335284016003,3.6433507260009153,0.0,-0.22289568054065548,1.0,-0.9885644747079152,-0.7066436426212384,-0.9220687361133663,0.05513951342624716,1.3027838195454904,1.7929934255971878,-0.9885644747079152,-0.7066436426212384,14.26627099211016,0.0,14.26627099211016,194,True
brain_hypothalamus,raw,ENSG00000293855.1,ENSG00000293855,4.974357094264027,17321.115119217462,-1.0050887220450286,0.0036677363299961745,1198.9745071641337,115.07508745730367,0.0,-1.962120251766872,1.0,-1.0,-0.7066436426212384,-0.9411725089727354,0.0584839111287254,1.2561207014305837,1.6207343567177466,-1.0,-0.7066436426212384,2526.837051117138,0.0,2526.8370511169405,257,True
brain_nucleus_accumbens_basal_ganglia,excluded_at_or_below_-1,ENSG00000293855.1,ENSG00000293855,1.654980668416932,9.213282544727022,-0.9691375934179489,0.01682473732354919,112.66287432946615,8.565597152588921,0.0,1.884404501048798,0.16940040144757054,-0.9915561386681148,-0.8672336618294116,-0.9526271536417038,0.028500064390475182,1.0848387532898438,0.36821193425152243,-0.9915561386681148,-0.8672336618294116,9.213282223737531,0.0,1.560733707350903,152,True
brain_nucleus_accumbens_basal_ganglia,raw,ENSG00000293855.1,ENSG00000293855,3.8974358875117403,148.0799889902307,-0.9983383899815235,5.483640049288675e-06,535.589743804712,33811.49801544783,,428.5240100340259,,-1.0,-0.8672336618294116,-0.974734481942242,0.031502176226495156,1.287529765637073,1.0103729081984545,-1.0,-0.8672336618294116,0.0,0.0,0.0,285,True
brain_putamen_basal_ganglia,excluded_at_or_below_-1,ENSG00000293855.1,ENSG00000293855,0.7425219128579646,12.197630454552838,-0.975569439313891,0.028805827740131004,221.24127020750018,9.501709233243231,0.0,0.7124419041679951,0.7758626817669756,-0.9900810232163086,-0.7820310610294035,-0.9515327703794241,0.038815915984371584,1.9912747381548823,4.2118641537209545,-0.9900810232163086,-0.7820310610294035,12.197545041385714,0.0,9.463620006782996,121,True
brain_putamen_basal_ganglia,raw,ENSG00000293855.1,ENSG00000293855,3.1025642054719236,160.29431432307828,-0.9973816489197487,0.0002317328216926217,811.5897435897441,1314.236454875232,0.0,15.979210807079886,0.0,-1.0,-0.7820310610294035,-0.9769112803775996,0.036095733201107684,2.35984258281538,6.695802544941445,-1.0,-0.7820310610294035,145.8796104854675,0.0,0.0,254,True
brain_spinal_cord_cervical_c-1,excluded_at_or_below_-1,ENSG00000293855.1,ENSG00000293855,0.23626182191315778,8.451617823799683,-0.9712320732429585,0.1374176276336399,126.73503372205559,3.3269523115804827,0.0,0.17235051860611264,0.9852031314065931,-0.9879791898160288,-0.6479556558251545,-0.8980722807147496,0.06962176415006333,1.1619857298097402,1.4323265775800254,-0.9879791898160288,-0.6479556558251545,8.418207113227004,0.0,8.2936440087805,147,True
brain_spinal_cord_cervical_c-1,raw,ENSG00000293855.1,ENSG00000293855,3.702756742416545,25165639321.335003,-1.114762003200765,0.026663587914770342,505.39772833183565,24.759003535857072,0.0,-6.086877050845863,1.0,-1.0,-0.6479556558251545,-0.9265520846326873,0.07475455143108138,1.1623967705231726,1.2484023892390335,-1.0,-0.6479556558251545,226.7185240648417,0.0,226.718524064828,204,True
brain_substantia_nigra,excluded_at_or_below_-1,ENSG00000293855.1,ENSG00000293855,0.36386397367015766,10.585414019742544,-0.9665175744662698,0.0499297311490115,95.56560921218345,6.7003000828173205,0.0,0.5968594253178948,0.8368415073987795,-0.9875900853180742,-0.7299591149423825,-0.9402665127095347,0.042018062792044335,2.164245600841052,6.488348799367939,-0.9875900853180742,-0.7299591149423825,10.585413991808258,0.0,8.858313801344954,120,True
brain_substantia_nigra,raw,ENSG00000293855.1,ENSG00000293855,3.076922874884252,251.89061291057703,-0.9982073877980441,0.0013209510469173878,684.7692308416401,287.1872855855803,0.0,1.9191751988069221,0.15857120769610444,-1.0,-0.7299591149423825,-0.9608305001373998,0.04432024047659509,1.8507946889196025,5.244629083187695,-1.0,-0.7299591149423825,251.8741913823875,0.0,39.93999471498498,183,True
breast_mammary_tissue,excluded_at_or_below_-1,ENSG00000293855.1,ENSG00000293855,1.7655183466923339,33.32275253838189,-0.9466248060796518,0.06471568615764256,1010.6304800944049,9.400152246080939,0.0,0.8917020811077497,0.6719544164117004,-0.987429896316696,-0.516465374168517,-0.9085175357353988,0.06317718688335854,1.8191299849603857,6.013289459297031,-0.987429896316696,-0.516465374168517,33.32270164639585,0.0,22.39133653806513,335,True
breast_mammary_tissue,raw,ENSG00000293855.1,ENSG00000293855,8.35386123299879,56964792787.769104,-1.1603122309110314,0.037550722655521375,6088.4243231892,24.248187318511373,0.0,-6.03758636680545,1.0,-1.0,-0.516465374168517,-0.9403762149248223,0.06709619276330578,1.6361592145271653,4.520338203013215,-1.0,-0.516465374168517,691.9229982607444,0.0,691.9229982606903,514,True
cells_cultured_fibroblasts,excluded_at_or_below_-1,ENSG00000293855.1,ENSG00000293855,1.1070496379372228,95.95815309525628,-0.956442770654273,0.06634441646763033,921.5584461875272,21.918791527169333,0.0,0.5807591269059459,0.8449393794313631,-0.9836876835924367,0.0718244389357081,-0.9138987399728691,0.08192547025847789,5.952607133553567,60.3779143586502,-0.9836876835924367,0.0718244389357081,95.94374248860801,0.0,81.06664623864695,353,True
cells_cultured_fibroblasts,raw,ENSG00000293855.1,ENSG00000293855,1.7816412249441795,755663884353.5131,-2.5110841775258037,0.32799896429885744,1746.2456739044326,11.136572957108333,0.0,-6.515251480481063,1.0,-1.0,0.0718244389357081,-0.9533838270098509,0.07397686316516207,5.398906689659861,59.064815268777174,-1.0,0.0718244389357081,457.8820370401327,0.0,457.88203704012614,652,True
cells_ebv-transformed_lymphocytes,excluded_at_or_below_-1,ENSG00000293855.1,ENSG00000293855,0.752201483693832,23.557417454102094,-0.7850009304658393,0.5991413884610874,342.88936698883765,4.9449580403290385,0.0,0.4301381266657736,0.9116403621993994,-0.9672319324144638,1.309964854753336,-0.4889315744957874,0.3980907780213778,1.6086172932432232,3.528147306824196,-0.9672319324144638,1.309964854753336,23.557297961479122,0.0,21.475783646042,323,True
cells_ebv-transformed_lymphocytes,raw,ENSG00000293855.1,ENSG00000293855,0.8622175521470735,22.888050256585714,-0.7279202712041067,0.5489472425601284,216.3463818107061,5.250057856646837,0.0,0.7009395670072965,0.7821970555339371,-1.0,1.309964854753336,-0.49518317603100714,0.39962153071843115,1.5919643853134955,3.4807949969569973,-1.0,1.309964854753336,22.88780123795477,0.0,17.902770735974222,327,True
cervix_ectocervix,excluded_at_or_below_-1,ENSG00000293855.1,ENSG00000293855,0.16033177105199842,0.6506146394799455,-0.9018997061649202,0.16507768128458036,17.68191703251274,2.911140334915707,0.0,0.6612159684040948,0.8007626227790968,-0.9790818247618638,-0.5620894333971358,-0.824189059337885,0.11225089912762684,0.7829819996157724,-0.03476513221333288,-0.9790818247618638,-0.5620894333971358,0.6412159601133939,0.0,0.5134617739882181,20,True
cervix_ectocervix,raw,ENSG00000293855.1,ENSG00000293855,0.5000001867884724,6.140116992538024,-0.9910082626038929,0.00469145234651636,19.500001752852594,129.29531851086654,0.0,2.7105118065016,0.025444391311462575,-1.0,-0.5620894333971358,-0.8534908827815707,0.12201864533202629,0.7206545923571857,-0.13620259115009947,-1.0,-0.5620894333971358,6.12676335999745,0.0,0.15589176440450636,24,True
cervix_endocervix,excluded_at_or_below_-1,ENSG00000293855.1,ENSG00000293855,0.23076884863785646,0.8582022610776979,-0.9770726581137607,0.09296177981879757,19.007558731858804,3.791002529795462,0.0,-0.24695805299387458,1.0,-0.9608391409437148,-0.7278752583405742,-0.8776159312247404,0.07083677902041025,0.8046317096287313,-0.5467734756048301,-0.9608391409437148,-0.7278752583405742,0.8317772617620023,0.0,0.8317772617620018,19,True
cervix_endocervix,raw,ENSG00000293855.1,ENSG00000293855,0.2735968867306466,846186741244.4413,-5.456896054301099,0.8513363634536856,30.78561510108326,7.85570267345407,0.0,-7.403657492685786,1.0,-1.0,-0.7278752583405742,-0.8989001170986985,0.07971920802086023,0.6263552804120613,-0.473566955843884,-1.0,-0.7278752583405742,1.0249452592800963,0.0,1.0249452592800963,23,True
colon_sigmoid,excluded_at_or_below_-1,ENSG00000293855.1,ENSG00000293855,1.4595617994251218,22.998444735789253,-0.9227471000864289,0.09853258972732272,477.49867621173007,5.633569973517041,0.0,0.8910094870409544,0.6723698905990055,-0.984826459644004,-0.5302390279892699,-0.8788615433966769,0.07941174801042339,1.3146125140302427,1.8969041017280661,-0.984826459644004,-0.5302390279892699,22.99838755186224,0.0,15.463423322199144,346,True
colon_sigmoid,raw,ENSG00000293855.1,ENSG00000293855,-1.983932584800508,481984597165.9168,-7.5928532568787075,1.3707266466245294,2807.1193464760304,7.286678823163328,0.0,-6.802014474274283,1.0,-1.0,-0.5302390279892699,-0.8999668114922439,0.08556387827350632,1.1269367142728162,1.444133614315934,-1.0,-0.5302390279892699,41.8469718492499,0.0,41.8469718492499,419,True
colon_transverse,excluded_at_or_below_-1,ENSG00000293855.1,ENSG00000293855,1.0647892982392686,33.957487859536634,-0.939332780003468,0.09868017511395256,943.9583259810591,7.1068345641779604,0.0,0.6858503148403122,0.7904217176658385,-0.987189646159406,-0.4434361927000892,-0.8933716243997171,0.07627387392732227,1.8332676234675735,5.125896179158854,-0.987189646159406,-0.4434361927000892,33.957261327347354,0.0,26.840556825589644,372,True
colon_transverse,raw,ENSG00000293855.1,ENSG00000293855,0.24561618294616142,1291285481798.254,-5.096823438964542,0.8442774763375824,3900.680880767101,7.794692549644458,0.0,-6.862416009443569,1.0,-1.0,-0.4434361927000892,-0.9171904890953961,0.08057275870286323,1.601059537650893,4.111919799264975,-1.0,-0.4434361927000892,76.6464714618307,0.0,76.6464714618307,479,True
esophagus_gastroesophageal_junction,excluded_at_or_below_-1,ENSG00000293855.1,ENSG00000293855,0.9839160745754085,16.63868653262192,-0.9491278515334343,0.06089706831773111,302.3499512546423,5.557673753130113,0.0,0.8178917060870198,0.7157158116345649,-0.9843468654272828,-0.7098103628338475,-0.9213079914927848,0.04850814628064956,1.4231973567171456,2.35204146899443,-0.9843468654272828,-0.7098103628338475,16.638660015401566,0.0,11.908552057434713,247,True
esophagus_gastroesophageal_junction,raw,ENSG00000293855.1,ENSG00000293855,6.333333300169042,179.22793995788297,-0.996958111379612,0.0013790518574037878,1978.6666667384711,294.4691588051111,0.0,3.1194476981308967,0.0077825371227678445,-1.0,-0.7098103628338475,-0.9517694141407391,0.053969871911876056,1.3032734201800775,1.8202036535417863,-1.0,-0.7098103628338475,177.51485903278635,0.0,1.3815159802655588,403,True
esophagus_mucosa,excluded_at_or_below_-1,ENSG00000293855.1,ENSG00000293855,1.0006391648743382,35.166059005731384,-0.9487872548905197,0.06935917471494125,846.9024061047492,7.425090821662751,0.0,0.7756381122399764,0.7402287300829865,-0.9868279163392372,-0.5846285554718618,-0.9191730384738336,0.05273709518679891,1.7892999047956524,5.55821761694342,-0.9868279163392372,-0.5846285554718618,35.16566533290939,0.0,26.03063579190282,376,True
esophagus_mucosa,raw,ENSG00000293855.1,ENSG00000293855,9.510620245555915,9828998230.224176,-1.0953366971445497,0.0239781984161115,7525.3718402909435,30.121127860989713,0.0,-5.622876571205837,1.0,-1.0,-0.5846285554718618,-0.9505033590654094,0.057049651670959205,1.5740707741385804,3.9427743751352633,-1.0,-0.5846285554718618,1339.7420694960063,0.0,1339.742069496106,614,True
esophagus_muscularis,excluded_at_or_below_-1,ENSG00000293855.1,ENSG00000293855,1.5924172349701533,28.875297980859376,-0.9476863451212382,0.03370191798329763,401.3531151712283,9.479437361403278,0.0,1.5058544495970017,0.32180910151851705,-0.98357214377667,-0.7217832502974755,-0.9303784286962937,0.0407438720820433,1.8058198046061518,4.192101181597317,-0.98357214377667,-0.7217832502974755,28.875238786144507,0.0,9.2923146499018,310,True
esophagus_muscularis,raw,ENSG00000293855.1,ENSG00000293855,7.948304094406508,321.61445361482447,-0.9959112110211588,0.0011546683719141815,4385.897442577571,335.74616687424543,0.0,5.00786283595295,3.6054093059654723e-06,-1.0,-0.7217832502974755,-0.9615281869801269,0.04600572534423121,1.4811655276095042,2.8413772352866644,-1.0,-0.7217832502974755,319.6042918216904,0.0,0.0011523042879604262,561,True
fallopian_tube,excluded_at_or_below_-1,ENSG00000293855.1,ENSG00000293855,-0.21320116277781342,835.2817113112773,-3.1449792628413396,0.8602503908956658,15.710773050918608,3.9643374279161954,0.0,-3.5637021090176653,1.0,-0.9772188807574252,-0.7335168693647873,-0.8957453497543374,0.06357551904007622,0.7902928255588372,0.08042074242826391,-0.9772188807574252,-0.7335168693647873,1.1360825338712686,0.0,1.1360825338712675,22,True
fallopian_tube,raw,ENSG00000293855.1,ENSG00000293855,0.5641025641025642,9.987712779974542,-0.9971965194379178,0.0007958090461680346,19.58974358974359,468.5789123041402,0.0,4.981999453056072,4.19456108270038e-06,-1.0,-0.7335168693647873,-0.9209102653308767,0.07136352795650762,0.7462558252962769,-0.10001846976721573,-1.0,-0.7335168693647873,9.707688423816561,0.0,4.0719492065521834e-05,29,True
heart_atrial_appendage,excluded_at_or_below_-1,ENSG00000293855.1,ENSG00000293855,1.1224222737626817,27.237344134877066,-0.9696587193704884,0.019650555638629618,156.41772586616963,12.524420913657924,0.0,1.5160645321630233,0.31689097169548097,-0.9907244984251252,-0.7956313754434029,-0.9586652720491786,0.026730049298696323,2.6302438697855686,10.7265040565941,-0.9907244984251252,-0.7956313754434029,27.236572492587545,0.0,8.631023922830474,227,True
heart_atrial_appendage,raw,ENSG00000293855.1,ENSG00000293855,5.819994953037723,257.72363361675974,-0.9978100590530644,0.0010450965856116756,3167.743600205904,273.586040103821,0.0,2.963404751858478,0.01262340456944576,-1.0,-0.7956313754434029,-0.9796464571695521,0.027910653235960814,2.163532267120667,7.906808549862209,-1.0,-0.7956313754434029,252.9537445464225,0.0,3.1931374547657168,461,True
heart_left_ventricle,excluded_at_or_below_-1,ENSG00000293855.1,ENSG00000293855,0.6725657999532054,15.95492436101845,-0.9754792279734291,0.015753552387172663,99.69001958331545,13.086477194639636,0.0,1.452126293538262,0.348426934315081,-0.991655107095716,-0.8297031517608977,-0.9660369862504028,0.022290138798928674,2.774512018745676,11.72793818375646,-0.991655107095716,-0.8297031517608977,15.954786227115147,0.0,5.559077252766208,129,True
heart_left_ventricle,raw,ENSG00000293855.1,ENSG00000293855,3.3076923412774213,340.36496189285015,-0.9980763882578843,0.0008193508496498241,1098.3076923078982,290.61508228917734,0.0,3.3201867253848607,0.004065443768514541,-1.0,-0.8297031517608977,-0.9903070159873938,0.019410913647056233,3.0648982772657862,14.445171398683815,-1.0,-0.8297031517608977,338.13015229486626,0.0,1.3746491205940061,452,True
kidney_cortex,excluded_at_or_below_-1,ENSG00000293855.1,ENSG00000293855,0.171522019550635,8.578554825803346,-0.9651200755157616,0.04117794334671949,68.22008048001965,12.062597131013254,0.0,0.8243974509074595,0.7119183446757603,-0.9891242234265504,-0.6138909864369773,-0.9401437343826294,0.057617041933391656,3.568964664308703,15.97500293627752,-0.9891242234265504,-0.6138909864369773,8.578353061078941,0.0,6.107086911287561,60,True
kidney_cortex,raw,ENSG00000293855.1,ENSG00000293855,1.3526891012432032,105528683106.01591,-1.2215561616887347,0.048670515792562735,330.7476428627692,17.656856892282573,0.0,-6.437731829737754,1.0,-1.0,-0.6138909864369773,-0.9654675390669015,0.052769050811522486,3.584004023262104,18.516309044373603,-1.0,-0.6138909864369773,105.64168892818365,0.0,105.64168892818027,104,True
kidney_medulla,excluded_at_or_below_-1,ENSG00000293855.1,ENSG00000293855,,,,,,,,,,,,,,,,,,,,,9,False
kidney_medulla,raw,ENSG00000293855.1,ENSG00000293855,,,,,,,,,,,,,,,,,,,,,11,False
liver,excluded_at_or_below_-1,ENSG00000293855.1,ENSG00000293855,0.5212933750062897,9.621223434536821,-0.9685891571123391,0.020463897127075928,74.05770096482115,13.136954685057438,0.0,1.683586841746315,0.24238408130509614,-0.992950928806978,-0.7784953152834128,-0.9520196676229491,0.037548638055240856,2.1354490749410457,5.404818843136068,-0.992950928806978,-0.7784953152834128,9.62121738544806,0.0,2.3320299370084467,83,True
liver,raw,ENSG00000293855.1,ENSG00000293855,2.128205155033663,178.7239962390481,-0.997315804687249,0.000828996180192912,406.3589743596524,373.29352201358824,0.0,4.579062613373494,2.835827087549142e-05,-1.0,-0.7784953152834128,-0.9848001237126136,0.03071034145414775,3.0322491685150403,11.755266991222134,-1.0,-0.7784953152834128,176.35999206688282,0.0,0.005001264426632179,262,True
lung,excluded_at_or_below_-1,ENSG00000293855.1,ENSG00000293855,1.4438978004284166,40.76683420780033,-0.9475097518562722,0.14145516368259498,1319.4347056955457,5.964279786956265,0.0,0.36078015629750154,0.9369928663938859,-0.983596392106602,-0.3509391942263677,-0.8666303495527201,0.09948936352563063,1.8322399821548991,4.850486984954062,-0.983596392106602,-0.3509391942263677,40.76677017528475,0.0,38.19817284016084,472,True
lung,raw,ENSG00000293855.1,ENSG00000293855,1.2022320246329976,4110110032746.7344,-5.769417060618506,0.963680805347187,5197.761010967924,7.951683631707774,0.0,-6.999178830079829,1.0,-1.0,-0.3509391942263677,-0.895777359253119,0.10379881487014998,1.6604687629837374,4.157032623793689,-1.0,-0.3509391942263677,94.57659026282494,0.0,94.57659026282494,604,True
minor_salivary_gland,excluded_at_or_below_-1,ENSG00000293855.1,ENSG00000293855,0.5896038269564498,18.079357827329858,-0.9423631837977464,0.04840487882162654,109.31370535512866,15.951450027905986,0.0,1.32713199811257,0.41451768314078546,-0.9877874855143456,-0.3963862350727141,-0.9140617126725513,0.06818725505128029,4.006939943284322,26.221263217083457,-0.9877874855143456,-0.3963862350727141,18.079357352431796,0.0,7.4942133224043515,119,True
minor_salivary_gland,raw,ENSG00000293855.1,ENSG00000293855,1.0559762928121927,1419688459172.6404,-2.6667077716158794,0.3412117977979666,971.4633256376967,9.409755256552277,0.0,-6.907969625738019,1.0,-1.0,-0.3963862350727141,-0.9434991370609593,0.06870579892498956,3.2563389946583445,20.83301582563398,-1.0,-0.3963862350727141,61.64772900914476,0.0,61.647729009144115,181,True
muscle_skeletal,excluded_at_or_below_-1,ENSG00000293855.1,ENSG00000293855,0.910030921220862,21.796237501031968,-0.9664618448405294,0.021937823690345856,135.3189667821477,9.678893844831569,0.0,1.6982618177961792,0.2364506117082164,-0.992805934113964,-0.81631912783166,-0.957287312974725,0.026482466318624484,2.065991331173768,6.281868372998975,-0.992805934113964,-0.81631912783166,21.79556884527646,0.0,5.1535755859941625,220,True
muscle_skeletal,raw,ENSG00000293855.1,ENSG00000293855,5.64149942017156,602.2075181540658,-0.9978204347842636,0.0009068008685336207,2388.9743677395513,283.0628187375819,0.0,3.3991704189207,0.0031015544216240407,-1.0,-0.81631912783166,-0.9885124802621511,0.023390822441877217,2.7334529805656786,9.938490025100128,-1.0,-0.81631912783166,601.4083765353896,0.0,1.8653008094450731,818,True
nerve_tibial,excluded_at_or_below_-1,ENSG00000293855.1,ENSG00000293855,1.1497646665335999,52.046914793593636,-0.9152268757578516,0.14949253470473006,1197.311032875848,6.905702373825044,0.0,0.6322436157502118,0.818844240295221,-0.9820595686297698,-0.1852445171901261,-0.8521005234707325,0.09621889128244777,1.4237793554517761,4.00314490124918,-0.9820595686297698,-0.1852445171901261,52.04667543681108,0.0,42.61812040794751,556,True
nerve_tibial,raw,ENSG00000293855.1,ENSG00000293855,-0.9585988479580347,247.86024783737878,-1.4386158578212755,0.43286720705610077,3638.9833517184325,4.0948695574913225,0.0,-1.4329948877886818,1.0,-1.0,-0.1852445171901261,-0.8772655090294437,0.10379640789429745,1.1895683309624947,2.790144661404696,-1.0,-0.1852445171901261,88.72038980665651,0.0,88.72038980665651,670,True
ovary,excluded_at_or_below_-1,ENSG00000293855.1,ENSG00000293855,1.3109812724128305,11.34993912196762,-0.9405907457994763,0.03587374250835243,96.64219962540253,13.763084154427535,0.0,1.3276837686229999,0.4142260159242868,-0.974269524532285,-0.591468555054665,-0.8891909299460266,0.07853726168088998,1.4745983823866937,1.7791376090199353,-0.974269524532285,-0.591468555054665,11.349614827137621,0.0,4.70130573212043,121,True
ovary,raw,ENSG00000293855.1,ENSG00000293855,3.102564102576433,69.63140669206481,-0.9950856451017025,0.0018679786213307544,609.589743590121,305.57135731213174,0.0,3.720571139372127,0.0009920948718782896,-1.0,-0.591468555054665,-0.9305290286190113,0.08210857793577632,1.5240746785989647,2.226385723222716,-1.0,-0.591468555054665,69.24027679030537,0.0,0.06869292353109469,193,True
pancreas,excluded_at_or_below_-1,ENSG00000293855.1,ENSG00000293855,0.3727257392391649,14.164821680839797,-0.9689185145729156,0.027004180159935,61.43359592104157,9.43964508080159,0.0,1.0747503423446163,0.5612795784596747,-0.9894406992300367,-0.7886700123735282,-0.9582237833916208,0.02627233223696581,2.6694219356765094,12.419070431353394,-0.9894406992300367,-0.7886700123735282,14.164708236478823,0.0,7.950361467975116,131,True
pancreas,raw,ENSG00000293855.1,ENSG00000293855,3.360272138868222,233.06405120909088,-0.9973942362238528,0.0002336879413554777,1024.9744246594325,1263.1401793895252,0.0,15.769348008263092,0.0,-1.0,-0.7886700123735282,-0.9848820873599512,0.025547906818981284,2.5166982165177,10.542870775387511,-1.0,-0.7886700123735282,165.996600853626,0.0,0.0,362,True
pituitary,excluded_at_or_below_-1,ENSG00000293855.1,ENSG00000293855,0.5812183243599758,17.467201685640994,-0.9349652173566135,0.09273771544188408,175.75586890187296,4.977869387881669,0.0,0.7544652930818405,0.7523082704887082,-0.9844396316333328,-0.6085391052879414,-0.9001777240707893,0.06226148343692074,1.3731798644765436,2.762940957564598,-0.9844396316333328,-0.6085391052879414,17.46710795242105,0.0,13.14064977412544,260,True
pituitary,raw,ENSG00000293855.1,ENSG00000293855,-1.550934383728177,137.5245983217521,-1.4626625746957413,0.3755891492812524,1529.954417417819,3.2160486975973597,0.0,-1.7420729251345066,1.0,-1.0,-0.6085391052879414,-0.9170805375667899,0.06800036793220592,1.098800757981446,1.8698673163911037,-1.0,-0.6085391052879414,29.37568879838285,0.0,29.375688798382882,313,True
prostate,excluded_at_or_below_-1,ENSG00000293855.1,ENSG00000293855,3.0713921324467996,18.87832275180753,-0.9439189381025983,0.017033041930972607,294.4290454022396,21.573509635313545,0.0,3.954847893774076,0.00040147170867329575,-0.9915518358470063,-0.6840837166103624,-0.9008600234849728,0.06398161322880863,1.1393749044966646,0.7772209348554755,-0.9915518358470063,-0.6840837166103624,18.877615954820463,0.0,0.007578828733060039,197,True
prostate,raw,ENSG00000293855.1,ENSG00000293855,5.051282051282051,145.79260381721915,-0.9962804979327786,0.00029602337476516776,1115.8974358974358,1491.4799300076759,0.0,17.76944227094662,0.0,-1.0,-0.6840837166103624,-0.9307426405196442,0.07023041597815621,1.1042182597218908,0.7770660444066477,-1.0,-0.6840837166103624,144.52535238304696,0.0,0.0,282,True
skin_not_sun_exposed_suprapubic,excluded_at_or_below_-1,ENSG00000293855.1,ENSG00000293855,0.10273393138567039,126.34686405614485,-0.9576105809666603,0.18541281045112865,569.4736121323475,13.28683967212551,0.0,0.2288832040388459,0.9741514493975936,-0.9876186923686536,0.7843825317909543,-0.8659851702709278,0.10938513037423546,6.605943264861606,91.53827583913393,-0.9876186923686536,0.7843825317909543,126.34619880211821,0.0,123.08033268895994,558,True
skin_not_sun_exposed_suprapubic,raw,ENSG00000293855.1,ENSG00000293855,0.12156801451487306,155.5724035735289,-0.9854361459608694,0.1925860520056386,211.08935381457178,12.996276474604539,0.0,0.10694647762942712,0.994300480549145,-1.0,0.7843825317909543,-0.8851301459465095,0.1116052866389602,5.601111892228741,75.7028919281731,-1.0,0.7843825317909543,155.5719445039357,0.0,154.68525918022817,651,True
skin_sun_exposed_lower_leg,excluded_at_or_below_-1,ENSG00000293855.1,ENSG00000293855,1.739156092178293,67.89178271123089,-0.9325104292197567,0.13386537851785196,4171.276851889162,8.226631914080377,0.0,0.5616511095697354,0.8540910684897741,-0.9856747039643436,-0.1538011703031192,-0.8659919862412736,0.09614488485416589,1.7402090409064894,5.724205143594938,-0.9856747039643436,-0.1538011703031192,67.89120351957766,0.0,57.9852705550928,622,True
skin_sun_exposed_lower_leg,raw,ENSG00000293855.1,ENSG00000293855,-0.5643457847279724,2331.893895529098,-1.8766398858559277,0.5123545210223672,4412.044467820919,4.755421836533104,0.0,-2.4197229945796317,1.0,-1.0,-0.1538011703031192,-0.8894522751221117,0.10109565141542749,1.5348912053559443,4.525213400400688,-1.0,-0.1538011703031192,124.79555124597495,0.0,124.79555124597479,754,True
small_intestine_terminal_ileum,excluded_at_or_below_-1,ENSG00000293855.1,ENSG00000293855,1.2638275356081035,12.346147076191391,-0.9523719374827451,0.17672240385348198,244.72046615344811,5.457700263583233,0.0,0.27608716441158676,0.9626061467813378,-0.9868722340900232,-0.2703689248162896,-0.8135522322527139,0.14949414367802802,1.3031640027199334,1.3357043636019226,-0.9868722340900232,-0.2703689248162896,12.346128825714912,0.0,11.884459496587434,182,True
small_intestine_terminal_ileum,raw,ENSG00000293855.1,ENSG00000293855,0.22241874098770376,724891983547.0304,-9.229835258171594,1.6722135486342176,226.0523488211194,7.577141574175706,0.0,-6.960082728493924,1.0,-1.0,-0.2703689248162896,-0.8360700785990044,0.15279257332959414,1.2974629093527155,1.3944210777147896,-1.0,-0.2703689248162896,21.68397668115587,0.0,21.68397668115587,207,True
spleen,excluded_at_or_below_-1,ENSG00000293855.1,ENSG00000293855,0.1630088293144365,31.716880842645125,-0.7647339106576322,0.27121301919011453,247.24016154733837,9.33623705236036,0.0,1.073804467156668,0.5618495396903966,-0.9706644428671376,1.0257375614136084,-0.7012222852968559,0.19424157155879518,2.946017374835501,21.867499206199536,-0.9706644428671376,1.0257375614136084,31.716664250729185,0.0,17.81999320978705,269,True
spleen,raw,ENSG00000293855.1,ENSG00000293855,0.23474599860007417,32.34825028022332,-0.7628066182757887,0.2626632496150448,208.36208223343993,9.62975764415933,0.0,1.2770804359998482,0.4424339391323727,-1.0,1.0257375614136084,-0.7098512445662607,0.19786087076068418,2.737522648889888,20.043602698398157,-1.0,1.0257375614136084,32.348149863924284,0.0,14.311919367940348,277,True
stomach,excluded_at_or_below_-1,ENSG00000293855.1,ENSG00000293855,1.1550727873413726,44.32548714598965,-0.9312833613533398,0.1156960126006975,959.663979654197,10.57918940479581,0.0,0.6578014863668797,0.8054528135899404,-0.9850977293387192,-0.0658058526886929,-0.8637486538259252,0.11577180164245394,2.525001446251683,9.482582687583928,-0.9850977293387192,-0.0658058526886929,44.32545437266552,0.0,35.70206193811597,341,True
stomach,raw,ENSG00000293855.1,ENSG00000293855,0.42624561224030544,96.32993516609719,-1.1474734767541472,0.25651822106261746,349.5774859464344,5.963354250612232,0.0,-0.8130377251646311,1.0,-1.0,-0.0658058526886929,-0.8858434667190185,0.1172721581668827,2.351286416180865,8.78022342103338,-1.0,-0.0658058526886929,69.21820638505402,0.0,69.21820638505402,407,True
testis,excluded_at_or_below_-1,ENSG00000293855.1,ENSG00000293855,1.3467768370369724,19.231768672138827,-0.8521492184138423,0.11974441362034564,400.60321158543195,3.951508147035487,0.0,1.5598569874149204,0.2959588399183013,-0.9842255647728524,-0.5175667772804204,-0.8289601833224576,0.09099022608396011,0.7568409314413743,0.4698895266327474,-0.9842255647728524,-0.5175667772804204,19.223767262340488,0.0,5.6894438578217095,383,True
testis,raw,ENSG00000293855.1,ENSG00000293855,0.9806579357949906,19.311501832065566,-0.8653064149604988,0.14615854303698725,904.3883592562861,3.3646894773535228,0.0,1.3032799230853842,0.42572933072028596,-1.0,-0.5175667772804204,-0.8417675125905826,0.0984338403143597,0.5516189065218083,0.21409971902537261,-1.0,-0.5175667772804204,19.2442539813573,0.0,8.192843367694442,414,True
thyroid,excluded_at_or_below_-1,ENSG00000293855.1,ENSG00000293855,2.0313179330702376,35.140910301232786,-0.9448590340480553,0.08895606448539849,1304.9060249753725,5.933889332351814,0.0,0.6277050612814127,0.821189533646889,-0.9843425840540826,-0.5716088714544029,-0.8976674983589572,0.0682925665796962,1.3756743415814365,2.138966403290164,-0.9843425840540826,-0.5716088714544029,35.140716661913736,0.0,28.8571887276144,476,True
thyroid,raw,ENSG00000293855.1,ENSG00000293855,12.205128165064277,774.0360783572613,-0.9955716979424398,0.0007903251551444978,8612.358974358973,758.642155394625,0.0,7.924035806429633,2.3897805282181436e-14,-1.0,-0.5716088714544029,-0.928786153828748,0.07391121452509501,1.2844146271778618,1.792019374026074,-1.0,-0.5716088714544029,751.0442609005103,0.0,1.794830950530013e-11,684,True
uterus,excluded_at_or_below_-1,ENSG00000293855.1,ENSG00000293855,1.4940446872664428,8.813876957133298,-0.933075354374459,0.02688002071005497,143.5882392101583,15.002343490720687,0.0,2.4786457724402577,0.046335794937087636,-0.980187085918232,-0.6479251377033348,-0.884793422682296,0.07131106034554442,1.288013495631321,1.3176594461808184,-0.980187085918232,-0.6479251377033348,8.81385999197223,0.0,0.4083972091922261,110,True
uterus,raw,ENSG00000293855.1,ENSG00000293855,2.8205128121904,175.71263822281705,-0.9972196475125551,0.0013341440821965983,391.74358974359006,370.25763530829005,0.0,2.9472170572826246,0.013181649599251425,-1.0,-0.6479251377033348,-0.9171717417977291,0.07966276058344654,1.0943695354480953,0.9882239608139267,-1.0,-0.6479251377033348,173.24994669526075,0.0,2.2837200904258648,153,True
vagina,excluded_at_or_below_-1,ENSG00000293855.1,ENSG00000293855,0.9256878706174133,20.106584897359387,-0.9132226817718382,0.07595733479611846,308.5076753318595,15.650272908820137,0.0,1.3257951496386693,0.41526140533496747,-0.9844310683490324,-0.0726473608909461,-0.847878981229629,0.1326428749891865,2.514980315469154,8.729106330251122,-0.9844310683490324,-0.0726473608909461,20.106196346874732,0.0,8.349327350943991,145,True
vagina,raw,ENSG00000293855.1,ENSG00000293855,0.47090521407418295,22.227759553336863,-0.9967350364644832,0.17421746523282491,224.3578970013457,7.501299148575233,0.0,0.026503403125574976,0.9996497830090534,-1.0,-0.0726473608909461,-0.8702497192840954,0.13383286121666674,2.3749996477134303,8.305069218226725,-1.0,-0.0726473608909461,22.227738729092618,0.0,22.219954197319367,170,True
whole_blood,excluded_at_or_below_-1,ENSG00000293855.1,ENSG00000293855,2.4117645431214867,69.79563110809137,-0.8548701305063273,0.35893852375960206,619.4725274506809,6.787664548825824,0.0,0.4615275657904272,0.8989728070089077,-0.9720094562395608,0.8678925113980871,-0.6516713351922463,0.28292028625495375,1.9076333279620625,4.772708629964711,-0.9720094562395608,0.8678925113980871,69.79553659853133,0.0,62.74428945267466,751,True
whole_blood,raw,ENSG00000293855.1,ENSG00000293855,2.3434233185526123,72.86436103432123,-0.8664555018751696,0.368389894436508,573.2341110380803,6.657996104908361,0.0,0.5126645526401473,0.8768579378272412,-1.0,0.8678925113980871,-0.6742281104973562,0.28672554156433827,1.834106376456584,4.571598621621869,-1.0,0.8678925113980871,72.86420176818869,0.0,63.89155370388196,803,True
adipose_subcutaneous,excluded_at_or_below_-1,ENSG00000293856.1,ENSG00000293856,0.7644463691521038,11.568361784506772,-0.9359215418198299,0.04590648777239908,158.76885948757052,8.043004359318633,0.0,1.4853035344639827,0.3318588363592558,-0.9841356661623764,-0.6748392759597569,-0.9119006579073345,0.05579324044398547,1.729814817659,3.422182944577104,-0.9841356661623764,-0.6748392759597569,11.568156996569266,0.0,3.83899511970266,144,True
adipose_subcutaneous,raw,ENSG00000293856.1,ENSG00000293856,3.7517435316791166,560.0684443817541,-0.995937358417416,0.0028843668644995806,951.7685873933644,157.43533482256933,0.0,1.991925124319471,0.13868035665552664,-1.0,-0.6748392759597569,-0.9822320654603027,0.04330958319963494,3.172608071207856,12.038820427704264,-1.0,-0.6748392759597569,555.4395233544951,0.0,77.02855119937708,714,True
adipose_visceral_omentum,excluded_at_or_below_-1,ENSG00000293856.1,ENSG00000293856,0.5271629188803206,8.535074627988461,-0.9435006173731141,0.057175337160331526,126.44595673557167,6.59317395489315,0.0,0.7390520136490634,0.7610255594821986,-0.9733798019486748,-0.6769447351093563,-0.9114502570774824,0.05380713083717035,1.6465383318779205,3.2874659361050744,-0.9733798019486748,-0.6769447351093563,8.534984114537364,0.0,6.495341060937475,111,True
adipose_visceral_omentum,raw,ENSG00000293856.1,ENSG00000293856,2.8461538702763574,489.3689577727827,-0.9962693656590325,0.0016754784459094333,551.0769231994319,269.53090588880104,0.0,3.148899763009282,0.00703346973676521,-1.0,-0.6769447351093563,-0.9832555000606482,0.041807458891640926,3.1682441783079587,11.913336682626694,-1.0,-0.6769447351093563,489.02176349431227,0.0,3.4395197741568118,587,True
adrenal_gland,excluded_at_or_below_-1,ENSG00000293856.1,ENSG00000293856,0.07052044184099139,25.78947872724997,-1.162174993842246,0.18132950934394995,45.22728170128525,4.500751841014461,0.0,-1.4408254148810937,1.0,-0.9774333307144564,-0.5850916277058347,-0.9110599068458926,0.07507136745590551,2.623077123291163,7.866508196837643,-0.9774333307144564,-0.5850916277058347,9.132732331835753,0.0,9.132732331835747,66,True
adrenal_gland,raw,ENSG00000293856.1,ENSG00000293856,1.6923189310785187,243.02288056651736,-0.9954862006431434,0.0026011994129477014,258.3077044651867,223.12229046467394,0.0,2.4540510952459926,0.050056180285826896,-1.0,-0.5850916277058347,-0.9801015384807761,0.0512297322658915,4.241513731531093,23.69533679654533,-1.0,-0.5850916277058347,239.02819296919557,0.0,11.964838320661473,295,True
artery_aorta,excluded_at_or_below_-1,ENSG00000293856.1,ENSG00000293856,0.7244106168240473,15.778639107065993,-0.9247308128954819,0.11927999800703128,87.60671920395276,10.443083894459251,0.0,0.5989747326237909,0.8358182233217255,-0.9752505553265612,-0.0439225253352084,-0.8156302188690139,0.19023305600358045,2.601284576826252,7.038936904824196,-0.9752505553265612,-0.0439225253352084,15.777988418830544,0.0,13.187530247817703,133,True
artery_aorta,raw,ENSG00000293856.1,ENSG00000293856,3.10440327248246,39740157190.32631,-1.2637348504014256,0.06394225373888561,1018.9903306965267,26.978641395766473,0.0,-5.833034972949576,1.0,-1.0,-0.0439225253352084,-0.9480483455711416,0.1305219482463639,4.314572921810978,22.773410520926635,-1.0,-0.0439225253352084,1625.35174809292,0.0,1625.3517480929027,472,True
artery_coronary,excluded_at_or_below_-1,ENSG00000293856.1,ENSG00000293856,0.1779659841003611,4.355484249454169,-0.9304826395244509,0.06348775773086594,40.62968666480038,6.922935639405104,0.0,1.06977130000695,0.5642811397352813,-0.9785074802764424,-0.6196938927927356,-0.9040469524219907,0.06669049440745711,2.122283325042582,5.63338541989148,-0.9785074802764424,-0.6196938927927356,4.355472749879025,0.0,2.457711127387696,54,True
artery_coronary,raw,ENSG00000293856.1,ENSG00000293856,1.384615372770872,218.76759383158236,-0.9953729064975795,0.0007503698799090716,169.23076923076923,708.037956353897,0.0,8.720630399350448,3.2310790339904684e-17,-1.0,-0.6196938927927356,-0.9806661769805504,0.04868009789978429,3.577283575801092,16.552460905674256,-1.0,-0.6196938927927356,206.16450658353608,0.0,6.661338147750939e-15,268,True
artery_tibial,excluded_at_or_below_-1,ENSG00000293856.1,ENSG00000293856,0.17717197574134144,12.07066968829176,-0.9683153704181588,0.10445494658564627,149.334141472093,5.786854246095121,0.0,0.051565962409276446,0.9986753617472514,-0.972124073709096,-0.5408936801888035,-0.9007270547641297,0.07098448870808433,2.766224718648597,10.401931050958277,-0.972124073709096,-0.5408936801888035,12.07062066414515,0.0,12.054631458279005,115,True
artery_tibial,raw,ENSG00000293856.1,ENSG00000293856,2.948717907341484,676.767212320599,-0.9947124378265533,0.0011064189389573802,809.8974359291789,580.0665727173862,0.0,6.758508801943116,1.2117334815484503e-10,-1.0,-0.5408936801888035,-0.9834784533977928,0.046921844717700695,4.457049533394396,28.337937294775184,-1.0,-0.5408936801888035,673.4445876678681,0.0,8.160353548447574e-08,691,True
bladder,excluded_at_or_below_-1,ENSG00000293856.1,ENSG00000293856,,,,,,,,,,,,,,,,,,,,,6,False
bladder,raw,ENSG00000293856.1,ENSG00000293856,0.15045414389851644,68.25282430050645,-0.9981682679791306,0.0016360949217489778,14.14446717878399,125.41958855165223,0.0,1.5833190557046073,0.28692490109975977,-1.0,-0.8530711218501718,-0.9938839512777876,0.023655722325904776,4.362652467049069,19.715004618210966,-1.0,-0.8530711218501718,67.91819490906649,0.0,19.4874213571581,77,True
brain_amygdala,excluded_at_or_below_-1,ENSG00000293856.1,ENSG00000293856,0.19112761265024564,24.059955900805353,-1.1816791333940402,0.2043896266987141,41.882966742695466,4.946094717964449,0.0,-1.3718874842010238,1.0,-0.983406695461847,-0.4668433547547361,-0.892675803016302,0.1035753334815042,2.2665876865329553,5.377068839296898,-0.983406695461847,-0.4668433547547361,9.388624123430198,0.0,9.388624123430198,65,True
brain_amygdala,raw,ENSG00000293856.1,ENSG00000293856,1.5653389082444586,79182882218.73262,-1.1598113626792652,0.036899004705752546,233.93939519259456,26.55911081918025,0.0,-6.125026903154062,1.0,-1.0,-0.4668433547547361,-0.9614581613041968,0.08049889993087458,3.376119705645863,13.756948747949806,-1.0,-0.4668433547547361,565.1259895400907,0.0,565.1259895400607,181,True
brain_anterior_cingulate_cortex_ba24,excluded_at_or_below_-1,ENSG00000293856.1,ENSG00000293856,0.9550291629677972,12.940596559037242,-0.9526254989446498,0.023212910364769003,103.93790023367804,17.26410851840567,0.0,2.1865662472661795,0.0915860743797003,-0.9885158111682492,-0.669252312441669,-0.9242509448283637,0.05241760599558306,1.8754673872524121,4.748007856333929,-0.9885158111682492,-0.669252312441669,12.939821032136017,0.0,1.1851074115092195,104,True
brain_anterior_cingulate_cortex_ba24,raw,ENSG00000293856.1,ENSG00000293856,2.6666666520520845,203.45318636177242,-0.9963458240602397,0.0006955954233404348,622.6666668435273,665.0131164949178,0.0,7.429297260884395,1.1340513738606257e-12,-1.0,-0.669252312441669,-0.9661892629276816,0.05141905704360753,2.0964115902819573,5.72448542063448,-1.0,-0.669252312441669,185.5699731007183,0.0,2.1044588294216737e-10,233,True
brain_caudate_basal_ganglia,excluded_at_or_below_-1,ENSG00000293856.1,ENSG00000293856,0.6061282714294338,8.246868530035231,-0.9623571170464122,0.030868406953425402,70.11511138903191,11.204377171446009,0.0,1.1649427157156813,0.507372793645582,-0.9877846244490412,-0.7177962647183532,-0.9333234092888322,0.05225323336939929,1.8013506781662827,3.278224760976852,-0.9877846244490412,-0.7177962647183532,8.246567417213539,0.0,4.184083948458265,83,True
brain_caudate_basal_ganglia,raw,ENSG00000293856.1,ENSG00000293856,2.0659383464891596,203.88536757478528,-0.9964973233240536,0.0033387343586899786,492.84182623347976,118.0515652292177,0.0,1.4836558790125,0.33391974753083653,-1.0,-0.7177962647183532,-0.9815528099032437,0.040515157121429654,3.0874199979590773,11.237072314765955,-1.0,-0.7177962647183532,203.11963091558738,0.0,67.82565587388962,300,True
brain_cerebellar_hemisphere,excluded_at_or_below_-1,ENSG00000293856.1,ENSG00000293856,0.09851360398149349,1.5519768588827416,-0.9523552835880424,0.044201630529656755,21.329596000696007,5.3254693282330585,0.0,0.807860945379647,0.7215746954194718,-0.9776051977290792,-0.785906287547743,-0.9310001972364925,0.041535817052928525,1.878710140072631,4.25383287614467,-0.9776051977290792,-0.785906287547743,1.5519749381374972,0.0,1.1198658432852182,24,True
brain_cerebellar_hemisphere,raw,ENSG00000293856.1,ENSG00000293856,0.6153472408610613,306.51491188568144,-0.997328448043403,1.0479493148127415e-05,35.230769285246595,28531.54084199304,,360.52745645231147,,-1.0,-0.785906287547743,-0.9940216777389019,0.022845053665675925,5.019131239511069,31.23707066312049,-1.0,-0.785906287547743,0.0,0.0,0.0,277,True
brain_cerebellum,excluded_at_or_below_-1,ENSG00000293856.1,ENSG00000293856,0.3689081953972591,0.9885028683270674,-0.9251946277405092,0.030722137437703516,29.979940824345043,3.964071212315681,0.0,1.998664250986984,0.1353628505324597,-0.9686132735832278,-0.8390798118188971,-0.9159384748601239,0.034654771185196546,0.7029767920673949,0.008227164607030435,-0.9686132735832278,-0.8390798118188971,0.9881178944669654,0.0,0.13375445485718063,31,True
brain_cerebellum,raw,ENSG00000293856.1,ENSG00000293856,0.815789498215593,214.48073714879044,-0.9979873456807489,0.0015095307541740251,422.92839744393683,148.87354161502887,0.0,1.8855680990821357,0.17032901309965195,-1.0,-0.8390798118188971,-0.9902033560927211,0.029432108610887152,3.168451574419055,9.71966624010959,-1.0,-0.8390798118188971,212.84405126542862,0.0,36.25351719617171,266,True
brain_cortex,excluded_at_or_below_-1,ENSG00000293856.1,ENSG00000293856,0.2570979017249955,8.084365011899472,-0.9827840931888535,0.09561423788404282,134.12271591690183,4.322897199661532,0.0,-0.019418492570892034,1.0,-0.9814712190817017,-0.6905152787792967,-0.9186475725712772,0.054370471374654374,1.5428097341685425,2.903788613828671,-0.9814712190817017,-0.6905152787792967,8.08213344884201,0.0,8.08213344884201,103,True
brain_cortex,raw,ENSG00000293856.1,ENSG00000293856,2.6410256759170805,197.97169828613673,-0.9966583890572599,0.0012215930712649189,448.97435903200835,354.4156796287904,0.0,3.8685153236044107,0.00058517968940314,-1.0,-0.6905152787792967,-0.9689655554623764,0.05184895805309426,2.1059811755485245,5.09198215300945,-1.0,-0.6905152787792967,190.37775348142964,0.0,0.11140519465153442,270,True
brain_frontal_cortex_ba9,excluded_at_or_below_-1,ENSG00000293856.1,ENSG00000293856,0.14266473088852666,398809986191.08093,-3.5199760064115093,0.5186514116761264,128.1095516684044,7.732636017131096,0.0,-6.9303087706000195,1.0,-0.9783411905272672,-0.6840941474277186,-0.9228230618613414,0.0570528744267324,1.8870779602107466,3.9312192003505784,-0.9783411905272672,-0.6840941474277186,14.796174392986213,0.0,14.79617439298621,110,True
brain_frontal_cortex_ba9,raw,ENSG00000293856.1,ENSG00000293856,2.82051280659415,214.53649960344242,-0.997038704809178,0.0017526505558300447,605.743589751932,252.51493279566304,0.0,2.389468800337918,0.058346242259265824,-1.0,-0.6840941474277186,-0.9684406572667196,0.05262040987917002,2.361093368601892,6.7379548350464,-1.0,-0.6840941474277186,211.67659902589486,0.0,12.350534127382323,269,True
brain_hippocampus,excluded_at_or_below_-1,ENSG00000293856.1,ENSG00000293856,0.027264812226732625,15.84742181638668,-1.0385309324238652,0.0971654427765656,43.9063626943728,8.626859160848316,0.0,-0.763380246560046,1.0,-0.9860818669945788,-0.4458109837279151,-0.9352784974091507,0.08042301725289844,5.077741068091162,28.263371241376422,-0.9860818669945788,-0.4458109837279151,11.841758320712389,0.0,11.841758320712389,46,True
brain_hippocampus,raw,ENSG00000293856.1,ENSG00000293856,0.913919654964232,37381621509.45615,-1.1731776127053193,0.04131173423965446,214.28784031969928,24.899747503944244,0.0,-5.928342953759923,1.0,-1.0,-0.4458109837279151,-0.9883247485522388,0.04204340175928546,9.045228868489291,108.06446042528432,-1.0,-0.4458109837279151,872.8990630815227,0.0,872.8990630814825,255,True
brain_hypothalamus,excluded_at_or_below_-1,ENSG00000293856.1,ENSG00000293856,0.08163607811773978,1587919891988.36,-2.2258588136666346,0.2501373200510108,5.462952399740379,12.303461852613724,0.0,-7.0364935289452095,1.0,-0.9812874980492474,-0.0496988212547344,-0.9224726992309789,0.16172949799821795,5.135471502099197,25.24615970817341,-0.9812874980492474,-0.0496988212547344,28.14375380273424,0.0,28.143753802734743,32,True
brain_hypothalamus,raw,ENSG00000293856.1,ENSG00000293856,0.2984992423447017,67850081608.908646,-1.35155403275767,0.08227466236062492,36.419124594479406,22.37750047862441,0.0,-6.042838302436956,1.0,-1.0,-0.0496988212547344,-0.9903467952349857,0.06184773391589167,13.859751816124268,206.96385388468966,-1.0,-0.0496988212547344,798.4074461637825,0.0,798.4074461637769,257,True
brain_nucleus_accumbens_basal_ganglia,excluded_at_or_below_-1,ENSG00000293856.1,ENSG00000293856,0.5300664624906719,19.697842497495714,-0.9932090981926052,0.2841054297910309,120.3489209053937,5.027082619697659,0.0,-0.04745938733792694,1.0,-0.9836748453781752,0.0166959870532354,-0.7959746617759341,0.16972289050300005,1.790656429062058,4.237315677691798,-0.9836748453781752,0.0166959870532354,19.675607251815382,0.0,19.675607251815386,212,True
brain_nucleus_accumbens_basal_ganglia,raw,ENSG00000293856.1,ENSG00000293856,3.6245380078108957,1644121434230.8318,-2.803000595752628,0.37148227744525086,1217.4212358102204,10.734437122020779,0.0,-6.86392878017157,1.0,-1.0,0.0166959870532354,-0.8482337834964844,0.1713494451055245,1.8024727619570167,4.321956285162174,-1.0,0.0166959870532354,96.68595271956183,0.0,96.68595271956114,285,True
brain_putamen_basal_ganglia,excluded_at_or_below_-1,ENSG00000293856.1,ENSG00000293856,0.01850227692804754,159581794121.80255,-3.6993158955104417,0.5626438440460779,26.157370148305574,7.852480386067081,0.0,-6.830164497440215,1.0,-0.9819398848757968,-0.5752122471905813,-0.9230957253885712,0.06532238733836376,2.753363581053555,10.706086041332027,-0.9819398848757968,-0.5752122471905813,11.818883134664244,0.0,11.818883134664244,67,True
brain_putamen_basal_ganglia,raw,ENSG00000293856.1,ENSG00000293856,1.684205830219284,212.27327468369594,-0.9967651746615223,0.00563054013529129,308.2104000126136,105.88075974289178,0.0,0.8124857927767188,0.7210721475682552,-1.0,-0.5752122471905813,-0.9797142267757255,0.047604873332994624,3.990605155793214,23.074772711017836,-1.0,-0.5752122471905813,211.62672150310505,0.0,152.59813455707268,254,True
brain_spinal_cord_cervical_c-1,excluded_at_or_below_-1,ENSG00000293856.1,ENSG00000293856,,,,,,,,,,,,,,,,,,,,,9,False
brain_spinal_cord_cervical_c-1,raw,ENSG00000293856.1,ENSG00000293856,0.23086475894365668,261.0069367518212,-0.9976867829051854,8.144304999882215e-06,10.9230772789766,31793.724491771634,,401.6773669757431,,-1.0,-0.8145901161551455,-0.9968711250253497,0.01823558680345449,7.462967734767868,61.384917311328024,-1.0,-0.8145901161551455,0.0,0.0,0.0,204,True
brain_substantia_nigra,excluded_at_or_below_-1,ENSG00000293856.1,ENSG00000293856,0.09550665002564787,410786395243.99884,-2.4832249955065713,0.3078093718811476,15.69407230984935,9.949553113093394,0.0,-6.953702139400701,1.0,-0.9697232552277992,-0.3176640252806089,-0.8959724556778886,0.14166588063534505,3.169549549925904,9.35201062434906,-0.9697232552277992,-0.3176640252806089,12.992242842994973,0.0,12.992242842994743,28,True
brain_substantia_nigra,raw,ENSG00000293856.1,ENSG00000293856,,,,,,,,,,,,,,,,,,,,,183,False
breast_mammary_tissue,excluded_at_or_below_-1,ENSG00000293856.1,ENSG00000293856,0.48855456743567505,13.75252658597988,-0.9667215686565668,0.11996313031562078,314.3933613791558,5.566723984422292,0.0,0.11491302769460705,0.9934198362024801,-0.9764692665171066,-0.4945145042201666,-0.8862671002781105,0.0821105061448794,1.907102825744646,5.064773425243077,-0.9764692665171066,-0.4945145042201666,13.75251584109262,0.0,13.662022034230242,152,True
breast_mammary_tissue,raw,ENSG00000293856.1,ENSG00000293856,3.8974358974358974,368.9424879527473,-0.9936604229878826,0.00012165435884936969,1233.5897435897436,5802.495977957641,0.0,73.69662603993677,0.0,-1.0,-0.4945145042201666,-0.9663669245958616,0.06843816209295098,2.8480299875317527,10.515913467104731,-1.0,-0.4945145042201666,0.003966549106953821,0.0,0.0,514,True
cells_cultured_fibroblasts,excluded_at_or_below_-1,ENSG00000293856.1,ENSG00000293856,,,,,,,,,,,,,,,,,,,,,9,False
cells_cultured_fibroblasts,raw,ENSG00000293856.1,ENSG00000293856,2.3800450732800753,592.2606615340632,-0.9978835564260918,0.0024521146852828214,3146.7982457602043,100.07711287238581,0.0,1.2206212148976716,0.475076501291133,-1.0,-0.8243591576618106,-0.9992153937418915,0.00843422130006461,15.751621871022202,295.26947001965345,-1.0,-0.8243591576618106,591.8588645942092,0.0,281.1782386495593,652,True
cells_ebv-transformed_lymphocytes,excluded_at_or_below_-1,ENSG00000293856.1,ENSG00000293856,0.077044940309823,240.21095177975067,-1.4222115432178424,0.17768568999960713,8.958791656694498,4.1853125152802875,0.0,-3.541051369851076,1.0,-0.9773040888442366,-0.8963573427435751,-0.9468595028626277,0.02445717743341903,0.7582039449115893,-0.11852976793566139,-0.9773040888442366,-0.8963573427435751,0.4170061902724798,0.0,0.4170061902724791,10,True
cells_ebv-transformed_lymphocytes,raw,ENSG00000293856.1,ENSG00000293856,0.2563664216459894,432.62531316304023,-0.9990363685043457,0.0005944095808853267,9.435897518546515,244.29295131121393,0.0,2.2926627936490993,0.07335593016152665,-1.0,-0.8963573427435751,-0.9983749083444229,0.010024345262257971,6.991673758776771,53.0717567221736,-1.0,-0.8963573427435751,425.8778692770462,0.0,31.240667236028195,327,True
cervix_ectocervix,excluded_at_or_below_-1,ENSG00000293856.1,ENSG00000293856,,,,,,,,,,,,,,,,,,,,,2,False
cervix_ectocervix,raw,ENSG00000293856.1,ENSG00000293856,0.05128205128205131,26.41868716353191,-0.9985735803573266,0.0004123025158320418,1.8974358974358974,435.2310873768577,0.0,4.8926744971066665,6.539087710351712e-06,-1.0,-0.8716854800956687,-0.9907890894758999,0.03164373884909428,3.161244985448436,8.316145311221632,-1.0,-0.8716854800956687,25.601543319504316,0.0,0.00016741073728660655,24,True
cervix_endocervix,excluded_at_or_below_-1,ENSG00000293856.1,ENSG00000293856,,,,,,,,,,,,,,,,,,,,,1,False
cervix_endocervix,raw,ENSG00000293856.1,ENSG00000293856,0.02564103029163724,53.1074788590443,-0.9994835952905389,0.00043318893869850184,0.9743589746802489,239.46404783293383,0.0,1.6858845611053668,0.24213722895162462,-1.0,-0.926133162585645,-0.9967883983732888,0.015402300321703434,4.4772150434677975,18.04545454545441,-1.0,-0.926133162585645,52.95619372038426,0.0,12.82266600327892,23,True
colon_sigmoid,excluded_at_or_below_-1,ENSG00000293856.1,ENSG00000293856,0.25068521534437116,0.7201245478261388,-0.9489189548736339,0.011965508852863843,9.472906994326388,13.824531554864533,0.0,4.345205895987497,7.945030337651047e-05,-0.9856832746335924,-0.8319510802134226,-0.9219482491551025,0.047938386224986654,0.5524630985977727,-0.8430231380438271,-0.9856832746335924,-0.8319510802134226,0.7201041738240384,0.0,5.7212495073011294e-05,14,True
colon_sigmoid,raw,ENSG00000293856.1,ENSG00000293856,0.35897269580993246,560.3369137069873,-0.9984360709993116,0.0009406250460009545,12.974358982429855,250.30731735451278,0.0,2.3513403271211226,0.06403682585353163,-1.0,-0.8319510802134226,-0.9973920656042278,0.016391915300685175,7.357129881609179,58.1638514831007,-1.0,-0.8319510802134226,551.3856781338443,0.0,35.308988648788365,419,True
colon_transverse,excluded_at_or_below_-1,ENSG00000293856.1,ENSG00000293856,0.03553686633051295,10.500374914354827,-1.0899058542042408,0.08850245669645847,20.568211296212827,4.383290053954469,0.0,-1.801983029891551,1.0,-0.9771365177236052,-0.8155965500725788,-0.9445204916565966,0.03899864464595799,2.3902287372836377,5.623631093236941,-0.9771365177236052,-0.8155965500725788,2.0698958362135604,0.0,2.069895836213555,16,True
colon_transverse,raw,ENSG00000293856.1,ENSG00000293856,0.008334900422713343,431.2918916454109,-0.9977245270321989,0.002356931300449879,1117.1839745406764,109.28101937239586,0.0,1.3653366694496558,0.3947676458233352,-1.0,-0.8155965500725788,-0.9981468222682788,0.01213729112768379,9.597203582724061,117.57587577116105,-1.0,-0.8155965500725788,430.16588733255884,0.0,169.81557465577944,479,True
esophagus_gastroesophageal_junction,excluded_at_or_below_-1,ENSG00000293856.1,ENSG00000293856,0.1635264006015787,1.8481726386810615,-0.9420260754908202,0.0146976056788171,8.830347654395645,14.577255169684983,0.0,3.125942940042808,0.007553560659639536,-0.9745133022645022,-0.790527918448677,-0.9243052857919891,0.04251680547159505,2.0413001228966445,4.010238906617335,-0.9745133022645022,-0.790527918448677,1.8481293626442659,0.0,0.013959957247594412,17,True
esophagus_gastroesophageal_junction,raw,ENSG00000293856.1,ENSG00000293856,0.4358974358974359,412.184816021081,-0.9972129849975315,0.0006525611526006813,29.589743589743588,447.92250211106216,0.0,6.039946446889398,1.1977783891541662e-08,-1.0,-0.790527918448677,-0.9968069227257167,0.017436359167156582,7.13789374271259,62.64467107342064,-1.0,-0.790527918448677,412.0758919234306,0.0,4.935755980373102e-06,403,True
esophagus_mucosa,excluded_at_or_below_-1,ENSG00000293856.1,ENSG00000293856,0.46153846153846156,2.6972995909310105,-0.9697638953062697,1.6518740146477835e-05,15.69230769230769,5633.113141342732,0.0,72.37833033544777,0.0,-0.9706093113472818,-0.9039662430468712,-0.9405541060896251,0.02131950517608709,0.2006362247736475,-1.2360818145803592,-0.9706093113472818,-0.9039662430468712,0.0018159089438915532,0.0,0.0,20,True
esophagus_mucosa,raw,ENSG00000293856.1,ENSG00000293856,0.5128205128205128,678.8811111588753,-0.9989349573779344,0.00036923565946607906,17.743589743589745,363.7407177907312,0.0,4.07923146645407,0.0002495009161613571,-1.0,-0.9039662430468712,-0.998063651664157,0.011208394635662375,6.175058635584143,38.93151143767878,-1.0,-0.9039662430468712,662.7708540034306,0.0,0.1653619352788993,614,True
esophagus_muscularis,excluded_at_or_below_-1,ENSG00000293856.1,ENSG00000293856,-1.2448581642007541,1.9660496624555792,-0.474165492018662,1.518606761619132,13.884800991999168,-0.3819787239169656,1.0,0.4701619760262414,0.0,-0.9790334800271794,-0.8843407925309599,-0.9306216495536321,0.028354611595595002,0.03022752459251289,-1.026441472897085,-0.9790334800271794,-0.8843407925309599,0.0673977306793947,0.0673977306793947,0.0,22,True
esophagus_muscularis,raw,ENSG00000293856.1,ENSG00000293856,0.5641025641025629,578.0103993477176,-0.998688699477335,0.0005048145602790079,15.589743595728908,320.34012795344665,0.0,3.6735449597073933,0.0011813585146457498,-1.0,-0.8843407925309599,-0.9972792803746521,0.01455437994557184,5.736576320276184,33.43082233922132,-1.0,-0.8843407925309599,574.3366910285955,0.0,0.6784975402200965,561,True
fallopian_tube,excluded_at_or_below_-1,ENSG00000293856.1,ENSG00000293856,,,,,,,,,,,,,,,,,,,,,5,False
fallopian_tube,raw,ENSG00000293856.1,ENSG00000293856,0.12820512820534574,26.40845534927383,-0.9965942798784269,0.001294899505543985,4.358974359188709,329.7960027747099,0.0,3.719528476885771,0.00100616695087963,-1.0,-0.6946224332736279,-0.978198065420014,0.06322690737139659,3.5135145225355604,12.406459917003792,-1.0,-0.6946224332736279,25.99347273886815,0.0,0.026153773208440256,29,True
heart_atrial_appendage,excluded_at_or_below_-1,ENSG00000293856.1,ENSG00000293856,0.374985104178982,0.7370857135537372,-1.5683768714792623,0.0990470604203665,9.375000008875421,8.986198038890143,0.0,-8.357328946451997,1.0,-0.9830558937033976,-0.9390118846142036,-0.9581852189144651,0.013731990088564959,-0.28740338772038726,-1.2671895958565487,-0.9830558937033976,-0.9390118846142036,4.996003610813204e-16,0.0,4.996003610813204e-16,15,True
heart_atrial_appendage,raw,ENSG00000293856.1,ENSG00000293856,0.3846153838697856,472.8702778953082,-0.9993068200124863,0.0002838972627206115,11.230769242675159,300.3548345817503,0.0,3.4530256829990713,0.00258777220912985,-1.0,-0.9390118846142036,-0.9986394322857199,0.007803804376948412,5.9634599528283205,35.34438942647786,-1.0,-0.9390118846142036,470.63640761974375,0.0,1.217899816243015,461,True
heart_left_ventricle,excluded_at_or_below_-1,ENSG00000293856.1,ENSG00000293856,,,,,,,,,,,,,,,,,,,,,5,False
heart_left_ventricle,raw,ENSG00000293856.1,ENSG00000293856,0.1282051282051014,447.02822842107065,-0.9990865596784684,0.00031825319769072024,4.358974358974672,322.78007997288864,0.0,4.0590313011840315,0.0002721445382591235,-1.0,-0.9264484551266629,-0.9996001403178777,0.0043502763638484845,13.278827515314577,196.60162193177908,-1.0,-0.9264484551266629,434.3850851242082,0.0,0.1182155284177773,452,True
kidney_cortex,excluded_at_or_below_-1,ENSG00000293856.1,ENSG00000293856,0.5077836920128413,12.747782085995329,-0.9477709847544139,0.07903011087864864,42.71237186000022,22.529026405158536,0.0,0.5662757216466192,0.8519211996929955,-0.9794160164952512,0.3112124546350332,-0.8004573111871653,0.24068315433886706,2.4496761018352795,6.867549634626302,-0.9794160164952512,0.3112124546350332,12.746853425926085,0.0,10.85931466292572,60,True
kidney_cortex,raw,ENSG00000293856.1,ENSG00000293856,0.8437139077270324,525620990178.3974,-2.322960768857111,0.2785900952133805,128.63821766876515,13.371916526498685,0.0,-6.715777387463283,1.0,-1.0,0.3112124546350332,-0.8848792179925955,0.20735319810868436,3.099897858115911,11.597837692853666,-1.0,0.3112124546350332,84.52212040024166,0.0,84.52212040024166,104,True
kidney_medulla,excluded_at_or_below_-1,ENSG00000293856.1,ENSG00000293856,,,,,,,,,,,,,,,,,,,,,3,False
kidney_medulla,raw,ENSG00000293856.1,ENSG00000293856,0.07692307692304871,9.111596917529292,-0.9986612506996404,0.0006200871767275746,2.7692307692309677,283.5032570653131,0.0,3.0532439441463333,0.009615066369959081,-1.0,-0.874354187789206,-0.9780918526178464,0.0415599608876947,1.6595702098259373,1.4908955225420613,-1.0,-0.874354187789206,8.960470123073701,0.0,0.0861555149393887,11,True
liver,excluded_at_or_below_-1,ENSG00000293856.1,ENSG00000293856,0.08628748218201981,0.5800878642593972,-0.9385147313317997,0.016918614023357086,10.685166092372318,4.427028168686653,0.0,2.3053519849993793,0.07008411736006152,-0.9660942719753892,-0.8855530126428235,-0.9351816758215357,0.019960903676134106,1.0441259228230495,1.4772404866324704,-0.9660942719753892,-0.8855530126428235,0.5800551979063828,0.0,0.04065265656538464,12,True
liver,raw,ENSG00000293856.1,ENSG00000293856,0.30769230769122696,252.4502051973149,-0.9985152313293005,0.000516959944389345,16.30769230771671,309.0233652258648,0.0,4.061784697014669,0.00026338623248869865,-1.0,-0.8855530126428235,-0.9970312217933527,0.014181448877925357,5.02483376768412,26.004487569998147,-1.0,-0.8855530126428235,250.64951234697946,0.0,0.06601763073220279,262,True
lung,excluded_at_or_below_-1,ENSG00000293856.1,ENSG00000293856,0.4616802680899199,46.95214690409951,-1.01397035577467,0.16779621926011798,269.065000076546,9.432621542439604,0.0,-0.3589470474615933,1.0,-0.971381344410948,0.1052087234281835,-0.8652857040092463,0.12240063140441987,3.6965998453842883,21.147324908227343,-0.971381344410948,0.1052087234281835,44.022789394836494,0.0,44.022789394836494,205,True
lung,raw,ENSG00000293856.1,ENSG00000293856,4.002974753553788,216229564176.21268,-1.5085754022422453,0.11645614541319174,3086.821797438666,19.597380534690135,0.0,-6.176009250421777,1.0,-1.0,0.1052087234281835,-0.9542774326521448,0.09562524001989611,4.369102888845776,31.789126179940908,-1.0,0.1052087234281835,1127.8419948128608,0.0,1127.8419948128446,604,True
minor_salivary_gland,excluded_at_or_below_-1,ENSG00000293856.1,ENSG00000293856,0.3298832349564033,33400568580.075863,-1.062438463229058,0.017855176338190268,10.370294871257038,13.588960188230267,0.0,-6.734266903855502,1.0,-0.9774148668812694,-0.890870825307136,-0.9473005529009695,0.026845279838282103,0.5539502259020935,-0.7686031576860266,-0.9774148668812694,-0.890870825307136,4.742969393817065,0.0,4.742969393816223,17,True
minor_salivary_gland,raw,ENSG00000293856.1,ENSG00000293856,0.44736843699443923,158.50834430830056,-0.9986358846121093,0.0009930881319002447,45.121526414704334,153.46352808326876,0.0,1.942577320409379,0.15277258724312476,-1.0,-0.890870825307136,-0.9950503281730193,0.017370038003622218,3.878890767750684,15.130224035561618,-1.0,-0.890870825307136,157.2455719256741,0.0,24.022812855609605,181,True
muscle_skeletal,excluded_at_or_below_-1,ENSG00000293856.1,ENSG00000293856,0.08711836610178425,627690494844.7607,-1.9910369042165361,0.19674571196033622,6.993845872349246,8.705281710134468,0.0,-7.297941848446827,1.0,-0.9757455769233512,-0.7799561357633688,-0.930380930285305,0.05801294299247154,1.8950616028413192,2.6952259458099297,-0.9757455769233512,-0.7799561357633688,1.7079990897269206,0.0,1.7079990897269206,10,True
muscle_skeletal,raw,ENSG00000293856.1,ENSG00000293856,2.9353795498836823,755.6795732467732,-0.9972505320481523,0.0018459019549720544,2730.867775075177,166.4772505527072,0.0,2.1064687950189867,0.10977677554795098,-1.0,-0.7799561357633688,-0.9991489111281823,0.009781276453147693,16.568129032159213,328.3036800747319,-1.0,-0.7799561357633688,748.685002360486,0.0,82.18822546024514,818,True
nerve_tibial,excluded_at_or_below_-1,ENSG00000293856.1,ENSG00000293856,0.7716641780295748,13.407458171466022,-0.9226076592119887,0.07067252790099308,189.27564958269832,6.660354102156171,0.0,1.1190265764178937,0.5346686919458129,-0.9785288008613025,-0.5897696256654362,-0.8925057943884032,0.06376955228950071,1.4671171099054348,2.8558264129864748,-0.9785288008613025,-0.5897696256654362,13.40742802485568,0.0,7.16853200440722,181,True
nerve_tibial,raw,ENSG00000293856.1,ENSG00000293856,4.621712675536445,472.3423515556085,-0.9948762875011328,0.003926052773281982,1362.8488701675676,145.92451208871844,0.0,1.8456256510126883,0.18339467699696832,-1.0,-0.5897696256654362,-0.9709605205735836,0.05810189745671942,2.4100196192906393,6.589718727555203,-1.0,-0.5897696256654362,469.02298018609963,0.0,86.01631795538518,670,True
ovary,excluded_at_or_below_-1,ENSG00000293856.1,ENSG00000293856,,,,,,,,,,,,,,,,,,,,,8,False
ovary,raw,ENSG00000293856.1,ENSG00000293856,0.20512820512821212,236.60172035821287,-0.9967842565122362,0.0013760653963836534,6.3589743643928704,317.3296521374318,0.0,3.3048923877166674,0.004267128006964897,-1.0,-0.6880145167990617,-0.9947690661265864,0.03164984301755405,7.4317515689920635,59.5030436031586,-1.0,-0.6880145167990617,235.57648821117888,0.0,1.0052350306283568,193,True
pancreas,excluded_at_or_below_-1,ENSG00000293856.1,ENSG00000293856,0.47448509400102146,6.311112853129889,-0.9600694251274337,0.03508720365490299,81.97216327376017,7.297766983579394,0.0,0.9840985462118031,0.6161763996420507,-0.9844853033413904,-0.7790089098052616,-0.9399859647438707,0.038180530093274,1.6445614543018454,3.2861513021421445,-0.9844853033413904,-0.7790089098052616,6.311094040076994,0.0,3.8887472034170463,83,True
pancreas,raw,ENSG00000293856.1,ENSG00000293856,2.169760434752408,271.00767106541326,-0.9972394111077906,0.00206750159563489,355.30406511764744,149.27414581788662,0.0,1.888299510743737,0.1694121634445285,-1.0,-0.7790089098052616,-0.986239875894313,0.031134330346785935,2.898354834292103,9.968307151149011,-1.0,-0.7790089098052616,269.0050902005719,0.0,45.572734308469386,362,True
pituitary,excluded_at_or_below_-1,ENSG00000293856.1,ENSG00000293856,0.1722750511715221,16.62645533543114,-1.015526959654279,0.8000643651244085,286.06148458810566,2.90144638528018,0.0,-0.07548154972635605,1.0,-0.9728247117285224,0.6259110253459559,-0.5316313221352268,0.3338421739299479,0.9201623249998074,0.3847263912867458,-0.9728247117285224,0.6259110253459559,16.332117288180932,0.0,16.332117288180932,283,True
pituitary,raw,ENSG00000293856.1,ENSG00000293856,-1.9515914605382627,2526223099457.111,-34.40181471528185,6.643492039783233,414.90680675613015,7.456422692288997,0.0,-7.1103117299386565,1.0,-1.0,0.6259110253459559,-0.5765228887037354,0.34612956492114294,0.8993740251243334,0.33575525904661907,-1.0,0.6259110253459559,24.426615223294313,0.0,24.426615223294313,313,True
prostate,excluded_at_or_below_-1,ENSG00000293856.1,ENSG00000293856,0.15152667257251684,25.579025402614523,-1.1688906942098316,0.16135644983542502,35.95952397574135,5.319821685091691,0.0,-1.7463891772218572,1.0,-0.9696342557447152,-0.5619190431789207,-0.8965551971100315,0.0871225354193787,2.181620287792544,4.952414293978395,-0.9696342557447152,-0.5619190431789207,5.566863717918986,0.0,5.566863717918983,35,True
prostate,raw,ENSG00000293856.1,ENSG00000293856,0.8974358974358972,298.5400398933393,-0.99525615883917,0.0016659373202451131,87.58974358974359,367.8597139274098,0.0,4.027044970937169,0.0003149952545770332,-1.0,-0.5619190431789207,-0.9871611060242945,0.04567081244116804,5.389220680656416,36.18180303099503,-1.0,-0.5619190431789207,285.23444209138336,0.0,0.08984749570071326,282,True
skin_not_sun_exposed_suprapubic,excluded_at_or_below_-1,ENSG00000293856.1,ENSG00000293856,0.6176101032924345,36.03852518531614,-0.9367623495896815,0.05313325888516118,198.08561124710366,27.431704179725365,0.0,1.2496266975194414,0.45805206416699845,-0.983711933864417,0.0938711265853839,-0.8955627366622387,0.11120001348694596,5.634779163596595,44.28423673414682,-0.983711933864417,0.0938711265853839,36.038128134188256,0.0,16.50733898057971,138,True
skin_not_sun_exposed_suprapubic,raw,ENSG00000293856.1,ENSG00000293856,2.481082870307344,84888416760.1807,-1.3817152941511468,0.09090067260937862,1867.238097918137,22.956863450577707,0.0,-5.938646331843434,1.0,-1.0,0.0938711265853839,-0.9778612252832395,0.06656609997764316,8.076423005009751,107.40042779771515,-1.0,0.0938711265853839,1864.67743437037,0.0,1864.67743437037,651,True
skin_sun_exposed_lower_leg,excluded_at_or_below_-1,ENSG00000293856.1,ENSG00000293856,0.43995392913628467,52.74033278338023,-1.0312717348081644,0.13978088492817797,176.91851045800087,7.942693876686483,0.0,-0.5901979536256878,1.0,-0.9729365622178496,-0.2462157797981978,-0.8924899724858789,0.09273282823589482,3.2261851440841918,14.933540664553227,-0.9729365622178496,-0.2462157797981978,44.310145928476736,0.0,44.31014592847672,217,True
skin_sun_exposed_lower_leg,raw,ENSG00000293856.1,ENSG00000293856,5.052629686497085,692.4071934496295,-0.9865407823483591,0.00786234675900318,3791.894232277077,133.16350591780238,0.0,2.4209321625360665,0.05349963560960245,-1.0,-0.2462157797981978,-0.969058785184928,0.06956315134792673,4.194934094541116,26.99763551746759,-1.0,-0.2462157797981978,690.7641031423457,0.0,36.95562781030929,754,True
small_intestine_terminal_ileum,excluded_at_or_below_-1,ENSG00000293856.1,ENSG00000293856,0.15858012486360235,2.997958597273279,-0.9943374100851647,0.08491146020601925,23.394788552673514,3.7718743323705715,0.0,-0.31758747449852576,1.0,-0.9752689914811454,-0.7678685331089342,-0.9232037123106903,0.0458412399696393,1.4262583083371434,2.037628269432168,-0.9752689914811454,-0.7678685331089342,2.848077455808976,0.0,2.848077455808974,39,True
small_intestine_terminal_ileum,raw,ENSG00000293856.1,ENSG00000293856,1.0229227852557252,158.384035070054,-0.9971118129752735,0.002680130606374812,146.87935531977658,120.96386448434498,0.0,1.523997842240544,0.31442851489965884,-1.0,-0.7678685331089342,-0.9855311342034635,0.03596978255789738,3.03424468917553,10.30423601876753,-1.0,-0.7678685331089342,157.70662454048957,0.0,49.5874597441045,207,True
spleen,excluded_at_or_below_-1,ENSG00000293856.1,ENSG00000293856,0.8907179605620439,16.921418820748755,-0.959254265018461,0.18482099824809411,206.10293407280784,6.531876117123574,0.0,0.10316672300379665,0.9946984542507797,-0.972736936404776,-0.1056152556641049,-0.8101616809062655,0.1567835091970772,1.7111598005716693,3.094389387387179,-0.972736936404776,-0.1056152556641049,16.921316647772077,0.0,16.83160751342687,174,True
spleen,raw,ENSG00000293856.1,ENSG00000293856,4.141218725815427,231460946170.75342,-1.447019193136003,0.09864289392223703,1280.8039553523374,19.23130562743742,0.0,-6.408779998611754,1.0,-1.0,-0.1056152556641049,-0.8807513807858852,0.1544536245496085,1.8960154356130439,4.07252416964809,-1.0,-0.1056152556641049,279.0654834232255,0.0,279.0654834232215,277,True
stomach,excluded_at_or_below_-1,ENSG00000293856.1,ENSG00000293856,0.09707135606319277,1.5075843159972209,-0.9529941343659196,0.031167214650349356,9.072220360630023,5.839946703964288,0.0,1.2891760398899197,0.43562203946887706,-0.9814057034714464,-0.8242901837662461,-0.940831166731057,0.032922891480443015,1.9756849179616918,4.854319744777396,-0.9814057034714464,-0.8242901837662461,1.5075734199037603,0.0,0.6567322078275457,23,True
stomach,raw,ENSG00000293856.1,ENSG00000293856,0.5897435896285838,392.1776098221742,-0.9979394427453446,0.0009032462361826584,21.435897441500963,271.88282364967137,0.0,3.226216616075431,0.005493588943136496,-1.0,-0.8242901837662461,-0.9966563067194455,0.015679805847912228,6.075832852285111,46.11055608688916,-1.0,-0.8242901837662461,392.15278043975843,0.0,2.154326178644091,407,True
testis,excluded_at_or_below_-1,ENSG00000293856.1,ENSG00000293856,0.6503211916438376,26.54524540386275,-0.6424508439847509,0.24928342754916233,197.58501419464915,4.862344513047137,0.0,1.8787239215509195,0.17121467084010963,-0.9736135135018896,0.2146346333340407,-0.616329288872626,0.18445049560410295,0.6206906159711519,0.7556390533307944,-0.9736135135018896,0.2146346333340407,26.54504436997576,0.0,4.544901034241505,409,True
testis,raw,ENSG00000293856.1,ENSG00000293856,0.5883485823034112,26.862904850823902,-0.6439283436024902,0.25517155172775974,152.2868411585045,4.758333748075768,0.0,1.973422829639161,0.14266423401187206,-1.0,0.2146346333340407,-0.6209629931132947,0.18807098373968392,0.5495419351172296,0.6932865942957998,-1.0,0.2146346333340407,26.862304649927434,0.0,3.8322901166754466,414,True
thyroid,excluded_at_or_below_-1,ENSG00000293856.1,ENSG00000293856,0.3522592684655857,5.403509434214105,-0.9611468432187675,0.07743617853299661,70.4869075827377,3.5136100799200327,0.0,0.15508264343679262,0.9880236327674143,-0.9696384936908428,-0.7687568501632177,-0.9149581386298107,0.043870689112032644,1.1431161076008158,0.9680924002957263,-0.9696384936908428,-0.7687568501632177,5.392229769283692,0.0,5.32765044536427,97,True
thyroid,raw,ENSG00000293856.1,ENSG00000293856,2.8723880987269705,577.7296190079231,-0.9971265820579677,0.002472597019178308,347.9843991100973,130.61714851876272,0.0,1.64346498538565,0.26035702473438793,-1.0,-0.7687568501632177,-0.9879399699518885,0.03394070992470435,3.2358476394339335,11.094973997325818,-1.0,-0.7687568501632177,574.9705435047905,0.0,149.69762001682028,684,True
uterus,excluded_at_or_below_-1,ENSG00000293856.1,ENSG00000293856,,,,,,,,,,-0.9643437179632686,-0.8509878261519969,,,,,,,,,,9,False
uterus,raw,ENSG00000293856.1,ENSG00000293856,0.23077535534954027,161.91817969335798,-0.9982329904756079,0.00027739205920997975,12.92307692453983,750.6923917482278,0.0,9.008653100436105,2.4204204109626673e-18,-1.0,-0.8509878261519969,-0.995911261759243,0.018138753353435996,5.240358936844896,31.040319153105088,-1.0,-0.8509878261519969,160.54155586311134,0.0,3.885780586188048e-16,153,True
vagina,excluded_at_or_below_-1,ENSG00000293856.1,ENSG00000293856,,,,,,,,,,-0.9400799389206482,-0.8651022368428651,,,,,,,,,,4,False
vagina,raw,ENSG00000293856.1,ENSG00000293856,0.10256410256410256,215.03225466985256,-0.9984786534783859,0.00032370981715906474,3.5897435897435903,582.6908153792335,0.0,6.646412218257829,2.63113050012642e-10,-1.0,-0.8651022368428651,-0.9980068323321359,0.01370211665571821,7.563935478822543,60.92988997031961,-1.0,-0.8651022368428651,208.89415312920602,0.0,5.4962777759626213e-08,170,True
whole_blood,excluded_at_or_below_-1,ENSG00000293856.1,ENSG00000293856,0.3157895277833622,5.491333599457369,-0.9654918802410326,0.001859913534631584,10.210527047799285,139.81973650500677,0.0,3.32696359192283,0.003949491331892831,-0.9698673612705456,-0.7816069089373299,-0.9009171678617957,0.06461136813164955,0.8008968130574069,-0.7256290800122831,-0.9698673612705456,-0.7816069089373299,5.490373326651366,0.0,0.02168418186246518,15,True
whole_blood,raw,ENSG00000293856.1,ENSG00000293856,-0.7174162294312856,721.1502207729825,-0.9972714755102112,0.0024826681844635707,4648.350699562183,122.84998731579766,0.0,1.5542618070647556,0.3003462841622116,-1.0,-0.7816069089373299,-0.9981491376312913,0.0159078976516966,10.46107008279999,120.01571297383974,-1.0,-0.7816069089373299,717.5206826234604,0.0,215.5046708354898,803,True
adipose_subcutaneous,excluded_at_or_below_-1,ENSG00000293857.1,ENSG00000293857,0.07846356317271914,3.6806412710466585,-0.8857841822500295,0.04996374591012848,32.13510707357245,11.437504310838309,0.0,1.98246654465414,0.14015207493649168,-0.9558241375635808,-0.4817005456359134,-0.8630620407179055,0.08273204602813682,3.4036238512691446,13.326505673075815,-0.9558241375635808,-0.4817005456359134,3.68042189676053,0.0,0.5158187654726867,30,True
adipose_subcutaneous,raw,ENSG00000293857.1,ENSG00000293857,0.7692307692377723,713.7653929757987,-0.993975083046008,0.0021704043729774895,86.92307693152698,333.7929131933577,0.0,3.925775018974212,0.00045028164017373723,-1.0,-0.4817005456359134,-0.9942463042318449,0.0321596715874705,8.467597328530752,101.59475539241036,-1.0,-0.4817005456359134,713.6102045044511,0.0,0.32132557332898026,714,True
adipose_visceral_omentum,excluded_at_or_below_-1,ENSG00000293857.1,ENSG00000293857,,,,,,,,,,,,,,,,,,,,,8,False
adipose_visceral_omentum,raw,ENSG00000293857.1,ENSG00000293857,0.2051282042697352,676.9032698266981,-0.995511740431625,0.002142939402437313,6.358974363015943,278.7655438136848,0.0,2.9619864872648396,0.012564487820456473,-1.0,-0.5731019405441231,-0.9976213689461091,0.023743276511593234,13.032237509743457,198.50284944167677,-1.0,-0.5731019405441231,670.3012766385853,0.0,8.421992226361928,587,True
adrenal_gland,excluded_at_or_below_-1,ENSG00000293857.1,ENSG00000293857,,,,,,,,,,,,,,,,,,,,,0,False
adrenal_gland,raw,ENSG00000293857.1,ENSG00000293857,0.0,295.0,-0.9875,1.0001e-06,0.0,-17675.90193946968,0.0,,,-1.0,-1.0,-1.0,0.0,,,,-1.0,2.409232716967513e-187,0.0,,295,True
artery_aorta,excluded_at_or_below_-1,ENSG00000293857.1,ENSG00000293857,,,,,,,,,,,,,,,,,,,,,3,False
artery_aorta,raw,ENSG00000293857.1,ENSG00000293857,0.07692307692306365,497.63974255414655,-0.9967809428704288,0.001252085231989759,2.769230769230849,314.8173257974928,0.0,3.635882074464708,0.0013520208510644821,-1.0,-0.7180549181078704,-0.9986578111605161,0.017467404977182906,13.725754765361982,194.76514756248903,-1.0,-0.7180549181078704,495.81955300223245,0.0,0.6703583740244892,472,True
artery_coronary,excluded_at_or_below_-1,ENSG00000293857.1,ENSG00000293857,,,,,,,,,,,,,,,,,,,,,2,False
artery_coronary,raw,ENSG00000293857.1,ENSG00000293857,0.051281735772883474,292.9397532392362,-0.9984420230596956,0.0007701718353228401,1.8974359068472595,261.1788962538229,0.0,2.8608058848574784,0.017098287431077143,-1.0,-0.8562056344212923,-0.9990267001017196,0.011305039138093227,11.627081197943316,134.54547541796558,-1.0,-0.8562056344212923,286.1850938640391,0.0,4.893274993377121,268,True
artery_tibial,excluded_at_or_below_-1,ENSG00000293857.1,ENSG00000293857,0.049993008289495384,1.2012290059262456,-0.8848685168183671,0.0548496163626287,17.576398175818937,10.94454230311648,0.0,0.761212473092748,0.74847177809858,-0.9143917891376648,-0.4603895254111777,-0.8252946219140782,0.13323768061715388,2.3198045630408477,4.000603391863073,-0.9143917891376648,-0.4603895254111777,1.201228484410885,0.0,0.8990856196296775,10,True
artery_tibial,raw,ENSG00000293857.1,ENSG00000293857,2.324610023759932,627.7239750088437,-0.9932979778501763,0.0065086264422648185,2897.0069319882805,115.79192132591366,0.0,1.456235152482861,0.34763313643443994,-1.0,-0.4603895254111777,-0.9974717021984671,0.02583596905434812,15.171960199019043,281.51344114216243,-1.0,-0.4603895254111777,625.4039061605838,0.0,217.41112143695435,691,True
bladder,excluded_at_or_below_-1,ENSG00000293857.1,ENSG00000293857,,,,,,,,,,,,,,,,,,,,,0,False
bladder,raw,ENSG00000293857.1,ENSG00000293857,0.0,77.0,-0.9875,1.0001e-06,0.0,-17675.90193946968,0.0,,,-1.0,-1.0,-1.0,0.0,,,,-1.0,6.288505735813509e-188,0.0,,77,True
brain_amygdala,excluded_at_or_below_-1,ENSG00000293857.1,ENSG00000293857,0.05535951324614493,1.2035071789037606,-0.9564959773190485,0.19876145724179803,9.445308901746834,3.7032684477837607,0.0,-0.16795958439614933,1.0,-0.9328900010785957,-0.436017986707837,-0.8054262692065082,0.12144027897256575,1.6967672678093775,3.018787678928513,-0.9328900010785957,-0.436017986707837,1.1853845749342151,0.0,1.1853845749342151,17,True
brain_amygdala,raw,ENSG00000293857.1,ENSG00000293857,0.4358974358968133,178.31725243877392,-0.993755652005777,0.0027407644539394716,15.58974358976585,287.7883830465323,0.0,3.222035957491546,0.005657453303045596,-1.0,-0.436017986707837,-0.9817251192072411,0.06745850520291531,4.793205596509476,27.59748389481263,-1.0,-0.436017986707837,175.49101758057162,0.0,0.992832237066037,181,True
brain_anterior_cingulate_cortex_ba24,excluded_at_or_below_-1,ENSG00000293857.1,ENSG00000293857,1.4888370066193204,11.30465634367321,-0.831334753657803,0.01695503648646657,102.03350517601879,47.351636146548735,0.0,10.945228430186805,0.0,-0.9625573301653596,-0.2636349804980705,-0.7688183608905914,0.1355445609812179,1.291171882031407,1.8758273831070804,-0.9625573301653596,-0.2636349804980705,11.293226352760586,0.0,0.0,79,True
brain_anterior_cingulate_cortex_ba24,raw,ENSG00000293857.1,ENSG00000293857,2.0256410256410207,176.23365067373118,-0.9920871065368848,0.0033564136129273143,252.97435897435977,306.93084791928356,0.0,3.3340709887632363,0.0039563953295488515,-1.0,-0.2636349804980705,-0.9216165257955224,0.13492730916444526,1.9585767463497215,3.9051779242254208,-1.0,-0.2636349804980705,171.78057485238062,0.0,0.6796318640531753,233,True
brain_caudate_basal_ganglia,excluded_at_or_below_-1,ENSG00000293857.1,ENSG00000293857,,,,,,,,,,,,,,,,,,,,,4,False
brain_caudate_basal_ganglia,raw,ENSG00000293857.1,ENSG00000293857,-0.1461252233449962,279.9758683376315,-0.9955736886744442,0.004153006173652235,274.791868511547,119.53114010903661,0.0,1.507281532014141,0.3225032586725519,-1.0,-0.6445562921339092,-0.99784567847437,0.022950979131292452,13.282909772280785,191.51141958334154,-1.0,-0.6445562921339092,278.7726694803375,0.0,89.90509433625512,300,True
brain_cerebellar_hemisphere,excluded_at_or_below_-1,ENSG00000293857.1,ENSG00000293857,,,,,,,,,,,,,,,,,,,,,5,False
brain_cerebellar_hemisphere,raw,ENSG00000293857.1,ENSG00000293857,0.12820512820499783,367.5771868274831,-0.9981210525630116,0.0009392245047564664,6.3589743589763845,285.6380730915833,0.0,2.8291776193214684,0.018310066096071786,-1.0,-0.808419663128693,-0.9975568419560106,0.01883886364111277,8.060520388036824,66.07584722892341,-1.0,-0.808419663128693,366.9092852757818,0.0,6.718133264662022,277,True
brain_cerebellum,excluded_at_or_below_-1,ENSG00000293857.1,ENSG00000293857,,,,,,,,,,,,,,,,,,,,,5,False
brain_cerebellum,raw,ENSG00000293857.1,ENSG00000293857,0.12820492869182087,276.8270114063085,-0.9963714223122868,0.0016366667264208516,4.3589743629503035,275.2611170008783,0.0,3.1353871226493197,0.007384553199940396,-1.0,-0.6778122433741331,-0.9964574134103708,0.02761103536282783,8.743061514190511,82.73931511404011,-1.0,-0.6778122433741331,274.90661686400335,0.0,2.030062537247864,266,True
brain_cortex,excluded_at_or_below_-1,ENSG00000293857.1,ENSG00000293857,1.397598832730967,6.974273184139466,-0.8165457040542515,0.22273109993125684,127.26024288878315,3.724715692486902,0.0,0.8164137774585748,0.7163061530484989,-0.9451265234513206,-0.229922830966605,-0.7075372967878316,0.16657182712530158,0.7747613812254833,-0.1407381998156696,-0.9451265234513206,-0.229922830966605,6.96747892265096,0.0,4.990848023530608,178,True
brain_cortex,raw,ENSG00000293857.1,ENSG00000293857,4.564102564102549,96.12978336080496,-0.9913786276708155,0.0032628774416701874,459.5897435899092,330.0341904032674,0.0,3.736720698881031,0.0009414118752018301,-1.0,-0.229922830966605,-0.8071912549193853,0.19375850594465027,0.8278862548479571,-0.1496211782269561,-1.0,-0.229922830966605,94.84919529937626,0.0,0.08929215880816965,270,True
brain_frontal_cortex_ba9,excluded_at_or_below_-1,ENSG00000293857.1,ENSG00000293857,0.2548497825233768,17.923637734203776,-0.8516410105924658,0.4070710533060714,111.83978037369046,5.554604000530521,0.0,0.2547771921397161,0.968068634446889,-0.9249767660413422,0.7472112146682288,-0.6370628391205678,0.24619032498966556,1.9730555669147487,6.27050138943704,-0.9249767660413422,0.7472112146682288,17.923572776095906,0.0,17.351248621764597,196,True
brain_frontal_cortex_ba9,raw,ENSG00000293857.1,ENSG00000293857,1.412823854156675,10975868275062.28,-11.149972645749243,1.9852697722782129,2270.4750688833155,8.47499871523296,0.0,-7.230366962602868,1.0,-1.0,0.7472112146682288,-0.7355550798053208,0.2650344930160339,1.6176192935626854,4.534593871360017,-1.0,0.7472112146682288,48.791691766439094,0.0,48.791691766438746,269,True
brain_hippocampus,excluded_at_or_below_-1,ENSG00000293857.1,ENSG00000293857,,,,,,,,,,,,,,,,,,,,,7,False
brain_hippocampus,raw,ENSG00000293857.1,ENSG00000293857,0.17948714896432544,360.75002212581063,-0.9963687926186107,0.00230448485353136,5.743589746725232,245.36963050870204,0.0,2.228395087379637,0.08460096366414846,-1.0,-0.5965348410370361,-0.994261596806939,0.03768042286317445,7.576045480528596,63.13065459136347,-1.0,-0.5965348410370361,356.06829340582186,0.0,30.123720752381594,255,True
brain_hypothalamus,excluded_at_or_below_-1,ENSG00000293857.1,ENSG00000293857,0.1315788617697538,10.443132453552913,-0.9001854814460656,0.005244711743843193,6.3421072500479445,135.17259434804092,0.0,3.338996866055537,0.003813216452693111,-0.9125683891921,-0.3988882856863981,-0.8207934979403397,0.15591068913593858,2.240989830114718,3.673686521251618,-0.9125683891921,-0.3988882856863981,10.389303609739791,0.0,0.03961666345668369,10,True
brain_hypothalamus,raw,ENSG00000293857.1,ENSG00000293857,0.25641025641025644,285.2318928119446,-0.992831886105565,0.0009082172264754041,15.435897435897438,924.8482307004994,0.0,11.16169523175137,0.0,-1.0,-0.3988882856863981,-0.9930269843556552,0.045390101363669645,9.900837981830804,116.76881198069884,-1.0,-0.3988882856863981,278.20552903042017,0.0,0.0,257,True
brain_nucleus_accumbens_basal_ganglia,excluded_at_or_below_-1,ENSG00000293857.1,ENSG00000293857,,,,,,,,,,,,,,,,,,,,,6,False
brain_nucleus_accumbens_basal_ganglia,raw,ENSG00000293857.1,ENSG00000293857,0.15384615384615383,363.3876798660093,-0.9975823301607849,0.0006659420865310746,7.076923076923078,463.82436550200106,0.0,5.134232458214468,2.0041630063489616e-06,-1.0,-0.779171070387513,-0.9969326249659801,0.022451795096001693,7.90995456053891,64.6507313753009,-1.0,-0.779171070387513,342.26415536883906,0.0,0.0006859531585895473,285,True
brain_putamen_basal_ganglia,excluded_at_or_below_-1,ENSG00000293857.1,ENSG00000293857,,,,,,,,,,,,,,,,,,,,,6,False
brain_putamen_basal_ganglia,raw,ENSG00000293857.1,ENSG00000293857,0.15384615384988728,352.1551672655896,-0.9975279181630217,0.0014582418783778747,7.076923078911581,256.45153128772404,0.0,2.397442916013525,0.057568375108549674,-1.0,-0.7330923529501112,-0.9964530560782765,0.025800466323217273,8.37829175437008,74.60085587562347,-1.0,-0.7330923529501112,345.49823411851867,0.0,19.889771941076777,254,True
brain_spinal_cord_cervical_c-1,excluded_at_or_below_-1,ENSG00000293857.1,ENSG00000293857,,,,,,,,,,,,,,,,,,,,,2,False
brain_spinal_cord_cervical_c-1,raw,ENSG00000293857.1,ENSG00000293857,0.0512820571722433,220.9041141751228,-0.9973993968063091,0.0008077341829236344,1.897435897439592,325.8186968148141,0.0,4.553240886199081,3.179915144161447e-05,-1.0,-0.8113066411892993,-0.9985837046870647,0.014928765488711632,11.18005647316614,129.0996290110765,-1.0,-0.8113066411892993,218.72131905269248,0.0,0.006955152348066429,204,True
brain_substantia_nigra,excluded_at_or_below_-1,ENSG00000293857.1,ENSG00000293857,,,,,,,,,,,,,,,,,,,,,8,False
brain_substantia_nigra,raw,ENSG00000293857.1,ENSG00000293857,0.20512820512820523,182.0120766438896,-0.9945464356423487,0.0007686128645199412,12.358974392088315,815.4684177791099,0.0,10.034316408016839,0.0,-1.0,-0.5513463892059463,-0.9938864665951136,0.0391798871348745,9.087435515552096,92.6004730946091,-1.0,-0.5513463892059463,168.85563920810435,0.0,0.0,183,True
breast_mammary_tissue,excluded_at_or_below_-1,ENSG00000293857.1,ENSG00000293857,,,,,,,,,,,,,,,,,,,,,6,False
breast_mammary_tissue,raw,ENSG00000293857.1,ENSG00000293857,0.15384615214597266,560.1872251121372,-0.9973636786530429,0.0011943891177021628,5.076923083040645,282.0351151511674,0.0,3.1215299506525946,0.007830370677206195,-1.0,-0.7591679200286032,-0.9980164832857152,0.01911022842645773,10.181908890242331,106.62103435648537,-1.0,-0.7591679200286032,547.8721032399945,0.0,4.2900416520698474,514,True
cells_cultured_fibroblasts,excluded_at_or_below_-1,ENSG00000293857.1,ENSG00000293857,,,,,,,,,,,,,,,,,,,,,5,False
cells_cultured_fibroblasts,raw,ENSG00000293857.1,ENSG00000293857,0.12820512820515068,681.6704419550487,-0.9973453333730357,0.0009659071783104126,4.3589743816081725,332.9532362195471,0.0,3.8867767335568053,0.0005249080776998468,-1.0,-0.7699384342576823,-0.9988590677989422,0.013727331311071948,13.116141422953957,182.69478786470535,-1.0,-0.7699384342576823,680.8329878695678,0.0,0.3573747348972608,652,True
cells_ebv-transformed_lymphocytes,excluded_at_or_below_-1,ENSG00000293857.1,ENSG00000293857,,,,,,,,,,,,,,,,,,,,,5,False
cells_ebv-transformed_lymphocytes,raw,ENSG00000293857.1,ENSG00000293857,0.1282051282051282,355.61900090882756,-0.9979602578908718,0.0008092737084387776,6.35897439390406,317.3175060402451,0.0,3.564468886599262,0.0017722029338568387,-1.0,-0.8163775594228835,-0.998458875990781,0.013701647811391295,10.21764316141806,114.07251862507442,-1.0,-0.8163775594228835,349.55909251775546,0.0,0.6194896493162985,327,True
cervix_ectocervix,excluded_at_or_below_-1,ENSG00000293857.1,ENSG00000293857,,,,,,,,,,,,,,,,,,,,,0,False
cervix_ectocervix,raw,ENSG00000293857.1,ENSG00000293857,0.0,24.0,-0.9875,1.0001e-06,0.0,-17675.90193946968,0.0,,,-1.0,-1.0,-1.0,0.0,,,,-1.0,1.9600537358379766e-188,0.0,,24,True
cervix_endocervix,excluded_at_or_below_-1,ENSG00000293857.1,ENSG00000293857,,,,,,,,,,,,,,,,,,,,,0,False
cervix_endocervix,raw,ENSG00000293857.1,ENSG00000293857,0.0,23.0,-0.9875,1.0001e-06,0.0,-17675.90193946968,0.0,,,-1.0,-1.0,-1.0,0.0,,,,-1.0,1.878384830178061e-188,0.0,,23,True
colon_sigmoid,excluded_at_or_below_-1,ENSG00000293857.1,ENSG00000293857,,,,,,,,,,,,,,,,,,,,,7,False
colon_sigmoid,raw,ENSG00000293857.1,ENSG00000293857,0.1794871794871795,553.9344611055222,-0.9984649357743357,0.00043575413462881423,7.743589743589743,455.17556623425855,0.0,4.981957655772239,4.371089452919959e-06,-1.0,-0.8582140993760754,-0.9982489116629346,0.013901915373485193,8.275036616615564,69.8340849680344,-1.0,-0.8582140993760754,516.7677843502253,0.0,0.002258838211781772,419,True
colon_transverse,excluded_at_or_below_-1,ENSG00000293857.1,ENSG00000293857,,,,,,,,,,,,,,,,,,,,,1,False
colon_transverse,raw,ENSG00000293857.1,ENSG00000293857,1.8333723635060504,446.59763594387033,-0.9976654603117376,0.002519311528932708,1181.0177893684424,106.10390565830963,0.0,1.310492033685717,0.42436158156890863,-1.0,-0.8086496002593031,-0.9996005210861363,0.00874302292435473,21.817472173700754,474.00209205020786,-1.0,-0.8086496002593031,445.9169666286164,0.0,189.2300292069299,479,True
esophagus_gastroesophageal_junction,excluded_at_or_below_-1,ENSG00000293857.1,ENSG00000293857,,,,,,,,,,,,,,,,,,,,,7,False
esophagus_gastroesophageal_junction,raw,ENSG00000293857.1,ENSG00000293857,0.17948717980886122,400.6442837883678,-0.9977210204876856,0.000192540323183726,7.7435897435901,1334.845644610212,0.0,16.739162381120668,0.0,-1.0,-0.8159863669305767,-0.9978598923004026,0.016612875440111977,8.138564092488153,68.60620361416207,-1.0,-0.8159863669305767,256.51243104339903,0.0,0.0,403,True
esophagus_mucosa,excluded_at_or_below_-1,ENSG00000293857.1,ENSG00000293857,0.3238593953766371,1.1829597038751063,-0.8854159639671666,0.03357941165024067,38.465629692622045,2.60155548507688,0.023082157423571788,3.0007598520760226,0.0,-0.9566666951278062,-0.8236440329882645,-0.8909291940467938,0.030564828318929132,-0.13807192704498286,-0.3068064359871112,-0.9566666951278062,-0.8236440329882645,1.1698468349477513,0.027002588805731198,0.0,34,True
esophagus_mucosa,raw,ENSG00000293857.1,ENSG00000293857,1.7847232654016933,571.2671785022234,-0.9978260737859718,0.0020053576839823093,178.2339894278315,122.83624332232317,0.0,1.5330910590333657,0.3097441646181997,-1.0,-0.8236440329882645,-0.9939602485302784,0.02595359182426956,4.3388474289200945,17.952799822616193,-1.0,-0.8236440329882645,569.4559968090475,0.0,176.3856720184426,614,True
esophagus_muscularis,excluded_at_or_below_-1,ENSG00000293857.1,ENSG00000293857,,,,,,,,,,,,,,,,,,,,,8,False
esophagus_muscularis,raw,ENSG00000293857.1,ENSG00000293857,0.20933993736333661,594.106053761384,-0.9976848544907257,0.0014204885075450764,8.359682734043401,212.46298064865587,0.0,2.304918456356641,0.07103946114285255,-1.0,-0.7842791636389455,-0.9978567462699268,0.018272402680590275,8.798488542638632,78.87587633956214,-1.0,-0.7842791636389455,587.1339954866659,0.0,41.709682658022004,561,True
fallopian_tube,excluded_at_or_below_-1,ENSG00000293857.1,ENSG00000293857,,,,,,,,,,,,,,,,,,,,,1,False
fallopian_tube,raw,ENSG00000293857.1,ENSG00000293857,,,,,,,,,,,,,,,,,,,,,29,False
heart_atrial_appendage,excluded_at_or_below_-1,ENSG00000293857.1,ENSG00000293857,,,,,,,,,,,,,,,,,,,,,3,False
heart_atrial_appendage,raw,ENSG00000293857.1,ENSG00000293857,0.07894736841975664,553.2038511450924,-0.9975311688683676,0.0009887008340594547,2.769497934514592,229.7877927260113,0.0,3.5313558452543377,0.0019598131499587615,-1.0,-0.8368826017992934,-0.999162156677626,0.010621699867952096,13.126098417903101,176.27848972731817,-1.0,-0.8368826017992934,553.0208202082225,0.0,1.0838174756450545,461,True
heart_left_ventricle,excluded_at_or_below_-1,ENSG00000293857.1,ENSG00000293857,,,,,,,,,,,,,,,,,,,,,4,False
heart_left_ventricle,raw,ENSG00000293857.1,ENSG00000293857,0.10526315560113662,499.431055686151,-0.9990172977160234,0.0004480103170179018,3.5900277003888754,282.3992167685184,0.0,3.102051102361445,0.008363328760151521,-1.0,-0.9095557298197502,-0.9993823325063342,0.0066872997498821475,11.162929632033986,127.1209825533791,-1.0,-0.9095557298197502,485.9024070332186,0.0,4.063761575367767,452,True
kidney_cortex,excluded_at_or_below_-1,ENSG00000293857.1,ENSG00000293857,,,,,,,,,,,,,,,,,,,,,2,False
kidney_cortex,raw,ENSG00000293857.1,ENSG00000293857,0.05128204758768927,130.04348242017863,-0.9992092921118716,0.000479129289601359,1.897435899610091,240.1931969147479,0.0,2.333879066748554,0.06594453302943526,-1.0,-0.9178329011149358,-0.9989781212086994,0.008374743279824593,9.076882996845484,83.9684988778276,-1.0,-0.9178329011149358,129.45255256242132,0.0,8.536688128197287,104,True
kidney_medulla,excluded_at_or_below_-1,ENSG00000293857.1,ENSG00000293857,,,,,,,,,,,,,,,,,,,,,0,False
kidney_medulla,raw,ENSG00000293857.1,ENSG00000293857,0.0,11.0,-0.9875,1.0001e-06,0.0,-17675.90193946968,0.0,,,-1.0,-1.0,-1.0,0.0,,,,-1.0,8.983579622590726e-189,0.0,,11,True
liver,excluded_at_or_below_-1,ENSG00000293857.1,ENSG00000293857,,,,,,,,,,,,,,,,,,,,,0,False
liver,raw,ENSG00000293857.1,ENSG00000293857,0.0,262.0,-0.9875,1.0001e-06,0.0,-17675.90193946968,0.0,,,-1.0,-1.0,-1.0,0.0,,,,-1.0,2.1397253282897912e-187,0.0,,262,True
lung,excluded_at_or_below_-1,ENSG00000293857.1,ENSG00000293857,0.09558998882789874,9.241961627948207,-1.0240126017780202,0.12198154143105532,9.189274295783324,8.306372591541919,0.0,-1.4344761958194254,1.0,-0.9002833276657083,-0.3075549468841364,-0.7860718791226038,0.16803404534377836,1.9401509970946331,2.7887444530772862,-0.9002833276657083,-0.3075549468841364,3.303204911011972,0.0,3.303204911011973,14,True
lung,raw,ENSG00000293857.1,ENSG00000293857,0.35897435897435914,636.39319904181,-0.9915611427167338,0.0007845141381165087,20.974358974358974,1233.0317477975489,0.0,15.212404520304263,0.0,-1.0,-0.3075549468841364,-0.9950414011717158,0.04057879597151778,11.751857748220278,165.45660490387453,-1.0,-0.3075549468841364,523.4028791018748,0.0,0.0,604,True
minor_salivary_gland,excluded_at_or_below_-1,ENSG00000293857.1,ENSG00000293857,,,,,,,,,,,,,,,,,,,,,6,False
minor_salivary_gland,raw,ENSG00000293857.1,ENSG00000293857,0.15384610841824312,211.04337512408904,-0.9972613021508668,0.0014757045993210878,7.076923078523141,256.4173583635035,0.0,2.6245792303339273,0.031944252776161045,-1.0,-0.7296947300640988,-0.9948950542261653,0.029909228842236346,6.587929186104456,46.546713588009595,-1.0,-0.7296947300640988,210.9494665265131,0.0,6.738623081719258,181,True
muscle_skeletal,excluded_at_or_below_-1,ENSG00000293857.1,ENSG00000293857,0.029220213919974068,0.7133979539940538,-0.9164708697303157,0.021633296704856968,4.545929723290597,5.724302239768639,0.0,0.9116259438132283,0.6599931355404185,-0.9304160581029002,-0.8289059275773127,-0.9048115867199529,0.028633445631182756,2.0282397120133173,3.221002194849847,-0.9304160581029002,-0.8289059275773127,0.7133942427892858,0.0,0.4708353031749833,10,True
muscle_skeletal,raw,ENSG00000293857.1,ENSG00000293857,0.8085745454273776,798.0548022401033,-0.9978832463382692,0.0019389633120172145,150.30643511566515,123.2462803417214,0.0,1.5438877662457107,0.30478964206553255,-1.0,-0.8289059275773127,-0.998836327466014,0.010889425697714488,10.242699297921417,115.50802620754301,-1.0,-0.8289059275773127,795.1382434493559,0.0,242.3499006135454,818,True
nerve_tibial,excluded_at_or_below_-1,ENSG00000293857.1,ENSG00000293857,0.2265060411304334,0.1571673224218416,-0.8569886251975457,0.03294430566571217,8.286398818533552,2.448187729525389,0.03389945763657844,2.862785128223788,0.0,-0.9236776110966768,-0.799957744548098,-0.8575870431373928,0.03584024894597711,-0.084043446291892,-0.6850631838047616,-0.9236776110966768,-0.799957744548098,0.15455673419456817,0.005239389463276678,0.0,12,True
nerve_tibial,raw,ENSG00000293857.1,ENSG00000293857,0.30769230769230765,897.448899539747,-0.9978300415487921,0.0005929380691806407,10.307692307692307,471.94420561154146,0.0,5.175556826238837,1.6501734459849702e-06,-1.0,-0.799957744548098,-0.9974493201755952,0.019452451054562732,7.866380666524488,62.51063226294961,-1.0,-0.799957744548098,829.6401962255457,0.0,0.001369050221532997,670,True
ovary,excluded_at_or_below_-1,ENSG00000293857.1,ENSG00000293857,,,,,,,,,,,,,,,,,,,,,2,False
ovary,raw,ENSG00000293857.1,ENSG00000293857,0.05128205126401681,266.18077978053793,-0.9988669135727491,0.0006499559924417915,1.897435898243835,259.9753376972809,0.0,2.465437985638334,0.048516543223147725,-1.0,-0.8793852927488865,-0.9988225954624135,0.01155807601064889,9.726436409064016,92.96999127064198,-1.0,-0.8793852927488865,262.6530375853135,0.0,12.743017450698856,193,True
pancreas,excluded_at_or_below_-1,ENSG00000293857.1,ENSG00000293857,,,,,,,,,,,,,,,,,,,,,1,False
pancreas,raw,ENSG00000293857.1,ENSG00000293857,0.025641025641025477,398.3985284187892,-0.9988420495970124,0.0004397075154882933,0.9743589743589762,329.7513021056593,0.0,3.7242692171005443,0.0009876668229579866,-1.0,-0.8963157200272377,-0.9997135793370918,0.005449524768542322,18.947368421052634,357.0027700831024,-1.0,-0.8963157200272377,392.4964026942169,0.0,0.3876556750714333,362,True
pituitary,excluded_at_or_below_-1,ENSG00000293857.1,ENSG00000293857,0.7339715361911566,5.723579443608848,-0.8483522939453028,0.12772428653367515,61.319196620654296,9.881276497478739,0.0,1.0270038649529287,0.5901712301717278,-0.9411058492840924,0.044072318759327,-0.701919797691309,0.22071213684471344,1.4676431006965578,1.7690063869107222,-0.9411058492840924,0.044072318759327,5.723431171877223,0.0,3.3778044155099947,74,True
pituitary,raw,ENSG00000293857.1,ENSG00000293857,1.9270360408758265,233.26187014394947,-0.9869556993372376,0.009592584256919074,230.71445528792145,152.0021891209452,0.0,1.9230925071776228,0.15859250875832598,-1.0,0.044072318759327,-0.9295273643104054,0.1657989955425127,3.0718589659177087,10.473520050749205,-1.0,0.044072318759327,231.46682009318636,0.0,36.70890369289052,313,True
prostate,excluded_at_or_below_-1,ENSG00000293857.1,ENSG00000293857,,,,,,,,,,,,,,,,,,,,,9,False
prostate,raw,ENSG00000293857.1,ENSG00000293857,0.23076923076923903,289.2898526844491,-0.9963004543860366,0.0011734285451615923,6.923076923076923,379.67105637530716,0.0,4.458684428172653,4.823266639165078e-05,-1.0,-0.6812724648546322,-0.992490099251508,0.04296759507984268,5.840427234350902,33.46329470824854,-1.0,-0.6812724648546322,289.15699081559546,0.0,0.013946812672822245,282,True
skin_not_sun_exposed_suprapubic,excluded_at_or_below_-1,ENSG00000293857.1,ENSG00000293857,,,,,,,,,,,,,,,,,,,,,7,False
skin_not_sun_exposed_suprapubic,raw,ENSG00000293857.1,ENSG00000293857,-0.5755351012338457,591.7554821200305,-0.9972144348235275,0.00346775782331614,3736.9405269054155,94.71982109674724,0.0,1.1360032194158314,0.5245961512879292,-1.0,-0.7649543226519435,-0.9983576618898665,0.0163471257445677,10.570889492354613,117.30300242467332,-1.0,-0.7649543226519435,591.6814526868937,0.0,310.3938128679957,651,True
skin_sun_exposed_lower_leg,excluded_at_or_below_-1,ENSG00000293857.1,ENSG00000293857,,,,,,,,,,,,,,,,,,,,,6,False
skin_sun_exposed_lower_leg,raw,ENSG00000293857.1,ENSG00000293857,2.463831532546277,697.2256838893381,-0.9952129995267033,0.0032441030269393747,2547.7318775683593,164.7543414802671,0.0,2.086814424882775,0.11440607351398853,-1.0,-0.6172785261783758,-0.9985858355511179,0.017847769860066424,15.991199577575387,298.1260640179524,-1.0,-0.6172785261783758,690.705155981759,0.0,79.02086485173949,754,True
small_intestine_terminal_ileum,excluded_at_or_below_-1,ENSG00000293857.1,ENSG00000293857,,,,,,,,,,,,,,,,,,,,,8,False
small_intestine_terminal_ileum,raw,ENSG00000293857.1,ENSG00000293857,0.205128205128185,224.8436427976835,-0.9961112802598154,0.0016599189505209315,6.358974358974821,301.4349828545969,0.0,3.313101639758493,0.00426414916287372,-1.0,-0.6423049997213361,-0.9927288988975067,0.04149838451542709,6.525482448518433,44.51854119791284,-1.0,-0.6423049997213361,218.02213904146967,0.0,0.9296789216816196,207,True
spleen,excluded_at_or_below_-1,ENSG00000293857.1,ENSG00000293857,,,,,,,,,,,,,,,,,,,,,6,False
spleen,raw,ENSG00000293857.1,ENSG00000293857,0.1538461538519523,285.17847340553635,-0.9972475685860677,0.0010188776671047454,7.076923085270347,327.5030177822614,0.0,3.820405492002034,0.0006779591143823347,-1.0,-0.7612962811667761,-0.9971388436254838,0.020593351139172048,8.197038263535473,74.73866428662373,-1.0,-0.7612962811667761,284.8007235821261,0.0,0.19308324633518784,277,True
stomach,excluded_at_or_below_-1,ENSG00000293857.1,ENSG00000293857,,,,,,,,,,,,,,,,,,,,,8,False
stomach,raw,ENSG00000293857.1,ENSG00000293857,0.20512820512820512,442.8848799589102,-0.9974743809410419,0.0008953824953612872,6.3589743589743595,351.77503456149105,0.0,3.989093761683932,0.00035540506517678757,-1.0,-0.7747546894943442,-0.9976667503717409,0.01784963704149563,8.719993142706032,84.02292275459666,-1.0,-0.7747546894943442,436.648158786042,0.0,0.15518696733267254,407,True
testis,excluded_at_or_below_-1,ENSG00000293857.1,ENSG00000293857,0.22379816401938388,3.432501684371577,-0.8824380430214172,0.10427667579647083,35.23066416594921,5.437557662225938,0.0,0.6569682276225416,0.8059011793785401,-0.9308794274792368,-0.4815011176838546,-0.8284428409931833,0.08472206252796055,1.7100814363769716,4.004793307859083,-0.9308794274792368,-0.4815011176838546,3.432467540905434,0.0,2.766229639394247,51,True
testis,raw,ENSG00000293857.1,ENSG00000293857,1.3076923133601879,390.0847395194151,-0.9928684598105759,0.002365600824689905,126.3076923094473,305.70780287290876,0.0,4.263407736093536,0.0001138430959333802,-1.0,-0.4815011176838546,-0.9788661470788704,0.06368443960255006,3.60043636360476,15.234925609023549,-1.0,-0.4815011176838546,387.1184208778301,0.0,0.04407075952557382,414,True
thyroid,excluded_at_or_below_-1,ENSG00000293857.1,ENSG00000293857,,,,,,,,,,,,,,,,,,,,,6,False
thyroid,raw,ENSG00000293857.1,ENSG00000293857,0.15384615365318136,790.3325598318515,-0.9966660212541906,0.0017266047151887692,7.0769230794853915,260.0616201424189,0.0,2.7307686105050633,0.024144427793868866,-1.0,-0.6791583749379898,-0.9983961486766639,0.01810714594220759,12.760382961704005,181.03409792402948,-1.0,-0.6791583749379898,786.5111312681161,0.0,18.98986121797714,684,True
uterus,excluded_at_or_below_-1,ENSG00000293857.1,ENSG00000293857,,,,,,,,,,-0.8071771208505889,-0.7113095232316986,,,,,,,,,,2,False
uterus,raw,ENSG00000293857.1,ENSG00000293857,0.051282050290512735,200.33749429634807,-0.9972469701991125,0.0016081608256533822,1.897435898415651,251.45284541262188,0.0,2.421009155257201,0.05376112767937109,-1.0,-0.7113095232316986,-0.9968528538828908,0.027981133353772704,9.069126880909948,82.80047151990726,-1.0,-0.7113095232316986,198.85290046408298,0.0,10.690556171262955,153,True
vagina,excluded_at_or_below_-1,ENSG00000293857.1,ENSG00000293857,,,,,,,,,,-0.8513248556364061,-0.8318034203751202,,,,,,,,,,3,False
vagina,raw,ENSG00000293857.1,ENSG00000293857,0.0769230751426274,185.26970258966426,-0.9981585754956325,0.0008083401818431183,2.769230779947404,291.0429566988515,0.0,3.2216232307357235,0.005708258412495519,-1.0,-0.8318034203751202,-0.9971900058906782,0.021054658205166443,7.356190297924454,52.257496695715,-1.0,-0.8318034203751202,180.95091439126327,0.0,1.0329145793227272,170,True
whole_blood,excluded_at_or_below_-1,ENSG00000293857.1,ENSG00000293857,0.09962670754252226,0.8331412085448701,-0.892914021816169,0.04527403625255847,10.783695555109478,7.0065972492032085,0.0,0.6160168670611067,0.8271866420070096,-0.9126349258674018,-0.6686077739428262,-0.8500768199886951,0.06710385934729646,1.7552912082291947,2.502159237748722,-0.9126349258674018,-0.6686077739428262,0.8331299891444695,0.0,0.6891539980757502,12,True
whole_blood,raw,ENSG00000293857.1,ENSG00000293857,0.3076911697661372,835.1083556187529,-0.9962544178069359,0.0016974174737993558,18.307692312181295,272.9807690629579,0.0,3.120654298767137,0.007722373416168969,-1.0,-0.6686077739428262,-0.9977595539724338,0.019825453697298462,10.59532014293551,131.26661761872325,-1.0,-0.6686077739428262,830.4380912289624,0.0,6.412953039480576,803,True
adipose_subcutaneous,excluded_at_or_below_-1,ENSG00000293858.1,ENSG00000293858,0.2503563030391821,3.8716432647983017,-0.9420840838954132,0.014337371092155332,20.73280296050947,16.2495760111602,0.0,3.160039232248758,0.00678660815689214,-0.974120726976741,-0.7773450320571268,-0.920622749847505,0.04596372149690247,1.6512285004798395,1.8817689955176364,-0.974120726976741,-0.7773450320571268,3.8711787830183235,0.0,0.026272173505619945,30,True
adipose_subcutaneous,raw,ENSG00000293858.1,ENSG00000293858,0.7692150975464397,751.4824349580698,-0.9975713889556009,0.001149096125546722,62.92307693629718,271.0365945839893,0.0,2.9889359126368564,0.011747598208952851,-1.0,-0.7773450320571268,-0.9966648214221642,0.01843633384583636,7.1030662885335865,59.36727875649459,-1.0,-0.7773450320571268,734.5700468068826,0.0,8.62943376621919,714,True
adipose_visceral_omentum,excluded_at_or_below_-1,ENSG00000293858.1,ENSG00000293858,0.1286803928570412,2.91338008691006,-0.9607083555749917,0.04339921749691849,12.215147651774014,7.655680579191129,0.0,-0.09505437488199155,1.0,-0.9577913382310094,-0.7257717410613225,-0.9129733745435691,0.055670904573423656,2.142205648885379,4.115460464033299,-0.9577913382310094,-0.7257717410613225,2.900248090891803,0.0,2.900248090891804,23,True
adipose_visceral_omentum,raw,ENSG00000293858.1,ENSG00000293858,-0.01525706875814324,516.7327125099837,-0.9966268732243794,0.0036245206394912677,2485.9420163741906,105.68211342758862,0.0,1.3161248364021356,0.4215013901565716,-1.0,-0.7257717410613225,-0.9965900981507703,0.0200490763560175,8.155148221557772,82.51339824958939,-1.0,-0.7257717410613225,515.617728491921,0.0,217.3335893487184,587,True
adrenal_gland,excluded_at_or_below_-1,ENSG00000293858.1,ENSG00000293858,0.22311078547515076,1.2561731277221826,-0.9611435976852415,0.03305988993930615,23.32719664610057,6.444810197920847,0.0,0.6235412358961389,0.8233284377163832,-0.975720041568833,-0.8104840922952269,-0.9275701876727844,0.044317869362691505,1.1525609036874769,0.43201097333849736,-0.975720041568833,-0.8104840922952269,1.2561709250826054,0.0,1.0342412452530052,22,True
adrenal_gland,raw,ENSG00000293858.1,ENSG00000293858,0.5641025641025602,301.08477542099445,-0.9978981984260575,0.0008448423327451436,27.589743589743783,313.7195668321284,0.0,3.5182852185310693,0.002088509580938569,-1.0,-0.8104840922952269,-0.9945984546739026,0.022440558673413803,5.1057224628129365,28.942208215393546,-1.0,-0.8104840922952269,295.754884425361,0.0,0.6176869097317227,295,True
artery_aorta,excluded_at_or_below_-1,ENSG00000293858.1,ENSG00000293858,0.09302684904837416,1110459476461.0405,-2.7437346626764105,0.35032501807232613,6.2799854788458,8.487523883627377,0.0,-7.245422559935746,1.0,-0.9489189030312684,-0.6412290461048837,-0.8993533715935256,0.06464204867824117,2.8934581458617616,9.202182245047142,-0.9489189030312684,-0.6412290461048837,4.426741963273829,0.0,4.426741963273781,23,True
artery_aorta,raw,ENSG00000293858.1,ENSG00000293858,0.10849889401230083,414.2820870671149,-0.9955993664826677,0.004774029602308563,1388.7581368368647,104.97532586275096,0.0,1.3036022232111404,0.42835996583515507,-1.0,-0.6412290461048837,-0.9950956092090065,0.025801798293913505,7.838976658796964,82.99190912037169,-1.0,-0.6412290461048837,413.49653244001445,0.0,177.12536050895932,472,True
artery_coronary,excluded_at_or_below_-1,ENSG00000293858.1,ENSG00000293858,0.08643352223999157,2.3221633902914722,-0.9392971649180789,0.04096950869638051,8.221228213000586,10.292181548703624,0.0,1.0540237264335064,0.5738080155669955,-0.9698320398303564,-0.6411345445874042,-0.9097383250810661,0.07270540796633752,2.689861053961649,7.186024309181764,-0.9698320398303564,-0.6411345445874042,2.3221109060913894,0.0,1.3324458509507775,21,True
artery_coronary,raw,ENSG00000293858.1,ENSG00000293858,0.5384615384615384,250.72489722470812,-0.9957041759989756,0.0014507935729787267,35.692307693709374,345.62958568829174,0.0,4.187509978654753,0.00015646627494017682,-1.0,-0.6411345445874042,-0.9929272568160538,0.03140920840706383,7.09189941861491,64.71872066874124,-1.0,-0.6411345445874042,249.48691456718723,0.0,0.039036288168645905,268,True
artery_tibial,excluded_at_or_below_-1,ENSG00000293858.1,ENSG00000293858,0.24654100298368603,2.511068346183756,-0.937747346070791,0.02607444241147997,24.40193236765878,14.870251432827612,0.0,0.9257441440494023,0.6514873717457549,-0.9548156750799374,-0.6635783485829845,-0.8908568994588734,0.07563480614055085,1.817885197167378,2.4435311729910394,-0.9548156750799374,-0.6635783485829845,2.5110586932459236,0.0,1.6359230283621164,23,True
artery_tibial,raw,ENSG00000293858.1,ENSG00000293858,-0.3146176025321796,616.4631872633668,-0.9958464121686358,0.004323576416672992,2941.4749132619095,108.68271000235085,0.0,1.358611408132196,0.3984101527572065,-1.0,-0.6635783485829845,-0.9963671616317716,0.02379609090734486,9.013674676769147,97.25262052801176,-1.0,-0.6635783485829845,614.8383569106807,0.0,244.95784369777408,691,True
bladder,excluded_at_or_below_-1,ENSG00000293858.1,ENSG00000293858,,,,,,,,,,,,,,,,,,,,,3,False
bladder,raw,ENSG00000293858.1,ENSG00000293858,0.06859946049961702,72.7664762709634,-0.9984963099960166,0.0014171847408600625,4.715591049657439,120.02083110668562,0.0,1.5005374641190061,0.3254415030698474,-1.0,-0.8782233222696662,-0.9965302776559988,0.018471698081486743,5.504369800490355,29.620703644465607,-1.0,-0.8782233222696662,72.53154461012,0.0,23.604774897895137,77,True
brain_amygdala,excluded_at_or_below_-1,ENSG00000293858.1,ENSG00000293858,,,,,,,,,,,,,,,,,,,,,6,False
brain_amygdala,raw,ENSG00000293858.1,ENSG00000293858,0.15382645246030022,180.40888481176563,-0.9993957389505285,0.00027190310092487814,5.076923126708236,268.3086620966829,0.0,3.1428629113462803,0.0071663223592727705,-1.0,-0.9478095010794432,-0.9987165080936419,0.007131920774191478,5.6381208311802675,31.276272192249934,-1.0,-0.9478095010794432,180.33115197353717,0.0,1.292311166461397,181,True
brain_anterior_cingulate_cortex_ba24,excluded_at_or_below_-1,ENSG00000293858.1,ENSG00000293858,,,,,,,,,,,,,,,,,,,,,1,False
brain_anterior_cingulate_cortex_ba24,raw,ENSG00000293858.1,ENSG00000293858,-0.17533256008497927,220.8790448021097,-0.9990021632546497,0.0011574892495452424,190.29689893884418,100.78319844148618,0.0,1.2191510710472577,0.4757815496250397,-1.0,-0.9165142902526022,-0.9996416922328437,0.005469330694796378,15.165892995297911,228.00431034482673,-1.0,-0.9165142902526022,220.79773043747963,0.0,105.05148634123547,233,True
brain_caudate_basal_ganglia,excluded_at_or_below_-1,ENSG00000293858.1,ENSG00000293858,0.23684217146494288,6.9471766748669905,-0.9637316406234574,0.0005037181684091708,6.868422590780192,131.29952490552097,0.0,19.011753440787455,0.0,-0.9705032951148548,-0.9169650433017476,-0.9489531575606928,0.016864762270565804,0.5240764217956041,-0.9161624947377378,-0.9705032951148548,-0.9169650433017476,6.934906472004526,0.0,0.0,12,True
brain_caudate_basal_ganglia,raw,ENSG00000293858.1,ENSG00000293858,0.3076923076923077,318.2468581135804,-0.9990167901665573,0.0001722582188828426,14.307692307692308,673.6322596690673,0.0,8.072001963862391,7.14007017573308e-15,-1.0,-0.9169650433017476,-0.9979581263024276,0.010529018555058972,5.442182559125615,30.08709888829153,-1.0,-0.9169650433017476,316.48042351895094,0.0,2.2596924331708124e-12,300,True
brain_cerebellar_hemisphere,excluded_at_or_below_-1,ENSG00000293858.1,ENSG00000293858,,,,,,,,,,,,,,,,,,,,,9,False
brain_cerebellar_hemisphere,raw,ENSG00000293858.1,ENSG00000293858,0.2307692307406215,293.5130422568603,-0.9989795275837744,0.0004867479155566409,6.923076927556242,268.5064963901839,0.0,2.96491445557321,0.012602972785902626,-1.0,-0.906564222775052,-0.9979733694034423,0.011510950775911754,5.889948123640065,34.81039571481206,-1.0,-0.906564222775052,287.25943676949174,0.0,3.6203228640996077,277,True
brain_cerebellum,excluded_at_or_below_-1,ENSG00000293858.1,ENSG00000293858,,,,,,,,,,,,,,,,,,,,,6,False
brain_cerebellum,raw,ENSG00000293858.1,ENSG00000293858,0.15385995708784528,284.9138699481053,-0.9984633473460535,0.0007096944327967769,7.0769230844573725,276.24017412131496,0.0,3.062099578974953,0.009392424726067614,-1.0,-0.8598378109314981,-0.9983980024555398,0.011719455161056503,8.69821702645693,84.91004738740862,-1.0,-0.8598378109314981,279.1674561183982,0.0,2.6220593175597102,266,True
brain_cortex,excluded_at_or_below_-1,ENSG00000293858.1,ENSG00000293858,,,,,,,,,,,,,,,,,,,,,2,False
brain_cortex,raw,ENSG00000293858.1,ENSG00000293858,0.0512820512818435,299.965899184129,-0.9995016653080003,0.00021235725357680288,1.8974359121666824,300.1882144578355,0.0,3.3187078291720193,0.004165612318705169,-1.0,-0.95442562695392,-0.9996952322875591,0.0035550804956717627,11.689727005695579,136.14895780924715,-1.0,-0.95442562695392,292.26179826161615,0.0,1.217449347125307,270,True
brain_frontal_cortex_ba9,excluded_at_or_below_-1,ENSG00000293858.1,ENSG00000293858,,,,,,,,,,,,,,,,,,,,,4,False
brain_frontal_cortex_ba9,raw,ENSG00000293858.1,ENSG00000293858,-0.23886982684616437,248.1982489440271,-0.998974996981613,0.0010183248703422277,313.03882253930743,113.1130719444582,0.0,1.4234879381755563,0.3643841216945332,-1.0,-0.917526298293866,-0.9993488598905454,0.00599175154800779,11.074814931993691,135.73103609695784,-1.0,-0.917526298293866,247.3033080338509,0.0,90.11339869006734,269,True
brain_hippocampus,excluded_at_or_below_-1,ENSG00000293858.1,ENSG00000293858,,,,,,,,,,,,,,,,,,,,,6,False
brain_hippocampus,raw,ENSG00000293858.1,ENSG00000293858,0.15384613000223182,321.14445981186117,-0.9991416840082206,0.0005093570485906106,5.076923084435653,245.4016148169044,0.0,2.383086912677293,0.05873841518776495,-1.0,-0.9107554278102816,-0.9986683326608763,0.009088669271442135,7.360189185408131,56.58408902284671,-1.0,-0.9107554278102816,319.57780633384994,0.0,18.771493873232817,255,True
brain_hypothalamus,excluded_at_or_below_-1,ENSG00000293858.1,ENSG00000293858,,,,,,,,,,,,,,,,,,,,,8,False
brain_hypothalamus,raw,ENSG00000293858.1,ENSG00000293858,0.20512820512820515,280.31025510292164,-0.9987706410269829,0.00019931415447297705,8.358974359652073,650.0285063335259,0.0,8.722793106509767,3.018655098102275e-17,-1.0,-0.9071579698079392,-0.9982425570439166,0.01051003809857478,6.5259606746368055,44.43218882591467,-1.0,-0.9071579698079392,279.5183521448077,0.0,8.43769498715119e-15,257,True
brain_nucleus_accumbens_basal_ganglia,excluded_at_or_below_-1,ENSG00000293858.1,ENSG00000293858,,,,,,,,,,,,,,,,,,,,,3,False
brain_nucleus_accumbens_basal_ganglia,raw,ENSG00000293858.1,ENSG00000293858,0.03946479115804066,264.7374407078584,-0.9990408951686445,0.0007720211976357047,299.81493725013513,138.73462434277286,0.0,1.7569194529821073,0.21507741651706144,-1.0,-0.9233054661723904,-0.9995122155870664,0.005365970453238835,12.305237248121372,158.7978313458353,-1.0,-0.9233054661723904,262.98915662300925,0.0,56.563028378476346,285,True
brain_putamen_basal_ganglia,excluded_at_or_below_-1,ENSG00000293858.1,ENSG00000293858,,,,,,,,,,,,,,,,,,,,,4,False
brain_putamen_basal_ganglia,raw,ENSG00000293858.1,ENSG00000293858,0.1025604271379129,335.5788909118204,-0.9995794583276536,0.0002494359491566244,3.5897435966448152,249.7905127262768,0.0,2.384322462685411,0.058867480748541624,-1.0,-0.955521944462742,-0.9994563567539038,0.0043787682591177384,8.19507708699131,67.51699863337136,-1.0,-0.955521944462742,332.22974093178027,0.0,19.557527878394506,254,True
brain_spinal_cord_cervical_c-1,excluded_at_or_below_-1,ENSG00000293858.1,ENSG00000293858,,,,,,,,,,,,,,,,,,,,,8,False
brain_spinal_cord_cervical_c-1,raw,ENSG00000293858.1,ENSG00000293858,0.2051239422210665,213.95153654768242,-0.999268591478995,0.00034549561070679354,8.358974360113288,270.20716691226465,0.0,2.993866833574765,0.011540892813956496,-1.0,-0.9332563620438226,-0.9983087692526911,0.008653014079065786,5.2622829091530665,27.798455944828824,-1.0,-0.9332563620438226,209.7652126092376,0.0,2.4208778348199806,204,True
brain_substantia_nigra,excluded_at_or_below_-1,ENSG00000293858.1,ENSG00000293858,,,,,,,,,,,,,,,,,,,,,7,False
brain_substantia_nigra,raw,ENSG00000293858.1,ENSG00000293858,0.17948717948768153,205.59035635719084,-0.998482359858943,0.0004051758599714746,7.7435897471541075,373.7268819544372,0.0,5.297125229613096,8.297452363848077e-07,-1.0,-0.8914086371771645,-0.9978626612512648,0.011741232810026583,6.341456459086801,44.508400067892936,-1.0,-0.8914086371771645,199.98950814342055,0.0,0.00016594034170894223,183,True
breast_mammary_tissue,excluded_at_or_below_-1,ENSG00000293858.1,ENSG00000293858,0.3199573959527216,2.8441737112026444,-0.9546798078512304,0.04417660403362213,30.904207819397328,8.068759969274762,0.0,0.2198812764336096,0.9761170851565313,-0.9615483659968016,-0.7026313028101268,-0.8960537814970566,0.06940248190354757,1.4940128359983134,1.3525386650168096,-0.9615483659968016,-0.7026313028101268,2.844170433582778,0.0,2.7762433533172093,33,True
breast_mammary_tissue,raw,ENSG00000293858.1,ENSG00000293858,0.8461538461538463,590.816707329665,-0.9966320548306605,0.0007666996929701131,75.07692307692307,542.2981835882066,0.0,6.212332911413773,4.2471852454497814e-09,-1.0,-0.7026313028101268,-0.9933264100961147,0.0308363462015097,6.052090044988022,42.282184067079854,-1.0,-0.7026313028101268,579.3895775930029,0.0,2.460774865320481e-06,514,True
cells_cultured_fibroblasts,excluded_at_or_below_-1,ENSG00000293858.1,ENSG00000293858,0.5779400749278459,57.475616563355835,-1.2404405102397902,0.27543061700145327,221.42117916616252,4.042505436988043,0.0,-1.4276796861212402,1.0,-0.962387246368549,-0.4531267718020285,-0.8553023541379603,0.10075414562455748,1.4872453475034408,1.903195330379151,-0.962387246368549,-0.4531267718020285,20.72710756729637,0.0,20.72710756729636,192,True
cells_cultured_fibroblasts,raw,ENSG00000293858.1,ENSG00000293858,5.046007577734795,431.0166497324009,-0.9931660551242267,0.005127130055186698,2128.0253813690583,148.95874894296767,0.0,1.8850033886017301,0.17047786364950834,-1.0,-0.4531267718020285,-0.9573896502982951,0.08564475753697061,2.5750375809788166,7.235406920539603,-1.0,-0.4531267718020285,427.8093510889563,0.0,72.93202422292799,652,True
cells_ebv-transformed_lymphocytes,excluded_at_or_below_-1,ENSG00000293858.1,ENSG00000293858,0.8254116255481333,8.382012438738771,-0.9547514492321443,0.0030652746673745742,34.62360664282336,56.12963687409976,0.0,8.635003485705536,6.623367369614065e-17,-0.9734676163950504,-0.8330917801575515,-0.9307134088280856,0.0352158163336274,1.3582046763354854,1.0823633033343674,-0.9734676163950504,-0.8330917801575515,8.381107091526532,0.0,5.551115123125783e-16,46,True
cells_ebv-transformed_lymphocytes,raw,ENSG00000293858.1,ENSG00000293858,1.491706260759433,262.769878631928,-0.9979641668185056,0.002202344387530987,454.3702237847514,105.87116465383492,0.0,1.3072900461432027,0.4261334104269669,-1.0,-0.8330917801575515,-0.990253262403951,0.027446061887808838,3.277621930727347,11.492937400873572,-1.0,-0.8330917801575515,262.37580396390535,0.0,111.80709615665629,327,True
cervix_ectocervix,excluded_at_or_below_-1,ENSG00000293858.1,ENSG00000293858,,,,,,,,,,,,,,,,,,,,,3,False
cervix_ectocervix,raw,ENSG00000293858.1,ENSG00000293858,0.0769230769231331,22.851231954880802,-0.9977392148322441,0.0008925418177212176,2.769230769305162,316.58211799168623,0.0,3.5821661040100694,0.0016561401133869808,-1.0,-0.7979371576548379,-0.9851442596687656,0.04554454465381637,3.301844510955376,10.341657911841713,-1.0,-0.7979371576548379,22.563050833472,0.0,0.037367573565703555,24,True
cervix_endocervix,excluded_at_or_below_-1,ENSG00000293858.1,ENSG00000293858,,,,,,,,,,,,,,,,,,,,,4,False
cervix_endocervix,raw,ENSG00000293858.1,ENSG00000293858,0.10256410256469242,21.119436191083278,-0.9971858197236223,0.0010502458343290555,3.589743590065109,337.0884811097635,0.0,3.7894479404041324,0.0007761844688035796,-1.0,-0.7468517948598166,-0.977901553300035,0.05887547709863185,3.0028949057046463,8.627439945546493,-1.0,-0.7468517948598166,20.725322565309572,0.0,0.016086673486137154,23,True
colon_sigmoid,excluded_at_or_below_-1,ENSG00000293858.1,ENSG00000293858,0.1187582628033193,0.3408149644279986,-0.9438976860555072,0.02550830530873827,9.323168897032254,3.637322865362167,0.0,1.182027286275149,0.49660942302278605,-0.965218025291238,-0.8782909455852618,-0.9315546943559231,0.024478552685775194,0.8101934687432383,0.0834280296510479,-0.965218025291238,-0.8782909455852618,0.3403581802260969,0.0,0.1690250795031674,11,True
colon_sigmoid,raw,ENSG00000293858.1,ENSG00000293858,0.2820512795674296,572.1987122824444,-0.9988996160621786,0.0007231324393250897,11.897435948658336,235.8716166673915,0.0,2.1519956844103874,0.10006805630271028,-1.0,-0.8782909455852618,-0.9982031065344038,0.011592304387234983,7.01989020672191,52.37826614755444,-1.0,-0.8782909455852618,564.4480656460394,0.0,56.48322081302359,419,True
colon_transverse,excluded_at_or_below_-1,ENSG00000293858.1,ENSG00000293858,0.11681049798634249,399221899303.3657,-1.701724925548823,0.1426191135600315,9.336186635554846,8.162239838270592,0.0,-7.284909107759652,1.0,-0.967064116914898,-0.8785879953350123,-0.9422797191396235,0.025610717302386905,1.3217848268272434,1.1337547222150572,-0.967064116914898,-0.8785879953350123,1.193262975521278,0.0,1.1932629755212782,12,True
colon_transverse,raw,ENSG00000293858.1,ENSG00000293858,0.307694486379569,511.6754778282656,-0.9985305527321275,0.00015890225506725263,10.307692307877428,1067.4763004774425,0.0,13.077928029015878,0.0,-1.0,-0.8785879953350123,-0.9985539804377359,0.009830465758110156,7.91181888059442,70.63152539765967,-1.0,-0.8785879953350123,462.31812002459856,0.0,0.0,479,True
esophagus_gastroesophageal_junction,excluded_at_or_below_-1,ENSG00000293858.1,ENSG00000293858,0.08212604602512626,1.8978640109066198,-0.952707815766444,0.012556784900494299,3.0471489910477656,24.708225646353092,0.0,1.3850190877599877,0.3832380509116747,-0.965005383284392,-0.7333237828531171,-0.9237052141122113,0.06884507190157815,2.4055308961562507,4.2578640048165015,-0.965005383284392,-0.7333237828531171,1.8977881041255784,0.0,0.727304614068449,10,True
esophagus_gastroesophageal_junction,raw,ENSG00000293858.1,ENSG00000293858,0.25641025641035203,410.25067727036503,-0.996889291917488,0.0010666097923903008,11.435897450642834,349.46043075161236,0.0,4.124475126947188,0.00020232830802288703,-1.0,-0.7333237828531171,-0.9981068291342982,0.015726308739752243,13.024509685122041,202.41670365457242,-1.0,-0.7333237828531171,410.238926328208,0.0,0.08300294784911211,403,True
esophagus_mucosa,excluded_at_or_below_-1,ENSG00000293858.1,ENSG00000293858,0.20909816066604328,367229239902.2652,-1.6052180989561569,0.12709177588218976,18.47734743434812,8.205887107492085,0.0,-7.15496054016417,1.0,-0.9622199934291812,-0.867775895792786,-0.9388917190388192,0.024144438223695525,1.3655028932397266,1.437554336005518,-0.9622199934291812,-0.867775895792786,2.8072619468943873,0.0,2.807261946894337,23,True
esophagus_mucosa,raw,ENSG00000293858.1,ENSG00000293858,0.5897435841192464,837.760374143921,-0.9988168726205809,0.0007939905304663735,41.43589761448544,233.4031950577962,0.0,2.1073233518375623,0.10965672289069783,-1.0,-0.867775895792786,-0.9977109275861448,0.012481295783513336,6.171606979990864,42.14940075023248,-1.0,-0.867775895792786,829.4200727137245,0.0,90.95148707354862,614,True
esophagus_muscularis,excluded_at_or_below_-1,ENSG00000293858.1,ENSG00000293858,0.09621085056177071,1.2982688498538708,-0.931022435414733,0.020171214955415594,16.134891175891177,7.061558040540466,0.0,3.649090411068823,0.0012838017846280325,-0.9830701522743426,-0.8303020004354036,-0.9240774862850872,0.03254047573099126,1.2756793045287274,2.8214886849414427,-0.9830701522743426,-0.8303020004354036,1.2982675948528186,0.0,0.0016667182551967918,16,True
esophagus_muscularis,raw,ENSG00000293858.1,ENSG00000293858,0.41025641025641035,597.2803437855198,-0.997991102109647,0.00036962137264536546,21.435897435897434,641.5976439690588,0.0,7.686272635230394,1.4904504924744588e-13,-1.0,-0.8303020004354036,-0.9978346520152609,0.013724359810696857,7.306150154086408,61.14184047211084,-1.0,-0.8303020004354036,594.3812328115143,0.0,8.858958011614959e-11,561,True
fallopian_tube,excluded_at_or_below_-1,ENSG00000293858.1,ENSG00000293858,,,,,,,,,,,,,,,,,,,,,3,False
fallopian_tube,raw,ENSG00000293858.1,ENSG00000293858,0.07692307692307691,27.892877066474412,-0.9987477306395499,0.00027276932718088093,2.7692307698289516,543.5312178047004,0.0,6.492578661965095,7.03691241346254e-10,-1.0,-0.8939130376858136,-0.9914342437164442,0.027056819074070673,3.0005486802203523,7.443007171930718,-1.0,-0.8939130376858136,27.834157300361554,0.0,1.9586652702519025e-08,29,True
heart_atrial_appendage,excluded_at_or_below_-1,ENSG00000293858.1,ENSG00000293858,0.22163036271088446,6.637871393824106,-0.9575493696066928,0.031483841440119245,38.11999457898554,10.507695729051015,0.0,0.6386607998333581,0.8155227733804656,-0.9717675159255784,-0.7236224472263633,-0.9356698663864386,0.0413521027264725,3.080865625799453,11.843325493586192,-0.9717675159255784,-0.7236224472263633,6.63775272981243,0.0,5.41323851523039,53,True
heart_atrial_appendage,raw,ENSG00000293858.1,ENSG00000293858,1.358974358974352,586.6418743532748,-0.997329116832139,0.0012947859626722623,240.97435897435972,298.95264192514105,0.0,2.9172382991453043,0.014271817152364811,-1.0,-0.7236224472263633,-0.9926041278058161,0.024805198041444623,5.136768582942121,37.6121297727073,-1.0,-0.7236224472263633,583.3243666686378,0.0,8.3250987016138,461,True
heart_left_ventricle,excluded_at_or_below_-1,ENSG00000293858.1,ENSG00000293858,0.11359416999957035,3.488480906651114,-0.9802062319003618,0.04319872464276083,8.433004428584066,8.97718739029949,0.0,-0.29533939262252507,1.0,-0.9711847619912118,-0.7059880682099595,-0.9251439256201742,0.06431815106711027,2.365686870544566,5.112431582616486,-0.9711847619912118,-0.7059880682099595,3.3396088613102406,0.0,3.33960886131024,20,True
heart_left_ventricle,raw,ENSG00000293858.1,ENSG00000293858,0.3810646149646711,400.7126987009087,-0.9963241324051936,0.002871724380370663,994.3828145089493,142.97932017345218,0.0,1.810223098566356,0.19564192705336977,-1.0,-0.7059880682099595,-0.9966877843194767,0.020292184701476534,9.519717343978432,112.0662054478819,-1.0,-0.7059880682099595,397.92361649185307,0.0,77.85054315051218,452,True
kidney_cortex,excluded_at_or_below_-1,ENSG00000293858.1,ENSG00000293858,,,,,,,,,,,,,,,,,,,,,3,False
kidney_cortex,raw,ENSG00000293858.1,ENSG00000293858,0.07692307692394441,130.856050803596,-0.9986447722746581,0.0006579323602569628,2.769230776610178,287.7899183677217,0.0,2.913037182932254,0.014365983151273567,-1.0,-0.8647567193754165,-0.9980863421850272,0.013953142062859109,8.738106467778213,79.30128954735727,-1.0,-0.8647567193754165,130.85596359812718,0.0,1.8798745682943618,104,True
kidney_medulla,excluded_at_or_below_-1,ENSG00000293858.1,ENSG00000293858,,,,,,,,,,,,,,,,,,,,,0,False
kidney_medulla,raw,ENSG00000293858.1,ENSG00000293858,0.0,11.0,-0.9875,1.0001e-06,0.0,-17675.90193946968,0.0,,,-1.0,-1.0,-1.0,0.0,,,,-1.0,8.983579622590726e-189,0.0,,11,True
liver,excluded_at_or_below_-1,ENSG00000293858.1,ENSG00000293858,0.8535170970165039,8.984228602935325,-0.9587616614472202,0.07579314651869022,78.01612459195674,7.96357362960137,0.0,0.28452034593846953,0.960342654776066,-0.9740102015836029,-0.5319631078341995,-0.8722170118859534,0.10666981969588689,1.5717904460278795,1.7699110451357623,-0.9740102015836029,-0.5319631078341995,8.984131686275793,0.0,8.62784487445587,101,True
liver,raw,ENSG00000293858.1,ENSG00000293858,2.589749459089376,181.9145295744435,-0.9950020588927523,0.002292011700028592,411.43589743747515,285.7035871526521,0.0,3.0838219969486538,0.008767405646165138,-1.0,-0.5319631078341995,-0.9507401458033636,0.0907877621187382,2.5009486874096445,6.491070660756492,-1.0,-0.5319631078341995,178.62207167192273,0.0,1.5660521597061474,262,True
lung,excluded_at_or_below_-1,ENSG00000293858.1,ENSG00000293858,0.09787401318135379,449185152213.75934,-2.1512830076510907,0.23724811818554697,33.91889811910435,8.52637291183381,0.0,-7.121336845656373,1.0,-0.9566092960213576,-0.720900792332521,-0.9165241687345855,0.05418545149625253,2.5062478136624584,6.3038597769206195,-0.9566092960213576,-0.720900792332521,4.366513865148189,0.0,4.366513865148111,21,True
lung,raw,ENSG00000293858.1,ENSG00000293858,0.5526315789431102,676.3770364004353,-0.9958737738412893,0.0016486645272253085,51.70042128171365,235.87001073549683,0.0,3.539449596145803,0.0019070689517306757,-1.0,-0.720900792332521,-0.9970976946083215,0.018210399509728373,9.05526260623969,105.88307914279882,-1.0,-0.720900792332521,675.2525308804966,0.0,1.2877531362197612,604,True
minor_salivary_gland,excluded_at_or_below_-1,ENSG00000293858.1,ENSG00000293858,,,,,,,,,,,,,,,,,,,,,6,False
minor_salivary_gland,raw,ENSG00000293858.1,ENSG00000293858,0.15384615384615385,251.13170761508056,-0.9975385992124114,0.0006603367332591741,7.0769230769230775,484.5234942384966,0.0,5.2714716612286185,9.881135590357603e-07,-1.0,-0.771300731124168,-0.9966169892295417,0.021421361296533686,8.004407930308346,72.42026808604129,-1.0,-0.771300731124168,234.91858398360216,0.0,0.00023212623810367483,181,True
muscle_skeletal,excluded_at_or_below_-1,ENSG00000293858.1,ENSG00000293858,0.07884141254205135,5.263102218524799,-0.946555936630303,0.013342665227084835,2.7182035666482367,56.44983046060211,0.0,1.8110855058889501,0.19410933778504347,-0.9636429652415636,-0.4139693386785543,-0.8935155199180481,0.15331977107747163,2.8646552183650913,6.508034331858417,-0.9636429652415636,-0.4139693386785543,5.259515726546159,0.0,1.0209211147498967,12,True
muscle_skeletal,raw,ENSG00000293858.1,ENSG00000293858,2.957845826345304,765.7722461231209,-0.9927109661603135,0.006721632952753793,1776.9776480925293,121.76568766065454,0.0,1.5335931886101954,0.30985297112258137,-1.0,-0.4139693386785543,-0.9984378804877952,0.021922521587675044,23.711878232649823,618.5445890297628,-1.0,-0.4139693386785543,762.4890466632891,0.0,236.25949655704514,818,True
nerve_tibial,excluded_at_or_below_-1,ENSG00000293858.1,ENSG00000293858,0.15309947492674778,1.54571332185941,-0.9245315842030206,0.022001955156772002,18.042493310079067,8.614439199351962,0.0,3.4184285449120386,0.002900648357954039,-0.9777145783086462,-0.7905104504735181,-0.9164383023464276,0.043197541322312044,1.4135608023538575,2.2091069597899278,-0.9777145783086462,-0.7905104504735181,1.545704259268463,0.0,0.004483544521529631,19,True
nerve_tibial,raw,ENSG00000293858.1,ENSG00000293858,0.48717948717948734,723.5276833728345,-0.9976288618729645,0.0007587788587456975,29.743589990319784,386.0277115554628,0.0,4.4193320080863785,5.8006628642609885e-05,-1.0,-0.7905104504735181,-0.9976303399172868,0.015584997279030864,8.036995771203644,75.96137778098982,-1.0,-0.7905104504735181,716.1175837738164,0.0,0.04153956674641196,670,True
ovary,excluded_at_or_below_-1,ENSG00000293858.1,ENSG00000293858,0.07036153439907455,284302009.76370436,-2.821508694008355,0.4238527726356284,8.963642229652494,6.758319858176994,0.0,-6.316382654783958,1.0,-0.9284308926858178,-0.7959782603728797,-0.882452797305902,0.039305762365614505,0.9128368286536385,0.2098740314433325,-0.9284308926858178,-0.7959782603728797,0.5827304069835225,0.0,0.5827304069835226,11,True
ovary,raw,ENSG00000293858.1,ENSG00000293858,0.2894736851392826,181.28356877930858,-0.9974499748033262,0.0012518470194369186,12.081889695990204,227.60291517908928,0.0,2.880767507160234,0.016052837130116012,-1.0,-0.7959782603728797,-0.9933004184993001,0.028757022268644634,4.521936604444134,20.763494647449793,-1.0,-0.7959782603728797,178.1313937802696,0.0,2.859514252115226,193,True
pancreas,excluded_at_or_below_-1,ENSG00000293858.1,ENSG00000293858,,,,,,,,,,,,,,,,,,,,,5,False
pancreas,raw,ENSG00000293858.1,ENSG00000293858,0.12820512852049856,382.4892356586465,-0.9978581971553985,0.0010176091585046008,4.358974361536989,264.93598760139525,0.0,2.976552053851447,0.012058024415907535,-1.0,-0.8072212986177818,-0.9990119277768134,0.011053288216587838,15.150862164994654,251.68525094922913,-1.0,-0.8072212986177818,377.9622640962263,0.0,4.557478208764097,362,True
pituitary,excluded_at_or_below_-1,ENSG00000293858.1,ENSG00000293858,0.730316067163876,6.64389323985673,-0.9342037422511081,0.0135418230214513,57.30380698084896,19.90314035640799,0.0,3.2247968022513915,0.0055194022420435975,-0.9650828320421516,-0.7436209254484528,-0.9052206147641068,0.04886779674043413,1.3718977709905034,1.3332774986651943,-0.9650828320421516,-0.7436209254484528,6.642753950628489,0.0,0.03666403104844285,58,True
pituitary,raw,ENSG00000293858.1,ENSG00000293858,1.6890554834661982,237.50120423195534,-0.9968150736223443,0.003013031281422753,462.3148383523048,118.84065076547746,0.0,1.494895226017536,0.32843128832678004,-1.0,-0.7436209254484528,-0.9824370468252978,0.042388390953950326,2.7776984625406964,8.089393536615077,-1.0,-0.7436209254484528,236.57007314603493,0.0,77.69701390291318,313,True
prostate,excluded_at_or_below_-1,ENSG00000293858.1,ENSG00000293858,0.3279006034615728,3.1146535842754,-0.9227776127088524,0.008805488606742289,12.448922813424861,23.342638281480586,0.0,8.253063165627335,1.622339945527289e-15,-0.9741646560870172,-0.7774365263923165,-0.9018735788796085,0.04752258320080579,0.9287249012804576,0.2788299544233226,-0.9741646560870172,-0.7774365263923165,3.1137214958993265,0.0,5.051514762044462e-15,23,True
prostate,raw,ENSG00000293858.1,ENSG00000293858,0.5897435945837857,277.58371856367785,-0.9975362691478268,0.001189801129378406,39.43589745849511,261.613502957666,0.0,2.9284234979678465,0.013918460779094815,-1.0,-0.7774365263923165,-0.9919967812561382,0.030010938588196867,4.257692711328303,19.298356790481016,-1.0,-0.7774365263923165,273.9182463509383,0.0,3.8125203685139666,282,True
skin_not_sun_exposed_suprapubic,excluded_at_or_below_-1,ENSG00000293858.1,ENSG00000293858,,,,,,,,,,,,,,,,,,,,,16,False
skin_not_sun_exposed_suprapubic,raw,ENSG00000293858.1,ENSG00000293858,0.410256410238264,682.2979097548703,-0.9982787883601246,0.0007821865065719722,25.43589744331247,276.308167242239,0.0,3.111995444020663,0.007982529715562748,-1.0,-0.8454556746361639,-0.9980974079366499,0.01306792748889901,7.818187044901395,66.53440166496675,-1.0,-0.8454556746361639,674.3224906665962,0.0,5.3827993196183765,651,True
skin_sun_exposed_lower_leg,excluded_at_or_below_-1,ENSG00000293858.1,ENSG00000293858,0.16397019988025208,0.8971018198788825,-0.9408150715749444,0.014184236359511358,11.629356516626531,9.855230002376494,0.0,1.8474520788048394,0.1814994049105227,-0.959344590486265,-0.841969384155227,-0.9201227713239534,0.03743434611573686,1.0024181865588155,-0.38658196103306075,-0.959344590486265,-0.841969384155227,0.8970689078553762,0.0,0.16281747293948332,14,True
skin_sun_exposed_lower_leg,raw,ENSG00000293858.1,ENSG00000293858,0.358974358974359,820.8898722678723,-0.9981033170250395,0.00024377510297546385,14.974358974358971,905.7804620571263,0.0,11.003235170335621,0.0,-1.0,-0.841969384155227,-0.9985168684330707,0.01185816681956222,9.313078655538035,95.79608003223012,-1.0,-0.841969384155227,787.1853882598341,0.0,0.0,754,True
small_intestine_terminal_ileum,excluded_at_or_below_-1,ENSG00000293858.1,ENSG00000293858,0.18684510383834282,3.20762875195435,-0.9467940211357208,0.006948844418544311,8.07863930461792,33.77519710751002,0.0,3.9445792167617295,0.0004181806637337653,-0.9661760069992316,-0.7808370566784408,-0.9256034299401645,0.04684274302132157,2.226056433938103,4.076357292338846,-0.9661760069992316,-0.7808370566784408,3.206809019754974,0.0,0.0013410255243485603,16,True
small_intestine_terminal_ileum,raw,ENSG00000293858.1,ENSG00000293858,0.4102563970090289,226.64035274763654,-0.9976588120367391,0.0009570528709678748,35.435897526562655,320.3921918494923,0.0,3.4595160519814403,0.0025776281921289683,-1.0,-0.7808370566784408,-0.9942495404784668,0.023588935344177865,5.650175281788205,39.1851853604305,-1.0,-0.7808370566784408,221.43395273356703,0.0,0.5707743992606138,207,True
spleen,excluded_at_or_below_-1,ENSG00000293858.1,ENSG00000293858,,,,,,,,,,,,,,,,,,,,,10,False
spleen,raw,ENSG00000293858.1,ENSG00000293858,0.2564102559357404,268.6123930573446,-0.9978834446460468,0.0008310646669737224,13.435897444877703,275.0825403314723,0.0,3.601718862593249,0.0015354122073637472,-1.0,-0.8362307877536582,-0.9958444723367847,0.022518488984205828,5.56319827782816,30.284964460311144,-1.0,-0.8362307877536582,266.67653242059146,0.0,0.40945840329601,277,True
stomach,excluded_at_or_below_-1,ENSG00000293858.1,ENSG00000293858,,,,,,,,,,,,,,,,,,,,,8,False
stomach,raw,ENSG00000293858.1,ENSG00000293858,0.20512820512821178,437.90169084730655,-0.998325423254138,0.0006268254384982895,8.358974400996932,333.07352806011784,0.0,3.7780999298730213,0.0008051557626074187,-1.0,-0.8506964046721651,-0.9984095796659598,0.011934711243284551,8.447058782080456,79.22792472080883,-1.0,-0.8506964046721651,432.44264304961575,0.0,0.34818368604857985,407,True
testis,excluded_at_or_below_-1,ENSG00000293858.1,ENSG00000293858,0.42818880165184575,5.05805520820286,-0.9495971960176567,0.02545404748341461,15.749977315788337,20.66114369062131,0.0,0.8305704369326696,0.7082845669071275,-0.9645464087126112,-0.5777228578305488,-0.8779049301938535,0.10197023886228944,1.5581751849304502,1.4703761901950543,-0.9645464087126112,-0.5777228578305488,5.057982929251286,0.0,3.5824912484683917,36,True
testis,raw,ENSG00000293858.1,ENSG00000293858,0.9230769230769232,441.95841714604444,-0.9950578838477414,0.0008441302219726071,100.76923076923077,699.182233361614,0.0,8.27977426636207,1.2988292618679942e-15,-1.0,-0.5777228578305488,-0.9893830374081612,0.04547092620421324,5.882831517242152,39.33823396707871,-1.0,-0.5777228578305488,441.92514026492773,0.0,5.739853037312059e-13,414,True
thyroid,excluded_at_or_below_-1,ENSG00000293858.1,ENSG00000293858,0.4276965323211291,4.068102799850508,-0.9349007741276278,0.011890251325543836,24.637771115235516,16.51122618945838,0.0,2.9874154176269134,0.011535820045231753,-0.9600179990464603,-0.7960797118008559,-0.9152619316478077,0.03830376746794948,1.6809447470429673,2.3201845968708223,-0.9600179990464603,-0.7960797118008559,4.067992389912544,0.0,0.046927628155403356,38,True
thyroid,raw,ENSG00000293858.1,ENSG00000293858,0.9743589743589838,782.9308206587261,-0.9978403724410327,0.0008845919171542047,84.97435910126717,322.55852342470996,0.0,3.4526367744705997,0.0026245379907839303,-1.0,-0.7960797118008559,-0.9952923295359893,0.021372634035999358,5.3868591309842735,33.27433893576152,-1.0,-0.7960797118008559,769.3487626257734,0.0,2.0191850556740167,684,True
uterus,excluded_at_or_below_-1,ENSG00000293858.1,ENSG00000293858,,,,,,,,,,-0.9654884498017472,-0.8080861930710206,,,,,,,,,,8,False
uterus,raw,ENSG00000293858.1,ENSG00000293858,0.20512820512820515,152.74845236255547,-0.9977764497562331,0.0007583860209255781,6.358974365050793,353.7282152522513,0.0,4.146404106335503,0.00018490030734827592,-1.0,-0.8080861930710206,-0.9949058688379461,0.024585095486267437,5.489866448920162,31.771021011133826,-1.0,-0.8080861930710206,152.65076291621043,0.0,0.028225172980155894,153,True
vagina,excluded_at_or_below_-1,ENSG00000293858.1,ENSG00000293858,0.08561863564500037,580105667574.2496,-2.6134188725154304,0.3274691803306581,5.079556664496538,8.519894037402956,0.0,-7.140342464352315,1.0,-0.9600320317344668,-0.6405890318436338,-0.9051504231124956,0.079950252550011,2.405379053200625,4.827703077985831,-0.9600320317344668,-0.6405890318436338,4.924439678825086,0.0,4.924439678825086,23,True
vagina,raw,ENSG00000293858.1,ENSG00000293858,0.5897435897435898,161.16214895280277,-0.995989689937994,0.00155671868846886,45.435897436523305,322.8665747230936,0.0,3.6431982997446237,0.0013313273313595169,-1.0,-0.6405890318436338,-0.9871674101858081,0.04348354129333428,5.300128260062926,33.839615961470834,-1.0,-0.6405890318436338,158.78370176023714,0.0,0.21139308192784168,170,True
whole_blood,excluded_at_or_below_-1,ENSG00000293858.1,ENSG00000293858,0.24854493040889528,0.8126635697769333,-0.9274603171903963,0.018910112797681754,24.73913643983576,6.723353637229415,0.0,2.1211148305131884,0.1054465539773221,-0.9558227383755908,-0.8375592025062971,-0.9107199588394226,0.03587618644450894,0.8483582811583202,-0.528500348795915,-0.9558227383755908,-0.8375592025062971,0.8126529956626952,0.0,0.08569145797197888,19,True
whole_blood,raw,ENSG00000293858.1,ENSG00000293858,0.48717948718004955,799.3943708163015,-0.9980663256229654,0.0006835842347296626,23.743589763863326,332.06054036463956,0.0,4.000426560886711,0.00033578837898088704,-1.0,-0.8375592025062971,-0.9978875208193637,0.014603314985756018,7.740691107470091,64.59171478195462,-1.0,-0.8375592025062971,797.2573227452542,0.0,0.26770974403527065,803,True
adipose_subcutaneous,excluded_at_or_below_-1,ENSG00000293859.1,ENSG00000293859,0.3313570971987851,2.028350373007887,-0.8688725226236631,0.014123543756956063,11.462504576257292,24.089191638980274,0.0,6.059248937802344,1.0656894039163453e-08,-0.9293853544789438,-0.6282972932276657,-0.8178715700365314,0.07566626387913716,0.8055784408256047,0.0010517701752381647,-0.9293853544789438,-0.6282972932276657,2.0279649844433956,0.0,2.161180795434703e-08,20,True
adipose_subcutaneous,raw,ENSG00000293859.1,ENSG00000293859,0.5128205128205127,741.9043927117191,-0.9957278078308047,0.001440008954094196,27.743589769553676,360.84860132577643,0.0,4.195662873874828,0.00015083520797537592,-1.0,-0.6282972932276657,-0.9948983633063455,0.03251096534605279,7.151650873402328,55.395091702760304,-1.0,-0.6282972932276657,740.0735428355995,0.0,0.11162914675068003,714,True
adipose_visceral_omentum,excluded_at_or_below_-1,ENSG00000293859.1,ENSG00000293859,0.13098829378445173,1.494929343239729,-1.0457489596644352,0.19633681356229582,14.087019627028583,3.931046262563388,0.0,-0.9334364200912727,1.0,-0.9161589619018712,-0.4999975132827814,-0.7874777854572607,0.12393770138451221,1.1314701729669319,0.2857496186100632,-0.9161589619018712,-0.4999975132827814,0.9663252816306827,0.0,0.9663252816306824,14,True
adipose_visceral_omentum,raw,ENSG00000293859.1,ENSG00000293859,0.35897430053200047,630.9821834121148,-0.9929250254325114,0.0026484909774311975,18.974360828337446,263.2082868657181,0.0,3.777821058122682,0.0008140566986269421,-1.0,-0.4999975132827814,-0.9949313270807524,0.03733726932469225,9.062311096698268,93.08879506261242,-1.0,-0.4999975132827814,616.9525972262016,0.0,0.5022343945072784,587,True
adrenal_gland,excluded_at_or_below_-1,ENSG00000293859.1,ENSG00000293859,,,,,,,,,,,,,,,,,,,,,6,False
adrenal_gland,raw,ENSG00000293859.1,ENSG00000293859,-0.1194162800805291,270.5090684378887,-0.9960601844499836,0.0038104788024239393,366.12213668758324,116.1367782109551,0.0,1.4622153469368189,0.344669105920248,-1.0,-0.6831394606435564,-0.9972226003056414,0.022636658257434324,10.638025841414295,130.83842128627043,-1.0,-0.6831394606435564,269.46518477855324,0.0,92.87632431425837,295,True
artery_aorta,excluded_at_or_below_-1,ENSG00000293859.1,ENSG00000293859,0.20377892325253325,19.126032764151596,-1.1858143956198615,0.6141598592156642,156.42103127015088,4.166060151855361,0.0,-0.6775432136989397,1.0,-0.8915732316194209,0.6234080474558645,-0.6037555853503316,0.26557337063059977,1.8783767728182121,4.885610527747745,-0.8915732316194209,0.6234080474558645,15.200126200895697,0.0,15.200126200895696,145,True
artery_aorta,raw,ENSG00000293859.1,ENSG00000293859,3.717948704801237,327.91695163436356,-0.9796668920203878,0.0003395097305454602,1003.8974358974358,6677.5415163076805,0.0,84.69670964590786,0.0,-1.0,0.6234080474558645,-0.8782723726182163,0.23462799675223484,2.6036723126795938,8.683200335173435,-1.0,0.6234080474558645,4.620025123625027e-05,0.0,0.0,472,True
artery_coronary,excluded_at_or_below_-1,ENSG00000293859.1,ENSG00000293859,0.7266579877959073,10.710357622529495,-0.8221711033661521,0.05200611672598441,57.69872671275054,33.18365264821305,0.0,3.930521669015162,0.00044202900702733843,-0.96671162691325,0.3981204840809529,-0.6695468952315076,0.24352496764843612,2.248126432157461,6.192182698435618,-0.96671162691325,0.3981204840809529,10.706446442792016,0.0,0.004732559889898735,58,True
artery_coronary,raw,ENSG00000293859.1,ENSG00000293859,1.4615384875601913,223.91367147166582,-0.9829826903873086,0.001782648380819203,251.69230770344,1095.6590550246276,0.0,13.500200212400218,0.0,-1.0,0.3981204840809529,-0.9284840295650276,0.1767710065850461,3.6619343506920985,17.549025381479513,-1.0,0.3981204840809529,193.70184975684282,0.0,0.0,268,True
artery_tibial,excluded_at_or_below_-1,ENSG00000293859.1,ENSG00000293859,1.1043470022658655,8.78301151397576,-0.8451642120221765,0.05153894883716612,79.69766034181173,15.607575039768577,0.0,1.798463998050982,0.19844736561257018,-0.9107066070657486,-0.2763689233551252,-0.7617967768053998,0.1272716668343188,1.5482035429596253,2.5767329836706176,-0.9107066070657486,-0.2763689233551252,8.782967585988732,0.0,1.7429567797000585,93,True
artery_tibial,raw,ENSG00000293859.1,ENSG00000293859,2.3846153866902102,624.1885378478069,-0.990165902657576,0.0036435772738736324,443.23076971006515,277.05227391466155,0.0,3.816994340994929,0.0006874256759022796,-1.0,-0.2763689233551252,-0.9679408107712042,0.09369168694981538,3.5421413177368866,14.376263486085328,-1.0,-0.2763689233551252,622.8379727831899,0.0,0.42815481441809,691,True
bladder,excluded_at_or_below_-1,ENSG00000293859.1,ENSG00000293859,,,,,,,,,,,,,,,,,,,,,5,False
bladder,raw,ENSG00000293859.1,ENSG00000293859,,,,,,,,,,,,,,,,,,,,,77,False
brain_amygdala,excluded_at_or_below_-1,ENSG00000293859.1,ENSG00000293859,0.088785064380636,730864647403.9323,-1.7687406497101124,0.16457482966374978,4.693636202009705,8.598675422022145,0.0,-7.312573248580569,1.0,-0.9177620360066864,-0.7680957820859178,-0.8811986549962479,0.04688815188326217,1.5653873953009907,1.1960818797544626,-0.9177620360066864,-0.7680957820859178,1.7871002804535874,0.0,1.7871002804535432,11,True
brain_amygdala,raw,ENSG00000293859.1,ENSG00000293859,0.2820512820512821,177.04295420804522,-0.9972271363623604,0.0006126587360529422,11.897435932744918,528.9089173367439,0.0,6.400661791301959,1.2834303415957837e-09,-1.0,-0.7680957820859178,-0.992780028756678,0.030532421561299147,4.720009270898655,24.120566456529797,-1.0,-0.7680957820859178,175.19262594379623,0.0,2.248475317601084e-07,181,True
brain_anterior_cingulate_cortex_ba24,excluded_at_or_below_-1,ENSG00000293859.1,ENSG00000293859,0.2551096322500549,489500443493.11957,-2.0377757114931505,0.2147551291936475,10.71312860535009,9.347517844368841,0.0,-7.285334544812669,1.0,-0.9314626319008422,-0.6183101825819236,-0.8143968969996639,0.10214717473092413,0.5555297119002501,-0.8203674360288495,-0.9314626319008422,-0.6183101825819236,1.460240947116817,0.0,1.4602409471168174,14,True
brain_anterior_cingulate_cortex_ba24,raw,ENSG00000293859.1,ENSG00000293859,0.3589743590005599,226.43008661086387,-0.9955399554392176,0.0016626602148505068,12.974358975587606,320.86138595291635,0.0,3.7935926115932173,0.0007498237476792888,-1.0,-0.6183101825819236,-0.9888478822231558,0.05038402556592609,5.147979863956403,27.75159910450048,-1.0,-0.6183101825819236,226.43007093701857,0.0,0.16978264437728247,233,True
brain_caudate_basal_ganglia,excluded_at_or_below_-1,ENSG00000293859.1,ENSG00000293859,0.11163726341951637,2.1402863234219898,-0.902029861048451,0.05115908253029157,21.34952561663109,6.727872398093145,0.0,1.0455997778250528,0.5789009248826436,-0.9398543641861844,-0.6586495198998672,-0.8730254353511155,0.06885981953720224,2.0255275095726524,3.5570301097138035,-0.9398543641861844,-0.6586495198998672,2.140253111344004,0.0,1.2389945056399996,28,True
brain_caudate_basal_ganglia,raw,ENSG00000293859.1,ENSG00000293859,0.717948717948718,299.7881657616202,-0.9960830016454912,0.001106885243256998,53.89743589743589,431.12238526124986,0.0,5.004558720504791,3.658108597951018e-06,-1.0,-0.6586495198998672,-0.9881490406327709,0.042391816615841245,4.574311951706346,25.073293501424782,-1.0,-0.6586495198998672,298.51985253144124,0.0,0.0010920180392043344,300,True
brain_cerebellar_hemisphere,excluded_at_or_below_-1,ENSG00000293859.1,ENSG00000293859,0.4997008758781135,2.317724063134578,-0.827643402697161,0.013288547175367725,26.512445989600813,22.33582287785179,0.0,10.805658553270094,0.0,-0.929177928504631,-0.6177665892440828,-0.8093737191168457,0.07640031852414457,0.6812592830705788,0.44853507344630117,-0.929177928504631,-0.6177665892440828,2.3174010654209782,0.0,0.0,27,True
brain_cerebellar_hemisphere,raw,ENSG00000293859.1,ENSG00000293859,1.2914011606914393,237.87018474498538,-0.9952407490152723,0.004270559344539271,166.34291646356004,125.00214447936605,0.0,1.5760458399777977,0.29017481056371364,-1.0,-0.6177665892440828,-0.9814190989752882,0.06130419045790828,3.4971049840563184,12.167726474226297,-1.0,-0.6177665892440828,236.75754019472865,0.0,68.70107437553642,277,True
brain_cerebellum,excluded_at_or_below_-1,ENSG00000293859.1,ENSG00000293859,0.6066736010298216,4.378601148111514,-0.8423767425119569,0.058687122532208376,35.38978867607609,9.414895498831388,0.0,1.8558298729265428,0.17870334365087243,-0.919390086217,-0.4516768224513073,-0.7892690755301487,0.10370991184125122,1.382428893768694,1.5321886847516,-0.919390086217,-0.4516768224513073,4.378495569906848,0.0,0.7824517985028859,62,True
brain_cerebellum,raw,ENSG00000293859.1,ENSG00000293859,1.5897436001390792,243.35822820977003,-0.994478634195635,0.00310480448377212,125.43589748598282,247.24187557114374,0.0,2.5149378790736114,0.042325347301850065,-1.0,-0.4516768224513073,-0.9508822657250723,0.10219530150540396,2.2987262805553326,5.268020258165066,-1.0,-0.4516768224513073,243.33702718066328,0.0,10.299324186821302,266,True
brain_cortex,excluded_at_or_below_-1,ENSG00000293859.1,ENSG00000293859,0.47878187480069806,3.417476927849587,-0.8883714762386983,0.010284046839553126,13.35608816757995,34.813543425750964,0.0,8.843705042168335,1.6248308049907648e-17,-0.9526821852494616,-0.6352101993517308,-0.8482411660463988,0.07299074420766985,1.2415339586137182,1.280643879023569,-0.9526821852494616,-0.6352101993517308,3.4164265633536743,0.0,5.551115123125783e-17,27,True
brain_cortex,raw,ENSG00000293859.1,ENSG00000293859,0.6923076923166099,242.66193914890508,-0.9954906025508398,0.0013205982676599052,44.307692307749676,385.820158135057,0.0,4.82906209019457,8.938844612288955e-06,-1.0,-0.6352101993517308,-0.98482411660464,0.05094519027009722,3.8595013788530785,16.212750807039132,-1.0,-0.6352101993517308,234.35877260965293,0.0,0.002094896651884448,270,True
brain_frontal_cortex_ba9,excluded_at_or_below_-1,ENSG00000293859.1,ENSG00000293859,0.21345288185207278,1.5341510849153257,-0.9032205736310897,0.013262035154912227,14.3808115630302,14.9165089155703,0.0,3.2522659624380386,0.005048853425643617,-0.9337192668090856,-0.7633384010298728,-0.878178663807362,0.04869213643231848,1.5034819235248487,1.2640534802744643,-0.9337192668090856,-0.7633384010298728,1.534116046353812,0.0,0.007745527055968288,17,True
brain_frontal_cortex_ba9,raw,ENSG00000293859.1,ENSG00000293859,0.43589744330030866,258.08975447142615,-0.9971025866155842,0.00038028331184959246,25.589743590203668,869.3320778250934,0.0,10.775022664323128,0.0,-1.0,-0.7633384010298728,-0.9923012538465619,0.031991044417736626,4.662462829668477,23.602568050383155,-1.0,-0.7633384010298728,228.89758862427004,0.0,0.0,269,True
brain_hippocampus,excluded_at_or_below_-1,ENSG00000293859.1,ENSG00000293859,0.31672092032353427,272608400104.2465,-1.4645187084241664,0.108791802110297,14.176484518863257,12.1069941377209,0.0,-7.0609471917753375,1.0,-0.9213382510752346,-0.5331588732297898,-0.8060328164392493,0.11881043503486617,1.133317827413513,0.2431080259210452,-0.9213382510752346,-0.5331588732297898,4.0666295987843295,0.0,4.0666295987843295,17,True
brain_hippocampus,raw,ENSG00000293859.1,ENSG00000293859,0.4358974358974359,260.87792836944465,-0.9940356666496031,0.0004210249817778131,19.58974358974394,1548.0749125268892,0.0,20.034063249712105,0.0,-1.0,-0.5331588732297898,-0.9870688544292833,0.05691582984809429,5.402723367280209,32.32093310932854,-1.0,-0.5331588732297898,172.59488011315253,0.0,0.0,255,True
brain_hypothalamus,excluded_at_or_below_-1,ENSG00000293859.1,ENSG00000293859,0.299975605191821,0.0007750539364742379,-1.7134276735598704,0.006192805808093145,8.400000023804267,215.11380250525832,,-168.8617913663654,,-0.9739861138396624,-0.7714497142195836,-0.8888454042969962,0.055162957445965215,0.5817231551861882,-0.11035780272324569,-0.9739861138396624,-0.7714497142195836,0.0,0.0,0.0,12,True
brain_hypothalamus,raw,ENSG00000293859.1,ENSG00000293859,0.30769231069407277,287.7567908971346,-0.9976524754025811,0.0012650526601354127,8.307692328745196,252.87406824392187,0.0,2.624318519134857,0.03201960709188792,-1.0,-0.7714497142195836,-0.9948099021461633,0.026131709786046366,5.683488942536929,34.62409942230547,-1.0,-0.7714497142195836,287.14825334776276,0.0,9.194374249317327,257,True
brain_nucleus_accumbens_basal_ganglia,excluded_at_or_below_-1,ENSG00000293859.1,ENSG00000293859,0.3157895097374526,10.360215180124246,-0.8851853601725189,0.0016457098526557292,10.210527404266873,102.9340157138002,0.0,49.56082238072148,0.0,-0.9428589222622556,-0.7654018081399936,-0.8704328270077643,0.051388397731445656,0.7091192062974911,-0.04652722320670577,-0.9428589222622556,-0.7654018081399936,10.324813890445519,0.0,0.0,16,True
brain_nucleus_accumbens_basal_ganglia,raw,ENSG00000293859.1,ENSG00000293859,0.4102564102559616,273.0680217474257,-0.9972122661503002,0.0011256043473530793,17.435897436080285,291.24753683565956,0.0,3.5025193602024927,0.0021719338861065298,-1.0,-0.7654018081399936,-0.9927260534460499,0.032127305821364194,4.796288580460926,23.88977499472007,-1.0,-0.7654018081399936,272.6086663782327,0.0,0.5920880001531934,285,True
brain_putamen_basal_ganglia,excluded_at_or_below_-1,ENSG00000293859.1,ENSG00000293859,0.054068890223640954,0.6006493749236179,-0.891418810718578,0.10174876879777518,14.622242301888768,3.432774447518796,0.0,0.6010220220928887,0.8343013243926694,-0.9346606890284448,-0.6444401485924727,-0.8458101638972203,0.07619135325013797,1.3624745497199477,1.8221044281946766,-0.9346606890284448,-0.6444401485924727,0.5989898190760476,0.0,0.49973799935287194,13,True
brain_putamen_basal_ganglia,raw,ENSG00000293859.1,ENSG00000293859,0.3333333333334624,292.10753409508374,-0.9962204869796538,0.0015109021049933386,16.666666679762525,329.2685369086449,0.0,3.5376471810282983,0.0019563793020248815,-1.0,-0.6444401485924727,-0.9921083942152121,0.03787391030714097,5.694032379942781,37.05194825770878,-1.0,-0.6444401485924727,286.09045074989564,0.0,0.5597014363540639,254,True
brain_spinal_cord_cervical_c-1,excluded_at_or_below_-1,ENSG00000293859.1,ENSG00000293859,0.17514992309769228,0.4263665920270147,-0.8718587323558161,0.03779171260783633,10.161388279009387,4.027233985060954,0.0,1.915220084746503,0.15951503153209676,-0.9230387301646624,-0.7642398596358111,-0.8555476502440421,0.045827665031768224,0.7038824307763576,-0.25438217576408073,-0.9230387301646624,-0.7642398596358111,0.42623830990343137,0.0,0.06799141744443349,14,True
brain_spinal_cord_cervical_c-1,raw,ENSG00000293859.1,ENSG00000293859,0.38500040369870203,181.41367722110314,-0.9971537126861023,0.003150149739040948,112.61494544927308,104.56326115741328,0.0,1.2777989794700928,0.44239696822355523,-1.0,-0.7642398596358111,-0.9900866034481206,0.038403152092889914,3.991309866015006,15.564784837206346,-1.0,-0.7642398596358111,181.2618188072852,0.0,80.18967909503054,204,True
brain_substantia_nigra,excluded_at_or_below_-1,ENSG00000293859.1,ENSG00000293859,,,,,,,,,,,,,,,,,,,,,7,False
brain_substantia_nigra,raw,ENSG00000293859.1,ENSG00000293859,0.17948717931181596,201.84150016745156,-0.9971429854297893,0.0013109562255082987,7.743589750138866,285.5132525291818,0.0,3.082047039002676,0.008815764817779514,-1.0,-0.7324761869865793,-0.9941625402149535,0.0318882954090677,6.029173346196957,38.06671969767178,-1.0,-0.7324761869865793,198.18272628134073,0.0,1.747132305842627,183,True
breast_mammary_tissue,excluded_at_or_below_-1,ENSG00000293859.1,ENSG00000293859,0.15789468359489925,21.136873632723216,-0.8332225419456716,0.008503936332436785,5.052632163639556,137.16113892344134,0.0,19.875783994298843,0.0,-0.952739428321133,-0.008446409313914,-0.7628050017038475,0.23734076320789846,2.7104395733914286,6.270091895581514,-0.952739428321133,-0.008446409313914,21.11175433424625,0.0,0.0,13,True
breast_mammary_tissue,raw,ENSG00000293859.1,ENSG00000293859,0.31578947401160584,530.4479954194039,-0.9901522597110407,0.010597701014541524,26.210526329280174,131.0040475748118,0.0,1.314134816245951,0.42172079423460207,-1.0,-0.008446409313914,-0.9940009047123541,0.05203215957526233,14.504712110032493,254.43952864560265,-1.0,-0.008446409313914,530.4143933024445,0.0,223.68677921697144,514,True
cells_cultured_fibroblasts,excluded_at_or_below_-1,ENSG00000293859.1,ENSG00000293859,,,,,,,,,,,,,,,,,,,,,7,False
cells_cultured_fibroblasts,raw,ENSG00000293859.1,ENSG00000293859,-0.6896693827767718,595.4659038650499,-0.997243066709744,0.0030275223248015233,2859.4290872005963,103.98218687626496,0.0,1.2878162508325925,0.4371077472271718,-1.0,-0.7746399178463449,-0.9983770979714973,0.016020871146360922,10.345508756434514,111.44502283918557,-1.0,-0.7746399178463449,594.4783724086786,0.0,259.8511021388332,652,True
cells_ebv-transformed_lymphocytes,excluded_at_or_below_-1,ENSG00000293859.1,ENSG00000293859,,,,,,,,,,,,,,,,,,,,,4,False
cells_ebv-transformed_lymphocytes,raw,ENSG00000293859.1,ENSG00000293859,0.10256410256410252,471.5867264375176,-0.9985259836517472,0.0001289437816741709,5.589743589743589,1346.7853741745234,0.0,16.166533071966974,0.0,-1.0,-0.8757301034042688,-0.9987164612562698,0.011620816974663562,9.046871610114426,81.00100673178912,-1.0,-0.8757301034042688,458.32148056711424,0.0,0.0,327,True
cervix_ectocervix,excluded_at_or_below_-1,ENSG00000293859.1,ENSG00000293859,,,,,,,,,,,,,,,,,,,,,2,False
cervix_ectocervix,raw,ENSG00000293859.1,ENSG00000293859,0.05128205128205129,23.622304951949566,-0.997750362881172,0.0005852399789961048,1.8974358974358976,460.1267215548356,0.0,5.436175651092449,3.827082403913782e-07,-1.0,-0.8073374294862818,-0.9865916464058003,0.04638246138446934,3.2299552132474743,8.88624227536592,-1.0,-0.8073374294862818,23.622070093857847,0.0,9.040360880022136e-06,24,True
cervix_endocervix,excluded_at_or_below_-1,ENSG00000293859.1,ENSG00000293859,,,,,,,,,,,,,,,,,,,,,4,False
cervix_endocervix,raw,ENSG00000293859.1,ENSG00000293859,0.10256410256419281,25.336150621537307,-0.9974081201878515,0.0012297258513849405,3.5897435898481183,296.7391731755458,0.0,2.9807225555624854,0.011770924897680944,-1.0,-0.7393793174091294,-0.9667274539758388,0.07697616471580554,1.999722829003157,2.4335393338837914,-1.0,-0.7393793174091294,25.330306327741127,0.0,0.29816113341909234,23,True
colon_sigmoid,excluded_at_or_below_-1,ENSG00000293859.1,ENSG00000293859,0.32953402263891796,2.7139955723193814,-0.8466787032047012,0.07051669605577769,40.292086880940516,8.767847127124647,0.0,1.8412059271388155,0.18359567838860677,-0.9384864486503576,-0.4094889976488589,-0.7861525263660143,0.12511878443456145,1.4394621583818183,1.4357419711953492,-0.9384864486503576,-0.4094889976488589,2.7139947749357614,0.0,0.4982777118474653,38,True
colon_sigmoid,raw,ENSG00000293859.1,ENSG00000293859,0.9743589743540745,415.9595060505825,-0.9935041995152765,0.0029462466213033677,60.97435897483817,280.330306750144,0.0,3.11801771024253,0.007890296857432907,-1.0,-0.4094889976488589,-0.9806057183816433,0.07187493431624532,4.6281350468167455,24.408557952247612,-1.0,-0.4094889976488589,408.17345298269817,0.0,3.2206097133569527,419,True
colon_transverse,excluded_at_or_below_-1,ENSG00000293859.1,ENSG00000293859,0.6194558671765629,6.023968498057135,-0.8710864828695981,0.007599376729419205,18.676849752744165,56.47251801529537,0.0,16.962719690058066,0.0,-0.9622368583927826,-0.5676274080343906,-0.8310967996531077,0.08287808519318952,1.1073926765404867,1.4862567369839796,-0.9622368583927826,-0.5676274080343906,6.018028948186619,0.0,0.0,33,True
colon_transverse,raw,ENSG00000293859.1,ENSG00000293859,0.8461538461893292,518.5465020978758,-0.9953549062122116,0.001944341333150908,57.07692309947852,311.10691245899636,0.0,3.3786015455114464,0.003408888690156208,-1.0,-0.5676274080343906,-0.9883636626065815,0.04789230831130503,4.789480813749393,25.64219838049425,-1.0,-0.5676274080343906,505.1848722366159,0.0,1.7221189974054083,479,True
esophagus_gastroesophageal_junction,excluded_at_or_below_-1,ENSG00000293859.1,ENSG00000293859,0.1481799855167343,3.1357015320057777,-0.837497567742066,0.07354871892421572,33.39566352434639,8.284574801420494,0.0,1.7906787797368675,0.2012443882164383,-0.9306250371416834,-0.4066433603663015,-0.8060104055649562,0.09500126565826912,2.303381869494433,6.9713125172981165,-0.9306250371416834,-0.4066433603663015,3.135607467422646,0.0,0.631023406468366,36,True
esophagus_gastroesophageal_junction,raw,ENSG00000293859.1,ENSG00000293859,0.9230769238544733,449.9088326847378,-0.9940055482336322,0.0031326224561694033,72.76923077708537,265.1630012008678,0.0,2.706178323625697,0.025695594449305196,-1.0,-0.4066433603663015,-0.9826709047154799,0.06208672648915723,4.4971997402897115,25.53823456224098,-1.0,-0.4066433603663015,449.7896965633321,0.0,11.557613630367424,403,True
esophagus_mucosa,excluded_at_or_below_-1,ENSG00000293859.1,ENSG00000293859,0.30064157230943805,0.5106572945847596,-0.8814724639973617,0.07260029955139519,20.43909018281736,5.204811316247815,0.0,1.0354325219778662,0.5850529709547524,-0.9346275978900868,-0.6142774160061633,-0.8033290616985576,0.10018612513591006,0.6457197374569732,-0.8587861934114955,-0.9346275978900868,-0.6142774160061633,0.5106523888652397,0.0,0.29875869723075,19,True
esophagus_mucosa,raw,ENSG00000293859.1,ENSG00000293859,0.48717948718728515,779.7956029186703,-0.996228448417911,0.0020158800947918695,23.743589748428516,267.95260868671284,0.0,2.645881276550231,0.03025009603600252,-1.0,-0.6142774160061633,-0.993914091485786,0.038164212674366184,7.2274195069364024,56.14926094909784,-1.0,-0.6142774160061633,778.1691311454408,0.0,23.53969094940222,614,True
esophagus_muscularis,excluded_at_or_below_-1,ENSG00000293859.1,ENSG00000293859,0.3337673325727517,6.652217973574142,-0.8593477533203687,0.04852930893896914,39.32731703801965,20.452573136547468,0.0,2.7707868705865972,0.02152659547062346,-0.9544284226226069,-0.1575094548141346,-0.7911146040075695,0.15741151136833875,2.8064824176857237,8.216970018652969,-0.9544284226226069,-0.1575094548141346,6.651128220393316,0.0,0.14317614662365463,42,True
esophagus_muscularis,raw,ENSG00000293859.1,ENSG00000293859,1.0769230606103608,581.4979662103678,-0.9906004938244231,0.0033257069456574598,156.76923079993094,354.261113595182,0.0,3.997017575606855,0.00034564670374234274,-1.0,-0.1575094548141346,-0.9843615211556468,0.06958172238581789,7.074735531336341,66.03692539662194,-1.0,-0.1575094548141346,571.1352899072481,0.0,0.19741103034736573,561,True
fallopian_tube,excluded_at_or_below_-1,ENSG00000293859.1,ENSG00000293859,,,,,,,,,,,,,,,,,,,,,3,False
fallopian_tube,raw,ENSG00000293859.1,ENSG00000293859,0.07692307692307697,42.06637042784133,-0.9980077500089074,4.4912403803089354e-05,2.769230769230769,5034.585717693238,0.0,62.73249077011165,0.0,-1.0,-0.8381200550027328,-0.9848198277645331,0.045633393331645324,2.6376755600019455,5.03177085862513,-1.0,-0.8381200550027328,0.28145680572583415,0.0,0.0,29,True
heart_atrial_appendage,excluded_at_or_below_-1,ENSG00000293859.1,ENSG00000293859,1.3971362207571258,19.727713923847986,-0.8966884407670612,0.04498078686190937,187.37625342319683,26.847099342228056,0.0,1.9598805479803683,0.14653436830563019,-0.9590248314997146,-0.0427837084811747,-0.79974662860656,0.15879859871808394,2.044180519948983,4.74500156776947,-0.9590248314997146,-0.0427837084811747,19.72632121454831,0.0,2.8905840181677878,123,True
heart_atrial_appendage,raw,ENSG00000293859.1,ENSG00000293859,3.153846117188862,354.01694642372127,-0.9889143537693001,0.003727683055348748,1129.076923079277,358.9443551064171,0.0,4.205687826552504,0.0001443632477479607,-1.0,-0.0427837084811747,-0.946570141688952,0.1206225474120747,3.332479840963237,13.856381605453418,-1.0,-0.0427837084811747,353.75961079618986,0.0,0.051069886336592596,461,True
heart_left_ventricle,excluded_at_or_below_-1,ENSG00000293859.1,ENSG00000293859,0.4817470549483483,22.92818416241899,-0.9208383750834612,0.05847574612843924,36.29078304445201,27.424128003967052,0.0,0.8060074847014216,0.7226628947527011,-0.9541656534429852,0.2131108314726044,-0.8523459039256723,0.15372041660180608,4.592019563566322,26.780408140671216,-0.9541656534429852,0.2131108314726044,22.927918010050877,0.0,16.569155599795955,84,True
heart_left_ventricle,raw,ENSG00000293859.1,ENSG00000293859,,,,,,,,,,,,,,,,,,,,,452,False
kidney_cortex,excluded_at_or_below_-1,ENSG00000293859.1,ENSG00000293859,,,,,,,,,,,,,,,,,,,,,1,False
kidney_cortex,raw,ENSG00000293859.1,ENSG00000293859,0.025641025641025647,139.83439892110414,-0.9982676481292627,0.0007369624551282181,0.9743589743589743,325.2052262016611,0.0,3.32434236418832,0.003985618101475597,-1.0,-0.8287995788795662,-0.9983538421046112,0.0167875824620845,10.050358637275787,99.00970873786402,-1.0,-0.8287995788795662,139.7556656031842,0.0,0.5570127106118254,104,True
kidney_medulla,excluded_at_or_below_-1,ENSG00000293859.1,ENSG00000293859,,,,,,,,,,,,,,,,,,,,,0,False
kidney_medulla,raw,ENSG00000293859.1,ENSG00000293859,0.0,11.0,-0.9875,1.0001e-06,0.0,-17675.90193946968,0.0,,,-1.0,-1.0,-1.0,0.0,,,,-1.0,8.983579622590726e-189,0.0,,11,True
liver,excluded_at_or_below_-1,ENSG00000293859.1,ENSG00000293859,,,,,,,,,,,,,,,,,,,,,3,False
liver,raw,ENSG00000293859.1,ENSG00000293859,-0.23349307058581026,242.4876567562536,-0.9964716064142767,0.0034463175063074985,297.2109407419433,115.07005901086089,0.0,1.4478938905621883,0.35187510946318323,-1.0,-0.7160557135306636,-0.9980015146081908,0.02085966366367355,11.650109501846341,142.402013274579,-1.0,-0.7160557135306636,241.587425744576,0.0,85.00860187880164,262,True
lung,excluded_at_or_below_-1,ENSG00000293859.1,ENSG00000293859,0.2882771025722103,1.3727493353031859,-0.8488148719112762,0.09514784849050309,20.31490363712387,6.494626534546105,0.0,1.0046803380323932,0.6036948188533794,-0.9164094524809075,-0.4118584192560954,-0.7593021461376037,0.1337572265936734,1.0728168558192028,0.22957196811124003,-0.9164094524809075,-0.4118584192560954,1.3727427235740361,0.0,0.8287176698403227,27,True
lung,raw,ENSG00000293859.1,ENSG00000293859,0.692305519058391,792.1250558716549,-0.9944356022083659,0.003169189128810146,36.3076923592984,259.96825048101095,0.0,2.4830473990431274,0.046322544740740296,-1.0,-0.4118584192560954,-0.9892403277246942,0.057005103081053256,6.396496885315624,45.63541357365814,-1.0,-0.4118584192560954,783.744907395481,0.0,36.305058538154256,604,True
minor_salivary_gland,excluded_at_or_below_-1,ENSG00000293859.1,ENSG00000293859,0.23684214062823322,5.911658483892436,-0.8872100609254792,0.001936747952087219,6.86842166016502,139.82415579460047,0.0,3.3452808808178105,0.0037147211433818913,-0.8917913816449669,-0.6957226119343248,-0.8039938804510688,0.0741768179341299,0.17045294873324374,-1.5234644804341628,-0.8917913816449669,-0.6957226119343248,5.9116560021425,0.0,0.021960153543559208,12,True
minor_salivary_gland,raw,ENSG00000293859.1,ENSG00000293859,0.31588524393360895,158.79899103466505,-0.996205631907316,0.003475509692448903,116.57267004616213,122.26901942811297,0.0,1.5439596756032616,0.305075776514053,-1.0,-0.6957226119343248,-0.9870051191459273,0.05222707238972227,4.19009286045718,16.98468667588318,-1.0,-0.6957226119343248,158.05270301735663,0.0,48.21805110316508,181,True
muscle_skeletal,excluded_at_or_below_-1,ENSG00000293859.1,ENSG00000293859,1.20637592858473,18.776970122846997,-0.8952861955416986,0.036037864840586666,135.79160765499947,28.130630723905135,0.0,1.763572879624425,0.21119931422563926,-0.940226650621044,-0.1784440615945363,-0.8235718959687053,0.1159620616185154,2.339499743610359,8.179465577864821,-0.940226650621044,-0.1784440615945363,18.774310052491483,0.0,3.9651214081457273,109,True
muscle_skeletal,raw,ENSG00000293859.1,ENSG00000293859,2.794821593282098,1024.5049502557638,-0.9925552787227087,0.004630955070434811,954.3589745465575,248.6154814787759,0.0,2.273489083418013,0.07666502126171164,-1.0,-0.1784440615945363,-0.9764906316144117,0.07332817445381047,4.469823116587218,27.5096547114139,-1.0,-0.1784440615945363,1008.1761789797176,0.0,77.29184819703171,818,True
nerve_tibial,excluded_at_or_below_-1,ENSG00000293859.1,ENSG00000293859,0.38719052906613993,5.259880353783198,-0.8319479543980565,0.011380635342158604,16.575868538680435,51.43261744622349,0.0,4.005658952000252,0.0003280596428100009,-0.8641827915193125,-0.4180529957992985,-0.7448389333416385,0.12333456506211207,1.111274605712959,0.13668319501360537,-0.8641827915193125,-0.4180529957992985,5.258109694379207,0.0,0.0017249735881938455,25,True
nerve_tibial,raw,ENSG00000293859.1,ENSG00000293859,0.641025644515518,647.2464218098975,-0.9928747470052924,0.002229617439462853,64.97435897906419,364.6009858527183,0.0,4.5194432202157495,3.748773940974993e-05,-1.0,-0.4180529957992985,-0.9904790646769267,0.053739376976146495,6.631857191435826,48.710229667738915,-1.0,-0.4180529957992985,633.6775364516433,0.0,0.02375513835631149,670,True
ovary,excluded_at_or_below_-1,ENSG00000293859.1,ENSG00000293859,,,,,,,,,,,,,,,,,,,,,4,False
ovary,raw,ENSG00000293859.1,ENSG00000293859,0.10256411108185709,193.54666276322519,-0.9957589738475682,0.0018768048214136213,3.5897435911295195,270.10240180969765,0.0,3.195706146273976,0.006058657296181201,-1.0,-0.6373056938909002,-0.995791046376059,0.03211934133750808,8.89849793284149,86.5605818992613,-1.0,-0.6373056938909002,193.54631149011047,0.0,1.1726307722585174,193,True
pancreas,excluded_at_or_below_-1,ENSG00000293859.1,ENSG00000293859,,,,,,,,,,,,,,,,,,,,,2,False
pancreas,raw,ENSG00000293859.1,ENSG00000293859,-0.350325336104503,334.11468457952765,-0.9987561226539906,0.0013578287855526801,783.7647554114709,104.60364267033285,0.0,1.2955302107100517,0.43278310817358073,-1.0,-0.8983230332886848,-0.9994505727804043,0.007383409244622345,13.352101362723767,176.370460144375,-1.0,-0.8983230332886848,333.55361564919434,0.0,144.35637052319422,362,True
pituitary,excluded_at_or_below_-1,ENSG00000293859.1,ENSG00000293859,0.055156609774572936,1.7706259271721119,-0.8838484408835804,0.15818921227450725,20.13362883484086,3.0472135167196828,0.0,0.21610566665557243,0.9766968594982611,-0.908021299980574,-0.5429973002445064,-0.8039790500046822,0.0803281943245592,1.1453171324759759,1.4422197150435512,-0.908021299980574,-0.5429973002445064,1.753569898093906,0.0,1.712706212379004,34,True
pituitary,raw,ENSG00000293859.1,ENSG00000293859,0.8717948717948719,279.78841649674627,-0.9941298814790029,0.0020421953068043668,54.3589749914175,312.40783517838355,0.0,4.065037852879181,0.0002614671688426811,-1.0,-0.5429973002445064,-0.9787069894573774,0.06644469137478648,3.3880746680883913,11.874391956260144,-1.0,-0.5429973002445064,276.15688307802805,0.0,0.07220595837483212,313,True
prostate,excluded_at_or_below_-1,ENSG00000293859.1,ENSG00000293859,,,,,,,,,,,,,,,,,,,,,7,False
prostate,raw,ENSG00000293859.1,ENSG00000293859,0.09960542312784146,261.1536093050632,-0.9869814297298716,0.011038846286341426,200.1544873975733,131.82261660066033,0.0,1.6678408378150134,0.2503161692718336,-1.0,0.0419788634214599,-0.9925698152170237,0.06730454582222682,13.39112841019636,197.81510979720588,-1.0,0.0419788634214599,259.6391360116493,0.0,64.99187391948463,282,True
skin_not_sun_exposed_suprapubic,excluded_at_or_below_-1,ENSG00000293859.1,ENSG00000293859,0.17860520192901053,0.44695598976074635,-0.8489340514598183,0.03780990826810333,10.057065611963024,4.425923975089475,0.0,1.9408271977149025,0.15202550676635274,-0.9008233136351168,-0.7306041301861712,-0.8315522191330463,0.04722044157850654,0.6806126428376332,-0.24415502276070677,-0.9008233136351168,-0.7306041301861712,0.4469269844083467,0.0,0.06794430129223675,14,True
skin_not_sun_exposed_suprapubic,raw,ENSG00000293859.1,ENSG00000293859,0.3589740524325215,908.5795739091849,-0.9975137292227494,0.001477528166864312,14.974358983758474,255.47206703082648,0.0,2.379729829707293,0.060148806447736826,-1.0,-0.7306041301861712,-0.9963774670781299,0.025349534142223042,7.362029222163097,56.013551336504726,-1.0,-0.7306041301861712,890.0335162477237,0.0,53.53445370078294,651,True
skin_sun_exposed_lower_leg,excluded_at_or_below_-1,ENSG00000293859.1,ENSG00000293859,0.10630398566194793,3019573814949.682,-4.431352505943175,0.6810817720939866,13.076167319390386,8.857951104994568,0.0,-7.343378840707198,1.0,-0.8947993239797907,-0.165385047967422,-0.7896536102447006,0.14813016506263418,3.1640953470765147,10.828942065111448,-0.8947993239797907,-0.165385047967422,5.8915888937726555,0.0,5.8915888937726555,25,True
skin_sun_exposed_lower_leg,raw,ENSG00000293859.1,ENSG00000293859,0.6410334084794943,811.9937436490221,-0.9897196446246268,0.0004620380789460879,66.97435897671198,2523.1365544267223,0.0,31.46627661303021,0.0,-1.0,-0.165385047967422,-0.9930256502070526,0.04603949829738883,10.528873242216985,151.97269717351128,-1.0,-0.165385047967422,221.16224903011278,0.0,0.0,754,True
small_intestine_terminal_ileum,excluded_at_or_below_-1,ENSG00000293859.1,ENSG00000293859,,,,,,,,,,,,,,,,,,,,,6,False
small_intestine_terminal_ileum,raw,ENSG00000293859.1,ENSG00000293859,0.15384615384625439,201.50602076629372,-0.9962967205894364,0.001343622658045659,11.07692307693322,314.4090375697131,0.0,3.8978413591908363,0.0005101882989167221,-1.0,-0.6975815066976139,-0.9957515917072328,0.027473441091675113,7.915675216034569,71.88691334456512,-1.0,-0.6975815066976139,198.33674467879268,0.0,0.10118908638035332,207,True
spleen,excluded_at_or_below_-1,ENSG00000293859.1,ENSG00000293859,,,,,,,,,,,,,,,,,,,,,5,False
spleen,raw,ENSG00000293859.1,ENSG00000293859,0.12822103915326938,336.127850845961,-0.9963078070190992,0.0002552440807088615,6.358974368847532,1668.221578258816,0.0,20.457083173050435,0.0,-1.0,-0.6952191352014951,-0.9957547445041104,0.03284974829235713,8.011616661820097,64.27413345907674,-1.0,-0.6952191352014951,258.82938764699645,0.0,0.0,277,True
stomach,excluded_at_or_below_-1,ENSG00000293859.1,ENSG00000293859,0.1373359932372115,1.2126263091110538,-0.8754239588917833,0.05799873316534867,16.01321026293413,5.351469056117383,0.0,0.33652265284905375,0.9449577211906861,-0.8892251895304825,-0.6559532692545352,-0.8263827608689633,0.06130175999082461,1.5418026629417168,1.72597456207233,-0.8892251895304825,-0.6559532692545352,1.2126150371596796,0.0,1.14586994219597,19,True
stomach,raw,ENSG00000293859.1,ENSG00000293859,0.48717948717948784,454.5244416534937,-0.9962051445600593,0.0012662909417630324,25.743589743589745,379.9986249684464,0.0,4.23815400822326,0.0001298410599925621,-1.0,-0.6559532692545352,-0.9918950183206642,0.03887653015836376,5.277842513116293,30.11507792247145,-1.0,-0.6559532692545352,440.3088715489244,0.0,0.0571701706060429,407,True
testis,excluded_at_or_below_-1,ENSG00000293859.1,ENSG00000293859,3.728857269690703,15.810213866809217,1.4739343124485256,1.0049649112657404,371.4173595837468,2.9893968561434296,0.0077658272154780715,3.344007177813953,0.0,-0.9023757203053596,3.598252043662372,1.2643982151060953,0.963736725678727,-0.3065556159375895,-0.48035771412213624,-0.9023757203053596,3.598252043662372,15.7511686058994,0.12232085383527735,0.0,399,True
testis,raw,ENSG00000293859.1,ENSG00000293859,4.848391085632315,15.213101951652527,1.4838496462718798,0.9389432941924802,572.6137344150299,3.1846614861608846,0.005367159700387185,3.7411139505227853,0.0,-1.0,3.598252043662372,1.1823548015152947,1.0365985752619864,-0.37821367077158197,-0.5146443521275712,-1.0,3.598252043662372,15.199007302811854,0.0815754994815423,0.0,414,True
thyroid,excluded_at_or_below_-1,ENSG00000293859.1,ENSG00000293859,0.4437010789192479,3.433213663083527,-0.8414349288807298,0.01840346723059891,23.194263082836358,20.26386601649479,0.0,5.712042694345191,8.223856535311216e-08,-0.9157669769829744,-0.5777368537653786,-0.7943630911612583,0.08514475126663855,1.2063676325360781,0.7109165053273752,-0.9157669769829744,-0.5777368537653786,3.432958272391759,0.0,2.823215632385967e-07,31,True
thyroid,raw,ENSG00000293859.1,ENSG00000293859,0.7948705190523784,768.1860873047164,-0.9956045737872906,0.0021822510361780368,70.35897438319576,270.800282431255,0.0,2.8484675957861683,0.017402956231923374,-1.0,-0.5777368537653786,-0.990680198576022,0.04637614681973765,5.642144567789283,34.804485246268165,-1.0,-0.5777368537653786,763.7674604213215,0.0,13.291811685079523,684,True
uterus,excluded_at_or_below_-1,ENSG00000293859.1,ENSG00000293859,0.1875765803958256,0.6398941538012531,-0.8080696887003561,0.05600237490356318,11.164865720675213,7.611651928344528,0.0,2.081161537175374,0.11468144929459309,-0.8904829760147532,-0.5066508674784154,-0.7531144694333906,0.10476014573371936,0.9959249557640034,0.28906347329511695,-0.8904829760147532,-0.5066508674784154,0.6398815661882967,0.0,0.07338254538736796,14,True
uterus,raw,ENSG00000293859.1,ENSG00000293859,0.5697384283006873,136.45454396322626,-0.9938389700774037,0.004825659827973891,18.87491294399048,142.77592011942207,0.0,1.805558697737854,0.19724712666136807,-1.0,-0.5066508674784154,-0.9774091671376957,0.0777107728928582,3.7513354527200775,14.465725963238093,-1.0,-0.5066508674784154,135.54020724911098,0.0,26.734916426973363,153,True
vagina,excluded_at_or_below_-1,ENSG00000293859.1,ENSG00000293859,0.03746331048343131,1.2732535050309775,-0.8691455499717934,0.10070259245556341,7.452256553425305,7.088902736307746,0.0,0.08503600048061746,0.9963916853677949,-0.8752007497862268,-0.3643626075612926,-0.7752251037092809,0.14393590608236825,2.351746779265066,4.368239112177695,-0.8752007497862268,-0.3643626075612926,1.2732525877805039,0.0,1.2686582918375227,11,True
vagina,raw,ENSG00000293859.1,ENSG00000293859,0.28205128205128116,204.98048152593282,-0.993389478256332,0.0026395196212143407,11.897435900020177,337.022814486513,0.0,3.541814741258402,0.001904162618020656,-1.0,-0.3643626075612926,-0.9854557420047182,0.0655868239634893,6.294693951604197,48.92140466440132,-1.0,-0.3643626075612926,203.24291097643845,0.0,0.387007553459034,170,True
whole_blood,excluded_at_or_below_-1,ENSG00000293859.1,ENSG00000293859,,,,,,,,,,,,,,,,,,,,,5,False
whole_blood,raw,ENSG00000293859.1,ENSG00000293859,0.12820512818783197,876.9640482490562,-0.9963058073539699,0.001573529007797803,4.358974386045304,297.0757728391891,0.0,3.3201658921726747,0.004112834059230541,-1.0,-0.6657635480278703,-0.9986978546392147,0.017641987208251483,14.845692841847843,234.10066865529257,-1.0,-0.6657635480278703,861.2270354172854,0.0,3.542083883994291,803,True
adipose_subcutaneous,excluded_at_or_below_-1,ENSG00000293860.1,ENSG00000293860,0.5622369170559749,12.452367257117007,-0.8828037336815823,0.06143291675465074,165.24414713529106,9.815957165703027,0.0,1.9215384963379494,0.15784300803335985,-0.9662746588849168,-0.4564021664275107,-0.858519321839901,0.07415718058267538,2.0065880977803943,6.565575515395663,-0.9662746588849168,-0.4564021664275107,12.452358086082336,0.0,1.9655176574157676,126,True
adipose_subcutaneous,raw,ENSG00000293860.1,ENSG00000293860,3.2307692141484474,645.4230025730393,-0.9932100381613564,1.5951354934390137e-05,882.9230769290302,47592.25631409764,,601.983728636316,,-1.0,-0.4564021664275107,-0.975032821501159,0.06226719847588881,3.0945488352980015,12.209914655451511,-1.0,-0.4564021664275107,0.0,0.0,0.0,714,True
adipose_visceral_omentum,excluded_at_or_below_-1,ENSG00000293860.1,ENSG00000293860,0.6653622998954551,8.517981361303292,-0.8889575698429335,0.0630717857349532,117.61934183774774,7.602186293775185,0.0,1.8813183447028918,0.17038824247000103,-0.9728615223246404,-0.549911560247609,-0.8556600704898901,0.0858503603849907,1.6701905830691628,2.754002683311797,-0.9728615223246404,-0.549911560247609,8.517949925727482,0.0,1.4513585172921815,114,True
adipose_visceral_omentum,raw,ENSG00000293860.1,ENSG00000293860,3.0000009547427253,451.14209394430384,-0.9943868735273533,0.004756655401840226,857.402968392232,132.14810892903074,0.0,1.6688531992167233,0.24981919132032845,-1.0,-0.549911560247609,-0.9719680545755495,0.06846265473012982,3.0786970903922044,10.933521356135932,-1.0,-0.549911560247609,448.65970778977214,0.0,112.08380537805535,587,True
adrenal_gland,excluded_at_or_below_-1,ENSG00000293860.1,ENSG00000293860,0.19292946353637522,2.4296056370868726,-0.9205433792738694,0.08248923709939028,38.808223719291156,4.5659865500942685,0.0,0.727431075504402,0.767525871067492,-0.9629734874677524,-0.654215324484654,-0.8810298061585577,0.06445241548662681,1.4043642522899245,2.1875904278450387,-0.9629734874677524,-0.654215324484654,2.429524006579039,0.0,1.8647225294289598,43,True
adrenal_gland,raw,ENSG00000293860.1,ENSG00000293860,1.1984422156677628,249.39295108041367,-0.9956921780512029,0.0033702761327344373,90.87258933525547,143.2883177908903,0.0,1.8076204988386917,0.19642531853285436,-1.0,-0.654215324484654,-0.9826585819146373,0.04859862591923972,3.343077802259559,12.564473413544379,-1.0,-0.654215324484654,247.83341672009607,0.0,48.68075782233024,295,True
artery_aorta,excluded_at_or_below_-1,ENSG00000293860.1,ENSG00000293860,-0.007435498684042796,8.558786221390697,-0.8979182693790473,0.11230088745872685,121.71825600727621,7.421050278284447,0.0,0.5482252916076404,0.8604741480883629,-0.9414521375393464,-0.3086221727352564,-0.8561879142256202,0.08373099810203445,3.8498170131280864,22.335276784150626,-0.9414521375393464,-0.3086221727352564,8.558753882052292,0.0,7.364586455356914,76,True
artery_aorta,raw,ENSG00000293860.1,ENSG00000293860,1.9487179232252423,545.3206000939952,-0.9930363117299473,0.002944825493737798,473.8974360530106,328.6808538246027,0.0,3.3442193490207095,0.0037285652332028885,-1.0,-0.3086221727352564,-0.9768438166973455,0.06257990314710413,4.225863962805209,29.681271085186353,-1.0,-0.3086221727352564,545.2280387539414,0.0,2.032918309465341,472,True
artery_coronary,excluded_at_or_below_-1,ENSG00000293860.1,ENSG00000293860,0.4769612060493072,5.29049514662088,-0.8650653976397756,0.058221718078121515,36.31303683907312,9.603007285295504,0.0,2.3691510133615807,0.06042241705483688,-0.9626009085798438,-0.4697194628090925,-0.8297385160281732,0.09029006888288374,1.5330750579286117,2.920594544033123,-0.9626009085798438,-0.4697194628090925,5.2902668008161235,0.0,0.3196507069702695,63,True
artery_coronary,raw,ENSG00000293860.1,ENSG00000293860,1.7866178533885,197.89058013014457,-0.9933790906464925,0.005253983142125102,196.0306515542601,140.9533543831202,0.0,1.7821488097097384,0.20566320757523615,-1.0,-0.4697194628090925,-0.9599758451857273,0.08441092736955175,2.451341384720458,6.645319871569537,-1.0,-0.4697194628090925,196.60613744740476,0.0,40.434648856410874,268,True
artery_tibial,excluded_at_or_below_-1,ENSG00000293860.1,ENSG00000293860,1.5481768241348617,10.867022152073254,-0.8627695288764173,0.03772142421918826,130.5531000168212,12.050168933548587,0.0,3.0514171193245034,0.009508464663078453,-0.9441602061335248,-0.5413544708193293,-0.8328018684198784,0.08311045188308575,1.301892427689761,1.5343341745422645,-0.9441602061335248,-0.5413544708193293,10.86701826033597,0.0,0.10332865912143285,134,True
artery_tibial,raw,ENSG00000293860.1,ENSG00000293860,4.313976332244257,516.7060056113844,-0.99430978344291,0.005445327907097208,2086.895328429282,117.63764408499885,0.0,1.477813928778888,0.3367935935281313,-1.0,-0.5413544708193293,-0.9675766286081963,0.07554866924434944,2.6219116552488964,7.108767056996667,-1.0,-0.5413544708193293,514.8069997096786,0.0,173.38369940565832,691,True
bladder,excluded_at_or_below_-1,ENSG00000293860.1,ENSG00000293860,0.29923766577736916,2.0958497443293496,-0.9104857100064335,0.005064239737575714,10.056602638384241,39.27873629463937,0.0,12.85834337679039,0.0,-0.9565309009313924,-0.7698301948300119,-0.8815050758747872,0.054324285709504164,0.7036600905319197,-0.5045906163325848,-0.9565309009313924,-0.7698301948300119,2.0952658671564035,0.0,0.0,16,True
bladder,raw,ENSG00000293860.1,ENSG00000293860,0.4102564102564101,62.913806702214856,-0.997297559052802,0.0009003688540226672,13.435897436283371,357.2840509130181,0.0,4.244736612072786,0.00012234113128584644,-1.0,-0.7698301948300119,-0.9753776781038519,0.054076182898810554,2.2135887617063346,4.056211874601119,-1.0,-0.7698301948300119,62.90140158647275,0.0,0.007695428629554413,77,True
brain_amygdala,excluded_at_or_below_-1,ENSG00000293860.1,ENSG00000293860,0.37074724957892996,3.8149631230077365,-0.9295271202939189,0.06307721453836886,31.093736308584486,5.2657042294642,0.0,0.9696681689675511,0.6249225759945778,-0.9727765762122728,-0.6946644629027975,-0.8968932933047375,0.06222980801930744,1.5882857903347511,2.544447264131895,-0.9727765762122728,-0.6946644629027975,3.8149547745081236,0.0,2.38405136498843,66,True
brain_amygdala,raw,ENSG00000293860.1,ENSG00000293860,1.7428672528020572,112.12914649709866,-0.9961833666538895,0.0022520843811074144,141.68374550306368,189.34109510896,0.0,2.3966840167954158,0.05727576093523321,-1.0,-0.6946644629027975,-0.9624030793265893,0.0622500590243989,2.00006635693393,4.336108176498446,-1.0,-0.6946644629027975,110.7728743077063,0.0,6.344600666956891,181,True
brain_anterior_cingulate_cortex_ba24,excluded_at_or_below_-1,ENSG00000293860.1,ENSG00000293860,0.20642456991875677,7.10903622417262,-0.9199691022363262,0.07591745259972463,58.67614835157717,7.0171770179756185,0.0,0.9922598804153102,0.6112275478467891,-0.9732353446499769,-0.5432747911224449,-0.8900038749670948,0.07123315677874362,2.2794395392288993,7.090352555682154,-0.9732353446499769,-0.5432747911224449,7.109008749453945,0.0,4.345221985550104,83,True
brain_anterior_cingulate_cortex_ba24,raw,ENSG00000293860.1,ENSG00000293860,2.1828728685040684,144.49320321323734,-0.9942977638647067,0.004348265074766781,370.18084967047923,146.68903436806877,0.0,1.8545740748839348,0.18038154784994995,-1.0,-0.5432747911224449,-0.9608168309968619,0.0676763612002365,2.4526079933159615,8.355485696845639,-1.0,-0.5432747911224449,143.47932260530192,0.0,25.881022296006776,233,True
brain_caudate_basal_ganglia,excluded_at_or_below_-1,ENSG00000293860.1,ENSG00000293860,0.43540540260480065,7.801111083312559,-0.9155759927038128,0.10609884802553221,148.5002022769103,4.385915920886473,0.0,0.8893073697238953,0.6733661457502599,-0.982294690628044,-0.586530479972313,-0.876791925659744,0.07435644315456644,1.200446478807602,1.6269747599176565,-0.982294690628044,-0.586530479972313,7.800592102284738,0.0,5.252654638485391,138,True
brain_caudate_basal_ganglia,raw,ENSG00000293860.1,ENSG00000293860,3.5384615483415223,225.2885691111344,-0.9938159444246847,0.0017122548773535915,587.6923076926456,336.39187436639077,0.0,5.107636357618135,2.163678852491657e-06,-1.0,-0.586530479972313,-0.9433242858034824,0.07947754475544659,1.5328002865530201,2.185492927052283,-1.0,-0.586530479972313,225.22685564803533,0.0,0.00048731858457884414,300,True
brain_cerebellar_hemisphere,excluded_at_or_below_-1,ENSG00000293860.1,ENSG00000293860,0.41414351474259964,0.31687723791230277,-0.8738964726929525,0.02345679193820076,13.525270136372939,3.6938395237279926,0.0010891017770843583,5.556580360937263,0.0,-0.966060451940672,-0.8126287635813272,-0.8883726475168455,0.04454026289334207,-0.18840941188665752,-0.9744667382621106,-0.966060451940672,-0.8126287635813272,0.3168758082591182,0.00034511000589004803,0.0,20,True
brain_cerebellar_hemisphere,raw,ENSG00000293860.1,ENSG00000293860,0.9526583286749367,241.84249303770636,-0.9976905666490378,0.0023529347098092623,249.56898781589211,111.22999320146495,0.0,1.388067400557993,0.3825967177542576,-1.0,-0.8126287635813272,-0.9919402633586168,0.03121410637428911,3.9965966140029425,15.17246123374214,-1.0,-0.8126287635813272,241.21650847334507,0.0,92.28864441004389,277,True
brain_cerebellum,excluded_at_or_below_-1,ENSG00000293860.1,ENSG00000293860,0.13373041121507115,2.093290703176338,-0.8504859984702258,0.059472301779611755,10.360407489086061,6.8959043173783545,0.0,2.7716841663165273,0.02146981596064069,-0.9670443751982384,-0.5604906869288299,-0.854221593788245,0.07585516911302498,1.9679483932106967,6.4894924238020995,-0.9670443751982384,-0.5604906869288299,2.0932711895195864,0.0,0.04494214719469694,27,True
brain_cerebellum,raw,ENSG00000293860.1,ENSG00000293860,0.6923076924351256,272.3830987165599,-0.9952934287291249,0.0021535644640129172,38.307692309811415,285.52845512002096,0.0,3.0907349349294146,0.008596705381431364,-1.0,-0.5604906869288299,-0.9852029437303859,0.05009986214484483,4.227138073949178,22.67655196969298,-1.0,-0.5604906869288299,267.00424357974464,0.0,2.2953568176470007,266,True
brain_cortex,excluded_at_or_below_-1,ENSG00000293860.1,ENSG00000293860,1.340839928148113,5.629577165888458,-0.9020715681843537,0.04009818514290127,143.14896026185738,6.312666126864596,0.0,2.382155200618741,0.05858184453462589,-0.9696144788273894,-0.7230841352851926,-0.8794536247664793,0.05898512798704084,0.9157924406822824,0.25797281719055354,-0.9696144788273894,-0.7230841352851926,5.629569919416742,0.0,0.329790589816078,118,True
brain_cortex,raw,ENSG00000293860.1,ENSG00000293860,3.0256410229161252,182.98447456199312,-0.9971920976598418,0.0014412376412679523,358.9743589780584,268.9682720218466,0.0,2.7552524702154093,0.022479587569843282,-1.0,-0.7230841352851926,-0.9473167693423873,0.07142701376749318,1.2205639932433565,0.6470550513126159,-1.0,-0.7230841352851926,182.8819429429841,0.0,4.111110651329893,270,True
brain_frontal_cortex_ba9,excluded_at_or_below_-1,ENSG00000293860.1,ENSG00000293860,1.1333431961053761,10.070916933628506,-0.9122677543523076,0.02783803538875795,123.51219155961296,17.567092003532384,0.0,3.1674950852945933,0.006628570693149792,-0.9746181960565888,-0.5664689712807551,-0.8653489829517771,0.08885946554804847,1.4478012475828077,1.508138389212255,-0.9746181960565888,-0.5664689712807551,10.069441874595038,0.0,0.06674600730631597,94,True
brain_frontal_cortex_ba9,raw,ENSG00000293860.1,ENSG00000293860,2.410256401639268,197.8919930517932,-0.9950905250734672,0.0013779565767116648,409.435897480483,439.8995039057178,0.0,5.038653715636292,3.109458450444541e-06,-1.0,-0.5664689712807551,-0.9529472282433719,0.08292859170899715,2.1755494623718183,4.838831533578396,-1.0,-0.5664689712807551,195.34509996079336,0.0,0.0006074174718260217,269,True
brain_hippocampus,excluded_at_or_below_-1,ENSG00000293860.1,ENSG00000293860,0.41907468204990356,5.819236676930444,-0.916027622072496,0.050559357120450364,37.4733059929478,7.781852733368674,0.0,1.3419403399362135,0.40640676501251277,-0.9640031490270834,-0.637819661214784,-0.8898439206998034,0.060209631992756425,1.6562297143520817,3.3828310480832693,-0.9640031490270834,-0.637819661214784,5.819229686227257,0.0,2.3649743116443993,75,True
brain_hippocampus,raw,ENSG00000293860.1,ENSG00000293860,1.9984975659026276,168.6753605722774,-0.9954883310897287,0.003960612543894926,338.3665223506471,127.7125389487509,0.0,1.610978930942837,0.27454010266091633,-1.0,-0.637819661214784,-0.967601153147001,0.0598775710851107,2.1735738102914874,5.3208332009576935,-1.0,-0.637819661214784,167.83935495650545,0.0,46.07863374030116,255,True
brain_hypothalamus,excluded_at_or_below_-1,ENSG00000293860.1,ENSG00000293860,0.8654080498815712,9.020274738236408,-0.9203467449851762,0.06915962775260065,54.08531627520625,8.499875488385205,0.0,1.0916900030430008,0.551072156058485,-0.9737339251399164,-0.5046752789770667,-0.8691632104050003,0.09039518291313683,1.5777524510488323,2.548770889143169,-0.9737339251399164,-0.5046752789770667,9.020238587726167,0.0,4.970802326700203,116,True
brain_hypothalamus,raw,ENSG00000293860.1,ENSG00000293860,2.974358960959787,159.29233002979618,-0.9942856084758592,0.0012605072073073225,498.9743589743589,549.3134543310358,0.0,6.4112049080728335,1.1911774020268266e-09,-1.0,-0.5046752789770667,-0.940945262283969,0.08902991287893794,1.939343405430862,4.140645081313899,-1.0,-0.5046752789770667,158.74362597719752,0.0,1.8909181997983637e-07,257,True
brain_nucleus_accumbens_basal_ganglia,excluded_at_or_below_-1,ENSG00000293860.1,ENSG00000293860,0.46457209172195413,14.197121048263515,-0.9358473712554123,0.08492914641646847,114.85231565577052,7.645394260802724,0.0,0.6254263899126249,0.8223651473222172,-0.973406712259384,-0.4767110527648951,-0.8889753428194443,0.08091759989181085,2.4747653818061317,8.104767496877757,-0.973406712259384,-0.4767110527648951,14.197002925985732,0.0,11.675120402762207,145,True
brain_nucleus_accumbens_basal_ganglia,raw,ENSG00000293860.1,ENSG00000293860,3.7321245358792434,207.5964225088794,-0.9934692473111719,1.5966029426469873e-05,1215.9052730961898,45772.58551103411,,578.4706252471906,,-1.0,-0.4767110527648951,-0.9435137709081386,0.08007157315143715,2.34099571811459,8.060034813084583,-1.0,-0.4767110527648951,0.0,0.0,0.0,285,True
brain_putamen_basal_ganglia,excluded_at_or_below_-1,ENSG00000293860.1,ENSG00000293860,0.607082645419202,7.135095898440117,-0.9234065299765292,0.04330707425731532,91.14975083046787,9.202076420993842,0.0,1.6765544566913984,0.24526865847556228,-0.9747471975278508,-0.6416138662032091,-0.895068583021464,0.06215677525726424,1.6035617483110904,2.8349325287449885,-0.9747471975278508,-0.6416138662032091,7.134979461001071,0.0,1.749986840650423,87,True
brain_putamen_basal_ganglia,raw,ENSG00000293860.1,ENSG00000293860,2.230751371580534,231.65838806835274,-0.9967596109003412,0.002123376050393402,324.92307704109487,236.53461132177867,0.0,2.1581679850135167,0.09875536743623382,-1.0,-0.6416138662032091,-0.964058924105777,0.061665715058250796,2.0690535737619773,4.74651071332643,-1.0,-0.6416138662032091,228.49831095523822,0.0,22.565434656943367,254,True
brain_spinal_cord_cervical_c-1,excluded_at_or_below_-1,ENSG00000293860.1,ENSG00000293860,0.14581468335554632,2.165678946595855,-0.908953848342487,0.115264606423833,38.25741585818484,4.823954686859125,0.0,0.6134918063343294,0.8284649216119947,-0.9589561206179082,-0.5157803891273289,-0.8493864703879586,0.09541901038281682,1.6566501643188711,3.101425279053557,-0.9589561206179082,-0.5157803891273289,2.1656443042166327,0.0,1.7941603387322953,35,True
brain_spinal_cord_cervical_c-1,raw,ENSG00000293860.1,ENSG00000293860,0.8974358974358971,169.7266665813494,-0.9941442534080834,0.0020090384247073646,55.58974358974361,336.7325663338597,0.0,4.122009886055291,0.00020636602663833575,-1.0,-0.5157803891273289,-0.9741594434489145,0.06902916503614685,3.44068003500139,14.060823507723864,-1.0,-0.5157803891273289,168.10111722747243,0.0,0.03469035963569855,204,True
brain_substantia_nigra,excluded_at_or_below_-1,ENSG00000293860.1,ENSG00000293860,0.46756795910391064,1.7181917315490518,-0.9250657817092574,0.09012809517309243,17.943034957093452,3.5352475460925143,0.0,0.7956917938370203,0.7281239841688498,-0.975775368741539,-0.699763793542771,-0.8775449799283633,0.0691767349349383,0.7357923585807048,-0.23914974569644798,-0.975775368741539,-0.699763793542771,1.7148713697440816,0.0,1.2486389740751531,50,True
brain_substantia_nigra,raw,ENSG00000293860.1,ENSG00000293860,1.3059034650546748,130.03419540701367,-0.9962615388750949,0.0030282314134617923,47.47119115056553,138.46733469509567,0.0,1.7458977546242715,0.21908008621245378,-1.0,-0.699763793542771,-0.9665423442427223,0.06543994452715662,2.05813973560405,3.5339700481101097,-1.0,-0.699763793542771,129.2871498252729,0.0,28.32423992988305,183,True
breast_mammary_tissue,excluded_at_or_below_-1,ENSG00000293860.1,ENSG00000293860,0.5262440744337004,9.192034556206155,-0.8821178407629952,0.08761920367428751,101.45781015820543,6.682401742125146,0.0,1.423113649849811,0.36326465601605507,-0.970288459441416,-0.4681020691321688,-0.8512006363764445,0.08304110008379019,1.6528221518816524,4.51331725673511,-0.970288459441416,-0.4681020691321688,9.19201065405108,0.0,3.3391325883397793,126,True
breast_mammary_tissue,raw,ENSG00000293860.1,ENSG00000293860,3.3157901412799706,376.21501552042054,-0.9933605918073484,0.0053255000122228915,642.3341447034466,139.4850670949928,0.0,1.7631285495500153,0.21267607251240844,-1.0,-0.4681020691321688,-0.9635238914074553,0.07606162571966942,2.5187040467129895,7.692840462546956,-1.0,-0.4681020691321688,373.84255983772994,0.0,79.50736736427342,514,True
cells_cultured_fibroblasts,excluded_at_or_below_-1,ENSG00000293860.1,ENSG00000293860,,,,,,,,,,,,,,,,,,,,,11,False
cells_cultured_fibroblasts,raw,ENSG00000293860.1,ENSG00000293860,0.2820512820512818,658.0203932716498,-0.9982503956397631,0.0005215745475836328,11.897435897435901,356.3023828113103,0.0,4.743932054386367,1.3015112948992073e-05,-1.0,-0.8668429059492124,-0.9985558628181798,0.011779565801127078,8.89100082989684,82.66923844193578,-1.0,-0.8668429059492124,656.0188980464678,0.0,0.00853816005474789,652,True
cells_ebv-transformed_lymphocytes,excluded_at_or_below_-1,ENSG00000293860.1,ENSG00000293860,0.009666400903013678,1.450521371332549,-0.9451433778678687,0.06764582055457911,9.13912228303332,4.613936604424185,0.0,0.09515141817039506,0.9954835556225612,-0.9496947383768626,-0.7244457860067455,-0.9040398298966108,0.05144624506977382,2.6002892174668175,6.988844686327187,-0.9496947383768626,-0.7244457860067455,1.4504863142720168,0.0,1.443935273513371,17,True
cells_ebv-transformed_lymphocytes,raw,ENSG00000293860.1,ENSG00000293860,0.43589743589743585,319.73696123096994,-0.9966833632383594,0.0007106794980891307,21.58974358974359,541.737977447966,0.0,6.599926833951384,3.5422436440446754e-10,-1.0,-0.7244457860067455,-0.9950112449793345,0.024189386332240107,6.4711651333310485,53.805204678396706,-1.0,-0.7244457860067455,313.8992769583933,0.0,1.1119077186760862e-07,327,True
cervix_ectocervix,excluded_at_or_below_-1,ENSG00000293860.1,ENSG00000293860,,,,,,,,,,,,,,,,,,,,,5,False
cervix_ectocervix,raw,ENSG00000293860.1,ENSG00000293860,0.12820512819521673,21.78967280212052,-0.9967162532255108,0.00173149757992256,4.358974359129149,254.77780497326674,0.0,2.6820246691244862,0.027562187909587643,-1.0,-0.6847781100295607,-0.9627057172251426,0.08274547341818286,2.1716222248105144,3.7820618951355947,-1.0,-0.6847781100295607,21.674109092648774,0.0,0.5973858675844874,24,True
cervix_endocervix,excluded_at_or_below_-1,ENSG00000293860.1,ENSG00000293860,,,,,,,,,,,,,,,,,,,,,7,False
cervix_endocervix,raw,ENSG00000293860.1,ENSG00000293860,,,,,,,,,,,,,,,,,,,,,23,False
colon_sigmoid,excluded_at_or_below_-1,ENSG00000293860.1,ENSG00000293860,0.36080554443886126,5.962925742048373,-0.8865981499739861,0.08304943033039203,86.21651862047526,5.48911516736634,0.0,1.3015689551010203,0.42868240903957094,-0.963032546540992,-0.5642508752789759,-0.8577631021658844,0.07352676567200812,1.5357621725090098,3.2509942140129544,-0.963032546540992,-0.5642508752789759,5.962910229463158,0.0,2.5561947220529673,94,True
colon_sigmoid,raw,ENSG00000293860.1,ENSG00000293860,2.4736874941425375,305.6936605453078,-0.9945750504555791,0.004901987698016516,658.3676881939926,124.14765646964247,0.0,1.5650870001191692,0.2951883549187731,-1.0,-0.5642508752789759,-0.9680900515598881,0.06878779787201542,2.491346970977936,6.930221511099786,-1.0,-0.5642508752789759,304.28856171363844,0.0,89.8224399528485,419,True
colon_transverse,excluded_at_or_below_-1,ENSG00000293860.1,ENSG00000293860,0.30282414025726345,8.977377850539929,-0.9144862782942427,0.05989765836303862,61.35029558901383,9.633044435923503,0.0,1.8638450707549652,0.17605531136860506,-0.9934276477309628,-0.5064879250252377,-0.8878089444423793,0.07887832426084446,2.3797107022326838,7.191235946476288,-0.9934276477309628,-0.5064879250252377,8.977358462006562,0.0,1.5805116392961467,88,True
colon_transverse,raw,ENSG00000293860.1,ENSG00000293860,2.2307692553278122,438.71580436739146,-0.99468350425695,0.00247833379268251,420.9230769372189,278.5794275486937,0.0,3.0337561495225973,0.010263410350467017,-1.0,-0.5064879250252377,-0.9793886996052805,0.05499040464936687,3.9533666602460538,20.94394155362889,-1.0,-0.5064879250252377,428.882825347775,0.0,4.4018004288118915,479,True
esophagus_gastroesophageal_junction,excluded_at_or_below_-1,ENSG00000293860.1,ENSG00000293860,-0.0028350428992708686,4.159649680897295,-0.888196301241628,0.09895305429257004,63.55394364841538,4.032131218227927,0.0,1.0681552042266338,0.5651312174899679,-0.962935522197313,-0.6060665649926318,-0.8699190707306105,0.062100832575450134,1.1766913487028785,3.0573004823881433,-0.962935522197313,-0.6060665649926318,4.158392829199208,0.0,2.3500376023669003,70,True
esophagus_gastroesophageal_junction,raw,ENSG00000293860.1,ENSG00000293860,1.8320442531605612,328.84258913495637,-0.9950766804462462,0.0032250879578878617,159.92843715610718,170.5824425127055,0.0,2.1588946955032196,0.09821630072948669,-1.0,-0.6060665649926318,-0.9774052976455156,0.05564709798536502,2.720195735563035,8.00176010123315,-1.0,-0.6060665649926318,325.6258792988471,0.0,31.981769286519096,403,True
esophagus_mucosa,excluded_at_or_below_-1,ENSG00000293860.1,ENSG00000293860,0.0008000644055356146,5.6209117161243825,-0.8970347879904901,0.07491409939211188,56.22309901848956,7.177826885894125,0.0,1.2772614231860235,0.44234078005862676,-0.9646942220053256,-0.5168090207825067,-0.8854779777788379,0.06436888821818673,3.1282955713601046,16.02402124174757,-0.9646942220053256,-0.5168090207825067,5.620778652545848,0.0,2.486299613704008,60,True
esophagus_mucosa,raw,ENSG00000293860.1,ENSG00000293860,1.5384615400853832,632.3153597345778,-0.9946603667352031,0.0019058215765358625,235.6923077470422,354.589255659959,0.0,3.962271114014918,0.0004000797348047132,-1.0,-0.5168090207825067,-0.9888089229099843,0.039459604142605194,5.049197915815772,38.53863856268475,-1.0,-0.5168090207825067,616.118157859915,0.0,0.2464963892049581,614,True
esophagus_muscularis,excluded_at_or_below_-1,ENSG00000293860.1,ENSG00000293860,0.7551133970494028,5.113101340751092,-0.9182136264051073,0.08838356901636088,81.98133107582424,4.75208651149064,0.0,0.6700961872037136,0.798901545912515,-0.9600923738482708,-0.6212242767518155,-0.8645147505578362,0.07429641832724618,1.023807667895022,0.5292487792386065,-0.9600923738482708,-0.6212242767518155,5.113037363117869,0.0,4.084813453703315,101,True
esophagus_muscularis,raw,ENSG00000293860.1,ENSG00000293860,2.6535608528263426,429.8979527655119,-0.9952791288322852,0.004255891606538243,1040.178070159444,124.29673821367538,0.0,1.5687241708275066,0.2935635308767532,-1.0,-0.6212242767518155,-0.9756078249667406,0.06083048079179359,2.839051054731272,8.187996043229635,-1.0,-0.6212242767518155,427.84513795377546,0.0,125.5997293661619,561,True
fallopian_tube,excluded_at_or_below_-1,ENSG00000293860.1,ENSG00000293860,,,,,,,,,,,,,,,,,,,,,3,False
fallopian_tube,raw,ENSG00000293860.1,ENSG00000293860,0.07692308197386263,37.18261726338719,-0.997278295372599,0.0016700066180867718,2.76923076947954,250.0301109823957,0.0,2.304824157675413,0.07161851839297578,-1.0,-0.7020244870574635,-0.9843623338252583,0.05835024247119069,4.239687439387744,17.494001822074576,-1.0,-0.7020244870574635,36.457083598667865,0.0,2.611002312265446,29,True
heart_atrial_appendage,excluded_at_or_below_-1,ENSG00000293860.1,ENSG00000293860,0.10640592440553685,1.8127760322651283,-0.9177387096056159,0.03412836198016806,16.07713480467682,5.746079654655702,0.0,2.105979596070789,0.10887384783485043,-0.9685610435796628,-0.7790720388575998,-0.9114611253030501,0.03738320702435733,1.6115879679473553,4.01497475543067,-0.9685610435796628,-0.7790720388575998,1.812757497263398,0.0,0.19736188391853948,27,True
heart_atrial_appendage,raw,ENSG00000293860.1,ENSG00000293860,0.6922970687702913,543.6875151814887,-0.9978060604126738,0.0011916412470314997,38.30769231598612,259.5887148134422,0.0,2.60371913707527,0.03372817658108035,-1.0,-0.7790720388575998,-0.9948144259938879,0.022631034356466607,5.033779502647666,29.205276731611356,-1.0,-0.7790720388575998,543.5489024579608,0.0,18.332913362554518,461,True
heart_left_ventricle,excluded_at_or_below_-1,ENSG00000293860.1,ENSG00000293860,0.17912977076712105,1.2016330419358514,-0.9570852628740226,0.032676664184851496,19.363468226778487,5.164488570202667,0.0,1.2948430812447136,0.43244026128883695,-0.9870037657533984,-0.8377551537695429,-0.9399392072844925,0.034826918641441114,1.2810577646453682,1.4391531130018738,-0.9870037657533984,-0.8377551537695429,1.201630696867392,0.0,0.5196334925260222,24,True
heart_left_ventricle,raw,ENSG00000293860.1,ENSG00000293860,0.6153846153637303,591.9952091932392,-0.998469529066515,0.0008717386263974748,23.230769232529987,260.7254540877321,0.0,2.4828689304466254,0.04639696236289826,-1.0,-0.8377551537695429,-0.9968109313602385,0.01560852061163502,6.058572486533583,42.43817377795486,-1.0,-0.8377551537695429,585.0520207243655,0.0,27.14463658588591,452,True
kidney_cortex,excluded_at_or_below_-1,ENSG00000293860.1,ENSG00000293860,0.08621328603295272,9505545164.362432,-2.5050974776959825,0.32277817870288183,7.310638688442252,7.648857072502512,0.0,-6.780636041961708,1.0,-0.9574943360609188,-0.7593327497166019,-0.8988819489276377,0.06425794276531954,1.2748690820758137,0.3517948393661121,-0.9574943360609188,-0.7593327497166019,0.9848392585795473,0.0,0.9848392585795369,10,True
kidney_cortex,raw,ENSG00000293860.1,ENSG00000293860,0.25641025641025644,95.5858351403668,-0.9970858332334663,0.0006750622905761916,11.435897435897438,498.0779402128721,0.0,6.104998341311011,8.252014603416676e-09,-1.0,-0.7593327497166019,-0.9902771104738114,0.03546894648992169,4.509352591221662,22.269821280114005,-1.0,-0.7593327497166019,93.4410484390507,0.0,7.710768962776449e-07,104,True
kidney_medulla,excluded_at_or_below_-1,ENSG00000293860.1,ENSG00000293860,,,,,,,,,,,,,,,,,,,,,2,False
kidney_medulla,raw,ENSG00000293860.1,ENSG00000293860,0.05128205144531648,10.19570472477097,-0.9986897370351779,0.00012034110732178222,1.8974358974358974,1257.2920771549577,0.0,15.39782786087304,0.0,-1.0,-0.8917017086232325,-0.9839509235717359,0.036813214440534585,1.8710143743911705,1.81758752161518,-1.0,-0.8917017086232325,8.883172882266868,0.0,0.0,11,True
liver,excluded_at_or_below_-1,ENSG00000293860.1,ENSG00000293860,0.41215759153159254,2.518390736637303,-0.932316462206888,0.00802718558350291,12.84315875676713,38.67133515947521,0.0,7.124939832398767,9.475840289645948e-12,-0.9727581718804856,-0.7128149722296241,-0.8933033608632219,0.06591674366141047,1.1548737158184008,0.668082854767603,-0.9727581718804856,-0.7128149722296241,2.5181198810806498,0.0,2.3861301823302483e-11,22,True
liver,raw,ENSG00000293860.1,ENSG00000293860,0.5641025640961564,268.29771924562704,-0.9969029795057239,0.0014607328736954482,29.58974359007477,275.04078263194555,0.0,2.9983910575465003,0.011419718387709037,-1.0,-0.7128149722296241,-0.9910407402251562,0.03505151418094583,4.805347509924213,25.741447829565395,-1.0,-0.7128149722296241,262.2600383349322,0.0,2.994935782134766,262,True
lung,excluded_at_or_below_-1,ENSG00000293860.1,ENSG00000293860,0.8434233596884588,11.834122709271218,-0.8717024056059297,0.051964133746017604,107.70555363839446,12.486940352417063,0.0,2.345786248744419,0.06384260929100691,-0.9578964243966824,-0.4128798799170126,-0.8322801233072897,0.09747542576296697,2.072256566762096,5.325694001596844,-0.9578964243966824,-0.4128798799170126,11.833861082476208,0.0,0.7555045694925806,113,True
lung,raw,ENSG00000293860.1,ENSG00000293860,2.897435897435898,498.63283761985593,-0.9923804367720328,0.0019203735397695118,689.5897435897436,426.75944545949824,0.0,5.611246683623812,1.4746013992222083e-07,-1.0,-0.4128798799170126,-0.9686219435988803,0.07778186029316757,3.246610010658471,13.263339810278396,-1.0,-0.4128798799170126,492.0268517999666,0.0,7.255434841191288e-05,604,True
minor_salivary_gland,excluded_at_or_below_-1,ENSG00000293860.1,ENSG00000293860,0.26678165830722794,1.7265407837280409,-0.9078220167828236,0.05880182848966761,29.832488964280984,5.14310915415624,0.0,1.4789719468957454,0.3349816109292424,-0.9693164452597088,-0.6939757983383779,-0.8778664717037225,0.0718610736270715,1.2761073368244662,0.9516588771593422,-0.9693164452597088,-0.6939757983383779,1.7265325787004182,0.0,0.578356664534885,35,True
minor_salivary_gland,raw,ENSG00000293860.1,ENSG00000293860,0.8974358823753203,189.34748180593363,-0.9970298265362869,0.0016575780722873105,43.589743591503364,258.55983737639264,0.0,2.534094571598455,0.040456796054585416,-1.0,-0.6939757983383779,-0.9763830193902224,0.057576159584725,2.8984386319907127,8.844893868149612,-1.0,-0.6939757983383779,188.72422916053213,0.0,7.6351776497065496,181,True
muscle_skeletal,excluded_at_or_below_-1,ENSG00000293860.1,ENSG00000293860,0.7603895146734089,11.693743451230414,-0.9103697580436032,0.0529599276694094,75.4844885877244,7.5198344736395155,0.0,1.6323178692384634,0.2638887712957856,-0.97149732645929,-0.6287645603522417,-0.8877458422790503,0.06005116306629788,1.6379030014381672,3.3246614228158586,-0.97149732645929,-0.6287645603522417,11.69370570793459,0.0,3.0858376311613736,152,True
muscle_skeletal,raw,ENSG00000293860.1,ENSG00000293860,3.8974358952992603,669.2626458256987,-0.9955055679946188,0.0014078496300330614,835.5897435932145,368.39879474489385,0.0,4.514748281053905,3.7952368136253454e-05,-1.0,-0.6287645603522417,-0.9791410367071096,0.05074680997876481,2.9303448213030725,9.912218615263487,-1.0,-0.6287645603522417,661.0828759788434,0.0,0.025089660677722225,818,True
nerve_tibial,excluded_at_or_below_-1,ENSG00000293860.1,ENSG00000293860,1.1353506866038707,19.577049044694476,-0.8573421938189534,0.092369277759746,148.0258680350703,10.23322350509798,0.0,1.546995625003234,0.3022273951541205,-0.95838412438795,-0.1889597871802971,-0.8074165757886663,0.116828903631458,1.70692595640818,4.045691851830659,-0.95838412438795,-0.1889597871802971,19.576615397626995,0.0,5.916589477558855,202,True
nerve_tibial,raw,ENSG00000293860.1,ENSG00000293860,5.179487229360474,463.3123299278861,-0.989967098606613,0.003224842306124821,1885.7435897454898,351.27156488477897,0.0,4.399801253392106,6.445714744030619e-05,-1.0,-0.1889597871802971,-0.941937534790016,0.10919300347876397,2.3588715706413095,6.745970945445922,-1.0,-0.1889597871802971,449.7922486046341,0.0,0.028992325285815745,670,True
ovary,excluded_at_or_below_-1,ENSG00000293860.1,ENSG00000293860,0.1507674467041552,2.5841421595643115,-0.9023198620403019,0.03691605194114655,19.41113145792606,14.911797558470804,0.0,1.8223525675088599,0.190050856748246,-0.949889807504798,-0.5130684025360954,-0.8664211047322793,0.09273321527931465,2.7879058532533523,8.2073176447203,-0.949889807504798,-0.5130684025360954,2.584088243005857,0.0,0.49110818449633287,21,True
ovary,raw,ENSG00000293860.1,ENSG00000293860,0.5384615384621939,205.59489491265404,-0.9948180559125291,0.0021232836682696025,43.692307695427886,320.86946443134553,0.0,3.4514350190111744,0.002643542085385025,-1.0,-0.5130684025360954,-0.9854655088050667,0.051332616538974675,5.3937665407090405,38.69600669810515,-1.0,-0.5130684025360954,201.40975598317087,0.0,0.5324351663486485,193,True
pancreas,excluded_at_or_below_-1,ENSG00000293860.1,ENSG00000293860,0.4218252763590654,3.174165320882586,-0.9251089089932197,0.02701815477234439,52.39989022290946,6.780596013781788,0.0,2.8027837734271506,0.0196870533440965,-0.978655309479437,-0.7955675176338527,-0.9131440043209715,0.035617409597390584,1.0483176709101845,1.4557726688797432,-0.978655309479437,-0.7955675176338527,3.174151368457528,0.0,0.06248968731306026,50,True
pancreas,raw,ENSG00000293860.1,ENSG00000293860,1.315795207148144,296.12592602121,-0.9974511259211586,0.0022543366313925346,319.39625560375197,126.64769444143046,0.0,1.5989858128917362,0.2798923799099063,-1.0,-0.7955675176338527,-0.9880033155139464,0.032752762837536864,2.8970009812942625,8.342706552509052,-1.0,-0.7955675176338527,294.6408278552822,0.0,82.46772252703995,362,True
pituitary,excluded_at_or_below_-1,ENSG00000293860.1,ENSG00000293860,0.5645735236635505,1.8005698991709238,-0.8883505879464171,0.06351738942236063,67.32804540984183,4.435862583726892,0.0,1.2694034373107541,0.44675042327779724,-0.945364036697716,-0.6891201331897345,-0.8532714139033234,0.06534412436706061,0.747462652346394,-0.2657236500258122,-0.945364036697716,-0.6891201331897345,1.800467616979489,0.0,0.8043596699835537,51,True
pituitary,raw,ENSG00000293860.1,ENSG00000293860,1.307690904794523,340.5413857070842,-0.996926928731641,0.0015726645433492641,88.30769235003055,276.79427674951546,0.0,2.763449512632249,0.02197939896743137,-1.0,-0.6891201331897345,-0.9760921473133211,0.06025000451781529,2.640559922098948,6.401704227330642,-1.0,-0.6891201331897345,340.3109411922735,0.0,7.479829949447053,313,True
prostate,excluded_at_or_below_-1,ENSG00000293860.1,ENSG00000293860,0.6010818034435729,5.233244725494498,-0.8808996945801176,0.07385101714354142,42.997995819771035,8.311951411055517,0.0,1.5152140907617968,0.3172961663073178,-0.9600250153734022,-0.4468449785978362,-0.8273498775943169,0.10824090046811759,1.3124480264278795,1.3305828208013555,-0.9600250153734022,-0.4468449785978362,5.233154674048388,0.0,1.6604599157687745,74,True
prostate,raw,ENSG00000293860.1,ENSG00000293860,,,,,,,,,,,,,,,,,,,,,282,False
skin_not_sun_exposed_suprapubic,excluded_at_or_below_-1,ENSG00000293860.1,ENSG00000293860,0.24837063469861173,8.24262166758437,-0.8897424518625758,0.04861330032609131,22.851817936665203,10.733975142437258,0.0,2.502295493485866,0.0436860125026434,-0.9757583447701006,-0.5207642641435436,-0.8756335250323766,0.06727494984681635,2.6090850300316846,10.124006144122298,-0.9757583447701006,-0.5207642641435436,8.242505775393871,0.0,0.36008221035696714,72,True
skin_not_sun_exposed_suprapubic,raw,ENSG00000293860.1,ENSG00000293860,1.8461538461538454,782.5208174562492,-0.994181846541043,0.00031227526946403587,309.0769230769231,2143.9852308558575,0.0,26.34890538641726,0.0,-1.0,-0.5207642641435436,-0.9862451824920601,0.04492386275462376,4.391128128504255,26.504925679219575,-1.0,-0.5207642641435436,481.2343765208522,0.0,0.0,651,True
skin_sun_exposed_lower_leg,excluded_at_or_below_-1,ENSG00000293860.1,ENSG00000293860,0.426715054379793,4.351791222253931,-0.8885549352433701,0.0513060887135105,74.89225327324323,5.8781799654185605,0.0,1.7457664617140243,0.21787184369336682,-0.9518893928817712,-0.6753011305820196,-0.8699345327547797,0.06155313145160465,1.457424396628814,2.0844754995795025,-0.9518893928817712,-0.6753011305820196,4.351781859323768,0.0,0.9481307370422172,72,True
skin_sun_exposed_lower_leg,raw,ENSG00000293860.1,ENSG00000293860,1.8461537965659358,707.1799640006986,-0.9955986230498391,0.0017357897210353037,221.07692816557537,260.95848613040147,0.0,3.5859683351052762,0.001615372893981437,-1.0,-0.6753011305820196,-0.9875799553824193,0.04266549905372116,4.0181207287685625,18.08225483809663,-1.0,-0.6753011305820196,706.1941390200201,0.0,1.140766870061499,754,True
small_intestine_terminal_ileum,excluded_at_or_below_-1,ENSG00000293860.1,ENSG00000293860,0.20072758212022554,3.3330652006904593,-0.9057920760744201,0.07879726455630645,37.48273077593348,8.538289500344456,0.0,1.0958584083136582,0.548564462633097,-0.9668512026544572,-0.4300549777199068,-0.8605425026334219,0.10051867558738098,2.3837872611134068,7.275745274292559,-0.9668512026544572,-0.4300549777199068,3.333057385746683,0.0,1.8283968337374046,38,True
small_intestine_terminal_ileum,raw,ENSG00000293860.1,ENSG00000293860,0.9743589743589743,182.81263931849335,-0.9933419349928845,0.0016054122252211712,84.97435897435898,496.20156242025234,0.0,5.865114071202409,3.390242437062555e-08,-1.0,-0.4300549777199068,-0.9743991067636233,0.06887508468914555,4.011414272231863,21.62150514376504,-1.0,-0.4300549777199068,182.81223267998033,0.0,6.197777892458234e-06,207,True
spleen,excluded_at_or_below_-1,ENSG00000293860.1,ENSG00000293860,0.3399558403818546,5.019054460280941,-0.8813594797956394,0.04816832155261927,46.38313526904193,9.924996705847201,0.0,1.767441920032908,0.20974010373725244,-0.9415588110669822,-0.5433126349232726,-0.8552247893737555,0.07782478822944466,2.037024046763355,4.912308060671125,-0.9415588110669822,-0.5433126349232726,5.0188569424509035,0.0,1.0526555757520821,55,True
spleen,raw,ENSG00000293860.1,ENSG00000293860,1.4473685684157336,214.81659116303786,-0.9942928280207376,0.004102210875132913,200.6690479070724,155.47282303458078,0.0,1.9675146552789318,0.14552455696993497,-1.0,-0.5433126349232726,-0.9712540195507458,0.06732358230993722,2.924607603866507,10.412271200555685,-1.0,-0.5433126349232726,213.0736904689914,0.0,31.007454407449018,277,True
stomach,excluded_at_or_below_-1,ENSG00000293860.1,ENSG00000293860,0.8158673926769957,7.425508104363295,-0.8941439819201998,0.06182704540426009,74.18687365632603,7.709929539985371,0.0,1.4585429828673733,0.3451887400636122,-0.9579090352509608,-0.5570787914743991,-0.8530536748885992,0.08507805291435702,1.3982252689676307,1.483881863943484,-0.9579090352509608,-0.5570787914743991,7.4254347589434495,0.0,2.5631764688642416,108,True
stomach,raw,ENSG00000293860.1,ENSG00000293860,2.769230759409413,341.2732581228338,-0.9951337704161173,0.0017816114582209024,400.92307692307685,347.7207611265969,0.0,3.8627321593567148,0.0005931217895722556,-1.0,-0.5570787914743991,-0.9610068719606111,0.07827787119922171,2.368582903910921,5.813505644590132,-1.0,-0.5570787914743991,331.10794291244366,0.0,0.1963873356418211,407,True
testis,excluded_at_or_below_-1,ENSG00000293860.1,ENSG00000293860,0.5600980373885276,19.42269742984885,0.3483717564772695,0.9334202055860191,609.4416036537582,3.1381532561340233,0.0,2.0096947407917174,0.12637915192439103,-0.9780825556756588,2.419640011454077,0.362376846527884,0.6465239211945141,0.10550505037329481,-0.33374474535184584,-0.9780825556756588,2.419640011454077,19.28147811491884,0.0,2.436776852012149,392,True
testis,raw,ENSG00000293860.1,ENSG00000293860,0.40028338249921824,18.720905568110368,0.28961471357581303,1.0766545047436473,1066.922355934184,2.7978433668231086,0.0,1.6939423093846213,0.22266550259710105,-1.0,2.419640011454077,0.289980009272779,0.6995311286529166,-0.0031561917439364533,-0.45609410098104375,-1.0,2.419640011454077,18.347207588022272,0.0,4.085290198840326,414,True
thyroid,excluded_at_or_below_-1,ENSG00000293860.1,ENSG00000293860,1.7769519735611865,12.269860211589634,-0.8550373854963048,0.05585798833736289,156.50459905719617,7.194517350266495,0.0,2.5188261028707335,0.041910112956690726,-0.9545248765099712,-0.5708714879710484,-0.8244598713989304,0.08008753557826938,1.1938744142454307,1.2670809006985184,-0.9545248765099712,-0.5708714879710484,12.26968418255975,0.0,0.5142238500340006,197,True
thyroid,raw,ENSG00000293860.1,ENSG00000293860,5.0512820657484765,527.4100724899785,-0.9952020370626126,0.00188567109166401,1037.8974358989092,318.23896548414484,0.0,3.5983710456254987,0.0015633771899552717,-1.0,-0.5708714879710484,-0.9494423898619727,0.09038082555775195,1.8117798764292654,2.7845958018945245,-1.0,-0.5708714879710484,520.4783088129811,0.0,0.8137039158647106,684,True
uterus,excluded_at_or_below_-1,ENSG00000293860.1,ENSG00000293860,0.20327255756717377,1.8339386827132798,-0.8339335540746952,0.06736077079209085,13.689700582341011,5.8922124346832065,0.0,1.9385732814430863,0.15273875586986235,-0.926270237832582,-0.5532800645090983,-0.8118599311161042,0.07959087011591398,1.3322254152570836,2.23713319450298,-0.926270237832582,-0.5532800645090983,1.83392570200594,0.0,0.28011153008215134,31,True
uterus,raw,ENSG00000293860.1,ENSG00000293860,0.7948717948717945,137.35724664619852,-0.995094672056158,0.0019187980449442486,46.35897435910504,325.63104371192577,0.0,3.6153785565644823,0.001490695057379153,-1.0,-0.5532800645090983,-0.9618801167620864,0.08370571288110461,2.287556817566035,5.042086439821494,-1.0,-0.5532800645090983,133.70246280043486,0.0,0.19930960045602808,153,True
vagina,excluded_at_or_below_-1,ENSG00000293860.1,ENSG00000293860,0.1649166050194222,2.024866424485036,-0.8524178865097319,0.06558010158685591,28.28194355694007,5.135778981087199,0.0,1.6841694590507554,0.24214493045218635,-0.930516419257992,-0.6142608526158068,-0.8366866608117538,0.06954232560877355,1.4831081988179897,2.5818037185160785,-0.930516419257992,-0.6142608526158068,2.024861825223932,0.0,0.4903100258441361,35,True
vagina,raw,ENSG00000293860.1,ENSG00000293860,0.8974358974358975,150.42675381051922,-0.9951815538364988,9.716490100977966e-06,59.58974358974358,55442.162371034756,,701.3141415439931,,-1.0,-0.6142608526158068,-0.9663766654612435,0.07320767096488008,2.2976990990929163,5.216684685627595,-1.0,-0.6142608526158068,0.0,0.0,0.0,170,True
whole_blood,excluded_at_or_below_-1,ENSG00000293860.1,ENSG00000293860,0.43437036012759633,8.352410173152618,-0.8803885993297297,0.009575071408181994,19.24045247429504,64.83499482070602,0.0,6.969841083795951,2.8270684561930435e-11,-0.9275785908958124,-0.4414169180543442,-0.814366174385778,0.12184993814408171,1.9883323780366642,3.516699498301292,-0.9275785908958124,-0.4414169180543442,8.351186372565689,0.0,2.3609375565669666e-10,29,True
whole_blood,raw,ENSG00000293860.1,ENSG00000293860,0.7435897435897436,847.7690788517916,-0.9930121040510191,1.8487374335509633e-05,79.43589743589742,42194.92605166118,,534.5473642797941,,-1.0,-0.4414169180543442,-0.9932959141434465,0.04146588236480238,8.540128217116228,89.5888001552364,-1.0,-0.4414169180543442,0.0,0.0,0.0,803,True
adipose_subcutaneous,excluded_at_or_below_-1,ENSG00000293861.1,ENSG00000293861,0.22058832925655109,1.6660885017245322,-0.9864588334306434,0.06836344645954183,22.76849353231777,3.095490148961647,0.0,-0.34050437411090384,1.0,-0.969998764620591,-0.8368220453988017,-0.9265149364488432,0.036519290345019474,1.0570292957203378,0.4381063473132718,-0.969998764620591,-0.8368220453988017,1.5584139183393733,0.0,1.5584139183393733,31,True
adipose_subcutaneous,raw,ENSG00000293861.1,ENSG00000293861,0.7948485909330962,847.1891518708853,-0.9983679817169664,0.0008760407670990539,38.35897439832592,260.7874686516465,0.0,2.634606146869141,0.03109940084891884,-1.0,-0.8368220453988017,-0.996809472030692,0.01675428009913789,6.178129975298156,42.41555455902873,-1.0,-0.8368220453988017,847.1823326443368,0.0,26.34686295502833,714,True
adipose_visceral_omentum,excluded_at_or_below_-1,ENSG00000293861.1,ENSG00000293861,,,,,,,,,,,,,,,,,,,,,15,False
adipose_visceral_omentum,raw,ENSG00000293861.1,ENSG00000293861,0.3846257687219583,634.2604525838368,-0.998427075752802,0.0001985380198642301,25.230769234974588,921.6127115421165,0.0,11.204155277132555,0.0,-1.0,-0.8690440973260942,-0.9983910529538457,0.010960077687857816,7.819310455734311,66.83881114200119,-1.0,-0.8690440973260942,605.7805351523233,0.0,0.0,587,True
adrenal_gland,excluded_at_or_below_-1,ENSG00000293861.1,ENSG00000293861,0.025986451647474054,1.0273990118790375,-0.9666311738550629,0.06459690084867382,6.637673186179673,6.454482780820111,0.0,0.19832947775343238,0.9805260850428347,-0.9756902508931232,-0.6718103665065098,-0.9120628848129935,0.0882910213746701,2.2498393459214507,3.8457207527434587,-0.9756902508931232,-0.6718103665065098,1.0273977153977574,0.0,1.0073902596609154,10,True
adrenal_gland,raw,ENSG00000293861.1,ENSG00000293861,0.2636692359611371,269.0756896012477,-0.9959385084782288,0.004076092320430865,280.10927197183184,112.45731899289837,0.0,1.409147767522853,0.37166270574209165,-1.0,-0.6718103665065098,-0.9970190808411186,0.02219776357385875,11.596086429793363,157.55157721756555,-1.0,-0.6718103665065098,268.2481646791553,0.0,99.69783869500502,295,True
artery_aorta,excluded_at_or_below_-1,ENSG00000293861.1,ENSG00000293861,,,,,,,,,,,,,,,,,,,,,12,False
artery_aorta,raw,ENSG00000293861.1,ENSG00000293861,0.3076923076923077,503.90315467447516,-0.9984020481896495,0.0005155248853220837,18.307692307692307,380.5867496814285,0.0,4.383581057982565,6.764401986198381e-05,-1.0,-0.8596663255910132,-0.9983158743647875,0.011411920746207633,7.858452397966009,69.36954759537561,-1.0,-0.8596663255910132,500.56840146639064,0.0,0.03386045889107275,472,True
artery_coronary,excluded_at_or_below_-1,ENSG00000293861.1,ENSG00000293861,,,,,,,,,,,,,,,,,,,,,5,False
artery_coronary,raw,ENSG00000293861.1,ENSG00000293861,0.1281994107348815,273.76599436008405,-0.9989869063731373,0.0004604248356984917,4.358974361387676,268.62743588501934,0.0,3.1117581763151314,0.007911145786356665,-1.0,-0.9115300000598336,-0.9990019937514816,0.007715501438159411,8.556825304518313,78.79529773916958,-1.0,-0.9115300000598336,273.2089500377797,0.0,2.1613958338863077,268,True
artery_tibial,excluded_at_or_below_-1,ENSG00000293861.1,ENSG00000293861,-0.13679819457026587,21.74304427597254,-1.3860269805865744,0.2754691564973682,29.33956598179057,3.1414341830483123,0.0,-2.120346063959072,1.0,-0.9730130219725736,-0.774119240751155,-0.9194249961553173,0.04508037279251023,1.2746137387960528,1.9974493679087901,-0.9730130219725736,-0.774119240751155,2.139988900028906,0.0,2.1399889000289054,29,True
artery_tibial,raw,ENSG00000293861.1,ENSG00000293861,0.7435897435894289,728.8307808195842,-0.9975077288092401,0.0010619017680073529,39.435897435916075,297.5030638498538,0.0,3.319142904996386,0.004131617591462788,-1.0,-0.774119240751155,-0.9966184151787324,0.018544058828826277,6.755674892229006,53.63187797640356,-1.0,-0.774119240751155,714.9217156868017,0.0,2.953783137050428,691,True
bladder,excluded_at_or_below_-1,ENSG00000293861.1,ENSG00000293861,,,,,,,,,,,,,,,,,,,,,2,False
bladder,raw,ENSG00000293861.1,ENSG00000293861,0.05128204798399535,83.27233318278346,-0.9990061383260985,0.00046806254178800177,1.8974359005274053,273.9422191200743,0.0,3.002873618096657,0.01130567532124248,-1.0,-0.9083394280102768,-0.9982965899025031,0.0113198970369427,7.136383582025092,51.824115864853724,-1.0,-0.9083394280102768,81.12099574573826,0.0,0.9171276396371387,77,True
brain_amygdala,excluded_at_or_below_-1,ENSG00000293861.1,ENSG00000293861,0.35346298292878264,1.1047810992988798,-0.9465420301907291,0.005770584207545543,15.791821422156199,6.651195322296304,2.4760587616672147e-10,9.492699583499462,0.0,-0.9852762240642456,-0.9194023649313048,-0.9486049723581778,0.016369747814321822,-0.4071312868605286,-0.19689658833975177,-0.9852762240642456,-0.9194023649313048,1.1047624973096628,2.735456861024943e-10,0.0,21,True
brain_amygdala,raw,ENSG00000293861.1,ENSG00000293861,0.5384614297776127,181.32585606084217,-0.9991359292519153,0.00040004398058551415,17.692307697980674,281.8697281071851,0.0,3.054615567525671,0.009607465269199377,-1.0,-0.9194023649313048,-0.9940370409918327,0.017383581615098,2.7901442272463197,6.393036421495456,-1.0,-0.9194023649313048,177.71345329356163,0.0,1.7073758303872422,181,True
brain_anterior_cingulate_cortex_ba24,excluded_at_or_below_-1,ENSG00000293861.1,ENSG00000293861,0.19376643212517058,1.2729634491706636,-0.9547687063132606,0.028854988687833344,17.316176629403103,4.06610982670562,0.0,1.6339921764380876,0.2629789560756981,-0.9881079607381806,-0.8718055979294043,-0.946589342609496,0.026381923625472006,0.8378877749688941,0.594999866256634,-0.9881079607381806,-0.8718055979294043,1.2726314937336924,0.0,0.3346753016911428,29,True
brain_anterior_cingulate_cortex_ba24,raw,ENSG00000293861.1,ENSG00000293861,0.7631579526808087,198.48684087989147,-0.9983979041693306,0.001150326896526234,50.14933950802505,155.63276570966377,0.0,1.969618948140834,0.14492687579359786,-1.0,-0.8718055979294043,-0.9933523216123407,0.019904921316765255,3.3208089320662477,11.368217633271566,-1.0,-0.8718055979294043,196.87113415191317,0.0,28.531918406579052,233,True
brain_caudate_basal_ganglia,excluded_at_or_below_-1,ENSG00000293861.1,ENSG00000293861,0.2280346143131398,1.4301008210356223,-0.9785461700298911,0.04378853642313237,22.968231042221056,3.851949019420395,0.0,0.13137471776260826,0.9914036214657007,-0.9826139478867048,-0.8592776136925417,-0.944152371664424,0.033781559443246484,1.1924294987713,0.6585421914340777,-0.9826139478867048,-0.8592776136925417,1.4292410236543194,0.0,1.4169547267982376,29,True
brain_caudate_basal_ganglia,raw,ENSG00000293861.1,ENSG00000293861,0.7435897436041768,274.3181369106202,-0.9983235678616156,0.0006762719768148092,31.435897436323298,290.7715843929761,0.0,3.5057390336767416,0.0021487396085226435,-1.0,-0.8592776136925417,-0.9946013959275609,0.01949699553108084,4.421465347469676,21.61722436091198,-1.0,-0.8592776136925417,273.7072946494456,0.0,0.5881257051548415,300,True
brain_cerebellar_hemisphere,excluded_at_or_below_-1,ENSG00000293861.1,ENSG00000293861,0.05053621153395403,0.8147605226584093,-0.9513381940625405,0.030248579575656076,17.621504838415873,3.8765683311601893,0.0,0.9139385665507597,0.658413368416029,-0.9708864038896204,-0.8684223680759758,-0.9413942087225446,0.025226637397672023,1.4392885859592222,2.4838889192113154,-0.9708864038896204,-0.8684223680759758,0.8143140951263657,0.0,0.5361552863208012,16,True
brain_cerebellar_hemisphere,raw,ENSG00000293861.1,ENSG00000293861,0.4102564102564016,295.4540034275588,-0.998563138707885,0.0005865865999809288,19.43589746488641,313.75903038241233,0.0,3.464158108323757,0.0025525013017966124,-1.0,-0.8684223680759758,-0.9966148279406525,0.014906194347769191,5.042282463966546,28.583567419344718,-1.0,-0.8684223680759758,286.8613408697593,0.0,0.7322139460051803,277,True
brain_cerebellum,excluded_at_or_below_-1,ENSG00000293861.1,ENSG00000293861,-0.7312024099234762,1.3097330285232403,-0.9738684579907694,0.18257591514681681,15.613213273978264,0.7363268511008103,0.0,0.04117522627782994,0.9964317888812033,-0.9791842071951804,-0.878808169881725,-0.934778514822929,0.028831245925366372,0.2363699209272165,-1.0309652320082578,-0.9791842071951804,-0.878808169881725,0.31099743754034304,0.0,0.3098877330257944,19,True
brain_cerebellum,raw,ENSG00000293861.1,ENSG00000293861,0.6975956900895716,236.9568152498859,-0.9985101366965529,0.0015120497031875604,135.60457714624766,111.95673300645794,0.0,1.393462718438036,0.37965209980090237,-1.0,-0.878808169881725,-0.9953413224873521,0.01843010891090107,4.235576995333926,17.757029301699344,-1.0,-0.878808169881725,236.39608134277833,0.0,89.74826866649005,266,True
brain_cortex,excluded_at_or_below_-1,ENSG00000293861.1,ENSG00000293861,0.26073461532456044,1.198868310632443,-0.9512258719642919,0.030752760302828135,43.023061013626574,3.1227027428666814,0.0,1.233739541528334,0.4630773120218492,-0.9780541370907244,-0.8833211852158359,-0.9425588047984624,0.02424127439762774,0.6598838824684111,-0.017653827508522735,-0.9780541370907244,-0.8833211852158359,1.1897164616655973,0.0,0.5509307011362503,35,True
brain_cortex,raw,ENSG00000293861.1,ENSG00000293861,1.7392378670672746,214.37250637394547,-0.99863242628822,0.0017269603382944047,591.1719930578547,94.4287586706805,0.0,1.1199106591262429,0.5341415250425914,-1.0,-0.8833211852158359,-0.9925539191405413,0.021164254807778365,2.9812144340826645,8.456506067934022,-1.0,-0.8833211852158359,214.37132834747456,0.0,114.50462824892617,270,True
brain_frontal_cortex_ba9,excluded_at_or_below_-1,ENSG00000293861.1,ENSG00000293861,0.522290995720921,1.5488164985698034,-0.9415012476453282,0.017428086613812267,68.14637233295831,5.322004915014524,0.0,2.78338340517952,0.02078265659054563,-0.9758023237738278,-0.8759154230670613,-0.9371203846212245,0.023633515573128396,0.5676283661683906,-0.07580948051512681,-0.9758023237738278,-0.8759154230670613,1.5488023064755883,0.0,0.032188226462127156,40,True
brain_frontal_cortex_ba9,raw,ENSG00000293861.1,ENSG00000293861,1.025641018894563,252.93631763024192,-0.9986670685801783,0.0006766866424959098,64.97435904297461,256.53977925138946,0.0,2.785705484996859,0.021017860409455278,-1.0,-0.8759154230670613,-0.9906498713191411,0.024158966744470677,2.580876623264998,5.80811712440426,-1.0,-0.8759154230670613,248.50002112287225,0.0,5.2229387557074425,269,True
brain_hippocampus,excluded_at_or_below_-1,ENSG00000293861.1,ENSG00000293861,0.09361846849235358,0.6878698786198448,-0.9642760107868044,0.04229315543697548,24.49874299933042,1.7433181587473856,0.0,0.8584695832270222,0.6054541028693788,-0.9899492107103088,-0.9121407266785944,-0.9560336678674729,0.020914737499093537,0.34019527797545474,-0.615551231372915,-0.9899492107103088,-0.9121407266785944,0.5373603936237701,0.0,0.3253470550390165,24,True
brain_hippocampus,raw,ENSG00000293861.1,ENSG00000293861,1.266918638466531,218.70644273615454,-0.9989684613191306,0.001246351169700998,267.4767258870142,98.5219598648404,0.0,1.1704694696503455,0.5040980220823174,-1.0,-0.9121407266785944,-0.9958619922698798,0.014320203744493398,3.7237946657008845,13.677052715415613,-1.0,-0.9121407266785944,218.70319537874707,0.0,110.24784821350899,255,True
brain_hypothalamus,excluded_at_or_below_-1,ENSG00000293861.1,ENSG00000293861,0.39473687858850043,12.65679842112824,-0.976607735904896,0.0010073664794093033,13.078948810386693,141.29221043492694,0.0,3.3934573852505197,0.0031583465624472618,-0.9790249487715786,-0.8759630805425536,-0.9535800173609469,0.02543765385070633,1.4398055850496352,2.1176119956164943,-0.9790249487715786,-0.8759630805425536,12.655913935438896,0.0,0.039971762272621836,21,True
brain_hypothalamus,raw,ENSG00000293861.1,ENSG00000293861,0.5384615387003353,239.9164311168323,-0.9983895546948582,0.00043814571994169234,27.692307702482516,395.158898648489,0.0,5.198073353986257,1.3724775323563834e-06,-1.0,-0.8759630805425536,-0.9962069274886378,0.014590107101315175,4.701984392144021,25.5723342461259,-1.0,-0.8759630805425536,237.27039450421773,0.0,0.00032564828555037284,257,True
brain_nucleus_accumbens_basal_ganglia,excluded_at_or_below_-1,ENSG00000293861.1,ENSG00000293861,0.37002744212195104,1.7758860683556064,-0.9493988072113632,0.02432830434302307,31.662708777665713,4.335463529909832,0.0,2.092624244972745,0.11189484742189823,-0.9853976130931686,-0.874817089831469,-0.9415739630663057,0.026825006332102837,0.8712377755232916,0.31536486727227864,-0.9853976130931686,-0.874817089831469,1.7757388836308827,0.0,0.19869603144500952,42,True
brain_nucleus_accumbens_basal_ganglia,raw,ENSG00000293861.1,ENSG00000293861,1.5454472699540438,221.00971457477337,-0.9984487239488564,0.001562368455271205,516.8462552305374,111.90800295363589,0.0,1.4041730189253072,0.3743172120329409,-1.0,-0.874817089831469,-0.9913898471887187,0.023115272704783082,2.892340958069529,8.185459797582988,-1.0,-0.874817089831469,220.30377841818265,0.0,82.4634961378169,285,True
brain_putamen_basal_ganglia,excluded_at_or_below_-1,ENSG00000293861.1,ENSG00000293861,0.01830919637146698,2.1241724947096055,-0.9496116863601827,0.02266160039466813,6.601926152392274,11.098653032363092,0.0,1.1666051598861438,0.5063720243021769,-0.968305567295206,-0.7717649688414814,-0.9373101535835946,0.04565962686666874,3.218067980742723,9.326569078512053,-0.968305567295206,-0.7717649688414814,2.124172185452857,0.0,1.075621369514142,16,True
brain_putamen_basal_ganglia,raw,ENSG00000293861.1,ENSG00000293861,0.41025641025641024,267.24243371835735,-0.9974417399249275,0.0008592584363757367,45.43589743589743,371.4309186476437,0.0,4.210521469542076,0.0001436436234998101,-1.0,-0.7717649688414814,-0.9960510332966043,0.01888087583857553,7.759888893755157,79.33311704156027,-1.0,-0.7717649688414814,262.98207601164773,0.0,0.03777569831381428,254,True
brain_spinal_cord_cervical_c-1,excluded_at_or_below_-1,ENSG00000293861.1,ENSG00000293861,0.06953970433905098,0.7544328182736908,-0.9450968556051014,0.03463828351162652,7.7254408692222825,4.718104236362399,0.0,1.0767824950141724,0.5600453755576741,-0.9714704517400942,-0.8295364929238871,-0.9299392935583178,0.036166672261523196,1.5562973910243114,2.3176297226813958,-0.9714704517400942,-0.8295364929238871,0.7544184991654381,0.0,0.42250859169276467,14,True
brain_spinal_cord_cervical_c-1,raw,ENSG00000293861.1,ENSG00000293861,0.35897435897435886,218.47016184222178,-0.9978725051716942,8.769606579333366e-06,12.97435897435901,27146.379874973707,,343.08631896430467,,-1.0,-0.8295364929238871,-0.9951919123030218,0.019976265510701915,5.029979583762285,29.296177033108215,-1.0,-0.8295364929238871,0.0,0.0,0.0,204,True
brain_substantia_nigra,excluded_at_or_below_-1,ENSG00000293861.1,ENSG00000293861,0.16829878453039523,259400276810.5784,-2.016254148285796,0.20072225899620605,7.292694305208862,7.8461254758443095,0.0,-7.264577009388145,1.0,-0.985177692245134,-0.902637314321601,-0.9566633720463134,0.02446581270698738,0.8615432757108159,-0.14926830540235425,-0.985177692245134,-0.902637314321601,0.888845377483757,0.0,0.8888453774837477,15,True
brain_substantia_nigra,raw,ENSG00000293861.1,ENSG00000293861,0.3846153846135876,168.84706882435623,-0.998823783528072,0.0004770273309954737,11.230769231108525,285.1581040119986,0.0,3.487056566373672,0.002303572137589492,-1.0,-0.902637314321601,-0.9964478173808453,0.013716501545700525,4.50020547068226,21.611939452346746,-1.0,-0.902637314321601,167.75522049588233,0.0,0.3864362518694955,183,True
breast_mammary_tissue,excluded_at_or_below_-1,ENSG00000293861.1,ENSG00000293861,0.13337276762255293,4.176470735617885,-0.9468040723869189,0.05186129797464605,26.156535454724033,8.128315900588019,0.0,0.6714741166979592,0.7981733393533494,-0.9714280189921968,-0.6487267351528714,-0.9164433899100854,0.056796738251151016,2.865147986334816,10.354551759839307,-0.9714280189921968,-0.6487267351528714,4.176432074993003,0.0,3.3335167358796034,41,True
breast_mammary_tissue,raw,ENSG00000293861.1,ENSG00000293861,1.0512820526224087,500.83470948703473,-0.9951796303089909,0.0017619851953835153,133.89743608117334,278.0717933027601,0.0,3.8689497565237225,0.0005648029179177049,-1.0,-0.6487267351528714,-0.9933349785725943,0.02765886592114652,6.363238155637001,56.449200530658885,-1.0,-0.6487267351528714,498.1612011460894,0.0,0.2813629000006974,514,True
cells_cultured_fibroblasts,excluded_at_or_below_-1,ENSG00000293861.1,ENSG00000293861,0.2039162142457335,1.1816267619583793,-0.9631237970776542,0.003911698507216883,9.314531106653305,20.513736649393664,0.0,3.947079793705869,0.00041400969814436585,-0.9740413745551296,-0.9063830365844354,-0.9474740808020966,0.023272469361938646,0.6687024971822341,-1.0389452214570392,-0.9740413745551296,-0.9063830365844354,1.1815106255754493,0.0,0.0004891568574488525,13,True
cells_cultured_fibroblasts,raw,ENSG00000293861.1,ENSG00000293861,0.33333333152968286,679.6295636431952,-0.9989564766124156,0.0005081165758513556,12.666666705837955,257.6546812781027,0.0,2.9043825718593674,0.014878438663136614,-1.0,-0.9063830365844354,-0.9989527040650724,0.00799873262229812,8.632185577741785,80.06751192925886,-1.0,-0.9063830365844354,672.9499861923523,0.0,10.012445092921524,652,True
cells_ebv-transformed_lymphocytes,excluded_at_or_below_-1,ENSG00000293861.1,ENSG00000293861,0.28947373574896496,8.824039572539956,-0.9687401974785381,0.000909527621520485,9.815791449745383,141.29399423935817,0.0,3.6229226332523248,0.0014119749079497537,-0.9710702191197144,-0.8778693460492764,-0.9405517639520731,0.026634771050059666,0.7731450391644022,0.022649250046240965,-0.9710702191197144,-0.8778693460492764,8.82387815918561,0.0,0.012459094551575955,15,True
cells_ebv-transformed_lymphocytes,raw,ENSG00000293861.1,ENSG00000293861,0.38461538461538464,366.77359462654607,-0.9986041466319192,0.0003239515193532656,17.230769231203304,527.0689662924201,0.0,6.0936116866047305,8.728547884393156e-09,-1.0,-0.8778693460492764,-0.9972730166950493,0.013624165504295042,5.6108700300268985,33.76744959329681,-1.0,-0.8778693460492764,363.34757133304726,0.0,3.1714966750584495e-06,327,True
cervix_ectocervix,excluded_at_or_below_-1,ENSG00000293861.1,ENSG00000293861,,,,,,,,,,,,,,,,,,,,,0,False
cervix_ectocervix,raw,ENSG00000293861.1,ENSG00000293861,0.0,24.0,-0.9875,1.0001e-06,0.0,-17675.90193946968,0.0,,,-1.0,-1.0,-1.0,0.0,,,,-1.0,1.9600537358379766e-188,0.0,,24,True
cervix_endocervix,excluded_at_or_below_-1,ENSG00000293861.1,ENSG00000293861,,,,,,,,,,,,,,,,,,,,,1,False
cervix_endocervix,raw,ENSG00000293861.1,ENSG00000293861,0.0256410256422192,53.10005854676802,-0.9997119683051303,0.0002086663816508689,0.9743589749601734,260.4869306779423,0.0,1.9521032859022456,0.15176291263786412,-1.0,-0.9612772744667416,-0.9983164032376844,0.0080742464252603,4.477215043467831,18.04545454545464,-1.0,-0.9612772744667416,52.05288247822968,0.0,7.899697056093662,23,True
colon_sigmoid,excluded_at_or_below_-1,ENSG00000293861.1,ENSG00000293861,0.13422533350859478,0.7946963010612481,-0.944686626823191,0.015933072993906523,7.7677683552769405,9.031843317585771,0.0,2.9671109238303774,0.012254394517510436,-0.9781152377403975,-0.8429304121485532,-0.9279351975351801,0.039297075219559816,1.0463931052857318,0.07752104242098667,-0.9781152377403975,-0.8429304121485532,0.79469395912787,0.0,0.009738493295835232,12,True
colon_sigmoid,raw,ENSG00000293861.1,ENSG00000293861,0.3082076338738364,426.66652276548933,-0.9980381708530658,7.036185018658319e-06,12.307702664574252,31175.345077984104,,394.3110335069391,,-1.0,-0.8429304121485532,-0.9979360915761866,0.013618351373396249,7.917430860233019,70.12527450871396,-1.0,-0.8429304121485532,0.0,0.0,0.0,419,True
colon_transverse,excluded_at_or_below_-1,ENSG00000293861.1,ENSG00000293861,,,,,,,,,,,,,,,,,,,,,9,False
colon_transverse,raw,ENSG00000293861.1,ENSG00000293861,0.23076923076923078,478.96296099973983,-0.9993096582162868,0.00020718345799737977,8.923076923076923,388.0148491267194,0.0,4.712203969550253,1.5189583447661784e-05,-1.0,-0.9424651615042712,-0.9993171294145125,0.0051418103846590955,7.998897814002414,66.72451679160369,-1.0,-0.9424651615042712,475.3687449162409,0.0,0.007220653219315448,479,True
esophagus_gastroesophageal_junction,excluded_at_or_below_-1,ENSG00000293861.1,ENSG00000293861,,,,,,,,,,,,,,,,,,,,,10,False
esophagus_gastroesophageal_junction,raw,ENSG00000293861.1,ENSG00000293861,0.2564102564099865,559.4811131708999,-0.9991866430215852,0.00042280947467281544,19.435897442359213,282.221075726393,0.0,2.720517251452648,0.024930205370573867,-1.0,-0.9148105997249556,-0.9987932012284587,0.008020407105069766,7.261613317244094,56.29875468810841,-1.0,-0.9148105997249556,554.5061270576989,0.0,13.823951626789949,403,True
esophagus_mucosa,excluded_at_or_below_-1,ENSG00000293861.1,ENSG00000293861,,,,,,,,,,,,,,,,,,,,,9,False
esophagus_mucosa,raw,ENSG00000293861.1,ENSG00000293861,0.23076923076923075,678.423189910802,-0.9989643142414818,0.0002553014311418985,8.923076923076923,414.8740911618818,0.0,5.737064768898967,7.176926180902772e-08,-1.0,-0.9240690141005404,-0.9994417204974451,0.0049667703577635025,10.313250394701251,119.99263749293199,-1.0,-0.9240690141005404,673.5921081499148,0.0,4.834320836230588e-05,614,True
esophagus_muscularis,excluded_at_or_below_-1,ENSG00000293861.1,ENSG00000293861,,,,,,,,,,,,,,,,,,,,,8,False
esophagus_muscularis,raw,ENSG00000293861.1,ENSG00000293861,-0.049895968676629945,505.2543514139587,-0.9985792052790307,0.0013909155948322747,2349.548794812881,114.65378952536021,0.0,1.4445931666940492,0.3536081756603764,-1.0,-0.8858142395762277,-0.99910640210506,0.008160610574707695,10.391941255979916,117.34697461464047,-1.0,-0.8858142395762277,503.30839184601297,0.0,177.97396223522819,561,True
fallopian_tube,excluded_at_or_below_-1,ENSG00000293861.1,ENSG00000293861,,,,,,,,,,,,,,,,,,,,,1,False
fallopian_tube,raw,ENSG00000293861.1,ENSG00000293861,0.035943379782273674,27.383694280072568,-0.9993997513407596,0.0005810796590089663,1.446864772660654,117.07563908305694,0.0,1.4608664776561622,0.34500190369185657,-1.0,-0.9512950843748436,-0.9983205201508566,0.009044275777898202,5.1025203856245405,24.035714285714125,-1.0,-0.9512950843748436,27.305486378179307,0.0,9.420444781703912,29,True
heart_atrial_appendage,excluded_at_or_below_-1,ENSG00000293861.1,ENSG00000293861,0.12617278583830233,0.28176446665967736,-0.9619114300999,0.0307599421872539,14.056121328666539,2.307967596804096,0.0,0.6048016416068954,0.8203338288885967,-0.975066206737289,-0.91171183384612,-0.948834037521975,0.01831884528565619,0.4930827254015674,-0.486076225963628,-0.975066206737289,-0.91171183384612,0.26212113049250874,0.0,0.21502683060952715,12,True
heart_atrial_appendage,raw,ENSG00000293861.1,ENSG00000293861,0.3076923018612508,609.8363397612787,-0.9991899969023997,0.0005300158791045713,12.307692422478882,233.41339284906132,0.0,2.1612887676612695,0.098608906652903,-1.0,-0.91171183384612,-0.9986681311285547,0.008633742372329103,6.992550758847796,51.20015279761125,-1.0,-0.91171183384612,598.3642889812322,0.0,59.0040483165773,461,True
heart_left_ventricle,excluded_at_or_below_-1,ENSG00000293861.1,ENSG00000293861,,,,,,,,,,,,,,,,,,,,,8,False
heart_left_ventricle,raw,ENSG00000293861.1,ENSG00000293861,0.2051257598792734,594.5320183737801,-0.9996621072554187,0.0002342637590190601,8.3589749167497,222.32377727009114,0.0,2.039805491106363,0.12663317083585696,-1.0,-0.9628342863602408,-0.9995231243987669,0.003649255420042504,7.935224152111717,64.3938565613205,-1.0,-0.9628342863602408,586.3003155806832,0.0,74.24506802405328,452,True
kidney_cortex,excluded_at_or_below_-1,ENSG00000293861.1,ENSG00000293861,,,,,,,,,,,,,,,,,,,,,0,False
kidney_cortex,raw,ENSG00000293861.1,ENSG00000293861,0.0,104.0,-0.9875,1.0001e-06,0.0,-17675.90193946968,0.0,,,-1.0,-1.0,-1.0,0.0,,,,-1.0,8.493566188631232e-188,0.0,,104,True
kidney_medulla,excluded_at_or_below_-1,ENSG00000293861.1,ENSG00000293861,,,,,,,,,,,,,,,,,,,,,0,False
kidney_medulla,raw,ENSG00000293861.1,ENSG00000293861,0.0,11.0,-0.9875,1.0001e-06,0.0,-17675.90193946968,0.0,,,-1.0,-1.0,-1.0,0.0,,,,-1.0,8.983579622590726e-189,0.0,,11,True
liver,excluded_at_or_below_-1,ENSG00000293861.1,ENSG00000293861,,,,,,,,,,,,,,,,,,,,,6,False
liver,raw,ENSG00000293861.1,ENSG00000293861,0.15384615054549763,263.65690944822757,-0.9993144428778885,0.0002999873026802534,7.076923077570376,274.9383978521825,0.0,3.2318840537902767,0.0053945853807985805,-1.0,-0.9409936697150956,-0.9992542316856166,0.005239718333743811,8.000173214944406,70.8532905463276,-1.0,-0.9409936697150956,263.6100531174996,0.0,1.4220669387792146,262,True
lung,excluded_at_or_below_-1,ENSG00000293861.1,ENSG00000293861,1.0193828189195842,16.618776330048856,-0.9030157487628679,0.23921974592573245,316.1707790610148,4.0878806131017225,0.0,0.38624578307416146,0.9281065046205226,-0.9683507310811258,-0.2115347817723017,-0.775701038450995,0.15141394097103497,1.2941867378448304,1.7203168516605336,-0.9683507310811258,-0.2115347817723017,16.61483006506867,0.0,15.420331856554853,283,True
lung,raw,ENSG00000293861.1,ENSG00000293861,7.256410256410244,466.5870219447254,-0.9925072855239528,0.0037511024005223736,2005.4358974359402,294.43661855038994,0.0,2.8248491508895337,0.018718865414280833,-1.0,-0.2115347817723017,-0.8949062812609795,0.1525457136379838,1.722274296692862,2.9748702505218825,-1.0,-0.2115347817723017,461.1768539001366,0.0,8.632707460338107,604,True
minor_salivary_gland,excluded_at_or_below_-1,ENSG00000293861.1,ENSG00000293861,,,,,,,,,,,,,,,,,,,,,0,False
minor_salivary_gland,raw,ENSG00000293861.1,ENSG00000293861,0.0,181.0,-0.9875,1.0001e-06,0.0,-17675.90193946968,0.0,,,-1.0,-1.0,-1.0,0.0,,,,-1.0,1.478207192444474e-187,0.0,,181,True
muscle_skeletal,excluded_at_or_below_-1,ENSG00000293861.1,ENSG00000293861,0.3595621467234309,3.9074432698371235,-0.9710025159275597,0.002789199173748532,12.368706362202097,45.19024086871797,0.0,6.240869467952315,3.488267722122206e-09,-0.9833111434408436,-0.8818755369152679,-0.9562528242149402,0.02438245295060754,1.6785916656647188,2.4044821625135215,-0.9833111434408436,-0.8818755369152679,3.906016228763426,0.0,1.3625230332880989e-08,22,True
muscle_skeletal,raw,ENSG00000293861.1,ENSG00000293861,-0.13320896778288446,729.3073297616626,-0.9985230037877717,0.0012484074104722623,4530.902535176968,132.1398994300719,0.0,1.6731621883893175,0.24814270194898208,-1.0,-0.8818755369152679,-0.9988234255901328,0.008088868626051486,8.769544139195288,91.83895275700935,-1.0,-0.8818755369152679,724.9557751758302,0.0,179.89248484564672,818,True
nerve_tibial,excluded_at_or_below_-1,ENSG00000293861.1,ENSG00000293861,0.05888641112541083,5.190571877226737,-1.0644731662958489,0.11416481730561563,23.096925302247143,4.065210050998204,0.0,-1.2452842549832546,1.0,-0.9639454572946984,-0.7363021070377399,-0.9150351109528185,0.05344163347584289,2.026284458587928,4.120952207833274,-0.9639454572946984,-0.7363021070377399,2.3891013698160193,0.0,2.3891013698160184,22,True
nerve_tibial,raw,ENSG00000293861.1,ENSG00000293861,-0.08841065394756374,596.9020797841052,-0.9967591476372885,0.003470771191494662,2930.993031576798,106.12681127873996,0.0,1.3205299664314798,0.41903758125914364,-1.0,-0.7363021070377399,-0.997210108120839,0.01786763913187257,8.739063844850039,95.16215222479305,-1.0,-0.7363021070377399,595.6469070656682,0.0,249.59843922128675,670,True
ovary,excluded_at_or_below_-1,ENSG00000293861.1,ENSG00000293861,0.07251281190163734,677808565930.656,-3.2030509929694793,0.4320325682976302,4.360374136213086,8.486296318710538,0.0,-7.302349953415248,1.0,-0.9722330394999016,-0.6105455245910141,-0.8933674986704233,0.10456560588503284,1.9719845027978091,3.0096619100599185,-0.9722330394999016,-0.6105455245910141,1.785834896050662,0.0,1.7858348960506434,11,True
ovary,raw,ENSG00000293861.1,ENSG00000293861,0.28205128205128255,192.137702884037,-0.9951248684534271,2.9435716806892117e-05,9.89743589744878,18476.78204905907,,234.2214798690386,,-1.0,-0.6105455245910141,-0.993922499924221,0.03440615283023237,8.413594025695344,82.69038985386108,-1.0,-0.6105455245910141,0.0,0.0,0.0,193,True
pancreas,excluded_at_or_below_-1,ENSG00000293861.1,ENSG00000293861,0.30769230765268557,26473.156391368542,-0.9796184878475229,0.0005773018911618295,10.307692311712469,124.16624515933195,0.0,-3.080247513248922,1.0,-0.9783610874364695,-0.9289320780604028,-0.9563510847546912,0.014911393904701527,0.1609999185692555,-0.8223260792437115,-0.9783610874364695,-0.9289320780604028,230.42470756679003,0.0,230.42470756687126,13,True
pancreas,raw,ENSG00000293861.1,ENSG00000293861,0.3333333333333333,397.19013549240697,-0.9992152541961006,0.0002870140425086223,14.666666666666668,346.3085639608553,0.0,3.8667033472994174,0.0005812826866860183,-1.0,-0.9289320780604028,-0.9984324975188148,0.008575346397475482,5.764289140162582,33.649087517582494,-1.0,-0.9289320780604028,387.2192523809982,0.0,0.22508384736057713,362,True
pituitary,excluded_at_or_below_-1,ENSG00000293861.1,ENSG00000293861,,,,,,,,,,,,,,,,,,,,,4,False
pituitary,raw,ENSG00000293861.1,ENSG00000293861,-0.11919300071987042,291.8494230546548,-0.9987042348041587,0.001391061344960224,358.3378683207855,106.33496192544595,0.0,1.3173313457732931,0.42066301105430476,-1.0,-0.8941100921033256,-0.9993417311193618,0.006850168590922531,12.90400237440459,183.2126953192033,-1.0,-0.8941100921033256,291.3368832977539,0.0,122.55465055921056,313,True
prostate,excluded_at_or_below_-1,ENSG00000293861.1,ENSG00000293861,,,,,,,,,,,,,,,,,,,,,8,False
prostate,raw,ENSG00000293861.1,ENSG00000293861,0.20512820512820512,304.0613364540635,-0.9977081222877845,0.0005436285768733705,8.358974362902183,507.64571548851933,0.0,5.962167335937077,1.9112513805508842e-08,-1.0,-0.8025673562751887,-0.9979515642906368,0.014848734526552916,9.810698938745949,112.37712049898485,-1.0,-0.8025673562751887,303.8190573792806,0.0,5.806745928538248e-06,282,True
skin_not_sun_exposed_suprapubic,excluded_at_or_below_-1,ENSG00000293861.1,ENSG00000293861,0.10145505082202833,1.7017409998295088,-1.0071320814445717,0.07795720835762371,15.698393569168669,3.7344630972294044,0.0,-0.5241487646388144,1.0,-0.9782388678999548,-0.8012732737507415,-0.9301273935944708,0.048379926691046446,1.5697921075023054,1.8076999205509603,-0.9782388678999548,-0.8012732737507415,1.4817304572533592,0.0,1.481730457253359,20,True
skin_not_sun_exposed_suprapubic,raw,ENSG00000293861.1,ENSG00000293861,0.5128205128205446,702.438625859421,-0.9977982036919903,0.0008587134944059975,23.743589810265725,323.65651998934663,0.0,3.626134002382883,0.0014233881663039928,-1.0,-0.8012732737507415,-0.9978533761472954,0.01462955634601586,9.113879807013905,98.31448678376812,-1.0,-0.8012732737507415,688.7300174465112,0.0,0.9803301566117021,651,True
skin_sun_exposed_lower_leg,excluded_at_or_below_-1,ENSG00000293861.1,ENSG00000293861,0.3943598459521146,1.7023496766479742,-0.9731763988552706,0.006280857077801741,16.772956602514586,29.98571099089634,0.0,0.6864662884893994,0.7902532554630358,-0.9762251580819152,-0.8400027607846139,-0.9300822837684672,0.03685954180956935,0.5487221633916968,-0.22603326423951842,-0.9762251580819152,-0.8400027607846139,1.7019817122452117,0.0,1.3449965888403304,20,True
skin_sun_exposed_lower_leg,raw,ENSG00000293861.1,ENSG00000293861,0.5127850767324873,817.7294709780601,-0.998279995102629,0.0008490618262061283,19.743589801199718,263.6295785285956,0.0,2.864872943445432,0.016829156592084584,-1.0,-0.8400027607846139,-0.9981454186675986,0.012675868765129236,7.8826734067240185,67.96212969395312,-1.0,-0.8400027607846139,802.2541526118765,0.0,13.501260760955374,754,True
small_intestine_terminal_ileum,excluded_at_or_below_-1,ENSG00000293861.1,ENSG00000293861,,,,,,,,,,,,,,,,,,,,,3,False
small_intestine_terminal_ileum,raw,ENSG00000293861.1,ENSG00000293861,0.07692307683259153,211.45503880445364,-0.9991265670833079,0.00038592121129871887,2.769230770767261,274.40236287879907,0.0,3.20070688121052,0.005968137460268814,-1.0,-0.9242455907704256,-0.9992408276867933,0.006659670340171346,9.450103494330737,92.96537826285586,-1.0,-0.9242455907704256,211.25596597652896,0.0,1.260804644249774,207,True
spleen,excluded_at_or_below_-1,ENSG00000293861.1,ENSG00000293861,,,,,,,,,,,,,,,,,,,,,8,False
spleen,raw,ENSG00000293861.1,ENSG00000293861,0.2051282051282419,303.9410811990639,-0.9987687061985563,0.0005036084594360193,8.358974400007765,312.81634622717155,0.0,3.4576710550446093,0.002607564589483534,-1.0,-0.8873732547608553,-0.9978292614795036,0.013352352229873136,6.505721644111644,42.81424102751206,-1.0,-0.8873732547608553,295.4288144182018,0.0,0.7703497151899465,277,True
stomach,excluded_at_or_below_-1,ENSG00000293861.1,ENSG00000293861,,,,,,,,,,,,,,,,,,,,,8,False
stomach,raw,ENSG00000293861.1,ENSG00000293861,0.20512820512820512,405.16734193382644,-0.9989472124570393,0.0002799854030270039,10.358974358974365,434.33986613763943,0.0,5.31765729733066,7.355970222929014e-07,-1.0,-0.9129567894355132,-0.9989684717009161,0.007822811337815849,8.396934663742305,74.95466703782435,-1.0,-0.9129567894355132,398.6739831361933,0.0,0.0002932633948606045,407,True
testis,excluded_at_or_below_-1,ENSG00000293861.1,ENSG00000293861,1.1042050122935325,18.518353897263143,-0.8702641847479089,0.14505586357533945,380.1747112745208,4.520640438175196,0.0,1.1116162457702665,0.5390891274346525,-0.9842826461633164,-0.4065821637858539,-0.8244447116604117,0.10799208584944299,1.1514030325217215,1.618463805451281,-0.9842826461633164,-0.4065821637858539,18.51763746690573,0.0,9.982657024185439,330,True
testis,raw,ENSG00000293861.1,ENSG00000293861,-0.1505321852211147,1374436638112.4072,-9.094022821755889,1.6424917934466574,4034.576612645963,7.480035181808458,0.0,-6.969092262351249,1.0,-1.0,-0.4065821637858539,-0.86006462523656,0.11952762954636292,0.9527192849881361,0.9937726628869745,-1.0,-0.4065821637858539,38.07990670632368,0.0,38.079906706324365,414,True
thyroid,excluded_at_or_below_-1,ENSG00000293861.1,ENSG00000293861,0.2894737444202461,6.480407189209067,-0.9496938232202876,0.0006922234959224634,7.815791194339566,119.27900423271176,0.0,30.1137914240897,0.0,-0.9644337992251012,-0.891309621924999,-0.9375316329411969,0.021985995619417036,0.9251856713201694,-0.18454562898316862,-0.9644337992251012,-0.891309621924999,6.467127321157715,0.0,0.0,14,True
thyroid,raw,ENSG00000293861.1,ENSG00000293861,0.3589743589704375,706.4647509115379,-0.998763030939521,0.0005258300377383485,14.97435897447019,288.99465120928744,0.0,3.32681341121086,0.003966557289039852,-1.0,-0.891309621924999,-0.9987214076917788,0.009356917123713492,8.017678091488811,68.8331151813632,-1.0,-0.891309621924999,703.653687475534,0.0,2.791082663015847,684,True
uterus,excluded_at_or_below_-1,ENSG00000293861.1,ENSG00000293861,,,,,,,,,,-0.957055949319137,-0.8980272695786897,,,,,,,,,,3,False
uterus,raw,ENSG00000293861.1,ENSG00000293861,0.07692307690442438,194.4137467814495,-0.998984392882319,0.0005081724317715047,2.769230796508403,280.95765151298656,0.0,2.826374022022809,0.018424688017907413,-1.0,-0.8980272695786897,-0.9986386909858928,0.01025145313926023,8.138240921430404,69.09426582920761,-1.0,-0.8980272695786897,194.38822531648805,0.0,3.5815424058109837,153,True
vagina,excluded_at_or_below_-1,ENSG00000293861.1,ENSG00000293861,,,,,,,,,,-0.9559108898692712,-0.886956996898348,,,,,,,,,,3,False
vagina,raw,ENSG00000293861.1,ENSG00000293861,0.0769230769232414,195.0146093575446,-0.9987907754632975,0.0005167824178662226,4.769230788918662,306.04146137750894,0.0,3.309132974801707,0.004283292568058614,-1.0,-0.886956996898348,-0.9984166453584518,0.012604341085399222,8.323260779039726,69.26920562534308,-1.0,-0.886956996898348,190.74304852029258,0.0,0.8170082821358634,170,True
whole_blood,excluded_at_or_below_-1,ENSG00000293861.1,ENSG00000293861,0.27893218471297493,3128.5135349768725,-1.2265317555702064,0.09250446405020933,12.599314351735046,5.4483659889661675,0.0,-3.961538473210916,1.0,-0.9674054092892892,-0.8701512277855774,-0.9321115513043075,0.032028560467061346,0.8059083005932504,-0.565035054612248,-0.9674054092892892,-0.8701512277855774,1.2220176037615325,0.0,1.2220176037615262,19,True
whole_blood,raw,ENSG00000293861.1,ENSG00000293861,0.4871794871135449,815.2215613569699,-0.9984905614393641,0.000570694146250526,17.74358980980081,318.0323951657208,0.0,3.7404772732387226,0.0009160963961179896,-1.0,-0.8701512277855774,-0.9983936730694667,0.01138538977018571,8.170701119992989,72.79496599925947,-1.0,-0.8701512277855774,815.0616689516462,0.0,0.746675057540521,803,True
adipose_subcutaneous,excluded_at_or_below_-1,ENSG00000293862.1,ENSG00000293862,7.4477764010718905,58.81323545744361,-0.8547425882991314,0.039270860331467615,2328.26731722373,32.84619321567525,0.0,3.2997692075014085,0.0043219214329191305,-0.9463728619166591,0.0573532227668378,-0.7069149215400661,0.1768519307235948,1.2242462090598527,1.3551174754871704,-0.9463728619166591,0.0573532227668378,58.80246115889666,0.0,0.2541396171910302,461,True
adipose_subcutaneous,raw,ENSG00000293862.1,ENSG00000293862,11.820512820434043,414.0581689130449,-0.9913163870988739,0.006166388460885625,9369.743589852718,240.50427476759964,0.0,1.9915195439060325,0.13771871673097572,-1.0,0.0573532227668378,-0.8107671972408548,0.1996453732848688,1.1280967932823482,1.0287876393980486,-1.0,0.0573532227668378,413.837498143375,0.0,56.993169179463095,714,True
adipose_visceral_omentum,excluded_at_or_below_-1,ENSG00000293862.1,ENSG00000293862,3.467933988632435,32.42115153643543,-0.8588359648387777,0.05460327219716939,507.2945221468561,19.26690627480517,0.0,1.8658753040868157,0.17539101183398242,-0.9308780522757456,-0.1149340848743488,-0.7575035199020227,0.15099363997692344,1.5039100300681638,2.229395902191613,-0.9308780522757456,-0.1149340848743488,32.4208960255842,0.0,5.686333758491552,288,True
adipose_visceral_omentum,raw,ENSG00000293862.1,ENSG00000293862,7.3846153840414726,516.2753512079352,-0.9930047271962104,0.005382581277825778,3737.2307696258003,230.70332745534165,0.0,1.8379303833968657,0.18569045091889877,-1.0,-0.1149340848743488,-0.8810238734783348,0.16089485278364357,1.6185804450905463,2.7041748522776743,-1.0,-0.1149340848743488,513.5361553086219,0.0,95.35876024241563,587,True
adrenal_gland,excluded_at_or_below_-1,ENSG00000293862.1,ENSG00000293862,1.5525304938717261,17.62654286998835,-0.8906605366664643,0.04074603208490073,166.29526969803686,19.10017112818812,0.0,1.6056548413676797,0.2755619783854159,-0.9369223357499492,-0.3403503103168391,-0.8232446947076217,0.10980135256159063,1.9812281764296997,4.403789853577353,-0.9369223357499492,-0.3403503103168391,17.62440972857615,0.0,4.856617212681615,143,True
adrenal_gland,raw,ENSG00000293862.1,ENSG00000293862,3.666666653120156,190.70700228359678,-0.9904916749625016,0.002518987324533991,1160.6666666674653,365.00331954300026,0.0,5.338177803641818,6.656620732501379e-07,-1.0,-0.3403503103168391,-0.9143186147226777,0.11684609693062172,1.8181421646300444,4.143892964817197,-1.0,-0.3403503103168391,185.88919898439582,0.0,0.00012373938959076014,295,True
artery_aorta,excluded_at_or_below_-1,ENSG00000293862.1,ENSG00000293862,0.9571669555582292,25.45297174440978,-0.8476291960974167,0.4543642906529597,970.3474522334998,4.496904257084179,0.0,0.17246432554361207,0.9852379319504686,-0.9030392367189132,0.5971545107394194,-0.579834169578087,0.2646964643320242,1.3773267096983148,2.1273251640924222,-0.9030392367189132,0.5971545107394194,25.451925729816313,0.0,25.076202670201145,349,True
artery_aorta,raw,ENSG00000293862.1,ENSG00000293862,3.2747138494656736,14915684894491.273,-12.013595006230263,2.1539684196819535,9005.898093799515,8.279737453728234,0.0,-7.231106680104095,1.0,-1.0,0.5971545107394194,-0.6893265364041364,0.29301158257752086,1.1536871143352112,1.494609446022122,-1.0,0.5971545107394194,65.93627129486534,0.0,65.93627129486416,472,True
artery_coronary,excluded_at_or_below_-1,ENSG00000293862.1,ENSG00000293862,0.41019330834735873,15.71190055571171,-1.0208915822745457,0.4940452365748608,200.89800374338796,3.9503623120885183,0.0,-0.35231312525316344,1.0,-0.8978135508193447,0.3591387999523385,-0.626682319452076,0.23114892124144007,1.3055668190491942,1.7426337188560899,-0.8978135508193447,0.3591387999523385,14.760006452772348,0.0,14.760006452772348,175,True
artery_coronary,raw,ENSG00000293862.1,ENSG00000293862,4.4871795080756485,166.3642848936117,-0.9899576867474578,0.0087451352005287,1193.743590203712,218.1682163502058,0.0,1.6239858245399903,0.2707778173358954,-1.0,0.3591387999523385,-0.7562291265078855,0.2579097714639551,1.190724065959223,1.3381653673194123,-1.0,0.3591387999523385,164.34560347211962,0.0,44.5011437969311,268,True
artery_tibial,excluded_at_or_below_-1,ENSG00000293862.1,ENSG00000293862,4.478861655388726,41.64100305275066,-0.8285308966518309,0.05684775464433278,1072.0523477912475,22.51288080533535,0.0,2.1018350332734457,0.1098283373494388,-0.9130192691674308,0.0764291167504283,-0.7111880371753261,0.16646443363505956,1.5124805789971276,2.4623493276322046,-0.9130192691674308,0.0764291167504283,41.64023054225266,0.0,4.57327728730293,346,True
artery_tibial,raw,ENSG00000293862.1,ENSG00000293862,8.871794582427302,572.338418714641,-0.9923175036151384,0.00791295526020506,6066.359370251053,191.00777339947024,0.0,1.3730256551547992,0.39113706552608296,-1.0,0.0764291167504283,-0.8553850374278766,0.18638258885919684,1.463416741246241,2.1985058620730014,-1.0,0.0764291167504283,570.109223068276,0.0,222.99084854028052,691,True
bladder,excluded_at_or_below_-1,ENSG00000293862.1,ENSG00000293862,,,,,,,,,,,,,,,,,,,,,45,False
bladder,raw,ENSG00000293862.1,ENSG00000293862,1.1538461560623756,44.47304910661646,-0.9919034334464302,0.004317505330850222,63.076923076931486,277.9461461934914,0.0,2.652057924954562,0.030073007181516998,-1.0,-0.1433512771045128,-0.8264471151815537,0.19257237880963046,1.024542442367127,0.7126454607535044,-1.0,-0.1433512771045128,43.91715551374425,0.0,1.3207209331566294,77,True
brain_amygdala,excluded_at_or_below_-1,ENSG00000293862.1,ENSG00000293862,,,,,,,,,,,,,,,,,,,,,9,False
brain_amygdala,raw,ENSG00000293862.1,ENSG00000293862,0.2340902547874816,170.0949518068968,-0.9979781929889331,0.0017877791523648184,15.00054851217605,127.3594379055177,0.0,1.5993401040444848,0.2795193159268692,-1.0,-0.836976662525377,-0.9945841633019257,0.024553401502699128,4.628386576795579,21.040339184481912,-1.0,-0.836976662525377,169.37180311803743,0.0,47.34269054485458,181,True
brain_anterior_cingulate_cortex_ba24,excluded_at_or_below_-1,ENSG00000293862.1,ENSG00000293862,0.11700653802884597,2.521331442596558,-0.9393710841112827,0.06823623785290772,26.79721591853191,5.334892680847594,0.0,0.0436471712381814,0.9990486941480323,-0.9414770735017518,-0.6819608770707039,-0.8867103607032468,0.05810265203203656,1.9944045612027899,3.97543262968858,-0.9414770735017518,-0.6819608770707039,2.5213278116339053,0.0,2.518929257731969,29,True
brain_anterior_cingulate_cortex_ba24,raw,ENSG00000293862.1,ENSG00000293862,0.743589743716525,212.22744576921377,-0.9962496438155993,0.001083281410772675,71.43589747081253,410.3009910556077,0.0,4.896054272662823,6.238906490374715e-06,-1.0,-0.6819608770707039,-0.9858995727913913,0.042568499593688414,3.730622593280865,16.530681060769105,-1.0,-0.6819608770707039,212.02209043540188,0.0,0.0013227859961202348,233,True
brain_caudate_basal_ganglia,excluded_at_or_below_-1,ENSG00000293862.1,ENSG00000293862,1.1505570941802896,10.604709178398478,-0.8859959604789347,0.08668261952358584,288.67107407678327,10.609884842024554,0.0,1.2217879775547988,0.47408016682176657,-0.9608840715921936,-0.235675078668834,-0.7975994337894611,0.1440740625779743,1.5941608777088012,2.306457785345409,-0.9608840715921936,-0.235675078668834,10.604665828800341,0.0,5.027461745206753,126,True
brain_caudate_basal_ganglia,raw,ENSG00000293862.1,ENSG00000293862,3.2307691960944607,196.2835022076695,-0.9922255021018729,0.004768788435493054,840.9230847436852,224.35968462658167,0.0,2.30557520361794,0.07014286760247797,-1.0,-0.235675078668834,-0.9149917621915737,0.13671322705851002,2.1033315579709266,4.778903259707487,-1.0,-0.235675078668834,196.16236228797777,0.0,13.759390606554927,300,True
brain_cerebellar_hemisphere,excluded_at_or_below_-1,ENSG00000293862.1,ENSG00000293862,0.16899979822992553,0.8069909221789234,-0.880351159727329,0.010173160379756317,8.005163292450431,13.802512416327213,0.0,5.280982075582025,8.79108976936954e-07,-0.918339960745022,-0.7810626391030087,-0.8688445603677667,0.042629088666751906,0.9587899066346629,-0.09771864228307914,-0.918339960745022,-0.7810626391030087,0.8069676225312673,0.0,7.094124810647084e-07,11,True
brain_cerebellar_hemisphere,raw,ENSG00000293862.1,ENSG00000293862,0.28205128203958174,299.58059618587237,-0.997657819095838,0.0011391735520676436,11.897435898890802,268.88953007602146,0.0,2.9076728424614013,0.014844320333059042,-1.0,-0.7810626391030087,-0.9947916612420414,0.026910850759044473,5.496825632896556,31.262151787093543,-1.0,-0.7810626391030087,294.4887377617564,0.0,4.371485157813728,277,True
brain_cerebellum,excluded_at_or_below_-1,ENSG00000293862.1,ENSG00000293862,0.13143321234680874,2.213924689986205,-0.8332717631401813,0.008071349475407164,4.643299218600365,32.569181433863285,0.0,14.235520747428017,0.0,-0.914518235366126,-0.6473894802411707,-0.8315743519640385,0.07001531824352754,1.900262927009153,3.175407572730408,-0.914518235366126,-0.6473894802411707,2.2136953999553413,0.0,0.0,10,True
brain_cerebellum,raw,ENSG00000293862.1,ENSG00000293862,0.2564102564102565,340.36546777924934,-0.9963407730909491,0.0013998175717234928,15.435897435897438,352.5399744397995,0.0,3.6968590958671323,0.0010861435727763358,-1.0,-0.6473894802411707,-0.9936682087204525,0.034593430053912355,6.351434985087591,46.38573853794724,-1.0,-0.6473894802411707,337.5650461627919,0.0,0.3666441052836631,266,True
brain_cortex,excluded_at_or_below_-1,ENSG00000293862.1,ENSG00000293862,0.5981685726113294,12.16315477239503,-0.8918664647158777,0.024179239581135516,51.00966185276601,36.919391294533206,0.0,3.6297432514515466,0.0013779120212687932,-0.9539252895142944,-0.2606443982252571,-0.8458459876619706,0.10743326060509902,3.3892308819895236,14.78621899690815,-0.9539252895142944,-0.2606443982252571,12.159116277409222,0.0,0.016754192486647224,54,True
brain_cortex,raw,ENSG00000293862.1,ENSG00000293862,1.3846153742993308,240.0587743999219,-0.9919295004434454,0.0034997934547331125,253.23076923221396,295.5012411145911,0.0,3.2611667161586695,0.0050361921561963945,-1.0,-0.2606443982252571,-0.9691691975323941,0.07804065383041926,4.246563966283823,27.23995720566198,-1.0,-0.2606443982252571,233.78096229631652,0.0,1.177365848584754,270,True
brain_frontal_cortex_ba9,excluded_at_or_below_-1,ENSG00000293862.1,ENSG00000293862,0.3196101036213142,1.542250448109763,-0.8814304976862534,0.04996498201965264,31.8490731350489,3.6917822173575097,0.0,1.7739362579216607,0.20646431799790577,-0.9441046903183292,-0.7509976995442161,-0.8657940827957269,0.04547606694197865,0.7322290982273083,0.037017808519326234,-0.9441046903183292,-0.7509976995442161,1.5405469031849317,0.0,0.3180679657098627,40,True
brain_frontal_cortex_ba9,raw,ENSG00000293862.1,ENSG00000293862,1.0256410256410258,254.72360113698605,-0.9970781602613129,0.000572492868149762,60.97435897436131,607.8858695757582,0.0,7.21774124258891,4.8722874221847875e-12,-1.0,-0.7509976995442161,-0.9800437297837511,0.05088668933103479,2.5002094040610956,5.307996938281429,-1.0,-0.7509976995442161,254.61239670825438,0.0,1.2405447780139411e-09,269,True
brain_hippocampus,excluded_at_or_below_-1,ENSG00000293862.1,ENSG00000293862,0.39473692162092894,14.618454977127668,-0.9233988243988414,0.003062839922792298,21.078952167666586,131.92137226045236,0.0,19.090840027787316,0.0,-0.9647449043350486,-0.6376894687688173,-0.8563433959886227,0.09423628844130472,1.2825543956716121,0.602383053779016,-0.9647449043350486,-0.6376894687688173,14.58338741314095,0.0,0.0,21,True
brain_hippocampus,raw,ENSG00000293862.1,ENSG00000293862,0.5384615384633825,241.44455220011045,-0.9958350290126301,0.0019846301074813643,29.69230773473871,255.2084172719155,0.0,2.9678872828873617,0.012240964126877118,-1.0,-0.6376894687688173,-0.9881694561402395,0.047591640888178466,5.083515113086122,28.838133974047167,-1.0,-0.6376894687688173,241.15252659076037,0.0,2.951939427103289,255,True
brain_hypothalamus,excluded_at_or_below_-1,ENSG00000293862.1,ENSG00000293862,0.017972600202218334,0.7533131293637368,-0.8888871462978014,0.10714452096665153,12.790298410838172,2.8477414058296833,0.0,0.8038205659908091,0.7190567863006059,-0.9497866962509977,-0.6731348038775241,-0.8597811943472116,0.06729850232343608,1.0670205428660477,1.4744349959804923,-0.9497866962509977,-0.6731348038775241,0.7402513943605941,0.0,0.5322827886834711,17,True
brain_hypothalamus,raw,ENSG00000293862.1,ENSG00000293862,0.4360401797137546,272.9318659841917,-0.9959199301984405,1.5909614503916007e-05,19.589744384399676,28692.53075006893,,362.67943810796027,,-1.0,-0.6731348038775241,-0.990724826085224,0.03875999511678739,4.805194296599838,25.635346305893933,-1.0,-0.6731348038775241,0.0,0.0,0.0,257,True
brain_nucleus_accumbens_basal_ganglia,excluded_at_or_below_-1,ENSG00000293862.1,ENSG00000293862,2.21620526264574,16.38123442228184,-0.9011687195574141,0.05048960545070116,247.8103718218332,23.75926321128498,0.0,1.415839581866677,0.3670656196928677,-0.951716376411998,-0.0529263767784508,-0.7630934402456072,0.1741382148082547,1.551177491358978,2.606207741822292,-0.951716376411998,-0.0529263767784508,16.37982218923967,0.0,6.012469582352244,149,True
brain_nucleus_accumbens_basal_ganglia,raw,ENSG00000293862.1,ENSG00000293862,3.8205128313130046,201.50656316024376,-0.992169600504954,0.006172300743403492,965.7435926380759,215.20184459265514,0.0,1.7941214508266885,0.20002998083183415,-1.0,-0.0529263767784508,-0.8761435880582298,0.1727830945132759,1.837548803093101,3.7584799078683755,-1.0,-0.0529263767784508,201.47676845694804,0.0,40.301394132503205,285,True
brain_putamen_basal_ganglia,excluded_at_or_below_-1,ENSG00000293862.1,ENSG00000293862,0.7991705112102052,11.286901254008013,-0.912998455837798,0.03010355730908248,37.905729023381156,23.187137965825166,0.0,1.5283760669441246,0.31099910583494894,-0.9455321252532412,-0.4194270779643401,-0.8432360067354832,0.10593957751613442,1.537869867882461,2.245411944742571,-0.9455321252532412,-0.4194270779643401,11.28688478566384,0.0,3.510211076003543,75,True
brain_putamen_basal_ganglia,raw,ENSG00000293862.1,ENSG00000293862,,,,,,,,,,,,,,,,,,,,,254,False
brain_spinal_cord_cervical_c-1,excluded_at_or_below_-1,ENSG00000293862.1,ENSG00000293862,0.4456065894440859,2.778985285809098,-0.851388749398829,0.010786796173766367,18.70542183317589,27.048214490361577,0.0,7.0325471758666644,1.8227217121975462e-11,-0.9050289173245109,-0.6450807459016374,-0.8233044567048264,0.07097373226715609,1.1177691008625594,0.3018631681028765,-0.9050289173245109,-0.6450807459016374,2.7782776392269963,0.0,5.064026975531988e-11,26,True
brain_spinal_cord_cervical_c-1,raw,ENSG00000293862.1,ENSG00000293862,0.9236921811516585,163.30467599010152,-0.99557186808266,0.00399232989425321,240.40124615787738,124.15539587378854,0.0,1.5685888639848693,0.2936697992190614,-1.0,-0.6450807459016374,-0.9774799797761053,0.06410532781081389,3.0234822292944115,8.945717245532464,-1.0,-0.6450807459016374,162.50055165256785,0.0,47.72150437679632,204,True
brain_substantia_nigra,excluded_at_or_below_-1,ENSG00000293862.1,ENSG00000293862,0.2864419329370508,0.8487415750080807,-0.9278695193825839,0.02943912848770217,20.552720508400455,4.421369784733643,0.0,-0.014700814437095611,1.0,-0.9275634983001944,-0.8358316004660074,-0.8942005234642694,0.02802320591702852,0.823490144544783,-0.4000103826163146,-0.9275634983001944,-0.8358316004660074,0.8486015760621894,0.0,0.8486015760621894,21,True
brain_substantia_nigra,raw,ENSG00000293862.1,ENSG00000293862,0.5384567429424424,180.48811457112072,-0.9982402769060236,0.0008760125978081994,25.692307712132518,262.1886413999067,0.0,2.840854425780495,0.017990636925678285,-1.0,-0.8358316004660074,-0.9878590764631129,0.035066306492378276,2.7765258822614935,6.533145652241567,-1.0,-0.8358316004660074,177.38842528611013,0.0,3.191330754140204,183,True
breast_mammary_tissue,excluded_at_or_below_-1,ENSG00000293862.1,ENSG00000293862,-0.10694301354987985,134182.57698708368,-8.013666679087171,2.4764671174187587,630.2241253027876,4.9828301083472875,0.0,-4.042848255364732,1.0,-0.9341271869583196,0.7119001259006188,-0.5661090624041671,0.3264612076710531,1.289452708526787,1.4045132036805246,-0.9341271869583196,0.7119001259006188,37.34362766403244,0.0,37.34362766403244,369,True
breast_mammary_tissue,raw,ENSG00000293862.1,ENSG00000293862,9.461538474137786,998.8189672324557,-0.9897867610763063,0.007914660209296131,4989.6923076923085,304.06215944035324,0.0,1.8249300184333372,0.1936925008536514,-1.0,0.7119001259006188,-0.6885102023874274,0.3386057689495866,1.3662619339485271,1.6663170762280934,-1.0,0.7119001259006188,975.4239399860792,0.0,188.93230232842478,514,True
cells_cultured_fibroblasts,excluded_at_or_below_-1,ENSG00000293862.1,ENSG00000293862,0.7567569387777179,19.23933435202785,-0.848516461617706,0.054535779727002985,160.91395823056902,17.23762165204822,0.0,3.1088783102246644,0.00796712053998026,-0.968402953471148,-0.1837886139678386,-0.796149630031639,0.11874553996661634,2.5471559820497465,8.067443580567401,-0.968402953471148,-0.1837886139678386,19.2368327258622,0.0,0.15326216513438118,125,True
cells_cultured_fibroblasts,raw,ENSG00000293862.1,ENSG00000293862,3.2051282055655115,567.1091707176256,-0.9909410009786261,0.004057315195118403,1318.358974363455,281.3401960946644,0.0,3.157595272106486,0.006934509486322168,-1.0,-0.1837886139678386,-0.960918257291342,0.09557796222399342,3.378206044021733,15.361738260284593,-1.0,-0.1837886139678386,559.2478929943177,0.0,3.8781098191748056,652,True
cells_ebv-transformed_lymphocytes,excluded_at_or_below_-1,ENSG00000293862.1,ENSG00000293862,,,,,,,,,,,,,,,,,,,,,9,False
cells_ebv-transformed_lymphocytes,raw,ENSG00000293862.1,ENSG00000293862,0.23076923076921516,321.904444353635,-0.9980127131357522,0.0006446149208626061,12.923076923077199,331.5665562290008,0.0,4.359886724285324,7.512996503113084e-05,-1.0,-0.8468808366703662,-0.9966832257214098,0.019883987545955852,5.9100222607519015,33.53759508981442,-1.0,-0.8468808366703662,319.33467717493454,0.0,0.023991603129380284,327,True
cervix_ectocervix,excluded_at_or_below_-1,ENSG00000293862.1,ENSG00000293862,0.3947369121754723,9.76591552626935,-0.6617003886461339,0.02367781409304443,17.0789485697343,147.0461748807696,0.0,12.318726795824022,0.0,-0.8679496643531753,1.8002559131147589,0.19235814623104358,0.7387934290332534,0.19297814111545317,-0.553793475816188,-0.8679496643531753,1.8002559131147589,9.734438476787377,0.0,0.0,19,True
cervix_ectocervix,raw,ENSG00000293862.1,ENSG00000293862,0.4683975709555645,1075484850273.8615,-2.8799536822229586,0.37415690495989984,19.40975614556683,17.689947176531902,0.0,-7.105724787620555,1.0,-1.0,1.8002559131147589,-0.05604980090042381,0.8196583779831376,0.3847655025559387,-0.8428236924916797,-1.0,1.8002559131147589,11.682947740896916,0.0,11.682947740896795,24,True
cervix_endocervix,excluded_at_or_below_-1,ENSG00000293862.1,ENSG00000293862,0.1315789460114341,8.609382059912072,-0.8750309528167811,0.008521620413331163,4.3421057386302255,133.30657127374485,0.0,2.9683710548158126,0.012209330256172825,-0.8929174531644466,-0.0717661353790908,-0.7294810172464234,0.26506184209171646,1.8045547659687788,1.8846709388072425,-0.8929174531644466,-0.0717661353790908,8.608878295834081,0.0,0.1051086382490366,10,True
cervix_endocervix,raw,ENSG00000293862.1,ENSG00000293862,0.25641025641028337,17.333452386440836,-0.9909528902482614,0.00460817493468585,19.435897435898326,282.09136882046636,0.0,2.776488629995772,0.021248175665980612,-1.0,-0.0717661353790908,-0.8823830509767059,0.2180438912711026,2.652204178778602,6.827337316495765,-1.0,-0.0717661353790908,17.282215732222923,0.0,0.3672155557756464,23,True
colon_sigmoid,excluded_at_or_below_-1,ENSG00000293862.1,ENSG00000293862,0.7073964587885788,1680413249924.8723,-7.126874949870563,1.258989988952849,65.05241999106693,9.340715141374881,0.0,-6.988639680543934,1.0,-0.9053058542955812,1.1886066474900527,-0.6300673874198014,0.36887382586779793,2.1560429440021545,4.964218108743638,-0.9053058542955812,1.1886066474900527,41.659047186481985,0.0,41.659047186481985,127,True
colon_sigmoid,raw,ENSG00000293862.1,ENSG00000293862,2.9664786307949718,81829841497.04832,-1.6507842997017608,0.15372069309396677,1490.735309142528,26.122086139329618,0.0,-5.987144373953056,1.0,-1.0,1.1886066474900527,-0.8878724539434719,0.26455979983428796,3.700189607056963,16.523002117210943,-1.0,1.1886066474900527,1346.0894272019416,0.0,1346.0894272019082,419,True
colon_transverse,excluded_at_or_below_-1,ENSG00000293862.1,ENSG00000293862,-1.4914969974742376,20.33038833444794,-0.7371829832474165,1.0299935875296014,483.44981718509666,2.712099001054502,0.0,0.24944378405548007,0.9685758896266736,-0.918856745161518,1.2380806220202958,-0.3500778638318558,0.38985021931187785,0.6315463958284797,0.33296274546051263,-0.918856745161518,1.2380806220202958,19.816384646081296,0.0,19.193672387762547,350,True
colon_transverse,raw,ENSG00000293862.1,ENSG00000293862,8.894647479008924,172070896654.29053,-1.6419284136027075,0.1458973914883392,2640.995185465649,27.916522676559566,0.0,-6.222344754273091,1.0,-1.0,1.2380806220202958,-0.5251090863072014,0.4407509938311611,0.708197327269139,-0.08005746090413446,-1.0,1.2380806220202958,673.4308366627968,0.0,673.430836662792,479,True
esophagus_gastroesophageal_junction,excluded_at_or_below_-1,ENSG00000293862.1,ENSG00000293862,1.1846486361831643,16.147524555590028,-0.8558505870360432,0.05119261754579261,98.79146923200508,16.562081999237233,0.0,2.4407720346884583,0.05085981965241217,-0.944203232359712,-0.2563256269400036,-0.7953142866252851,0.12409112125065853,1.9804831474811555,4.431488273875263,-0.944203232359712,-0.2563256269400036,16.147492297664915,0.0,0.8212585460979522,132,True
esophagus_gastroesophageal_junction,raw,ENSG00000293862.1,ENSG00000293862,3.9499718681007843,232.33653284846176,-0.9907164582251794,0.00806977389104514,2275.0919034873873,128.70069071432644,0.0,1.6269242313440078,0.267658347969484,-1.0,-0.2563256269400036,-0.9329565405323514,0.1194525928764171,2.3224973247999925,6.5922141375178445,-1.0,-0.2563256269400036,231.08592214810656,0.0,61.852076161167,403,True
esophagus_mucosa,excluded_at_or_below_-1,ENSG00000293862.1,ENSG00000293862,1.4389427730625262,33.08843051213333,0.4521674689926987,0.8475103763432171,1017.1863322667341,3.7315929843149487,0.0,2.3091133312489887,0.06864780901634165,-0.931638739952198,2.6884377598740765,0.38677177025454357,0.6302494231491359,-0.08822101121170924,-0.28943462690663635,-0.931638739952198,2.6884377598740765,33.05710023642542,0.0,2.2692975036641947,601,True
esophagus_mucosa,raw,ENSG00000293862.1,ENSG00000293862,1.7807946843346587,32.82667465403189,0.44358292909725594,0.8683831650340218,1158.8398295379588,3.6558794263577874,0.0,2.35096054246933,0.06189589863903935,-1.0,2.6884377598740765,0.35741015296902384,0.6547605022440547,-0.1439325363119897,-0.3329986810683834,-1.0,2.6884377598740765,32.78524874416596,0.0,2.0292724331245884,614,True
esophagus_muscularis,excluded_at_or_below_-1,ENSG00000293862.1,ENSG00000293862,1.130731715634283,16.71904656104134,-0.8521387249081795,0.05352946768669685,172.01025832334705,13.599306677190736,0.0,2.8372006258762474,0.01786709719566178,-0.959529746507965,-0.3373906934180727,-0.8075551786989225,0.10526763175949712,1.8272278615952384,3.8408534694176684,-0.959529746507965,-0.3373906934180727,16.718055273944064,0.0,0.2987031185020046,147,True
esophagus_muscularis,raw,ENSG00000293862.1,ENSG00000293862,3.8359692293064214,388.39183852539304,-0.9917412841102374,0.0071683332806754445,1696.7445595214288,129.09437154636723,0.0,1.629331053924987,0.26655066817385475,-1.0,-0.3373906934180727,-0.949573282118969,0.10031620882577379,2.4209439624080997,6.825868243676412,-1.0,-0.3373906934180727,386.3894545608189,0.0,102.99236728851756,561,True
fallopian_tube,excluded_at_or_below_-1,ENSG00000293862.1,ENSG00000293862,0.16442539660349662,4489016299487.686,-7.412760098438966,1.2382572788520996,13.092059055332232,8.883834216499825,0.0,-7.4735114350682235,1.0,-0.869102068792507,0.3657485196208876,-0.6072648536106386,0.3131010702508264,1.8261240557730296,3.0141261746033052,-0.869102068792507,0.3657485196208876,3.339958346210386,0.0,3.339958346210386,19,True
fallopian_tube,raw,ENSG00000293862.1,ENSG00000293862,0.4871794871794873,35.94834735616409,-0.9892606756851455,0.005492152582671872,23.74358974358975,348.91098750388335,0.0,2.7653452572873958,0.022168431608419192,-1.0,0.3657485196208876,-0.7426907661586943,0.3148199507915952,1.8355361647561155,3.634832727215791,-1.0,0.3657485196208876,35.43152349924174,0.0,0.7854613054750339,29,True
heart_atrial_appendage,excluded_at_or_below_-1,ENSG00000293862.1,ENSG00000293862,2.6047943808470073,31.337810772433627,-0.8647144235128772,0.15312187713311698,1152.1806477653436,9.933255200566,0.0,0.8302135101442301,0.7084890864348532,-0.9546045606723884,0.2107940589547059,-0.7266629167709601,0.2079097641899121,1.719604612071029,3.1723256943052123,-0.9546045606723884,0.2107940589547059,31.337603552431478,0.0,22.202350111919788,337,True
heart_atrial_appendage,raw,ENSG00000293862.1,ENSG00000293862,2.9254910295387497,8064399174849.736,-7.324026513185005,1.2578938121383922,6744.729116975221,8.471180429016561,0.0,-7.10991975431493,1.0,-1.0,0.2107940589547059,-0.8001852558607669,0.21516714723466235,1.6457566095764196,3.1668050686503406,-1.0,0.2107940589547059,85.02761428558516,0.0,85.02761428558516,461,True
heart_left_ventricle,excluded_at_or_below_-1,ENSG00000293862.1,ENSG00000293862,0.7151626436191438,19.023596463803532,-0.9673406936552084,0.2775229302448844,566.3388472158003,4.162462833634279,0.0,-0.05193131607456173,1.0,-0.9571497780877593,-0.1505058722671409,-0.7781860193497756,0.14697608417606153,1.2397978434988752,1.428843823449217,-0.9571497780877593,-0.1505058722671409,18.994673394203723,0.0,18.99467339420372,251,True
heart_left_ventricle,raw,ENSG00000293862.1,ENSG00000293862,6.436116718488482,385.92185456435595,-0.9886673329347706,0.0008627539695444596,2381.589745465053,1373.901885099959,0.0,18.57634044844754,0.0,-1.0,-0.1505058722671409,-0.8768245372937914,0.1554067855011711,1.4462878094365175,1.9048171701598937,-1.0,-0.1505058722671409,385.8365126557238,0.0,0.0,452,True
kidney_cortex,excluded_at_or_below_-1,ENSG00000293862.1,ENSG00000293862,0.21848676835881284,1.0284721595229422,-0.9280848730467485,0.06682857448967085,16.566823087482824,5.946477468176093,0.0,0.31244020446513476,0.9523630963192716,-0.9428492155995302,-0.6470844477882645,-0.8477024783574003,0.09131829279704695,1.089309540194486,-0.04683318022633598,-0.9428492155995302,-0.6470844477882645,1.0284715943886096,0.0,0.9794783921083542,19,True
kidney_cortex,raw,ENSG00000293862.1,ENSG00000293862,0.48717948718407583,105.7440201743277,-0.9963409049357072,0.0015892077199496312,21.743589745374543,310.79840114289505,0.0,3.256177151026873,0.005015350240297091,-1.0,-0.6470844477882645,-0.9721764143152943,0.07038637596705308,2.9486378615998556,8.703853427453772,-1.0,-0.6470844477882645,105.10170196724593,0.0,0.5271218462170599,104,True
kidney_medulla,excluded_at_or_below_-1,ENSG00000293862.1,ENSG00000293862,,,,,,,,,,,,,,,,,,,,,2,False
kidney_medulla,raw,ENSG00000293862.1,ENSG00000293862,0.05128205110402162,10.384637961954425,-0.99824239481485,0.001024469779474247,1.8974358982004231,235.3191879151502,0.0,2.4262590658478325,0.05274103816188211,-1.0,-0.8277749329239052,-0.9745146679351895,0.05848546612075959,1.8741726096886582,1.8329872802722438,-1.0,-0.8277749329239052,10.374205465123149,0.0,0.5471463663352658,11,True
liver,excluded_at_or_below_-1,ENSG00000293862.1,ENSG00000293862,0.5162885991781153,13.512942766337014,-0.9665279632071648,0.29913961005413614,109.6394042852066,4.326334653243469,0.0,-0.15541268029355593,1.0,-0.9336545063139424,-0.0514058801157852,-0.7388914769834379,0.17875384873505185,1.7305932381910742,3.288040938512961,-0.9336545063139424,-0.0514058801157852,13.34956934683145,0.0,13.34956934683145,163,True
liver,raw,ENSG00000293862.1,ENSG00000293862,4.179487194948579,140.66201538150708,-0.990500828041736,0.003755229078474834,921.7435897435897,353.6617298064618,0.0,3.5773737191413493,0.0016635508718074537,-1.0,-0.0514058801157852,-0.8375546211767191,0.1895300443989553,1.6129839774536578,3.1114931871185343,-1.0,-0.0514058801157852,140.6619476644383,0.0,0.23399830566731072,262,True
lung,excluded_at_or_below_-1,ENSG00000293862.1,ENSG00000293862,1.2446237338608555,39.60596096785877,-0.9242221827514605,0.47176220700003785,657.4143079907248,5.466208306230953,0.0,-0.04889445796557599,1.0,-0.9079116635953548,0.8992297788760522,-0.5810596678674818,0.28948370752795766,1.5907153085363144,2.921446128248494,-0.9079116635953548,0.8992297788760522,39.55863403102581,0.0,39.558634031025804,402,True
lung,raw,ENSG00000293862.1,ENSG00000293862,10.307692299184176,1129.1382718085401,-0.9868218131527315,0.007931598718183303,7676.307692560487,336.2852604567219,0.0,2.349686517066046,0.06350666696093926,-1.0,0.8992297788760522,-0.7211688517925955,0.3079932306928655,1.4944458199887287,2.6542079208909968,-1.0,0.8992297788760522,1124.7398599604217,0.0,71.42847970420007,604,True
minor_salivary_gland,excluded_at_or_below_-1,ENSG00000293862.1,ENSG00000293862,0.42367162069611375,14.304664794038725,-0.16013556924975103,0.6056138672108509,162.66073231393335,6.647572847079054,0.0,1.7386794688334841,0.22057892814309463,-0.904696663115546,2.6865789628396373,-0.04434146411406601,0.5196712267842803,1.4065017022197324,4.1127442311549425,-0.904696663115546,2.6865789628396373,14.30461542243984,0.0,3.15529673738096,181,True
minor_salivary_gland,raw,ENSG00000293862.1,ENSG00000293862,0.42367162069611375,14.304664794038725,-0.16013556924975103,0.6056138672108509,162.66073231393335,6.647572847079054,0.0,1.7386794688334841,0.22057892814309463,-0.904696663115546,2.6865789628396373,-0.04434146411406601,0.5196712267842803,1.4065017022197324,4.1127442311549425,-0.904696663115546,2.6865789628396373,14.30461542243984,0.0,3.15529673738096,181,True
muscle_skeletal,excluded_at_or_below_-1,ENSG00000293862.1,ENSG00000293862,1.834971853212833,50.54875528474515,-0.7141579006579641,0.6018428459148782,1114.619562065056,4.899429710715343,0.0,0.561200910416298,0.8543056447548706,-0.952986576921118,1.3708784749717822,-0.44563234478496333,0.38350994535836713,1.270239867378768,1.8785813061694157,-0.952986576921118,1.3708784749717822,50.54803973046313,0.0,43.18347567302812,735,True
muscle_skeletal,raw,ENSG00000293862.1,ENSG00000293862,0.20085406174316234,66.12167415796316,-1.1090127922014064,0.9419555812950365,1403.0421349360718,3.723207264641115,0.0,-0.16366734511136255,1.0,-1.0,1.3708784749717822,-0.5018823635904011,0.40023902894609176,1.1584671122626338,1.6013055698345324,-1.0,1.3708784749717822,65.17738415313922,0.0,65.17738415313922,818,True
nerve_tibial,excluded_at_or_below_-1,ENSG00000293862.1,ENSG00000293862,3.4366931042768094,32.12276065635959,-0.8311778229480069,0.04814622643303268,613.5198094480832,23.45141325871564,0.0,2.7709171103922103,0.02151711465703026,-0.9255123747962036,-0.0327856402043431,-0.7212385158351481,0.15992885393361295,1.4967449128840313,2.5942717363829866,-0.9255123747962036,-0.0327856402043431,32.120056471289175,0.0,0.6911309378830159,260,True
nerve_tibial,raw,ENSG00000293862.1,ENSG00000293862,6.666666650947414,427.7155897899885,-0.9887627499562596,0.003520545567616846,3272.6666667222976,384.0188311621739,0.0,4.514036563484457,3.762227772589862e-05,-1.0,-0.0327856402043431,-0.8918239016673709,0.16847238515796664,1.7970398584943796,3.424155321018522,-1.0,-0.0327856402043431,427.5664038409558,0.0,0.016086021991568167,670,True
ovary,excluded_at_or_below_-1,ENSG00000293862.1,ENSG00000293862,0.782034622494186,7.32336552388658,-0.8192940070313378,0.010907672287538717,44.25130809115937,59.37558731461627,0.0,9.264722620954506,0.0,-0.8907517846068422,-0.3613366903010422,-0.7540839190990725,0.13247570031670403,1.3953112226549416,1.1821020241625178,-0.8907517846068422,-0.3613366903010422,7.322283707496566,0.0,0.0,42,True
ovary,raw,ENSG00000293862.1,ENSG00000293862,1.076923073074975,178.95961614275208,-0.9932641175761968,0.0029646682901100247,108.76923077050927,301.44361885926037,0.0,3.2131676619847322,0.0058041629246162385,-1.0,-0.3613366903010422,-0.9464845834308864,0.11873350293807172,2.56662211651304,6.780976743800698,-1.0,-0.3613366903010422,176.64054235768356,0.0,1.025250486936571,193,True
pancreas,excluded_at_or_below_-1,ENSG00000293862.1,ENSG00000293862,0.1337324452589401,35.15799088948808,-0.5987593669337675,0.42469606142443456,319.4756262908664,7.980811364282185,0.0,1.1197674027317996,0.5342297211772368,-0.9350316374765968,1.79792190070622,-0.51125266696049,0.280841979835663,1.9862476905569293,12.310046739310824,-0.9350316374765968,1.79792190070622,35.15763315685347,0.0,18.782252558637403,342,True
pancreas,raw,ENSG00000293862.1,ENSG00000293862,0.06356340656973868,35.57542667368301,-0.6055278432800892,0.44538638610712283,246.35075992896282,7.631556173362847,0.0,1.2525481052258443,0.45638617518450264,-1.0,1.79792190070622,-0.5382552820455457,0.29496680973658024,1.6426459193613403,9.853133045368757,-1.0,1.79792190070622,35.57462888614177,0.0,16.235768810954365,362,True
pituitary,excluded_at_or_below_-1,ENSG00000293862.1,ENSG00000293862,0.8699215767805504,12.942238420613805,-0.899267369648177,0.2046241443938931,231.2983296266502,5.539999570058431,0.0,0.14359113598444584,0.9897445392003708,-0.9200437319495398,-0.0976786265282936,-0.7449069612639487,0.15466975417801182,1.4874434899025195,2.23516215062686,-0.9200437319495398,-0.0976786265282936,12.94222527752115,0.0,12.809496793527561,162,True
pituitary,raw,ENSG00000293862.1,ENSG00000293862,4.153846166978383,164.06674378829612,-0.9900898837382728,0.004110834797471028,1071.0769230769256,307.0082271214577,0.0,3.4092882619975104,0.0030647269868479257,-1.0,-0.0976786265282936,-0.8679710150950789,0.16924787342063302,1.4963318466877324,2.279491363189833,-1.0,-0.0976786265282936,160.20382017786005,0.0,0.49098097109521976,313,True
prostate,excluded_at_or_below_-1,ENSG00000293862.1,ENSG00000293862,0.4251010911669898,15.31452781780552,-0.8045479573048612,0.2917410069172185,394.6488143254482,7.433911630179538,0.0,0.695741522854489,0.7850390869018798,-0.9480738983876824,0.729008870337863,-0.6741266488898823,0.21840097443565734,2.184537095650649,9.442855110600718,-0.9480738983876824,0.729008870337863,15.314430370158014,0.0,12.022426434211265,160,True
prostate,raw,ENSG00000293862.1,ENSG00000293862,4.102564102169466,279.5382541646985,-0.9886307606871106,0.011024425918306748,1569.5897436613104,220.3388438967465,0.0,1.4584462310599011,0.3453227749972129,-1.0,0.729008870337863,-0.8151073185190821,0.2305403959205416,1.8888637854181938,6.6307431975894815,-1.0,0.729008870337863,279.4664263076733,0.0,96.50612185111986,282,True
skin_not_sun_exposed_suprapubic,excluded_at_or_below_-1,ENSG00000293862.1,ENSG00000293862,0.45272326413596836,42.69201480112434,1.0240130856565304,0.8817706342487373,998.6767122621543,3.634355809296708,0.0,3.1221619174141764,0.0062971106437698515,-0.9226735869884976,3.2900557204560483,0.9518185785406658,0.63909436969725,-0.22465973069237288,-0.018002632401056484,-0.9226735869884976,3.2900557204560483,42.63407210347565,0.0,0.26847146923004783,651,True
skin_not_sun_exposed_suprapubic,raw,ENSG00000293862.1,ENSG00000293862,0.45272326413596836,42.69201480112434,1.0240130856565304,0.8817706342487373,998.6767122621543,3.634355809296708,0.0,3.1221619174141764,0.0062971106437698515,-0.9226735869884976,3.2900557204560483,0.9518185785406658,0.63909436969725,-0.22465973069237288,-0.018002632401056484,-0.9226735869884976,3.2900557204560483,42.63407210347565,0.0,0.26847146923004783,651,True
skin_sun_exposed_lower_leg,excluded_at_or_below_-1,ENSG00000293862.1,ENSG00000293862,0.7681793808768822,47.73227094415364,0.9473912125255994,0.8797762119663878,1114.9314695072444,3.6039699671371865,0.0,3.0126671735561175,0.009195810659778295,-0.9267761582208016,3.1894055235806196,0.8873636532428747,0.6495344408982846,-0.161852488099781,0.0708633043012199,-0.9267761582208016,3.1894055235806196,47.65989343666026,0.0,0.438271356108738,753,True
skin_sun_exposed_lower_leg,raw,ENSG00000293862.1,ENSG00000293862,0.7882370892581947,48.61673190334881,0.9475471430232392,0.8789997877798017,1122.7777570187425,3.6069024939267273,0.0,3.133388222972365,0.00589217850890395,-1.0,3.1894055235806196,0.8848605184242502,0.652731974149967,-0.1798872152382209,0.09723061779354447,-1.0,3.1894055235806196,48.54334437353441,0.0,0.28602605046806295,754,True
small_intestine_terminal_ileum,excluded_at_or_below_-1,ENSG00000293862.1,ENSG00000293862,-8.878201846906169,128571.39903000524,-55.2596710196162,18.132904478588408,128.7664836365197,4.348551050267812,0.0,-4.236955142659093,1.0,-0.9338570647698544,0.4970144716865496,-0.40003704740043394,0.3774268683263765,0.4495291512982443,-0.9229193804772682,-0.9338570647698544,0.4970144716865496,6.186810716920421,0.0,6.186810716920421,162,True
small_intestine_terminal_ileum,raw,ENSG00000293862.1,ENSG00000293862,4.153846160355679,65.6065990363087,-0.985315241102801,0.0058513269665851145,265.0769230769231,358.26587639124045,0.0,3.549175308642491,0.001844570128836576,-1.0,0.4970144716865496,-0.5304637762264266,0.41577692425486157,0.5791409429776578,-0.8220849469300999,-1.0,0.4970144716865496,65.42226352173299,0.0,0.12067595305306344,207,True
spleen,excluded_at_or_below_-1,ENSG00000293862.1,ENSG00000293862,,,,,,,,,,,,,,,,,,,,,8,False
spleen,raw,ENSG00000293862.1,ENSG00000293862,0.20512820512820515,373.12991717485204,-0.99658492307914,0.0009179242800198993,6.3589743589743595,480.4504977633434,0.0,5.261488559735373,1.0537872847235275e-06,-1.0,-0.6847386864297202,-0.9954574364105371,0.02965311573858124,7.758308800470021,66.33450810621274,-1.0,-0.6847386864297202,344.95558708869913,0.0,0.00036350981146840433,277,True
stomach,excluded_at_or_below_-1,ENSG00000293862.1,ENSG00000293862,-0.4492822249619144,16.655183259109464,-0.13966940915215495,0.8476635092564279,488.0869024542189,3.017526818531005,0.0,1.2943953354984044,0.42664999324677083,-0.915515237283355,1.6690018130211262,-0.06648588745327368,0.4859578234555863,0.32227014782844604,-0.09320415231003976,-0.915515237283355,1.6690018130211262,16.479650093262105,0.0,7.031042600999424,331,True
stomach,raw,ENSG00000293862.1,ENSG00000293862,-8.070370569791596,7411366455140.439,-97.04248095004039,18.80412929453055,3986.588527443473,7.423854383201034,0.0,-7.223125144274204,1.0,-1.0,1.6690018130211262,-0.24080301903448054,0.5697505186669602,0.285840164130756,-0.6194842525258193,-1.0,1.6690018130211262,26.73600146605813,0.0,26.73600146605784,407,True
testis,excluded_at_or_below_-1,ENSG00000293862.1,ENSG00000293862,2.5066845276169327,21.754677590740915,1.2283431375155653,0.6638486330317088,389.28557420583513,2.3401052331552625,0.06466700031120187,4.5459076473078746,0.0,-0.9055598725006656,2.326816311237424,1.0630544501351389,0.6329158580174439,-0.7599579549561286,0.5230360941406822,-0.9055598725006656,2.326816311237424,21.753692259966154,1.4067460241450211,0.0,414,True
testis,raw,ENSG00000293862.1,ENSG00000293862,2.5066845276169327,21.754677590740915,1.2283431375155653,0.6638486330317088,389.28557420583513,2.3401052331552625,0.06466700031120187,4.5459076473078746,0.0,-0.9055598725006656,2.326816311237424,1.0630544501351389,0.6329158580174439,-0.7599579549561286,0.5230360941406822,-0.9055598725006656,2.326816311237424,21.753692259966154,1.4067460241450211,0.0,414,True
thyroid,excluded_at_or_below_-1,ENSG00000293862.1,ENSG00000293862,-0.2854498639710439,39.5684316323465,-0.6347459855214392,0.7685647484171365,638.643865973673,3.9296159000460724,0.0,0.5004260770762246,0.8822593462129955,-0.9067062129315594,1.5008326399069285,-0.36921752049791673,0.36931077091955705,0.8324674921471414,0.8396533226042471,-0.9067062129315594,1.5008326399069285,39.550763248302985,0.0,34.89403052567276,608,True
thyroid,raw,ENSG00000293862.1,ENSG00000293862,-1.5134277002869154,45.8547259277094,-0.8913834980503377,1.0243016844548247,2934.6642398049044,3.3028399325805853,0.0,0.14996258669289614,0.9887705628425938,-1.0,1.5008326399069285,-0.43930446266481477,0.4007102889204039,0.6752339233528736,0.4339124629805431,-1.0,1.5008326399069285,45.65858003919177,0.0,45.14585988394526,684,True
uterus,excluded_at_or_below_-1,ENSG00000293862.1,ENSG00000293862,0.20291467806881391,2510552873772.991,-6.101006192202059,1.011628524811792,26.192312617550176,8.365606257570748,0.0,-7.324783998309365,1.0,-0.8613729232772622,-0.1168421715278402,-0.7152974805571123,0.15981262510308702,1.8312582749889652,3.7791016882479758,-0.8613729232772622,-0.1168421715278402,5.612574092171817,0.0,5.612574092171817,37,True
uterus,raw,ENSG00000293862.1,ENSG00000293862,0.9487179487179487,116.07358696643898,-0.9892457440410005,0.0030324360558571023,87.89743589743784,406.85605281860893,0.0,5.015378510974148,3.521686934877743e-06,-1.0,-0.1168421715278402,-0.9311503711151187,0.14494181206897358,2.590552405699942,7.86374955731708,-1.0,-0.1168421715278402,113.72508450268255,0.0,0.00040050414426096026,153,True
vagina,excluded_at_or_below_-1,ENSG00000293862.1,ENSG00000293862,-3795.2066304168143,3799.392566960106,0.1604613896638096,74.91089615317517,213.92472146460545,0.03504894967899135,0.0,0.019671548714447127,0.6849222596192533,-0.8815405979619528,2.0170043472034265,0.4593642411663099,0.7883277548249421,-0.17053760352947303,-1.103047197881214,-0.8815405979619528,2.0170043472034265,2.332923451273473,0.0,1.597871201764974,144,True
vagina,raw,ENSG00000293862.1,ENSG00000293862,3.6923076885346418,41.20053053826027,-0.9686099215225858,0.00807184791576411,226.30769230769226,523.0891655677657,0.0,5.499642110453789,2.7622954862706043e-07,-1.0,2.0170043472034265,0.23616735722322724,0.8963217148116626,0.0007168501916991002,-1.3304478571876124,-1.0,2.0170043472034265,40.3444194207329,0.0,1.1144320766209859e-05,170,True
whole_blood,excluded_at_or_below_-1,ENSG00000293862.1,ENSG00000293862,0.20512820512820512,3.5350873530137594,-0.874425830773708,0.0006280086109572334,8.358974358974365,359.1705538059916,0.0,3.8522904041533224,0.0006132472499794789,-0.8761365140892154,-0.7149292691554326,-0.8277043821924033,0.04965715698781072,1.0794937356710563,0.3598278997279869,-0.8761365140892154,-0.7149292691554326,3.4535741840473277,0.0,0.002117894870967141,11,True
whole_blood,raw,ENSG00000293862.1,ENSG00000293862,-0.6403036114691342,720.7969723116767,-0.9964600716538897,0.00360943058277958,5397.458669429765,110.30678385079031,0.0,1.386981841618673,0.3834596604948115,-1.0,-0.7149292691554326,-0.9976397860574303,0.020792548293542355,9.410598631105204,93.77261925845951,-1.0,-0.7149292691554326,718.3946305672096,0.0,275.4753611385967,803,True
adipose_subcutaneous,excluded_at_or_below_-1,ENSG00000293863.1,ENSG00000293863,0.7170953929332116,12.129108731325687,-0.9511702892341232,0.013050704783737753,59.483016113645526,22.537128319974727,0.0,3.147431307309241,0.007062098948165942,-0.9802155465500404,-0.7431922184513384,-0.9311072474636305,0.04054560802555224,1.9450499439194273,4.918603510542078,-0.9802155465500404,-0.7431922184513384,12.127302272804139,0.0,0.08564420862486055,76,True
adipose_subcutaneous,raw,ENSG00000293863.1,ENSG00000293863,1.94871793536968,827.4850313449036,-0.9975181510600255,0.0014197416164155015,413.89743592895013,253.33566263026955,0.0,2.4721853540749286,0.047274442114080634,-1.0,-0.7431922184513384,-0.9926668778812827,0.024999661035324777,4.483109392409445,25.259074108456858,-1.0,-0.7431922184513384,824.1283406522568,0.0,38.960207534738046,714,True
adipose_visceral_omentum,excluded_at_or_below_-1,ENSG00000293863.1,ENSG00000293863,0.6201932641670694,13.69497630175065,-0.9492357026523258,0.015537173384346759,101.13524974741247,32.42882025108634,0.0,2.2916398693185767,0.0724075824396077,-0.9744126680919282,-0.5929583932723592,-0.9187068778987177,0.061415436177266074,3.160413316475895,12.296358043336262,-0.9744126680919282,-0.5929583932723592,13.690014277344117,0.0,0.9912608373862005,64,True
adipose_visceral_omentum,raw,ENSG00000293863.1,ENSG00000293863,1.6410256496754323,548.9563083843518,-0.9945107314413546,0.00176673966213203,394.9743589744505,321.4286602678774,0.0,4.393968284934858,6.425961653834135e-05,-1.0,-0.5929583932723592,-0.9911366953756694,0.03238162635792867,6.103981533149191,52.96625723941311,-1.0,-0.5929583932723592,548.462759080582,0.0,0.03524400658407889,587,True
adrenal_gland,excluded_at_or_below_-1,ENSG00000293863.1,ENSG00000293863,0.24361399400619527,1.7943689903656768,-0.9435593061744469,0.0020130199531159312,8.862702813343626,33.852141957829616,0.0,21.416659205319633,0.0,-0.9740442084950328,-0.895373488254221,-0.9387237954548351,0.025141680579126188,0.6925941536780008,-0.7136576515897359,-0.9740442084950328,-0.895373488254221,1.7942723458231804,0.0,0.0,13,True
adrenal_gland,raw,ENSG00000293863.1,ENSG00000293863,0.3333333333064582,295.9875532692054,-0.9988108179709976,0.0005327886365042243,12.666666667385526,274.5600497430338,0.0,3.156518811249691,0.006888841178559971,-1.0,-0.895373488254221,-0.9972996926810606,0.013583486098156896,5.528862627220046,31.99393220159739,-1.0,-0.895373488254221,294.81979278825,0.0,2.030966728814214,295,True
artery_aorta,excluded_at_or_below_-1,ENSG00000293863.1,ENSG00000293863,0.2565225148580802,5.621738011427663,-0.9360883030532091,0.03127813617825765,14.366753040679328,14.246585084189324,0.0,1.6470512392268484,0.2575897804381489,-0.9725161059846552,-0.6209968344134473,-0.9086555980789466,0.06435633573682317,2.6588072234415905,8.114186814371292,-0.9725161059846552,-0.6209968344134473,5.621727135802082,0.0,1.448099458594442,44,True
artery_aorta,raw,ENSG00000293863.1,ENSG00000293863,1.1282051418289751,438.0098720657951,-0.9955477196683805,0.0017774031445189193,172.35897435905363,298.01620603621996,0.0,3.5425138342307356,0.0018836727205915782,-1.0,-0.6209968344134473,-0.9914848438887153,0.03293815217985958,5.895232386918551,46.52345907004739,-1.0,-0.6209968344134473,437.9352854431441,0.0,0.8249267505737352,472,True
artery_coronary,excluded_at_or_below_-1,ENSG00000293863.1,ENSG00000293863,0.31011440750418917,1.757122045800209,-0.9411561767096991,0.014870153530668404,23.305655376856343,7.276150498162916,0.0,2.702875798671919,0.02591947588321371,-0.9695763383952763,-0.8646490084158431,-0.9315155803719004,0.02360293357086081,1.076938337252467,0.8378580657756998,-0.9695763383952763,-0.8646490084158431,1.7571077017884935,0.0,0.04554331070071593,30,True
artery_coronary,raw,ENSG00000293863.1,ENSG00000293863,1.2395474184537776,222.1868820129098,-0.998345019697226,0.0017674920867222753,303.33454953320756,106.97344209328115,0.0,1.3241901376677467,0.41685273016850044,-1.0,-0.8646490084158431,-0.9923338336237201,0.02298908216883168,3.0862502050322433,9.132757268740203,-1.0,-0.8646490084158431,221.80560894422175,0.0,92.46027365508557,268,True
artery_tibial,excluded_at_or_below_-1,ENSG00000293863.1,ENSG00000293863,0.9265084567011932,9.869655316260179,-0.9362985807328744,0.02275616226155284,98.44636090526087,14.368456266443848,0.0,3.314340713655065,0.0041179704316375906,-0.9896297586233236,-0.7050952243610444,-0.9104026713661142,0.0487212380906321,1.7574905229088487,3.957233666621441,-0.9896297586233236,-0.7050952243610444,9.869336211569077,0.0,0.040641634699131624,93,True
artery_tibial,raw,ENSG00000293863.1,ENSG00000293863,2.38461535641166,642.018185608734,-0.9967710006918304,0.0016696221401330772,409.2307697303217,247.0570009749759,0.0,2.735046753837947,0.024154090872469985,-1.0,-0.7050952243610444,-0.9879413146701138,0.03539590935244325,3.653252038176697,16.03683099630901,-1.0,-0.7050952243610444,631.2347209533881,0.0,15.246900811766347,691,True
bladder,excluded_at_or_below_-1,ENSG00000293863.1,ENSG00000293863,,,,,,,,,,,,,,,,,,,,,2,False
bladder,raw,ENSG00000293863.1,ENSG00000293863,0.05128205123959712,78.93413663181886,-0.9991755983256493,0.00038578178953470197,1.8974358976125407,264.49969238168575,0.0,3.0221230248224575,0.010449642203523532,-1.0,-0.9270230130490946,-0.99851276402338,0.00951516337866027,6.601072044052582,43.66493256798055,-1.0,-0.9270230130490946,78.50698036538029,0.0,0.8203698552973059,77,True
brain_amygdala,excluded_at_or_below_-1,ENSG00000293863.1,ENSG00000293863,0.19047307937668773,1.7367984180337201,-0.9571939651769578,0.008946509335110884,9.21674488186194,12.307315644560255,0.0,2.972229692616894,0.012070394372420669,-0.9759966986527066,-0.8793361951528529,-0.9464698770259573,0.029173727371547175,1.4441592806845673,0.6681612400689056,-0.9759966986527066,-0.8793361951528529,1.736667985546608,0.0,0.020962267479504915,19,True
brain_amygdala,raw,ENSG00000293863.1,ENSG00000293863,0.4999996038593321,156.93822254682826,-0.9984918221766512,0.0008257756748116865,42.56009794694775,204.0645043323101,0.0,2.5828873352763644,0.036097001301638565,-1.0,-0.8793361951528529,-0.9943808158204043,0.018863369131937483,4.059513784641798,18.045427420742968,-1.0,-0.8793361951528529,154.73968154423343,0.0,5.585638486117315,181,True
brain_anterior_cingulate_cortex_ba24,excluded_at_or_below_-1,ENSG00000293863.1,ENSG00000293863,0.16381849447242733,0.6796714194140594,-0.9662032950931879,0.009330226247113757,8.27453703313731,9.545156523379182,0.0,1.0053469956334027,0.6032881448120248,-0.9728360379657536,-0.9032294470855372,-0.9509585120852386,0.020712967863146765,1.1248529220259127,0.3437725179461779,-0.9728360379657536,-0.9032294470855372,0.6796707760934304,0.0,0.4100373215923547,12,True
brain_anterior_cingulate_cortex_ba24,raw,ENSG00000293863.1,ENSG00000293863,0.3077044543669593,244.91993036609648,-0.998845382579087,0.0001704600328683042,10.307692313446433,793.2730651204307,0.0,9.579228564792462,0.0,-1.0,-0.9032294470855372,-0.9974742581331453,0.011761588963317549,5.2249462781097975,29.40484211829054,-1.0,-0.9032294470855372,240.2140756571973,0.0,0.0,233,True
brain_caudate_basal_ganglia,excluded_at_or_below_-1,ENSG00000293863.1,ENSG00000293863,0.31578945891465,28.13138819288153,-0.9669891257300737,0.0011186165002955717,10.210527802226096,134.69984722172666,0.0,23.547439959995685,0.0,-0.9856147107052088,-0.8604440637263728,-0.9421314245809123,0.03235856754192424,0.8540422877117753,-0.024937138848073026,-0.9856147107052088,-0.8604440637263728,28.11425653979125,0.0,0.0,21,True
brain_caudate_basal_ganglia,raw,ENSG00000293863.1,ENSG00000293863,0.5384615384609149,281.9984834390605,-0.9981856211897752,0.0006224455601072436,55.69230769233166,312.9526357832393,0.0,4.122318938640051,0.00020542300326810596,-1.0,-0.8604440637263728,-0.9959491997206639,0.016993315175756085,4.9158008195906335,26.129352326064033,-1.0,-0.8604440637263728,280.22258990841135,0.0,0.05756416600255265,300,True
brain_cerebellar_hemisphere,excluded_at_or_below_-1,ENSG00000293863.1,ENSG00000293863,0.06823928293723418,6.928620003937482,-0.9701640039888784,0.051568460485105966,74.67337423973409,11.763444775847072,0.0,0.03524618355476511,0.999387645631827,-0.9714492352101408,-0.5412169529691839,-0.9273370753793355,0.07335774324941455,4.597509102486191,21.763214803975647,-0.9714492352101408,-0.5412169529691839,6.928560384846814,0.0,6.924317650630003,33,True
brain_cerebellar_hemisphere,raw,ENSG00000293863.1,ENSG00000293863,0.8461538469704948,274.4295687000822,-0.9950737116306626,0.002324268932359905,195.07692307876695,276.151513509267,0.0,2.9974258688748883,0.011424160087899688,-1.0,-0.5412169529691839,-0.9913434060921229,0.03435127304430899,8.842921274149196,105.85500259279544,-1.0,-0.5412169529691839,268.92662911707197,0.0,3.072260862932656,277,True
brain_cerebellum,excluded_at_or_below_-1,ENSG00000293863.1,ENSG00000293863,0.47695444124004305,1.0307130459470786,-0.9281990143355027,0.014041671098000256,17.887656979797782,6.2897002881039965,0.0,5.292912417675653,8.227915016857146e-07,-0.9807521345267765,-0.8657488264004121,-0.926818908023278,0.03130231707759047,0.40463231694112933,-0.4413215293206685,-0.9807521345267765,-0.8657488264004121,1.0306985063898442,0.0,8.480499718577228e-07,28,True
brain_cerebellum,raw,ENSG00000293863.1,ENSG00000293863,0.7389884208796683,218.13213703690442,-0.9983653254182672,0.001828254583327497,457.90839595730677,102.58311573005545,0.0,1.2644732219654706,0.45016049948565023,-1.0,-0.8657488264004121,-0.9922967271603451,0.02461968984992623,3.3638388120886744,10.879328436264732,-1.0,-0.8657488264004121,217.8498016581616,0.0,98.06737552728784,266,True
brain_cortex,excluded_at_or_below_-1,ENSG00000293863.1,ENSG00000293863,0.32437058116771755,5.676016319726551,-0.9562530199450585,0.0036122914168354985,12.109579754950865,75.36314501120941,0.0,7.226602852977421,4.575628430872329e-12,-0.9747117564140286,-0.763754765711869,-0.9233014575626907,0.053277623214633404,1.6130155938673214,2.154269741567296,-0.9747117564140286,-0.763754765711869,5.666843397395297,0.0,2.5929369762422994e-11,20,True
brain_cortex,raw,ENSG00000293863.1,ENSG00000293863,0.512820512820513,311.72348614931315,-0.9970528913542456,1.2622427386755213e-05,55.74358974358974,26138.662814243824,,330.19330505210553,,-1.0,-0.763754765711869,-0.9943186264861253,0.024606181746764304,5.781038007035726,39.48319882467946,-1.0,-0.763754765711869,0.0,0.0,0.0,270,True
brain_frontal_cortex_ba9,excluded_at_or_below_-1,ENSG00000293863.1,ENSG00000293863,0.31578928438242715,10.921586736353186,-0.9548385127413561,0.0009576553307317277,12.210529087024936,111.74854423557036,0.0,32.60976731743515,0.0,-0.9769206920785836,-0.8791663568972791,-0.9448750348549685,0.025844510039984985,1.1576536521422764,0.5804963626676978,-0.9769206920785836,-0.8791663568972791,10.890976218915338,0.0,0.0,17,True
brain_frontal_cortex_ba9,raw,ENSG00000293863.1,ENSG00000293863,0.4358974358974359,254.79357593902958,-0.9984391128648912,0.00044683678539828676,21.589743589743588,377.49163592398423,0.0,4.940120929921712,5.089289528471512e-06,-1.0,-0.8791663568972791,-0.996516266143251,0.01484764384784953,4.9069060376234335,26.289988859153187,-1.0,-0.8791663568972791,251.2450176836175,0.0,0.0012786586375778675,269,True
brain_hippocampus,excluded_at_or_below_-1,ENSG00000293863.1,ENSG00000293863,0.25926979616402634,3.1972860078651775,-0.9638531422273756,0.0040486647449012765,12.548037905914118,28.87322119713045,0.0,4.418757857925357,5.7580298677846034e-05,-0.9765033314432232,-0.8811937788590879,-0.9508395446217216,0.02890900896715847,1.5089236983632135,0.8639815440999237,-0.9765033314432232,-0.8811937788590879,3.1960699344385173,0.0,0.0001840306614202536,20,True
brain_hippocampus,raw,ENSG00000293863.1,ENSG00000293863,0.5128205128205128,246.606459531906,-0.9986174500441303,0.00045672745638476075,37.743589743589894,363.59134098920924,0.0,4.280935754828499,0.00010484346170918205,-1.0,-0.8811937788590879,-0.9961442780095467,0.01542353652784452,5.031248658299771,28.494397096865686,-1.0,-0.8811937788590879,246.56619015946376,0.0,0.02585085291676248,255,True
brain_hypothalamus,excluded_at_or_below_-1,ENSG00000293863.1,ENSG00000293863,0.3684210122595713,25.87389114085735,-0.9595153762544262,0.0009505590461872977,24.842107369557695,132.2666420269286,0.0,23.11074915681426,0.0,-0.97504919113194,-0.8706127830162878,-0.9522770278008024,0.023923927746202694,1.9772356484889906,4.036666054670737,-0.97504919113194,-0.8706127830162878,25.866046897761514,0.0,0.0,23,True
brain_hypothalamus,raw,ENSG00000293863.1,ENSG00000293863,0.5897157850033563,260.1112543059232,-0.998608486372934,0.000686178323843221,45.43589747178562,263.79915150716823,0.0,2.8679096602786776,0.01668758393391449,-1.0,-0.8706127830162878,-0.99572907252692,0.015345753640864908,4.432499240351732,23.48021752761473,-1.0,-0.8706127830162878,255.12327098936854,0.0,4.257390998129894,257,True
brain_nucleus_accumbens_basal_ganglia,excluded_at_or_below_-1,ENSG00000293863.1,ENSG00000293863,0.5123256151698574,4.6950258487287195,-0.9592682500629903,0.001362207758972277,25.22782751366086,55.60170426510714,0.0,16.91935702145951,0.0,-0.9755654204654424,-0.9057112237572074,-0.9492633333106106,0.02035533019129193,0.6365402803703802,-0.6109501804452693,-0.9755654204654424,-0.9057112237572074,4.6928463506188365,0.0,0.0,27,True
brain_nucleus_accumbens_basal_ganglia,raw,ENSG00000293863.1,ENSG00000293863,1.4571617714023561,240.21976642101004,-0.9988457163406544,0.001224458389124634,390.4810512813086,107.56761006015755,0.0,1.3331638056228132,0.4119593085129243,-1.0,-0.9057112237572074,-0.9951933684188999,0.01610833940805664,3.5518282648853448,12.329018680122804,-1.0,-0.9057112237572074,239.78004686168313,0.0,98.77962230033555,285,True
brain_putamen_basal_ganglia,excluded_at_or_below_-1,ENSG00000293863.1,ENSG00000293863,0.2033223708842402,1.693649719339786,-0.9693252257998942,0.008378116520627704,7.950724052121684,14.654099681518645,0.0,1.5641067618653939,0.2942883171125624,-0.9785913430612933,-0.8825110713445811,-0.9508424400348174,0.02847136381849824,1.104600973138704,-0.048027042112281926,-0.9785913430612933,-0.8825110713445811,1.6936164233251287,0.0,0.4984115270545493,18,True
brain_putamen_basal_ganglia,raw,ENSG00000293863.1,ENSG00000293863,0.46153846153846156,255.52568935678343,-0.9985330818669982,5.933851546186652e-06,21.692307692307693,27651.50080642665,,349.6102830404264,,-1.0,-0.8825110713445811,-0.9965163933882941,0.01463582659572037,5.07124685763169,28.042191534383793,-1.0,-0.8825110713445811,0.0,0.0,0.0,254,True
brain_spinal_cord_cervical_c-1,excluded_at_or_below_-1,ENSG00000293863.1,ENSG00000293863,0.19911822893753744,4.4556195727126715,-0.9500184720452003,0.014183377590255954,10.404505407810372,31.604506693577278,0.0,2.0091271852274626,0.13288982394054505,-0.9701683350171773,-0.6330517394983946,-0.9162837516243864,0.07684339362915131,2.6918961459865924,7.016328693469692,-0.9701683350171773,-0.6330517394983946,4.455347174620589,0.0,0.5920703016293348,21,True
brain_spinal_cord_cervical_c-1,raw,ENSG00000293863.1,ENSG00000293863,0.5384615384615382,237.67377468046377,-0.9954407948543172,5.377344814555667e-05,61.69230769230771,9530.642624082271,0.0,119.904710838197,0.0,-1.0,-0.6330517394983946,-0.9913821509025104,0.03510183805462345,6.762119199453663,57.25584656386151,-1.0,-0.6330517394983946,2.218636385720174e-09,0.0,0.0,204,True
brain_substantia_nigra,excluded_at_or_below_-1,ENSG00000293863.1,ENSG00000293863,0.21812961195200428,1.2475614859899418,-0.9645950462785045,0.013929481116050661,10.995527859296024,9.758875332144704,0.0,0.7730173317779285,0.7417242682203926,-0.972208981409569,-0.8684737296190197,-0.9429483224377062,0.028166958850161034,1.1420391172138662,0.5929399052553115,-0.972208981409569,-0.8684737296190197,1.2475612532385099,0.0,0.9253464576184496,18,True
brain_substantia_nigra,raw,ENSG00000293863.1,ENSG00000293863,0.4665548900855632,161.9981253197798,-0.998367643613818,0.0014709027654306157,32.274177726119845,124.88774863876849,0.0,1.5694446935716257,0.2930597793701006,-1.0,-0.8684737296190197,-0.9943883595840368,0.0190881048829221,3.9006832743759188,16.284455228006635,-1.0,-0.8684737296190197,161.3192152755313,0.0,47.27617363680495,183,True
breast_mammary_tissue,excluded_at_or_below_-1,ENSG00000293863.1,ENSG00000293863,0.3807907697185195,9.094578612707165,-0.951365098494643,0.018336607094919678,33.86027657730616,21.205529773020473,0.0,1.557283022184112,0.2974334111469598,-0.9715567355098208,-0.6764154883134084,-0.9308326848858999,0.047389437823020256,3.385757851635424,14.321146587538507,-0.9715567355098208,-0.6764154883134084,9.094575898300537,0.0,2.7050307323664544,53,True
breast_mammary_tissue,raw,ENSG00000293863.1,ENSG00000293863,1.3589743671922205,482.7066101078328,-0.995587218667681,0.0016629654318482295,250.9743595425035,271.4289672825236,0.0,3.752702905565905,0.0008775406260681365,-1.0,-0.6764154883134084,-0.9928679616711141,0.025902522925955268,5.925667621884273,51.428565302317274,-1.0,-0.6764154883134084,481.25958104211963,0.0,0.4223248340489907,514,True
cells_cultured_fibroblasts,excluded_at_or_below_-1,ENSG00000293863.1,ENSG00000293863,0.4553084411959968,169138374502.14658,-1.1887671263285566,0.046490937715910056,30.795544968437753,8.75432748518384,0.0,-7.020241604401847,1.0,-0.9579833014066584,-0.9009768627594478,-0.9393468965613533,0.01760183246509181,0.7603311302754792,-0.7252307120521686,-0.9579833014066584,-0.9009768627594478,3.360486517936934,0.0,3.3604865179367316,29,True
cells_cultured_fibroblasts,raw,ENSG00000293863.1,ENSG00000293863,0.7435690968618015,658.1209028821575,-0.9988816466941941,0.0005045447190012177,65.43589745690329,274.4222029234868,0.0,3.1346882704997263,0.007393103328817921,-1.0,-0.9009768627594478,-0.997302239264232,0.01303516787815667,5.035704287242911,25.475359992781136,-1.0,-0.9009768627594478,654.2313772638996,0.0,4.83680017306703,652,True
cells_ebv-transformed_lymphocytes,excluded_at_or_below_-1,ENSG00000293863.1,ENSG00000293863,0.16244329525415918,814918669263.531,-2.097882181322047,0.23057781028369637,28.373875672219647,11.491480689599996,0.0,-6.92687259844831,1.0,-0.9685031692977066,-0.2242751640911413,-0.9170897733924362,0.11464684734345114,5.270684910992394,28.90986011462092,-0.9685031692977066,-0.2242751640911413,31.04917243371757,0.0,31.04917243371735,44,True
cells_ebv-transformed_lymphocytes,raw,ENSG00000293863.1,ENSG00000293863,,,,,,,,,,,,,,,,,,,,,327,False
cervix_ectocervix,excluded_at_or_below_-1,ENSG00000293863.1,ENSG00000293863,,,,,,,,,,,,,,,,,,,,,2,False
cervix_ectocervix,raw,ENSG00000293863.1,ENSG00000293863,0.05128205128515764,23.960271506842098,-0.9984925003797462,0.0006119697916116753,1.8974358977393138,308.71579274962585,0.0,3.4837118391429236,0.0023471307884545644,-1.0,-0.8649025360470609,-0.9908504003972917,0.03188376665308397,3.300612670958072,9.46833956288507,-1.0,-0.8649025360470609,23.637505191798557,0.0,0.05548031619792482,24,True
cervix_endocervix,excluded_at_or_below_-1,ENSG00000293863.1,ENSG00000293863,,,,,,,,,,,,,,,,,,,,,3,False
cervix_endocervix,raw,ENSG00000293863.1,ENSG00000293863,0.07692307692307691,23.0926383808588,-0.99919105266511,6.171334387813877e-05,2.7692307692307696,1507.9504000022473,0.0,18.537713569792125,0.0,-1.0,-0.9333872277955784,-0.9935195279524444,0.017857521169198223,2.538796873457527,4.9871849068889045,-1.0,-0.9333872277955784,18.08793816332824,0.0,0.0,23,True
colon_sigmoid,excluded_at_or_below_-1,ENSG00000293863.1,ENSG00000293863,0.6413854242724556,7.4044934983696615,-0.9568036061715909,0.004387905986582219,44.31632039710328,52.96176682336087,0.0,2.197511075052148,0.08941661238268307,-0.9636218635114664,-0.79247817478891,-0.9278354397228676,0.038449232937121845,1.554406930633261,2.18398767326783,-0.9636218635114664,-0.79247817478891,7.403911015268014,0.0,0.6620326413680978,39,True
colon_sigmoid,raw,ENSG00000293863.1,ENSG00000293863,0.999999997134392,424.9974428087151,-0.997651616435807,0.0007257802557392227,140.00000002928223,399.78913937287166,0.0,4.57592482004523,2.8707206512546614e-05,-1.0,-0.79247817478891,-0.9932830122892407,0.023980348315749876,4.370415261227958,21.997930601902606,-1.0,-0.79247817478891,420.2717565124312,0.0,0.012064828105593062,419,True
colon_transverse,excluded_at_or_below_-1,ENSG00000293863.1,ENSG00000293863,0.32278433480316876,2.5366741465293625,-0.9551832146884546,0.02042532313741235,44.13208753729671,9.257084593281617,0.0,1.9988869002816678,0.1356401528332356,-0.984052907314569,-0.8214842111158556,-0.9384881857797158,0.03394309529504838,1.4417868487412462,2.2734116879790722,-0.984052907314569,-0.8214842111158556,2.5366117829340986,0.0,0.3440664099157674,35,True
colon_transverse,raw,ENSG00000293863.1,ENSG00000293863,0.8974358968851157,544.0984642489435,-0.9982204700279488,0.0009973182103870687,61.58974362402397,250.6149107811436,0.0,2.5234026561569474,0.041431824600151324,-1.0,-0.8214842111158556,-0.9955053997960126,0.018405342825161205,5.050849210147646,29.815930531686874,-1.0,-0.8214842111158556,544.0579308360029,0.0,22.541312762718533,479,True
esophagus_gastroesophageal_junction,excluded_at_or_below_-1,ENSG00000293863.1,ENSG00000293863,0.14589447413457984,8.64456926221652,-0.9463696172610971,0.02172589846134916,18.795980208595783,30.457538799397746,0.0,2.5045893229497036,0.043450770339232864,-0.9848464461966614,-0.4784647597882731,-0.9258852385925681,0.08432504069086016,4.864242553860485,23.411213637444625,-0.9848464461966614,-0.4784647597882731,8.641482490126668,0.0,0.3754790710689959,32,True
esophagus_gastroesophageal_junction,raw,ENSG00000293863.1,ENSG00000293863,0.789473114396512,774.8009739373831,-1.0001401980153661,0.007749057680525979,172.31578370085393,95.20647675029389,0.0,-0.02558632841855516,1.0,-1.0,-0.4784647597882731,-0.994114956910576,0.030836215726054134,12.248929836549177,193.49389223585538,-1.0,-0.4784647597882731,774.5473997598456,0.0,774.5473997598464,403,True
esophagus_mucosa,excluded_at_or_below_-1,ENSG00000293863.1,ENSG00000293863,0.4178258799888896,2.7656134678407165,-0.9511099801477466,0.006397899332779022,16.87971974870814,30.182146206992915,0.0,3.266393253449023,0.004823379021558549,-0.9658871367051818,-0.8145660109642472,-0.9210102263920276,0.043742801227994364,1.248495657588705,0.3011674348387481,-0.9658871367051818,-0.8145660109642472,2.764557513859467,0.0,0.01333450871624181,25,True
esophagus_mucosa,raw,ENSG00000293863.1,ENSG00000293863,0.6410195957753303,818.0805315493886,-0.9982470926462307,0.0009841297620909084,40.97435913910385,263.9532781877455,0.0,2.5189618775648523,0.04237049306761025,-1.0,-0.8145660109642472,-0.99678380400619,0.017860974224525792,6.806184825701682,52.0626289236093,-1.0,-0.8145660109642472,808.903306767193,0.0,34.273631951745536,614,True
esophagus_muscularis,excluded_at_or_below_-1,ENSG00000293863.1,ENSG00000293863,0.40358699314791463,2.9831019691691836,-0.9439311792900302,0.0158337156186865,53.658734064090254,9.06899489497719,0.0,2.4080540041435228,0.05505937489085002,-0.9708920593936456,-0.842393554468055,-0.930905668904772,0.028230547733054556,1.2949124995289447,1.266134913696182,-0.9708920593936456,-0.842393554468055,2.983045556654604,0.0,0.1642446236203302,42,True
esophagus_muscularis,raw,ENSG00000293863.1,ENSG00000293863,1.0769247794070733,553.2762388935594,-0.9981832042263203,0.0005965216409788422,90.76923076934382,369.340892987498,0.0,4.307198677626934,9.38116424405906e-05,-1.0,-0.842393554468055,-0.9948271623778975,0.019738163535903904,4.263551744119025,19.544326971115115,-1.0,-0.842393554468055,552.3040833193143,0.0,0.05181255318282885,561,True
fallopian_tube,excluded_at_or_below_-1,ENSG00000293863.1,ENSG00000293863,,,,,,,,,,,,,,,,,,,,,3,False
fallopian_tube,raw,ENSG00000293863.1,ENSG00000293863,0.0769230751660597,28.94092528837826,-0.9987453001063705,0.0007258477018449476,2.7692307801421436,230.66840839350903,0.0,2.444608699275317,0.05068875386974022,-1.0,-0.8803543168946785,-0.9900105859393288,0.030405612408433414,2.765834881636348,6.022281950005343,-1.0,-0.8803543168946785,28.76766626200363,0.0,1.458197154561496,29,True
heart_atrial_appendage,excluded_at_or_below_-1,ENSG00000293863.1,ENSG00000293863,0.23038540996131218,5.379450930420411,-0.9686402791281439,0.008417269849126958,9.725804654271528,25.520693245085976,0.0,3.1758898028546168,0.006454097502885864,-0.9875428849247254,-0.8167434457954084,-0.9483466456932412,0.044348375466811356,2.000318313121556,2.983066748132396,-0.9875428849247254,-0.8167434457954084,5.378924082957507,0.0,0.034716100492028695,28,True
heart_atrial_appendage,raw,ENSG00000293863.1,ENSG00000293863,0.717948717948718,438.6991846324517,-0.9977603891211606,0.0004209275703334262,87.89743591994997,608.1726033479348,0.0,7.524544131866472,5.357419949753865e-13,-1.0,-0.8167434457954084,-0.9968627029922142,0.016370140878732085,7.708737754395862,69.97408411978596,-1.0,-0.8167434457954084,415.53030750698787,0.0,2.2261703591652804e-10,461,True
heart_left_ventricle,excluded_at_or_below_-1,ENSG00000293863.1,ENSG00000293863,0.1713562265839724,1.3052361795304366,-0.9681915881564516,0.009537413368209742,15.281479066726805,7.144858412806445,0.0,1.553042558874634,0.29940132884839693,-0.9786652600660566,-0.9200068797409,-0.9609576600344278,0.016246205147994505,1.3891518417498367,0.9314880781395889,-0.9786652600660566,-0.9200068797409,1.3052358842464595,0.0,0.39078935820400235,21,True
heart_left_ventricle,raw,ENSG00000293863.1,ENSG00000293863,0.5384379819256996,518.8646241569993,-0.9991804196157175,0.0004172587485623955,29.692307725187227,268.3425913964043,0.0,2.777800822393308,0.021149007113469738,-1.0,-0.9200068797409,-0.9981860859750508,0.008909742759632076,5.607666003371607,34.65074316951545,-1.0,-0.9200068797409,517.8660533237089,0.0,10.952352845567866,452,True
kidney_cortex,excluded_at_or_below_-1,ENSG00000293863.1,ENSG00000293863,,,,,,,,,,,,,,,,,,,,,5,False
kidney_cortex,raw,ENSG00000293863.1,ENSG00000293863,0.1282051282051282,118.21867954589092,-0.998301970283332,0.00017964762898050297,4.358974358974385,1103.8327585586753,0.0,13.367149170029284,0.0,-1.0,-0.8580820324025789,-0.996983230713635,0.0162589421125524,6.823668284900895,51.46267091427812,-1.0,-0.8580820324025789,112.62391225056061,0.0,0.0,104,True
kidney_medulla,excluded_at_or_below_-1,ENSG00000293863.1,ENSG00000293863,,,,,,,,,,,,,,,,,,,,,0,False
kidney_medulla,raw,ENSG00000293863.1,ENSG00000293863,0.0,11.0,-0.9875,1.0001e-06,0.0,-17675.90193946968,0.0,,,-1.0,-1.0,-1.0,0.0,,,,-1.0,8.983579622590726e-189,0.0,,11,True
liver,excluded_at_or_below_-1,ENSG00000293863.1,ENSG00000293863,0.2564102564102564,13.28464000005492,-0.9714571939908799,5.445501219027498e-05,11.435897435897438,1218.5980496316242,0.0,17.466074446210552,0.0,-0.9721297340669974,-0.9245344565675566,-0.9542638824646517,0.014797093666139974,0.5934760121248884,-0.6492041659199126,-0.9721297340669974,-0.9245344565675566,8.39812577058689,0.0,0.0,12,True
liver,raw,ENSG00000293863.1,ENSG00000293863,0.30768122006726284,262.08118838994244,-0.9991225138704326,0.00029916470654204995,12.30769231248679,352.5932034164006,0.0,4.148058771946974,0.00018355834366807884,-1.0,-0.9245344565675566,-0.9979052159907473,0.010049745179895217,5.032727463657594,25.553114645489472,-1.0,-0.9245344565675566,262.0241143962738,0.0,0.04809671243967523,262,True
lung,excluded_at_or_below_-1,ENSG00000293863.1,ENSG00000293863,0.3618665391625572,20.89291945974018,-0.9325737149862017,0.029773695660113272,70.52298067438356,31.381423458378723,0.0,2.00541020070072,0.13387692354747543,-0.9747939811312646,-0.2718948922891164,-0.9068380509717117,0.09181623153940506,5.116741868040819,30.06619804329631,-0.9747939811312646,-0.2718948922891164,20.892905786270834,0.0,2.7970779506331875,76,True
lung,raw,ENSG00000293863.1,ENSG00000293863,1.9473680686839077,553.0510745751229,-0.9923431249731515,0.006456557748678505,953.8947368422901,157.803538868374,0.0,1.6771253243388418,0.24580859402678856,-1.0,-0.2718948922891164,-0.988277635552732,0.04477479821082637,9.055627606515964,120.3982403553512,-1.0,-0.2718948922891164,551.2992683962253,0.0,135.51409805247357,604,True
minor_salivary_gland,excluded_at_or_below_-1,ENSG00000293863.1,ENSG00000293863,0.3116613277418556,3.873184003700352,-0.9524353154003443,0.004300461909753077,12.408222008503348,40.53180460125634,0.0,4.976282467534615,4.197703539303633e-06,-0.9675676219862704,-0.8291827272065447,-0.9258934734873383,0.040361157313156815,1.0893588099419882,0.01771505080111746,-0.9675676219862704,-0.8291827272065447,3.8703938387150663,0.0,1.6246765915273187e-05,21,True
minor_salivary_gland,raw,ENSG00000293863.1,ENSG00000293863,0.5752850342963687,152.18976093394824,-0.9978769434959658,0.0020041783021229652,92.49642818493611,119.03613980736642,0.0,1.4980978980309712,0.3268865973055102,-1.0,-0.8291827272065447,-0.9914020052112381,0.027338136264627874,3.7089351447717775,14.455798881446139,-1.0,-0.8291827272065447,151.58120361721458,0.0,49.54986386590496,181,True
muscle_skeletal,excluded_at_or_below_-1,ENSG00000293863.1,ENSG00000293863,0.5547771467185127,3.0993157062215335,-0.9643060872754853,0.010110050167367607,46.41999012635648,16.08382765363364,0.0,1.9799575403705827,0.14084967394234915,-0.97846057609881,-0.8493246525134903,-0.9412385044928664,0.029966640292283735,1.0610533801698339,0.6411226939794314,-0.97846057609881,-0.8493246525134903,3.0991488706907067,0.0,0.43651410793558565,39,True
muscle_skeletal,raw,ENSG00000293863.1,ENSG00000293863,0.9999292119622475,1108.6558268175515,-0.9985372823197758,0.0007069477085776951,58.000000195428186,298.4924092532276,0.0,2.9260936221974165,0.013888752266722603,-1.0,-0.8493246525134903,-0.9971984128058945,0.014097371226913165,5.95262359219467,39.57392852287409,-1.0,-0.8493246525134903,1103.8591162380958,0.0,15.331225802794247,818,True
nerve_tibial,excluded_at_or_below_-1,ENSG00000293863.1,ENSG00000293863,0.5172408434909971,4.7388485437020735,-0.931133046787271,0.02898155582009258,79.42663455478313,7.998880332263865,0.0,2.4040381080755866,0.055594420347571526,-0.9803991311160828,-0.7672115550015859,-0.9101324226166572,0.0479837269168373,1.5772398627477842,2.096414629487745,-0.9803991311160828,-0.7672115550015859,4.738719760998151,0.0,0.2634463783022749,66,True
nerve_tibial,raw,ENSG00000293863.1,ENSG00000293863,1.6923293037653855,622.773548077485,-0.9971869186667038,0.0005294095569219132,198.30769232590745,614.3339765112437,0.0,7.514593799055489,5.638932561067624e-13,-1.0,-0.7672115550015859,-0.9911473729741781,0.030691561100031968,4.257804985226694,20.809621436247944,-1.0,-0.7672115550015859,603.9760301262843,0.0,3.40578010238346e-10,670,True
ovary,excluded_at_or_below_-1,ENSG00000293863.1,ENSG00000293863,0.29931440755940836,610513762434.9493,-2.1594397303476542,0.23839990388247959,22.999886661839565,9.153271050310323,0.0,-7.130707625341494,1.0,-0.9573864777661352,-0.6164344893693638,-0.8898753797690134,0.07565003010506162,1.9653177773094028,4.461689578123068,-0.9573864777661352,-0.6164344893693638,5.551515666759379,0.0,5.55151566675928,27,True
ovary,raw,ENSG00000293863.1,ENSG00000293863,0.6923076923085111,175.24418472175947,-0.9956503790001314,0.0018416586147469503,52.30769231240444,291.2006871897366,0.0,3.3400832054003327,0.0037995230579115505,-1.0,-0.6164344893693638,-0.984593965045406,0.04734783773340557,4.246920045991037,22.559661966496794,-1.0,-0.6164344893693638,174.3355977487294,0.0,0.6623921234610902,193,True
pancreas,excluded_at_or_below_-1,ENSG00000293863.1,ENSG00000293863,0.24007471452286733,5.457510662632733,-0.9684991176722073,0.012955204553739455,9.268116323104538,27.385306844071817,0.0,0.7998639620849257,0.7262280625692232,-0.9758264418611976,-0.7176301814865469,-0.9292295127590606,0.06947082776781682,2.0196145957955323,3.0190580839751107,-0.9758264418611976,-0.7176301814865469,5.457510656063383,0.0,3.9633973902038013,25,True
pancreas,raw,ENSG00000293863.1,ENSG00000293863,0.6410256410256215,340.0644973241306,-0.9966001490546625,0.0012397887536702743,70.97435897436006,318.2180113036711,0.0,3.8781730377128416,0.0005456120205989822,-1.0,-0.7176301814865469,-0.9951125354115372,0.025372190275152647,7.799750761708678,70.15619700340336,-1.0,-0.7176301814865469,337.8576531326058,0.0,0.18433919680050825,362,True
pituitary,excluded_at_or_below_-1,ENSG00000293863.1,ENSG00000293863,0.28569563703216805,0.8149280529905675,-0.9500036304967973,0.019111723635970957,17.561291662192396,4.133483913313021,0.0,1.2343624706175742,0.46671082996501223,-0.9666848411941908,-0.894143607437473,-0.9393019665792284,0.019079571903327028,0.7614783474973631,-0.15710639327226916,-0.9666848411941908,-0.894143607437473,0.8147670333437746,0.0,0.38026059836000387,25,True
pituitary,raw,ENSG00000293863.1,ENSG00000293863,1.4048831114739477,272.62293851061037,-0.9986992055097217,0.0013288479103953175,286.0055409927163,111.27228606004765,0.0,1.3843579807900712,0.38445726901103267,-1.0,-0.894143607437473,-0.9951519142635166,0.01730998223509783,3.6583160196412905,12.878741122562781,-1.0,-0.894143607437473,271.9963871030341,0.0,104.57098816649933,313,True
prostate,excluded_at_or_below_-1,ENSG00000293863.1,ENSG00000293863,0.09069907794647133,0.7181995401237926,-0.9630332273379494,0.07626306325705069,13.498126112096411,2.566794736079858,0.0,0.08753843767608632,0.9960291223605097,-0.9677538364365584,-0.8246159228135567,-0.9181303906649918,0.03747507409523593,0.8145816105710588,0.16921966181974124,-0.9677538364365584,-0.8246159228135567,0.6915560257097804,0.0,0.6888099413508348,18,True
prostate,raw,ENSG00000293863.1,ENSG00000293863,0.46153846153021066,282.6269710886884,-0.9980408337127901,0.00088161604051614,17.692307692631243,278.19351029894455,0.0,3.142728134454799,0.007242010120186662,-1.0,-0.8246159228135567,-0.9947742802552123,0.022065978015920338,4.7330707967734345,23.81858610853155,-1.0,-0.8246159228135567,279.671111628018,0.0,2.025381020734011,282,True
skin_not_sun_exposed_suprapubic,excluded_at_or_below_-1,ENSG00000293863.1,ENSG00000293863,1.2975785916046005,18.669441898893435,-0.9500042419786624,0.017558103460400522,208.24937189747772,34.44009036603937,0.0,1.5297910760305613,0.31045292792998297,-0.9689972927458108,-0.5224148835385183,-0.9044960224811177,0.06908140525252766,2.537676959146375,8.885695251276696,-0.9689972927458108,-0.5224148835385183,18.661837924572108,0.0,5.793622224238208,101,True
skin_not_sun_exposed_suprapubic,raw,ENSG00000293863.1,ENSG00000293863,2.5897406471573294,729.8443847527475,-0.9951612166982615,0.0021088910682226687,945.4358979860506,317.02172103185546,0.0,3.2448679184128246,0.005175057929009283,-1.0,-0.5224148835385183,-0.9851829466522164,0.043949659954384865,4.534651908579903,28.641461639282497,-1.0,-0.5224148835385183,729.3488733183896,0.0,3.774422669880329,651,True
skin_sun_exposed_lower_leg,excluded_at_or_below_-1,ENSG00000293863.1,ENSG00000293863,1.2476492530415075,16.313585305533508,-0.9453842627738999,0.02297604862626375,167.0733568425797,24.44346944718347,0.0,1.7435731619348047,0.21870960053399496,-0.9737112586519764,-0.5482629527005661,-0.9017690607525892,0.0720593403625033,2.3630924782517013,7.008923978744043,-0.9737112586519764,-0.5482629527005661,16.313369454801112,0.0,3.5678905168230264,110,True
skin_sun_exposed_lower_leg,raw,ENSG00000293863.1,ENSG00000293863,2.8205128348460047,815.2795992691916,-0.9951061823520699,0.0015361320764823642,829.7435897435896,411.37853007720025,0.0,4.505409004499157,4.142267919149975e-05,-1.0,-0.5482629527005661,-0.9856692263697411,0.04422210809824633,4.632510888757413,28.54738769157097,-1.0,-0.5482629527005661,769.5900670667443,0.0,0.03187848245707148,754,True
small_intestine_terminal_ileum,excluded_at_or_below_-1,ENSG00000293863.1,ENSG00000293863,0.06232836921070099,2.280230347140157,-1.0270949534227907,0.1014583732804225,13.539887519401358,3.7325368301625055,0.0,-0.7415601383250031,1.0,-0.9738940173507248,-0.7593156553922396,-0.9232351586193662,0.05061747872840063,1.7834262630697724,3.451669367538635,-0.9738940173507248,-0.7593156553922396,1.7299247076130744,0.0,1.7299247076130706,20,True
small_intestine_terminal_ileum,raw,ENSG00000293863.1,ENSG00000293863,0.5128205128205128,211.17442725167228,-0.9971337853916945,0.000403693825477278,23.743589743589748,833.1205572089365,0.0,10.040875822032133,0.0,-1.0,-0.7593156553922396,-0.9925831071129823,0.027443688084264374,4.945077530303421,29.85278677245867,-1.0,-0.7593156553922396,207.492077881285,0.0,0.0,207,True
spleen,excluded_at_or_below_-1,ENSG00000293863.1,ENSG00000293863,0.26725982478134186,9.803704354111604,-0.9494825394036757,0.011664396515188151,9.250381278222708,52.819294763005274,0.0,1.1548854038404783,0.5133774679445138,-0.9590080040424064,-0.5138303761374357,-0.8970984911083418,0.10373797022733368,2.4662206935204587,5.5960456221078445,-0.9590080040424064,-0.5138303761374357,9.802368704318267,0.0,5.032315225281457,27,True
spleen,raw,ENSG00000293863.1,ENSG00000293863,0.6923072799604263,362.8208109808449,-0.9955463294301963,0.0026502989566761503,104.30769232286755,257.0461844095088,0.0,2.376502207908438,0.06071205599167513,-1.0,-0.5138303761374357,-0.9899698890250008,0.04414358639049702,7.155554204877361,61.64987055569259,-1.0,-0.5138303761374357,354.8306705299963,0.0,21.54249953678102,277,True
stomach,excluded_at_or_below_-1,ENSG00000293863.1,ENSG00000293863,0.5844963189302999,3.870305156153153,-0.958553093430334,0.005979505167413097,22.854491836007323,32.574018906309455,0.0,3.964883493808969,0.00038581578083991174,-0.9753172102300898,-0.8208252993008193,-0.9313073905017896,0.03909102281789592,1.6590524250713823,2.0653284901740374,-0.9753172102300898,-0.8208252993008193,3.870305134444547,0.0,0.0014932247975344426,34,True
stomach,raw,ENSG00000293863.1,ENSG00000293863,0.8717948717921351,382.4116802786316,-0.9976270252910906,0.0008073156448524018,58.35897435914728,309.71206905339534,0.0,4.156853689019711,0.00017704582121597057,-1.0,-0.8208252993008193,-0.9942615510492895,0.022053454730520054,4.864761626781528,27.519704142714293,-1.0,-0.8208252993008193,382.176831575738,0.0,0.06766281099604421,407,True
testis,excluded_at_or_below_-1,ENSG00000293863.1,ENSG00000293863,0.3702867036817659,30.02100374407415,-0.9393666636167601,0.08278099173548333,168.9594507468401,17.854934367491587,0.0,0.6319620237453623,0.8190747699942295,-0.9763585610618806,0.1057719304670816,-0.8899293509235592,0.10716539190636906,6.228068722941672,53.53685741766025,-0.9763585610618806,0.1057719304670816,30.017758808475907,0.0,24.586788891794658,135,True
testis,raw,ENSG00000293863.1,ENSG00000293863,2.6547281498616324,276.79917101719786,-0.9865384110047214,0.01885650622348361,1690.6816068106998,81.92186192508926,0.0,1.0096017524448049,0.6011987884501936,-1.0,0.1057719304670816,-0.9641073970402909,0.07996918157982591,6.67422564691638,77.16726738426742,-1.0,0.1057719304670816,276.5727829816852,0.0,166.27522204688745,414,True
thyroid,excluded_at_or_below_-1,ENSG00000293863.1,ENSG00000293863,0.308636612924758,16.02962458011304,-0.9388180891837465,0.021272513716172805,80.16019243068789,31.849321139045475,0.0,2.2368832503689773,0.08194813024487056,-0.9724651499184092,-0.4597425529229816,-0.9132332805230582,0.08419795519052174,4.334435429060816,19.294453164511395,-0.9724651499184092,-0.4597425529229816,16.02714742457057,0.0,1.3133947646024504,59,True
thyroid,raw,ENSG00000293863.1,ENSG00000293863,1.5526330269722945,527.7623182501063,-0.9932620979086978,0.006412129058647749,9777.430043343764,117.6692748085518,0.0,1.4860637445546399,0.33293350474115807,-1.0,-0.4597425529229816,-0.9925157361854685,0.03458697494713395,9.764038549138537,129.08430462863103,-1.0,-0.4597425529229816,525.4556523900068,0.0,174.94179193625664,684,True
uterus,excluded_at_or_below_-1,ENSG00000293863.1,ENSG00000293863,0.15600270804169122,3.374107752617826,-0.9386488428651081,0.011284511852887057,6.54617263050798,32.780019015059715,0.0,1.129387309262723,0.528478111916414,-0.9476606249728184,-0.67708543903762,-0.8967188499887275,0.07148294071963417,2.078457723165634,3.9778071585700827,-0.9476606249728184,-0.67708543903762,3.374094400801158,0.0,1.7831350383631404,15,True
uterus,raw,ENSG00000293863.1,ENSG00000293863,0.3846146334260001,157.95571350543082,-0.9967093292826703,0.002008599367168471,27.230769747412502,225.0406167757629,0.0,2.316893669199951,0.06834293367846997,-1.0,-0.67708543903762,-0.9898743970577184,0.037684243170196245,5.210245973763165,33.32653885350675,-1.0,-0.67708543903762,157.83239325628912,0.0,10.786728784628792,153,True
vagina,excluded_at_or_below_-1,ENSG00000293863.1,ENSG00000293863,0.11000918331543183,397783934305.59607,-1.9270230005607834,0.18846381287095607,7.622415348455077,8.84871713431313,0.0,-7.238466731992036,1.0,-0.9623956798033478,-0.7478072056345765,-0.902578123118636,0.07240368163504551,1.2002627936343475,0.10534618603137202,-0.9623956798033478,-0.7478072056345765,1.6677445256161698,0.0,1.6677445256161225,10,True
vagina,raw,ENSG00000293863.1,ENSG00000293863,0.25641025641025605,188.82700080175323,-0.9973014454634127,0.0011097363235701623,9.43589743590532,317.9477234418901,0.0,3.4389542302874494,0.002769567229781455,-1.0,-0.7478072056345765,-0.9942693013599198,0.028420750899523436,6.345671168990807,44.48324113519913,-1.0,-0.7478072056345765,184.323499425543,0.0,0.5104963236876392,170,True
whole_blood,excluded_at_or_below_-1,ENSG00000293863.1,ENSG00000293863,0.6584006111835112,8.14541260325129,-0.9295056037908647,0.02748695134562342,62.936696202449866,15.46686499612091,0.0,2.7711760456722296,0.021499873353281122,-0.983366762504215,-0.6288883724695159,-0.8970533063708738,0.06474282441198116,2.172506530865224,5.191478841203855,-0.983366762504215,-0.6288883724695159,8.145411759037527,0.0,0.17512532122963365,71,True
whole_blood,raw,ENSG00000293863.1,ENSG00000293863,1.8205128317489412,1012.9186411248572,-0.9964029837840994,0.001821141949219253,293.7435897436086,285.3946381907141,0.0,2.793274362156966,0.020306229569560758,-1.0,-0.6288883724695159,-0.9908976148845978,0.03494460494419705,5.312965115859843,35.78973479212598,-1.0,-0.6288883724695159,1008.508635184622,0.0,20.479007868943327,803,True
adipose_subcutaneous,excluded_at_or_below_-1,ENSG00000293864.1,ENSG00000293864,,,,,,,,,,,,,,,,,,,,,7,False
adipose_subcutaneous,raw,ENSG00000293864.1,ENSG00000293864,0.17948717832103614,719.2678053610698,-0.9918219298980914,0.003676606613386537,7.7435897600707735,263.45930749425867,0.0,3.1457098537676185,0.00710262053301778,-1.0,-0.3068926815416929,-0.9960885223036119,0.0422153105139888,11.922023133725926,153.06050545726265,-1.0,-0.3068926815416929,718.9414985638007,0.0,5.106368649737823,714,True
adipose_visceral_omentum,excluded_at_or_below_-1,ENSG00000293864.1,ENSG00000293864,0.044665862844321794,3032621552259.045,-7.4755683164248685,1.2664222524342565,5.922433360801745,8.629162311905045,0.0,-7.50639892717179,1.0,-0.753619885194184,0.2518099681715398,-0.5516963903185399,0.2973124808156678,2.1971710153367177,3.660376399649759,-0.753619885194184,0.2518099681715398,1.763533902546029,0.0,1.7635339025460106,10,True
adipose_visceral_omentum,raw,ENSG00000293864.1,ENSG00000293864,0.25641025783350685,651.5722475089868,-0.9864435396458114,0.0059872166047051515,11.435897438794552,292.4823035524026,0.0,3.2021106561603907,0.006109703576702954,-1.0,0.2518099681715398,-0.9923628005164997,0.06876625870187614,12.606490604174573,195.338688384922,-1.0,0.2518099681715398,633.0244068334841,0.0,3.8675914825708015,587,True
adrenal_gland,excluded_at_or_below_-1,ENSG00000293864.1,ENSG00000293864,,,,,,,,,,,,,,,,,,,,,1,False
adrenal_gland,raw,ENSG00000293864.1,ENSG00000293864,0.02564102564320474,313.46192418937034,-0.9968392145888759,0.0012600367072835015,0.9743589802729848,308.9184889745012,0.0,3.5475360125019026,0.0018601479508781557,-1.0,-0.7215988647415349,-0.9990562673381068,0.01620914076845324,17.088107015130255,290.0034013605438,-1.0,-0.7215988647415349,311.7717250974517,0.0,0.5799415355817649,295,True
artery_aorta,excluded_at_or_below_-1,ENSG00000293864.1,ENSG00000293864,,,,,,,,,,,,,,,,,,,,,7,False
artery_aorta,raw,ENSG00000293864.1,ENSG00000293864,-0.09446396407006245,431.6697023274979,-0.9867695346549364,0.011802699592217794,1133.144530801822,125.39768666400936,0.0,1.5852901602132887,0.28609348522877054,-1.0,0.0597705810902546,-0.9917733492340187,0.07267879549446978,10.241914175276502,117.87907849039803,-1.0,0.0597705810902546,429.45841805695676,0.0,122.8652555827491,472,True
artery_coronary,excluded_at_or_below_-1,ENSG00000293864.1,ENSG00000293864,,,,,,,,,,,,,,,,,,,,,6,False
artery_coronary,raw,ENSG00000293864.1,ENSG00000293864,0.15384615384615305,371.3964462227067,-0.9927018791228127,0.003409745833359118,7.07692307692309,306.0146016041818,0.0,3.0269416046733704,0.010266876017481368,-1.0,-0.254884027188203,-0.9898473456148491,0.07115454675360892,7.670466151049259,62.659273971923966,-1.0,-0.254884027188203,370.5227431191121,0.0,3.8041110652610097,268,True
artery_tibial,excluded_at_or_below_-1,ENSG00000293864.1,ENSG00000293864,,,,,,,,,,,,,,,,,,,,,8,False
artery_tibial,raw,ENSG00000293864.1,ENSG00000293864,0.20512820512079077,758.8554395945104,-0.9942993105198163,0.002283845538788509,8.358974383768778,315.6387781612397,0.0,3.53000771761034,0.0020082163809997337,-1.0,-0.4845670928747245,-0.9953989323547043,0.04347309859418437,9.620909854830213,92.66613049581478,-1.0,-0.4845670928747245,743.8522139143261,0.0,1.4938162010256673,691,True
bladder,excluded_at_or_below_-1,ENSG00000293864.1,ENSG00000293864,,,,,,,,,,,,,,,,,,,,,2,False
bladder,raw,ENSG00000293864.1,ENSG00000293864,0.05128205128149024,77.76036389157592,-0.9961162203149345,0.0016188248371500564,1.8974358974381853,289.749904779711,0.0,3.3928895689286573,0.0031659210232959406,-1.0,-0.6644447140452789,-0.9920434478964999,0.049271897809397495,6.047155456954371,34.920851788410985,-1.0,-0.6644447140452789,77.718497293125,0.0,0.24605062447927384,77,True
brain_amygdala,excluded_at_or_below_-1,ENSG00000293864.1,ENSG00000293864,,,,,,,,,,,,,,,,,,,,,1,False
brain_amygdala,raw,ENSG00000293864.1,ENSG00000293864,0.025641025641025626,200.73761399752013,-0.9976572637095642,0.000874648270362368,0.9743589743589743,336.6324828855041,0.0,3.787956310284091,0.000780005358192215,-1.0,-0.7894602652240424,-0.9988367970454367,0.015649295241140018,13.341872265748746,176.00555555555573,-1.0,-0.7894602652240424,197.1375910743462,0.0,0.15376837733909537,181,True
brain_anterior_cingulate_cortex_ba24,excluded_at_or_below_-1,ENSG00000293864.1,ENSG00000293864,,,,,,,,,,,,,,,,,,,,,1,False
brain_anterior_cingulate_cortex_ba24,raw,ENSG00000293864.1,ENSG00000293864,0.026315980198173414,224.65393368604455,-0.9948387040535636,0.004353794245744182,55.24365406468392,132.53686366924558,0.0,1.6765088827995827,0.24671999148071674,-1.0,-0.5868110555109671,-0.998226656890605,0.02706890776495823,15.16589299529794,228.00431034482747,-1.0,-0.5868110555109671,223.3458242732387,0.0,55.103879861947085,233,True
brain_caudate_basal_ganglia,excluded_at_or_below_-1,ENSG00000293864.1,ENSG00000293864,,,,,,,,,,,,,,,,,,,,,4,False
brain_caudate_basal_ganglia,raw,ENSG00000293864.1,ENSG00000293864,0.10256410256410657,306.2754185909227,-0.9942833708700104,0.0018735582667905831,3.589743591496497,361.8962569616894,0.0,4.315069667162057,9.057937664803748e-05,-1.0,-0.51484112679099,-0.995330109125648,0.04261583552505457,9.748394211197846,97.82417056174391,-1.0,-0.51484112679099,306.0827968542187,0.0,0.027724788941743017,300,True
brain_cerebellar_hemisphere,excluded_at_or_below_-1,ENSG00000293864.1,ENSG00000293864,,,,,,,,,,,,,,,,,,,,,10,False
brain_cerebellar_hemisphere,raw,ENSG00000293864.1,ENSG00000293864,0.2564102564097617,310.4384178894277,-0.9930755517989489,0.0031893099464008153,11.435897435907744,286.63140903935107,0.0,3.070459981140369,0.009098475131057026,-1.0,-0.3466693596068025,-0.9867194999207479,0.07368864624690916,6.041067640245992,38.28765073459022,-1.0,-0.3466693596068025,306.0571194028453,0.0,2.7846530895697152,277,True
brain_cerebellum,excluded_at_or_below_-1,ENSG00000293864.1,ENSG00000293864,0.08885609129340541,1.2589465317452195,-0.6621872944764098,0.18745435335679347,18.398436810053305,4.844923335450112,0.0,0.7481977217587579,0.7558579826939107,-0.7613610853711634,-0.0199915221589332,-0.5650847273428733,0.1774458536835509,1.7345423860392488,2.811659708386813,-0.7613610853711634,-0.0199915221589332,1.2589355545648837,0.0,0.9515764886150527,21,True
brain_cerebellum,raw,ENSG00000293864.1,ENSG00000293864,0.5384615384595317,263.1661608061687,-0.9890556163300075,0.00480878849797433,31.692307692395886,284.99144542598,0.0,3.2186268588102487,0.005692455051583443,-1.0,-0.0199915221589332,-0.9656645837375952,0.12720989736254004,4.198187657674007,19.56775251175411,-1.0,-0.0199915221589332,260.2440516200621,0.0,1.4814275662891576,266,True
brain_cortex,excluded_at_or_below_-1,ENSG00000293864.1,ENSG00000293864,,,,,,,,,,,,,,,,,,,,,6,False
brain_cortex,raw,ENSG00000293864.1,ENSG00000293864,0.15384615384616093,281.3057441289168,-0.9961887435154981,0.0013201377785754943,7.076923083166629,351.1842293924922,0.0,4.082854606192346,0.0002405744686255424,-1.0,-0.668365859620228,-0.9934775507882134,0.04351987728778926,6.562934789115746,41.42413431954302,-1.0,-0.668365859620228,280.63984112479983,0.0,0.06751478065375588,270,True
brain_frontal_cortex_ba9,excluded_at_or_below_-1,ENSG00000293864.1,ENSG00000293864,,,,,,,,,,,,,,,,,,,,,1,False
brain_frontal_cortex_ba9,raw,ENSG00000293864.1,ENSG00000293864,0.02564102554533957,281.3753001655656,-0.9951969630997407,0.0022811284651333393,0.9743589752056255,260.2307432403893,0.0,2.9777016195043804,0.01193198315850769,-1.0,-0.5754444082505674,-0.9984217264247234,0.0258856112868538,16.309620821566742,264.0037313432838,-1.0,-0.5754444082505674,280.02215425950726,0.0,3.3412196286334592,269,True
brain_hippocampus,excluded_at_or_below_-1,ENSG00000293864.1,ENSG00000293864,,,,,,,,,,,,,,,,,,,,,1,False
brain_hippocampus,raw,ENSG00000293864.1,ENSG00000293864,0.025641025639493793,325.51182428670114,-0.9942139085385152,0.0016747078891005912,0.9743589743620347,329.64029252785843,0.0,4.886087341690368,6.608864055881788e-06,-1.0,-0.6038547625439938,-0.9984464892648783,0.02480757704926457,15.874631869995401,250.00393700787384,-1.0,-0.6038547625439938,322.3290130176312,0.0,0.002130228628300073,255,True
brain_hypothalamus,excluded_at_or_below_-1,ENSG00000293864.1,ENSG00000293864,,,,,,,,,,,,,,,,,,,,,12,False
brain_hypothalamus,raw,ENSG00000293864.1,ENSG00000293864,0.30769230769576633,249.1188484201247,-0.9949148078130828,0.0021083458180651666,14.307692307946839,284.6170456679208,0.0,3.4109905957514504,0.0029782675451189584,-1.0,-0.5706004228081158,-0.9870114499300556,0.061666189856517735,4.894124181728945,23.574606354809408,-1.0,-0.5706004228081158,248.8661424888176,0.0,0.7411899552533956,257,True
brain_nucleus_accumbens_basal_ganglia,excluded_at_or_below_-1,ENSG00000293864.1,ENSG00000293864,,,,,,,,,,,,,,,,,,,,,2,False
brain_nucleus_accumbens_basal_ganglia,raw,ENSG00000293864.1,ENSG00000293864,0.05263157894508326,319.06672158127816,-0.9968216228044319,0.0018464773823126195,1.8975069883408826,231.52532310968394,0.0,2.434313130161421,0.05188026065972294,-1.0,-0.6945290384812526,-0.9978859719562142,0.02519388673612193,11.814864140092753,137.61937303410292,-1.0,-0.6945290384812526,317.7538183718074,0.0,16.485150922751757,285,True
brain_putamen_basal_ganglia,excluded_at_or_below_-1,ENSG00000293864.1,ENSG00000293864,,,,,,,,,,,,,,,,,,,,,2,False
brain_putamen_basal_ganglia,raw,ENSG00000293864.1,ENSG00000293864,0.05128205123381995,274.1732837612543,-0.9968772465145848,0.001050967488892408,1.89743589762814,299.0691815727862,0.0,4.202071308291661,0.00014816343698551904,-1.0,-0.7746251092664924,-0.9984234462368883,0.017872179176539826,11.398490166118671,129.8067641228514,-1.0,-0.7746251092664924,271.03644047427844,0.0,0.04015769056899013,254,True
brain_spinal_cord_cervical_c-1,excluded_at_or_below_-1,ENSG00000293864.1,ENSG00000293864,,,,,,,,,,,,,,,,,,,,,1,False
brain_spinal_cord_cervical_c-1,raw,ENSG00000293864.1,ENSG00000293864,-0.08078580690080264,192.84126953514806,-0.9949935955078341,0.004491726402683332,107.78266291761257,124.7042091201267,0.0,1.576259214567753,0.290182958517232,-1.0,-0.5989167910323567,-0.9980339058383939,0.028081441477771776,14.177620608140634,199.0049261083743,-1.0,-0.5989167910323567,191.86932101972857,0.0,55.67720722219717,204,True
brain_substantia_nigra,excluded_at_or_below_-1,ENSG00000293864.1,ENSG00000293864,,,,,,,,,,,,,,,,,,,,,0,False
brain_substantia_nigra,raw,ENSG00000293864.1,ENSG00000293864,0.0,183.0,-0.9875,1.0001e-06,0.0,-17675.90193946968,0.0,,,-1.0,-1.0,-1.0,0.0,,,,-1.0,1.4945409735764572e-187,0.0,,183,True
breast_mammary_tissue,excluded_at_or_below_-1,ENSG00000293864.1,ENSG00000293864,,,,,,,,,,,,,,,,,,,,,3,False
breast_mammary_tissue,raw,ENSG00000293864.1,ENSG00000293864,0.07692307692307691,512.319193280929,-0.9946518181136298,0.0008656481990451872,2.76923076923077,696.1607132390118,0.0,8.73735007603108,2.998608466265854e-17,-1.0,-0.5685278693020155,-0.9980802331661726,0.025710744063359974,13.975413806050225,202.20113824317087,-1.0,-0.5685278693020155,452.1630229744363,0.0,1.3558598688234724e-14,514,True
cells_cultured_fibroblasts,excluded_at_or_below_-1,ENSG00000293864.1,ENSG00000293864,,,,,,,,,,,,,,,,,,,,,7,False
cells_cultured_fibroblasts,raw,ENSG00000293864.1,ENSG00000293864,0.17948717948719858,726.033213384325,-0.9948978610840759,0.0019801401049910406,7.74358975827532,326.83783190136813,0.0,3.6439411705386022,0.0013396240395695041,-1.0,-0.5372691718992382,-0.9961585211120945,0.03729590500002575,9.826316258242137,97.00849957060835,-1.0,-0.5372691718992382,708.9665929960422,0.0,0.9497486912291692,652,True
cells_ebv-transformed_lymphocytes,excluded_at_or_below_-1,ENSG00000293864.1,ENSG00000293864,,,,,,,,,,,,,,,,,,,,,8,False
cells_ebv-transformed_lymphocytes,raw,ENSG00000293864.1,ENSG00000293864,0.20512820512820515,390.2922036485451,-0.9952957528870504,0.0016975639222026049,10.358974358974358,360.49621194052924,0.0,3.9190336109733783,0.00047925095028168355,-1.0,-0.5625708945183829,-0.9928659452440677,0.04614364651776656,6.64361199984419,44.79883262371577,-1.0,-0.5625708945183829,376.44414008600955,0.0,0.18041121186419126,327,True
cervix_ectocervix,excluded_at_or_below_-1,ENSG00000293864.1,ENSG00000293864,,,,,,,,,,,,,,,,,,,,,1,False
cervix_ectocervix,raw,ENSG00000293864.1,ENSG00000293864,0.025641025681578104,33.8164652468144,-0.9979880502734719,0.001114436301391391,0.9743589747242732,272.0417950585942,0.0,2.5531531829288774,0.03917109986406801,-1.0,-0.7836121879742587,-0.990983841165594,0.044169977168362316,4.587317109255637,19.04347826086952,-1.0,-0.7836121879742587,33.16411062880272,0.0,1.2990746893437903,24,True
cervix_endocervix,excluded_at_or_below_-1,ENSG00000293864.1,ENSG00000293864,,,,,,,,,,,,,,,,,,,,,1,False
cervix_endocervix,raw,ENSG00000293864.1,ENSG00000293864,0.025641025655133085,53.16360686942413,-0.9974104248136499,0.0019126701214631776,0.9743589743813776,257.6049673323008,0.0,1.9147119559328474,0.16258491270876477,-1.0,-0.649009492121277,-0.9847395431357077,0.07318658008992701,4.477215043467818,18.04545454545452,-1.0,-0.649009492121277,52.29328754958377,0.0,8.50209959150353,23,True
colon_sigmoid,excluded_at_or_below_-1,ENSG00000293864.1,ENSG00000293864,,,,,,,,,,,,,,,,,,,,,4,False
colon_sigmoid,raw,ENSG00000293864.1,ENSG00000293864,0.10256410256528971,469.64338297637363,-0.9952704171868023,0.002010670839254577,5.5897435959601145,302.62958155574813,0.0,3.3265714249233684,0.0040783243862968785,-1.0,-0.5650040904313902,-0.99692653436782,0.033482201812874625,11.617540210033685,138.42490968554122,-1.0,-0.5650040904313902,455.3216030094808,0.0,1.856949197161311,419,True
colon_transverse,excluded_at_or_below_-1,ENSG00000293864.1,ENSG00000293864,,,,,,,,,,,,,,,,,,,,,9,False
colon_transverse,raw,ENSG00000293864.1,ENSG00000293864,0.23076923328633872,538.8350464293311,-0.9924352513263939,0.0034816418422706583,8.923076929587957,284.64792157326065,0.0,3.0727371323124237,0.009071040427077199,-1.0,-0.2916626520296929,-0.9927854775950491,0.057830750039952944,9.14857080526456,90.53305729047105,-1.0,-0.2916626520296929,529.1230726100009,0.0,4.799696782544661,479,True
esophagus_gastroesophageal_junction,excluded_at_or_below_-1,ENSG00000293864.1,ENSG00000293864,,,,,,,,,,,,,,,,,,,,,5,False
esophagus_gastroesophageal_junction,raw,ENSG00000293864.1,ENSG00000293864,0.12820512820512822,443.4060875604977,-0.9936802953794921,0.0020679230350996378,6.3589743589743595,378.6741198162155,0.0,4.321926799410059,8.89269479164874e-05,-1.0,-0.439966941188476,-0.9947890277157783,0.04766950725287606,9.414546223431566,89.92961304179958,-1.0,-0.439966941188476,438.19136959586376,0.0,0.0389670211015061,403,True
esophagus_mucosa,excluded_at_or_below_-1,ENSG00000293864.1,ENSG00000293864,,,,,,,,,,,,,,,,,,,,,3,False
esophagus_mucosa,raw,ENSG00000293864.1,ENSG00000293864,0.07692307692307014,629.2862409009116,-0.9953142847925962,0.0017268046304699052,2.7692307692308136,322.63183506955016,0.0,3.837493760903959,0.0006343371577117188,-1.0,-0.6013694368869988,-0.998341035163848,0.024224927121538602,15.014533210254466,228.81169662734231,-1.0,-0.6013694368869988,629.1294221082915,0.0,0.3990801694529898,614,True
esophagus_muscularis,excluded_at_or_below_-1,ENSG00000293864.1,ENSG00000293864,0.3231405125740957,2.6721459279860222,-0.6358543225217721,0.006503771674569427,10.099830891532575,28.82364772314481,0.0,37.02449437226772,0.0,-0.8061248277483949,-0.5032983715627183,-0.6484715728520196,0.06780036350066422,-0.2952201118820903,0.7224244762621943,-0.8061248277483949,-0.5032983715627183,2.67150191925602,0.0,0.0,17,True
esophagus_muscularis,raw,ENSG00000293864.1,ENSG00000293864,0.4358974330178452,591.3314270141803,-0.9930713322046013,0.002480503194065161,23.589743702964903,279.23510241010393,0.0,3.950253315083422,0.0004146340448743199,-1.0,-0.5032983715627183,-0.9893476234197581,0.061391888149260415,5.766092835994708,32.26772676336239,-1.0,-0.5032983715627183,583.0309486552698,0.0,0.2417444805278437,561,True
fallopian_tube,excluded_at_or_below_-1,ENSG00000293864.1,ENSG00000293864,,,,,,,,,,,,,,,,,,,,,0,False
fallopian_tube,raw,ENSG00000293864.1,ENSG00000293864,0.0,29.0,-0.9875,1.0001e-06,0.0,-17675.90193946968,0.0,,,-1.0,-1.0,-1.0,0.0,,,,-1.0,2.368398264137555e-188,0.0,,29,True
heart_atrial_appendage,excluded_at_or_below_-1,ENSG00000293864.1,ENSG00000293864,,,,,,,,,,,,,,,,,,,,,8,False
heart_atrial_appendage,raw,ENSG00000293864.1,ENSG00000293864,0.20512818699214544,596.3371172032903,-0.9962620448718328,0.0020972084974134404,6.358974363655696,258.4981953910695,0.0,2.5206205507540007,0.04190487919509531,-1.0,-0.6129220555207984,-0.9949900218727774,0.03830425115937159,7.74855275697919,60.03475214605729,-1.0,-0.6129220555207984,593.7124848062315,0.0,24.879449952424984,461,True
heart_left_ventricle,excluded_at_or_below_-1,ENSG00000293864.1,ENSG00000293864,,,,,,,,,,,,,,,,,,,,,2,False
heart_left_ventricle,raw,ENSG00000293864.1,ENSG00000293864,-0.36789468128636527,419.3019340925125,-0.9965420775978034,0.003606637611957756,1057.1897692424564,108.54418942290395,0.0,1.355900227571152,0.39984831901955337,-1.0,-0.7197242287608869,-0.9987600835272361,0.018619355483441822,14.933334196684344,221.00447890174274,-1.0,-0.7197242287608869,418.2287616562113,0.0,167.2280673138655,452,True
kidney_cortex,excluded_at_or_below_-1,ENSG00000293864.1,ENSG00000293864,,,,,,,,,,,,,,,,,,,,,0,False
kidney_cortex,raw,ENSG00000293864.1,ENSG00000293864,0.0,104.0,-0.9875,1.0001e-06,0.0,-17675.90193946968,0.0,,,-1.0,-1.0,-1.0,0.0,,,,-1.0,8.493566188631232e-188,0.0,,104,True
kidney_medulla,excluded_at_or_below_-1,ENSG00000293864.1,ENSG00000293864,,,,,,,,,,,,,,,,,,,,,0,False
kidney_medulla,raw,ENSG00000293864.1,ENSG00000293864,0.0,11.0,-0.9875,1.0001e-06,0.0,-17675.90193946968,0.0,,,-1.0,-1.0,-1.0,0.0,,,,-1.0,8.983579622590726e-189,0.0,,11,True
liver,excluded_at_or_below_-1,ENSG00000293864.1,ENSG00000293864,,,,,,,,,,,,,,,,,,,,,1,False
liver,raw,ENSG00000293864.1,ENSG00000293864,0.025641025641025647,281.58465528655347,-0.9972310591057728,0.0008307863886681386,0.9743589743589743,403.55489119725496,0.0,4.713454408302749,1.5011924125953206e-05,-1.0,-0.7601608459446567,-0.9990845833814681,0.0148173124215183,16.09359597534448,257.0038314176242,-1.0,-0.7601608459446567,281.1174723340563,0.0,0.004220114165158603,262,True
lung,excluded_at_or_below_-1,ENSG00000293864.1,ENSG00000293864,,,,,,,,,,,,,,,,,,,,,9,False
lung,raw,ENSG00000293864.1,ENSG00000293864,0.23076923076923075,677.8646830873703,-0.9907447826690317,0.0026799286518508422,8.923076923076923,426.75186985843544,0.0,4.8840307234025016,6.695616467796487e-06,-1.0,-0.1820518145819221,-0.992616840783102,0.0626805454258058,9.17085194696968,89.78672957520156,-1.0,-0.1820518145819221,669.2295572743162,0.0,0.0044809044444220625,604,True
minor_salivary_gland,excluded_at_or_below_-1,ENSG00000293864.1,ENSG00000293864,,,,,,,,,,,,,,,,,,,,,1,False
minor_salivary_gland,raw,ENSG00000293864.1,ENSG00000293864,0.02564102637021841,208.25119939320115,-0.9966201275829921,0.0018868369510067827,0.9743589773332098,243.34745327488275,0.0,2.5332668032991363,0.04050841887608722,-1.0,-0.6719471227491498,-0.9981875531643599,0.024383978332009715,13.341872265748735,176.00555555555553,-1.0,-0.6719471227491498,207.7364367207315,0.0,8.415074594509127,181,True
muscle_skeletal,excluded_at_or_below_-1,ENSG00000293864.1,ENSG00000293864,0.08739061341214525,854566392975.2062,-5.509157019337435,0.8958612624645285,12.532609545642092,7.926974556227775,0.0,-7.423629894222359,1.0,-0.8065133550045626,-0.4876598265443469,-0.707614781712637,0.09092373263656157,1.1051991934212682,0.6593666995512262,-0.8065133550045626,-0.4876598265443469,0.9025762687438296,0.0,0.9025762687438297,13,True
muscle_skeletal,raw,ENSG00000293864.1,ENSG00000293864,0.33336034725468755,891.427310756835,-0.9939940077631884,0.001244587696117068,20.66666669512699,575.3428773293995,0.0,6.824553788621153,7.701343885455284e-11,-1.0,-0.4876598265443469,-0.9953532911519123,0.038211256992215836,8.886739190328772,84.48296391915152,-1.0,-0.4876598265443469,891.2258460567886,0.0,6.863636720089161e-08,818,True
nerve_tibial,excluded_at_or_below_-1,ENSG00000293864.1,ENSG00000293864,0.05971867108771405,0.6189830086304042,-0.6554699985932385,0.190751895008141,9.572699864447463,2.5535199039379393,0.0,0.12427288732329383,0.9920012760634694,-0.6722321690219206,-0.3110462329210881,-0.5493060214436052,0.09623691705902308,0.9109698784434723,0.5053717620544611,-0.6722321690219206,-0.3110462329210881,0.5952265030770891,0.0,0.5904654505992691,15,True
nerve_tibial,raw,ENSG00000293864.1,ENSG00000293864,0.3846153846153832,869.5110378395574,-0.9929626578258061,0.002955253486654664,19.23076924730038,326.3257994145524,0.0,3.367665342667974,0.003453187113260137,-1.0,-0.3110462329210881,-0.9899098363009763,0.06816321651318552,6.918374138452689,48.29018423392723,-1.0,-0.3110462329210881,867.6633306567999,0.0,2.99620383207242,670,True
ovary,excluded_at_or_below_-1,ENSG00000293864.1,ENSG00000293864,,,,,,,,,,,,,,,,,,,,,4,False
ovary,raw,ENSG00000293864.1,ENSG00000293864,0.10256410256410257,242.49303697259415,-0.9925447621112966,0.0030907121062819466,5.58974358974359,326.0338600854584,0.0,3.411284574675444,0.0029907422358188287,-1.0,-0.2800096647013644,-0.9891221983878971,0.0767888145656824,7.275164328470585,53.83166289972674,-1.0,-0.2800096647013644,240.9948236724567,0.0,0.7207533977709273,193,True
pancreas,excluded_at_or_below_-1,ENSG00000293864.1,ENSG00000293864,,,,,,,,,,,,,,,,,,,,,1,False
pancreas,raw,ENSG00000293864.1,ENSG00000293864,0.025641025486599318,398.39684115480213,-0.9972238797663512,0.001270220640311268,0.9743589838245393,279.708318974664,0.0,3.0908227756735687,0.008619804490253848,-1.0,-0.7459950063618308,-0.9992983287468558,0.013350206072977181,18.947368421052605,357.0027700831019,-1.0,-0.7459950063618308,389.3772846670606,0.0,3.356356066775971,362,True
pituitary,excluded_at_or_below_-1,ENSG00000293864.1,ENSG00000293864,,,,,,,,,,,,,,,,,,,,,6,False
pituitary,raw,ENSG00000293864.1,ENSG00000293864,0.1542729462005036,346.13004930121775,-0.9955598768392894,0.0025450873892100675,7.07693031410815,234.17858183036356,0.0,2.4672168111417845,0.04788784865579335,-1.0,-0.5741207312271932,-0.9930834778533376,0.05002614346961263,7.1996747833391375,50.57192573799339,-1.0,-0.5741207312271932,344.51190980576393,0.0,16.497934196896743,313,True
prostate,excluded_at_or_below_-1,ENSG00000293864.1,ENSG00000293864,,,,,,,,,,,,,,,,,,,,,2,False
prostate,raw,ENSG00000293864.1,ENSG00000293864,0.051282051279934286,316.7889321784895,-0.9965235254357586,0.0016067807202617332,1.897435897446762,281.50673219301945,0.0,3.0598310124075314,0.009472564018043864,-1.0,-0.6766852761457292,-0.9978421345423901,0.025628071586796277,11.817774943390024,138.20986860114027,-1.0,-0.6766852761457292,309.9182235157464,0.0,2.935720212611332,282,True
skin_not_sun_exposed_suprapubic,excluded_at_or_below_-1,ENSG00000293864.1,ENSG00000293864,,,,,,,,,,,,,,,,,,,,,14,False
skin_not_sun_exposed_suprapubic,raw,ENSG00000293864.1,ENSG00000293864,0.35897435897435925,715.7504728151188,-0.9937457683337215,0.0013814721878456413,16.97435901113581,544.513833831858,0.0,6.402459146475907,1.256284988595743e-09,-1.0,-0.4618383270886751,-0.9907295494715709,0.063038616509242,6.744138076404975,44.13686054377104,-1.0,-0.4618383270886751,715.2963528190365,0.0,8.986160704438362e-07,651,True
skin_sun_exposed_lower_leg,excluded_at_or_below_-1,ENSG00000293864.1,ENSG00000293864,,,,,,,,,,,,,,,,,,,,,7,False
skin_sun_exposed_lower_leg,raw,ENSG00000293864.1,ENSG00000293864,0.1794871794871793,759.8174766610301,-0.9923253089734678,0.002391466489247699,7.743589746249343,373.40170678222677,0.0,4.538492253830267,3.391901326214331e-05,-1.0,-0.3608947439185367,-0.9962535534181384,0.04010577697617581,11.444792591352643,139.34611203539126,-1.0,-0.3608947439185367,754.1996424327561,0.0,0.02558170767398038,754,True
small_intestine_terminal_ileum,excluded_at_or_below_-1,ENSG00000293864.1,ENSG00000293864,,,,,,,,,,,,,,,,,,,,,2,False
small_intestine_terminal_ileum,raw,ENSG00000293864.1,ENSG00000293864,0.051282051282051294,216.41941943504145,-0.9964540585464331,0.0006640250808156165,1.8974358974358974,623.0101871602945,0.0,7.55200163351618,4.1955141203364595e-13,-1.0,-0.7039279501248206,-0.9975160870339922,0.025499687232142777,10.367551851588493,107.64856071065725,-1.0,-0.7039279501248206,212.81946815203057,0.0,8.928870837143776e-11,207,True
spleen,excluded_at_or_below_-1,ENSG00000293864.1,ENSG00000293864,,,,,,,,,,,,,,,,,,,,,2,False
spleen,raw,ENSG00000293864.1,ENSG00000293864,0.09366503304132354,259.15210659995967,-0.9917513253244732,0.007240660784452546,252.4615862693541,127.3897679403098,0.0,1.6110943386247285,0.2745974886421061,-1.0,-0.3395258612169742,-0.996233695202523,0.04579517908693444,12.761034263932372,167.83307304241316,-1.0,-0.3395258612169742,257.7658515497928,0.0,70.78185549326703,277,True
stomach,excluded_at_or_below_-1,ENSG00000293864.1,ENSG00000293864,,,,,,,,,,,,,,,,,,,,,6,False
stomach,raw,ENSG00000293864.1,ENSG00000293864,0.15789574236209095,375.5291615375629,-0.9901189771750172,0.009318129208786871,665.2819908338464,118.87608253780361,0.0,1.4996439924906544,0.3262310640018337,-1.0,-0.2068548886430796,-0.994071259132845,0.0534831047786455,10.788913216824318,132.31798775127166,-1.0,-0.2068548886430796,373.9116127871718,0.0,121.9815832822007,407,True
testis,excluded_at_or_below_-1,ENSG00000293864.1,ENSG00000293864,0.49162120964441763,3.0328875836700315,-0.719822006892434,0.014069801772666446,18.26130660790517,28.824000233966245,0.0,7.659183971943597,1.8261216708447573e-13,-0.7960220965343408,-0.4330562875008918,-0.6505459109571136,0.09428804888174598,0.9479235783446355,0.019034362183335318,-0.7960220965343408,-0.4330562875008918,3.032542976322338,0.0,5.537792446830281e-13,28,True
testis,raw,ENSG00000293864.1,ENSG00000293864,1.2823513920415024,376.88348613006804,-0.9929221058531578,0.00571113385794484,126.36234417232647,138.63618908554278,0.0,1.7526561527849558,0.21661710544024274,-1.0,-0.4330562875008918,-0.9763654239294667,0.09110682455068887,3.9079806362510583,14.692888895928576,-1.0,-0.4330562875008918,374.5248906462713,0.0,81.1284977271187,414,True
thyroid,excluded_at_or_below_-1,ENSG00000293864.1,ENSG00000293864,0.10361316631556398,0.4581150117546988,-0.6325769305766467,0.1722551228953499,9.143948630301676,3.8861901876163762,0.0,0.9272490261406011,0.6503966452255718,-0.7455184262616561,-0.1592282184915637,-0.5438831538805492,0.162228088430672,1.055782426132269,0.6477065303686964,-0.7455184262616561,-0.1592282184915637,0.4578720424567813,0.0,0.2977984403564712,12,True
thyroid,raw,ENSG00000293864.1,ENSG00000293864,0.3076923077846081,763.6572505277918,-0.9908550517572753,0.0038097076115539827,14.307692317923479,308.7108162502861,0.0,3.3947250421106174,0.00324649465136681,-1.0,-0.1592282184915637,-0.9919979500680798,0.06336362293445935,8.731981510985404,82.79905081598419,-1.0,-0.1592282184915637,739.6813174147741,0.0,2.4013714407030413,684,True
uterus,excluded_at_or_below_-1,ENSG00000293864.1,ENSG00000293864,,,,,,,,,,,,,,,,,,,,,0,False
uterus,raw,ENSG00000293864.1,ENSG00000293864,0.0,153.0,-0.9875,1.0001e-06,0.0,-17675.90193946968,0.0,,,-1.0,-1.0,-1.0,0.0,,,,-1.0,1.24953425659671e-187,0.0,,153,True
vagina,excluded_at_or_below_-1,ENSG00000293864.1,ENSG00000293864,,,,,,,,,,-0.6820754514894845,-0.4265440333907626,,,,,,,,,,5,False
vagina,raw,ENSG00000293864.1,ENSG00000293864,0.12820512820664112,177.42992236133742,-0.9935050754360899,0.0024849725388314415,6.358974359825929,322.6611089129914,0.0,3.6963025793400375,0.0010869099071543463,-1.0,-0.4265440333907626,-0.9873539297647776,0.07522125641242182,6.115067108635608,37.31533820852003,-1.0,-0.4265440333907626,176.20813908140252,0.0,0.1915223720888059,170,True
whole_blood,excluded_at_or_below_-1,ENSG00000293864.1,ENSG00000293864,,,,,,,,,,,,,,,,,,,,,2,False
whole_blood,raw,ENSG00000293864.1,ENSG00000293864,2.5631133920269695,743.1412653138749,-0.9916137553066285,0.007898639961388608,3406.094716078849,119.16288873802966,0.0,1.5015168485614157,0.32527052883797486,-1.0,-0.3260673484956935,-0.9984747482155694,0.03069735671697138,20.26190576062579,412.419425141874,-1.0,-0.3260673484956935,740.0426192707363,0.0,240.71405413283208,803,True
adipose_subcutaneous,excluded_at_or_below_-1,ENSG00000293865.1,ENSG00000293865,0.25089263809454515,9.093585453423625,-0.916840633858899,0.04654167898919072,137.65950335175754,10.825351896653407,0.0,1.4698222725359278,0.3395424644678879,-0.9652123919862494,-0.5605789868742477,-0.8971703642143823,0.061741237021388916,2.786608506197565,10.768992093237364,-0.9652123919862494,-0.5605789868742477,9.093289952614606,0.0,3.087558080631846,79,True
adipose_subcutaneous,raw,ENSG00000293865.1,ENSG00000293865,2.0256410094775483,647.977007982834,-0.994749076623143,0.0015800989093580841,450.97435897435906,388.5891102532773,0.0,4.699659629250814,1.607845043418287e-05,-1.0,-0.5605789868742477,-0.9886224912786221,0.038196538906921707,4.832895923319367,32.93374943055901,-1.0,-0.5605789868742477,644.5069228185592,0.0,0.010362672613025925,714,True
adipose_visceral_omentum,excluded_at_or_below_-1,ENSG00000293865.1,ENSG00000293865,-0.014709424406473603,3.0690640687717354,-0.9727728461009,0.07204774363510676,32.10320553866075,3.5635379008859793,0.0,-0.06906489972184114,1.0,-0.969254303837033,-0.79122681094183,-0.9296747515460548,0.034098450043040955,1.8202127437890094,4.9865912841754785,-0.969254303837033,-0.79122681094183,3.056389043452774,0.0,3.0563890434527745,41,True
adipose_visceral_omentum,raw,ENSG00000293865.1,ENSG00000293865,1.0512879588874877,724.6279189508906,-0.9974972311947429,0.00020024638805933508,75.89743589879699,1456.7574909347702,0.0,17.675472812178455,0.0,-1.0,-0.79122681094183,-0.9950880150142899,0.020030545617926613,4.970562378887627,30.049337202285024,-1.0,-0.79122681094183,656.3072940992465,0.0,0.0,587,True
adrenal_gland,excluded_at_or_below_-1,ENSG00000293865.1,ENSG00000293865,0.21052632478466463,9.70957158875683,-0.9434401578391638,0.0012633015194034789,6.315790519246125,143.4552510239437,0.0,3.6783396288344035,0.0011533640373393916,-0.9467259784292242,-0.815293149914243,-0.9076082380728487,0.04213496200282824,1.0283652215525174,-0.044832956102812016,-0.9467259784292242,-0.815293149914243,9.709388511049838,0.0,0.011198459533201144,12,True
adrenal_gland,raw,ENSG00000293865.1,ENSG00000293865,0.30769637578599174,338.46146761616484,-0.9978519671781162,0.00037896193723963305,12.307692308337735,681.27463456074,0.0,8.016048184833885,1.1145469415382671e-14,-1.0,-0.815293149914243,-0.9962416910402515,0.020016737543723354,6.093444145147741,40.41814486825051,-1.0,-0.815293149914243,338.20282239569644,0.0,3.7694292132073315e-12,295,True
artery_aorta,excluded_at_or_below_-1,ENSG00000293865.1,ENSG00000293865,0.07423344320066305,1.3817337612652665,-0.9291108656590821,0.08400545886519609,21.24054772460805,3.7253802819751534,0.0,0.7730991015527647,0.7414267514225849,-0.9750335936699998,-0.7078201862587711,-0.8971597613483066,0.05884828389936509,1.3500245398773165,2.181559471880459,-0.9750335936699998,-0.7078201862587711,1.3803947115345006,0.0,1.0234615666539408,27,True
artery_aorta,raw,ENSG00000293865.1,ENSG00000293865,0.6923076923072737,603.5958697356294,-0.9971514091183377,0.0014518944563135412,38.3076923077336,281.8222341208724,0.0,2.774661643607455,0.02135474812426395,-1.0,-0.7078201862587711,-0.9941171897381447,0.027618169597069815,5.824406484498875,39.94630082810923,-1.0,-0.7078201862587711,601.852522074608,0.0,12.852409016856368,472,True
artery_coronary,excluded_at_or_below_-1,ENSG00000293865.1,ENSG00000293865,,,,,,,,,,,,,,,,,,,,,9,False
artery_coronary,raw,ENSG00000293865.1,ENSG00000293865,0.23076541165026054,319.45525243902324,-0.9985134318705423,0.0006602564894393222,10.923076923645906,303.4740180714323,0.0,3.1841032139734597,0.006326934270369001,-1.0,-0.8568299583563576,-0.9973321517174613,0.015045831862280543,6.144630116736266,40.803980684055915,-1.0,-0.8568299583563576,317.44356295174515,0.0,2.0084445573474885,268,True
artery_tibial,excluded_at_or_below_-1,ENSG00000293865.1,ENSG00000293865,-0.005588195592298556,2.9367770479680173,-0.9668922293944078,0.10068702029445545,55.13223042302498,3.410135940059389,0.0,0.05020354243114794,0.9987384282520486,-0.9704665446393672,-0.7241025717790129,-0.910977740888367,0.05014120391030828,1.6376037422661625,3.7738328045164797,-0.9704665446393672,-0.7241025717790129,2.9280092111161573,0.0,2.924315317417672,44,True
artery_tibial,raw,ENSG00000293865.1,ENSG00000293865,1.1282051281948036,649.7349008296396,-0.9966475345122272,0.001246417140684718,110.35897435913311,309.23578477269825,0.0,3.8037844678480326,0.0007290309214975157,-1.0,-0.7241025717790129,-0.9943314335732101,0.025096992469743715,5.612534452125555,38.546804696942395,-1.0,-0.7241025717790129,642.8881162879063,0.0,0.4686853158371742,691,True
bladder,excluded_at_or_below_-1,ENSG00000293865.1,ENSG00000293865,,,,,,,,,,,,,,,,,,,,,4,False
bladder,raw,ENSG00000293865.1,ENSG00000293865,0.10256404429524481,79.17026867105636,-0.998750890516702,0.0005758385795008073,3.589743593743104,274.8549885312892,0.0,3.067713131864729,0.009193962522267828,-1.0,-0.8868356109750586,-0.997085827866354,0.014663707574147075,6.152876870489409,40.91985406993124,-1.0,-0.8868356109750586,77.89619920538372,0.0,0.7161747361214065,77,True
brain_amygdala,excluded_at_or_below_-1,ENSG00000293865.1,ENSG00000293865,0.2373037766410107,3.798094676080826,-0.9377456638383338,0.02403124585926813,11.170498451033364,12.546230983522111,0.0,2.1609842488760838,0.09681760715333146,-0.9744665277618878,-0.7245518652537282,-0.9181901858864109,0.05201104461486445,2.1359372339556484,4.575210829055102,-0.9744665277618878,-0.7245518652537282,3.7980944755977504,0.0,0.36772241886966145,35,True
brain_amygdala,raw,ENSG00000293865.1,ENSG00000293865,0.9292708932394621,144.0095804865485,-0.9965708783816248,0.002726660621422346,69.26302568901602,141.08575690220798,0.0,1.7785529528802517,0.20686629543202062,-1.0,-0.7245518652537282,-0.9841804226852177,0.039505820464934484,3.4116710972892417,14.350396562883802,-1.0,-0.7245518652537282,143.1563136373367,0.0,29.61421626986029,181,True
brain_anterior_cingulate_cortex_ba24,excluded_at_or_below_-1,ENSG00000293865.1,ENSG00000293865,0.6382626443017267,0.7709114112053626,-0.9688524510574624,0.005442825474140919,16.18994666051895,17.292318450843236,0.0,0.8956637238933536,0.6696550217462417,-0.9722995551316804,-0.9023002174519016,-0.941263462820424,0.020863980859814415,0.15792759644004867,-1.1011705796220643,-0.9722995551316804,-0.9023002174519016,0.7708234081855108,0.0,0.5161857661709803,29,True
brain_anterior_cingulate_cortex_ba24,raw,ENSG00000293865.1,ENSG00000293865,0.7435897435897436,222.75571598709095,-0.9988490247223982,0.00023217580840581,29.435897435897438,588.0915570421058,0.0,7.010742672619909,2.127109473317184e-11,-1.0,-0.9023002174519016,-0.9926894438703532,0.02073909112029505,2.8010766227827295,6.703191703537055,-1.0,-0.9023002174519016,222.4030655041375,0.0,4.7307566752863295e-09,233,True
brain_caudate_basal_ganglia,excluded_at_or_below_-1,ENSG00000293865.1,ENSG00000293865,0.19441868372829213,2.083144479471316,-0.9555476891389296,0.05174998894056213,54.399852879880775,3.4709597754803827,0.0,0.5995614781447842,0.8350917797426618,-0.9774873032740924,-0.8285356629688269,-0.9320370712965742,0.03595968468103633,1.2585471801913422,1.454338301576783,-0.9774873032740924,-0.8285356629688269,2.078099708311299,0.0,1.7354039838963888,45,True
brain_caudate_basal_ganglia,raw,ENSG00000293865.1,ENSG00000293865,1.3619032684999124,239.21580254531827,-0.9978766698863504,0.002074993469956312,308.5589509184451,115.41450713756709,0.0,1.4471574429493241,0.35211002040559025,-1.0,-0.8285356629688269,-0.9898055606944861,0.027949522121861747,3.193302744137151,11.033109641868156,-1.0,-0.8285356629688269,238.42274701119828,0.0,83.9510383152699,300,True
brain_cerebellar_hemisphere,excluded_at_or_below_-1,ENSG00000293865.1,ENSG00000293865,0.056606388389268444,12.973038500958419,-1.068349697725924,0.13779689632914438,41.14083853439823,4.282197050233326,0.0,-0.9500784760601162,1.0,-0.9757767874148936,-0.651104750646073,-0.9166881118906857,0.062164406199051704,2.4888189289077842,7.362917249704159,-0.9757767874148936,-0.651104750646073,8.25967253343064,0.0,8.259672533430638,69,True
brain_cerebellar_hemisphere,raw,ENSG00000293865.1,ENSG00000293865,1.7692307506749192,207.26167146656132,-0.9957660558349635,0.0018020045237143144,236.9230769476938,270.49027114463365,0.0,3.3228003491262363,0.004034233906275504,-1.0,-0.651104750646073,-0.9792472192074272,0.047487695131989485,3.5492235618065697,16.833103647084357,-1.0,-0.651104750646073,205.70022400740316,0.0,0.8298428182191409,277,True
brain_cerebellum,excluded_at_or_below_-1,ENSG00000293865.1,ENSG00000293865,0.2721490792638968,6.233497802312182,-0.9301916197907241,0.05821842246290392,37.96114885258614,8.437450073755535,0.0,0.9398703023822188,0.6429566800587302,-0.968882923410106,-0.5828501390038441,-0.8986862624122526,0.06437340561193824,2.4229459191079528,7.98974151029379,-0.968882923410106,-0.5828501390038441,6.233496779818562,0.0,4.007868394708928,66,True
brain_cerebellum,raw,ENSG00000293865.1,ENSG00000293865,1.7196087729730545,196.63703560309807,-0.994793305494442,0.0038931189423560743,261.57388202687605,149.6423874029785,0.0,1.8913827432247667,0.1684022671449287,-1.0,-0.5828501390038441,-0.9748620049594312,0.05420856453810153,3.0674770105003337,12.995359691439575,-1.0,-0.5828501390038441,195.2137172251571,0.0,32.87443255850547,266,True
brain_cortex,excluded_at_or_below_-1,ENSG00000293865.1,ENSG00000293865,0.2884300770474794,1.7774381794444183,-0.9547464112229825,0.032532576379243755,30.775612897793014,5.669467622886129,0.0,0.991587806685119,0.611633834457653,-0.9775569024500492,-0.8243259475967588,-0.9322637132307845,0.03901974837938901,1.2720200823368837,1.064382072906894,-0.9775569024500492,-0.8243259475967588,1.7774348463027896,0.0,1.0871392905428245,34,True
brain_cortex,raw,ENSG00000293865.1,ENSG00000293865,0.8947361117083658,231.87231158761958,-0.9978043959706173,0.0011545595514514044,72.83181224382199,212.49278494239516,0.0,2.6893831435986035,0.02729300162960469,-1.0,-0.8243259475967588,-0.9914702453698025,0.026337704392277544,3.728729394744394,15.295792648626072,-1.0,-0.8243259475967588,228.359456880545,0.0,6.232615028776208,270,True
brain_frontal_cortex_ba9,excluded_at_or_below_-1,ENSG00000293865.1,ENSG00000293865,0.13246364226018248,2.1073863079943056,-0.9341149045674587,0.04395847633465691,35.81082785328696,5.344377388498351,0.0,1.2758825784145367,0.4431145106194809,-0.97377359235074,-0.7679938227122125,-0.9170175145606756,0.0475495011667091,1.7596276825385477,3.1259187426772517,-0.97377359235074,-0.7679938227122125,2.107359881111248,0.0,0.9338017424177383,34,True
brain_frontal_cortex_ba9,raw,ENSG00000293865.1,ENSG00000293865,0.8717948717948718,237.80594621743487,-0.9971085280152765,6.892763819470163e-05,62.35897435897792,4700.830204909222,0.0,59.325388234937584,0.0,-1.0,-0.7679938227122125,-0.9895115074165909,0.03227368938135993,3.8987879607901137,17.992393539540107,-1.0,-0.7679938227122125,0.2555348989047783,0.0,0.0,269,True
brain_hippocampus,excluded_at_or_below_-1,ENSG00000293865.1,ENSG00000293865,0.25167164728951524,9.257347738476309,-0.9596917304072101,0.04880521739880244,49.23293150392733,12.205933270579177,0.0,0.471271668861455,0.8949097105157369,-0.9759555514202712,-0.5384588680761017,-0.9218296746820541,0.06566508710757882,3.6339591633715664,17.621563159141402,-0.9759555514202712,-0.5384588680761017,9.257199205206996,0.0,8.284357460918303,60,True
brain_hippocampus,raw,ENSG00000293865.1,ENSG00000293865,1.5384615186632604,227.5862579364002,-0.9951272669793025,0.00222435748843635,359.69230769268546,290.3430076296361,0.0,3.098011519963946,0.008343733922083393,-1.0,-0.5384588680761017,-0.9816069822781304,0.045884612688121273,4.794846053596779,35.23556697043007,-1.0,-0.5384588680761017,224.73818078749505,0.0,1.8751555826239106,255,True
brain_hypothalamus,excluded_at_or_below_-1,ENSG00000293865.1,ENSG00000293865,0.13805155285463833,4.859237005779434,-0.977409022081053,0.06688062892589337,57.6106565062864,5.344481813904928,0.0,-0.003690289144407254,1.0,-0.9772345018632704,-0.7246591443347516,-0.930003309485745,0.045867739136710876,2.186031525159124,6.411020368315453,-0.9772345018632704,-0.7246591443347516,4.859200870280703,0.0,4.859200870280703,51,True
brain_hypothalamus,raw,ENSG00000293865.1,ENSG00000293865,1.3076944389588634,214.5519780254673,-0.9969276328758482,0.0017030833901554927,152.30769976458518,226.08745486413758,0.0,2.551245159620906,0.038885005206098625,-1.0,-0.7246591443347516,-0.9861096061625407,0.034544043669560244,3.4755682945224953,15.96271834279127,-1.0,-0.7246591443347516,212.99584777730058,0.0,8.282344649697716,257,True
brain_nucleus_accumbens_basal_ganglia,excluded_at_or_below_-1,ENSG00000293865.1,ENSG00000293865,0.05138529518971173,3.5250014830657874,-0.970487884438287,0.06213000284690708,54.13550950745231,3.9804267474203727,0.0,0.24630885810360875,0.9701108044623868,-0.9813088597579668,-0.7956176019512848,-0.939051350036517,0.03587195452766466,1.7284622813043038,4.103189769630967,-0.9813088597579668,-0.7956176019512848,3.52372214585085,0.0,3.418400925613296,52,True
brain_nucleus_accumbens_basal_ganglia,raw,ENSG00000293865.1,ENSG00000293865,1.3512024881437126,231.6313650880527,-0.9974453671358754,0.0010272421918399856,122.67942369401302,277.8580991462641,0.0,3.516986035063591,0.002115590115567495,-1.0,-0.7956176019512848,-0.9888795445680663,0.02805607030031932,3.1868875171786706,12.359589702724506,-1.0,-0.7956176019512848,225.64732462596018,0.0,0.47737724958292893,285,True
brain_putamen_basal_ganglia,excluded_at_or_below_-1,ENSG00000293865.1,ENSG00000293865,0.37380233135016333,3.0309250519637687,-0.9439751509054202,0.013955071294267773,31.0196305752575,14.389483125188377,0.0,4.547280747663253,3.2350925096713325e-05,-0.9888464692954148,-0.8019836807043371,-0.9386850500321766,0.037438637773198745,1.738714336766148,4.068883182230922,-0.9888464692954148,-0.8019836807043371,3.0308851709928426,0.0,9.805193914352861e-05,31,True
brain_putamen_basal_ganglia,raw,ENSG00000293865.1,ENSG00000293865,0.7948717948708314,242.23628925880377,-0.9978087950761522,0.0009666729267124958,48.35897435904806,286.4862819109957,0.0,3.2056672278836476,0.0059640676414588175,-1.0,-0.8019836807043371,-0.9925166793346357,0.023887974824509692,4.13312116450694,21.069885479001215,-1.0,-0.8019836807043371,238.35591653670653,0.0,1.4215708089668255,254,True
brain_spinal_cord_cervical_c-1,excluded_at_or_below_-1,ENSG00000293865.1,ENSG00000293865,0.4081886518176803,1.8471077438150796,-0.9237730313020801,0.03787799186614259,24.13523054774705,5.740219386257223,0.0,1.8097266671057564,0.19445750424734332,-0.9722443610929964,-0.7700282299457177,-0.9017818168092312,0.05058367047464132,1.0440699242080906,0.4287625150345411,-0.9722443610929964,-0.7700282299457177,1.8470818147822672,0.0,0.35917891984321343,40,True
brain_spinal_cord_cervical_c-1,raw,ENSG00000293865.1,ENSG00000293865,1.0256410256405473,189.36540815443394,-0.9975640799088571,0.001132465083935251,58.97435897440089,284.1449944096992,0.0,3.0419580070235233,0.009921082923823385,-1.0,-0.7700282299457177,-0.9807415327076923,0.04494116540638381,2.5767224974433858,6.474828472522649,-1.0,-0.7700282299457177,186.79606582136603,0.0,1.8532192588577838,204,True
brain_substantia_nigra,excluded_at_or_below_-1,ENSG00000293865.1,ENSG00000293865,0.5921208036195894,11.69882515260502,-0.9478261230883934,0.0062105426887109,48.87293288431547,75.37261241263343,0.0,6.695986732008692,1.8365419183694042e-10,-0.9772316616496272,-0.6168260256470803,-0.9111709253131232,0.0760434103616003,2.561977093673169,6.507882568943835,-0.9772316616496272,-0.6168260256470803,11.697039778221418,0.0,2.1482103873537994e-09,38,True
brain_substantia_nigra,raw,ENSG00000293865.1,ENSG00000293865,0.9743589743589743,144.2627168872655,-0.9951678462554986,0.0010474409684870876,154.97435897435906,510.82223248359566,0.0,6.524183764567583,6.156977566738287e-10,-1.0,-0.6168260256470803,-0.981554618371031,0.0498093456321448,4.398181773178634,24.23426419765185,-1.0,-0.6168260256470803,133.94296706421102,0.0,8.246838434367021e-08,183,True
breast_mammary_tissue,excluded_at_or_below_-1,ENSG00000293865.1,ENSG00000293865,0.3114207151938892,820917322666.872,-2.4371773939195824,0.2867334988110972,18.05194135323056,8.049066399866277,0.0,-7.248938947693474,1.0,-0.967446313380112,-0.8052195111768174,-0.9216115046002333,0.043808048364408186,1.2225710957300011,0.8432383019402141,-0.967446313380112,-0.8052195111768174,3.1833363654064644,0.0,3.1833363654064644,34,True
breast_mammary_tissue,raw,ENSG00000293865.1,ENSG00000293865,0.8717948716409623,505.1352065291386,-0.9973519748287449,0.0009276259821648337,46.3589743690911,292.9158314804826,0.0,4.037050689282117,0.0002897871889550932,-1.0,-0.8052195111768174,-0.9948147687867859,0.022444811043236045,5.266818376574588,31.207310430268443,-1.0,-0.8052195111768174,503.8611483375589,0.0,0.14601250580042469,514,True
cells_cultured_fibroblasts,excluded_at_or_below_-1,ENSG00000293865.1,ENSG00000293865,0.16828182331694486,1.3578570020829732,-0.9582860370904271,0.027482750957259338,13.910237177205076,10.008216965099516,0.0,0.5845407211775844,0.8429535187766716,-0.9696455569620532,-0.7637939591637386,-0.9153959115263377,0.06112853087713081,1.51240056469814,1.128207557207503,-0.9696455569620532,-0.7637939591637386,1.3578563679798448,0.0,1.1446098033819212,16,True
cells_cultured_fibroblasts,raw,ENSG00000293865.1,ENSG00000293865,-0.24637681677771386,585.9646779944273,-0.9971366017490342,0.0032836923370898703,3035.6089288568846,100.49550808909147,0.0,1.2332022081520977,0.4679429981556071,-1.0,-0.7637939591637386,-0.9979238260497261,0.01605317790236885,10.36088193593664,124.40103234228087,-1.0,-0.7637939591637386,585.3877554580868,0.0,273.9281013726384,652,True
cells_ebv-transformed_lymphocytes,excluded_at_or_below_-1,ENSG00000293865.1,ENSG00000293865,0.515497822507805,2.679421072546249,-0.9751541040514489,0.01072098309978551,17.191475396103648,12.584448190956502,0.0,-0.8711855783044896,1.0,-0.9685497508545338,-0.8797529143266276,-0.935803743389719,0.025034346455620828,0.5221587364451938,-0.5599806989375828,-0.9685497508545338,-0.8797529143266276,1.833301789248944,0.0,1.8333017892489658,25,True
cells_ebv-transformed_lymphocytes,raw,ENSG00000293865.1,ENSG00000293865,0.8173576167058492,292.32849789948136,-0.9985077556473055,0.0013957358295529207,118.8319901363436,120.32700145482636,0.0,1.5119997332382191,0.3200799486919278,-1.0,-0.8797529143266276,-0.9950920293111406,0.01838522633792409,3.9757944960429774,15.691317979311286,-1.0,-0.8797529143266276,291.1943870274993,0.0,93.20548445914028,327,True
cervix_ectocervix,excluded_at_or_below_-1,ENSG00000293865.1,ENSG00000293865,,,,,,,,,,,,,,,,,,,,,3,False
cervix_ectocervix,raw,ENSG00000293865.1,ENSG00000293865,0.07692307692307693,23.088978758065032,-0.998632364454631,9.283672420526026e-05,2.7692307692307696,1681.367360217327,0.0,20.833659881923992,0.0,-1.0,-0.8882582016964305,-0.9928311039832444,0.024121011763175843,3.739099341694594,13.24753483884848,-1.0,-0.8882582016964305,14.822548487055744,0.0,0.0,24,True
cervix_endocervix,excluded_at_or_below_-1,ENSG00000293865.1,ENSG00000293865,,,,,,,,,,,,,,,,,,,,,1,False
cervix_endocervix,raw,ENSG00000293865.1,ENSG00000293865,0.025641030745469615,53.10428438307048,-0.9995851603021257,0.0003403513465835454,0.9743589748793821,242.4497877622584,0.0,1.7237244184099614,0.227348463058218,-1.0,-0.94123604391739,-0.9974450453877127,0.012253131870241091,4.477215043467851,18.04545454545474,-1.0,-0.94123604391739,52.87422784424327,0.0,12.020874435778213,23,True
colon_sigmoid,excluded_at_or_below_-1,ENSG00000293865.1,ENSG00000293865,0.3310554345044262,1.2698764588248133,-0.9426053600442107,0.0505902193010097,23.263509411869045,4.0277559285434315,0.0,0.7904973981790737,0.7315785040796645,-0.9708835761459218,-0.7985217073786048,-0.9101510307503561,0.048596253235541446,0.9967883770573868,0.16173508238080458,-0.9708835761459218,-0.7985217073786048,1.2694922950387524,0.0,0.9287332741451106,34,True
colon_sigmoid,raw,ENSG00000293865.1,ENSG00000293865,1.1330954248887817,381.5264538442924,-0.9974812153294074,0.0015327762254032302,44.51733767795203,183.56967562768776,0.0,2.3239526962995094,0.0679562699206223,-1.0,-0.7985217073786048,-0.9927091528532509,0.028103388081858485,4.532677077948342,22.221514848123675,-1.0,-0.7985217073786048,377.16886040189445,0.0,25.63098888312464,419,True
colon_transverse,excluded_at_or_below_-1,ENSG00000293865.1,ENSG00000293865,0.053146288851805785,2.965941533419703,-0.9378241068565734,0.05781787024555568,24.368385632949213,4.802776839483757,0.0,0.8039942019074366,0.7238243025757333,-0.9706941299428034,-0.7414702211975606,-0.9180249631222661,0.04475918106753076,1.9898582869699133,5.271737813550441,-0.9706941299428034,-0.7414702211975606,2.965911035454674,0.0,2.14679848673965,44,True
colon_transverse,raw,ENSG00000293865.1,ENSG00000293865,1.1282051282051169,522.8940236546503,-0.9972798679587974,0.0011839869181970045,90.35897435897536,305.5519163898539,0.0,3.249062607864252,0.00516395823894789,-1.0,-0.7414702211975606,-0.9924699339820036,0.02723910901522316,4.641366975376343,26.973872780454343,-1.0,-0.7414702211975606,516.5782564086785,0.0,2.667588543242931,479,True
esophagus_gastroesophageal_junction,excluded_at_or_below_-1,ENSG00000293865.1,ENSG00000293865,0.2696693282887841,2601979450.4700317,-1.3862034612224585,0.0900034466687606,14.116785353246776,7.951727896305155,0.0,-6.52476163686188,1.0,-0.9709542714011928,-0.8801392169801261,-0.938299054665955,0.02905850667430867,0.5861620285477224,-1.0336113922337433,-0.9709542714011928,-0.8801392169801261,1.4817864629566715,0.0,1.4817864629566928,17,True
esophagus_gastroesophageal_junction,raw,ENSG00000293865.1,ENSG00000293865,0.435897435978588,435.1172236064981,-0.9983476662956148,0.00044309955783919874,15.589743593046471,377.27862565307186,0.0,5.273651695126016,9.261950776836688e-07,-1.0,-0.8801392169801261,-0.9973972305938493,0.013704356666543611,5.922915380818576,36.90244550903469,-1.0,-0.8801392169801261,429.27396623431247,0.0,0.0003975914345039633,403,True
esophagus_mucosa,excluded_at_or_below_-1,ENSG00000293865.1,ENSG00000293865,0.08732563811046722,2.2094463672341877,-0.9807791392520625,0.04702978111458012,13.075544309320822,6.637319741432829,0.0,-0.3754272656900862,1.0,-0.9682942765696382,-0.7600545592223907,-0.9274078954888504,0.05164663621443117,2.332583642243909,5.048246211460224,-0.9682942765696382,-0.7600545592223907,2.059100332024467,0.0,2.0591003320244696,16,True
esophagus_mucosa,raw,ENSG00000293865.1,ENSG00000293865,0.41025641025641024,643.9863275390591,-0.9972565982195637,0.0009358911807996839,23.435897435897438,358.43306086688483,0.0,4.145520424305011,0.00018624040291797338,-1.0,-0.7600545592223907,-0.9981083490681135,0.014114848251183932,10.917114184674906,150.33829537587195,-1.0,-0.7600545592223907,641.2888190442474,0.0,0.11943388804559368,614,True
esophagus_muscularis,excluded_at_or_below_-1,ENSG00000293865.1,ENSG00000293865,0.2800931083768171,1.5098676958470287,-0.9165574693502544,0.009298302659887157,9.053499377680485,23.808314281819793,0.0,7.7578954429058715,8.530154003272022e-14,-0.9675648007400428,-0.7600203536669647,-0.8871125370167393,0.06000881530975519,0.8755367641548646,-0.19323136262089147,-0.9675648007400428,-0.7600203536669647,1.5097719315163372,0.0,1.2878587085651816e-13,16,True
esophagus_muscularis,raw,ENSG00000293865.1,ENSG00000293865,0.4108582932228739,562.3169319226622,-0.9970021137960086,1.0388707989940613e-05,15.435911564158753,32260.298348366345,,408.10188641755497,,-1.0,-0.7600203536669647,-0.9967803932125985,0.0212173230114074,7.785217361822145,66.99645627956271,-1.0,-0.7600203536669647,0.0,0.0,0.0,561,True
fallopian_tube,excluded_at_or_below_-1,ENSG00000293865.1,ENSG00000293865,,,,,,,,,,,,,,,,,,,,,1,False
fallopian_tube,raw,ENSG00000293865.1,ENSG00000293865,0.040500081918055306,27.214668977417,-0.9995160790354896,0.0004599978802194356,1.6465471742869005,118.70084560744337,0.0,1.487762488820431,0.331789107281813,-1.0,-0.9609065374411816,-0.9986519495669374,0.007259473750371699,5.102520385624598,24.035714285714473,-1.0,-0.9609065374411816,27.120590811909025,0.0,8.99831661443863,29,True
heart_atrial_appendage,excluded_at_or_below_-1,ENSG00000293865.1,ENSG00000293865,0.07386282556768568,1.027114615422016,-0.932458993891091,0.024858976259592783,6.187927046420417,6.069041286052166,0.0,2.4138988302919486,0.054289004824999494,-0.9748903884921952,-0.8257776854504518,-0.9284420781451918,0.03427951280504462,1.7000845532495563,3.56354248263914,-0.9748903884921952,-0.8257776854504518,1.0270936579410757,0.0,0.05575989255168945,15,True
heart_atrial_appendage,raw,ENSG00000293865.1,ENSG00000293865,0.38461538461538464,487.3262127133024,-0.9977446853052533,0.0002592060172946436,15.230769230769234,938.2423526025834,0.0,12.304871090647872,0.0,-1.0,-0.8257776854504518,-0.9976716511327068,0.014046510906886706,7.314072355570768,63.74085868080131,-1.0,-0.8257776854504518,451.5951271118061,0.0,0.0,461,True
heart_left_ventricle,excluded_at_or_below_-1,ENSG00000293865.1,ENSG00000293865,0.001496437626834363,3.275754963835315,-1.054106744550642,0.08998985189031744,7.252935011481197,3.240617340689166,0.0,-1.1768234650583729,1.0,-0.9792226024809352,-0.8478983738485111,-0.9475273552523472,0.030301471353831967,1.8731611624234288,4.171387844653747,-0.9792226024809352,-0.8478983738485111,1.6218329075090578,0.0,1.6218329075090572,19,True
heart_left_ventricle,raw,ENSG00000293865.1,ENSG00000293865,0.4871676378112805,474.6789145999464,-0.9983364299961615,0.0007793385040634917,19.743589750106786,272.98989873047486,0.0,3.018769442442412,0.010725614905797825,-1.0,-0.8478983738485111,-0.9977942914818464,0.012155894945703627,7.184830410431471,64.02473571213388,-1.0,-0.8478983738485111,464.64543754202,0.0,4.98360803081141,452,True
kidney_cortex,excluded_at_or_below_-1,ENSG00000293865.1,ENSG00000293865,,,,,,,,,,,,,,,,,,,,,11,False
kidney_cortex,raw,ENSG00000293865.1,ENSG00000293865,0.3989454623920182,85.64937218382263,-0.9989398145381942,0.0010717938682479361,68.41862187759403,111.57042795174691,0.0,1.398896469866434,0.3770576481344109,-1.0,-0.9143836316970252,-0.9950990032890317,0.015455701267283224,3.3219238304051926,10.816488977962598,-1.0,-0.9143836316970252,85.38440035032242,0.0,32.19484118345954,104,True
kidney_medulla,excluded_at_or_below_-1,ENSG00000293865.1,ENSG00000293865,,,,,,,,,,,,,,,,,,,,,2,False
kidney_medulla,raw,ENSG00000293865.1,ENSG00000293865,0.05128205128205128,10.770377759040583,-0.9992413833841332,2.288763257452423e-06,1.8974358974359797,36982.14014841808,,468.7448137360608,,-1.0,-0.9393894870329051,-0.9896777055601347,0.023029702772031414,1.6714382702041444,0.8302936331447182,-1.0,-0.9393894870329051,0.0,0.0,0.0,11,True
liver,excluded_at_or_below_-1,ENSG00000293865.1,ENSG00000293865,,,,,,,,,,,,,,,,,,,,,8,False
liver,raw,ENSG00000293865.1,ENSG00000293865,-0.053796136552043836,238.67816458367707,-0.9971683077584553,0.002784067843107989,259.51644243266395,114.46359090246305,0.0,1.4384051675942207,0.3566571735039597,-1.0,-0.7718314766624009,-0.9978587613549311,0.016253284906465316,11.182960895945838,144.07910051432503,-1.0,-0.7718314766624009,237.83843451465836,0.0,84.82678380460423,262,True
lung,excluded_at_or_below_-1,ENSG00000293865.1,ENSG00000293865,0.4245913301186265,8.63957594020751,-0.9238112298922255,0.05221556074524183,100.2466750308592,11.497082258123525,0.0,1.4433850009047806,0.35286421911787236,-0.9771038578225122,-0.4993162221971191,-0.8907447847299307,0.07381854857501198,2.5291723729888536,9.11129125508147,-0.9771038578225122,-0.4993162221971191,8.639505217082624,0.0,3.0485722619906443,79,True
lung,raw,ENSG00000293865.1,ENSG00000293865,2.0256399402342433,743.4659751521236,-0.9953003043343316,0.0026282243733777373,406.9743590127845,266.88262341093724,0.0,2.5288454885123217,0.04145613684110896,-1.0,-0.4993162221971191,-0.9857099966782525,0.04543316528409292,4.708853760672163,30.954554155713957,-1.0,-0.4993162221971191,732.8291589290928,0.0,30.380265893719248,604,True
minor_salivary_gland,excluded_at_or_below_-1,ENSG00000293865.1,ENSG00000293865,0.21039916700558262,1.4559417620165274,-0.9158148973349952,0.009467523217963302,14.581043576281633,23.220564902064275,0.0,8.624795317935366,7.626030068321281e-17,-0.9735540196961991,-0.7603636676242458,-0.9082366162614485,0.05481876294340618,1.5276471395907492,2.1664535141322823,-0.9735540196961991,-0.7603636676242458,1.4558335263285291,0.0,1.1102230246251565e-16,13,True
minor_salivary_gland,raw,ENSG00000293865.1,ENSG00000293865,0.3333333333333334,190.74790465316545,-0.9972311636539786,0.0006310177817961486,18.666666666666664,530.8586145022766,0.0,6.205412946350782,4.358800226605509e-09,-1.0,-0.7603636676242458,-0.9934092597314851,0.027655183441779592,5.294150728717892,32.90385162341302,-1.0,-0.7603636676242458,190.27050359202448,0.0,8.293511141732601e-07,181,True
muscle_skeletal,excluded_at_or_below_-1,ENSG00000293865.1,ENSG00000293865,0.24200317069998525,4.257763837015787,-0.9496670878285659,0.04500240682791355,91.75709863340572,4.575457286019614,0.0,0.8672510884801485,0.686556324607652,-0.977264324444119,-0.8040691416006439,-0.932982064063383,0.03475276157391056,1.3548146992891144,2.310102645898599,-0.977264324444119,-0.8040691416006439,4.257607785411682,0.0,2.923087552773169,73,True
muscle_skeletal,raw,ENSG00000293865.1,ENSG00000293865,1.8717475325813053,862.1803617698872,-0.9979229296660462,0.0009651969696607653,196.35897444673967,284.0359686332692,0.0,3.0433384362083493,0.009883545941285737,-1.0,-0.8040691416006439,-0.9940191817562678,0.021724061741261416,4.351873931402427,21.764552635128457,-1.0,-0.8040691416006439,850.1340111121915,0.0,8.402338555076849,818,True
nerve_tibial,excluded_at_or_below_-1,ENSG00000293865.1,ENSG00000293865,0.6006457096333686,12.14952987207347,-0.9019062919472913,0.07899591825142452,113.23717833129493,9.217054918123875,0.0,1.3299751748424788,0.4129687882774024,-0.9761967760605832,-0.3870549737282716,-0.861323428531186,0.0931764176755373,2.2590753562999737,7.062387402180274,-0.9761967760605832,-0.3870549737282716,12.149120187192558,0.0,5.017207442341439,129,True
nerve_tibial,raw,ENSG00000293865.1,ENSG00000293865,3.30769228700662,606.4356722954918,-0.9931047367359338,0.0022099621570664807,830.3076923400783,387.8273623726368,0.0,4.412462355065751,6.0055663097797395e-05,-1.0,-0.3870549737282716,-0.9732995854933181,0.06823033952104013,3.659855303716,18.05731481550667,-1.0,-0.3870549737282716,597.6022202065487,0.0,0.035889397603220186,670,True
ovary,excluded_at_or_below_-1,ENSG00000293865.1,ENSG00000293865,,,,,,,,,,,,,,,,,,,,,6,False
ovary,raw,ENSG00000293865.1,ENSG00000293865,0.15387184622086236,212.99053776986773,-0.9983956625571179,0.00016664618616275435,7.076923102666903,1116.5221424721592,0.0,13.614927665560703,0.0,-1.0,-0.8668284355415381,-0.9974754433052769,0.015253437343444651,6.579366937129375,44.78079453502626,-1.0,-0.8668284355415381,195.98192375558136,0.0,0.0,193,True
pancreas,excluded_at_or_below_-1,ENSG00000293865.1,ENSG00000293865,-0.012005324189231737,1.0480171550774733,-0.9615267211038704,0.0452653785501736,13.870410328687557,2.9751098700448493,0.0,0.4222572452686028,0.9136778058275196,-0.975042101355608,-0.8663010224689639,-0.9439756332673139,0.024786354751611027,1.385979009200247,2.8124016970146224,-0.975042101355608,-0.8663010224689639,1.0354725922013035,0.0,0.946088326037021,20,True
pancreas,raw,ENSG00000293865.1,ENSG00000293865,0.512857027717789,424.74820123545635,-0.9984351106274627,0.00022767469661622708,19.74358979558992,820.7579599437696,0.0,9.720394084838915,0.0,-1.0,-0.8663010224689639,-0.9969047311197411,0.014022072828566483,5.231730775164357,31.170128688325462,-1.0,-0.8663010224689639,424.6984582597161,0.0,0.0,362,True
pituitary,excluded_at_or_below_-1,ENSG00000293865.1,ENSG00000293865,-0.02551858516054662,3.0469564125825808,-0.9862743145062651,0.13185148317299913,28.996436683407325,3.4947183765237564,0.0,-0.2796784564601693,1.0,-0.9601990311990332,-0.6604509640050982,-0.8947843871952779,0.057676644272619766,1.941257334098871,5.671828174808976,-0.9601990311990332,-0.6604509640050982,2.92330065390248,0.0,2.9233006539024786,36,True
pituitary,raw,ENSG00000293865.1,ENSG00000293865,0.9230769229822415,318.0971976568319,-0.9964447019015932,0.0018306685621137997,60.7692307763657,259.5592183311424,0.0,2.7465106972946014,0.02317754967626396,-1.0,-0.6604509640050982,-0.9878985237668692,0.038776357006256305,4.071750568258337,20.924661137939502,-1.0,-0.6604509640050982,315.850070040914,0.0,7.32063068862473,313,True
prostate,excluded_at_or_below_-1,ENSG00000293865.1,ENSG00000293865,0.3789196245860394,4.255516056850847,-0.9057265096023063,0.005051917600791174,16.86881518360339,44.94753097476675,0.0,17.382638586002262,0.0,-0.9678215567417624,-0.7451629081173241,-0.9095417447161833,0.052048004809214864,1.5645485245687345,2.8088625601775323,-0.9678215567417624,-0.7451629081173241,4.255460449548179,0.0,0.0,22,True
prostate,raw,ENSG00000293865.1,ENSG00000293865,0.5641025641025642,310.45049155089276,-0.9970347816730454,0.0005198242927294026,43.5897435897436,685.2327306454771,0.0,8.06705656512946,7.394306191401667e-15,-1.0,-0.7451629081173241,-0.9929429729920427,0.02816222338239239,5.016766467743544,29.951561364074927,-1.0,-0.7451629081173241,310.2610033586587,0.0,2.2941648580854235e-12,282,True
skin_not_sun_exposed_suprapubic,excluded_at_or_below_-1,ENSG00000293865.1,ENSG00000293865,0.9334406767715326,927367660661.4298,-4.155536759671739,0.6673175763107217,75.3539446440431,13.143495658306199,0.0,-6.767979375557575,1.0,-0.961965637471932,2.0464159724414808,-0.6635952670371237,0.4836736852823548,2.79116454366549,9.596838527904689,-0.961965637471932,2.0464159724414808,104.88279864297802,0.0,104.88279864297802,128,True
skin_not_sun_exposed_suprapubic,raw,ENSG00000293865.1,ENSG00000293865,1.3091195065705734,220696265574.95282,-2.1697042157894124,0.27140502443998565,180.64169491252204,21.96899030551879,0.0,-6.094992417136183,1.0,-1.0,2.0464159724414808,-0.9338559050395574,0.25221413456995667,6.373648833484702,51.74635642303833,-1.0,2.0464159724414808,1892.3731338159996,0.0,1892.373133815986,651,True
skin_sun_exposed_lower_leg,excluded_at_or_below_-1,ENSG00000293865.1,ENSG00000293865,0.24417974160496092,37.933177043488875,-1.0794949256206041,0.20801561816632913,66.50008115171224,8.86753648814895,0.0,-0.7638632092616534,1.0,-0.9671388558609226,0.2248244029958668,-0.8512985424044696,0.15574911121095453,4.147686216981465,22.6701761717362,-0.9671388558609226,0.2248244029958668,28.33456993586267,0.0,28.334569935862707,114,True
skin_sun_exposed_lower_leg,raw,ENSG00000293865.1,ENSG00000293865,2.265897478268137,79232007599.83063,-1.35129100587341,0.08491748320094906,1024.875334994717,26.248585133093485,0.0,-5.85039129892996,1.0,-1.0,0.2248244029958668,-0.9775172862521347,0.08050954636314275,7.697913283937029,87.93843083126208,-1.0,0.2248244029958668,2928.094107749467,0.0,2928.094107749384,754,True
small_intestine_terminal_ileum,excluded_at_or_below_-1,ENSG00000293865.1,ENSG00000293865,0.17620284515340814,1.3342015479615164,-0.9410374870946625,0.03975563300861965,27.49166828329028,5.529046371868293,0.0,0.6231993084259674,0.8235070104113242,-0.9585565405503752,-0.7856078233607167,-0.91169717093759,0.042701390929802824,1.398681516848534,1.5102927356907117,-0.9585565405503752,-0.7856078233607167,1.33419387385034,0.0,1.098718008363597,23,True
small_intestine_terminal_ileum,raw,ENSG00000293865.1,ENSG00000293865,0.5897435897495665,183.91655055550248,-0.997338072335945,0.000342282493525619,29.43589747318367,874.808952631953,0.0,10.998325289111564,0.0,-1.0,-0.7856078233607167,-0.9901885745486212,0.03112208127446031,3.6705105840465104,14.724233385894433,-1.0,-0.7856078233607167,149.21694565355625,0.0,0.0,207,True
spleen,excluded_at_or_below_-1,ENSG00000293865.1,ENSG00000293865,-0.06246023475553778,2.103051060500441,-0.9756766264484648,0.16042879522829448,42.102094418144034,2.1303747641150457,0.0,-0.07670418691334067,1.0,-0.9669752813172358,-0.7340062975214587,-0.8880610928441378,0.057112882803172685,0.700411390069307,-0.15922888744846553,-0.9669752813172358,-0.7340062975214587,1.8794392971908014,0.0,1.8794392971908018,44,True
spleen,raw,ENSG00000293865.1,ENSG00000293865,1.696143204682224,213.67856078238268,-0.9966976778126277,0.0031980297709369387,404.8501481904502,116.1658081179899,0.0,1.4603331298380617,0.3455523958083308,-1.0,-0.7340062975214587,-0.9822190905600796,0.04678111254336123,2.857133383048523,7.858686911217831,-1.0,-0.7340062975214587,212.89464171307202,0.0,73.56625349870791,277,True
stomach,excluded_at_or_below_-1,ENSG00000293865.1,ENSG00000293865,0.10391857569187807,2.0098728865713977,-0.9267204939837851,0.05011539808374034,34.54943195730769,5.505278371731478,0.0,1.4215749736665118,0.3640595446681705,-0.9770967579418484,-0.731630286605091,-0.912574493813617,0.04811744052281412,1.7784141380184522,4.583936004930037,-0.9770967579418484,-0.731630286605091,2.0098717154178853,0.0,0.7317129815564702,31,True
stomach,raw,ENSG00000293865.1,ENSG00000293865,0.7948977387464586,494.31879286600554,-0.9966655786056768,3.847045490141881e-05,54.35897438522467,9742.97042796129,0.0,122.57676626394422,0.0,-1.0,-0.731630286605091,-0.9933410548113566,0.026650050337616457,5.068125725038919,31.792130028573645,-1.0,-0.731630286605091,1.461450294115707e-09,0.0,0.0,407,True
testis,excluded_at_or_below_-1,ENSG00000293865.1,ENSG00000293865,1.6291946541503197,17.941566620498424,-0.8613645548368312,0.16278668903611154,531.5703125451844,4.501832092859664,0.0,1.0638750779252293,0.5678291845676995,-0.98382463165357,-0.3431695944070871,-0.7989220389767753,0.12732717860053006,1.0786147557272663,0.959095300430012,-0.98382463165357,-0.3431695944070871,17.940661775037537,0.0,10.18723134632446,342,True
testis,raw,ENSG00000293865.1,ENSG00000293865,-1.3287040830813144,2160487591624.066,-12.32486518271175,2.273326536072739,3093.1438139134275,7.453692257725074,0.0,-7.045084671868435,1.0,-1.0,-0.3431695944070871,-0.8338921191547274,0.13859559682983277,0.9313177132187282,0.6557474297178079,-1.0,-0.3431695944070871,34.180451879857785,0.0,34.180451879857785,414,True
thyroid,excluded_at_or_below_-1,ENSG00000293865.1,ENSG00000293865,0.36038100056474637,2.109053581861852,-0.9456678835155593,0.03809562754530204,25.78948113318177,8.240897854875914,0.0,0.8298425819186114,0.7087058173689039,-0.9680219145919936,-0.7236772424475819,-0.9002119999078276,0.06115615335556824,1.284909942140209,0.9235222391971836,-0.9680219145919936,-0.7236772424475819,2.1090438998727823,0.0,1.494691680926241,33,True
thyroid,raw,ENSG00000293865.1,ENSG00000293865,0.8461538461523963,654.9889396419825,-0.9966595310041532,0.0013193389031693644,49.07692307761639,292.6126515612878,0.0,3.580684649914563,0.0016556992716711368,-1.0,-0.7236772424475819,-0.9951856666622197,0.025162169999952716,6.581316869623712,49.61303671733837,-1.0,-0.7236772424475819,650.342343875055,0.0,1.0767713450908276,684,True
uterus,excluded_at_or_below_-1,ENSG00000293865.1,ENSG00000293865,,,,,,,,,,-0.9533957916908632,-0.8920202738804344,,,,,,,,,,6,False
uterus,raw,ENSG00000293865.1,ENSG00000293865,0.1538461538455248,147.61947912708567,-0.9986147080227683,0.0004904605097953974,5.076923076930148,307.35867909214704,0.0,3.994406609545796,0.000347686014531183,-1.0,-0.8920202738804344,-0.9969303041480557,0.01592903998076546,5.339627824313605,28.006517708073215,-1.0,-0.8920202738804344,145.65000784042508,0.0,0.05064047074247002,153,True
vagina,excluded_at_or_below_-1,ENSG00000293865.1,ENSG00000293865,,,,,,,,,,-0.9503915349798212,-0.8658316423380306,,,,,,,,,,4,False
vagina,raw,ENSG00000293865.1,ENSG00000293865,0.10256410256410259,213.05485741467436,-0.9985086336406863,0.0003713426098913377,3.5897435897435885,505.28432643368967,0.0,5.679688987012892,1.0316414297692349e-07,-1.0,-0.8658316423380306,-0.9980380963781333,0.013731320031997497,7.742492436853522,63.0476124974098,-1.0,-0.8658316423380306,204.1919903748441,0.0,2.1065291689770227e-05,170,True
whole_blood,excluded_at_or_below_-1,ENSG00000293865.1,ENSG00000293865,0.11932782905884587,634241334837.4341,-2.536976701526202,0.3134313380678579,21.001429984720787,8.670608797340702,0.0,-7.125822059797715,1.0,-0.9576848587241524,-0.6153146629772652,-0.9010094661692561,0.08343535592707169,2.5011047958776302,5.485488507358827,-0.9576848587241524,-0.6153146629772652,5.971632461569247,0.0,5.971632461569247,26,True
whole_blood,raw,ENSG00000293865.1,ENSG00000293865,0.6666666666666667,823.5102429064642,-0.9955997185946185,0.0016809703694167684,62.666666669507435,319.9368013895837,0.0,3.70199127537757,0.0010603440511534105,-1.0,-0.6153146629772652,-0.9967948270490667,0.02289966213147841,11.267452277396032,157.25605753256468,-1.0,-0.6153146629772652,820.872774417581,0.0,0.8704075631074837,803,True
adipose_subcutaneous,excluded_at_or_below_-1,ENSG00000293866.1,ENSG00000293866,1.0488305898263488,75.09813236470528,-0.9557013125610938,0.04920784670312414,380.4560505782564,27.47330896645335,0.0,1.0028858124113884,0.6047866051983845,-0.990596927078513,0.0002380250452203,-0.910895060244226,0.12283888679008509,4.765781321800946,26.75116727933513,-0.990596927078513,0.0002380250452203,75.09735326193271,0.0,45.41787333866811,266,True
adipose_subcutaneous,raw,ENSG00000293866.1,ENSG00000293866,2.8487493796685035,483014741593.7697,-1.6902929214968603,0.1542692584327942,3336.104658013783,15.49739602367215,0.0,-6.328037235080683,1.0,-1.0,0.0002380250452203,-0.9668040420517704,0.08641073177766377,6.6069418156762145,57.182699509109554,-1.0,0.0002380250452203,973.8773646653593,0.0,973.8773646653489,714,True
adipose_visceral_omentum,excluded_at_or_below_-1,ENSG00000293866.1,ENSG00000293866,0.6837925682674979,25.720713074969208,-0.970573644781337,0.07246361738332392,136.32871180642084,6.4746528171937285,0.0,0.3034142973309294,0.9550153204515519,-0.9861204462937794,-0.6388155730741946,-0.9277778041958569,0.05244113966576846,2.0335698673088256,5.6776699652282385,-0.9861204462937794,-0.6388155730741946,25.720655911625425,0.0,24.56362044766506,263,True
adipose_visceral_omentum,raw,ENSG00000293866.1,ENSG00000293866,6.7368126852840495,309.7711891434659,-0.9954917044938799,0.0038636833457301447,3550.5969036844444,130.55319944527304,0.0,1.6501592075309588,0.2576951592256718,-1.0,-0.6388155730741946,-0.9676415034131353,0.05021638676895828,2.273241155890122,7.012844546349735,-1.0,-0.6388155730741946,308.06141620141335,0.0,79.3859356993095,587,True
adrenal_gland,excluded_at_or_below_-1,ENSG00000293866.1,ENSG00000293866,0.11060624994090143,1.863453031904913,-0.9695570343412393,0.027089367182074442,23.44914072591159,4.10645513048095,0.0,0.9326134565856878,0.647263382724104,-0.9874213152649772,-0.8908975773780028,-0.9598105931114168,0.02200411164826051,1.556961440138823,2.8146324534184055,-0.9874213152649772,-0.8908975773780028,1.8630457139717433,0.0,1.2058812709949942,35,True
adrenal_gland,raw,ENSG00000293866.1,ENSG00000293866,0.8974358974213394,261.93736749387665,-0.9986928289298272,0.0005426788114721392,57.589743591705115,280.9129516047745,0.0,3.4064699352558003,0.003032095167601559,-1.0,-0.8908975773780028,-0.9952317652844054,0.015015480462315434,3.857005422966782,17.338702915471355,-1.0,-0.8908975773780028,261.0176772296178,0.0,0.7914304377865071,295,True
artery_aorta,excluded_at_or_below_-1,ENSG00000293866.1,ENSG00000293866,1.4519097626650406,26.904254336685145,-0.9465725793650412,0.053909480634585755,351.4342762952568,10.777156533249368,0.0,0.9752164772527437,0.6215699229766547,-0.983747596769602,-0.5357499660885959,-0.9101621303731554,0.0654607778198327,2.008267817274047,5.880360358197407,-0.983747596769602,-0.5357499660885959,26.903804469201685,0.0,16.72259567170067,250,True
artery_aorta,raw,ENSG00000293866.1,ENSG00000293866,6.410256409543987,288.8532700952458,-0.9949939491874439,0.0014736941773647418,3867.4358978406663,440.7081735899989,0.0,4.803998727677364,1.0325319720775171e-05,-1.0,-0.5357499660885959,-0.9524163826129001,0.06542367631020808,2.0506823554916864,5.996461023562203,-1.0,-0.5357499660885959,272.49721922953705,0.0,0.0028136209115672273,472,True
artery_coronary,excluded_at_or_below_-1,ENSG00000293866.1,ENSG00000293866,0.524826097724978,7.80432033255761,-0.948025392276521,0.04478957362512752,106.26458434760052,6.887965351354746,0.0,1.4599121088652944,0.3444983821259115,-0.9942622850811076,-0.7298765642352012,-0.92718794018147,0.05057252017849505,1.8270990548555297,3.8657410637277554,-0.9942622850811076,-0.7298765642352012,7.80427508234462,0.0,2.688560139533286,108,True
artery_coronary,raw,ENSG00000293866.1,ENSG00000293866,2.7435897619881042,180.43658469494207,-0.9970570803368399,0.0011973092958367283,447.4358974428332,315.5828746896378,0.0,3.4760582876013313,0.00245504569224589,-1.0,-0.7298765642352012,-0.970657826640294,0.04801276716133604,2.2269324226158376,6.015714094340266,-1.0,-0.7298765642352012,174.774868728079,0.0,0.4290802885836964,268,True
artery_tibial,excluded_at_or_below_-1,ENSG00000293866.1,ENSG00000293866,0.8618812822581453,17.425773817334136,-0.9469058890417503,0.050394294617493736,321.3352792077136,6.617267162217291,0.0,1.0510654317298704,0.5755849720898004,-0.9843597096231178,-0.7111052152199921,-0.9248323621737673,0.04762131660710594,1.7315027311866,3.5871940739527934,-0.9843597096231178,-0.7111052152199921,17.425758850950587,0.0,10.030004921867986,229,True
artery_tibial,raw,ENSG00000293866.1,ENSG00000293866,5.523559641295462,432.24428934267655,-0.9964034736476565,0.003172870888189743,2790.664749051223,127.16327912732223,0.0,1.6030454828304124,0.2780235295855396,-1.0,-0.7111052152199921,-0.9750891619939113,0.04475611725131832,2.3040584083730398,6.302207000762955,-1.0,-0.7111052152199921,430.1624951807816,0.0,119.59529520548298,691,True
bladder,excluded_at_or_below_-1,ENSG00000293866.1,ENSG00000293866,0.2689486836817335,7.911198221136715,-0.9617116637766113,0.004477306374426116,13.2688218843682,69.54584138948023,0.0,8.569965430055094,1.1234587516540805e-16,-0.988843606129229,-0.7415341409098066,-0.9508381933326983,0.05158235212055221,3.3836427356083836,11.295072400756865,-0.988843606129229,-0.7415341409098066,7.905750152308212,0.0,8.881784197001252e-16,21,True
bladder,raw,ENSG00000293866.1,ENSG00000293866,0.5263153029683157,57.872723149416956,-0.9974385276238119,0.0032530033385808877,67.4736797580295,111.25210050340581,0.0,1.1135767772158103,0.5379685661252717,-1.0,-0.7415341409098066,-0.9865922345452813,0.03443666564579011,5.058231960722456,31.772812429549447,-1.0,-0.7415341409098066,57.86858704264327,0.0,31.131480795026263,77,True
brain_amygdala,excluded_at_or_below_-1,ENSG00000293866.1,ENSG00000293866,0.09012292671987532,5.754524931498926,-0.973815328752097,0.015782574369760192,21.946944626720132,9.646417932960128,0.0,1.5258247063493877,0.3122147438744119,-0.990843479622583,-0.8661616387583034,-0.9682025558814844,0.0205075146534051,3.030960231494157,11.263912812649547,-0.990843479622583,-0.8661616387583034,5.7544876942496135,0.0,1.796635901588598,52,True
brain_amygdala,raw,ENSG00000293866.1,ENSG00000293866,1.3193603751215592,124.4507927256416,-0.9983589064395724,0.0015939963747146158,207.06045583863101,117.28707281218809,0.0,1.4559987758412867,0.34727776519349085,-1.0,-0.8661616387583034,-0.9908648226841834,0.01809232164600378,3.0905425709093737,14.027395967443177,-1.0,-0.8661616387583034,124.16043055640978,0.0,43.1181568490916,181,True
brain_anterior_cingulate_cortex_ba24,excluded_at_or_below_-1,ENSG00000293866.1,ENSG00000293866,0.42857781284913904,21.41655502787462,-0.9710970247987297,0.034567544785837276,36.76047310264332,14.226178444957355,0.0,0.6640497749679981,0.8021532219136275,-0.9873283571427024,-0.6233673228559902,-0.9473478233080075,0.048820486050680865,3.891222387161234,19.73454950889475,-0.9873283571427024,-0.6233673228559902,21.416010792542465,0.0,17.178922057774958,125,True
brain_anterior_cingulate_cortex_ba24,raw,ENSG00000293866.1,ENSG00000293866,2.8007554447821272,149825366072.16907,-1.1987975680418448,0.04432292117554237,1417.9085023893035,18.3602803100117,0.0,-6.343043496120047,1.0,-1.0,-0.6233673228559902,-0.9717531240922785,0.044342445249289195,3.811979646657619,22.20981192631445,-1.0,-0.6233673228559902,274.6879784798105,0.0,274.6879784797959,233,True
brain_caudate_basal_ganglia,excluded_at_or_below_-1,ENSG00000293866.1,ENSG00000293866,0.5023761253521806,13.328115234275522,-0.9715558460396467,0.029078714189796368,70.69005898872098,8.421196145059074,0.0,0.8209326577490696,0.713937287818352,-0.9884356630339752,-0.7984012657459353,-0.9553404773073209,0.0323481764433348,2.39769056627893,7.20039223155568,-0.9884356630339752,-0.7984012657459353,13.328047772961222,0.0,9.51539027894136,135,True
brain_caudate_basal_ganglia,raw,ENSG00000293866.1,ENSG00000293866,3.4587150338663664,229.3543374022527,-0.9974866921916571,1.1276860325584335e-05,959.6926194697708,24966.99453762029,,315.1900339594224,,-1.0,-0.7984012657459353,-0.9799032147882943,0.031052217505142303,2.4423483528821013,8.31031986647127,-1.0,-0.7984012657459353,0.0,0.0,0.0,300,True
brain_cerebellar_hemisphere,excluded_at_or_below_-1,ENSG00000293866.1,ENSG00000293866,0.018385793985666563,1.026003075024356,-0.9579498260837165,0.032160513785818766,26.836365832270836,2.1123897160332503,0.0,0.955516948751128,0.5893906360400905,-0.9796791580746558,-0.9099121460677568,-0.952080430242699,0.017249021066443933,0.3981090854777792,-0.37874565696379836,-0.9796791580746558,-0.9099121460677568,0.9157967492495998,0.0,0.5397620285236687,28,True
brain_cerebellar_hemisphere,raw,ENSG00000293866.1,ENSG00000293866,1.6082668402634221,231.59150121785925,-0.998917032333341,0.001242138914417328,401.8641416604447,101.33481514288509,0.0,1.2329921750493102,0.4678796372050781,-1.0,-0.9099121460677568,-0.9951561445732694,0.015443917613431614,3.253690859463371,9.870134991473186,-1.0,-0.9099121460677568,231.4547520257797,0.0,108.2929654072131,277,True
brain_cerebellum,excluded_at_or_below_-1,ENSG00000293866.1,ENSG00000293866,0.6111563180058261,2.532015926043464,-0.9389642712945073,0.01211090988740839,32.14957975663748,7.928387325320537,0.0,5.054948116963119,2.8271558816121123e-06,-0.9822533633799596,-0.8710678891608901,-0.9426407889668525,0.024268256837476493,0.6830215483505934,0.8157154810437972,-0.9822533633799596,-0.8710678891608901,2.5319883271245334,0.0,7.158325691203338e-06,44,True
brain_cerebellum,raw,ENSG00000293866.1,ENSG00000293866,2.1647424609403765,205.7745990169687,-0.9984263430442868,0.0016824168082667276,358.7824590536228,107.05554763823626,0.0,1.3227917115171792,0.4175687927272307,-1.0,-0.8710678891608901,-0.9905120102050433,0.023483628793651654,2.536663831077488,5.919555826192806,-1.0,-0.8710678891608901,205.44911946694123,0.0,85.78914078268323,266,True
brain_cortex,excluded_at_or_below_-1,ENSG00000293866.1,ENSG00000293866,0.9018960730042644,8.503103558514844,-0.9680018988677117,0.02918361686534377,78.08515659361365,5.757675089985579,0.0,0.9829212973358898,0.6168930798196838,-0.9882853972822668,-0.8491868992580958,-0.952069450703733,0.02824092584121426,1.2361205599841645,1.2095486773149382,-0.9882853972822668,-0.8491868992580958,8.503038250781863,0.0,5.2454654543494,142,True
brain_cortex,raw,ENSG00000293866.1,ENSG00000293866,3.642495920729839,133.2176770079272,-0.9981055910123349,3.524042098761041e-05,598.974443352861,5976.172465242276,0.0,76.02346419129242,0.0,-1.0,-0.8491868992580958,-0.9747920814812224,0.03151136548488705,1.3323218640785057,1.421437688072423,-1.0,-0.8491868992580958,0.0012778221071658713,0.0,0.0,270,True
brain_frontal_cortex_ba9,excluded_at_or_below_-1,ENSG00000293866.1,ENSG00000293866,0.48701345670047813,13.13091840914726,-0.9861722594419075,0.0678493164534743,95.61175161079115,4.848536365180373,0.0,0.021861560173775,0.9997642652234224,-0.987221105213057,-0.7535554277766253,-0.9397133893793814,0.04088165287942019,1.564074742776109,2.945246200337837,-0.987221105213057,-0.7535554277766253,13.130773183547879,0.0,13.127677803665165,157,True
brain_frontal_cortex_ba9,raw,ENSG00000293866.1,ENSG00000293866,4.02561300270678,191.6113990174653,-0.9981807884363886,0.0016654775711857637,982.9743626565669,207.71970078176466,0.0,1.5447543158768708,0.3065789273816364,-1.0,-0.7535554277766253,-0.9648141343217952,0.04312005048070805,1.5785597083378473,2.917486253467616,-1.0,-0.7535554277766253,189.54310284270454,0.0,58.1099211621035,269,True
brain_hippocampus,excluded_at_or_below_-1,ENSG00000293866.1,ENSG00000293866,0.26378225103383296,3.3429453088486194,-0.9758205110408359,0.0354383952544585,31.42142696262519,6.158779924552572,0.0,0.3960371643460282,0.9245755321726654,-0.9857446992532574,-0.821489310252975,-0.947653821372139,0.038960191455889595,1.7453587723536623,2.585900352283688,-0.9857446992532574,-0.821489310252975,3.342937977380998,0.0,3.0907986594572505,44,True
brain_hippocampus,raw,ENSG00000293866.1,ENSG00000293866,1.1474350297930707,209.06129021379556,-0.9977678016291621,0.0012489439704353057,105.00102704255826,199.60497761319377,0.0,2.5275795269230197,0.04155881267587186,-1.0,-0.821489310252975,-0.9909677181975455,0.025489807861155175,3.8797983769054594,17.523159743856777,-1.0,-0.821489310252975,206.22009344042303,0.0,8.570262233291153,255,True
brain_hypothalamus,excluded_at_or_below_-1,ENSG00000293866.1,ENSG00000293866,0.4401246486890258,10.268647796175244,-0.9702985198510303,0.024732535042061046,79.16373127692952,10.618311514921281,0.0,1.0528828226954807,0.5744852487397722,-0.9887119066267896,-0.7845997197422052,-0.9553612415642136,0.031744458642462246,2.3879575889983284,8.13896080623116,-0.9887119066267896,-0.7845997197422052,10.26864512173246,0.0,5.899185146978921,93,True
brain_hypothalamus,raw,ENSG00000293866.1,ENSG00000293866,2.4451134600682596,160.29121754947658,-0.9973080517992771,0.001715485343010802,573.0115932012752,175.3527124265128,0.0,2.21919101214035,0.08611878663874925,-1.0,-0.7845997197422052,-0.9838466749629255,0.02870675671728416,2.708474538147166,10.56815151975226,-1.0,-0.7845997197422052,158.6365270767628,0.0,13.661585228436085,257,True
brain_nucleus_accumbens_basal_ganglia,excluded_at_or_below_-1,ENSG00000293866.1,ENSG00000293866,0.4378378226146921,11.90321274498188,-0.9879992180394949,0.047693579560453864,125.96040904348843,4.84821436801684,0.0,0.06122001522283398,0.9981351833460795,-0.990063829597754,-0.8244958378999793,-0.9567670464445286,0.028754363688304085,1.579832793495128,3.2555015060502184,-0.990063829597754,-0.8244958378999793,11.903030969534466,0.0,11.880833999150347,145,True
brain_nucleus_accumbens_basal_ganglia,raw,ENSG00000293866.1,ENSG00000293866,3.71800481751516,162.82864423778642,-0.9979799364507428,0.00041183190007519063,887.8974360201752,595.7371563051977,0.0,6.936813946889799,3.5764580457222806e-11,-1.0,-0.8244958378999793,-0.9780042867875672,0.02979936930775398,1.7161494982532308,3.51491535552654,-1.0,-0.8244958378999793,161.91436671489896,0.0,5.790799395555268e-09,285,True
brain_putamen_basal_ganglia,excluded_at_or_below_-1,ENSG00000293866.1,ENSG00000293866,0.32424437037057313,8.791515270649553,-0.9826110694955069,0.03279988216143231,51.7721728492709,7.876765731074161,0.0,0.2818116885809157,0.9610776905671753,-0.9891471333709356,-0.799925091460542,-0.9586795045706971,0.03149460228487757,2.4633573308465904,8.12204776657229,-0.9891471333709356,-0.799925091460542,8.791437166355916,0.0,8.449254128607777,79,True
brain_putamen_basal_ganglia,raw,ENSG00000293866.1,ENSG00000293866,2.0256410256410264,176.96486945281436,-0.997532757949032,0.00022310747962266909,384.97435897436014,1252.577647551566,0.0,15.639131310337184,0.0,-1.0,-0.799925091460542,-0.9871483498467917,0.025944633539101862,3.180168508066861,14.12030861060532,-1.0,-0.799925091460542,126.5863254081251,0.0,0.0,254,True
brain_spinal_cord_cervical_c-1,excluded_at_or_below_-1,ENSG00000293866.1,ENSG00000293866,0.208055614376175,1.719581016902113,-0.9735256931312944,0.03175646903988156,17.972203302694098,6.745949517869889,0.0,0.5364529792037505,0.8659832205306873,-0.9855718599046136,-0.8220439489954523,-0.9420732522694053,0.04480238371204095,1.4864898247808846,1.2682041949448637,-0.9855718599046136,-0.8220439489954523,1.7195790339480799,0.0,1.4891265897754062,25,True
brain_spinal_cord_cervical_c-1,raw,ENSG00000293866.1,ENSG00000293866,0.6410256410252189,179.03243226994596,-0.9977264773341658,0.0007993467119322471,34.97435897437635,310.81958621938145,0.0,4.022342921275623,0.00031185954645059424,-1.0,-0.8220439489954523,-0.9929011338565449,0.0244930303678828,4.607002357497726,23.814122143381834,-1.0,-0.8220439489954523,176.0738184772995,0.0,0.054910301172154785,204,True
brain_substantia_nigra,excluded_at_or_below_-1,ENSG00000293866.1,ENSG00000293866,0.5176285704453546,4.001541824345864,-0.9711710866134724,0.018005696874373343,75.72494061268273,7.335653793795937,0.0,1.429880395264137,0.35977728389043945,-0.9893762528265106,-0.8777739066537525,-0.9585381281349217,0.024902937472977477,1.2651645765675192,1.0039260485955728,-0.9893762528265106,-0.8777739066537525,4.001506300625008,0.0,1.4396510683093455,63,True
brain_substantia_nigra,raw,ENSG00000293866.1,ENSG00000293866,0.8858468364701276,114.5303472398961,-0.9984892963370826,0.0014522068994455464,205.14562590842525,117.55717545654038,0.0,1.47117990531532,0.3399457132676139,-1.0,-0.8777739066537525,-0.9857262408333338,0.024524903592097344,1.9627806867279538,3.6367504384246985,-1.0,-0.8777739066537525,114.16263029760641,0.0,38.80909678502671,183,True
breast_mammary_tissue,excluded_at_or_below_-1,ENSG00000293866.1,ENSG00000293866,0.8152690159456275,31.477114956343982,-1.0563993831347283,0.13658764917907248,246.92624445836452,4.313356541979733,0.0,-0.7655454004772851,1.0,-0.9824614367218952,-0.6398065531582072,-0.9105113010138295,0.07021701657146187,1.7016020417197306,2.8967961750305715,-0.9824614367218952,-0.6398065531582072,23.47905250860306,0.0,23.479052508603015,230,True
breast_mammary_tissue,raw,ENSG00000293866.1,ENSG00000293866,5.897432485480747,340.8234917389239,-0.996249079973398,0.0016663958005818484,2029.5897436888351,302.5006756813531,0.0,3.1832785291138097,0.006350194002555623,-1.0,-0.6398065531582072,-0.9599564187415969,0.06468950530177395,2.2463736951851705,5.696437723592716,-1.0,-0.6398065531582072,338.32383947211105,0.0,2.14842201633739,514,True
cells_cultured_fibroblasts,excluded_at_or_below_-1,ENSG00000293866.1,ENSG00000293866,0.5194182026982327,3.9723815606668427,-0.9549756017488672,0.022535534856546684,90.81926925238398,4.475615424861491,0.0,1.9815734536386516,0.14035385130935207,-0.9865520332182044,-0.8836565378571186,-0.9490876233309279,0.02133495032083569,0.8570369691303515,0.982739692574564,-0.9865520332182044,-0.8836565378571186,3.972196548462084,0.0,0.5575130837343687,81,True
cells_cultured_fibroblasts,raw,ENSG00000293866.1,ENSG00000293866,3.651228987174591,544.89735176309,-0.998549501377347,0.001240110990804218,836.5459175951405,131.0231007034081,0.0,1.654138088905348,0.25596502773284746,-1.0,-0.8836565378571186,-0.9936749961500079,0.01839523360036455,3.103870873767343,9.611158017287485,-1.0,-0.8836565378571186,541.9780363096783,0.0,138.72742309460097,652,True
cells_ebv-transformed_lymphocytes,excluded_at_or_below_-1,ENSG00000293866.1,ENSG00000293866,0.7804539769155829,1939676124016.7378,-4.385864248749154,0.693049784373256,131.18319470175777,9.813971874598815,0.0,-6.940559270534949,1.0,-0.984572369040081,0.4235727927982744,-0.8259013596500756,0.2523856798890548,3.0404556091248574,10.186294607464475,-0.984572369040081,0.4235727927982744,67.21259360075071,0.0,67.21259360075071,162,True
cells_ebv-transformed_lymphocytes,raw,ENSG00000293866.1,ENSG00000293866,1.724810101215909,1076666089216.0256,-2.1969584498136836,0.256361889232687,487.60815521088125,14.456091094571807,0.0,-6.602989541035711,1.0,-1.0,0.4235727927982744,-0.9137492974413218,0.19763265339970082,4.199624064923098,20.821898990450276,-1.0,0.4235727927982744,366.9240904499177,0.0,366.92409044991115,327,True
cervix_ectocervix,excluded_at_or_below_-1,ENSG00000293866.1,ENSG00000293866,0.18703500107366566,2.005837995484791,-0.943579047015302,0.024604491830441003,11.091558507158986,16.516172649971264,0.0,1.613870489034838,0.27192150520870434,-0.9716571706589584,-0.6562306253565068,-0.9005136387208902,0.0802223047663425,1.9135950946799523,3.0571200462820416,-0.9716571706589584,-0.6562306253565068,2.005743443387246,0.0,0.5454047761883496,18,True
cervix_ectocervix,raw,ENSG00000293866.1,ENSG00000293866,0.10082545468267504,638248529567.4525,-4.125351310990561,0.6116691288187396,38.07936972145815,8.020802901410745,0.0,-7.225988697057767,1.0,-1.0,-0.6562306253565068,-0.9253852290406677,0.08181219784065262,1.8062366144964288,3.3299991422376216,-1.0,-0.6562306253565068,2.921795201881064,0.0,2.921795201881064,24,True
cervix_endocervix,excluded_at_or_below_-1,ENSG00000293866.1,ENSG00000293866,,,,,,,,,,,,,,,,,,,,,8,False
cervix_endocervix,raw,ENSG00000293866.1,ENSG00000293866,0.20512820512820512,15.77846209093884,-0.9986324668074007,0.0003709032939588725,6.358974365555304,440.6280662416303,0.0,5.214254010329659,1.2476932236701337e-06,-1.0,-0.8830697218811623,-0.9744819628179764,0.03861687523532765,1.0756134906766193,-0.34980360272526756,-1.0,-0.8830697218811623,15.77833098007366,0.0,1.9686516644662477e-05,23,True
colon_sigmoid,excluded_at_or_below_-1,ENSG00000293866.1,ENSG00000293866,0.24678511733228653,3.82245897264585,-0.9636146718218159,0.03619866067854726,68.22694840527352,4.566602823701334,0.0,0.8892515964325931,0.6734153847745967,-0.986376238853534,-0.8467264517771195,-0.9486314551323561,0.029416620236831986,1.514871095324468,2.4835049010596943,-0.986376238853534,-0.8467264517771195,3.822324172870924,0.0,2.5740119036071154,67,True
colon_sigmoid,raw,ENSG00000293866.1,ENSG00000293866,1.8980153482097957,343.73654959350756,-0.9981173819252819,0.001798785883802589,225.62387042701127,119.02423104589242,0.0,1.4801228083949443,0.3352772220481573,-1.0,-0.8467264517771195,-0.9917859367395414,0.022180034019150068,3.3166888838406123,12.607301354128392,-1.0,-0.8467264517771195,342.84941130380435,0.0,114.94959820278633,419,True
colon_transverse,excluded_at_or_below_-1,ENSG00000293866.1,ENSG00000293866,0.147744184716804,5.187599907965042,-0.9651593374452525,0.037492627755451674,64.36644340341445,4.226468022926956,0.0,0.9276114383744102,0.6503132205088209,-0.9897515145293918,-0.8531102123908888,-0.9537211805138113,0.025436854015223203,1.4018638745670824,2.7768325371183566,-0.9897515145293918,-0.8531102123908888,5.186907079282482,0.0,3.3731142472081928,89,True
colon_transverse,raw,ENSG00000293866.1,ENSG00000293866,2.604050817696338,381.05670768056467,-0.9982325433107498,0.0018246829142449445,361.3632620382215,112.4765113915641,0.0,1.3698605940413506,0.39161289399792915,-1.0,-0.8531102123908888,-0.9914012214315849,0.02106654464505976,2.904966635304356,9.57396966670957,-1.0,-0.8531102123908888,380.7605203426571,0.0,149.11072929154534,479,True
esophagus_gastroesophageal_junction,excluded_at_or_below_-1,ENSG00000293866.1,ENSG00000293866,0.1361422194741262,11.197169223246492,-0.9616268167931095,0.03103592330756797,20.714966129049476,19.907771167149715,0.0,1.0211742314792995,0.5937083674547067,-0.9840372122065676,-0.524736607558028,-0.9406045726304173,0.06608043436986076,5.0911654283080425,29.150742690904742,-0.9840372122065676,-0.524736607558028,11.196818069223145,0.0,6.647644576565835,51,True
esophagus_gastroesophageal_junction,raw,ENSG00000293866.1,ENSG00000293866,1.2105253750245626,350.3311135356455,-0.9940603943733552,0.005585005991395715,342.525814635959,118.84034958620838,0.0,1.5040039071201452,0.3242479279659682,-1.0,-0.524736607558028,-0.9924834570822613,0.03056194201589234,9.918747146388162,137.17551988268295,-1.0,-0.524736607558028,348.66504875706045,0.0,113.05391961363013,403,True
esophagus_mucosa,excluded_at_or_below_-1,ENSG00000293866.1,ENSG00000293866,0.8561643437084262,12.77397742360851,-0.9572333500641129,0.03024178575270909,124.51095189459781,7.002936931518503,0.0,1.5686455993444337,0.29220205687088285,-0.990777537023896,-0.8074813437494932,-0.9447931025550762,0.032124918744839276,1.5102423508633023,2.8237283876422055,-0.990777537023896,-0.8074813437494932,12.773788781269346,0.0,3.732527355921111,175,True
esophagus_mucosa,raw,ENSG00000293866.1,ENSG00000293866,4.479674916739866,408.6449573470977,-0.9976095439780445,0.0022740633979790722,1769.8610290622496,118.23851507031691,0.0,1.486596780683653,0.3324854016970818,-1.0,-0.8074813437494932,-0.984265135093059,0.03024956795306646,2.3005751199164526,5.928269040400041,-1.0,-0.8074813437494932,407.08460333912274,0.0,135.34968786590457,614,True
esophagus_muscularis,excluded_at_or_below_-1,ENSG00000293866.1,ENSG00000293866,0.23248627293418422,7.621373746091312,-0.9657625870643605,0.03684264422733628,61.323173736216816,8.66619488134281,0.0,1.0116773162300343,0.5994598359832568,-0.9921184843817248,-0.7399936202597255,-0.9493882853842625,0.03660884151607071,2.8500077157981045,12.546935508653934,-0.9921184843817248,-0.7399936202597255,7.6212274668827655,0.0,4.568619767288634,76,True
esophagus_muscularis,raw,ENSG00000293866.1,ENSG00000293866,1.9487178449648133,500.7234284426806,-0.9965841047168874,0.0008747618055387697,379.8974358977673,414.8257740536645,0.0,5.522423826048486,2.3957737025528596e-07,-1.0,-0.7399936202597255,-0.993143511032449,0.021909700937215497,5.0679811113113935,38.33486376577686,-1.0,-0.7399936202597255,498.62827364389204,0.0,0.00011946005053453668,561,True
fallopian_tube,excluded_at_or_below_-1,ENSG00000293866.1,ENSG00000293866,,,,,,,,,,,,,,,,,,,,,5,False
fallopian_tube,raw,ENSG00000293866.1,ENSG00000293866,0.12820512820140176,39.7334897359943,-0.9993596985084977,0.00042881081299190135,4.358974359013303,247.58106980571748,0.0,2.1117076012435487,0.10760615274541249,-1.0,-0.9242893960807332,-0.9914572791327185,0.020541643802999335,2.2274084549567674,3.581809599922856,-1.0,-0.9242893960807332,39.71851123303331,0.0,4.273956186562121,29,True
heart_atrial_appendage,excluded_at_or_below_-1,ENSG00000293866.1,ENSG00000293866,1.2080883904411326,40.509038439671514,-0.9659550706957809,0.02977278610869541,195.68336053581632,18.710034126017323,0.0,1.0987032527051401,0.5468684439503441,-0.9890855637203472,-0.5720613484594036,-0.9431511518537627,0.04693762875222272,3.32527980277794,18.301170442890875,-0.9890855637203472,-0.5720613484594036,40.507928158644575,0.0,22.15250763977029,226,True
heart_atrial_appendage,raw,ENSG00000293866.1,ENSG00000293866,4.796078836714321,278870479116.5293,-1.236302371948904,0.05283400970629259,4343.896266853743,17.779810189033523,0.0,-6.325130746063187,1.0,-1.0,-0.5720613484594036,-0.9721304996072678,0.043439831886653964,3.204682631417617,18.3578312812918,-1.0,-0.5720613484594036,572.706747376142,0.0,572.7067473761012,461,True
heart_left_ventricle,excluded_at_or_below_-1,ENSG00000293866.1,ENSG00000293866,0.829089846761907,18.654337120306757,-0.9743923027090562,0.024896704094179222,207.715082897513,10.1723356528337,0.0,0.9602165466645629,0.6306598713758033,-0.9912965580950156,-0.7953121146571924,-0.9590952431874669,0.029751642090745573,2.33029016793205,7.890860440354281,-0.9912965580950156,-0.7953121146571924,18.65397680829503,0.0,11.764314614566564,173,True
heart_left_ventricle,raw,ENSG00000293866.1,ENSG00000293866,3.900702428847095,270.6449882029939,-0.9974939040971553,0.0025268948385823247,1811.5559915853655,113.15398817755019,0.0,1.4025731345429355,0.3747233083070668,-1.0,-0.7953121146571924,-0.9843439758217517,0.027087801356246957,2.6547813305896577,10.17330409631037,-1.0,-0.7953121146571924,270.0938865280033,0.0,101.21047471328649,452,True
kidney_cortex,excluded_at_or_below_-1,ENSG00000293866.1,ENSG00000293866,0.5207140642323863,9.470609982782296,-0.9643451236148695,0.021926019392052,47.51837698262854,20.475850752601637,0.0,1.4350043269954966,0.35715577361366146,-0.9865934837908138,-0.6468867760107444,-0.936308672337484,0.05461722254181386,2.8674327179235064,11.400220729812293,-0.9865934837908138,-0.6468867760107444,9.470274184288433,0.0,3.3823631026230223,61,True
kidney_cortex,raw,ENSG00000293866.1,ENSG00000293866,1.5046653891589588,72558411230.87416,-1.1285258957368074,0.028816599095871462,286.50240306431266,23.637091005080606,0.0,-6.307582107882567,1.0,-1.0,-0.6468867760107444,-0.962642586659486,0.052259083829669734,2.7897404446292104,11.915976851554749,-1.0,-0.6468867760107444,166.47775930282552,0.0,166.47775930281134,104,True
kidney_medulla,excluded_at_or_below_-1,ENSG00000293866.1,ENSG00000293866,,,,,,,,,,,,,,,,,,,,,7,False
kidney_medulla,raw,ENSG00000293866.1,ENSG00000293866,0.17948717973629869,5.912580503066539,-0.9985423729670325,0.0008549612074633749,7.743589743609693,265.24140344084526,0.0,2.4110987737334364,0.05551815571350063,-1.0,-0.8381909829163416,-0.9539522301940224,0.05007254014296909,1.0438496052650361,0.5227133747369201,-1.0,-0.8381909829163416,5.820748739507888,0.0,0.32315723488915005,11,True
liver,excluded_at_or_below_-1,ENSG00000293866.1,ENSG00000293866,0.061751762631993036,1.8048674395644753,-0.9853249398616482,0.036409802047028914,17.978066465483472,3.489216268873864,0.0,0.12627334633808449,0.9920412529402285,-0.9885759251910992,-0.895492910931173,-0.9643565417469734,0.0206506854352007,1.458958438828607,2.5265255913163767,-0.9885759251910992,-0.895492910931173,1.8007674760871748,0.0,1.7864356232315344,30,True
liver,raw,ENSG00000293866.1,ENSG00000293866,0.7692410582815415,242.73349453312917,-0.9987655586381321,0.0003263073620698912,38.92307692720564,447.58284974912146,0.0,5.350059235055261,6.099180360875273e-07,-1.0,-0.895492910931173,-0.9959186879862948,0.013292551815744505,4.02852524656522,18.950313050346033,-1.0,-0.895492910931173,242.33921456500119,0.0,0.00014780705781447523,262,True
lung,excluded_at_or_below_-1,ENSG00000293866.1,ENSG00000293866,0.7886458727166762,21.146838122255346,-0.9512979527712179,0.029177747792702765,58.466106934903536,16.82998909771283,0.0,1.69265633436863,0.23870900286987762,-0.9862204715038584,-0.6040652643624136,-0.9294418102862964,0.053058966609301865,2.6937808579171425,10.472210500848249,-0.9862204715038584,-0.6040652643624136,21.14614656757034,0.0,5.047775561685,141,True
lung,raw,ENSG00000293866.1,ENSG00000293866,3.6153844144361966,570.7948608027386,-0.9955250777285922,0.001017759760060996,1511.230769435847,543.9474018439399,0.0,6.2180644343922715,4.1099714477586806e-09,-1.0,-0.6040652643624136,-0.9835286345204763,0.03931902506475216,3.8315491457184403,21.426605612169716,-1.0,-0.6040652643624136,558.199810987011,0.0,2.294185285300898e-06,604,True
minor_salivary_gland,excluded_at_or_below_-1,ENSG00000293866.1,ENSG00000293866,0.37380044374340915,26.77368283365851,-0.9559141075031856,0.06040059014017842,74.40708227516033,22.28677973745226,0.0,0.7049399234662846,0.7800699907671226,-0.9860218568018752,-0.0040531691825045,-0.913785739879271,0.10719796081239766,6.2998448916730485,48.96734883341845,-0.9860218568018752,-0.0040531691825045,26.771045320028133,0.0,20.883289075620567,104,True
minor_salivary_gland,raw,ENSG00000293866.1,ENSG00000293866,0.7392894099114429,718745219084.2626,-2.3719584407442795,0.2896418354061007,320.74791509470674,11.561602434821731,0.0,-6.698763772134062,1.0,-1.0,-0.0040531691825045,-0.9504625245715148,0.09166572489361507,6.664950468711949,62.430347663500115,-1.0,-0.0040531691825045,129.54842376061694,0.0,129.54842376061694,181,True
muscle_skeletal,excluded_at_or_below_-1,ENSG00000293866.1,ENSG00000293866,1.6155955585216475,47.790407384268136,-0.9630537903913522,0.022769177354361014,326.2771733502631,25.55837509192255,0.0,1.8057683333335337,0.19589678577689637,-0.9921270934174994,-0.5515578248309961,-0.9371620532530212,0.056121093114011554,2.9927344694227465,12.605446859156213,-0.9921270934174994,-0.5515578248309961,47.77930814691337,0.0,9.359812892624209,234,True
muscle_skeletal,raw,ENSG00000293866.1,ENSG00000293866,5.451525436987632,40388331744.04802,-1.119889402961319,0.029530561266806258,5344.050847669627,27.217302727674564,0.0,-5.74148314083322,1.0,-1.0,-0.5515578248309961,-0.9820243526420623,0.041299430248161614,4.163947561549235,25.584008758291628,-1.0,-0.5515578248309961,2805.935948400491,0.0,2805.935948400311,818,True
nerve_tibial,excluded_at_or_below_-1,ENSG00000293866.1,ENSG00000293866,1.1168975786927613,23.588512733292117,-0.9485331690882817,0.03880798459306905,259.6565879560775,11.097322314630384,0.0,1.414007810161028,0.3679938199003227,-0.9873355075548472,-0.644007229817958,-0.9268596720241826,0.0504391097968211,2.4946311365126324,9.212344800524631,-0.9873355075548472,-0.644007229817958,23.5880431167473,0.0,8.680254090505354,219,True
nerve_tibial,raw,ENSG00000293866.1,ENSG00000293866,5.6153845869954715,454.97247736182436,-0.9955874106548807,0.0002557220772969617,2733.2307692307695,1944.3352926613695,0.0,24.402835152185286,0.0,-1.0,-0.644007229817958,-0.9760929375720836,0.04480850923262585,2.851795486216125,11.989302721477678,-1.0,-0.644007229817958,171.7428342526255,0.0,0.0,670,True
ovary,excluded_at_or_below_-1,ENSG00000293866.1,ENSG00000293866,0.24134598404129873,5.778917786008431,-0.9267361439308442,0.04679205063219547,39.58019317858642,8.485224078311003,0.0,1.6168009947057682,0.27062524877649385,-0.9802312001368584,-0.6459857358866694,-0.9129172914635284,0.053565834979980825,2.2921418048323785,8.28424130790738,-0.9802312001368584,-0.6459857358866694,5.7789035278092715,0.0,1.563917204868742,64,True
ovary,raw,ENSG00000293866.1,ENSG00000293866,1.7138373477317768,123.78696062779267,-0.9956039890729625,0.0038568748478374705,229.97372166403878,128.1957270629285,0.0,1.611900442360151,0.2740064098963762,-1.0,-0.6459857358866694,-0.9711228324024135,0.05129380093169612,2.441495150707144,8.63719737689072,-1.0,-0.6459857358866694,123.23021709323298,0.0,33.76586937646769,193,True
pancreas,excluded_at_or_below_-1,ENSG00000293866.1,ENSG00000293866,0.4422711352422755,0.4599976870437181,-0.969373324007189,0.010803036598726345,24.106345050413694,2.8636937208717352,0.0,2.6526849790254814,0.01330158911480029,-0.9896369204510078,-0.9474978527932038,-0.9696442949326876,0.011460422085990699,0.09484723061011835,-0.6060640830097039,-0.9896369204510078,-0.9474978527932038,0.4523770841000662,0.0,0.00601733409765054,26,True
pancreas,raw,ENSG00000293866.1,ENSG00000293866,1.2338193473618602,320.3761911401669,-0.9993523430144069,0.000645028169303917,283.1429586780461,113.690109720179,0.0,1.419977198484287,0.3659087534726567,-1.0,-0.9474978527932038,-0.9978197559896406,0.008408043816356865,4.00920546783853,15.574697459023234,-1.0,-0.9474978527932038,319.4815624499453,0.0,116.90110027355406,362,True
pituitary,excluded_at_or_below_-1,ENSG00000293866.1,ENSG00000293866,1.0018446896393884,11.179895568869659,-0.9529177144966292,0.03625456561054851,242.64074806324612,7.946938775827481,0.0,1.3455774181327083,0.40442824792074966,-0.9874127342642977,-0.7491911904999373,-0.9298871351304334,0.04751295892156291,1.6561868240189759,2.789808374380277,-0.9874127342642977,-0.7491911904999373,11.179802203099086,0.0,4.521427817099901,150,True
pituitary,raw,ENSG00000293866.1,ENSG00000293866,3.846153845692242,331.28289239911624,-0.9982103929020988,0.0015714575730146093,845.0769232377174,224.10171256032606,0.0,1.6105344952558498,0.27483677243640875,-1.0,-0.7491911904999373,-0.9663995855257669,0.04805057377290734,1.8618547873829019,3.8670266998284193,-1.0,-0.7491911904999373,329.52093984598804,0.0,90.56447155748336,313,True
prostate,excluded_at_or_below_-1,ENSG00000293866.1,ENSG00000293866,0.8098772717518022,8.222694659692781,-0.9513810177414209,0.025881418054905996,90.66614132418216,8.435729070525232,0.0,1.5514762348957745,0.30013020829369164,-0.9797744698380112,-0.7969993624659442,-0.9332126778457925,0.03750900270264786,1.5611637511812788,2.2033332344942824,-0.9797744698380112,-0.7969993624659442,8.222691511386946,0.0,2.467878116047334,110,True
prostate,raw,ENSG00000293866.1,ENSG00000293866,2.602277058440268,159.67826844789164,-0.9974762553781054,0.002303475868804632,579.9606024188544,123.08231431394401,0.0,1.5494470424392897,0.30238017168434955,-1.0,-0.7969993624659442,-0.9739482076703446,0.04013423742363552,1.7688070525679873,3.1639646117596234,-1.0,-0.7969993624659442,158.9894911448604,0.0,48.07526962839027,282,True
skin_not_sun_exposed_suprapubic,excluded_at_or_below_-1,ENSG00000293866.1,ENSG00000293866,1.6239400875636378,63.025265586678074,-1.0217155161236275,0.7057607073788451,611.2623149101137,5.345013920159611,0.0,-0.08748930584357255,1.0,-0.9780541370907244,1.645703963938196,-0.5147275534346004,0.40833135139684357,1.6463065345921486,3.3639201328643207,-0.9780541370907244,1.645703963938196,62.78447752525674,0.0,62.78447752525674,624,True
skin_not_sun_exposed_suprapubic,raw,ENSG00000293866.1,ENSG00000293866,1.754586576708501,62.59945698918542,-0.9737510704949901,0.6628481597831773,424.0053693387533,5.588714068292284,0.0,0.05600316083837844,0.998433196304517,-1.0,1.645703963938196,-0.5348540604350088,0.4113207555540073,1.6224747796009158,3.3077909147383204,-1.0,1.645703963938196,62.59943758770144,0.0,62.50135655755387,651,True
skin_sun_exposed_lower_leg,excluded_at_or_below_-1,ENSG00000293866.1,ENSG00000293866,2.274897858603627,60.94742116816009,-0.6599178398924678,0.4393520295157161,817.2205146005197,6.9078400813205745,0.0,1.0349946995191117,0.5853140329059424,-0.9814584005760212,1.4861325446091644,-0.4875297278374642,0.38476024566248346,1.799033905566841,4.566708256505396,-0.9814584005760212,1.4861325446091644,60.947406132649576,0.0,35.67337207865749,745,True
skin_sun_exposed_lower_leg,raw,ENSG00000293866.1,ENSG00000293866,2.230458643248659,61.040012137801966,-0.6580832843471872,0.44243942424507365,678.7417609162064,6.853772380567655,0.0,1.0929027342066864,0.5503474504541863,-1.0,1.4861325446091644,-0.49364674700120786,0.38648741873732934,1.7734273337658308,4.491241450428297,-1.0,1.4861325446091644,61.03923563934877,0.0,33.5927877117879,754,True
small_intestine_terminal_ileum,excluded_at_or_below_-1,ENSG00000293866.1,ENSG00000293866,0.4488228798390757,1.9844337412093032,-0.9648005838114934,0.0064922991033931655,12.728008452280495,23.591733175886866,0.0,4.642536410230372,2.08887022718908e-05,-0.9861133019012784,-0.8564968648963063,-0.9409041178094476,0.036413553540881854,0.8979340739674019,-0.33452448080292596,-0.9861133019012784,-0.8564968648963063,1.9838979095825402,0.0,4.144105277109622e-05,25,True
small_intestine_terminal_ileum,raw,ENSG00000293866.1,ENSG00000293866,0.6578951617185804,173.24247475556643,-0.9982112526062193,0.001590988867069275,89.12648311413406,125.96845473339926,0.0,1.5899990730948699,0.2839051609937462,-1.0,-0.8564968648963063,-0.9928628161605614,0.02295905526758542,3.7878998380750963,14.871957790629434,-1.0,-0.8564968648963063,172.38988967016394,0.0,48.942379380501535,207,True
spleen,excluded_at_or_below_-1,ENSG00000293866.1,ENSG00000293866,0.5501344767668703,12.890982605225256,-0.9525798327430989,0.03625505235992642,77.36874921811773,12.343113979741084,0.0,1.2365871131100366,0.46555695825108373,-0.9842812191010292,-0.6361493758967276,-0.9245133034689642,0.06508138251499107,2.4781017676553847,6.522496521308417,-0.9842812191010292,-0.6361493758967276,12.890299224680707,0.0,6.001168497988653,107,True
spleen,raw,ENSG00000293866.1,ENSG00000293866,2.7655068388983115,161.8702898674761,-0.9954592374447233,0.0036974152369651575,841.709631937807,137.4313802289237,0.0,1.7367830166836564,0.22266014172410356,-1.0,-0.6361493758967276,-0.9708408789573255,0.054612054918917435,3.139808063773498,12.408406442118206,-1.0,-0.6361493758967276,160.88605947898594,0.0,35.82291280502339,277,True
stomach,excluded_at_or_below_-1,ENSG00000293866.1,ENSG00000293866,-0.0352480184627683,256753805070.09653,-2.716687843264168,0.3472937377408369,22.511587582404307,7.51683692241599,0.0,-7.068201792749138,1.0,-0.9809229736420746,-0.8707499593185554,-0.9525893184497634,0.024742911698610738,1.2279984185336201,1.6182141118389284,-0.9809229736420746,-0.8707499593185554,3.500703803416334,0.0,3.500703803416334,42,True
stomach,raw,ENSG00000293866.1,ENSG00000293866,1.1036645150230229,382.30879718114477,-0.9985068940973156,0.0005514614221940398,62.797119987649,327.63051517276284,0.0,3.8290450295410126,0.0006557011035557577,-1.0,-0.8707499593185554,-0.9951074972356022,0.01644253644314874,3.9613918013949583,17.51038285839795,-1.0,-0.8707499593185554,381.9314874081931,0.0,0.2504328977762442,407,True
testis,excluded_at_or_below_-1,ENSG00000293866.1,ENSG00000293866,0.5304435169045315,20.17836465752305,-0.9677011360886608,0.0703779479098974,199.05895361367547,6.055410572378236,0.0,0.2894139228468322,0.9589902595108771,-0.9821037401425596,-0.6663552989572765,-0.9280033479178538,0.04725316144069713,2.0491731354139358,6.941965674077812,-0.9821037401425596,-0.6663552989572765,20.178246419362395,0.0,19.35074177017877,217,True
testis,raw,ENSG00000293866.1,ENSG00000293866,5.564102566729592,273.07334280968,-0.995200343184427,0.0010555753043462353,2317.5897436013192,440.572188029017,0.0,6.430369993852811,1.0934034652325933e-09,-1.0,-0.6663552989572765,-0.9622626243917252,0.04963645266293338,1.8693450849501023,5.451672436117883,-1.0,-0.6663552989572765,262.1408212189868,0.0,2.8662568229975705e-07,414,True
thyroid,excluded_at_or_below_-1,ENSG00000293866.1,ENSG00000293866,0.4327284920773749,10.467102154376526,-0.9682756145861099,0.05207951410071487,139.7142418559141,5.617845113390103,0.0,0.3644365419607463,0.9357611664191893,-0.9816962736229332,-0.761394099953,-0.9376062087277718,0.0399058484983424,1.8831092620109622,4.522623755923077,-0.9816962736229332,-0.761394099953,10.466975008604448,0.0,9.794588742932202,130,True
thyroid,raw,ENSG00000293866.1,ENSG00000293866,3.3333834736804198,571.2583730843879,-0.9971398596584026,0.0006389925142401741,776.6666667647148,521.75079240759,0.0,6.330041700390964,2.0160954542817994e-09,-1.0,-0.761394099953,-0.988141530898553,0.030015399772825337,3.3797300027686146,14.264984349629042,-1.0,-0.761394099953,564.0995678108075,0.0,1.137278574425693e-06,684,True
uterus,excluded_at_or_below_-1,ENSG00000293866.1,ENSG00000293866,,,,,,,,,,-0.9704778523782694,-0.8385379351371495,,,,,,,,,,8,False
uterus,raw,ENSG00000293866.1,ENSG00000293866,0.209735916793362,148.46687781905305,-0.9981511847904518,0.0010701253218297073,6.359814558982971,210.93531550883503,0.0,2.44328350178107,0.05061270632497822,-1.0,-0.8385379351371495,-0.9953914172813583,0.021734941369626382,5.208461296354759,28.093228497985713,-1.0,-0.8385379351371495,148.27925802729308,0.0,7.504814540621053,153,True
vagina,excluded_at_or_below_-1,ENSG00000293866.1,ENSG00000293866,0.33920198166277016,10.206041904713336,-1.059042386816023,0.17662056477644295,72.62727517115783,4.641312859578385,0.0,-0.6147639476618849,1.0,-0.9822647638818764,-0.4793906847157171,-0.8775968789881992,0.10458354739489213,1.7821103136363985,3.2295442139621375,-0.9822647638818764,-0.4793906847157171,8.44848522572915,0.0,8.448485225729149,82,True
vagina,raw,ENSG00000293866.1,ENSG00000293866,2.0789473601132005,107.88518127798085,-0.99115754169531,0.00489364999524641,312.76315778836664,147.89525826665695,0.0,2.555377779644731,0.03823424179922212,-1.0,-0.4793906847157171,-0.9409584945707782,0.09489699392965623,2.3282472223027066,6.171148053394102,-1.0,-0.4793906847157171,107.78230620671832,0.0,4.120974757185467,170,True
whole_blood,excluded_at_or_below_-1,ENSG00000293866.1,ENSG00000293866,0.2863811924337711,2.0209855996476005,-0.9579862991537971,0.027827482118023782,23.65300499639586,10.795257038102903,0.0,1.0264341960702672,0.5905012280123919,-0.9781834461734762,-0.7455680122840331,-0.9211807247018763,0.05463236891998836,1.5009634373366292,2.16692954852786,-0.9781834461734762,-0.7455680122840331,2.0209855679203996,0.0,1.1933944596523172,26,True
whole_blood,raw,ENSG00000293866.1,ENSG00000293866,-0.09463637029880796,714.2371052869522,-0.9968595763575093,0.0032812318731448957,4277.2641490092765,108.30686515367896,0.0,1.353525102311962,0.40114921950506743,-1.0,-0.7455680122840331,-0.9974479437636972,0.01696820753399076,8.834581438470227,93.69559722597612,-1.0,-0.7455680122840331,712.3872746301007,0.0,285.773599203206,803,True
adipose_subcutaneous,excluded_at_or_below_-1,ENSG00000293867.1,ENSG00000293867,,,,,,,,,,,,,,,,,,,,,5,False
adipose_subcutaneous,raw,ENSG00000293867.1,ENSG00000293867,2.184707855262692,663.6632401055786,-0.991314633134889,0.008057342912978051,2094.8489331751607,120.92582845451952,0.0,1.5244434483533842,0.3142408945470195,-1.0,-0.3023515989669466,-0.998031507145778,0.029660743926720908,19.81293778734111,436.1493524008089,-1.0,-0.3023515989669466,660.770346344747,0.0,207.6410647255172,714,True
adipose_visceral_omentum,excluded_at_or_below_-1,ENSG00000293867.1,ENSG00000293867,0.1842104783019865,6.974353099573016,-0.8749487318779037,0.002250662275318856,5.710527290499509,140.85263140042977,0.0,7.640168293479691,2.1138856510959398e-13,-0.8871077430857774,-0.6507876063542708,-0.8167262648616967,0.07136992983436746,1.2430998562480475,0.9046611346503561,-0.8871077430857774,-0.6507876063542708,6.967367717852436,0.0,1.4728218644677327e-12,10,True
adipose_visceral_omentum,raw,ENSG00000293867.1,ENSG00000293867,-0.3369820751891048,529.0955820709407,-0.9956643052406756,0.004335469631198169,2430.3893168656036,112.49745619295801,0.0,1.414286998304273,0.3691134546867512,-1.0,-0.6507876063542708,-0.9968777898613578,0.025331031258155112,9.150699073510344,92.74343834571368,-1.0,-0.6507876063542708,527.271955547533,0.0,194.62317307158898,587,True
adrenal_gland,excluded_at_or_below_-1,ENSG00000293867.1,ENSG00000293867,0.3947368841940734,13.116297158943377,-0.9207533790464895,0.001748072931622579,13.078948974828439,134.79589460007847,0.0,19.112725477119625,0.0,-0.94437812635836,-0.7541356482358419,-0.8673777395008198,0.058765930117278285,0.48590606142175713,-1.0638108833140032,-0.94437812635836,-0.7541356482358419,13.052213192440536,0.0,0.0,20,True
adrenal_gland,raw,ENSG00000293867.1,ENSG00000293867,0.5197941916034804,271.61645557756725,-0.9969525321229884,0.002703600191876426,35.81850026341519,127.01394658802839,0.0,1.5940856993263512,0.28184440840407904,-1.0,-0.7541356482358419,-0.9910086603051402,0.03658646919145072,4.435537024640688,19.87927523574249,-1.0,-0.7541356482358419,270.49036449333363,0.0,76.23619675962732,295,True
artery_aorta,excluded_at_or_below_-1,ENSG00000293867.1,ENSG00000293867,,,,,,,,,,,,,,,,,,,,,2,False
artery_aorta,raw,ENSG00000293867.1,ENSG00000293867,0.05128205128020033,476.8799376794614,-0.9968949172551534,0.0012256932194945735,1.8974358974560306,296.72033362707833,0.0,3.5826665761141374,0.0016367139634250857,-1.0,-0.7397285947920896,-0.9989880958191872,0.015591506368887894,15.449155390905668,238.52256292316264,-1.0,-0.7397285947920896,475.6011517365818,0.0,0.7784230460683161,472,True
artery_coronary,excluded_at_or_below_-1,ENSG00000293867.1,ENSG00000293867,,,,,,,,,,,,,,,,,,,,,1,False
artery_coronary,raw,ENSG00000293867.1,ENSG00000293867,0.02564102564082675,276.0057219259203,-0.9992257487019583,0.0001163752641028096,0.9743589743592254,763.9346251724279,0.0,9.408843836506755,6.733977105424071e-20,-1.0,-0.9363617682345812,-0.999762543911323,0.003887323707299496,16.27893563223194,263.00374531835115,-1.0,-0.9363617682345812,257.6075696158137,0.0,1.734723475976807e-17,268,True
artery_tibial,excluded_at_or_below_-1,ENSG00000293867.1,ENSG00000293867,,,,,,,,,,,,,,,,,,,,,8,False
artery_tibial,raw,ENSG00000293867.1,ENSG00000293867,0.2051282051214808,704.3824623692099,-0.9965990894455519,0.001411393692862055,8.358974359089217,289.16932414676995,0.0,3.4077053446124896,0.003008953392026423,-1.0,-0.708006354141079,-0.9981480213778474,0.018299741120857107,11.126171751938134,136.4074296374825,-1.0,-0.708006354141079,704.3367586763193,0.0,2.1193164791480044,691,True
bladder,excluded_at_or_below_-1,ENSG00000293867.1,ENSG00000293867,,,,,,,,,,,,,,,,,,,,,0,False
bladder,raw,ENSG00000293867.1,ENSG00000293867,0.0,77.0,-0.9875,1.0001e-06,0.0,-17675.90193946968,0.0,,,-1.0,-1.0,-1.0,0.0,,,,-1.0,6.288505735813509e-188,0.0,,77,True
brain_amygdala,excluded_at_or_below_-1,ENSG00000293867.1,ENSG00000293867,,,,,,,,,,,,,,,,,,,,,0,False
brain_amygdala,raw,ENSG00000293867.1,ENSG00000293867,0.0,181.0,-0.9875,1.0001e-06,0.0,-17675.90193946968,0.0,,,-1.0,-1.0,-1.0,0.0,,,,-1.0,1.478207192444474e-187,0.0,,181,True
brain_anterior_cingulate_cortex_ba24,excluded_at_or_below_-1,ENSG00000293867.1,ENSG00000293867,,,,,,,,,,,,,,,,,,,,,0,False
brain_anterior_cingulate_cortex_ba24,raw,ENSG00000293867.1,ENSG00000293867,0.0,233.0,-0.9875,1.0001e-06,0.0,-17675.90193946968,0.0,,,-1.0,-1.0,-1.0,0.0,,,,-1.0,1.9028855018760357e-187,0.0,,233,True
brain_caudate_basal_ganglia,excluded_at_or_below_-1,ENSG00000293867.1,ENSG00000293867,,,,,,,,,,,,,,,,,,,,,1,False
brain_caudate_basal_ganglia,raw,ENSG00000293867.1,ENSG00000293867,0.025640952125211815,313.74682070558725,-0.9993190888907605,0.0003047687979105789,0.9743589856179684,274.45613940646973,0.0,3.159620446906674,0.006819160162270664,-1.0,-0.9401726700530512,-0.9998005755668434,0.0034541325049767474,17.23378497259389,295.0033444816039,-1.0,-0.9401726700530512,312.62507559391736,0.0,2.131840461216985,300,True
brain_cerebellar_hemisphere,excluded_at_or_below_-1,ENSG00000293867.1,ENSG00000293867,,,,,,,,,,,,,,,,,,,,,0,False
brain_cerebellar_hemisphere,raw,ENSG00000293867.1,ENSG00000293867,0.0,277.0,-0.9875,1.0001e-06,0.0,-17675.90193946968,0.0,,,-1.0,-1.0,-1.0,0.0,,,,-1.0,2.2622286867796648e-187,0.0,,277,True
brain_cerebellum,excluded_at_or_below_-1,ENSG00000293867.1,ENSG00000293867,,,,,,,,,,,,,,,,,,,,,2,False
brain_cerebellum,raw,ENSG00000293867.1,ENSG00000293867,0.05128204407533578,300.1425429867356,-0.9985227356242073,0.0007319591160626845,1.8974358989746047,266.03941462337446,0.0,2.8542131242178255,0.01724315682200875,-1.0,-0.8608278499671952,-0.9990522791090334,0.010968438795043708,11.58822646067118,133.67353366227843,-1.0,-0.8608278499671952,296.287760537219,0.0,5.108936319384852,266,True
brain_cortex,excluded_at_or_below_-1,ENSG00000293867.1,ENSG00000293867,,,,,,,,,,,,,,,,,,,,,0,False
brain_cortex,raw,ENSG00000293867.1,ENSG00000293867,0.0,270.0,-0.9875,1.0001e-06,0.0,-17675.90193946968,0.0,,,-1.0,-1.0,-1.0,0.0,,,,-1.0,2.2050604528177237e-187,0.0,,270,True
brain_frontal_cortex_ba9,excluded_at_or_below_-1,ENSG00000293867.1,ENSG00000293867,,,,,,,,,,,,,,,,,,,,,1,False
brain_frontal_cortex_ba9,raw,ENSG00000293867.1,ENSG00000293867,0.02564102564102564,281.2851660169047,-0.9986849964287472,0.000422983296907575,0.9743589743589754,372.2429293326382,0.0,4.396617782856464,6.345927336149403e-05,-1.0,-0.8873492366192864,-0.9995812239279528,0.006868438265115353,16.309620821566774,264.0037313432841,-1.0,-0.8873492366192864,281.28186317148123,0.0,0.01784994264662939,269,True
brain_hippocampus,excluded_at_or_below_-1,ENSG00000293867.1,ENSG00000293867,,,,,,,,,,,,,,,,,,,,,1,False
brain_hippocampus,raw,ENSG00000293867.1,ENSG00000293867,0.02564102564102566,325.45095669570134,-0.9991580767922915,0.00021509940106495624,0.9743589798073361,380.95646242054795,0.0,5.53539067483779,2.3041728796175726e-07,-1.0,-0.9412152673901666,-0.9997694716368242,0.003681242750522299,15.87463186999541,250.00393700787393,-1.0,-0.9412152673901666,313.66034432348505,0.0,7.227276588015266e-05,255,True
brain_hypothalamus,excluded_at_or_below_-1,ENSG00000293867.1,ENSG00000293867,,,,,,,,,,,,,,,,,,,,,1,False
brain_hypothalamus,raw,ENSG00000293867.1,ENSG00000293867,0.025646615569217216,255.85978883765748,-0.9976517075321254,0.0016828931386474637,1.0037217614839096,156.02628289726766,0.0,1.9733796402283994,0.1438401675182515,-1.0,-0.811982747820079,-0.9992684153611676,0.011728193958589858,15.937499999999998,252.0039062499997,-1.0,-0.811982747820079,253.80557876661112,0.0,36.50743696685609,257,True
brain_nucleus_accumbens_basal_ganglia,excluded_at_or_below_-1,ENSG00000293867.1,ENSG00000293867,,,,,,,,,,,,,,,,,,,,,1,False
brain_nucleus_accumbens_basal_ganglia,raw,ENSG00000293867.1,ENSG00000293867,0.025641025163568282,300.2997802972375,-0.9987386673594579,0.0006089268058086504,0.9743589753776384,258.1716262531221,0.0,2.929405816762469,0.013797270541516702,-1.0,-0.8875760905694723,-0.9996055301423491,0.006659417658446294,16.792960463443045,280.00352112676114,-1.0,-0.8875760905694723,298.0783933864966,0.0,4.112668236134002,285,True
brain_putamen_basal_ganglia,excluded_at_or_below_-1,ENSG00000293867.1,ENSG00000293867,,,,,,,,,,,,,,,,,,,,,0,False
brain_putamen_basal_ganglia,raw,ENSG00000293867.1,ENSG00000293867,0.0,254.0,-0.9875,1.0001e-06,0.0,-17675.90193946968,0.0,,,-1.0,-1.0,-1.0,0.0,,,,-1.0,2.0743902037618585e-187,0.0,,254,True
brain_spinal_cord_cervical_c-1,excluded_at_or_below_-1,ENSG00000293867.1,ENSG00000293867,,,,,,,,,,,,,,,,,,,,,1,False
brain_spinal_cord_cervical_c-1,raw,ENSG00000293867.1,ENSG00000293867,-0.10677414624299512,192.7843790566588,-0.998552951661156,0.0013580001030194307,111.6980305878843,119.44178152744406,0.0,1.5069478873032376,0.32268694732854675,-1.0,-0.8838588517496028,-0.9994306806458314,0.008131506841558788,14.177620608140654,199.00492610837455,-1.0,-0.8838588517496028,191.9431086370915,0.0,61.93753578685466,204,True
brain_substantia_nigra,excluded_at_or_below_-1,ENSG00000293867.1,ENSG00000293867,,,,,,,,,,,,,,,,,,,,,1,False
brain_substantia_nigra,raw,ENSG00000293867.1,ENSG00000293867,0.025641022828484912,200.91747949754514,-0.9985898661281926,0.0007658025747569015,0.9743589804040812,241.3272103843095,0.0,2.6041051728049136,0.03412358596616087,-1.0,-0.8679101696606454,-0.999278197648419,0.009764361226363162,13.416612631565972,178.00549450549505,-1.0,-0.8679101696606454,198.33923281224088,0.0,6.768045861330897,183,True
breast_mammary_tissue,excluded_at_or_below_-1,ENSG00000293867.1,ENSG00000293867,0.19533912697132663,0.6013858849808336,-0.8488259243785939,0.05033231211209531,9.055520051575378,11.398744558617853,0.0,2.9850828691988145,0.011616462295355588,-0.9550659765535044,-0.4431409669753621,-0.7481298374166134,0.17294735481664747,0.7418479874850243,-0.9137775675581428,-0.9550659765535044,-0.4431409669753621,0.6013691399521229,0.0,0.0069857819398442544,12,True
breast_mammary_tissue,raw,ENSG00000293867.1,ENSG00000293867,0.3076923076923414,569.4716609609545,-0.9938988181190589,0.0024146148743580706,10.307692314153215,322.5728586957153,0.0,3.573395597849195,0.001735852005356251,-1.0,-0.4431409669753621,-0.9941197627412439,0.04572374314958449,9.424944893288956,96.19304978409995,-1.0,-0.4431409669753621,553.5698204704552,0.0,0.9609152829683527,514,True
cells_cultured_fibroblasts,excluded_at_or_below_-1,ENSG00000293867.1,ENSG00000293867,,,,,,,,,,,,,,,,,,,,,5,False
cells_cultured_fibroblasts,raw,ENSG00000293867.1,ENSG00000293867,0.12820512905250045,647.9597815366583,-0.9972968678484773,0.001150994866971028,4.358974372488969,267.0211177529217,0.0,3.321305992989013,0.004076944945931533,-1.0,-0.7799747150395668,-0.9988658494529982,0.013940790553773464,13.514316383099136,191.99531524349334,-1.0,-0.7799747150395668,639.508068721247,0.0,2.607239188655464,652,True
cells_ebv-transformed_lymphocytes,excluded_at_or_below_-1,ENSG00000293867.1,ENSG00000293867,,,,,,,,,,,,,,,,,,,,,5,False
cells_ebv-transformed_lymphocytes,raw,ENSG00000293867.1,ENSG00000293867,0.1282051282051282,328.03526986410594,-0.9978444845833679,0.0006583099434107516,6.358974368030614,381.39787339580465,0.0,4.630583460902417,2.2230986033897482e-05,-1.0,-0.8203055193715959,-0.998072377983608,0.016107915083218374,8.834217247312113,80.7579507766171,-1.0,-0.8203055193715959,325.7053093356651,0.0,0.007240750183007627,327,True
cervix_ectocervix,excluded_at_or_below_-1,ENSG00000293867.1,ENSG00000293867,,,,,,,,,,,,,,,,,,,,,0,False
cervix_ectocervix,raw,ENSG00000293867.1,ENSG00000293867,0.0,24.0,-0.9875,1.0001e-06,0.0,-17675.90193946968,0.0,,,-1.0,-1.0,-1.0,0.0,,,,-1.0,1.9600537358379766e-188,0.0,,24,True
cervix_endocervix,excluded_at_or_below_-1,ENSG00000293867.1,ENSG00000293867,,,,,,,,,,,,,,,,,,,,,0,False
cervix_endocervix,raw,ENSG00000293867.1,ENSG00000293867,0.0,23.0,-0.9875,1.0001e-06,0.0,-17675.90193946968,0.0,,,-1.0,-1.0,-1.0,0.0,,,,-1.0,1.878384830178061e-188,0.0,,23,True
colon_sigmoid,excluded_at_or_below_-1,ENSG00000293867.1,ENSG00000293867,,,,,,,,,,,,,,,,,,,,,5,False
colon_sigmoid,raw,ENSG00000293867.1,ENSG00000293867,0.1282051281990236,421.94890951426186,-0.9931227188265576,0.002811367858983331,6.358974359036137,289.0298815883445,0.0,3.459506117869873,0.002520663956758118,-1.0,-0.4185494429065383,-0.9976660274186474,0.02999911159530908,17.58116760679983,331.26929335453013,-1.0,-0.4185494429065383,421.5868839946755,0.0,1.0626788631273443,419,True
colon_transverse,excluded_at_or_below_-1,ENSG00000293867.1,ENSG00000293867,,,,,,,,,,,,,,,,,,,,,2,False
colon_transverse,raw,ENSG00000293867.1,ENSG00000293867,0.05263157894717832,511.6169836457364,-0.998756150449581,0.0005443970249809492,1.8975069252259273,285.2363315425873,0.0,3.2312243143061874,0.005458253463114614,-1.0,-0.8889553293856842,-0.999580458490045,0.006521840204043318,15.631983205199006,244.88491754568352,-1.0,-0.8889553293856842,506.6383323110065,0.0,2.765360431883159,479,True
esophagus_gastroesophageal_junction,excluded_at_or_below_-1,ENSG00000293867.1,ENSG00000293867,,,,,,,,,,,,,,,,,,,,,1,False
esophagus_gastroesophageal_junction,raw,ENSG00000293867.1,ENSG00000293867,0.025642515290347764,413.6419649717281,-0.9984354753259601,0.0002919616470386098,0.9743589744455176,617.8228382090148,0.0,7.578296790476028,3.5067960873768683e-13,-1.0,-0.8708871486652483,-0.9996796207162909,0.006431569235284829,20.000062188958008,398.00248756218855,-1.0,-0.8708871486652483,398.861019164898,0.0,1.398724261414408e-10,403,True
esophagus_mucosa,excluded_at_or_below_-1,ENSG00000293867.1,ENSG00000293867,,,,,,,,,,,,,,,,,,,,,4,False
esophagus_mucosa,raw,ENSG00000293867.1,ENSG00000293867,0.10256410256410256,641.2509371992521,-0.9972851769880631,0.0005952047639538753,3.5897435897435894,534.9167774962673,0.0,6.450451601596445,9.294014555615468e-10,-1.0,-0.772152974359223,-0.9990625449094179,0.012378367553499862,14.676573490557493,231.63062590118938,-1.0,-0.772152974359223,636.3433390077248,0.0,5.914184255106925e-07,614,True
esophagus_muscularis,excluded_at_or_below_-1,ENSG00000293867.1,ENSG00000293867,,,,,,,,,,,,,,,,,,,,,4,False
esophagus_muscularis,raw,ENSG00000293867.1,ENSG00000293867,-0.5215973091657886,514.2363416297997,-0.9982731385195944,0.0020479898790076766,2361.2292101739063,98.08578888922027,0.0,1.192462399820375,0.4914170083155262,-1.0,-0.8562304454891826,-0.9991742438233636,0.009876793336468478,12.174582956550246,149.97162190367817,-1.0,-0.8562304454891826,513.968453181574,0.0,252.57283963104769,561,True
fallopian_tube,excluded_at_or_below_-1,ENSG00000293867.1,ENSG00000293867,,,,,,,,,,,,,,,,,,,,,0,False
fallopian_tube,raw,ENSG00000293867.1,ENSG00000293867,0.0,29.0,-0.9875,1.0001e-06,0.0,-17675.90193946968,0.0,,,-1.0,-1.0,-1.0,0.0,,,,-1.0,2.368398264137555e-188,0.0,,29,True
heart_atrial_appendage,excluded_at_or_below_-1,ENSG00000293867.1,ENSG00000293867,,,,,,,,,,,,,,,,,,,,,2,False
heart_atrial_appendage,raw,ENSG00000293867.1,ENSG00000293867,0.05263157894706409,493.9435697225497,-0.998486484849892,0.0006566066911608062,1.8975069252172911,288.196956187543,0.0,3.2598413646316398,0.004978628568701996,-1.0,-0.8646792192150037,-0.999484578365158,0.00789223626946751,15.51159436661119,242.68896457493074,-1.0,-0.8646792192150037,488.69532192058654,0.0,2.4330324911048504,461,True
heart_left_ventricle,excluded_at_or_below_-1,ENSG00000293867.1,ENSG00000293867,,,,,,,,,,,,,,,,,,,,,0,False
heart_left_ventricle,raw,ENSG00000293867.1,ENSG00000293867,0.0,452.0,-0.9875,1.0001e-06,0.0,-17675.90193946968,0.0,,,-1.0,-1.0,-1.0,0.0,,,,-1.0,3.6914345358281893e-187,0.0,,452,True
kidney_cortex,excluded_at_or_below_-1,ENSG00000293867.1,ENSG00000293867,,,,,,,,,,,,,,,,,,,,,1,False
kidney_cortex,raw,ENSG00000293867.1,ENSG00000293867,0.025641025641025404,140.47351656050148,-0.9992259733727212,0.00035170047883080355,0.9743589759623243,308.92787114001203,0.0,3.1124181507360387,0.007879535445774848,-1.0,-0.9223987648839236,-0.9992538342777301,0.007609427156457219,10.050358637275794,99.00970873786416,-1.0,-0.9223987648839236,140.4612899850618,0.0,1.1067697131965542,104,True
kidney_medulla,excluded_at_or_below_-1,ENSG00000293867.1,ENSG00000293867,,,,,,,,,,,,,,,,,,,,,0,False
kidney_medulla,raw,ENSG00000293867.1,ENSG00000293867,0.0,11.0,-0.9875,1.0001e-06,0.0,-17675.90193946968,0.0,,,-1.0,-1.0,-1.0,0.0,,,,-1.0,8.983579622590726e-189,0.0,,11,True
liver,excluded_at_or_below_-1,ENSG00000293867.1,ENSG00000293867,,,,,,,,,,,,,,,,,,,,,4,False
liver,raw,ENSG00000293867.1,ENSG00000293867,0.10256410256281909,332.379389501255,-0.9981660059096441,0.0009352066753690617,3.589743589756565,276.0822851150883,0.0,2.773354151765655,0.021374653741002076,-1.0,-0.8155952804829147,-0.9977188060530371,0.018833447682369133,8.441192762246748,71.30127762483532,-1.0,-0.8155952804829147,332.3138633705841,0.0,7.103093762880932,262,True
lung,excluded_at_or_below_-1,ENSG00000293867.1,ENSG00000293867,,,,,,,,,,,,,,,,,,,,,6,False
lung,raw,ENSG00000293867.1,ENSG00000293867,-0.5591151574956956,550.3252432996908,-0.9973706970415085,0.003260023695816332,3118.3120913596927,95.00659858939459,0.0,1.1406039496763463,0.521866251042166,-1.0,-0.7783629241697715,-0.9985204630406976,0.0154290422562296,11.066862756051783,127.47947978727501,-1.0,-0.7783629241697715,550.2455966274468,0.0,287.1546066644253,604,True
minor_salivary_gland,excluded_at_or_below_-1,ENSG00000293867.1,ENSG00000293867,,,,,,,,,,,,,,,,,,,,,2,False
minor_salivary_gland,raw,ENSG00000293867.1,ENSG00000293867,0.05128205128205129,248.8719403820528,-0.998856457392014,0.0004092908429211469,1.8974358974358976,377.12580373385,0.0,3.9512573841703182,0.0004108745112454866,-1.0,-0.8897115996390369,-0.9988916834677589,0.010566808113721156,9.496069530172266,89.04788982564088,-1.0,-0.8897115996390369,246.64343879795965,0.0,0.10133950236801754,181,True
muscle_skeletal,excluded_at_or_below_-1,ENSG00000293867.1,ENSG00000293867,,,,,,,,,,,,,,,,,,,,,8,False
muscle_skeletal,raw,ENSG00000293867.1,ENSG00000293867,3.284220412457665,754.1967389833574,-0.9957020095250035,0.004385576624272547,3429.836787328315,111.00218653020127,0.0,1.3859697233538841,0.3837278495327208,-1.0,-0.6514763512212383,-0.9986354693717071,0.016390991308180204,15.645318759822345,283.6499385971281,-1.0,-0.6514763512212383,752.2125473851224,0.0,288.6449031996236,818,True
nerve_tibial,excluded_at_or_below_-1,ENSG00000293867.1,ENSG00000293867,,,,,,,,,,,,,,,,,,,,,4,False
nerve_tibial,raw,ENSG00000293867.1,ENSG00000293867,0.09739300361207878,662.7652525197223,-0.9958411326361801,0.0033956050725228427,16.278026457388826,137.11050115865788,0.0,1.732099730212537,0.22445445278206275,-1.0,-0.6666312271327699,-0.9989450780145457,0.016081282424227416,17.479184247195477,324.60568360619175,-1.0,-0.6666312271327699,658.7990764951062,0.0,147.87038620803656,670,True
ovary,excluded_at_or_below_-1,ENSG00000293867.1,ENSG00000293867,,,,,,,,,,,,,,,,,,,,,1,False
ovary,raw,ENSG00000293867.1,ENSG00000293867,-0.20217324409093967,182.12183325255342,-0.9993028267471721,0.0007163787848843197,116.44518851368665,110.11517693558599,0.0,1.376299648003126,0.38891012510895057,-1.0,-0.9435232905093306,-0.9997073745622246,0.0040652825041842125,13.784237676902356,188.00520833333408,-1.0,-0.9435232905093306,181.6319740011247,0.0,70.63851373256193,193,True
pancreas,excluded_at_or_below_-1,ENSG00000293867.1,ENSG00000293867,,,,,,,,,,,,,,,,,,,,,2,False
pancreas,raw,ENSG00000293867.1,ENSG00000293867,0.02702237224107539,355.49601082986345,-0.9989086757946487,0.0010237997564648627,32.87545480864746,120.55703685406101,0.0,1.507487653135372,0.3220729970479819,-1.0,-0.9116331268569056,-0.9995901496679691,0.005606626998838477,14.040213349231989,200.7006329107644,-1.0,-0.9116331268569056,354.3310253048007,0.0,114.12045526700285,362,True
pituitary,excluded_at_or_below_-1,ENSG00000293867.1,ENSG00000293867,,,,,,,,,,,,,,,,,,,,,3,False
pituitary,raw,ENSG00000293867.1,ENSG00000293867,0.07692307692307694,339.73228457599174,-0.9981518642798086,4.34056389465119e-06,2.769230769231094,47535.347368020055,,602.1472472324593,,-1.0,-0.8522543718536282,-0.9988430283883167,0.011947578027835212,10.504069489363655,111.31714366846298,-1.0,-0.8522543718536282,0.0,0.0,0.0,313,True
prostate,excluded_at_or_below_-1,ENSG00000293867.1,ENSG00000293867,,,,,,,,,,,,,,,,,,,,,9,False
prostate,raw,ENSG00000293867.1,ENSG00000293867,0.23076923076818423,311.38562194544664,-0.9942452811102249,0.002645029659948552,10.923076923097348,284.24030785999327,0.0,3.0768658759475582,0.008970878262377966,-1.0,-0.4626254007429308,-0.9934484480169373,0.04239035360177952,8.7754807629211,92.86239015779469,-1.0,-0.4626254007429308,305.28689486120595,0.0,2.7386915688992253,282,True
skin_not_sun_exposed_suprapubic,excluded_at_or_below_-1,ENSG00000293867.1,ENSG00000293867,,,,,,,,,,,,,,,,,,,,,8,False
skin_not_sun_exposed_suprapubic,raw,ENSG00000293867.1,ENSG00000293867,0.20512820512820557,694.2173077898022,-0.9970343746278636,0.0010816421085957891,8.358974361338152,337.7056042070886,0.0,3.8774633391798905,0.0005471290712268756,-1.0,-0.7387448124727499,-0.9983248630681044,0.016070340592671966,11.058532651347472,138.63085835598423,-1.0,-0.7387448124727499,689.6952843195539,0.0,0.377352340339313,651,True
skin_sun_exposed_lower_leg,excluded_at_or_below_-1,ENSG00000293867.1,ENSG00000293867,,,,,,,,,,,,,,,,,,,,,4,False
skin_sun_exposed_lower_leg,raw,ENSG00000293867.1,ENSG00000293867,2.7107065626153353,703.0316386382895,-0.9944830381162352,0.005309720833838767,2350.215796322001,116.91766647684219,0.0,1.4694110224011547,0.34099310339516076,-1.0,-0.555511028475641,-0.9988366992135168,0.018645138055639422,19.92533916789192,440.09929670046404,-1.0,-0.555511028475641,700.4412868099043,0.0,238.84564813540914,754,True
small_intestine_terminal_ileum,excluded_at_or_below_-1,ENSG00000293867.1,ENSG00000293867,,,,,,,,,,,,,,,,,,,,,1,False
small_intestine_terminal_ileum,raw,ENSG00000293867.1,ENSG00000293867,0.025237854509607638,195.95895708592872,-0.9958898183502498,0.0038565294793205303,105.32309362152323,119.61005063991907,0.0,1.5072294051069726,0.3224996067942039,-1.0,-0.6697158241326951,-0.9984044242711725,0.022956337134431643,14.283026792978179,202.00485436893177,-1.0,-0.6697158241326951,195.13436193663006,0.0,62.93075499660107,207,True
spleen,excluded_at_or_below_-1,ENSG00000293867.1,ENSG00000293867,,,,,,,,,,,,,,,,,,,,,3,False
spleen,raw,ENSG00000293867.1,ENSG00000293867,-0.10941442609320227,258.23775212703663,-0.9960744823430762,0.003845704102488838,269.1150596823698,114.82222361449996,0.0,1.4435640813249269,0.35404276752804126,-1.0,-0.6838357171666194,-0.9979670653692345,0.02164810056687133,12.376018109512197,165.4787296651542,-1.0,-0.6838357171666194,257.3094929089717,0.0,91.09856498072924,277,True
stomach,excluded_at_or_below_-1,ENSG00000293867.1,ENSG00000293867,,,,,,,,,,,,,,,,,,,,,2,False
stomach,raw,ENSG00000293867.1,ENSG00000293867,-0.321349893129702,378.18613038510676,-0.9983027331342283,0.0018693438280273586,867.7836990641056,103.85016368826304,0.0,1.2840322815700287,0.43918531779739123,-1.0,-0.8610309181160452,-0.9993495026695054,0.009279676333204373,14.213214740627961,200.51894164996128,-1.0,-0.8610309181160452,377.60582161467244,0.0,165.83893276798494,407,True
testis,excluded_at_or_below_-1,ENSG00000293867.1,ENSG00000293867,3.4527149540450934,23.16189344416859,1.8132815271895524,0.7278516473645901,233.74369099115393,3.212306051966824,0.005744235535311849,5.323577489801764,0.0,-0.926597900443194,3.466555342383291,1.5358643366255622,0.8663869078663728,-0.7771457357359445,0.3186261890856139,-0.926597900443194,3.466555342383291,23.161459469961375,0.13304487853703728,0.0,410,True
testis,raw,ENSG00000293867.1,ENSG00000293867,3.6667323600951587,23.558312583860964,1.8082936130620202,0.715259562060021,320.2211802477086,3.2787205539988458,0.004630773090877205,5.552567383062512,0.0,-1.0,3.466555342383291,1.511363231923866,0.8972382322308529,-0.8298006415032979,0.3814361211061543,-1.0,3.466555342383291,23.557926606197192,0.10909141260483812,0.0,414,True
thyroid,excluded_at_or_below_-1,ENSG00000293867.1,ENSG00000293867,,,,,,,,,,,,,,,,,,,,,4,False
thyroid,raw,ENSG00000293867.1,ENSG00000293867,2.308637376705784,632.4255057320659,-0.9941844870981508,0.005540443106328907,2328.802307360487,117.91833170467639,0.0,1.4844258952061276,0.3336063567870245,-1.0,-0.5322176205757505,-0.9986218786386106,0.020892423161028417,18.59126227686591,381.9759237900695,-1.0,-0.5322176205757505,629.9219170725189,0.0,210.14595581486117,684,True
uterus,excluded_at_or_below_-1,ENSG00000293867.1,ENSG00000293867,,,,,,,,,,,,,,,,,,,,,0,False
uterus,raw,ENSG00000293867.1,ENSG00000293867,0.0,153.0,-0.9875,1.0001e-06,0.0,-17675.90193946968,0.0,,,-1.0,-1.0,-1.0,0.0,,,,-1.0,1.24953425659671e-187,0.0,,153,True
vagina,excluded_at_or_below_-1,ENSG00000293867.1,ENSG00000293867,,,,,,,,,,,,,,,,,,,,,0,False
vagina,raw,ENSG00000293867.1,ENSG00000293867,0.0,170.0,-0.9875,1.0001e-06,0.0,-17675.90193946968,0.0,,,-1.0,-1.0,-1.0,0.0,,,,-1.0,1.3883713962185667e-187,0.0,,170,True
whole_blood,excluded_at_or_below_-1,ENSG00000293867.1,ENSG00000293867,,,,,,,,,,,,,,,,,,,,,2,False
whole_blood,raw,ENSG00000293867.1,ENSG00000293867,3.074935348317185,743.9494578600982,-0.9962856317265657,0.0038798615273005184,3638.4435644469963,108.78457027777618,0.0,1.3538910991996427,0.4008052544068476,-1.0,-0.6978377309184176,-0.999276359743703,0.014502488651796736,20.010654444012697,399.06664757537425,-1.0,-0.6978377309184176,742.2916051334347,0.0,297.51437563957273,803,True
