tissue,table,gene,genename,y0,A,x0,w,sumsquarevalue,rti_sigma_dist,rti,lti_sigma_dist,lti,min,max,mean,std,skew,kurt,left,right,maxheight,rightheight,leftheight,n_obs,fit_success
adipose_subcutaneous,excluded_at_or_below_-1,ENSG00000223838.3,ENSG00000223838,1.662933340451659,32.62702047344248,-0.9798435617677215,0.01926207992092402,709.2131949819436,11.86479084377461,0.0,1.0289746111445155,0.5889668671572593,-0.9938585533671576,-0.8182409894558453,-0.9667315423140701,0.02478719344141971,2.2531813202314916,7.270612194859826,-0.9938585533671576,-0.8182409894558453,32.62672599721416,0.0,19.21606059617753,282,True
adipose_subcutaneous,raw,ENSG00000223838.3,ENSG00000223838,7.131554604538105,469.78116509743467,-0.9984967869077123,0.002425135478435492,5346.340166470998,105.11585670968883,0.0,0.8765961164452062,0.6810107594934393,-1.0,-0.8182409894558453,-0.9868603570484142,0.022516641705694403,2.6273806798368375,9.782634337150965,-1.0,-0.8182409894558453,469.76556755255945,0.0,319.9154059428349,714,True
adipose_visceral_omentum,excluded_at_or_below_-1,ENSG00000223838.3,ENSG00000223838,1.6132755982168885,14.287601504604126,-0.9827989877761459,0.01345575533756728,269.898551114712,9.25012279199364,0.0,1.086445336043058,0.5542266919309049,-0.9931361412431976,-0.8947872528846625,-0.9711276891901055,0.018572661887007402,1.332821698819172,1.6118697414823826,-0.9931361412431976,-0.8947872528846625,14.287597941489208,0.0,7.918568142750371,184,True
adipose_visceral_omentum,raw,ENSG00000223838.3,ENSG00000223838,4.617255302224511,370.72751397862476,-0.9987156223707754,0.0013805433674012428,2204.1035888450688,106.46308773280671,0.0,1.315702429455228,0.4214904665329397,-1.0,-0.8947872528846625,-0.9909497356234742,0.016953531872279874,2.259499092713555,5.346283361331853,-1.0,-0.8947872528846625,370.1428482194903,0.0,156.01168177986406,587,True
adrenal_gland,excluded_at_or_below_-1,ENSG00000223838.3,ENSG00000223838,0.43889102047632844,474372003938.2037,-2.562266238305787,0.32789726841434674,202.82561203973242,8.502658937663664,0.0,-6.767040757204547,1.0,-0.993271117220575,-0.5908534940803696,-0.9494303679994773,0.05248344866532414,2.9501421086462316,13.08257953671113,-0.993271117220575,-0.5908534940803696,53.99198481357729,0.0,53.991984813576714,197,True
adrenal_gland,raw,ENSG00000223838.3,ENSG00000223838,1.7832934850589592,402363809609.9969,-1.687242565781915,0.14750422564428106,629.8281763362152,10.511755090848744,0.0,-6.589016368335822,1.0,-1.0,-0.5908534940803696,-0.9662297711725325,0.049046823927039,3.1115003376665604,14.96182448900646,-1.0,-0.5908534940803696,150.36326969432866,0.0,150.363269694326,295,True
artery_aorta,excluded_at_or_below_-1,ENSG00000223838.3,ENSG00000223838,0.4463515148032816,6.416402591799141,-0.9755161421812847,0.01725390165626906,87.07729405465062,8.197715719491681,0.0,1.2868575115678207,0.4369258090498609,-0.991216255333194,-0.8755011341277519,-0.9661205739120885,0.02097974294009079,1.9662167102349495,4.985700367626336,-0.991216255333194,-0.8755011341277519,6.416343202504046,0.0,2.8034659448956556,79,True
artery_aorta,raw,ENSG00000223838.3,ENSG00000223838,2.025600652821839,424.0538207794025,-0.998621504106323,0.0006236742984445092,278.9743590402734,279.1817739841985,0.0,3.125810368289719,0.007670811708268954,-1.0,-0.8755011341277519,-0.9943295028369808,0.01527053650867672,3.5897039894743568,16.26149208764253,-1.0,-0.8755011341277519,417.7353065166607,0.0,3.20436888018532,472,True
artery_coronary,excluded_at_or_below_-1,ENSG00000223838.3,ENSG00000223838,0.4156079947738402,24.77419050832712,-0.9869219218597309,0.02722717426878347,37.24748099881862,18.540895301290576,0.0,0.23132085942348854,0.9736695382769073,-0.991375431229956,-0.6299629724487172,-0.9595231531199546,0.0465085602978521,4.369008354480832,25.50614275988832,-0.991375431229956,-0.6299629724487172,24.772422833560302,0.0,24.12015350235297,95,True
artery_coronary,raw,ENSG00000223838.3,ENSG00000223838,1.5160661603487844,104320124300.46799,-1.2104277733790203,0.04782651998419147,740.4691770548105,17.16414228397076,0.0,-6.222276074256461,1.0,-1.0,-0.6299629724487172,-0.9856518639790884,0.033731651121477385,5.691810169149162,48.06247027225656,-1.0,-0.6299629724487172,408.45034584888805,0.0,408.4503458488649,268,True
artery_tibial,excluded_at_or_below_-1,ENSG00000223838.3,ENSG00000223838,0.9123919378279957,28.05442340095947,-0.9762370116971182,0.015420888847636165,142.45373738327996,16.939831502299942,0.0,1.584152027534382,0.28514871455598645,-0.9935109461185732,-0.7915214456433566,-0.965759024790584,0.025890582975349165,2.6622230315156616,11.254850112012711,-0.9935109461185732,-0.7915214456433566,28.05373905464984,0.0,7.999487629922476,180,True
artery_tibial,raw,ENSG00000223838.3,ENSG00000223838,4.5262972323238335,644.3687623961629,-0.9988191408721634,0.002904179701952832,2667.472357821321,100.94527271991258,0.0,0.5750288085533001,0.849495508832451,-1.0,-0.7915214456433566,-0.9910804984982707,0.020001936173170552,3.610606991913353,19.79886725530469,-1.0,-0.7915214456433566,642.9421388988915,0.0,546.1764594337382,691,True
bladder,excluded_at_or_below_-1,ENSG00000223838.3,ENSG00000223838,0.45989280452940623,6.58081588935537,-1.0691277723301629,0.12934475684961785,41.028982205252056,4.360477445291573,0.0,-0.9117615337160601,1.0,-0.985737556721252,-0.6703160865172626,-0.8988822239101901,0.08201201342906433,1.1430844954425885,0.34790650875221507,-0.985737556721252,-0.6703160865172626,4.342245148740746,0.0,4.342245148740743,53,True
bladder,raw,ENSG00000223838.3,ENSG00000223838,1.358974359838379,58.28663843536563,-0.9980270006234998,0.0022089628886954983,90.97435898466915,209.80579693686803,0.0,1.2631459274755572,0.4551798524111703,-1.0,-0.6703160865172626,-0.9303994528212995,0.08261028666003876,1.3887154536426567,1.1565815765597636,-1.0,-0.6703160865172626,57.665940991729244,0.0,26.24837450976655,77,True
brain_amygdala,excluded_at_or_below_-1,ENSG00000223838.3,ENSG00000223838,0.9490584092998615,13.495226213413346,-0.9835912527681753,0.010196470146548748,146.4928773714955,18.31129496887925,0.0,1.5310615322557706,0.30973188333761426,-0.9946301959812346,-0.8515669408378617,-0.9681876514353295,0.028238122834435293,2.2052258782519014,5.152532091490972,-0.9946301959812346,-0.8515669408378617,13.494869140131112,0.0,4.17979123416746,102,True
brain_amygdala,raw,ENSG00000223838.3,ENSG00000223838,2.5395549755445646,12905024654.111107,-1.0428086771936487,0.010261718428090047,566.4691150656404,26.355883679851885,0.0,-5.899656309881659,1.0,-1.0,-0.8515669408378617,-0.982072599151401,0.026414564054088756,2.4674858700906634,7.335682175632565,-1.0,-0.8515669408378617,357.0623060074653,0.0,357.0623060073436,181,True
brain_anterior_cingulate_cortex_ba24,excluded_at_or_below_-1,ENSG00000223838.3,ENSG00000223838,0.9471487618454705,11.830772278318072,-0.9825219505947724,0.01926019003859928,119.7305914004605,8.146020342152877,0.0,1.0498214504222445,0.5763470885538536,-0.9968194804585088,-0.8715812100853355,-0.9698186537604745,0.023687719209622402,1.7783899266321574,3.6196152747087798,-0.9968194804585088,-0.8715812100853355,11.830567330763083,0.0,6.818513037025638,148,True
brain_anterior_cingulate_cortex_ba24,raw,ENSG00000223838.3,ENSG00000223838,3.6325118052338716,16424561828.267265,-1.044013684841623,0.010435219899624475,851.6988923943057,23.368587029265544,0.0,-5.964871907996767,1.0,-1.0,-0.8715812100853355,-0.9808290161225333,0.023822656627751505,1.8486664333392653,4.129729031447119,-1.0,-0.8715812100853355,308.6460911561078,0.0,308.6460911560288,233,True
brain_caudate_basal_ganglia,excluded_at_or_below_-1,ENSG00000223838.3,ENSG00000223838,0.3334076287196131,11.009480603351454,-0.9928078403875651,0.021482516932410153,70.18766829769397,6.289653010198389,0.0,0.24172804775341816,0.9712080947236033,-0.9964797941978422,-0.8972652852279046,-0.9785811396946398,0.018726327289197993,2.372861961192644,6.254603216704709,-0.9964797941978422,-0.8972652852279046,11.009461851652528,0.0,10.692478468875645,114,True
brain_caudate_basal_ganglia,raw,ENSG00000223838.3,ENSG00000223838,1.9894167077156717,176.33711001563356,-0.9987772738095506,0.001437557475015623,858.670680215861,99.86357658087124,0.0,1.202870835883306,0.4851914912773502,-1.0,-0.8972652852279046,-0.9918608330839633,0.015523421191347867,3.1330185734317686,12.422389104849797,-1.0,-0.8972652852279046,176.29523751344527,0.0,85.53694919424316,300,True
brain_cerebellar_hemisphere,excluded_at_or_below_-1,ENSG00000223838.3,ENSG00000223838,0.08980012963828071,0.8577513438612897,-0.9826904141291496,0.01530456887313132,30.154175015869555,2.9278805917133854,0.0,1.0431392519271439,0.5745299932946515,-0.9939792300125132,-0.9510049945005968,-0.9790371210028895,0.010528049499327136,0.7284905087420689,0.533315627266179,-0.9939792300125132,-0.9510049945005968,0.8459493598505791,0.0,0.48602328004256806,22,True
brain_cerebellar_hemisphere,raw,ENSG00000223838.3,ENSG00000223838,0.5641025641025641,268.5804388704801,-0.999386817690322,3.201846146266305e-06,27.589743589743627,21369.61846434567,,270.8346057055534,,-1.0,-0.9510049945005968,-0.9983350782023954,0.006378045640219757,4.32468041078864,20.00832226318321,-1.0,-0.9510049945005968,0.0,0.0,0.0,277,True
brain_cerebellum,excluded_at_or_below_-1,ENSG00000223838.3,ENSG00000223838,0.2634575593024994,6.563733059585924,-0.9815026773684257,0.012544607452883643,16.649792827439477,18.65643835013481,0.0,1.0321865574460958,0.5870666863923253,-0.9906585612644736,-0.8160130357766404,-0.9646964434557808,0.033985490737142424,2.689131511582061,8.021786534603981,-0.9906585612644736,-0.8160130357766404,6.563157547048881,0.0,3.8530111534167677,39,True
brain_cerebellum,raw,ENSG00000223838.3,ENSG00000223838,1.0000017876941523,282.32315861888156,-0.9973967790034682,0.0006431468574230119,152.00000001225618,398.8441313282561,0.0,5.724214301381995,8.075825501750542e-08,-1.0,-0.8160130357766404,-0.994823914642013,0.01794868834060119,5.859346712561777,44.186722894125374,-1.0,-0.8160130357766404,268.1491442361924,0.0,2.165525697295223e-05,266,True
brain_cortex,excluded_at_or_below_-1,ENSG00000223838.3,ENSG00000223838,0.8640528449039988,24.899680697588728,-0.987273068414927,0.04552222671252842,240.1895702908451,7.74496464869118,0.0,0.254421250995369,0.968153284747773,-0.995462653196494,-0.737969818892544,-0.9543033831846842,0.04199478293017721,2.2388010035556714,6.269012277348871,-0.995462653196494,-0.737969818892544,24.899674864854962,0.0,24.10670200956089,222,True
brain_cortex,raw,ENSG00000223838.3,ENSG00000223838,0.2882387939215706,214438934506.97595,-2.572109773719342,0.3336563452770509,186.43558766589865,7.774063452180484,0.0,-6.66343977869529,1.0,-1.0,-0.737969818892544,-0.9624272261740737,0.04189563469045049,2.209814325352571,6.424027801324161,-1.0,-0.737969818892544,48.92293216777737,0.0,48.92293216777737,270,True
brain_frontal_cortex_ba9,excluded_at_or_below_-1,ENSG00000223838.3,ENSG00000223838,0.3807100810236929,20.59023874470993,-0.973460478143379,0.04762605167429481,232.43462959456667,7.290768934625722,0.0,0.5969589261125897,0.8367998741121967,-0.9935640872579472,-0.7279314100702627,-0.9520949446278772,0.03597223563440944,2.4234795864415113,9.915436985593136,-0.9935640872579472,-0.7279314100702627,20.59004018112318,0.0,17.229743031528947,205,True
brain_frontal_cortex_ba9,raw,ENSG00000223838.3,ENSG00000223838,0.4257994712331392,1182551051303.1028,-2.670062147732033,0.341721757224497,1320.6647640546912,8.03749708947723,0.0,-6.911542766581761,1.0,-1.0,-0.7279314100702627,-0.9634924299208729,0.037451748703107336,2.075995376620018,7.964633980250454,-1.0,-0.7279314100702627,50.08702998002448,0.0,50.08702998002448,269,True
brain_hippocampus,excluded_at_or_below_-1,ENSG00000223838.3,ENSG00000223838,1.4289316334158542,38.60419961901165,-0.9851767389008661,0.00681648252784254,276.69988637033134,51.74212749414043,0.0,1.6561011450196355,0.2539479006536873,-0.9931591149858636,-0.7357806664820945,-0.9651392357640955,0.040361711016942546,3.7785853017918387,16.666026658829,-0.9931591149858636,-0.7357806664820945,38.57682533484591,0.0,9.796503807668104,127,True
brain_hippocampus,raw,ENSG00000223838.3,ENSG00000223838,1.7743216131786113,575608819714.4668,-1.27001263457082,0.057919992984822775,1119.8122991080472,13.04416757996363,0.0,-6.592810360357005,1.0,-1.0,-0.7357806664820945,-0.982637972321726,0.03336360098164503,4.457702254789003,26.052125649137707,-1.0,-0.7357806664820945,209.7927021730393,0.0,209.79270217302735,255,True
brain_hypothalamus,excluded_at_or_below_-1,ENSG00000223838.3,ENSG00000223838,0.33877681384063546,6806.33690580486,-1.4122927246399588,0.19549074487726625,49.51943189690627,7.641825013454512,0.0,-3.0150352434906775,1.0,-0.9955158662762538,-0.3559416162577665,-0.9415851191180418,0.07507388523919023,4.036946302843425,22.382839224802147,-0.9955158662762538,-0.3559416162577665,72.26866229969762,0.0,72.2686622996975,202,True
brain_hypothalamus,raw,ENSG00000223838.3,ENSG00000223838,0.8144316571206816,922137546272.9219,-2.3421712804794454,0.2816427863888406,419.8297354906722,9.973459519932357,0.0,-6.739447696207364,1.0,-1.0,-0.3559416162577665,-0.9540863582172935,0.07072078495149907,4.20527491361076,25.171864482451195,-1.0,-0.3559416162577665,126.45450597553129,0.0,126.45450597553356,257,True
brain_nucleus_accumbens_basal_ganglia,excluded_at_or_below_-1,ENSG00000223838.3,ENSG00000223838,0.47189036288939995,10.978175502882115,-0.9873796347889915,0.01337029153537162,112.3934939499863,8.99951849261126,0.0,0.9164320833964449,0.6571084762213052,-0.9960437888130964,-0.90229617276769,-0.9794604817970971,0.015556521575697911,2.37595654954153,7.212984551336577,-0.9960437888130964,-0.90229617276769,10.977981015065794,0.0,7.213724376796302,110,True
brain_nucleus_accumbens_basal_ganglia,raw,ENSG00000223838.3,ENSG00000223838,1.8637024589089795,165.9021918249608,-0.9988060415717158,0.0012649932013177462,777.3443926200202,107.89430743447794,0.0,1.3347994285109896,0.4110076619139084,-1.0,-0.90229617276769,-0.9920724666585287,0.013900227328076309,2.760778364247979,10.460763191996096,-1.0,-0.90229617276769,165.6201766477362,0.0,68.07116156975454,285,True
brain_putamen_basal_ganglia,excluded_at_or_below_-1,ENSG00000223838.3,ENSG00000223838,0.09131150355097907,3.3788032722931276,-0.9899880287658513,0.014723021831599271,82.31222401854087,3.2576729588183317,0.0,0.5034854603618585,0.8803620464227648,-0.9952296893056932,-0.9560732146465398,-0.9841468172683949,0.008416524174965339,1.1243492010804195,1.5036789144686837,-0.9952296893056932,-0.9560732146465398,3.3620399041654747,0.0,2.959812330186114,66,True
brain_putamen_basal_ganglia,raw,ENSG00000223838.3,ENSG00000223838,1.6923439433284615,210.35605080869004,-0.9995256161512678,0.00021439409655322025,160.30769235918262,286.62624817382994,0.0,3.12919097789326,0.007671837409489016,-1.0,-0.9560732146465398,-0.9958806690539923,0.008168605987569641,2.17114325166381,4.6516465908053615,-1.0,-0.9560732146465398,205.01489219050305,0.0,1.5728409194094513,254,True
brain_spinal_cord_cervical_c-1,excluded_at_or_below_-1,ENSG00000223838.3,ENSG00000223838,0.5661626366412108,30.268353608939016,-0.9779899960815521,0.014433763071825433,95.26271366655027,43.53054396377703,0.0,1.629695096988775,0.26513022576164846,-0.9946230093230456,-0.5337080469631212,-0.9612876318037467,0.05221423048837551,6.54190526514254,50.158474918762685,-0.9946230093230456,-0.5337080469631212,30.25567688601301,0.0,8.021694443360122,87,True
brain_spinal_cord_cervical_c-1,raw,ENSG00000223838.3,ENSG00000223838,0.8947386186561113,447741886382.7551,-1.3960407613063675,0.08564557128302942,380.8471604865512,14.239178998200808,0.0,-6.539581761223087,1.0,-1.0,-0.5337080469631212,-0.9834903135633625,0.0390302474890692,7.945866581330682,85.28209790687153,-1.0,-0.5337080469631212,231.46251796923406,0.0,231.462517969225,204,True
brain_substantia_nigra,excluded_at_or_below_-1,ENSG00000223838.3,ENSG00000223838,1.8533467608877565,962826621152.5806,-2.3460727478522028,0.2738627947773869,146.49276356207756,9.150259122691258,0.0,-6.985598693183933,1.0,-0.9933098892508624,-0.5741228790696529,-0.8922105585832123,0.10056626950125133,1.2328444227347157,1.0280791654715369,-0.9933098892508624,-0.5741228790696529,24.381986831868737,0.0,24.381986831868737,137,True
brain_substantia_nigra,raw,ENSG00000223838.3,ENSG00000223838,2.3375076048370755,239108078498.70966,-1.5663453907370546,0.12115315796579135,207.29893702040943,11.582153997901944,0.0,-6.610915852428571,1.0,-1.0,-0.5741228790696529,-0.9193051722726779,0.09877147725893276,1.4881162636592824,1.766926699029959,-1.0,-0.5741228790696529,77.3296377396688,0.0,77.32963773966772,183,True
breast_mammary_tissue,excluded_at_or_below_-1,ENSG00000223838.3,ENSG00000223838,0.9410576060821717,15.435854956973003,-0.9753969699805211,0.020085247409372196,187.5339290439686,7.372898556536071,0.0,1.415063824805789,0.36744532279685516,-0.9954942931695194,-0.8706840075452462,-0.9659835792646365,0.023067503509355106,1.7704394444690217,3.5102597555545687,-0.9954942931695194,-0.8706840075452462,15.43551442666243,0.0,5.671707581040493,200,True
breast_mammary_tissue,raw,ENSG00000223838.3,ENSG00000223838,4.49393084318199,364.61054744420085,-0.9986126138397988,0.0005658850814206209,1406.0488254814793,319.7086758022664,0.0,3.467241651042773,0.0025176930095483926,-1.0,-0.8706840075452462,-0.9867640386243721,0.021954463046233514,2.2092856271214063,5.783858683387066,-1.0,-0.8706840075452462,355.08589801099185,0.0,0.893997283211486,514,True
cells_cultured_fibroblasts,excluded_at_or_below_-1,ENSG00000223838.3,ENSG00000223838,3.1867729374045024,138.68751252345234,-0.9274450452990082,0.07823948124183981,432.6057859339785,23.180653089985643,0.0,1.133261039156406,0.5261679061622163,-0.9901412024949564,0.3549937043083557,-0.8443670537631776,0.1823355072999765,2.712752440574195,8.507615159811804,-0.9901412024949564,0.3549937043083557,138.68676534802398,0.0,72.9725249355804,628,True
cells_cultured_fibroblasts,raw,ENSG00000223838.3,ENSG00000223838,3.203572418030409,139.65241272023206,-0.9306849230867316,0.0803491212466336,491.6654351387803,22.629048376699405,0.0,1.2200049026894053,0.47515966086349004,-1.0,0.3549937043083557,-0.8500958738700545,0.1813302578817379,2.7279170143892033,8.689568819465693,-1.0,0.3549937043083557,139.63822782778215,0.0,66.35045297822772,652,True
cells_ebv-transformed_lymphocytes,excluded_at_or_below_-1,ENSG00000223838.3,ENSG00000223838,0.002654730489570798,7.443833499159419,-0.9934252313538674,0.016305204786629213,37.572340704799636,12.167804677765261,0.0,0.14865067337962135,0.9890233105943087,-0.995139102395422,-0.8531362733398116,-0.9820834216544038,0.02360828824592757,4.9844788959483495,24.804489393177324,-0.995139102395422,-0.8531362733398116,7.4437506231517725,0.0,7.362042884548014,34,True
cells_ebv-transformed_lymphocytes,raw,ENSG00000223838.3,ENSG00000223838,0.7894725213211211,292.58162245103637,-0.9982268464954516,0.0017579368179853664,186.31569533816287,116.72151935718765,0.0,1.4264549832773017,0.3619171775608552,-1.0,-0.8531362733398116,-0.9981371141781337,0.009296070512491558,12.072727137450334,180.04718655556013,-1.0,-0.8531362733398116,292.2754424781686,0.0,105.77950321204885,327,True
cervix_ectocervix,excluded_at_or_below_-1,ENSG00000223838.3,ENSG00000223838,,,,,,,,,,,,,,,,,,,,,6,False
cervix_ectocervix,raw,ENSG00000223838.3,ENSG00000223838,0.15384615488026754,18.87312437470748,-0.9996238259784159,0.0001589766724571382,5.076923076946498,291.1225073754671,0.0,3.3463425477095012,0.0037182403142517104,-1.0,-0.9668977309024585,-0.9944983022904506,0.010700259395506381,1.662383662695006,1.1998407819707717,-1.0,-0.9668977309024585,18.788396135386577,0.0,0.06985977195071871,24,True
cervix_endocervix,excluded_at_or_below_-1,ENSG00000223838.3,ENSG00000223838,0.07360210695294465,0.4364083424633686,-0.9784998604739871,0.024271718675592704,10.341712660461692,4.127078862687881,0.0,0.8508719095013869,0.6962310628729761,-0.9931031171290338,-0.9076680570092722,-0.9649566732762349,0.02437321250353434,1.281648258580381,1.0809358522744636,-0.9931031171290338,-0.9076680570092722,0.4363187457632357,0.0,0.30377866411414145,10,True
cervix_endocervix,raw,ENSG00000223838.3,ENSG00000223838,0.2564102481503834,21.13758536896247,-0.9993129365542008,0.0006566150388587138,13.43589762470351,197.38419607287483,0.0,1.4797931600056804,0.33845326855871005,-1.0,-0.9076680570092722,-0.9847637709896674,0.023633130977791187,1.7881886784549899,2.947642048383295,-1.0,-0.9076680570092722,20.895380490988433,0.0,7.0721098249529355,23,True
colon_sigmoid,excluded_at_or_below_-1,ENSG00000223838.3,ENSG00000223838,0.2855985733267272,7.503402227651225,-0.9805776134977175,0.011348749397306426,39.493660264117395,12.739911085201475,0.0,1.3208996538925144,0.4179607785356807,-0.9911775395271782,-0.8783426596712923,-0.9736814867271142,0.01743791140872391,3.078358493198332,13.244165422323924,-0.9911775395271782,-0.8783426596712923,7.503250167399557,0.0,3.136064281514295,60,True
colon_sigmoid,raw,ENSG00000223838.3,ENSG00000223838,1.5384615209952557,486.8943794906141,-0.998550180430572,0.0001275369666683341,245.69230769230768,1332.9398573443366,0.0,16.076550600514313,0.0,-1.0,-0.8783426596712923,-0.9962312391494674,0.011318499275944189,4.687095469452605,32.5952754016952,-1.0,-0.8783426596712923,463.79972039707724,0.0,0.0,419,True
colon_transverse,excluded_at_or_below_-1,ENSG00000223838.3,ENSG00000223838,0.28687825790953314,4.950615990172141,-0.9836626476366634,0.011832184370274569,45.95025692219174,7.137836623911306,0.0,1.819097883752871,0.1911790016521286,-0.998882344378945,-0.9239430966536446,-0.9785949918460305,0.014991337692025573,1.8852505937690227,3.833391907237922,-0.998882344378945,-0.9239430966536446,4.950549419729992,0.0,0.9464410956935043,65,True
colon_transverse,raw,ENSG00000223838.3,ENSG00000223838,1.6409776377805836,456.7780632711962,-0.9990963694810183,0.00014897105414318358,216.97435906422712,713.4458321483285,0.0,8.578354651974271,1.0604398644483188e-16,-1.0,-0.9239430966536446,-0.9970953537995657,0.009161886564520858,4.365469456901399,23.415421612933876,-1.0,-0.9239430966536446,452.28057027780306,0.0,4.796163466380676e-14,479,True
esophagus_gastroesophageal_junction,excluded_at_or_below_-1,ENSG00000223838.3,ENSG00000223838,0.2361844348528761,6.394902781864787,-1.000969274129118,0.03218203336614757,36.49338589998113,4.4656686332966835,0.0,-0.3280026771222552,1.0,-0.9935052012477767,-0.8993479201960138,-0.9732339875134325,0.01935607886596458,1.7065045471336973,2.9874589124998314,-0.9935052012477767,-0.8993479201960138,6.0596923988359634,0.0,6.059692398835962,67,True
esophagus_gastroesophageal_junction,raw,ENSG00000223838.3,ENSG00000223838,1.7179944025821314,361.51269504201355,-0.9988725789682384,0.0004671544092199383,209.89743597884637,301.2903644883916,0.0,3.413034495991096,0.002987005852909427,-1.0,-0.8993479201960138,-0.9955500674029777,0.012691062174753513,3.8761383283503994,17.921820760411762,-1.0,-0.8993479201960138,357.5870051384597,0.0,1.0681144772729307,403,True
esophagus_mucosa,excluded_at_or_below_-1,ENSG00000223838.3,ENSG00000223838,0.36750432027988345,7.166093157830859,-0.9920549779037373,0.020466686340014684,122.062904379147,5.1707992420296005,0.0,0.2481854063930148,0.9696788468810233,-0.995646750039122,-0.9172224851109084,-0.9788821861085003,0.014408463920579349,1.5894777916583591,3.021876874006016,-0.995646750039122,-0.9172224851109084,7.166026783038348,0.0,6.948744587695155,94,True
esophagus_mucosa,raw,ENSG00000223838.3,ENSG00000223838,2.4102961128159297,590.5411186430838,-0.9991093021493475,0.0003966207284806561,407.43589749760537,291.9803200375917,0.0,3.175923218120078,0.00661001962191884,-1.0,-0.9172224851109084,-0.9967669796322461,0.00945581327644216,3.8542181015119383,17.862274764644294,-1.0,-0.9172224851109084,576.493335706239,0.0,3.81063226092399,614,True
esophagus_muscularis,excluded_at_or_below_-1,ENSG00000223838.3,ENSG00000223838,0.425149974827412,7.937427361542804,-0.9785004468668075,0.012818591191560159,41.924310532270795,9.016378107496555,0.0,1.7409888151218122,0.21969380341311354,-0.9942809657954172,-0.8967749790424225,-0.9726501976984516,0.016260195698230468,1.9544970984062882,5.130301068134214,-0.9942809657954172,-0.8967749790424225,7.937423214752289,0.0,1.743802695348473,88,True
esophagus_muscularis,raw,ENSG00000223838.3,ENSG00000223838,2.2565886148245555,531.1408826666726,-0.9988925660728499,0.0005263617288976863,351.4358986796261,274.36659735441515,0.0,2.9754216410977956,0.012190610644791999,-1.0,-0.8967749790424225,-0.9957098349330906,0.011839839571014319,3.6180865901583825,16.513972843776937,-1.0,-0.8967749790424225,520.8955664992949,0.0,6.350035037791595,561,True
fallopian_tube,excluded_at_or_below_-1,ENSG00000223838.3,ENSG00000223838,,,,,,,,,,,,,,,,,,,,,9,False
fallopian_tube,raw,ENSG00000223838.3,ENSG00000223838,0.23076923078411876,22.83988677600813,-0.9990411565786907,0.0005054018703272908,8.923076923437815,254.94896006210396,0.0,2.6830319597548704,0.027485787073630502,-1.0,-0.9079292589971346,-0.9906389414703869,0.019625861767272244,2.9172861182633625,9.12897988261157,-1.0,-0.9079292589971346,22.72042774715696,0.0,0.6244888392801614,29,True
heart_atrial_appendage,excluded_at_or_below_-1,ENSG00000223838.3,ENSG00000223838,1.6105407981176776,259376634899.61475,-2.7019395989961015,0.36232518781187717,786.0982826071613,7.901756056881853,0.0,-6.661529976973783,1.0,-0.9952383169271392,-0.677489174019875,-0.9390912082078577,0.06064250390702549,1.6793171528057589,2.655435821354285,-0.9952383169271392,-0.677489174019875,59.945544005673064,0.0,59.945544005673064,348,True
heart_atrial_appendage,raw,ENSG00000223838.3,ENSG00000223838,3.874078088179059,378686257514.3654,-1.740368908290845,0.15909458705082347,1025.071206867713,9.448083453004802,0.0,-6.58124057313021,1.0,-1.0,-0.677489174019875,-0.9540211289725261,0.05883942008429252,1.89201227029107,3.62401800468937,-1.0,-0.677489174019875,148.94991996065988,0.0,148.9499199606583,461,True
heart_left_ventricle,excluded_at_or_below_-1,ENSG00000223838.3,ENSG00000223838,0.30977178708326286,14.806225843741668,-0.9924342411136968,0.011143711940133859,70.6541971685096,8.866814607205693,0.0,0.5218101763314793,0.8727270142858339,-0.9965459979566385,-0.9225655660859546,-0.9860809895321805,0.01079079878676855,2.9828128398414493,11.961529501911125,-0.9965459979566385,-0.9225655660859546,14.806070977261355,0.0,12.921658117289441,123,True
heart_left_ventricle,raw,ENSG00000223838.3,ENSG00000223838,3.1842105461827934,362.6745379196586,-0.999148991018325,0.00035714743962317395,1111.1128811008016,303.25099994168477,0.0,3.369780404575152,0.0035002078056489885,-1.0,-0.9225655660859546,-0.99621230467358,0.00836408788290237,3.7828882284051084,21.116908115740205,-1.0,-0.9225655660859546,354.50724890430774,0.0,1.240849039773995,452,True
kidney_cortex,excluded_at_or_below_-1,ENSG00000223838.3,ENSG00000223838,-0.004190568366356119,2.35645810845536,-1.0119365045621571,0.03119798565747438,22.934091741644075,2.7146149047633847,0.0,-0.8707730874615347,1.0,-0.9927269827357976,-0.9520512657851644,-0.9811380419043281,0.009881783186907795,1.2148645230874415,1.5237768035158386,-0.9927269827357976,-0.9520512657851644,1.5537387938766456,0.0,1.5537387938766438,24,True
kidney_cortex,raw,ENSG00000223838.3,ENSG00000223838,0.6154100128629323,99.59139700122827,-0.9994627117149405,0.00013034480855294222,33.23076925592548,514.4041453586111,0.0,5.829464081241915,4.308630701792797e-08,-1.0,-0.9520512657851644,-0.9956472404394603,0.00925059282825304,2.3522116206657997,5.583498510633481,-1.0,-0.9520512657851644,96.52583001154414,0.0,4.158941547038886e-06,104,True
kidney_medulla,excluded_at_or_below_-1,ENSG00000223838.3,ENSG00000223838,,,,,,,,,,,,,,,,,,,,,4,False
kidney_medulla,raw,ENSG00000223838.3,ENSG00000223838,0.10256410256554409,7.150900281430305,-0.9994465026624537,0.00024683314320562586,5.589743589758676,272.0194866137594,0.0,3.171225028089137,0.006556257439530328,-1.0,-0.9519689316077778,-0.9919905241747433,0.01462290670509554,2.0458468025492533,3.248029395961688,-1.0,-0.9519689316077778,7.143761968739172,0.0,0.04683634255378134,11,True
liver,excluded_at_or_below_-1,ENSG00000223838.3,ENSG00000223838,0.4891770656312405,4.270508522383686,-0.9904980185656422,0.0006001659574555256,13.397133586104516,55.086048178248404,0.0,11.40709170606677,0.0,-0.9953389763231582,-0.9671205233082338,-0.9864975529099449,0.006776490764348515,1.3365977202711707,1.548684725250018,-0.9953389763231582,-0.9671205233082338,4.268995678894543,0.0,0.0,26,True
liver,raw,ENSG00000223838.3,ENSG00000223838,0.6666983508004674,239.4415621969899,-0.9995988153841484,7.456108605236226e-05,36.66666670581816,616.0216215763908,0.0,7.609340941658463,2.813001581913494e-13,-1.0,-0.9671205233082338,-0.9986600625025135,0.004556093715560471,3.9897295629222778,17.66565049953806,-1.0,-0.9671205233082338,227.38128321918742,0.0,6.396239093930944e-11,262,True
lung,excluded_at_or_below_-1,ENSG00000223838.3,ENSG00000223838,0.05279564565699229,15.168460327522093,-0.9807670021578417,0.017249210123485653,69.41564597669803,23.08359925871299,0.0,0.8942134962213938,0.6705097992748615,-0.99167375408129,-0.6992155698892035,-0.9702509593278178,0.040220378639863164,5.88688831519795,36.77581576521202,-0.99167375408129,-0.6992155698892035,15.16706600174483,0.0,10.169666380418501,54,True
lung,raw,ENSG00000223838.3,ENSG00000223838,,,,,,,,,,,,,,,,,,,,,604,False
minor_salivary_gland,excluded_at_or_below_-1,ENSG00000223838.3,ENSG00000223838,1.3421049184458405,31.331733472146148,-0.9859367448416416,0.0007194904699736301,80.55265275733609,130.86154378487137,0.0,14.388044836081928,0.0,-0.993256757473781,-0.9193600720219728,-0.9738569094092112,0.01709899448731935,1.3870046200167536,1.6062057705295354,-0.993256757473781,-0.9193600720219728,31.228296700788185,0.0,0.0,66,True
minor_salivary_gland,raw,ENSG00000223838.3,ENSG00000223838,1.7266254052585535,108.1520187332832,-0.9989920799348087,0.0007143809016469972,182.71315962585518,157.64232404547442,0.0,1.9953140162276717,0.13776313953867578,-1.0,-0.9193600720219728,-0.9904671603370604,0.01627275710164323,2.0648468817757104,4.358079350623552,-1.0,-0.9193600720219728,107.24524865533421,0.0,14.774442155365174,181,True
muscle_skeletal,excluded_at_or_below_-1,ENSG00000223838.3,ENSG00000223838,3.4846593505185024,139.16560605257203,-0.9838047619540495,0.01629200088253607,1968.55451448915,34.64255170583526,0.0,0.9429367570024897,0.6411216677408519,-0.994667567180922,-0.5847161815718234,-0.9608327347946344,0.04740444166698469,3.943624792402726,21.438967714962953,-0.994667567180922,-0.5847161815718234,139.16159354177515,0.0,89.21951293697745,467,True
muscle_skeletal,raw,ENSG00000223838.3,ENSG00000223838,3.347431683718667,491825565676.187,-1.4928112360270294,0.10888165802182709,1728.7962584433058,11.794827202916398,0.0,-6.400897509657328,1.0,-1.0,-0.5847161815718234,-0.9776392263436359,0.040718693756929214,4.474450704132504,29.290296236408516,-1.0,-0.5847161815718234,623.6850321060834,0.0,623.6850321060635,818,True
nerve_tibial,excluded_at_or_below_-1,ENSG00000223838.3,ENSG00000223838,4.055338017252622,46.3057022468689,-0.9730464484709241,0.016482702201255854,1119.4722707715737,17.899491769833517,0.0,1.838810977271345,0.18441036868456787,-0.9944778464925248,-0.7644273259807375,-0.9503370399404064,0.03750779499541931,1.8329507074727427,4.28387666089852,-0.9944778464925248,-0.7644273259807375,46.30472220004893,0.0,8.539070892747517,390,True
nerve_tibial,raw,ENSG00000223838.3,ENSG00000223838,9.947217453455952,1304.906545665871,-1.0022761185268259,0.004164540571213764,7619.890826223775,80.76977098933807,0.0,-0.7729346455299381,1.0,-1.0,-0.7644273259807375,-0.9710917098160575,0.037668339559343775,1.913598755499124,4.7295442825620535,-1.0,-0.7644273259807375,967.9425356782755,0.0,967.94253567821,670,True
ovary,excluded_at_or_below_-1,ENSG00000223838.3,ENSG00000223838,0.4845263589150748,11.668949937832286,-0.9754314257499872,0.013672587110100474,72.49445912091014,22.938252022886964,0.0,1.7564404815404784,0.21386533636436791,-0.9924126555490218,-0.7536648854757677,-0.954935280318481,0.0458294382215573,2.6809897526430686,7.346896099287507,-0.9924126555490218,-0.7536648854757677,11.667399806353355,0.0,2.4952523840833214,65,True
ovary,raw,ENSG00000223838.3,ENSG00000223838,1.631570589038121,136.7533011894705,-0.9978489995620521,0.0033025914490327304,384.84187058417047,104.56288377965218,0.0,0.9210869824384521,0.6548317235201532,-1.0,-0.7536648854757677,-0.9848227628015609,0.034001241582618205,3.949325272140902,18.99374307393698,-1.0,-0.7536648854757677,136.6407137678503,0.0,89.47667409962516,193,True
pancreas,excluded_at_or_below_-1,ENSG00000223838.3,ENSG00000223838,0.026174056198439214,132714504546.83028,-1.4868256277329388,0.09919110127439382,12.921680112896585,8.228820587588105,0.0,-7.01036696738428,1.0,-0.9951275997026936,-0.909666846351564,-0.9811338621477553,0.0214539700089456,2.87207166764979,7.248298458105445,-0.9951275997026936,-0.909666846351564,2.825684610125857,0.0,2.8256846101258364,14,True
pancreas,raw,ENSG00000223838.3,ENSG00000223838,0.368421051969567,396.4353218891838,-0.9991256445823444,0.0007030127153888949,18.978664641451054,179.9595412176614,0.0,1.7588946300907817,0.21331722997340583,-1.0,-0.909666846351564,-0.9992703703593054,0.005463013099177972,13.002239506532655,200.66735433442122,-1.0,-0.909666846351564,395.6906123433251,0.0,84.4076253515588,362,True
pituitary,excluded_at_or_below_-1,ENSG00000223838.3,ENSG00000223838,1.0037009609822345,25.770330088130226,-0.8536932457766112,0.16113871704336155,323.77631904980547,7.209920636240874,0.0,1.1939598899088417,0.49028466995123754,-0.9897357573038674,-0.0321784532308669,-0.7947223527848092,0.14244451646534467,1.7519372677731726,4.882278849698555,-0.9897357573038674,-0.0321784532308669,25.770304011626422,0.0,12.63478499688331,312,True
pituitary,raw,ENSG00000223838.3,ENSG00000223838,0.9965212069293503,26.176066205288596,-0.8472091091285485,0.15504525843628458,465.5715340131303,7.434135161211716,0.0,1.393650810458492,0.3786622197745323,-1.0,-0.0321784532308669,-0.7953781919132921,0.1426885977290593,1.741619171532657,4.849029942541325,-1.0,-0.0321784532308669,26.17552753992123,0.0,9.911683362035976,313,True
prostate,excluded_at_or_below_-1,ENSG00000223838.3,ENSG00000223838,0.4378856901076126,5.416795665172291,-0.9839901355831786,0.01793684210090614,41.45363980373486,8.821873635561944,0.0,0.5748243637869488,0.8477276937436923,-0.9912807839854602,-0.8720999949104393,-0.9676541790171287,0.02301115376507789,1.8108816228885871,3.86298322533092,-0.9912807839854602,-0.8720999949104393,5.416710546453342,0.0,4.591895539222027,59,True
prostate,raw,ENSG00000223838.3,ENSG00000223838,1.5127916353096316,224.51245826953462,-0.9984716169028874,0.000604139247668696,159.7435897762472,295.81998257926887,0.0,3.5777515080828644,0.0016664883619094517,-1.0,-0.8720999949104393,-0.9932326119220233,0.01682289309910138,3.402375550030039,14.203704193326953,-1.0,-0.8720999949104393,223.81390292569446,0.0,0.37298326445920127,282,True
skin_not_sun_exposed_suprapubic,excluded_at_or_below_-1,ENSG00000223838.3,ENSG00000223838,1.335592561937701,55.26468949940674,-0.9854182239156617,0.04089929229910922,622.5913712745577,8.820673534151226,0.0,0.30536229359154937,0.9544472977934932,-0.9942493524205884,-0.7303228728691746,-0.958758261822046,0.03416724232209661,2.496358600679714,9.310690429731533,-0.9942493524205884,-0.7303228728691746,55.26467770767028,0.0,52.747222301514206,430,True
skin_not_sun_exposed_suprapubic,raw,ENSG00000223838.3,ENSG00000223838,4.986487717916806,684691418993.8667,-1.5527586457861389,0.11855094153074823,7536.787012087007,9.810970787931701,0.0,-6.593948251241777,1.0,-1.0,-0.7303228728691746,-0.9727589133386786,0.03394796039960946,2.377497046308834,8.946129119840322,-1.0,-0.7303228728691746,247.6848867889458,0.0,247.68488678894406,651,True
skin_sun_exposed_lower_leg,excluded_at_or_below_-1,ENSG00000223838.3,ENSG00000223838,1.45980812979046,50.26275947898435,-0.99073495461088,0.06967142380736727,792.4815749768733,4.710137070850866,0.0,0.07011138486888364,0.9975466393902873,-0.9941890015376572,-0.758689410157625,-0.9468515260646017,0.03979614972390137,1.5121605365099207,2.720221478076974,-0.9941890015376572,-0.758689410157625,50.26192066053976,0.0,50.13861004422269,615,True
skin_sun_exposed_lower_leg,raw,ENSG00000223838.3,ENSG00000223838,1.030044002091567,1033368648741.2708,-2.9860352237323067,0.41378207220670465,4646.020011782597,7.612564364747774,0.0,-6.787819331500277,1.0,-1.0,-0.758689410157625,-0.9566494542834614,0.0414330052161229,1.425682225183912,2.479386110419055,-1.0,-0.758689410157625,101.89669904029368,0.0,101.89669904029259,754,True
small_intestine_terminal_ileum,excluded_at_or_below_-1,ENSG00000223838.3,ENSG00000223838,0.33811911616890333,4.2238975416474975,-0.9966940996457464,0.024849789324500365,70.42978259596438,4.936874685807711,0.0,-0.3152557641031474,1.0,-0.9911545973175748,-0.9099460305224952,-0.9706745455170651,0.020800583478919027,1.529447956442779,1.640700258369768,-0.9911545973175748,-0.9099460305224952,4.019107375713347,0.0,4.019107375713346,48,True
small_intestine_terminal_ileum,raw,ENSG00000223838.3,ENSG00000223838,1.2623166148955396,143.5744294169438,-0.9988994236487739,0.0012037613045616576,357.6097126848524,104.50501648588711,0.0,1.2929888977430537,0.4341751158210677,-1.0,-0.9099460305224952,-0.9931998946126528,0.015894432318142325,3.0453034377096966,10.165878119547159,-1.0,-0.9099460305224952,143.3444910285931,0.0,62.236610994651855,207,True
spleen,excluded_at_or_below_-1,ENSG00000223838.3,ENSG00000223838,0.09945689139055057,11.675060529907814,-1.0114305594757838,0.03419230678223565,50.27833736321958,6.62986890789064,0.0,-0.7897373691434639,1.0,-0.9923365957905274,-0.8511361614753795,-0.9735115275999608,0.024596391755784545,3.248533349049891,12.327489319170727,-0.9923365957905274,-0.8511361614753795,8.547274255678822,0.0,8.547274255678815,47,True
spleen,raw,ENSG00000223838.3,ENSG00000223838,1.2049417027480118,309.0343823466092,-0.9982852304044728,0.00026633246158002153,200.3589757155167,781.3550317356712,0.0,9.105350523000922,7.248059629909816e-19,-1.0,-0.8511361614753795,-0.995505566054867,0.014143525815435251,5.792725264170342,45.885820449301555,-1.0,-0.8511361614753795,306.35041136905545,0.0,2.220446049250313e-16,277,True
stomach,excluded_at_or_below_-1,ENSG00000223838.3,ENSG00000223838,0.4054033941051674,6.640314402631156,-0.9823828306480354,0.016136405777189215,39.240533320633055,8.51232201647908,0.0,1.086223055424803,0.5543636570022311,-0.9947768116232008,-0.8852558578777302,-0.9719503852548906,0.021262890652496518,1.7919648952168181,3.2264831322535645,-0.9947768116232008,-0.8852558578777302,6.640275383825191,0.0,3.6811273452792266,76,True
stomach,raw,ENSG00000223838.3,ENSG00000223838,1.973684216555337,361.17231258503347,-0.9987299287144151,0.0005379038575439763,275.9217451705874,298.33690111026095,0.0,3.339169281023446,0.0038577188566644347,-1.0,-0.8852558578777302,-0.9947622341016502,0.014258168549130989,3.7932940249548,17.193799314828674,-1.0,-0.8852558578777302,354.9612614835791,0.0,1.3693407518105174,407,True
testis,excluded_at_or_below_-1,ENSG00000223838.3,ENSG00000223838,1.1330498608440234,25.254654920836888,-0.6378634655538755,0.23691861339810905,416.4065732445774,4.846575392192572,0.0,1.7442769706436396,0.21843520389115068,-0.9300765317146156,0.1740675978994201,-0.5882206428992885,0.18253605016447025,0.8167933419410635,0.7520441036394718,-0.9300765317146156,0.1740675978994201,25.254111232073736,0.0,5.516386936067825,414,True
testis,raw,ENSG00000223838.3,ENSG00000223838,1.1330498608440234,25.254654920836888,-0.6378634655538755,0.23691861339810905,416.4065732445774,4.846575392192572,0.0,1.7442769706436396,0.21843520389115068,-0.9300765317146156,0.1740675978994201,-0.5882206428992885,0.18253605016447025,0.8167933419410635,0.7520441036394718,-0.9300765317146156,0.1740675978994201,25.254111232073736,0.0,5.516386936067825,414,True
thyroid,excluded_at_or_below_-1,ENSG00000223838.3,ENSG00000223838,1.3096340904635944,61.40826829673115,-1.016984433780568,0.39417954436824126,421.0311537029127,4.877774606208938,0.0,-0.0906434460501203,1.0,-0.9917196553803044,0.3425831894997753,-0.7456734927850455,0.21269259248304695,1.6103101812999772,3.371359957641408,-0.9917196553803044,0.3425831894997753,61.15609489467593,0.0,61.15609489467593,649,True
thyroid,raw,ENSG00000223838.3,ENSG00000223838,0.8025251281896744,88.99053308142437,-1.2192199720787462,0.5104874033467632,473.9130044845772,4.326694837876704,0.0,-0.6073095156203522,1.0,-1.0,0.3425831894997753,-0.7586872760489686,0.21462740291957835,1.5837182136577697,3.2928306666101514,-1.0,0.3425831894997753,73.99622241898489,0.0,73.99622241898489,684,True
uterus,excluded_at_or_below_-1,ENSG00000223838.3,ENSG00000223838,0.5999259609750622,3.5367586277354897,-0.9683644507492146,0.023268388159300504,48.191213726126456,7.616513766030911,0.0,1.3239898439632318,0.4162518144884622,-0.9901483668620066,-0.843048159459181,-0.9486140924893621,0.034089678135820124,1.3600200072544186,1.4578022739488627,-0.9901483668620066,-0.843048159459181,3.536724410136347,0.0,1.4721679530648908,60,True
uterus,raw,ENSG00000223838.3,ENSG00000223838,1.5384615472876109,91.77965089573298,-0.9980779347255055,0.0006760083576405902,99.69230769238405,324.323225112927,0.0,4.020972149580742,0.00031366033915089883,-1.0,-0.843048159459181,-0.9798486637213184,0.03293387218874818,1.9668348903242532,3.849937230601528,-1.0,-0.843048159459181,90.24082873544657,0.0,0.02830496894641943,153,True
vagina,excluded_at_or_below_-1,ENSG00000223838.3,ENSG00000223838,0.19089381847598622,4.889975063630675,-0.9874311746430162,0.028062494428944932,31.856395366734947,9.799243351542339,0.0,0.25885382215371033,0.9670759166541143,-0.9925676576575831,-0.7929830238990164,-0.9587694383758307,0.044289246245873874,2.3710774127510055,5.472394227687968,-0.9925676576575831,-0.7929830238990164,4.889855889497389,0.0,4.728861866642207,37,True
vagina,raw,ENSG00000223838.3,ENSG00000223838,0.8683961183283666,132.13107766582635,-0.9974213579032138,0.0026800637887650844,116.34167012816842,107.8778295612571,0.0,1.3606954584695292,0.3976400359841191,-1.0,-0.7929830238990164,-0.9910262895288571,0.02662740538812027,4.807566155067581,27.3985707315896,-1.0,-0.7929830238990164,131.66443046643656,0.0,52.35504886850237,170,True
whole_blood,excluded_at_or_below_-1,ENSG00000223838.3,ENSG00000223838,0.14994117565716952,34632.14008969492,-1.2600886514148293,0.08413297269796567,17.156978160800765,5.251031134753174,0.0,-4.571098416091006,1.0,-0.9881494560394428,-0.9476995817222522,-0.9741289606163053,0.011772331378427597,0.8966335844110759,-0.02561138812894237,-0.9881494560394428,-0.9476995817222522,0.9694342215318463,0.0,0.9694342215318292,18,True
whole_blood,raw,ENSG00000223838.3,ENSG00000223838,0.46153846137102283,863.736848549948,-0.9994202607717798,0.00023867076129491626,27.69230777463707,306.464375318293,0.0,3.435171844010123,0.0027868649027207025,-1.0,-0.9476995817222522,-0.9994200763276382,0.004197957951901488,8.33058295628334,76.46802832330636,-1.0,-0.9476995817222522,848.8677101852292,0.0,2.3656796285680985,803,True
adipose_subcutaneous,excluded_at_or_below_-1,ENSG00000223841.1,ENSG00000223841,,,,,,,,,,,,,,,,,,,,,5,False
adipose_subcutaneous,raw,ENSG00000223841.1,ENSG00000223841,2.0567171060868996,661.0646417321656,-0.9979593203409838,0.0017255890963670457,2270.1073874286512,132.52944427211213,0.0,1.6724473145522554,0.24830015893909205,-1.0,-0.8362501060694212,-0.9995384626633749,0.007160463825284846,19.415796402865837,408.6410056507392,-1.0,-0.8362501060694212,657.4893494060246,0.0,163.2547099582761,714,True
adipose_visceral_omentum,excluded_at_or_below_-1,ENSG00000223841.1,ENSG00000223841,0.18131783014390213,1.149005206827597,-0.9621197769486319,0.02222351726465426,14.418186147294026,5.722524501705508,0.0,1.2143179326250102,0.4784121240155904,-0.9812020543772172,-0.8721937392944206,-0.9458535500843062,0.031007678516907042,1.3583524634399855,0.8020062331518374,-0.9812020543772172,-0.8721937392944206,1.1490035421377023,0.0,0.549697225095535,22,True
adipose_visceral_omentum,raw,ENSG00000223841.1,ENSG00000223841,0.5641025599914745,819.1299295442993,-0.9988695912032445,0.0007655263896162501,25.58974372473154,234.01767754136964,0.0,2.0882878409967724,0.11377011493337234,-1.0,-0.8721937392944206,-0.9979706611615924,0.011849024862348902,7.2865549181258595,60.74176215573651,-1.0,-0.8721937392944206,813.4992983740244,0.0,92.55190867422822,587,True
adrenal_gland,excluded_at_or_below_-1,ENSG00000223841.1,ENSG00000223841,,,,,,,,,,,,,,,,,,,,,15,False
adrenal_gland,raw,ENSG00000223841.1,ENSG00000223841,0.3846153846153847,280.9095625459686,-0.9986939005062953,0.00045830498286807716,13.230769233341539,326.0811550427843,0.0,4.030293553098652,0.00030149897702837626,-1.0,-0.8930205975825747,-0.996637384512183,0.015331795506960065,4.778177036255056,22.871784531970548,-1.0,-0.8930205975825747,276.75804721513543,0.0,0.08344226811973399,295,True
artery_aorta,excluded_at_or_below_-1,ENSG00000223841.1,ENSG00000223841,,,,,,,,,,,,,,,,,,,,,1,False
artery_aorta,raw,ENSG00000223841.1,ENSG00000223841,1.7014728812536233,436.3370543537151,-0.9994376108433142,0.0006546567236358928,1545.7906853980378,99.59098284815356,0.0,1.2148937664606176,0.47840193337006376,-1.0,-0.9533357290132132,-0.9999011350190958,0.002147897171658255,21.65645684645235,467.00212314225223,-1.0,-0.9533357290132132,436.0407090068168,0.0,208.6027182169145,472,True
artery_coronary,excluded_at_or_below_-1,ENSG00000223841.1,ENSG00000223841,,,,,,,,,,,,,,,,,,,,,4,False
artery_coronary,raw,ENSG00000223841.1,ENSG00000223841,0.1025640684016685,350.83932878740256,-0.9995347284700012,0.00025594564337267853,3.5897435963997717,263.4698483916725,0.0,2.570832225311332,0.036876910269948236,-1.0,-0.9518517181736268,-0.9994248944759253,0.0047820026449949754,8.466048594090706,71.65101268026879,-1.0,-0.9518517181736268,349.2922143621119,0.0,12.88081764702309,268,True
artery_tibial,excluded_at_or_below_-1,ENSG00000223841.1,ENSG00000223841,,,,,,,,,,,,,,,,,,,,,3,False
artery_tibial,raw,ENSG00000223841.1,ENSG00000223841,0.07693770850061642,757.927881851521,-0.9990130565650215,0.00013382787381154194,2.7692307775800082,859.1453947697541,0.0,10.4294326083929,0.0,-1.0,-0.9177116148760605,-0.9997364469274541,0.00423225761652952,17.102335943462013,301.4215758764668,-1.0,-0.9177116148760605,731.2985537330071,0.0,0.0,691,True
bladder,excluded_at_or_below_-1,ENSG00000223841.1,ENSG00000223841,,,,,,,,,,,,,,,,,,,,,0,False
bladder,raw,ENSG00000223841.1,ENSG00000223841,0.0,77.0,-0.9875,1.0001e-06,0.0,-17675.90193946968,0.0,,,-1.0,-1.0,-1.0,0.0,,,,-1.0,6.288505735813509e-188,0.0,,77,True
brain_amygdala,excluded_at_or_below_-1,ENSG00000223841.1,ENSG00000223841,,,,,,,,,,,,,,,,,,,,,3,False
brain_amygdala,raw,ENSG00000223841.1,ENSG00000223841,0.07692307692151287,201.05563782298302,-0.9991652537376748,0.0003865182892414303,2.7692307692987814,280.8372725627288,0.0,3.0542137802519402,0.00963894845547154,-1.0,-0.9224097020768444,-0.9992896477173808,0.006401122154083561,10.528613838973824,117.58730646320144,-1.0,-0.9224097020768444,196.64774363490747,0.0,1.8954774647816484,181,True
brain_anterior_cingulate_cortex_ba24,excluded_at_or_below_-1,ENSG00000223841.1,ENSG00000223841,,,,,,,,,,,,,,,,,,,,,3,False
brain_anterior_cingulate_cortex_ba24,raw,ENSG00000223841.1,ENSG00000223841,0.0768898552607855,258.34741324438596,-0.999601307444596,0.0002073732644757009,2.7692308158185233,253.42270236034219,0.0,2.718944606939157,0.02510754695170606,-1.0,-0.9624406589548924,-0.9997025497472841,0.002858657436222913,10.979078862066284,129.77362569667673,-1.0,-0.9624406589548924,255.33136111530158,0.0,6.41074413744545,233,True
brain_caudate_basal_ganglia,excluded_at_or_below_-1,ENSG00000223841.1,ENSG00000223841,,,,,,,,,,,,,,,,,,,,,6,False
brain_caudate_basal_ganglia,raw,ENSG00000223841.1,ENSG00000223841,0.15384615384615388,416.26316773783293,-0.9993514643379396,0.00016296962934637203,5.076923217490923,511.3660351617268,0.0,5.627845707493435,1.443968295224055e-07,-1.0,-0.9404232123200562,-0.9992467063211408,0.005639568854160888,8.14391768872993,69.4654839891055,-1.0,-0.9404232123200562,382.104674569431,0.0,5.517470355351217e-05,300,True
brain_cerebellar_hemisphere,excluded_at_or_below_-1,ENSG00000223841.1,ENSG00000223841,,,,,,,,,,,,,,,,,,,,,5,False
brain_cerebellar_hemisphere,raw,ENSG00000223841.1,ENSG00000223841,0.13158002337183036,257.2181452430268,-0.9971449192699586,0.0027621418930213917,231.01551286830022,116.26774549711806,0.0,1.4617981430628288,0.34482113720111524,-1.0,-0.7700589831784941,-0.9984843712868107,0.015254634118271698,13.081501823813136,184.8265857654634,-1.0,-0.7700589831784941,256.2688459155243,0.0,88.36691487780843,277,True
brain_cerebellum,excluded_at_or_below_-1,ENSG00000223841.1,ENSG00000223841,,,,,,,,,,,,,,,,,,,,,1,False
brain_cerebellum,raw,ENSG00000223841.1,ENSG00000223841,0.025641020182710986,279.345258532244,-0.9994537077787312,0.0002795503242987579,0.9743589841874457,244.32756994103994,0.0,2.763630735451206,0.02212271731197125,-1.0,-0.9511570054776074,-0.9998163797198407,0.002994756139992761,16.217391084416388,261.0037735849073,-1.0,-0.9511570054776074,277.2088927229672,0.0,6.1326139700747495,266,True
brain_cortex,excluded_at_or_below_-1,ENSG00000223841.1,ENSG00000223841,,,,,,,,,,,,,,,,,,,,,3,False
brain_cortex,raw,ENSG00000223841.1,ENSG00000223841,-0.18727909358531308,252.4754246807931,-0.9991697337606905,0.0009912804328428416,324.7632942864044,98.64459910181981,0.0,1.1845021218111145,0.4959090662464271,-1.0,-0.930025678366981,-0.9995758560098963,0.004660205287561416,13.152152936500658,185.7630406343496,-1.0,-0.930025678366981,252.4350482420457,0.0,125.18482906158431,270,True
brain_frontal_cortex_ba9,excluded_at_or_below_-1,ENSG00000223841.1,ENSG00000223841,,,,,,,,,,,,,,,,,,,,,5,False
brain_frontal_cortex_ba9,raw,ENSG00000223841.1,ENSG00000223841,0.12820512820071112,360.45245379009197,-0.9996064439523609,0.00019697714733430741,4.35897440463634,286.4044182645049,0.0,2.82556787758116,0.01851162324637839,-1.0,-0.9597149262957082,-0.9994848584467453,0.003909094009337014,8.019961947287973,66.36778680884116,-1.0,-0.9597149262957082,359.53071211282906,0.0,6.655497088135203,269,True
brain_hippocampus,excluded_at_or_below_-1,ENSG00000223841.1,ENSG00000223841,,,,,,,,,,,,,,,,,,,,,3,False
brain_hippocampus,raw,ENSG00000223841.1,ENSG00000223841,0.07692306530882666,283.3971345958547,-0.9992454482055952,0.0003878009602932865,2.7692307731039545,256.1999972985346,0.0,2.751662554815167,0.022974522935643067,-1.0,-0.9289911332824736,-0.999470824645669,0.005465815050815614,11.265077233552956,130.71950244931526,-1.0,-0.9289911332824736,279.88958442642445,0.0,6.43032967685246,255,True
brain_hypothalamus,excluded_at_or_below_-1,ENSG00000223841.1,ENSG00000223841,,,,,,,,,,,,,,,,,,,,,3,False
brain_hypothalamus,raw,ENSG00000223841.1,ENSG00000223841,0.07691482630623314,329.8581450571151,-0.9996038344145315,0.00016945217723303988,4.769230771885605,319.0686164307054,0.0,3.3063177650678197,0.004241281982825889,-1.0,-0.961372782768986,-0.9995783027959947,0.003905992065324377,9.215814664857168,83.60443600187148,-1.0,-0.961372782768986,328.8769990449707,0.0,1.3948600906153792,257,True
brain_nucleus_accumbens_basal_ganglia,excluded_at_or_below_-1,ENSG00000223841.1,ENSG00000223841,,,,,,,,,,,,,,,,,,,,,6,False
brain_nucleus_accumbens_basal_ganglia,raw,ENSG00000223841.1,ENSG00000223841,0.15384615384615385,284.15550050228967,-0.999370853122509,7.910270820589415e-05,5.0769230769230775,904.1306769235455,0.0,11.248009923460856,0.0,-1.0,-0.948799152341568,-0.9993843311917346,0.004577259080947881,8.254895385231134,72.78167732362955,-1.0,-0.948799152341568,244.16679870129707,0.0,0.0,285,True
brain_putamen_basal_ganglia,excluded_at_or_below_-1,ENSG00000223841.1,ENSG00000223841,,,,,,,,,,,,,,,,,,,,,6,False
brain_putamen_basal_ganglia,raw,ENSG00000223841.1,ENSG00000223841,0.15384615384616535,250.790851462937,-0.9991565564982801,0.0002572093397734339,7.076923093222037,378.6586774635048,0.0,4.637503600292327,2.16458158504793e-05,-1.0,-0.9302882108529176,-0.9991104619063602,0.006326598135726189,8.089444434179939,70.85825255069282,-1.0,-0.9302882108529176,247.67016837911322,0.0,0.005361022856390951,254,True
brain_spinal_cord_cervical_c-1,excluded_at_or_below_-1,ENSG00000223841.1,ENSG00000223841,,,,,,,,,,,,,,,,,,,,,2,False
brain_spinal_cord_cervical_c-1,raw,ENSG00000223841.1,ENSG00000223841,0.05128205128205129,221.66962099172488,-0.9990221696340362,0.00021236054520636975,1.897435897435899,548.9709909839058,0.0,6.511854468554024,6.196190976953148e-10,-1.0,-0.9165878173908016,-0.9993655069231409,0.006656124795639275,11.063425251015312,126.11981462955495,-1.0,-0.9165878173908016,221.6234908987394,0.0,1.373221474587627e-07,204,True
brain_substantia_nigra,excluded_at_or_below_-1,ENSG00000223841.1,ENSG00000223841,,,,,,,,,,,,,,,,,,,,,7,False
brain_substantia_nigra,raw,ENSG00000223841.1,ENSG00000223841,0.18166732264440166,207.48604125175703,-0.9983960413838574,6.8250631614221915e-06,5.743775111532997,26302.042331113782,,332.35443757583795,,-1.0,-0.8714611109317529,-0.9976324598582599,0.014036317147828126,6.878620068442319,49.921125101792946,-1.0,-0.8714611109317529,0.0,0.0,0.0,183,True
breast_mammary_tissue,excluded_at_or_below_-1,ENSG00000223841.1,ENSG00000223841,,,,,,,,,,,,,,,,,,,,,3,False
breast_mammary_tissue,raw,ENSG00000223841.1,ENSG00000223841,0.07692296526584731,599.3477547316763,-0.9989806989283468,0.0005611069906123975,2.7692307830260945,248.15609805906882,0.0,2.569045518574446,0.03694451534847451,-1.0,-0.9005216506708924,-0.9996124183127792,0.005502313745007752,15.518609226033302,251.68995623078376,-1.0,-0.9005216506708924,598.3540449901603,0.0,22.10590019896077,514,True
cells_cultured_fibroblasts,excluded_at_or_below_-1,ENSG00000223841.1,ENSG00000223841,,,,,,,,,,,,,,,,,,,,,9,False
cells_cultured_fibroblasts,raw,ENSG00000223841.1,ENSG00000223841,0.23076923076923078,674.1649677803243,-0.9992473737513329,0.00024796629744807904,12.923076923117813,363.80746805290823,0.0,4.292414974201849,9.979720856056547e-05,-1.0,-0.9354578632861232,-0.9993709179621705,0.005578809495026332,9.370800040255125,90.06873318334982,-1.0,-0.9354578632861232,674.1361073937335,0.0,0.06727690170778058,652,True
cells_ebv-transformed_lymphocytes,excluded_at_or_below_-1,ENSG00000223841.1,ENSG00000223841,0.2999917834320153,0.6824952752934721,-1.3779252130742448,0.0652677583393721,8.400000002700478,9.46260607899269,0.0,-8.520212519968505,1.0,-0.98470654614232,-0.94121388229899,-0.9585554119599333,0.013535534866476157,-0.6104409574189441,-0.7430275491650362,-0.98470654614232,-0.94121388229899,1.1102230246251565e-16,0.0,1.1102230246251565e-16,12,True
cells_ebv-transformed_lymphocytes,raw,ENSG00000223841.1,ENSG00000223841,0.30769230769230776,320.01735807010834,-0.9992852131544824,0.00015470155754466363,10.307692307854115,530.8625522867302,0.0,6.534266798480532,5.528026791645168e-10,-1.0,-0.94121388229899,-0.9984790976866031,0.008190741114421468,5.52341525571867,29.799852987733225,-1.0,-0.94121388229899,309.8455471490507,0.0,1.7128344859118627e-07,327,True
cervix_ectocervix,excluded_at_or_below_-1,ENSG00000223841.1,ENSG00000223841,,,,,,,,,,,,,,,,,,,,,0,False
cervix_ectocervix,raw,ENSG00000223841.1,ENSG00000223841,0.0,24.0,-0.9875,1.0001e-06,0.0,-17675.90193946968,0.0,,,-1.0,-1.0,-1.0,0.0,,,,-1.0,1.9600537358379766e-188,0.0,,24,True
cervix_endocervix,excluded_at_or_below_-1,ENSG00000223841.1,ENSG00000223841,,,,,,,,,,,,,,,,,,,,,2,False
cervix_endocervix,raw,ENSG00000223841.1,ENSG00000223841,0.05128205128173145,22.559526649320713,-0.999214020751751,0.0003499983337501489,1.8974358974372674,281.6854654140724,0.0,3.1758508696534173,0.006530330487910008,-1.0,-0.9295007566736408,-0.9943478308366067,0.018800010856611853,2.9729450905611006,6.933482569363624,-1.0,-0.9295007566736408,22.29674709580483,0.0,0.14560512734095277,23,True
colon_sigmoid,excluded_at_or_below_-1,ENSG00000223841.1,ENSG00000223841,,,,,,,,,,,,,,,,,,,,,2,False
colon_sigmoid,raw,ENSG00000223841.1,ENSG00000223841,0.051282041450977686,431.26848281863124,-0.99918965634547,0.00035590164032266435,1.8974359015047861,275.1691178175786,0.0,3.2199879308805146,0.005607745818269856,-1.0,-0.9299404686675624,-0.9997137708082168,0.004196454765772417,14.960240382571534,227.01072581196027,-1.0,-0.9299404686675624,431.0293321199833,0.0,2.417102934747484,419,True
colon_transverse,excluded_at_or_below_-1,ENSG00000223841.1,ENSG00000223841,,,,,,,,,,,,,,,,,,,,,6,False
colon_transverse,raw,ENSG00000223841.1,ENSG00000223841,0.1538370152672926,523.0467763688503,-0.9995344798377026,0.00022269166969196344,7.076923087034638,269.4861439217402,0.0,2.9563069332137037,0.012984032614988799,-1.0,-0.9570993618714468,-0.999644694537368,0.0032799198334202825,9.80693868223705,100.69666174221138,-1.0,-0.9570993618714468,509.70416754631697,0.0,6.618015535416997,479,True
esophagus_gastroesophageal_junction,excluded_at_or_below_-1,ENSG00000223841.1,ENSG00000223841,,,,,,,,,,,,,,,,,,,,,3,False
esophagus_gastroesophageal_junction,raw,ENSG00000223841.1,ENSG00000223841,-0.012944737317544308,373.3572517550001,-0.9993172134499889,0.0006219117739020522,722.2845444006315,122.82099007782159,0.0,1.5526414513321707,0.30106530453385955,-1.0,-0.9453056964882014,-0.9996907194518407,0.00367012503219251,12.382899702232075,158.48875535414453,-1.0,-0.9453056964882014,371.5249721760431,0.0,111.85327889011121,403,True
esophagus_mucosa,excluded_at_or_below_-1,ENSG00000223841.1,ENSG00000223841,,,,,,,,,,,,,,,,,,,,,5,False
esophagus_mucosa,raw,ENSG00000223841.1,ENSG00000223841,0.12820512820512703,654.7917978818465,-0.9992420244357205,0.00028986786992579,4.358974382878707,322.65131093092464,0.0,3.698027391674553,0.0010797716751992914,-1.0,-0.9331089800945456,-0.9996677480103883,0.0038931015474707236,13.030643758595955,184.40699530754327,-1.0,-0.9331089800945456,650.4209030886885,0.0,0.7023060681127503,614,True
esophagus_muscularis,excluded_at_or_below_-1,ENSG00000223841.1,ENSG00000223841,,,,,,,,,,,,,,,,,,,,,5,False
esophagus_muscularis,raw,ENSG00000223841.1,ENSG00000223841,0.1282128668271735,630.1413087639844,-0.9990680405876694,0.00038001540547428776,4.358974361309979,314.0569768494933,0.0,3.468253185300589,0.0025161808079523992,-1.0,-0.9146773286224822,-0.9996391378701464,0.004397708484266032,15.246504825816382,263.61676341069926,-1.0,-0.9146773286224822,611.8989133810464,0.0,1.5396483022562957,561,True
fallopian_tube,excluded_at_or_below_-1,ENSG00000223841.1,ENSG00000223841,,,,,,,,,,,,,,,,,,,,,1,False
fallopian_tube,raw,ENSG00000223841.1,ENSG00000223841,,,,,,,,,,,,,,,,,,,,,29,False
heart_atrial_appendage,excluded_at_or_below_-1,ENSG00000223841.1,ENSG00000223841,,,,,,,,,,,,,,,,,,,,,3,False
heart_atrial_appendage,raw,ENSG00000223841.1,ENSG00000223841,0.07692307400894484,510.39178837222755,-0.9997599769433956,0.00012883546761453522,2.7692307867585346,245.40467717404053,0.0,2.6347081919079764,0.03144335530681942,-1.0,-0.9774035046398366,-0.9998645385538172,0.001682876937830138,12.429713317930998,153.65257053365465,-1.0,-0.9774035046398366,504.66892044569164,0.0,15.86848417788277,461,True
heart_left_ventricle,excluded_at_or_below_-1,ENSG00000223841.1,ENSG00000223841,0.20512820499847592,2.6398987221216426,-0.9443613131206094,0.00029897490549521275,6.358974370403925,1.7127940535256299,0.23069068278580415,205.58400880960286,0.0,-0.9878232493093956,-0.943999216154557,-0.9669399117909995,0.016588634533829628,0.1810023913225723,-1.3910290384941424,-0.9878232493093956,-0.943999216154557,2.6394915925211646,0.608906117686097,0.0,10,True
heart_left_ventricle,raw,ENSG00000223841.1,ENSG00000223841,0.25641015671625306,590.0521157907622,-0.9994515781032461,0.00028174355238313716,9.435897472239969,278.3434853082788,0.0,2.752807216816948,0.022663517147114627,-1.0,-0.943999216154557,-0.9992685821192698,0.005402744660248974,8.233587716837272,70.94864926346926,-1.0,-0.943999216154557,588.8879335259293,0.0,13.346271779194256,452,True
kidney_cortex,excluded_at_or_below_-1,ENSG00000223841.1,ENSG00000223841,,,,,,,,,,,,,,,,,,,,,2,False
kidney_cortex,raw,ENSG00000223841.1,ENSG00000223841,0.05128205128206105,110.72000158281034,-0.9993411730734401,0.0002521232441214557,1.8974359119287731,324.4478615780373,0.0,3.6955020868650057,0.0010931677913787767,-1.0,-0.9414992391635012,-0.9990139894851681,0.007146953809304744,7.215124031080931,51.029839067589315,-1.0,-0.9414992391635012,109.65205719928296,0.0,0.11986809718868932,104,True
kidney_medulla,excluded_at_or_below_-1,ENSG00000223841.1,ENSG00000223841,,,,,,,,,,,,,,,,,,,,,1,False
kidney_medulla,raw,ENSG00000223841.1,ENSG00000223841,0.025641025641025637,13.764494091409162,-0.9988494703285199,0.0002970011074787666,0.9743589749223216,497.00150660285226,0.0,5.478412788195947,3.284020439873873e-07,-1.0,-0.8944734398568785,-0.9904066763506253,0.031817455037418785,2.8460498941515397,6.099999999999991,-1.0,-0.8944734398568785,12.738339205833334,0.0,4.183296632199324e-06,11,True
liver,excluded_at_or_below_-1,ENSG00000223841.1,ENSG00000223841,,,,,,,,,,,,,,,,,,,,,3,False
liver,raw,ENSG00000223841.1,ENSG00000223841,0.0769229573828053,290.5863750842689,-0.9993743324021807,0.0003304986787974311,2.7692307770352946,249.93108950782016,0.0,2.677250044063771,0.028070479000750843,-1.0,-0.94096597239881,-0.999536982427836,0.004616888443298152,10.789806223539143,121.1096495460307,-1.0,-0.94096597239881,287.46576922947787,0.0,8.069301838591294,262,True
lung,excluded_at_or_below_-1,ENSG00000223841.1,ENSG00000223841,0.13157894598402112,8.097096221757766,-0.9690209495118974,0.000913316140793272,4.342106082937846,130.26410292791098,0.0,2.879783575859116,0.015819237144474994,-0.9708807484077656,-0.8848948239143053,-0.952753585259509,0.029114805116713553,1.6091964376834216,1.0584245151250347,-0.9708807484077656,-0.8848948239143053,8.09670608769591,0.0,0.12808371369037597,10,True
lung,raw,ENSG00000223841.1,ENSG00000223841,0.2564102564102616,611.5354376236995,-0.9986418322597026,0.000469340525482818,27.435897475013032,342.7416835909165,0.0,4.092421459515736,0.00023097855182672232,-1.0,-0.8848948239143053,-0.9992177745903892,0.007004110436132959,11.618876697261157,157.1843710237606,-1.0,-0.8848948239143053,611.0641254150909,0.0,0.1411427067616403,604,True
minor_salivary_gland,excluded_at_or_below_-1,ENSG00000223841.1,ENSG00000223841,,,,,,,,,,,,,,,,,,,,,5,False
minor_salivary_gland,raw,ENSG00000223841.1,ENSG00000223841,0.12822249880565822,182.25928891091223,-0.9992504619773224,0.00012502577772988786,4.358974370742132,691.1553765980457,0.0,8.478306285571422,2.5759903411848715e-16,-1.0,-0.9381477821625696,-0.9986469500336893,0.008378912714325,6.346105776705324,39.66602352138113,-1.0,-0.9381477821625696,174.1194812641583,0.0,4.4853010194856324e-14,181,True
muscle_skeletal,excluded_at_or_below_-1,ENSG00000223841.1,ENSG00000223841,,,,,,,,,,,,,,,,,,,,,7,False
muscle_skeletal,raw,ENSG00000223841.1,ENSG00000223841,0.1794871794871794,841.828322524781,-0.9991856308216259,0.00028914298969396105,7.7435897622161205,336.5842087857917,0.0,3.9831224615001997,0.0003588424442721501,-1.0,-0.9303693169342152,-0.9997057803617723,0.0036438139471956965,14.751361038222232,237.66510458139078,-1.0,-0.9303693169342152,841.824002314465,0.0,0.3020821826374873,818,True
nerve_tibial,excluded_at_or_below_-1,ENSG00000223841.1,ENSG00000223841,,,,,,,,,,,,,,,,,,,,,3,False
nerve_tibial,raw,ENSG00000223841.1,ENSG00000223841,0.0769176284783734,747.3299339049239,-0.9993388728698801,0.0003296288579562614,4.769230779440592,262.2507023410473,0.0,2.836447511500209,0.018200440394998046,-1.0,-0.9382127446733376,-0.9997837862128108,0.0034532581388426104,16.939963704487067,292.4419318578992,-1.0,-0.9382127446733376,735.1679754477344,0.0,13.38038091744664,670,True
ovary,excluded_at_or_below_-1,ENSG00000223841.1,ENSG00000223841,,,,,,,,,,,,,,,,,,,,,2,False
ovary,raw,ENSG00000223841.1,ENSG00000223841,0.05128205126023112,195.19867488856943,-0.9994105912028249,0.0002542157504489028,1.8974358987380944,275.8196496004608,0.0,3.2789074369909836,0.004628756734682033,-1.0,-0.9498298906090088,-0.999543134905148,0.004519128749954554,9.94565530852139,98.62061872842277,-1.0,-0.9498298906090088,195.1693934954358,0.0,0.9033916445457966,193,True
pancreas,excluded_at_or_below_-1,ENSG00000223841.1,ENSG00000223841,0.4253144437555752,0.8605045052189622,-0.9591429813176142,0.006430231632942096,24.109744765937258,6.10050183958379,0.0,4.700262142541748,1.5939110838777244e-05,-0.980514417086746,-0.9314048511303404,-0.9570297056854877,0.01297192824036929,0.33614126887032364,-0.5957008473897076,-0.980514417086746,-0.9314048511303404,0.8604894509078611,0.0,1.3715436733618969e-05,25,True
pancreas,raw,ENSG00000223841.1,ENSG00000223841,1.171834649727202,317.46393572032446,-0.999163239522259,0.0009078167789457021,469.9385878776668,105.55525525721356,0.0,1.303520758289292,0.42823455982620245,-1.0,-0.9314048511303404,-0.997032438237948,0.011411678412615608,3.9075354899668686,14.550095842038726,-1.0,-0.9314048511303404,316.9884178610197,0.0,135.7453955927181,362,True
pituitary,excluded_at_or_below_-1,ENSG00000223841.1,ENSG00000223841,,,,,,,,,,,,,,,,,,,,,6,False
pituitary,raw,ENSG00000223841.1,ENSG00000223841,0.15384615384590797,407.30818442242577,-0.9992308190813511,0.00038415013038787713,5.076923081088177,283.9120388888212,0.0,2.831669186142239,0.01816328847994914,-1.0,-0.9221103263498188,-0.9989798392071086,0.007778604082497949,7.9469159192259005,63.60189110778259,-1.0,-0.9221103263498188,406.97337166522277,0.0,7.391974753212875,313,True
prostate,excluded_at_or_below_-1,ENSG00000223841.1,ENSG00000223841,,,,,,,,,,,,,,,,,,,,,2,False
prostate,raw,ENSG00000223841.1,ENSG00000223841,0.05128205128026474,317.3805702656028,-0.9989789952795143,0.00047020846263693067,1.8974358984562536,282.67279739012423,0.0,3.070805478192142,0.00915764390467621,-1.0,-0.9049937974095016,-0.9993981613251173,0.0071848901600177085,11.998691576708834,143.87203183688152,-1.0,-0.9049937974095016,310.549962268154,0.0,2.8439059690625776,282,True
skin_not_sun_exposed_suprapubic,excluded_at_or_below_-1,ENSG00000223841.1,ENSG00000223841,0.1486116810974455,3.1973788770790588,-0.9512621246025488,0.020798606701923742,7.935412016693356,18.493844307657916,0.0,1.5489849191573943,0.3013059475701241,-0.9740427915243856,-0.6792761923532924,-0.9235864511180064,0.06519593331461931,2.7088105491479615,7.522303296913245,-0.9740427915243856,-0.6792761923532924,3.197225257768202,0.0,0.9633429858869823,21,True
skin_not_sun_exposed_suprapubic,raw,ENSG00000223841.1,ENSG00000223841,0.5384615384615384,724.3121934568306,-0.9964109418730467,0.0011210376466092551,41.69230769230769,400.07243755566503,0.0,4.527675492999759,3.6078456778522236e-05,-1.0,-0.6792761923532924,-0.9975350468102583,0.01770155845727733,11.656351184859332,175.46199766714463,-1.0,-0.6792761923532924,709.8931436577118,0.0,0.02561184910082326,651,True
skin_sun_exposed_lower_leg,excluded_at_or_below_-1,ENSG00000223841.1,ENSG00000223841,0.28947375545370285,6.986337930934214,-0.9700828621049905,0.0004846130013435047,7.815790689576414,133.77980827901567,0.0,18.848262665059682,0.0,-0.9765416554465688,-0.9242401152001573,-0.9537615390572044,0.01839718967208175,0.41720139770548403,-1.2844273836864277,-0.9765416554465688,-0.9242401152001573,6.986152189740732,0.0,0.0,14,True
skin_sun_exposed_lower_leg,raw,ENSG00000223841.1,ENSG00000223841,0.3589742406560088,762.7979005342463,-0.9991157831427998,0.00035756825908545513,12.974358975973622,296.1397786455168,0.0,3.4971545705145215,0.002209398078697547,-1.0,-0.9242401152001573,-0.9991414609374016,0.0066974162108797836,8.579113211173357,77.64457567145959,-1.0,-0.9242401152001573,762.7903626750194,0.0,1.6853075617431932,754,True
small_intestine_terminal_ileum,excluded_at_or_below_-1,ENSG00000223841.1,ENSG00000223841,,,,,,,,,,,,,,,,,,,,,2,False
small_intestine_terminal_ileum,raw,ENSG00000223841.1,ENSG00000223841,0.0512820507363091,228.6613074305082,-0.9986262394469345,0.0006233285751800231,1.897435911640145,283.66222805286526,0.0,3.1168004852617326,0.007988773549830002,-1.0,-0.8735993148374134,-0.9989901617422533,0.010472970579297752,10.654635704224809,115.23507038826816,-1.0,-0.8735993148374134,222.45777282892428,0.0,1.7771647715299033,207,True
spleen,excluded_at_or_below_-1,ENSG00000223841.1,ENSG00000223841,,,,,,,,,,,,,,,,,,,,,3,False
spleen,raw,ENSG00000223841.1,ENSG00000223841,0.07692294915850083,307.31841486613854,-0.9992914503624882,0.0003621133549134037,2.7692307718469595,256.9817508264165,0.0,2.7672011909732595,0.022037125576787567,-1.0,-0.9334905512485508,-0.9994698673134986,0.0052895571338121405,10.534645334703546,114.56498584433302,-1.0,-0.9334905512485508,303.14459353743825,0.0,6.680435475708749,277,True
stomach,excluded_at_or_below_-1,ENSG00000223841.1,ENSG00000223841,,,,,,,,,,,,,,,,,,,,,3,False
stomach,raw,ENSG00000223841.1,ENSG00000223841,0.04302856786907469,393.84612597055303,-0.9992502484308535,0.0007587950281977747,148.01767526969144,112.58958738506834,0.0,1.3973587043865507,0.3775039584449744,-1.0,-0.9388404055275862,-0.9996805803163658,0.003880418702739582,13.045023237159741,179.07139131249704,-1.0,-0.9388404055275862,393.0075566623048,0.0,148.36190833880957,407,True
testis,excluded_at_or_below_-1,ENSG00000223841.1,ENSG00000223841,0.36240338632923885,1.8110153639337245,-0.953162651485603,0.004825199459556543,11.698391085482118,15.900655642779347,0.0,8.297768631308996,1.1342704234566367e-15,-0.9814740676539866,-0.8989107074684712,-0.9431054092835397,0.021332973082514074,0.4312174150024941,-0.3471463239972796,-0.9814740676539866,-0.8989107074684712,1.8107785877880302,0.0,2.0539125955565396e-15,22,True
testis,raw,ENSG00000223841.1,ENSG00000223841,0.564102564102564,401.7449401591509,-0.9988006118720292,0.00039835592062974364,25.58974360987018,354.62170947112526,0.0,4.257978529462717,0.0001158587474957481,-1.0,-0.8989107074684712,-0.9969766159522654,0.013653137907276647,4.818918843695154,23.631063110210917,-1.0,-0.8989107074684712,400.92149465241414,0.0,0.04645026221455195,414,True
thyroid,excluded_at_or_below_-1,ENSG00000223841.1,ENSG00000223841,2.7842263579513644,45.75682978597497,-0.9247085361001749,0.035847671575171346,810.2044540355739,24.669082584840343,0.0,2.1372081078881267,0.1018993097796856,-0.978882768604922,-0.2993933827946139,-0.8719256448649684,0.09129751956475773,2.2311538857587405,7.310535385461918,-0.978882768604922,-0.2993933827946139,45.75412399336798,0.0,4.66231365449835,280,True
thyroid,raw,ENSG00000223841.1,ENSG00000223841,7.179487162926957,423.3119680793409,-0.9922091902403032,0.003802971151921974,5943.743589751992,257.6379025702015,0.0,2.8971739158378393,0.015207999510867156,-1.0,-0.2993933827946139,-0.9475719014067123,0.08588756220230653,2.4597114929173336,8.702387342007777,-1.0,-0.2993933827946139,418.7335409028999,0.0,6.368099485234971,684,True
uterus,excluded_at_or_below_-1,ENSG00000223841.1,ENSG00000223841,,,,,,,,,,-0.958695329503136,-0.958695329503136,,,,,,,,,,1,False
uterus,raw,ENSG00000223841.1,ENSG00000223841,0.025641025641025633,170.08883986996605,-0.9995114100655199,8.260040932085743e-05,0.9743589743589743,698.8180224387908,0.0,8.365218979684748,6.411007668272379e-16,-1.0,-0.958695329503136,-0.9997300348333539,0.003339284691958901,12.247717295372604,148.0065789473691,-1.0,-0.958695329503136,169.22395323979416,0.0,1.0848960618758952e-13,153,True
vagina,excluded_at_or_below_-1,ENSG00000223841.1,ENSG00000223841,,,,,,,,,,-0.974833677499668,-0.904949223363904,,,,,,,,,,2,False
vagina,raw,ENSG00000223841.1,ENSG00000223841,0.051282051281897265,190.77656397567426,-0.9989744284897074,0.0004553676032820494,1.8974358974365164,292.0096189000566,0.0,3.1850687852755484,0.0064331216136720255,-1.0,-0.904949223363904,-0.9992928405933151,0.007530207912928774,11.873630308775713,144.3179118181527,-1.0,-0.904949223363904,185.8735715520192,0.0,1.1957472905617015,170,True
whole_blood,excluded_at_or_below_-1,ENSG00000223841.1,ENSG00000223841,,,,,,,,,,,,,,,,,,,,,7,False
whole_blood,raw,ENSG00000223841.1,ENSG00000223841,2.9833136913759506,745.8101533104206,-0.997369629689304,0.0029399412244357306,3205.734603060132,103.44925583854695,0.0,1.2652992299748607,0.4494969499256016,-1.0,-0.7823138983847653,-0.9993302651270398,0.0091546406766157,18.85785488046397,409.39849864765836,-1.0,-0.7823138983847653,745.1654107043612,0.0,334.94957930166856,803,True
adipose_subcutaneous,excluded_at_or_below_-1,ENSG00000223842.1,ENSG00000223842,1.9297293117988874,57.48808399460395,-0.8318680810958436,0.30690335478991065,767.2391307801597,7.0475796170376634,0.0,0.6608581016694929,0.8038389205328657,-0.9752831732988356,0.6975514388162656,-0.6822005577532322,0.24308897756313894,1.8917096434653822,5.2231554260958095,-0.9752831732988356,0.6975514388162656,57.48748969620408,0.0,46.210681661540924,635,True
adipose_subcutaneous,raw,ENSG00000223842.1,ENSG00000223842,0.7879122268894369,73.29516472027544,-1.03156478108844,0.4814865604817679,600.5097536574453,5.078728691122272,0.0,-0.09271150053273411,1.0,-1.0,0.6975514388162656,-0.7173632411390791,0.24999413649134303,1.743671233114331,4.688087900508146,-1.0,0.6975514388162656,72.98065550403936,0.0,72.98065550403936,714,True
adipose_visceral_omentum,excluded_at_or_below_-1,ENSG00000223842.1,ENSG00000223842,-0.0651007051770678,54.67992796829694,-1.2094519439518843,0.7303862512745638,1270.6588040421009,4.170893792439967,0.0,-0.455348288110707,1.0,-0.974282279322598,0.9446523317932034,-0.6389574813272388,0.26955169939333457,1.2818644911606023,2.546285332415235,-0.974282279322598,0.9446523317932034,49.28602270200574,0.0,49.286022702005724,476,True
adipose_visceral_omentum,raw,ENSG00000223842.1,ENSG00000223842,1.9038036226673842,10977467459510.555,-13.700331736586786,2.519618068173819,2691.965723030595,8.219950218586902,0.0,-7.128453957125465,1.0,-1.0,0.9446523317932034,-0.7072295759996007,0.28092239514833783,1.259385981460268,2.193825705561175,-1.0,0.9446523317932034,101.41364957535073,0.0,101.41364957535075,587,True
adrenal_gland,excluded_at_or_below_-1,ENSG00000223842.1,ENSG00000223842,1.818675372518791,14.112613324905304,-0.8576443999806846,0.18503670554751533,303.5075259476908,5.709407508616199,0.0,0.8534206180566937,0.6947781268730975,-0.9693065589452402,-0.1106214720928824,-0.7422585019076758,0.17447495253363862,1.0668759733612154,0.49852675084788833,-0.9693065589452402,-0.1106214720928824,14.112602464977126,0.0,9.805127505921465,246,True
adrenal_gland,raw,ENSG00000223842.1,ENSG00000223842,-0.19887123332865636,1764016623827.8179,-13.802356375849344,2.566264477557291,1279.4044670390945,7.54522277911911,0.0,-7.0551052611277925,1.0,-1.0,-0.1106214720928824,-0.7850698015908077,0.18601253391073003,0.9931817540972974,0.46573975483871477,-1.0,-0.1106214720928824,26.656381862670383,0.0,26.656381862670386,295,True
artery_aorta,excluded_at_or_below_-1,ENSG00000223842.1,ENSG00000223842,0.40339474355849014,127.45505338915933,-1.9594738039638493,1.1407151726573654,996.3201098212282,4.714359737266285,0.0,-1.2474862164665956,1.0,-0.9532421479638228,1.8431638066107667,-0.5369320514579786,0.37362029179824063,1.583184364934201,4.013686115657548,-0.9532421479638228,1.8431638066107667,58.53473602634251,0.0,58.5347360263425,407,True
artery_aorta,raw,ENSG00000223842.1,ENSG00000223842,0.04686091765725382,3026398542544.3726,-21.52729109208456,4.160385687777752,638.405916922025,7.944170746875535,0.0,-6.977712077630143,1.0,-1.0,1.8431638066107667,-0.6007020019987231,0.381896703843461,1.5375212695844573,3.6951568904058387,-1.0,1.8431638066107667,80.91689095958228,0.0,80.91689095958228,472,True
artery_coronary,excluded_at_or_below_-1,ENSG00000223842.1,ENSG00000223842,0.01625048823867292,19.95812840585555,-1.3846896626373566,0.8562280261898545,242.42017375967922,2.7810763132892493,0.0,-0.6930951891458036,1.0,-0.9650588928912572,0.299098094577489,-0.6171514639367304,0.27713791370846486,1.001466634076985,0.5863276187182063,-0.9650588928912572,0.299098094577489,15.279165520558564,0.0,15.279165520558564,232,True
artery_coronary,raw,ENSG00000223842.1,ENSG00000223842,0.70144158891143,3159458400581.014,-18.249227299058468,3.408920218510674,505.45897509551116,7.694897988093561,0.0,-7.155958374831745,1.0,-1.0,0.299098094577489,-0.6685788792288115,0.2890633202748937,0.9898987035037948,0.550629174482558,-1.0,0.299098094577489,23.549410302277586,0.0,23.549410302277586,268,True
artery_tibial,excluded_at_or_below_-1,ENSG00000223842.1,ENSG00000223842,1.9307943978756992,38.577952556482984,-0.8273746859389225,0.2912706651823122,1865.7755344321613,5.552725224444104,0.0,0.7876201936814523,0.7333270873755316,-0.989592517692466,0.3162616167595755,-0.6998606229453359,0.21963384853127274,1.3705078687565257,2.199731113021733,-0.989592517692466,0.3162616167595755,38.577581659352965,0.0,28.289985596245035,556,True
artery_tibial,raw,ENSG00000223842.1,ENSG00000223842,2.1075049356303737,2582966023666.2812,-11.337080469434794,2.108850301968745,4671.680447636498,7.814833708150759,0.0,-6.932137089848964,1.0,-1.0,0.3162616167595755,-0.7584985620225859,0.23017955349340485,1.3048071344479266,1.9685935893891129,-1.0,0.3162616167595755,94.74654786369156,0.0,94.74654786369155,691,True
bladder,excluded_at_or_below_-1,ENSG00000223842.1,ENSG00000223842,0.2135555784945719,4.348904853970208,-0.8345649163991643,0.3669589961671,65.51585506999791,4.305480597671261,0.0,0.48462151850861634,0.8891976931113232,-0.9603141177110812,0.2826177214813485,-0.6580708752477129,0.24030605679570416,1.4342074878602138,2.5587448872894534,-0.9603141177110812,0.2826177214813485,4.348472507608311,0.0,3.866651722323321,71,True
bladder,raw,ENSG00000223842.1,ENSG00000223842,0.1473380054208033,4.660369856416331,-0.8897323480102249,0.43029632265131273,62.93213518553948,3.8530502838332024,0.0,0.3624060925599471,0.9364084219577248,-1.0,0.2826177214813485,-0.6847147031504885,0.24839276567149826,1.3133306497040826,2.2643579675837726,-1.0,0.2826177214813485,4.657557510380306,0.0,4.3613760784725715,77,True
brain_amygdala,excluded_at_or_below_-1,ENSG00000223842.1,ENSG00000223842,0.10273420520008247,8.46212086271018,-0.9744130209555317,0.10444354655292669,22.148561417059437,7.307748553097829,0.0,-0.05582931960302633,1.0,-0.9702898727294658,-0.4347157669412208,-0.9000385892370969,0.07953621973769434,3.611508112402981,17.785697896850433,-0.9702898727294658,-0.4347157669412208,8.448943286740242,0.0,8.448943286740242,60,True
brain_amygdala,raw,ENSG00000223842.1,ENSG00000223842,1.5384615468329321,133.13609639350892,-0.9940038243396191,0.00324985917456014,301.6923078209911,243.3806246860436,0.0,2.6093047377752323,0.033584865620277446,-1.0,-0.4347157669412208,-0.9668636207415792,0.06557565902440962,3.845326510825716,23.591270558857257,-1.0,-0.4347157669412208,131.73812102344,0.0,4.424407091640108,181,True
brain_anterior_cingulate_cortex_ba24,excluded_at_or_below_-1,ENSG00000223842.1,ENSG00000223842,0.7881899742505388,6.391180810815587,-0.9395697657043949,0.040415840362774375,61.71765130815857,9.458309302265697,0.0,1.235278977530528,0.46628834088509874,-0.9748719571751012,-0.6692672251031998,-0.9044786208604856,0.05857346706321509,1.4797668386816192,2.4684914744801283,-0.9748719571751012,-0.6692672251031998,6.391142481608311,0.0,2.980115224109412,85,True
brain_anterior_cingulate_cortex_ba24,raw,ENSG00000223842.1,ENSG00000223842,2.179487179470983,171.17553671720972,-0.9965687644640562,0.0017555936993655132,273.7435897469945,263.65683364949496,0.0,2.7640221267495098,0.022029741772434382,-1.0,-0.6692672251031998,-0.9651531449491041,0.05801408852166277,1.9913630097949369,4.301488436813662,-1.0,-0.6692672251031998,170.39891410969588,0.0,3.753844076139825,233,True
brain_caudate_basal_ganglia,excluded_at_or_below_-1,ENSG00000223842.1,ENSG00000223842,0.9010640881971806,8.281220924585636,-0.9341907473655666,0.06377219315347443,116.71241885469826,5.334955660893729,0.0,1.139270311311415,0.522589304947503,-0.9855647182282524,-0.6936175893053131,-0.9036153153259608,0.06097663281503133,1.1902914065501817,1.0325598853898903,-0.9855647182282524,-0.6936175893053131,8.281135685810398,0.0,4.3276329422236195,148,True
brain_caudate_basal_ganglia,raw,ENSG00000223842.1,ENSG00000223842,3.794871794871495,156.70822545178962,-0.9958562754515036,0.0013291717531722792,562.358974359022,321.57623572848144,0.0,4.408844410992218,6.0224254561167865e-05,-1.0,-0.6936175893053131,-0.952450222227474,0.06448132924094792,1.5057727956292053,1.9113599180711294,-1.0,-0.6936175893053131,156.47034553647003,0.0,0.009423309920862266,300,True
brain_cerebellar_hemisphere,excluded_at_or_below_-1,ENSG00000223842.1,ENSG00000223842,0.6927122950039152,11.080074606958984,-0.9143091293208286,0.1509307891046097,143.58725752288962,4.985012219325329,0.0,0.6225007731947535,0.8238690522705806,-0.9807450166693102,-0.3822877656617529,-0.8383889151587428,0.11325790814945183,1.4396411125163553,2.3479965668189386,-0.9807450166693102,-0.3822877656617529,11.079910597206316,0.0,9.12839544296313,173,True
brain_cerebellar_hemisphere,raw,ENSG00000223842.1,ENSG00000223842,4.4210107322638645,345.8505324758738,-1.0044822454900302,0.01093691908908381,895.2625855059719,80.45372418317248,0.0,-0.5795829986721912,1.0,-1.0,-0.3822877656617529,-0.8990660011641247,0.11891353519885649,1.4938314332046059,2.4451522062096513,-1.0,-0.3822877656617529,292.378287360539,0.0,292.37828736053893,277,True
brain_cerebellum,excluded_at_or_below_-1,ENSG00000223842.1,ENSG00000223842,1.4239737758678108,12.805039156192198,-0.8251191255492112,0.1723237643022953,313.15280818953886,5.336116498880838,0.0,1.2144797297814398,0.47831725907380623,-0.9731050622372934,-0.1749063809480959,-0.7489563043720101,0.1533748618443351,1.0094111803446169,0.7297142497636124,-0.9731050622372934,-0.1749063809480959,12.805028479310302,0.0,6.124866124585733,231,True
brain_cerebellum,raw,ENSG00000223842.1,ENSG00000223842,-0.48601184039356055,17.209935088630374,-1.0593632818044132,0.45539818609974514,965.8628509767617,2.7466313716311483,0.0,-0.1843493470050607,1.0,-1.0,-0.1749063809480959,-0.7819883695862193,0.16626928244131178,0.8370131274273169,0.4585968972821832,-1.0,-0.1749063809480959,16.52403354144793,0.0,16.52403354144793,266,True
brain_cortex,excluded_at_or_below_-1,ENSG00000223842.1,ENSG00000223842,1.2969077448158997,7.792767196631731,-0.9209959661549717,0.07574809026475061,228.0631929263952,5.025382011090298,0.0,0.9994309810283092,0.6068786002667262,-0.97452747665561,-0.6518265137335445,-0.8790324220440554,0.06953373592707321,0.8805452960089462,0.05012396862779189,-0.97452747665561,-0.6518265137335445,7.7926889379253055,0.0,4.729216154962111,161,True
brain_cortex,raw,ENSG00000223842.1,ENSG00000223842,4.128205128228377,121.7727145247608,-0.99646257087478,0.0021077544386558125,564.3589757809191,231.23613318197965,0.0,2.3734644572781365,0.05983845914976138,-1.0,-0.6518265137335445,-0.927867481292937,0.08007179264277421,1.0040001212016825,0.22204889301183695,-1.0,-0.6518265137335445,121.70453239624997,0.0,7.282611690133814,270,True
brain_frontal_cortex_ba9,excluded_at_or_below_-1,ENSG00000223842.1,ENSG00000223842,0.20410880213697866,5.591590128820579,-0.9256831712179207,0.07183021860583884,109.27618212932668,4.276308195352693,0.0,0.8553661628095665,0.6935915949389049,-0.9691286168686812,-0.7084824876219535,-0.9025989114463044,0.05003317924615566,1.3544439543412692,2.7208063379480016,-0.9691286168686812,-0.7084824876219535,5.590987236102921,0.0,3.877861754371685,96,True
brain_frontal_cortex_ba9,raw,ENSG00000223842.1,ENSG00000223842,2.4615384529550313,243.56454654187743,-0.9971899740243035,0.0013968640653495973,299.6923077090384,292.2933254258097,0.0,2.8449273941742974,0.017586865590507088,-1.0,-0.7084824876219535,-0.9652397602187555,0.05543379962741101,1.6909862536359788,2.8371415349259843,-1.0,-0.7084824876219535,242.05838934523896,0.0,4.2570483584692935,269,True
brain_hippocampus,excluded_at_or_below_-1,ENSG00000223842.1,ENSG00000223842,0.5698217549499206,7.6502679819380575,-0.9305219576961475,0.05298822549290433,58.18091768848348,6.372576381352372,0.0,1.1453915989714938,0.5189459023597814,-0.9734378721936272,-0.6917521401452309,-0.9059774281273781,0.05310748236744711,1.5241856348171257,2.685257482530501,-0.9734378721936272,-0.6917521401452309,7.650227245883372,0.0,3.970054081372332,112,True
brain_hippocampus,raw,ENSG00000223842.1,ENSG00000223842,2.948102186934384,129.16525453706848,-0.9961601432526002,0.0033516845729777275,527.3453487457323,128.4422555631143,0.0,1.6201934792802541,0.27049898922463944,-1.0,-0.6917521401452309,-0.9587038115696719,0.058468026785035626,1.6005030647681884,2.6818743607146747,-1.0,-0.6917521401452309,128.51762952774635,0.0,34.76388888480206,255,True
brain_hypothalamus,excluded_at_or_below_-1,ENSG00000223842.1,ENSG00000223842,0.9912602705471001,9.224744749201209,-0.9227046267916305,0.03874486927845917,71.31229848969639,10.503061365282214,0.0,1.9861783394328616,0.13911733827407158,-0.9771194776829636,-0.6349547773709839,-0.8880728536707024,0.07275200997611482,1.4748461914497042,1.7622397358702235,-0.9771194776829636,-0.6349547773709839,9.224609549501448,0.0,1.2833031271442237,112,True
brain_hypothalamus,raw,ENSG00000223842.1,ENSG00000223842,2.8717948815447545,154.51355779804283,-0.9959133134119955,0.0016480599908812532,448.35897435897596,309.7414292853354,0.0,3.506818701929537,0.0021612802678951286,-1.0,-0.6349547773709839,-0.951222410938205,0.07339798592800456,1.8354740023283134,3.375981362280254,-1.0,-0.6349547773709839,152.69579243313925,0.0,0.3300184031763491,257,True
brain_nucleus_accumbens_basal_ganglia,excluded_at_or_below_-1,ENSG00000223842.1,ENSG00000223842,1.2099807306360306,8.1655646736168,-0.9376920156302206,0.038845884105864995,86.32595038830611,8.894291524416655,0.0,1.5180615609776682,0.3159286376546283,-0.9793904160927028,-0.6933819432664006,-0.9049668851812368,0.05726503405695179,1.1619594736327732,1.0503288393260064,-0.9793904160927028,-0.6933819432664006,8.165429695062667,0.0,2.5796930794257955,122,True
brain_nucleus_accumbens_basal_ganglia,raw,ENSG00000223842.1,ENSG00000223842,3.128205128205128,192.77348425693268,-0.9957448417942533,0.000976493932293032,438.3589743601156,437.89899528859627,0.0,6.162559997151854,5.821577601958454e-09,-1.0,-0.6933819432664006,-0.9593191578670557,0.060133531084317834,1.6158239268660963,2.2663236419955055,-1.0,-0.6933819432664006,187.66107252249927,0.0,1.09248349655644e-06,285,True
brain_putamen_basal_ganglia,excluded_at_or_below_-1,ENSG00000223842.1,ENSG00000223842,0.42811845417777733,4.352061843496712,-0.9552814074687667,0.07267607481928054,77.00261844501406,3.699831446299673,0.0,0.45212524118319397,0.9027386843661437,-0.9785160084725764,-0.7651480116619853,-0.9170864234622833,0.04667799210388054,1.0934448627611508,0.9841849443866626,-0.9785160084725764,-0.7651480116619853,4.347419598682695,0.0,3.9245838489024045,88,True
brain_putamen_basal_ganglia,raw,ENSG00000223842.1,ENSG00000223842,2.2564102509135044,169.75934587383506,-0.9971351759424201,0.0003728701652540891,203.43589743589746,879.875690237376,0.0,10.865640143889069,0.0,-1.0,-0.7651480116619853,-0.9712740364751217,0.048083131843863196,1.7991452595599418,2.882048575041753,-1.0,-0.7651480116619853,152.9747442471242,0.0,0.0,254,True
brain_spinal_cord_cervical_c-1,excluded_at_or_below_-1,ENSG00000223842.1,ENSG00000223842,0.5473624324817233,9.629622833798491,-0.9956590248231605,0.1424518714856416,114.92225861595921,5.453347608716677,0.0,-0.22116646023129505,1.0,-0.9733812182683036,-0.4463504950563567,-0.8648558165536182,0.1017603448757569,1.5411599580388446,2.4478998885188643,-0.9733812182683036,-0.4463504950563567,9.396961577149536,0.0,9.396961577149542,98,True
brain_spinal_cord_cervical_c-1,raw,ENSG00000223842.1,ENSG00000223842,2.5128205205557044,128.53440252792902,-0.9939529843086828,0.0018764444392070938,393.74358974362667,412.7097242576214,0.0,4.55743395533613,3.249961768765856e-05,-1.0,-0.4463504950563567,-0.9350777942267383,0.09761895043233668,1.9814037128543494,4.309808149699257,-1.0,-0.4463504950563567,122.16550160865273,0.0,0.003970332096902229,204,True
brain_substantia_nigra,excluded_at_or_below_-1,ENSG00000223842.1,ENSG00000223842,0.30033776768127773,6.566168209924671,-0.9365052050410221,0.07093259474611265,38.082598367605435,6.625024521158521,0.0,0.6909136975513915,0.7876771106130253,-0.9711593072338432,-0.6042143884023818,-0.9002740765978633,0.06289049913335593,2.0021805437655793,5.673927614234177,-0.9711593072338432,-0.6042143884023818,6.566077348556479,0.0,5.171948833972601,80,True
brain_substantia_nigra,raw,ENSG00000223842.1,ENSG00000223842,2.051282044614741,124.06626704537106,-0.9956923828173685,0.0014087450056840943,289.89743592452515,392.99765879449944,0.0,4.324338767207319,9.150391596085094e-05,-1.0,-0.6042143884023818,-0.9564039679116341,0.06463211169687694,1.9861072645762634,5.36994116829972,-1.0,-0.6042143884023818,117.91826759096675,0.0,0.010789983247893264,183,True
breast_mammary_tissue,excluded_at_or_below_-1,ENSG00000223842.1,ENSG00000223842,0.8333984032974543,34.5916221420753,-0.9909554170511301,0.5273317013661937,455.24870985648306,4.131863835473359,0.0,-0.06760291484682383,1.0,-0.9657476541983476,0.5497332343272461,-0.6426419288480762,0.26853265994087466,1.410844154157775,2.3149470231706024,-0.9657476541983476,0.5497332343272461,34.50587944835874,0.0,34.50587944835874,437,True
breast_mammary_tissue,raw,ENSG00000223842.1,ENSG00000223842,-0.21742414700399465,6808713727917.019,-18.430488938455287,3.455671717887508,1230.6218094037722,7.767545590242719,0.0,-7.133326272851744,1.0,-1.0,0.5497332343272461,-0.6961761146042982,0.2785371836820236,1.3412590807252498,2.1171730166761575,-1.0,0.5497332343272461,60.228404149724646,0.0,60.228404149724646,514,True
cells_cultured_fibroblasts,excluded_at_or_below_-1,ENSG00000223842.1,ENSG00000223842,1.1504870702674534,30.23985971007278,-0.6397141609090997,0.3666137713564076,741.2264568243984,3.4166000666155347,0.0,1.2464421355173203,0.4582901525504383,-0.9628356923648872,0.2459884436795723,-0.5690231456379156,0.23500217547807675,0.6153144783561599,0.010620252996265123,-0.9628356923648872,0.2459884436795723,30.151583262276795,0.0,13.818173692906075,627,True
cells_cultured_fibroblasts,raw,ENSG00000223842.1,ENSG00000223842,0.8210534571955019,31.032112817460813,-0.6485885144549243,0.390492359046344,597.8099381754137,3.2398146531469716,0.0,1.2726776268944664,0.44198954445019345,-1.0,0.2459884436795723,-0.5855483317714312,0.24487674249449337,0.5163392673994435,-0.06349317771310448,-1.0,0.2459884436795723,30.868974447828485,0.0,13.643763953840374,652,True
cells_ebv-transformed_lymphocytes,excluded_at_or_below_-1,ENSG00000223842.1,ENSG00000223842,-0.3676469726005507,16.153080764179702,-0.5724854447506441,0.35930521292120116,294.96898820864726,2.9718045295582014,0.0,1.5265804066186321,0.3034356958579735,-0.9603393818328392,0.1825524700755458,-0.5414465334308145,0.21523923416749066,0.3692124498660102,-0.3293610453101845,-0.9603393818328392,0.1825524700755458,15.957839702007252,0.0,4.842178194368566,322,True
cells_ebv-transformed_lymphocytes,raw,ENSG00000223842.1,ENSG00000223842,-0.36941198552089066,16.68008235326466,-0.5724397434921342,0.3587350015728619,322.8424424721789,2.9763480653744767,0.0,1.685538101478876,0.23243851312265207,-1.0,0.1825524700755458,-0.5484580543263678,0.22089156686945316,0.29432518913041117,-0.312366487869002,-1.0,0.1825524700755458,16.4811210430751,0.0,3.8308472698468283,327,True
cervix_ectocervix,excluded_at_or_below_-1,ENSG00000223842.1,ENSG00000223842,0.026120951735334297,1.1212319457846303,-0.49311551111415447,0.7713183122142216,12.552833903010747,3.2117466161568458,0.0,0.7585846467021276,0.748523551925433,-0.9068509220404032,1.2585852539929792,-0.2595487205012331,0.48549902667586914,1.23387689415481,2.2007827966112874,-0.9068509220404032,1.2585852539929792,1.1147741551449912,0.0,0.8344347102038027,23,True
cervix_ectocervix,raw,ENSG00000223842.1,ENSG00000223842,0.029410142359391073,1.1517041210518877,-0.464026369964291,0.7478673982454113,14.270843949585657,3.2574500867632405,0.0,1.0135234915295896,0.596325119567346,-1.0,1.2585852539929792,-0.29040085714701513,0.4983026974740257,1.1348087179718056,1.9585353257254035,-1.0,1.2585852539929792,1.145986137912759,0.0,0.6833803207133472,24,True
cervix_endocervix,excluded_at_or_below_-1,ENSG00000223842.1,ENSG00000223842,0.4473686473191782,13.201075965329482,-0.5577871399434546,0.014012800447586026,27.3947416336573,123.86590102063218,0.0,35.27715781227075,0.0,-0.9073324886331144,0.6695438653892816,-0.48641465609250384,0.4176423875679166,1.518654311065995,1.5388786897602156,-0.9073324886331144,0.6695438653892816,13.178548019392789,0.0,0.0,23,True
cervix_endocervix,raw,ENSG00000223842.1,ENSG00000223842,0.4473686473191782,13.201075965329482,-0.5577871399434546,0.014012800447586026,27.3947416336573,123.86590102063218,0.0,35.27715781227075,0.0,-0.9073324886331144,0.6695438653892816,-0.48641465609250384,0.4176423875679166,1.518654311065995,1.5388786897602156,-0.9073324886331144,0.6695438653892816,13.178548019392789,0.0,0.0,23,True
colon_sigmoid,excluded_at_or_below_-1,ENSG00000223842.1,ENSG00000223842,0.921890802529903,17.637685609486482,-0.8549865677341164,0.30745625093959544,404.69582768158807,3.417794617724209,0.0,0.5405251812662341,0.8636898873074035,-0.9724991204292646,-0.1119429796895357,-0.7269071988460432,0.17653628807327365,0.974404874794167,0.7437803421796598,-0.9724991204292646,-0.1119429796895357,17.586398177106155,0.0,15.189194259727941,352,True
colon_sigmoid,raw,ENSG00000223842.1,ENSG00000223842,-1.10539609168867,4628784194505.477,-16.8748302639165,3.138037047816683,2166.0421127452114,7.55450053031692,0.0,-7.154281456052803,1.0,-1.0,-0.1119429796895357,-0.7705759761188715,0.1902953994188198,0.8801896929549872,0.49827134905241754,-1.0,-0.1119429796895357,33.693906394342946,0.0,33.693906394342946,419,True
colon_transverse,excluded_at_or_below_-1,ENSG00000223842.1,ENSG00000223842,1.6208463771987942,40.0978207176199,-1.0333903214414342,0.293614324323666,636.3964012702711,5.3255572675820355,0.0,-0.28544194655653393,1.0,-0.9741278122266356,0.0722841964469513,-0.7753557394867385,0.1835763789771888,1.5415756465883794,2.4796877751423194,-0.9741278122266356,0.0722841964469513,38.49709220690869,0.0,38.49709220690869,374,True
colon_transverse,raw,ENSG00000223842.1,ENSG00000223842,2.465759937490825,2366107943174.8354,-6.797336593309412,1.1825620834011386,2217.6762789389895,8.21530727696953,0.0,-6.93297388017042,1.0,-1.0,0.0722841964469513,-0.8245992621462217,0.18695701165349637,1.5663850283730236,2.661597877335372,-1.0,0.0722841964469513,86.41347047367108,0.0,86.41347047367108,479,True
esophagus_gastroesophageal_junction,excluded_at_or_below_-1,ENSG00000223842.1,ENSG00000223842,1.040860880679945,21.873829421382105,-0.8780502952847604,0.30361613165149615,418.8271782299767,4.6430660583418915,0.0,0.4322171520164255,0.9108219293305468,-0.970842574485116,0.1187650324303744,-0.7216789001076312,0.19854902465182914,1.3929498966291742,2.2255135054766555,-0.970842574485116,0.1187650324303744,21.87337364596135,0.0,19.922748385182455,330,True
esophagus_gastroesophageal_junction,raw,ENSG00000223842.1,ENSG00000223842,0.299573634987468,3268929412768.169,-13.0076333899896,2.402905988035827,2038.0455586987637,7.72545025337144,0.0,-7.06700889534515,1.0,-1.0,0.1187650324303744,-0.7720943847035194,0.20924053042764226,1.283638362839959,1.9213277313884882,-1.0,0.1187650324303744,46.361677500367186,0.0,46.361677500367186,403,True
esophagus_mucosa,excluded_at_or_below_-1,ENSG00000223842.1,ENSG00000223842,2.0313912050440686,35.65041808272202,-0.8206987441974606,0.4377233095608218,867.4047156682564,4.5361329860077575,0.0,0.48625093064671093,0.8884967823112278,-0.9712017320789726,0.5833120757182226,-0.6012413890076309,0.2850935491928523,1.1866261069803785,1.2704802419300734,-0.9712017320789726,0.5833120757182226,35.64920482127527,0.0,31.674203775656984,570,True
esophagus_mucosa,raw,ENSG00000223842.1,ENSG00000223842,1.2353365030029675,40.77187655522752,-0.9539100307652544,0.5666449215335804,606.6880428090183,3.836547842844893,0.0,0.11502981338777113,0.9934058352332444,-1.0,0.5833120757182226,-0.629816924648778,0.29332534899530105,1.1241776327974204,1.1637662174096972,-1.0,0.5833120757182226,40.7457565977708,0.0,40.47707236521898,614,True
esophagus_muscularis,excluded_at_or_below_-1,ENSG00000223842.1,ENSG00000223842,3.211952056011343,22.831438416667915,-0.8635823747014831,0.1760687523062944,542.3600731087789,4.914863609848887,0.0,0.8845166566358115,0.6762573778329845,-0.9737041754475266,-0.2516847613808949,-0.7637327758422269,0.16120405173740315,1.1274251681893361,0.6592316080400136,-0.9737041754475266,-0.2516847613808949,22.83117075640119,0.0,15.439747668580985,449,True
esophagus_muscularis,raw,ENSG00000223842.1,ENSG00000223842,3.854945462946126,4213665942990.0225,-8.110821243625153,1.4203590367292038,6454.71601274216,7.825132318181621,0.0,-7.080054818746975,1.0,-1.0,-0.2516847613808949,-0.8109019899343313,0.17240919181887931,1.063968624489914,0.6528698127568782,-1.0,-0.2516847613808949,54.70098733381193,0.0,54.700987333811945,561,True
fallopian_tube,excluded_at_or_below_-1,ENSG00000223842.1,ENSG00000223842,0.20248450469131238,1.452168397378757,-1.0811246004494173,0.6770225625427129,18.1168526458153,2.9238825609401085,0.0,-0.3155861339980949,1.0,-0.9300449199633868,0.3186176426244651,-0.5179388056365603,0.33111237848300556,0.9243942827259922,0.13120986890514752,-0.9300449199633868,0.3186176426244651,1.3614134909196791,0.0,1.3614134909196791,29,True
fallopian_tube,raw,ENSG00000223842.1,ENSG00000223842,0.20248450469131238,1.452168397378757,-1.0811246004494173,0.6770225625427129,18.1168526458153,2.9238825609401085,0.0,-0.3155861339980949,1.0,-0.9300449199633868,0.3186176426244651,-0.5179388056365603,0.33111237848300556,0.9243942827259922,0.13120986890514752,-0.9300449199633868,0.3186176426244651,1.3614134909196791,0.0,1.3614134909196791,29,True
heart_atrial_appendage,excluded_at_or_below_-1,ENSG00000223842.1,ENSG00000223842,0.47107600759752544,40.587684761370305,-1.2439685616076595,0.47105914666515386,288.78493357254905,3.2690145992129818,0.0,-0.800247384752893,1.0,-0.9774148668812694,-0.1550953754693528,-0.778612914136086,0.16662300287079157,1.1740442986311175,1.1610455499854337,-0.9774148668812694,-0.1550953754693528,29.272849085944266,0.0,29.272849085944255,367,True
heart_atrial_appendage,raw,ENSG00000223842.1,ENSG00000223842,4.223938583769608,2752687869850.232,-5.4909130107893045,0.9088611638257857,2479.4162674990466,8.30268248502855,0.0,-6.987987098669156,1.0,-1.0,-0.1550953754693528,-0.8237547494315479,0.17338742801389007,1.2025509468491795,1.207802165240274,-1.0,-0.1550953754693528,68.55072490092742,0.0,68.55072490092668,461,True
heart_left_ventricle,excluded_at_or_below_-1,ENSG00000223842.1,ENSG00000223842,1.3961412957438293,33.24392333450627,-0.9499123586738007,0.10492818549163853,266.31659304634707,8.759851489574347,0.0,0.46175899420606037,0.8988755549300387,-0.9841727664973424,-0.2999713975399735,-0.8733127719119704,0.11357276158854991,2.3979605072325625,7.295582202540901,-0.9841727664973424,-0.2999713975399735,33.24392319601011,0.0,29.88214991086517,301,True
heart_left_ventricle,raw,ENSG00000223842.1,ENSG00000223842,5.237343317678922,1075545447710.6467,-1.9752481338369132,0.2061359029321329,3839.9587472353055,11.493383964167029,0.0,-6.690775929534687,1.0,-1.0,-0.2999713975399735,-0.9156352751006704,0.11026585045757405,2.4431183793027214,8.131255836604526,-1.0,-0.2999713975399735,204.50813863693514,0.0,204.50813863694026,452,True
kidney_cortex,excluded_at_or_below_-1,ENSG00000223842.1,ENSG00000223842,0.15874862183966612,3264008226918.8823,-11.523379802965092,2.0627150898842705,93.61702459533036,8.178082768043568,0.0,-7.231066549930267,1.0,-0.976436621717662,0.4048431902150791,-0.7470573541260453,0.25856659623566397,2.409142064196011,6.96544138335101,-0.976436621717662,0.4048431902150791,14.42751452953695,0.0,14.427514529536948,89,True
kidney_cortex,raw,ENSG00000223842.1,ENSG00000223842,0.3023715087590705,3839389994612.6553,-9.719711728530832,1.7101228122322778,84.83448233598637,8.372663516716432,0.0,-7.210905847384904,1.0,-1.0,0.4048431902150791,-0.7835394665117119,0.25513502523821086,2.4321386645246985,7.382449347051024,-1.0,0.4048431902150791,19.641327660535715,0.0,19.641327660535715,104,True
kidney_medulla,excluded_at_or_below_-1,ENSG00000223842.1,ENSG00000223842,0.2008572943857576,2504261514461.531,-2.988151437333299,0.37870853781333863,6.551383250640446,10.409362093728097,0.0,-7.544466757077635,1.0,-0.967838487314763,-0.2006556849446938,-0.6767812890628562,0.2462085035499864,0.5855398335007337,-0.6663056758342112,-0.967838487314763,-0.2006556849446938,1.0936554159058405,0.0,1.0936554159058287,10,True
kidney_medulla,raw,ENSG00000223842.1,ENSG00000223842,0.20353910628847632,2551012242777.5034,-4.842106948465875,0.7171134382064874,6.937722318002736,9.153368178934247,0.0,-7.576987775041239,1.0,-1.0,-0.2006556849446938,-0.7061648082389601,0.25308905090736045,0.6313786554256857,-0.626791670850674,-1.0,-0.2006556849446938,0.8712185695729628,0.0,0.8712185695729628,11,True
liver,excluded_at_or_below_-1,ENSG00000223842.1,ENSG00000223842,0.13016501634309233,19.69164669183343,-0.9573204909811186,0.2995259492161923,254.17878784566,4.8446462387070035,0.0,0.10201452020796667,0.9948142218527938,-0.9789268429580094,0.0687602240350659,-0.7946051308273084,0.14645337605756306,1.5826037006168028,4.846789108284239,-0.9789268429580094,0.0687602240350659,19.691405309735785,0.0,19.589290050392776,221,True
liver,raw,ENSG00000223842.1,ENSG00000223842,-0.5271510159344378,1675233860957.8247,-11.4760127896523,2.1141509560771525,331.57361933499726,7.722615323917184,0.0,-7.007692295639283,1.0,-1.0,0.0687602240350659,-0.8267470760031876,0.1538482835649789,1.4129429944056084,3.846571400848406,-1.0,0.0687602240350659,36.15871959597391,0.0,36.15871959597391,262,True
lung,excluded_at_or_below_-1,ENSG00000223842.1,ENSG00000223842,0.19532403191574896,44.19086847669596,-1.095165725631741,0.6701744746483448,513.8341507282383,3.4868797882703886,0.0,-0.28254257566072194,1.0,-0.9612730610107948,0.5572140085470099,-0.6218821269019443,0.27093492821010007,1.19001002806992,1.5773074134394216,-0.9612730610107948,0.5572140085470099,42.36052136598874,0.0,42.36052136598874,545,True
lung,raw,ENSG00000223842.1,ENSG00000223842,-0.8609588789501925,84.11473441653027,-1.659779600582899,0.9807551420260182,607.2929500106297,3.1968248703230535,0.0,-0.9513784015385631,1.0,-1.0,0.5572140085470099,-0.6588174820555623,0.2807953206325561,1.1224232009985458,1.3876364338952802,-1.0,0.5572140085470099,52.98896989911446,0.0,52.98896989911446,604,True
minor_salivary_gland,excluded_at_or_below_-1,ENSG00000223842.1,ENSG00000223842,0.6188563000770171,8.082504836819082,-0.7688696302417098,0.2687533249955111,111.9613411350937,3.8419295739047983,0.0,1.0394077386520932,0.5823844851684293,-0.966395869008694,-0.0387597127177389,-0.6853477633897849,0.190732976252543,0.9728309729531577,0.9203729463791572,-0.966395869008694,-0.0387597127177389,8.077410836597727,0.0,4.704158751565859,166,True
minor_salivary_gland,raw,ENSG00000223842.1,ENSG00000223842,0.26229472653480035,8.595390876262513,-0.820680056522454,0.3522959790322359,210.59933280511797,3.1388446667535708,0.0,0.719839882267625,0.7700908698014945,-1.0,-0.0387597127177389,-0.7114239155950512,0.20227268330192286,0.8229114672932483,0.6553705569522541,-1.0,-0.0387597127177389,8.533026376954275,0.0,6.571205704667814,181,True
muscle_skeletal,excluded_at_or_below_-1,ENSG00000223842.1,ENSG00000223842,2.6651584115982523,40.13510740887047,-0.9256028403158931,0.1058970678567257,777.7104665253735,6.881259365459574,0.0,0.664067315709522,0.8021285466337221,-0.9753285560522924,-0.4103304590066576,-0.8593153292863653,0.10030701273504361,1.66731197796358,3.155539048068561,-0.9753285560522924,-0.4103304590066576,40.13485461515701,0.0,32.19331260181163,505,True
muscle_skeletal,raw,ENSG00000223842.1,ENSG00000223842,12.948717859590923,815.2109538101564,-0.9926652945686466,3.617299270350318e-05,9921.897435897437,22766.869997303667,,286.7564755300717,,-1.0,-0.4103304590066576,-0.9131469942415825,0.10434563756557844,1.6600177391573259,3.2655218317775683,-1.0,-0.4103304590066576,0.0,0.0,0.0,818,True
nerve_tibial,excluded_at_or_below_-1,ENSG00000223842.1,ENSG00000223842,1.6505531260288788,33.51992704118512,-0.6199502584453703,0.5495676444641254,605.8033892468216,3.9528628029199964,0.0,0.869221873781112,0.6852585007876494,-0.957732493321544,0.9161441174601364,-0.44223782668341705,0.34717690375757615,0.8386137807512076,0.35254560837761106,-0.957732493321544,0.9161441174601364,33.506363521208264,0.0,22.96052043338916,629,True
nerve_tibial,raw,ENSG00000223842.1,ENSG00000223842,0.7619619702068638,35.17003187511016,-0.6965587096621089,0.6632221073487277,583.5858813062275,3.43882718160735,0.0,0.6470393303011492,0.8106157163007571,-1.0,0.9161441174601364,-0.47636954176696916,0.36200009854330034,0.7539583766327772,0.23914176162791412,-1.0,0.9161441174601364,35.074891141606145,0.0,28.432258006924144,670,True
ovary,excluded_at_or_below_-1,ENSG00000223842.1,ENSG00000223842,0.1823642676519169,9.101984818093205,-0.6248401344024114,0.7900428359562643,126.53022714157098,3.0515833044827203,0.0,0.5075569490940512,0.8779867809802514,-0.9083841069256962,1.0799105427052114,-0.3269650499724394,0.40767235387877676,0.8487894636638991,0.43721097110460017,-0.9083841069256962,1.0799105427052114,9.015454298631274,0.0,7.915449698729842,185,True
ovary,raw,ENSG00000223842.1,ENSG00000223842,0.2911878328376718,9.169854750321461,-0.5387527402919092,0.7060482991821488,179.64352566672778,3.2421798485762348,0.0,0.923877489744259,0.6507891472755838,-1.0,1.0799105427052114,-0.35486287173523984,0.4211455133311524,0.7667771970261488,0.3420284447786117,-1.0,1.0799105427052114,9.122011203536797,0.0,5.936505892588032,193,True
pancreas,excluded_at_or_below_-1,ENSG00000223842.1,ENSG00000223842,1.9258377167499872,23.888774670247408,-0.8941197588981588,0.24002793362031405,373.47609067749966,5.805409634617289,0.0,0.44961719830287694,0.9038628520431986,-0.9704312085265304,0.0912055947057055,-0.7336823758883869,0.2010546778986451,1.3751251741930635,1.8122600796592456,-0.9704312085265304,0.0912055947057055,23.888769338152574,0.0,21.5921711857847,335,True
pancreas,raw,ENSG00000223842.1,ENSG00000223842,1.7209161780659714,24.69911678181778,-0.9130443081759733,0.2704520891438365,459.4155971816439,5.251295477742846,0.0,0.4546976105541264,0.9017915936991653,-1.0,0.0912055947057055,-0.7535458450900818,0.20569067345151903,1.3164962463629102,1.727208005151411,-1.0,0.0912055947057055,24.699011475607037,0.0,22.27336092138164,362,True
pituitary,excluded_at_or_below_-1,ENSG00000223842.1,ENSG00000223842,0.616765149238025,18.791672968842043,-0.7662844887017377,0.3960472756070924,330.24002446351864,4.589693471893694,0.0,0.7044402609060408,0.7802646616498532,-0.9635613735957208,0.5190486772204848,-0.61428661480474,0.26124139430751014,1.3709276730924194,2.435072588195772,-0.9635613735957208,0.5190486772204848,18.79110750309235,0.0,14.662037137926369,295,True
pituitary,raw,ENSG00000223842.1,ENSG00000223842,0.576740897180014,19.461648350974713,-0.7831266235298383,0.4141796302344778,327.9023019632901,4.4462688082120785,0.0,0.7405126856386322,0.7601899754424786,-1.0,0.5190486772204848,-0.6364682152313045,0.2690711753448008,1.260249388043649,2.1696892575636477,-1.0,0.5190486772204848,19.460487792845246,0.0,14.793667737341684,313,True
prostate,excluded_at_or_below_-1,ENSG00000223842.1,ENSG00000223842,0.42708396924232367,14.15644541311194,-0.7151497164048297,0.37678834258181676,232.71456714561083,4.015296080633995,0.0,0.946636471967421,0.6387538598357705,-0.967361685509114,0.3546439805659627,-0.6105059947029893,0.23553166144332716,0.9546151710289821,1.1387507622902495,-0.967361685509114,0.3546439805659627,14.151941535080347,0.0,9.03960727970273,254,True
prostate,raw,ENSG00000223842.1,ENSG00000223842,-0.39324006267146616,16.103518684804786,-0.8752426503611364,0.5691981323104627,624.6270420638571,3.0557414982692936,0.0,0.3099685783381479,0.9526515216620441,-1.0,0.3546439805659627,-0.649179158349501,0.2521170828200376,0.7972132750777134,0.7546792850818744,-1.0,0.3546439805659627,15.952400664974988,0.0,15.197078767651027,282,True
skin_not_sun_exposed_suprapubic,excluded_at_or_below_-1,ENSG00000223842.1,ENSG00000223842,1.9482798089527922,35.317409383441394,-0.8245178239045756,0.6473566034314835,540.9252827241759,3.8405713655091813,0.0,0.32355477552330664,0.9489753181240766,-0.9726251013905384,0.9335046562647444,-0.4853955029768924,0.3707814646252275,1.0653912011296314,0.8672005668123846,-0.9726251013905384,0.9335046562647444,35.29509635825222,0.0,33.49417529479234,611,True
skin_not_sun_exposed_suprapubic,raw,ENSG00000223842.1,ENSG00000223842,1.0177704705136095,42.60152961876132,-1.0487323687328614,0.836976773717826,525.0888218848429,3.3493241062562658,0.0,-0.0823415642496834,1.0,-1.0,0.9335046562647444,-0.517014826910724,0.37988658091505034,1.0269829181394647,0.8012948639997348,-1.0,0.9335046562647444,42.30122673174515,0.0,42.30122673174515,651,True
skin_sun_exposed_lower_leg,excluded_at_or_below_-1,ENSG00000223842.1,ENSG00000223842,1.8156871889033515,51.96830836557667,-0.7216288667407884,0.5003426304261451,385.7283755119591,5.494611563269717,0.0,0.7098585469614813,0.7772929965061098,-0.9727737447613316,1.222340895593451,-0.5174491292583622,0.3452034702605336,1.3611999733453735,2.509080703968995,-0.9727737447613316,1.222340895593451,51.96768353956092,0.0,40.39411645994655,712,True
skin_sun_exposed_lower_leg,raw,ENSG00000223842.1,ENSG00000223842,1.1189070840987516,54.86919839389929,-0.8210938659645979,0.6139226742282972,931.6040899322871,4.707194040768375,0.0,0.41212271799969064,0.9185838002955625,-1.0,1.222340895593451,-0.5443286207320343,0.35324671127269736,1.2860113230952566,2.2949483019290398,-1.0,1.222340895593451,54.86825307896092,0.0,50.40108842885062,754,True
small_intestine_terminal_ileum,excluded_at_or_below_-1,ENSG00000223842.1,ENSG00000223842,0.5694040815184345,16.399619514856298,-0.9292596548844811,0.34073193521966444,147.32523924967546,6.101675817907296,0.0,0.15022205773568523,0.9887883990538062,-0.965453235406414,0.5408406643557713,-0.6930891727164998,0.2591111077486457,1.8955287246467085,4.1641600397074585,-0.965453235406414,0.5408406643557713,16.399481480747347,0.0,16.215617038660714,170,True
small_intestine_terminal_ileum,raw,ENSG00000223842.1,ENSG00000223842,0.26083853978442134,3494551980723.164,-13.213370812680008,2.4228341047248803,339.699872683193,8.028363300912194,0.0,-7.128971237403437,1.0,-1.0,0.5408406643557713,-0.7479476297671739,0.26262906152367044,1.8426290421251863,4.177784591145227,-1.0,0.5408406643557713,32.13720384063901,0.0,32.13720384063901,207,True
spleen,excluded_at_or_below_-1,ENSG00000223842.1,ENSG00000223842,0.5144491474652795,23.975408282592582,-1.0557476587294516,0.3618560328192618,89.19837995955443,5.1122134494558775,0.0,-0.36895320487576394,1.0,-0.9613432868831898,0.2523187655814647,-0.7482992324241774,0.20599026831960662,1.98714666092962,5.078889534335314,-0.9613432868831898,0.2523187655814647,22.39780929010318,0.0,22.397809290103183,201,True
spleen,raw,ENSG00000223842.1,ENSG00000223842,2.4514675317740746,2344034091608.499,-4.963986130446213,0.805290259228331,1342.7525491513836,9.160633752734693,0.0,-6.961369372712583,1.0,-1.0,0.2523187655814647,-0.8173579267771106,0.20834236673287862,1.937185885093493,5.074723248480305,-1.0,0.2523187655814647,70.2853047072074,0.0,70.2853047072074,277,True
stomach,excluded_at_or_below_-1,ENSG00000223842.1,ENSG00000223842,1.1523688923156057,27.277988188463215,-0.9471396061701707,0.24132254045570106,219.5521788193175,6.297174821531595,0.0,0.13078153905026962,0.9914865564727726,-0.9694562732479196,0.1274153734014149,-0.7716222780397564,0.18770224542619177,1.9494660651237739,4.773818219987557,-0.9694562732479196,0.1274153734014149,27.27793313995335,0.0,27.04570399662687,281,True
stomach,raw,ENSG00000223842.1,ENSG00000223842,6.085774330627713,1454840846464.245,-2.0483669898170547,0.2203840680751336,3025.9435824373027,13.962084254596487,0.0,-6.7274137749289595,1.0,-1.0,0.1274153734014149,-0.8423239806613549,0.18834395074634966,1.956698051410512,5.029424550334451,-1.0,0.1274153734014149,216.34396618496177,0.0,216.34396618496177,407,True
testis,excluded_at_or_below_-1,ENSG00000223842.1,ENSG00000223842,1.8626685265689484,19.709483447554327,-0.4125485576658277,0.33578058408347305,417.48263454261115,3.575809728411585,0.0,2.196986589007994,0.08798699088375471,-0.9341850768650696,0.4364657009462984,-0.3705978799662896,0.26863774977801186,0.38855348084082414,-0.20139349416211472,-0.9341850768650696,0.4364657009462984,19.676510687260958,0.0,1.731276966464132,412,True
testis,raw,ENSG00000223842.1,ENSG00000223842,1.6888005826405672,20.920074437074234,-0.40918905543292045,0.337847625418291,342.6737210461615,3.5398692652526758,0.0,2.4731055888604963,0.045160748426052465,-1.0,0.4364657009462984,-0.3736384699181433,0.2715251134999678,0.347712286166752,-0.17657204177556673,-1.0,0.4364657009462984,20.880162965998675,0.0,0.9429637868024439,414,True
thyroid,excluded_at_or_below_-1,ENSG00000223842.1,ENSG00000223842,2.831642046169228,31.04831234246311,-0.5672934458518397,0.49285282861283636,680.4313259541464,3.7882656754741872,0.0,1.1095066132237112,0.5400190704113391,-0.9539560315042974,0.7529155405203378,-0.41501797910610727,0.3471014150283434,0.8019963177887122,0.22856345373063247,-0.9539560315042974,0.7529155405203378,31.024458986641083,0.0,16.753799501980634,664,True
thyroid,raw,ENSG00000223842.1,ENSG00000223842,2.779317819517867,31.916868040245596,-0.565975750976671,0.4978951693400186,587.7185713649618,3.7461579597231918,0.0,1.2327956107331022,0.4672405866455369,-1.0,0.7529155405203378,-0.4321227165591451,0.35592001734142553,0.7363346191044319,0.17640919746133177,-1.0,0.7529155405203378,31.88814175500459,0.0,14.899434060644385,684,True
uterus,excluded_at_or_below_-1,ENSG00000223842.1,ENSG00000223842,-0.11928328144150963,9.484564367967183,-0.8917883985057669,1.0395565925052455,124.86585888508797,3.2056294008830815,0.0,0.06571844123519437,0.9978301544159456,-0.9400965470435132,1.4645976986723137,-0.35793360530997853,0.43529308458889954,0.9798935171712826,1.1324032024284243,-0.9400965470435132,1.4645976986723137,9.428897014873158,0.0,9.408437764322933,148,True
uterus,raw,ENSG00000223842.1,ENSG00000223842,0.10458170166950087,8.814066948928243,-0.7177291886506865,0.866466140273387,124.32647105189001,3.561912160364244,0.0,0.4607118398721316,0.8991356713402165,-1.0,1.4645976986723137,-0.3789161672279531,0.4431307243094456,0.9403957146199096,1.0314031942808466,-1.0,1.4645976986723137,8.798541059793346,0.0,7.9110821226117505,153,True
vagina,excluded_at_or_below_-1,ENSG00000223842.1,ENSG00000223842,-0.923001560354341,8.393714871714835,-0.6583020791982236,1.1636031722137252,213.35411949423045,2.3178418493747146,0.0,0.35546570773475994,0.9343008502625022,-0.9507763109113564,1.2487989417369834,-0.28320891393371217,0.442315245112919,0.5565427414553618,-0.3193868501702255,-0.9507763109113564,1.2487989417369834,7.821759394631463,0.0,7.307876452952891,161,True
vagina,raw,ENSG00000223842.1,ENSG00000223842,-1.7752447514133038,9.851576426618246,-0.8845511092827041,1.4843734135700304,145.77188984134756,2.0325159072913013,0.0,0.10999212564758484,0.9930942305021346,-1.0,1.2487989417369834,-0.32115667731369213,0.45949640399029923,0.5162075640547001,-0.3746368189243152,-1.0,1.2487989417369834,8.602912468543947,0.0,8.54350273802587,170,True
whole_blood,excluded_at_or_below_-1,ENSG00000223842.1,ENSG00000223842,1.458001517700793,48.8941120211782,-0.8601954754043277,0.15487464479165156,643.0017729702869,9.915464993461791,0.0,0.9417502263838248,0.6418206082209897,-0.9633292846635926,0.2256759655607654,-0.7851748247775142,0.1525096065891635,2.2440516410949845,7.609370296056669,-0.9633292846635926,0.2256759655607654,48.89409717394958,0.0,31.381239186600496,432,True
whole_blood,raw,ENSG00000223842.1,ENSG00000223842,10.538447297428808,64029272450.40636,-1.4029800254791929,0.09597631552357533,10985.172301891213,23.99828935299288,0.0,-5.937921395389904,1.0,-1.0,0.2256759655607654,-0.8844278011256367,0.15487033855652865,2.1031495737426904,6.82908366685324,-1.0,0.2256759655607654,1412.5487120906632,0.0,1412.5487120906432,803,True
adipose_subcutaneous,excluded_at_or_below_-1,ENSG00000223847.1,ENSG00000223847,,,,,,,,,,,,,,,,,,,,,3,False
adipose_subcutaneous,raw,ENSG00000223847.1,ENSG00000223847,0.07692307692307691,717.2462299875596,-0.9961828740004042,0.0011478046157890843,2.769230769230917,382.19060586856943,0.0,4.703092567897226,1.5998513774711124e-05,-1.0,-0.6859891711546674,-0.999058274570406,0.015767315696168245,17.927221303570832,329.0400247239116,-1.0,-0.6859891711546674,705.4910439919031,0.0,0.011286808185239763,714,True
adipose_visceral_omentum,excluded_at_or_below_-1,ENSG00000223847.1,ENSG00000223847,,,,,,,,,,,,,,,,,,,,,5,False
adipose_visceral_omentum,raw,ENSG00000223847.1,ENSG00000223847,0.13157895729197883,579.596110502221,-0.9956143592658995,0.0026273021920051277,9.525711281084504,186.43997131339785,0.0,2.3606848975097514,0.06238020974327027,-1.0,-0.6492493134611441,-0.9986242039246398,0.017714694663229637,15.947911669685439,282.1405622916026,-1.0,-0.6492493134611441,572.7344163869786,0.0,35.72729302140954,587,True
adrenal_gland,excluded_at_or_below_-1,ENSG00000223847.1,ENSG00000223847,,,,,,,,,,,,,,,,,,,,,1,False
adrenal_gland,raw,ENSG00000223847.1,ENSG00000223847,0.02564102564102066,313.4618963426546,-0.9974973851196346,0.000970499140533872,0.9743589743589842,316.7615388167781,0.0,3.6468161149146483,0.0013006662766628639,-1.0,-0.7801208803575004,-0.9992546470520594,0.012801857287758593,17.088107015130277,290.00340136054444,-1.0,-0.7801208803575004,311.97484114968006,0.0,0.4057751550506425,295,True
artery_aorta,excluded_at_or_below_-1,ENSG00000223847.1,ENSG00000223847,,,,,,,,,,,,,,,,,,,,,1,False
artery_aorta,raw,ENSG00000223847.1,ENSG00000223847,1.8081097615111734,439.83650877692804,-0.9974121377314289,0.002759865400341436,1142.9861503031116,106.99390259133328,0.0,1.32607550981084,0.41585271156579134,-1.0,-0.7886114461910234,-0.9995521428944725,0.00972994685753889,21.656456846452254,467.00212314225,-1.0,-0.7886114461910234,439.0393735317369,0.0,182.57571396731845,472,True
artery_coronary,excluded_at_or_below_-1,ENSG00000223847.1,ENSG00000223847,,,,,,,,,,,,,,,,,,,,,0,False
artery_coronary,raw,ENSG00000223847.1,ENSG00000223847,0.0,268.0,-0.9875,1.0001e-06,0.0,-17675.90193946968,0.0,,,-1.0,-1.0,-1.0,0.0,,,,-1.0,2.1887266716857407e-187,0.0,,268,True
artery_tibial,excluded_at_or_below_-1,ENSG00000223847.1,ENSG00000223847,,,,,,,,,,,,,,,,,,,,,1,False
artery_tibial,raw,ENSG00000223847.1,ENSG00000223847,2.4105439840942835,654.7044537017382,-0.9953966988375977,0.004312445165629128,1376.4748561145502,119.97713914918535,0.0,1.5095962233777374,0.3212933401390685,-1.0,-0.629543303370429,-0.9994638832176127,0.014092836911383218,26.229781723746026,686.0014492753613,-1.0,-0.629543303370429,652.0650195558198,0.0,209.5041481209357,691,True
bladder,excluded_at_or_below_-1,ENSG00000223847.1,ENSG00000223847,,,,,,,,,,,,,,,,,,,,,0,False
bladder,raw,ENSG00000223847.1,ENSG00000223847,0.0,77.0,-0.9875,1.0001e-06,0.0,-17675.90193946968,0.0,,,-1.0,-1.0,-1.0,0.0,,,,-1.0,6.288505735813509e-188,0.0,,77,True
brain_amygdala,excluded_at_or_below_-1,ENSG00000223847.1,ENSG00000223847,,,,,,,,,,,,,,,,,,,,,0,False
brain_amygdala,raw,ENSG00000223847.1,ENSG00000223847,0.0,181.0,-0.9875,1.0001e-06,0.0,-17675.90193946968,0.0,,,-1.0,-1.0,-1.0,0.0,,,,-1.0,1.478207192444474e-187,0.0,,181,True
brain_anterior_cingulate_cortex_ba24,excluded_at_or_below_-1,ENSG00000223847.1,ENSG00000223847,,,,,,,,,,,,,,,,,,,,,2,False
brain_anterior_cingulate_cortex_ba24,raw,ENSG00000223847.1,ENSG00000223847,-0.21994330669568196,217.92525264186395,-0.9974559664289923,0.0028141258578664756,221.88969320226448,103.83054048813639,0.0,1.2784811202364685,0.44219740713601124,-1.0,-0.790844874159725,-0.9987197220425971,0.014871810241682425,12.687035050927408,167.522231409206,-1.0,-0.790844874159725,217.6512503888025,0.0,96.24481858183948,233,True
brain_caudate_basal_ganglia,excluded_at_or_below_-1,ENSG00000223847.1,ENSG00000223847,,,,,,,,,,,,,,,,,,,,,1,False
brain_caudate_basal_ganglia,raw,ENSG00000223847.1,ENSG00000223847,0.02564097495746836,313.7460391155209,-0.9992902688121301,0.0003230143835421826,0.9743589750803276,270.32428338393817,0.0,3.1073274834341444,0.008035652393018485,-1.0,-0.937546672175126,-0.9997918222405837,0.0036057445631478943,17.233784972593945,295.00334448160487,-1.0,-0.937546672175126,312.5326396384814,0.0,2.511403653607449,300,True
brain_cerebellar_hemisphere,excluded_at_or_below_-1,ENSG00000223847.1,ENSG00000223847,,,,,,,,,,,,,,,,,,,,,8,False
brain_cerebellar_hemisphere,raw,ENSG00000223847.1,ENSG00000223847,0.2051281831677833,326.7894937026085,-0.9968853058230182,0.0016451680706977456,6.358974361172974,261.52503159261886,0.0,2.6774424000729495,0.02776807809921927,-1.0,-0.692650752349766,-0.994623101900987,0.03377763106180361,6.774319811772115,47.19549289544087,-1.0,-0.692650752349766,326.63243884690905,0.0,9.069955071639432,277,True
brain_cerebellum,excluded_at_or_below_-1,ENSG00000223847.1,ENSG00000223847,,,,,,,,,,,,,,,,,,,,,3,False
brain_cerebellum,raw,ENSG00000223847.1,ENSG00000223847,0.07692307466829498,273.25891361705044,-0.9961734701743794,0.0016772059831737386,2.769230769557174,277.1105895309734,0.0,3.226515067623244,0.0054946938452641375,-1.0,-0.6675303634131564,-0.9970206680104292,0.029140594276170186,10.189091161472318,105.0818776900871,-1.0,-0.6675303634131564,272.92373966911737,0.0,1.4996323925863708,266,True
brain_cortex,excluded_at_or_below_-1,ENSG00000223847.1,ENSG00000223847,,,,,,,,,,,,,,,,,,,,,0,False
brain_cortex,raw,ENSG00000223847.1,ENSG00000223847,0.0,270.0,-0.9875,1.0001e-06,0.0,-17675.90193946968,0.0,,,-1.0,-1.0,-1.0,0.0,,,,-1.0,2.2050604528177237e-187,0.0,,270,True
brain_frontal_cortex_ba9,excluded_at_or_below_-1,ENSG00000223847.1,ENSG00000223847,,,,,,,,,,,,,,,,,,,,,0,False
brain_frontal_cortex_ba9,raw,ENSG00000223847.1,ENSG00000223847,0.0,269.0,-0.9875,1.0001e-06,0.0,-17675.90193946968,0.0,,,-1.0,-1.0,-1.0,0.0,,,,-1.0,2.196893562251732e-187,0.0,,269,True
brain_hippocampus,excluded_at_or_below_-1,ENSG00000223847.1,ENSG00000223847,,,,,,,,,,,,,,,,,,,,,1,False
brain_hippocampus,raw,ENSG00000223847.1,ENSG00000223847,0.025641025811094953,325.4952163751716,-0.9974595555951904,0.0007224349319228172,0.9743589758677806,336.5189507906979,0.0,4.973085842034715,4.315343307960663e-06,-1.0,-0.82555267266496,-0.9993158928339803,0.010924315389208444,15.874631869995422,250.00393700787404,-1.0,-0.82555267266496,321.4654407931397,0.0,0.001387233738667299,255,True
brain_hypothalamus,excluded_at_or_below_-1,ENSG00000223847.1,ENSG00000223847,,,,,,,,,,,,,,,,,,,,,1,False
brain_hypothalamus,raw,ENSG00000223847.1,ENSG00000223847,0.02564565373316633,255.858418423298,-0.9981575530114434,0.0013200738809339453,1.0041163786658858,156.00533978920885,0.0,1.9738391591589364,0.14372256498225364,-1.0,-0.8525369905863537,-0.9994262139711532,0.00919848979850851,15.937500000000014,252.0039062500004,-1.0,-0.8525369905863537,253.7816356652327,0.0,36.474147623199,257,True
brain_nucleus_accumbens_basal_ganglia,excluded_at_or_below_-1,ENSG00000223847.1,ENSG00000223847,,,,,,,,,,,,,,,,,,,,,1,False
brain_nucleus_accumbens_basal_ganglia,raw,ENSG00000223847.1,ENSG00000223847,0.02564102529629616,300.27708454947526,-0.9980789205612709,0.0009215900456685945,0.9743589751174553,259.61982894072344,0.0,2.94796651658301,0.01306261973880951,-1.0,-0.8288943954118564,-0.9993996294575854,0.010135421285607788,16.79296046344301,280.0035211267603,-1.0,-0.8288943954118564,298.10714080614935,0.0,3.8940602217745464,285,True
brain_putamen_basal_ganglia,excluded_at_or_below_-1,ENSG00000223847.1,ENSG00000223847,,,,,,,,,,,,,,,,,,,,,0,False
brain_putamen_basal_ganglia,raw,ENSG00000223847.1,ENSG00000223847,0.0,254.0,-0.9875,1.0001e-06,0.0,-17675.90193946968,0.0,,,-1.0,-1.0,-1.0,0.0,,,,-1.0,2.0743902037618585e-187,0.0,,254,True
brain_spinal_cord_cervical_c-1,excluded_at_or_below_-1,ENSG00000223847.1,ENSG00000223847,,,,,,,,,,,,,,,,,,,,,1,False
brain_spinal_cord_cervical_c-1,raw,ENSG00000223847.1,ENSG00000223847,-0.030318404143006225,192.7849518107955,-0.9984834326309114,0.0014547463325462592,111.47712180137123,117.07821656712348,0.0,1.4743121145138989,0.33862994760655274,-1.0,-0.8780496376910024,-0.9994022041063284,0.00853823317906447,14.177620608140622,199.00492610837392,-1.0,-0.8780496376910024,192.02481158171125,0.0,65.02535188507302,204,True
brain_substantia_nigra,excluded_at_or_below_-1,ENSG00000223847.1,ENSG00000223847,,,,,,,,,,,,,,,,,,,,,1,False
brain_substantia_nigra,raw,ENSG00000223847.1,ENSG00000223847,0.02631578947274883,201.03795440804805,-0.9984960219954244,0.0009070344153193677,0.9743768666200662,220.96181239461163,0.0,2.3449453026904914,0.06434242587290703,-1.0,-0.8567777033159293,-0.999217364498994,0.010587296818383163,13.416612631565902,178.00549450549386,-1.0,-0.8567777033159293,199.86567896577432,0.0,12.859842633393558,183,True
breast_mammary_tissue,excluded_at_or_below_-1,ENSG00000223847.1,ENSG00000223847,,,,,,,,,,,,,,,,,,,,,2,False
breast_mammary_tissue,raw,ENSG00000223847.1,ENSG00000223847,0.052631584449953334,510.4889002253426,-0.9972555330112949,0.0019397179644432697,4.071151903602232,158.1319464304445,0.0,2.000941635876589,0.13621988541008404,-1.0,-0.7803636961597171,-0.9993390013501686,0.011032790370124826,17.73227950617744,326.92938098774897,-1.0,-0.7803636961597171,506.21935016810454,0.0,68.95714187226565,514,True
cells_cultured_fibroblasts,excluded_at_or_below_-1,ENSG00000223847.1,ENSG00000223847,,,,,,,,,,,,,,,,,,,,,3,False
cells_cultured_fibroblasts,raw,ENSG00000223847.1,ENSG00000223847,0.07692307665763726,703.32158711033,-0.9962788414670252,0.00179661671153855,2.769230770928057,263.5006421592979,0.0,2.9291238533381567,0.013941583830686825,-1.0,-0.6615276625785003,-0.9988106712381698,0.01792296578618586,15.725338462570678,256.460657751957,-1.0,-0.6615276625785003,691.463402692642,0.0,9.640094994491422,652,True
cells_ebv-transformed_lymphocytes,excluded_at_or_below_-1,ENSG00000223847.1,ENSG00000223847,0.14489164707589577,1852431289924.61,-8.211305331924127,1.393141376021706,29.591136561238706,8.049959532817338,0.0,-7.392659197921607,1.0,-0.9287988693429396,-0.2812924973353248,-0.7588736279562283,0.16743849355865326,1.5546914540138888,2.207812753094692,-0.9287988693429396,-0.2812924973353248,2.498138282058309,0.0,2.498138282058309,26,True
cells_ebv-transformed_lymphocytes,raw,ENSG00000223847.1,ENSG00000223847,0.6666666666664206,350.2613451666695,-0.9923730768913595,0.003460152193586369,40.666666666679944,290.6287767954978,0.0,3.1172322764903426,0.00788116864333937,-1.0,-0.2812924973353248,-0.9808278725592109,0.0801146761275154,5.543127623118597,36.4026832048145,-1.0,-0.2812924973353248,344.9467732303323,0.0,2.7185836928040117,327,True
cervix_ectocervix,excluded_at_or_below_-1,ENSG00000223847.1,ENSG00000223847,,,,,,,,,,,,,,,,,,,,,0,False
cervix_ectocervix,raw,ENSG00000223847.1,ENSG00000223847,0.0,24.0,-0.9875,1.0001e-06,0.0,-17675.90193946968,0.0,,,-1.0,-1.0,-1.0,0.0,,,,-1.0,1.9600537358379766e-188,0.0,,24,True
cervix_endocervix,excluded_at_or_below_-1,ENSG00000223847.1,ENSG00000223847,,,,,,,,,,,,,,,,,,,,,0,False
cervix_endocervix,raw,ENSG00000223847.1,ENSG00000223847,0.0,23.0,-0.9875,1.0001e-06,0.0,-17675.90193946968,0.0,,,-1.0,-1.0,-1.0,0.0,,,,-1.0,1.878384830178061e-188,0.0,,23,True
colon_sigmoid,excluded_at_or_below_-1,ENSG00000223847.1,ENSG00000223847,,,,,,,,,,,,,,,,,,,,,1,False
colon_sigmoid,raw,ENSG00000223847.1,ENSG00000223847,0.026315843917949014,402.1373554637385,-0.9965754524792061,0.0023878540880663225,251.7808923708816,160.23166535000163,0.0,2.0281982777347958,0.12898214352825002,-1.0,-0.726029442086232,-0.9993461323200148,0.01338433760360617,20.39613670145641,414.0023923444975,-1.0,-0.726029442086232,398.6488244344356,0.0,51.418579890570065,419,True
colon_transverse,excluded_at_or_below_-1,ENSG00000223847.1,ENSG00000223847,,,,,,,,,,,,,,,,,,,,,1,False
colon_transverse,raw,ENSG00000223847.1,ENSG00000223847,0.7761994817363077,443.3668259618665,-0.9955086979598442,0.004277518205094962,1203.5845214219955,117.83875329013841,0.0,1.484893799011047,0.3334163586770418,-1.0,-0.6390862834990207,-0.9992465266878894,0.01649056861839943,21.81747217370083,474.0020920502098,-1.0,-0.6390862834990207,441.55647296833536,0.0,147.22215136737998,479,True
esophagus_gastroesophageal_junction,excluded_at_or_below_-1,ENSG00000223847.1,ENSG00000223847,,,,,,,,,,,,,,,,,,,,,2,False
esophagus_gastroesophageal_junction,raw,ENSG00000223847.1,ENSG00000223847,0.05263157894291867,415.8080583239426,-0.997932584902308,0.0011803768992663542,1.897509607626285,217.26446687451215,0.0,2.4769770333766576,0.046720539865115034,-1.0,-0.8165922523292302,-0.99924380774109,0.010942045556028207,14.917648562348935,227.3984787168183,-1.0,-0.8165922523292302,414.09173391445177,0.0,19.346589362164746,403,True
esophagus_mucosa,excluded_at_or_below_-1,ENSG00000223847.1,ENSG00000223847,,,,,,,,,,,,,,,,,,,,,5,False
esophagus_mucosa,raw,ENSG00000223847.1,ENSG00000223847,0.12820512820551583,667.6696054670871,-0.9976485034555788,0.0009474013283176642,4.358974401142156,311.6525036028346,0.0,3.5101473954015403,0.002142842337885198,-1.0,-0.7888681581508742,-0.9984626682658808,0.01703576363663961,11.053222368599679,120.95320632714115,-1.0,-0.7888681581508742,657.765323049972,0.0,1.4094873826242116,614,True
esophagus_muscularis,excluded_at_or_below_-1,ENSG00000223847.1,ENSG00000223847,,,,,,,,,,,,,,,,,,,,,3,False
esophagus_muscularis,raw,ENSG00000223847.1,ENSG00000223847,0.0769230752036236,577.5883012662217,-0.9965795108096873,0.0014441811728664732,2.7692307704016588,285.668414953143,0.0,3.349512023681819,0.003663912932850403,-1.0,-0.7048576962729545,-0.9987139757552783,0.01808381896082702,14.58527339056791,216.84207165991194,-1.0,-0.7048576962729545,577.362044721407,0.0,2.115404262591722,561,True
fallopian_tube,excluded_at_or_below_-1,ENSG00000223847.1,ENSG00000223847,,,,,,,,,,,,,,,,,,,,,0,False
fallopian_tube,raw,ENSG00000223847.1,ENSG00000223847,0.0,29.0,-0.9875,1.0001e-06,0.0,-17675.90193946968,0.0,,,-1.0,-1.0,-1.0,0.0,,,,-1.0,2.368398264137555e-188,0.0,,29,True
heart_atrial_appendage,excluded_at_or_below_-1,ENSG00000223847.1,ENSG00000223847,,,,,,,,,,,,,,,,,,,,,2,False
heart_atrial_appendage,raw,ENSG00000223847.1,ENSG00000223847,0.05128205126344954,496.65788589644694,-0.99720142745211,0.0012832731858698505,1.8974358979996866,275.438065572224,0.0,3.0841283805275084,0.008726848778799336,-1.0,-0.7472658496009291,-0.9991680406480753,0.013242214619274119,17.037765611315223,302.49466745513814,-1.0,-0.7472658496009291,489.4725759803647,0.0,4.271553151950005,461,True
heart_left_ventricle,excluded_at_or_below_-1,ENSG00000223847.1,ENSG00000223847,,,,,,,,,,,,,,,,,,,,,4,False
heart_left_ventricle,raw,ENSG00000223847.1,ENSG00000223847,-0.10186918316816865,413.8875543215594,-0.9981403604433848,0.0016341375540279395,1180.6662779192118,127.26976430464134,0.0,1.6093672626323823,0.27535353287540637,-1.0,-0.851078907438007,-0.999041329037934,0.010679949177289302,11.714641669860413,140.27234847167506,-1.0,-0.851078907438007,411.6865541337987,0.0,113.35934711804367,452,True
kidney_cortex,excluded_at_or_below_-1,ENSG00000223847.1,ENSG00000223847,,,,,,,,,,,,,,,,,,,,,1,False
kidney_cortex,raw,ENSG00000223847.1,ENSG00000223847,0.025641022823008335,140.0388234876577,-0.9979721244917261,0.0012534984463664738,0.9743589752518211,243.47362575156728,0.0,2.2878760280226413,0.07411940798190589,-1.0,-0.7821675107255585,-0.9979054568338996,0.0213602329520167,10.050358637275787,99.0097087378641,-1.0,-0.7821675107255585,137.93867466194632,0.0,10.223932903752388,104,True
kidney_medulla,excluded_at_or_below_-1,ENSG00000223847.1,ENSG00000223847,,,,,,,,,,,,,,,,,,,,,0,False
kidney_medulla,raw,ENSG00000223847.1,ENSG00000223847,0.0,11.0,-0.9875,1.0001e-06,0.0,-17675.90193946968,0.0,,,-1.0,-1.0,-1.0,0.0,,,,-1.0,8.983579622590726e-189,0.0,,11,True
liver,excluded_at_or_below_-1,ENSG00000223847.1,ENSG00000223847,,,,,,,,,,,,,,,,,,,,,1,False
liver,raw,ENSG00000223847.1,ENSG00000223847,0.02564102564097807,281.5484728232611,-0.9991523945997168,0.0003499441798337986,0.9743589775658257,301.7714152359043,0.0,3.4253893097772794,0.002860727118687675,-1.0,-0.9244796908357904,-0.9997117545451749,0.0046656602816299644,16.093595975344567,257.00383141762603,-1.0,-0.9244796908357904,278.7563533778689,0.0,0.7974458596145497,262,True
lung,excluded_at_or_below_-1,ENSG00000223847.1,ENSG00000223847,,,,,,,,,,,,,,,,,,,,,0,False
lung,raw,ENSG00000223847.1,ENSG00000223847,0.0,604.0,-0.9875,1.0001e-06,0.0,-17675.90193946968,0.0,,,-1.0,-1.0,-1.0,0.0,,,,-1.0,4.932801901858908e-187,0.0,,604,True
minor_salivary_gland,excluded_at_or_below_-1,ENSG00000223847.1,ENSG00000223847,,,,,,,,,,,,,,,,,,,,,2,False
minor_salivary_gland,raw,ENSG00000223847.1,ENSG00000223847,0.05128205127597063,190.35732366974474,-0.998902018905533,0.00047210351779982844,1.8974358981869854,287.96254146586216,0.0,3.2890662672057847,0.0045056706148476205,-1.0,-0.9027721751268556,-0.9991503438092173,0.00834053377294019,10.25490031107006,107.72308285445028,-1.0,-0.9027721751268556,189.1126824211173,0.0,0.8520794560798379,181,True
muscle_skeletal,excluded_at_or_below_-1,ENSG00000223847.1,ENSG00000223847,,,,,,,,,,,,,,,,,,,,,3,False
muscle_skeletal,raw,ENSG00000223847.1,ENSG00000223847,2.7608556979438164,774.5951974787773,-0.9926692846424718,0.00682744498212035,1793.5501464010144,120.57739781426407,0.0,1.5184592637015244,0.3170609409924516,-1.0,-0.4105538449611333,-0.9989161561236971,0.022123893372330315,24.224347677549854,621.2181466038498,-1.0,-0.4105538449611333,771.350272706345,0.0,244.5650432990579,818,True
nerve_tibial,excluded_at_or_below_-1,ENSG00000223847.1,ENSG00000223847,,,,,,,,,,,,,,,,,,,,,4,False
nerve_tibial,raw,ENSG00000223847.1,ENSG00000223847,0.10256410256409122,673.580433672734,-0.9969052686832346,0.0011071291423033647,3.589743589743681,324.4139336201646,0.0,3.953116969683567,0.00040693167741728586,-1.0,-0.7429350553885339,-0.999082734887379,0.012902394568435609,15.909104160512912,274.3109763460552,-1.0,-0.7429350553885339,669.0814372062487,0.0,0.272270431571107,670,True
ovary,excluded_at_or_below_-1,ENSG00000223847.1,ENSG00000223847,,,,,,,,,,,,,,,,,,,,,2,False
ovary,raw,ENSG00000223847.1,ENSG00000223847,0.051282051284840875,275.67771866253753,-0.9967264178069672,0.0017321826079602853,1.897435902199922,279.70088095353344,0.0,2.672665291554729,0.028454882577873458,-1.0,-0.6541381310662531,-0.9966959955523469,0.0324893581931071,9.77626705182176,94.25820306453379,-1.0,-0.6541381310662531,272.35275804546023,0.0,7.749765749943544,193,True
pancreas,excluded_at_or_below_-1,ENSG00000223847.1,ENSG00000223847,,,,,,,,,,,,,,,,,,,,,0,False
pancreas,raw,ENSG00000223847.1,ENSG00000223847,0.0,362.0,-0.9875,1.0001e-06,0.0,-17675.90193946968,0.0,,,-1.0,-1.0,-1.0,0.0,,,,-1.0,2.956414384888948e-187,0.0,,362,True
pituitary,excluded_at_or_below_-1,ENSG00000223847.1,ENSG00000223847,,,,,,,,,,,,,,,,,,,,,1,False
pituitary,raw,ENSG00000223847.1,ENSG00000223847,0.025641025641025182,354.195114181842,-0.9981747097403242,0.0007228041451273958,0.9743589749030016,322.4398193198643,0.0,3.571299719160328,0.0017491127656267666,-1.0,-0.833375810790831,-0.9994676543475745,0.009418156014550745,17.60690788094844,308.0032051282045,-1.0,-0.833375810790831,344.2622425515325,0.0,0.6021534831701792,313,True
prostate,excluded_at_or_below_-1,ENSG00000223847.1,ENSG00000223847,,,,,,,,,,,,,,,,,,,,,3,False
prostate,raw,ENSG00000223847.1,ENSG00000223847,-0.046123248031117725,263.72474242745926,-0.9922129919597976,0.007049577493499285,241.73668388814173,123.67552896180428,0.0,1.5621492764520657,0.2966228455481715,-1.0,-0.3757147142861304,-0.9963277372773504,0.04169093342887188,13.103653303472763,181.67413100350694,-1.0,-0.3757147142861304,262.44579445830686,0.0,77.8474183543735,282,True
skin_not_sun_exposed_suprapubic,excluded_at_or_below_-1,ENSG00000223847.1,ENSG00000223847,,,,,,,,,,,,,,,,,,,,,1,False
skin_not_sun_exposed_suprapubic,raw,ENSG00000223847.1,ENSG00000223847,2.37540169420409,614.4766747609583,-0.9990880926691155,0.00097855871877278,1628.9606938596246,106.50392382845085,0.0,1.3178889424046443,0.4203190162433214,-1.0,-0.9253931812223906,-0.9998853965917395,0.00292407176919279,25.45587434093631,646.0015384615393,-1.0,-0.9253931812223906,613.4486935101095,0.0,257.8441513719223,651,True
skin_sun_exposed_lower_leg,excluded_at_or_below_-1,ENSG00000223847.1,ENSG00000223847,,,,,,,,,,,,,,,,,,,,,3,False
skin_sun_exposed_lower_leg,raw,ENSG00000223847.1,ENSG00000223847,2.716361492851593,694.4709942019817,-0.9968005143870149,0.00322642367103148,3387.359532883913,111.97511615494373,0.0,1.4024060098266178,0.37517177854112516,-1.0,-0.7413375666815976,-0.999302979685923,0.012054336185700306,18.76735590797404,365.03114006825797,-1.0,-0.7413375666815976,692.3906849286409,0.0,259.76544470998505,754,True
small_intestine_terminal_ileum,excluded_at_or_below_-1,ENSG00000223847.1,ENSG00000223847,,,,,,,,,,,,,,,,,,,,,2,False
small_intestine_terminal_ileum,raw,ENSG00000223847.1,ENSG00000223847,0.05128205128205128,231.13198547231235,-0.9971710508209927,0.0007412427269548857,1.8974358974359116,465.61901639845047,0.0,5.397339023685567,4.75020909077716e-07,-1.0,-0.7531225431415098,-0.9980557694120732,0.020237738894286414,10.754678742075928,117.86046127709905,-1.0,-0.7531225431415098,229.8120174963317,0.0,0.00010916551346808884,207,True
spleen,excluded_at_or_below_-1,ENSG00000223847.1,ENSG00000223847,,,,,,,,,,,,,,,,,,,,,1,False
spleen,raw,ENSG00000223847.1,ENSG00000223847,0.025641025641067294,276.72495072428705,-0.997225818491084,0.0008840533852091134,0.9743589746902516,356.48549316301506,0.0,4.437837329773523,5.419118622414014e-05,-1.0,-0.774379555809323,-0.9991854857610445,0.013556218661292457,16.553054799293268,272.003623188406,-1.0,-0.774379555809323,270.10647982339594,0.0,0.01463739054845659,277,True
stomach,excluded_at_or_below_-1,ENSG00000223847.1,ENSG00000223847,,,,,,,,,,,,,,,,,,,,,0,False
stomach,raw,ENSG00000223847.1,ENSG00000223847,0.0,407.0,-0.9875,1.0001e-06,0.0,-17675.90193946968,0.0,,,-1.0,-1.0,-1.0,0.0,,,,-1.0,3.3239244603585686e-187,0.0,,407,True
testis,excluded_at_or_below_-1,ENSG00000223847.1,ENSG00000223847,0.05205741853763574,0.9439553565798616,-0.86577751257203,0.12464589266087489,14.927783376265854,3.0860047766863428,0.0,0.6967652569375288,0.7826176347844208,-0.9271889780937768,-0.5937833595105043,-0.8219469115606256,0.07928092216117778,1.0504415018099122,1.4014641105411911,-0.9271889780937768,-0.5937833595105043,0.9358815596024058,0.0,0.7324374126143898,21,True
testis,raw,ENSG00000223847.1,ENSG00000223847,0.5384615384615385,478.41730054723286,-0.9955579380402446,0.0014283465882993119,21.692307692307686,397.7991494697552,0.0,4.3981091983196725,6.598570072304629e-05,-1.0,-0.5937833595105043,-0.9909683216009014,0.04283251231256704,5.400944748303894,32.26911938620139,-1.0,-0.5937833595105043,457.08693395881096,0.0,0.030161201628620904,414,True
thyroid,excluded_at_or_below_-1,ENSG00000223847.1,ENSG00000223847,,,,,,,,,,,,,,,,,,,,,3,False
thyroid,raw,ENSG00000223847.1,ENSG00000223847,0.0769230768771409,735.8667661100139,-0.9968226383387204,0.0014658127292605954,2.769230769511016,273.6918173670109,0.0,3.065512984194667,0.009237787180715738,-1.0,-0.7131448682586228,-0.9990116186233827,0.015285729548508506,16.069406974627505,265.3755874590565,-1.0,-0.7131448682586228,725.4680657840598,0.0,6.7017195981186175,684,True
uterus,excluded_at_or_below_-1,ENSG00000223847.1,ENSG00000223847,,,,,,,,,,,,,,,,,,,,,0,False
uterus,raw,ENSG00000223847.1,ENSG00000223847,0.0,153.0,-0.9875,1.0001e-06,0.0,-17675.90193946968,0.0,,,-1.0,-1.0,-1.0,0.0,,,,-1.0,1.24953425659671e-187,0.0,,153,True
vagina,excluded_at_or_below_-1,ENSG00000223847.1,ENSG00000223847,,,,,,,,,,,,,,,,,,,,,0,False
vagina,raw,ENSG00000223847.1,ENSG00000223847,0.0,170.0,-0.9875,1.0001e-06,0.0,-17675.90193946968,0.0,,,-1.0,-1.0,-1.0,0.0,,,,-1.0,1.3883713962185667e-187,0.0,,170,True
whole_blood,excluded_at_or_below_-1,ENSG00000223847.1,ENSG00000223847,,,,,,,,,,,,,,,,,,,,,0,False
whole_blood,raw,ENSG00000223847.1,ENSG00000223847,0.0,803.0,-0.9875,1.0001e-06,0.0,-17675.90193946968,0.0,,,-1.0,-1.0,-1.0,0.0,,,,-1.0,6.55801312449123e-187,0.0,,803,True
adipose_subcutaneous,excluded_at_or_below_-1,ENSG00000223849.1,ENSG00000223849,2.8013203478898983,33.236297198120816,-0.3799469896234962,0.6628533330236451,1239.7030646306698,4.0316255498880045,0.0,1.157249349877612,0.5117655782102013,-0.9223591182546388,1.509708508208258,-0.177557419443926,0.48289633806250376,0.8766203843415691,0.46569692764438164,-0.9223591182546388,1.509708508208258,33.22626990118296,0.0,17.004061227747105,675,True
adipose_subcutaneous,raw,ENSG00000223849.1,ENSG00000223849,2.5206107328075573,34.31395224741963,-0.41479766964854514,0.7241579119816772,1411.849205785037,3.758382933562097,0.0,1.142846137040215,0.5200474866880224,-1.0,1.509708508208258,-0.22248075367598044,0.5053825750020908,0.7545344478524443,0.3357178038436208,-1.0,1.509708508208258,34.28444073255368,0.0,17.829537235469004,714,True
adipose_visceral_omentum,excluded_at_or_below_-1,ENSG00000223849.1,ENSG00000223849,0.9208137193001769,40.4262769474397,-0.26872448779911245,0.6643524809852083,311.97797822517515,5.936373594112222,0.0,1.3472469218680616,0.40351802899020106,-0.9016181743373852,2.519994719988456,-0.12703262525172732,0.4755422880655454,1.0571884888297438,2.1598811686078223,-0.9016181743373852,2.519994719988456,40.42615248887198,0.0,16.31268137196693,544,True
adipose_visceral_omentum,raw,ENSG00000223849.1,ENSG00000223849,0.47460608205578053,40.53402901301893,-0.326295157792307,0.7831820641075334,876.3932030709634,5.139624529310127,0.0,1.2165275081628122,0.4771308537117308,-1.0,2.519994719988456,-0.1909808315791136,0.511243731378237,0.8002263942102902,1.5100350939851044,-1.0,2.519994719988456,40.53366672114765,0.0,19.33986300672795,587,True
adrenal_gland,excluded_at_or_below_-1,ENSG00000223849.1,ENSG00000223849,0.11584806992946962,14.311702987037947,-0.3916186738890326,0.5937669153494283,310.61750484473214,3.4770840637270113,0.0,1.279761078298723,0.4395913569658211,-0.9289348247613156,1.0682580617472852,-0.30634075116694,0.3741857873196542,0.7220248133713406,0.7494485155669981,-0.9289348247613156,1.0682580617472852,14.277780267044003,0.0,6.276388802049698,276,True
adrenal_gland,raw,ENSG00000223849.1,ENSG00000223849,-0.15382049211672422,14.76588226201954,-0.44253902826609476,0.67874444064151,409.2318379237154,3.1478559628,0.0,1.1615106062226497,0.5059022959037601,-1.0,1.0682580617472852,-0.3510171095663574,0.4000740265055317,0.552061003167929,0.44090244297583103,-1.0,1.0682580617472852,14.661681752307647,0.0,7.417378460302703,295,True
artery_aorta,excluded_at_or_below_-1,ENSG00000223849.1,ENSG00000223849,-0.1984455064463345,30.28875622676504,2.0177812109603264,1.0520652503915309,630.5611333142401,2.5874974403910334,0.03417582569008285,3.709211790367194,0.0,-0.7415847962781014,3.942678705186356,1.9795958369681417,0.7227514035531012,-0.17936217057436293,0.04870589528325908,-0.7415847962781014,3.942678705186356,30.25755203114098,1.0340768240248863,0.0,472,True
artery_aorta,raw,ENSG00000223849.1,ENSG00000223849,-0.1984455064463345,30.28875622676504,2.0177812109603264,1.0520652503915309,630.5611333142401,2.5874974403910334,0.03417582569008285,3.709211790367194,0.0,-0.7415847962781014,3.942678705186356,1.9795958369681417,0.7227514035531012,-0.17936217057436293,0.04870589528325908,-0.7415847962781014,3.942678705186356,30.25755203114098,1.0340768240248863,0.0,472,True
artery_coronary,excluded_at_or_below_-1,ENSG00000223849.1,ENSG00000223849,1.0326131365024285,12.326527879726505,1.6097987594260645,1.2446814020546964,109.87583490749923,2.6423157619887565,0.009231452500021955,2.7721915817258647,0.0,-0.8300698689844391,3.9353607359245855,1.5625378217793982,0.9516707287819827,-0.08105089741878507,-0.3758624504946635,-0.8300698689844391,3.9353607359245855,12.062203743335962,0.11135166090219295,0.0,268,True
artery_coronary,raw,ENSG00000223849.1,ENSG00000223849,1.0326131365024285,12.326527879726505,1.6097987594260645,1.2446814020546964,109.87583490749923,2.6423157619887565,0.009231452500021955,2.7721915817258647,0.0,-0.8300698689844391,3.9353607359245855,1.5625378217793982,0.9516707287819827,-0.08105089741878507,-0.3758624504946635,-0.8300698689844391,3.9353607359245855,12.062203743335962,0.11135166090219295,0.0,268,True
artery_tibial,excluded_at_or_below_-1,ENSG00000223849.1,ENSG00000223849,2.9610128073965747,34.68118851614974,1.5785742405793173,0.9776444626454118,559.6918936122622,2.5706843717181336,0.0343867197107387,3.470432334744887,0.0,-0.8205322630774705,3.3556858509375704,1.4878149243358387,0.789839544267133,-0.30262692983855083,-0.1860482667661043,-0.8205322630774705,3.3556858509375704,34.597068771012964,1.1896797066419738,0.0,691,True
artery_tibial,raw,ENSG00000223849.1,ENSG00000223849,2.9610128073965747,34.68118851614974,1.5785742405793173,0.9776444626454118,559.6918936122622,2.5706843717181336,0.0343867197107387,3.470432334744887,0.0,-0.8205322630774705,3.3556858509375704,1.4878149243358387,0.789839544267133,-0.30262692983855083,-0.1860482667661043,-0.8205322630774705,3.3556858509375704,34.597068771012964,1.1896797066419738,0.0,691,True
bladder,excluded_at_or_below_-1,ENSG00000223849.1,ENSG00000223849,0.33149469859428327,4.029254180299741,1.1549323412900823,0.7050343863644594,53.34187560144224,2.4102702111800878,0.05425129477285124,3.87735555529552,0.0,-0.7780635423425291,2.3565354262303586,1.123639740520616,0.6031776035701727,-0.3561420226150027,0.5658990083299797,-0.7780635423425291,2.3565354262303586,4.027030705180117,0.2184716298460495,0.0,77,True
bladder,raw,ENSG00000223849.1,ENSG00000223849,0.33149469859428327,4.029254180299741,1.1549323412900823,0.7050343863644594,53.34187560144224,2.4102702111800878,0.05425129477285124,3.87735555529552,0.0,-0.7780635423425291,2.3565354262303586,1.123639740520616,0.6031776035701727,-0.3561420226150027,0.5658990083299797,-0.7780635423425291,2.3565354262303586,4.027030705180117,0.2184716298460495,0.0,77,True
brain_amygdala,excluded_at_or_below_-1,ENSG00000223849.1,ENSG00000223849,0.6387715332929796,7.567077557929111,-0.7391601120926834,0.3807643254283612,187.6308194261395,3.9366173515864773,0.0,0.7164420283329552,0.7735466617390703,-0.9320557064249602,0.3207388241267981,-0.5740892655948483,0.27165554526025393,1.1767696901044316,1.280947875620826,-0.9320557064249602,0.3207388241267981,7.563801118997532,0.0,5.8509531056587845,150,True
brain_amygdala,raw,ENSG00000223849.1,ENSG00000223849,-1.0126144474584984,2296183823260.2485,-29.107101752685494,5.5374396004334745,788.6798494102625,7.515612676267097,0.0,-7.1783075511174514,1.0,-1.0,0.3207388241267981,-0.647035302979156,0.2949198441805903,1.0000341863701252,0.9206094914903384,-1.0,0.3207388241267981,13.607127020452909,0.0,13.607127020453058,181,True
brain_anterior_cingulate_cortex_ba24,excluded_at_or_below_-1,ENSG00000223849.1,ENSG00000223849,0.618481425614152,7.703651060495519,-0.741526669332642,0.6169247088813717,279.86025225636695,2.6626804667850585,0.0,0.47977460579075465,0.8880548728033558,-0.950819534909086,0.4200188111526601,-0.48802649914575014,0.31892813087391825,0.6889322910296672,-0.29108943291016187,-0.950819534909086,0.4200188111526601,7.481220811547476,0.0,6.643734596212612,192,True
brain_anterior_cingulate_cortex_ba24,raw,ENSG00000223849.1,ENSG00000223849,4.923076916824565,710130.2313844475,-1.0107998636411242,0.009080131260741546,596.7714815292887,222.84734846716492,0.0,-1.682058683346681,1.0,-1.0,0.4200188111526601,-0.5781162568067983,0.3491573559261475,0.6667167775844972,-0.34451706418064365,-1.0,0.4200188111526601,172567.36303489548,0.0,172567.36303489303,233,True
brain_caudate_basal_ganglia,excluded_at_or_below_-1,ENSG00000223849.1,ENSG00000223849,-4.049060885717882,32.11019493251164,-2.244203571571634,1.8728419105864567,149.77725550836075,2.0673070223341004,0.0,-0.9828833595905104,1.0,-0.942571909964436,0.4935294954059543,-0.5188270003547459,0.31476763908817595,0.7480855381720913,0.007444260471578978,-0.942571909964436,0.4935294954059543,16.01941695453788,0.0,16.01941695453788,264,True
brain_caudate_basal_ganglia,raw,ENSG00000223849.1,ENSG00000223849,-2.8962649399189075,4078913520708.284,-40.826376023687715,7.8301242722515525,888.1922687497147,7.462866328719728,0.0,-7.193117140230798,1.0,-1.0,0.4935294954059543,-0.5765677603121766,0.33418637337807,0.7141164943445367,-0.08596982320631508,-1.0,0.4935294954059543,20.43558830267441,0.0,20.43558830267396,300,True
brain_cerebellar_hemisphere,excluded_at_or_below_-1,ENSG00000223849.1,ENSG00000223849,1.6468332244240345,13.903646224819823,1.2591133184275645,0.715606088273874,324.24595042689924,2.5957220579831843,0.034151181163473855,4.038972728560335,0.0,-0.7846469394502337,2.572574423299581,1.1150064318362733,0.6492909374817413,-0.5310866174574381,0.07492206738043672,-0.7846469394502337,2.572574423299581,13.899554171127173,0.4746861925896828,0.0,275,True
brain_cerebellar_hemisphere,raw,ENSG00000223849.1,ENSG00000223849,1.5906359838221709,14.990094976953987,1.2594133294149288,0.7208417935522431,284.35060311430766,2.576279906580877,0.03615107409253513,4.4327243537295855,0.0,-1.0,2.572574423299581,1.0997356272742786,0.6713453894211003,-0.6355722247559884,0.32612500920849774,-1.0,2.572574423299581,14.989253267578682,0.5418776054680112,0.0,277,True
brain_cerebellum,excluded_at_or_below_-1,ENSG00000223849.1,ENSG00000223849,1.7407334175439695,14.691771653127962,1.4149901652268844,0.5864903176942257,239.74842802177318,3.206556722917929,0.005751547590060587,4.289910360138839,0.0,-0.3640840544939797,2.7447854105595346,1.2560963761657862,0.5796912499454264,-0.586180365571725,0.19400225857151465,-0.3640840544939797,2.7447854105595346,14.690235152639724,0.08449158658958833,0.0,266,True
brain_cerebellum,raw,ENSG00000223849.1,ENSG00000223849,1.7407334175439695,14.691771653127962,1.4149901652268844,0.5864903176942257,239.74842802177318,3.206556722917929,0.005751547590060587,4.289910360138839,0.0,-0.3640840544939797,2.7447854105595346,1.2560963761657862,0.5796912499454264,-0.586180365571725,0.19400225857151465,-0.3640840544939797,2.7447854105595346,14.690235152639724,0.08449158658958833,0.0,266,True
brain_cortex,excluded_at_or_below_-1,ENSG00000223849.1,ENSG00000223849,-0.6968187867165194,12.06881163918295,-0.39912957797951926,0.7594768446488169,170.45977196103803,2.5885084036079644,0.0,0.9516729039656088,0.622580409195954,-0.9102076453039056,0.990980266123701,-0.2737568078329506,0.38440889242432436,0.48317541382634926,-0.20206567798367114,-0.9102076453039056,0.990980266123701,11.645464607482795,0.0,7.250238120603638,254,True
brain_cortex,raw,ENSG00000223849.1,ENSG00000223849,-1.1459126866791285,12.838197592916304,-0.4367749503127323,0.8431769653168464,312.4836615727543,2.3946939656666117,0.0,0.9446658728831385,0.6183623487080647,-1.0,0.990980266123701,-0.31679344144284977,0.41047911766900225,0.35944234089662436,-0.30676813484853094,-1.0,0.990980266123701,12.108262241469001,0.0,7.487293478407947,270,True
brain_frontal_cortex_ba9,excluded_at_or_below_-1,ENSG00000223849.1,ENSG00000223849,2.4878764225589083,7.370322050283934,-0.579762166189248,0.4842576049217816,334.0340277742667,3.105782280101441,0.0,1.0346732931889908,0.582149154095259,-0.9340568951942916,0.4837255052531586,-0.38144297594289733,0.3574120300433627,0.5702774247470829,-0.5127980777781009,-0.9340568951942916,0.4837255052531586,7.311024545711605,0.0,4.256106754855686,251,True
brain_frontal_cortex_ba9,raw,ENSG00000223849.1,ENSG00000223849,2.014282399224234,8.028833562889576,-0.6456327479550076,0.627912576715393,391.1233832527446,2.543592560002029,0.0,0.7981222107772248,0.7160628741347692,-1.0,0.4837255052531586,-0.42283340877943215,0.37834097729941946,0.4844939795523707,-0.5308282968493514,-1.0,0.4837255052531586,7.712794904765419,0.0,5.522846087118329,269,True
brain_hippocampus,excluded_at_or_below_-1,ENSG00000223849.1,ENSG00000223849,1.6541328369527142,9.23450442826438,-0.7258709117333678,0.5196125540280219,177.81139670944424,3.4483392081067032,0.0,0.5178974490346369,0.8741663555520364,-0.9161576006588484,0.5411232613903809,-0.44164614469000696,0.34576400761175413,0.8199221278068165,-0.05767987267964525,-0.9161576006588484,0.5411232613903809,9.21032338757326,0.0,8.051354829170602,229,True
brain_hippocampus,raw,ENSG00000223849.1,ENSG00000223849,0.6028494757066104,11.422161518096106,-0.9496774257807208,0.8313707514014275,576.4382777111517,2.5359450606586273,0.0,0.08560184109732819,0.9961918808520518,-1.0,0.5411232613903809,-0.4985763417020062,0.3687459831060192,0.7183494428453547,-0.11860305356315282,-1.0,0.5411232613903809,10.963712809582294,0.0,10.921961684899518,255,True
brain_hypothalamus,excluded_at_or_below_-1,ENSG00000223849.1,ENSG00000223849,0.8026247946027515,13.672814942369847,-0.7243039192234111,0.42116485872807663,162.13289617907998,4.398919207346816,0.0,0.6364585458161689,0.816644902440965,-0.9138467016339692,0.5857317329659271,-0.5359605988028922,0.28867078780376276,1.216921002735623,1.4612539841691357,-0.9138467016339692,0.5857317329659271,13.671915960926073,0.0,11.165100476091547,233,True
brain_hypothalamus,raw,ENSG00000223849.1,ENSG00000223849,0.6987120738662396,14.16080597344691,-0.7325757916387297,0.4533125485599403,504.74482576709,4.112765875546655,0.0,0.8342918005972414,0.7060213532588651,-1.0,0.5857317329659271,-0.5792950175917271,0.30630177891655264,1.0244520446602228,1.1438685892540086,-1.0,0.5857317329659271,14.157799215229279,0.0,9.995708561103472,257,True
brain_nucleus_accumbens_basal_ganglia,excluded_at_or_below_-1,ENSG00000223849.1,ENSG00000223849,-0.18558372763269934,11.566827322998453,-0.6315282760802914,0.688398998336213,248.46758856583762,2.5241562071726498,0.0,0.6311453506295598,0.8116196037666986,-0.9387519081665768,0.5971592792462139,-0.428704582557142,0.3343895184425929,0.6518269256688038,-0.09069513442576671,-0.9387519081665768,0.5971592792462139,11.088533311929888,0.0,8.999671012982374,261,True
brain_nucleus_accumbens_basal_ganglia,raw,ENSG00000223849.1,ENSG00000223849,-2.5049029669783556,14.921558736376312,-0.8703430681688579,1.0749907480133503,456.8708865649975,1.9305856597967432,0.0,0.17057132053475854,0.9829075371780251,-1.0,0.5971592792462139,-0.4768136703418037,0.35724742813397964,0.5502520195930949,-0.21419670954491954,-1.0,0.5971592792462139,12.606969824483821,0.0,12.391485661461068,285,True
brain_putamen_basal_ganglia,excluded_at_or_below_-1,ENSG00000223849.1,ENSG00000223849,0.14623065874937025,17.797833762611145,-1.1940103004937386,0.8636041738064585,193.03480944383807,3.1928240682642994,0.0,-0.45445076668377515,1.0,-0.916495228272904,0.7557208185855244,-0.5075883861949013,0.3345857482049112,1.2078194130050695,1.5355367488890064,-0.916495228272904,0.7557208185855244,15.94285971056383,0.0,15.94285971056383,217,True
brain_putamen_basal_ganglia,raw,ENSG00000223849.1,ENSG00000223849,,,,,,,,,,,,,,,,,,,,,254,False
brain_spinal_cord_cervical_c-1,excluded_at_or_below_-1,ENSG00000223849.1,ENSG00000223849,0.832180950792464,8.62355578713224,-0.7498561380848465,0.5430377393894971,175.3172033355103,3.4825141755692157,0.0,0.4413690183599392,0.9069765283681075,-0.9193355154177524,0.587379393810066,-0.4749212198618321,0.33057136296505085,0.9073520706009456,0.25275919866737295,-0.9193355154177524,0.587379393810066,8.60347804306565,0.0,7.803152647390922,181,True
brain_spinal_cord_cervical_c-1,raw,ENSG00000223849.1,ENSG00000223849,-0.12740293133953395,11.480066950287123,-1.0929224336989296,0.9299775943631549,454.4574318783109,2.555228908467202,0.0,-0.14130680866105333,1.0,-1.0,0.587379393810066,-0.5341212784068216,0.3530044613184066,0.7958038544584519,0.1387891694812451,-1.0,0.587379393810066,10.92734246847014,0.0,10.927342468470142,204,True
brain_substantia_nigra,excluded_at_or_below_-1,ENSG00000223849.1,ENSG00000223849,-0.9834248346043836,10.8474220484069,-1.3042890158506444,0.9829085606681222,95.3726824910826,2.211662190439791,0.0,-0.5534685541755364,1.0,-0.9196165770947334,0.2328633337856245,-0.5822837540584499,0.2502861683333421,0.7551180700437372,-0.0400960852740897,-0.9196165770947334,0.2328633337856245,8.366898045762676,0.0,8.366898045762676,142,True
brain_substantia_nigra,raw,ENSG00000223849.1,ENSG00000223849,3.6410256482924424,423.08143785797677,-0.9957640339813145,0.0071731153588802535,352.97435922086584,242.22968677726627,0.0,0.8351407015865856,0.7057796672558099,-1.0,0.2328633337856245,-0.6758704539688518,0.2811265375231822,0.7100935699024565,-0.19035665284297565,-1.0,0.2328633337856245,422.96391391657994,0.0,298.51933042525866,183,True
breast_mammary_tissue,excluded_at_or_below_-1,ENSG00000223849.1,ENSG00000223849,-2.259837870728675,23.99794294894253,-0.24165992465555683,1.2623034292414326,389.73531480866745,2.406478939426162,0.0,0.7487115770952969,0.7412695612062118,-0.9099473859172384,1.9063230239293532,0.009951741808559445,0.5687152194216883,0.45337412483502465,-0.3628723632409043,-0.9099473859172384,1.9063230239293532,22.671630388205767,0.0,16.805789509694705,493,True
breast_mammary_tissue,raw,ENSG00000223849.1,ENSG00000223849,-2.611318799945425,24.919702811960207,-0.2598351409728817,1.3055455348420544,535.0055425889102,2.3464599075976076,0.0,0.8017730167908371,0.706406890546843,-1.0,1.9063230239293532,-0.031310877992957585,0.5918153902223968,0.3919121890097526,-0.4153430491093122,-1.0,1.9063230239293532,23.331241764201515,0.0,16.481349947246233,514,True
cells_cultured_fibroblasts,excluded_at_or_below_-1,ENSG00000223849.1,ENSG00000223849,0.5548969061430729,41.71858548944404,-0.6525969072060823,0.5585277196549333,330.1165525210115,5.364964905254282,0.0,0.5849642106776911,0.8427448162073617,-0.8836219343747614,1.4662355621504046,-0.4435642457389787,0.32049956233742166,1.1811822570644799,2.405637620262139,-0.8836219343747614,1.4662355621504046,41.7185373023638,0.0,35.15808105132054,529,True
cells_cultured_fibroblasts,raw,ENSG00000223849.1,ENSG00000223849,-2.9686089041941432,427.6962493790382,-3.8864472204389577,2.158135902932136,7614.716961157204,3.5075810452595357,0.0,-1.8914716170899364,1.0,-1.0,1.4662355621504046,-0.5485360214661344,0.3616293982278765,0.8739590832461235,1.2667413590644863,-1.0,1.4662355621504046,70.58060291086808,0.0,70.58060291086808,652,True
cells_ebv-transformed_lymphocytes,excluded_at_or_below_-1,ENSG00000223849.1,ENSG00000223849,1.1779117817722577,16.575909309419192,-0.6293002818759276,0.31695883879811787,206.4070660534386,4.902908000345234,0.0,1.1878056121121405,0.49388848769346033,-0.895515723128801,0.4695578169784864,-0.5248445695596847,0.25008339408661956,1.0623975803021273,1.2460702291426724,-0.895515723128801,0.4695578169784864,16.57578053719735,0.0,8.18658718185509,288,True
cells_ebv-transformed_lymphocytes,raw,ENSG00000223849.1,ENSG00000223849,0.6605559192123015,17.004407841811556,-0.6725638386612662,0.4249832554055947,1427.9126127857116,3.80062958890989,0.0,1.089606835767408,0.5520003141783387,-1.0,0.4695578169784864,-0.581514483281924,0.28079887140114956,0.6946811166890727,0.6495978318325673,-1.0,0.4695578169784864,16.99187128124513,0.0,9.3795182857252,327,True
cervix_ectocervix,excluded_at_or_below_-1,ENSG00000223849.1,ENSG00000223849,0.2945495878002313,1.9919565977113607,1.1720080417050553,0.20923754924567928,16.122049056190182,5.791349874041993,5.21130966211745e-08,10.555403916817465,0.0,-0.3896986945442076,2.0288573088238313,1.1253390570799102,0.580553120614666,-0.9831543410881263,0.6897668814568338,-0.3896986945442076,2.0288573088238313,1.991922462130676,1.0380524773090372e-07,0.0,24,True
cervix_ectocervix,raw,ENSG00000223849.1,ENSG00000223849,0.2945495878002313,1.9919565977113607,1.1720080417050553,0.20923754924567928,16.122049056190182,5.791349874041993,5.21130966211745e-08,10.555403916817465,0.0,-0.3896986945442076,2.0288573088238313,1.1253390570799102,0.580553120614666,-0.9831543410881263,0.6897668814568338,-0.3896986945442076,2.0288573088238313,1.991922462130676,1.0380524773090372e-07,0.0,24,True
cervix_endocervix,excluded_at_or_below_-1,ENSG00000223849.1,ENSG00000223849,0.3678834230962072,0.6567957726615306,1.2686232564713376,0.33687237067232356,27.642748460124448,3.6441498526494827,0.0012121783139154051,4.303647179229403,0.0,0.2434741090034753,2.136677016249497,1.1938115184393234,0.48695089151713045,0.04532674910617446,-0.43629376507674467,0.2434741090034753,2.136677016249497,0.6567261505743479,0.0007960691979073675,0.0,23,True
cervix_endocervix,raw,ENSG00000223849.1,ENSG00000223849,0.3678834230962072,0.6567957726615306,1.2686232564713376,0.33687237067232356,27.642748460124448,3.6441498526494827,0.0012121783139154051,4.303647179229403,0.0,0.2434741090034753,2.136677016249497,1.1938115184393234,0.48695089151713045,0.04532674910617446,-0.43629376507674467,0.2434741090034753,2.136677016249497,0.6567261505743479,0.0007960691979073675,0.0,23,True
colon_sigmoid,excluded_at_or_below_-1,ENSG00000223849.1,ENSG00000223849,0.7277176977654467,21.735743638328707,1.1283252671927313,0.9944917729993683,390.50116673142793,2.6802315946246416,0.011828705437583254,2.877831929050042,0.0,-0.8954003239497236,3.013095956362508,1.1084479544025678,0.7303272017752046,-0.020907841707920163,-0.15152673245594217,-0.8954003239497236,3.013095956362508,21.38995967827688,0.2530155323561203,0.0,419,True
colon_sigmoid,raw,ENSG00000223849.1,ENSG00000223849,0.7277176977654467,21.735743638328707,1.1283252671927313,0.9944917729993683,390.50116673142793,2.6802315946246416,0.011828705437583254,2.877831929050042,0.0,-0.8954003239497236,3.013095956362508,1.1084479544025678,0.7303272017752046,-0.020907841707920163,-0.15152673245594217,-0.8954003239497236,3.013095956362508,21.38995967827688,0.2530155323561203,0.0,419,True
colon_transverse,excluded_at_or_below_-1,ENSG00000223849.1,ENSG00000223849,-1.1352680023122803,22.348088239886433,0.3485898036972258,1.3277040820833288,483.79230049095804,2.5604536070874953,0.0,1.2960666210169658,0.4094917990032234,-0.8681945555820242,2.752416776202383,0.4835789907939892,0.7284886583860337,0.3523668638330983,-0.5071690052099491,-0.8681945555820242,2.752416776202383,21.50540892716663,0.0,8.806288589885446,476,True
colon_transverse,raw,ENSG00000223849.1,ENSG00000223849,-0.933825093650842,23.23313663222264,0.3716895595220209,1.2583576676650345,600.581519749275,2.6755959809006784,0.0,1.5415823563432174,0.28480949738497435,-1.0,2.752416776202383,0.47428726433807694,0.7355897847159687,0.32650322135326576,-0.4975060114458594,-1.0,2.752416776202383,22.585111743885676,0.0,6.432454324159561,479,True
esophagus_gastroesophageal_junction,excluded_at_or_below_-1,ENSG00000223849.1,ENSG00000223849,-0.8136802546574415,22.18666968220603,1.068224186559958,1.089905841828985,393.18362747058706,2.668950335504983,0.0,2.4009010277036493,0.02842874722281378,-0.7821017651700068,3.1251303283290106,1.055313350502555,0.7035857263128603,-0.05081373240335837,-0.24224817615001992,-0.7821017651700068,3.1251303283290106,21.556656659272058,0.0,0.6128287431354307,401,True
esophagus_gastroesophageal_junction,raw,ENSG00000223849.1,ENSG00000223849,-0.6099098937566805,23.159474257051315,1.067913062603715,1.0812589821650807,354.3483637955572,2.690700938373917,0.0010182488888216118,2.7046903167331697,0.0,-1.0,3.1251303283290106,1.045113284246959,0.7165767275184872,-0.12264202535810241,-0.12029838599876408,-1.0,3.1251303283290106,22.5620636505968,0.022973796241742672,0.0,403,True
esophagus_mucosa,excluded_at_or_below_-1,ENSG00000223849.1,ENSG00000223849,1.7438697227028517,35.73546416137795,0.719736928020009,0.7395455578454896,620.7428839007737,3.8020180355007964,0.0,2.7879093847339655,0.019811167344876146,-0.7381659347527212,2.7079554148267806,0.7178277776808849,0.5908690667833044,0.09545786289488083,0.10609763683194373,-0.7381659347527212,2.7079554148267806,35.70914802354167,0.0,0.7074399072373374,612,True
esophagus_mucosa,raw,ENSG00000223849.1,ENSG00000223849,1.4024896395027913,38.51305117945536,0.7191923936064119,0.7581938602393407,801.6353249457367,3.709520459672541,0.0,3.206706525689033,0.004826126324121814,-1.0,2.7079554148267806,0.712232247460426,0.5979829902003615,0.04247662172242164,0.1748526985886918,-1.0,2.7079554148267806,38.47327244386197,0.0,0.18567687291643264,614,True
esophagus_muscularis,excluded_at_or_below_-1,ENSG00000223849.1,ENSG00000223849,-0.35497397932825414,32.39152676998823,0.9218502760633037,1.025365297796508,597.541308034113,3.1375407389933696,0.0,2.4655810577769013,0.040870715614976974,-0.865801407397131,3.196701458220102,0.9332324468726656,0.688370107277895,0.07837552043451011,-0.20642902604521574,-0.865801407397131,3.196701458220102,32.15534087150214,0.0,1.3142117922618097,561,True
esophagus_muscularis,raw,ENSG00000223849.1,ENSG00000223849,-0.35497397932825414,32.39152676998823,0.9218502760633037,1.025365297796508,597.541308034113,3.1375407389933696,0.0,2.4655810577769013,0.040870715614976974,-0.865801407397131,3.196701458220102,0.9332324468726656,0.688370107277895,0.07837552043451011,-0.20642902604521574,-0.865801407397131,3.196701458220102,32.15534087150214,0.0,1.3142117922618097,561,True
fallopian_tube,excluded_at_or_below_-1,ENSG00000223849.1,ENSG00000223849,0.01749668928913825,1.4038981930657592,1.4597246783137188,0.8750378031492753,27.513917397241944,2.422461006531074,0.007429177551577449,2.4808015948430837,0.0,-0.0752593123347993,2.958610712055846,1.4484295043842013,0.6292716641435958,-0.007956075235935452,0.20201460020305406,-0.0752593123347993,2.958610712055846,1.33919421212118,0.009949111577893119,0.0,29,True
fallopian_tube,raw,ENSG00000223849.1,ENSG00000223849,0.01749668928913825,1.4038981930657592,1.4597246783137188,0.8750378031492753,27.513917397241944,2.422461006531074,0.007429177551577449,2.4808015948430837,0.0,-0.0752593123347993,2.958610712055846,1.4484295043842013,0.6292716641435958,-0.007956075235935452,0.20201460020305406,-0.0752593123347993,2.958610712055846,1.33919421212118,0.009949111577893119,0.0,29,True
heart_atrial_appendage,excluded_at_or_below_-1,ENSG00000223849.1,ENSG00000223849,1.365899917268574,22.31123043064719,-0.20207845373243882,0.7003163621519488,331.426872107538,3.7663359296930907,0.0,1.5030982873839935,0.3225827808515933,-0.9464103938187808,1.6630052557596566,-0.06857534762795181,0.4992351373250598,0.6291674326031991,0.10467601248856839,-0.9464103938187808,1.6630052557596566,22.2926693919275,0.0,7.1912312850531706,451,True
heart_atrial_appendage,raw,ENSG00000223849.1,ENSG00000223849,1.2837155844770547,22.65705829308772,-0.2064090190243096,0.7226185565829149,645.1838555721386,3.6585706207089346,0.0,1.553111414104703,0.29850208665267663,-1.0,1.6630052557596566,-0.08877978694187912,0.512121344220394,0.5577915871757746,0.05985207987700658,-1.0,1.6630052557596566,22.628751718780492,0.0,6.75472960640132,461,True
heart_left_ventricle,excluded_at_or_below_-1,ENSG00000223849.1,ENSG00000223849,-0.8829581771262344,20.338677463381547,-0.4179983719545756,1.185309218198065,301.2527895533333,2.5751653941366945,0.0,0.6365704119467389,0.8096870398410886,-0.9515336154198408,1.7403512304441655,-0.09691528967472052,0.5536583312780632,0.5958109955189195,-0.16963578286645475,-0.9515336154198408,1.7403512304441655,19.600213942531237,0.0,15.870039207380149,430,True
heart_left_ventricle,raw,ENSG00000223849.1,ENSG00000223849,-2.418739381492197,22.662996793344803,-0.5983158557004512,1.4645910269658073,331.505653059133,2.2582240708883567,0.0,0.38786743479885843,0.9214007644955396,-1.0,1.7403512304441655,-0.14087074017727838,0.57396136016432,0.548906405194567,-0.23650505688224444,-1.0,1.7403512304441655,20.89304836563681,0.0,19.25087073674004,452,True
kidney_cortex,excluded_at_or_below_-1,ENSG00000223849.1,ENSG00000223849,0.5931962447982244,4.580641508279404,-0.26664676304834073,0.6221843412608747,105.6130503177969,3.915524589194849,0.0,1.4638776124548412,0.34219678976251705,-0.9106808412277376,1.455991282602254,-0.10354582696805119,0.5142014953701665,0.7860524568432847,0.3774002895626465,-0.9106808412277376,1.455991282602254,4.578494813955096,0.0,1.5667462272797668,103,True
kidney_cortex,raw,ENSG00000223849.1,ENSG00000223849,0.640359930399633,4.786416748533423,-0.24182364772406592,0.5871595439461651,51.95499045785189,4.089302346564872,0.0,1.82611913765894,0.1885559148992409,-1.0,1.455991282602254,-0.11216557863181993,0.5191949239412047,0.7559757824780085,0.3533849010180732,-1.0,1.455991282602254,4.785296136097425,0.0,0.9022958910056523,104,True
kidney_medulla,excluded_at_or_below_-1,ENSG00000223849.1,ENSG00000223849,,,,,,,,,,,,,,,,,,,,,11,False
kidney_medulla,raw,ENSG00000223849.1,ENSG00000223849,,,,,,,,,,,,,,,,,,,,,11,False
liver,excluded_at_or_below_-1,ENSG00000223849.1,ENSG00000223849,0.8832083817660651,11.916475190537081,-0.25548138772405465,0.5946096902021266,217.00896449504452,3.519995244008836,0.0,1.6487844479689566,0.2553361212056931,-0.9487170035470224,1.2245095678434297,-0.1626843013621483,0.42911110870087527,0.46357397488228236,-0.22280279146248727,-0.9487170035470224,1.2245095678434297,11.892172302339336,0.0,3.0365011483891027,255,True
liver,raw,ENSG00000223849.1,ENSG00000223849,0.8707848651447002,12.004334452479634,-0.26498326519602355,0.6237329522450702,196.920526245757,3.3771840303769487,0.0,1.6665315359553985,0.24689532435855893,-1.0,1.2245095678434297,-0.18505533147842673,0.44440839760691686,0.3778265717207156,-0.2506601934776662,-1.0,1.2245095678434297,11.964273384131255,0.0,2.9539231578895597,262,True
lung,excluded_at_or_below_-1,ENSG00000223849.1,ENSG00000223849,0.8115172057671015,32.80049807628177,0.6671544521537619,0.8290761598139718,429.2690703782795,3.201008622933851,0.0,2.548530343398315,0.03311197141542153,-0.8269096740086979,2.543730951802169,0.6782564373569058,0.6019279357862225,0.10825285729848672,-0.1593469050059495,-0.8269096740086979,2.543730951802169,32.604752966507725,0.0,1.079607648233884,601,True
lung,raw,ENSG00000223849.1,ENSG00000223849,0.6294720691084763,34.33628374646864,0.6659152774202278,0.8455323490213845,491.56781194419744,3.1407815412637246,0.0,2.7863629130440737,0.013498645659946797,-1.0,2.543730951802169,0.6699207265753317,0.6119295117002189,0.04070544705720049,-0.0707694295502983,-1.0,2.543730951802169,34.088430226450484,0.0,0.46014764073067504,604,True
minor_salivary_gland,excluded_at_or_below_-1,ENSG00000223849.1,ENSG00000223849,0.9213902901424441,8.974449791311127,0.41967303277677287,0.6250739226832699,174.16361758262286,3.418110246942229,0.0,2.806996090791157,0.01660015538505686,-0.8210024239648468,1.9304572856408344,0.4463873295390565,0.5255777219345084,0.12316578919493956,-0.16903680344113337,-0.8210024239648468,1.9304572856408344,8.94838519908898,0.0,0.14854458475022003,181,True
minor_salivary_gland,raw,ENSG00000223849.1,ENSG00000223849,0.9213902901424441,8.974449791311127,0.41967303277677287,0.6250739226832699,174.16361758262286,3.418110246942229,0.0,2.806996090791157,0.01660015538505686,-0.8210024239648468,1.9304572856408344,0.4463873295390565,0.5255777219345084,0.12316578919493956,-0.16903680344113337,-0.8210024239648468,1.9304572856408344,8.94838519908898,0.0,0.14854458475022003,181,True
muscle_skeletal,excluded_at_or_below_-1,ENSG00000223849.1,ENSG00000223849,0.8203852448218444,55.72251908949567,-0.714730141316816,0.9288915731352527,801.892558842399,4.5892480453165865,0.0,0.3242819134919754,0.9487846083855679,-0.9277267811294124,2.299605139960436,-0.28112251114786674,0.48002350610056094,1.0675021825197675,1.2563897403237076,-0.9277267811294124,2.299605139960436,55.720621465700546,0.0,52.86686801633516,746,True
muscle_skeletal,raw,ENSG00000223849.1,ENSG00000223849,0.07779323162585801,64.29543319796635,-0.9683976491875618,1.1441042369632304,778.9699278131011,4.039539158209352,0.0,0.039063287835074144,0.9992387052111052,-1.0,2.299605139960436,-0.3443977913402305,0.5016475233351135,0.9739849349626091,1.0217057957522302,-1.0,2.299605139960436,64.27693092792774,0.0,64.22799723536616,818,True
nerve_tibial,excluded_at_or_below_-1,ENSG00000223849.1,ENSG00000223849,0.6823439987417532,40.40316411628603,0.594478961212817,0.7408278392816373,741.2312766332548,3.574784752458063,0.0,2.7163685388529077,0.02334911650157535,-0.8284754559080397,2.467109895126729,0.5902357679988922,0.5389522331169032,-0.009813125733620899,-0.10424794368208712,-0.8284754559080397,2.467109895126729,40.33502739642643,0.0,0.9417872537733942,669,True
nerve_tibial,raw,ENSG00000223849.1,ENSG00000223849,0.49204730633230875,42.71696753950095,0.5949505257304185,0.7455445650911474,599.5083401965047,3.5512741894918567,0.0,3.025440423573197,0.008479210850185393,-1.0,2.467109895126729,0.5878622817779983,0.5420421825345384,-0.03425875371810965,-0.06376665651993818,-1.0,2.467109895126729,42.638465221395904,0.0,0.3615405369405127,670,True
ovary,excluded_at_or_below_-1,ENSG00000223849.1,ENSG00000223849,0.924672352435335,8.249731032088004,0.7480613307896541,0.8630293030427652,92.11016998347114,2.816362766812141,0.0,2.5090553860884874,0.024465313466635323,-0.7830994349988264,2.4667576157261712,0.7686070834045791,0.6742637605551736,0.057692391917546444,-0.2949858502634153,-0.7830994349988264,2.4667576157261712,8.09338298885381,0.0,0.19800715182784234,191,True
ovary,raw,ENSG00000223849.1,ENSG00000223849,0.8767356268549954,8.962352353675202,0.7506572860036436,0.8656444947971627,121.89283694477348,2.8036132329995542,0.0029514189229899635,2.860069337717854,0.0,-1.0,2.4667576157261712,0.7502795488615264,0.694363922007829,-0.04089682756546171,-0.1878565865613373,-1.0,2.4667576157261712,8.812234782121905,0.02600859648978493,0.0,193,True
pancreas,excluded_at_or_below_-1,ENSG00000223849.1,ENSG00000223849,0.9782970677041831,16.56312727059796,0.3630291432676131,0.725219199697722,277.431765656295,2.767893284039409,0.0,2.3624654667133558,0.04056701006807784,-0.8484606632707887,1.7824253403535733,0.35805933712010435,0.5285797080604713,0.022791480895448846,-0.370774112365194,-0.8484606632707887,1.7824253403535733,16.203752639456876,0.0,0.6573377964654901,359,True
pancreas,raw,ENSG00000223849.1,ENSG00000223849,0.952464423483667,17.606589140875286,0.3640301783527323,0.7269507158889326,278.9978457427633,2.7593530497498637,0.0,2.6535911383672857,0.0075294669853692405,-1.0,1.7824253403535733,0.34680470172960626,0.5406241183598975,-0.04823845414352018,-0.2921899737211682,-1.0,1.7824253403535733,17.215380364088414,0.0,0.1296226380919776,362,True
pituitary,excluded_at_or_below_-1,ENSG00000223849.1,ENSG00000223849,1.5405582044819621,17.85500772449519,0.6609873278493972,0.5767340675417439,207.1944409895969,3.7433201059735164,0.0,3.403844133583734,0.0021443153894925783,-0.7271430964874228,2.187560320973714,0.6480716620320196,0.519763281355502,-0.017657331949347013,0.15691590835562508,-0.7271430964874228,2.187560320973714,17.838731401159617,0.0,0.038251866272531077,312,True
pituitary,raw,ENSG00000223849.1,ENSG00000223849,1.3724374652127074,19.56876948685211,0.6619920823777949,0.5930978613559604,217.16954507148583,3.6376447023691503,0.0009500470651495175,3.9629408510794306,0.0,-1.0,2.187560320973714,0.6428062573609907,0.5272245774703341,-0.08491154777613946,0.2753939499704967,-1.0,2.187560320973714,19.56100163107003,0.01858387219098301,0.0,313,True
prostate,excluded_at_or_below_-1,ENSG00000223849.1,ENSG00000223849,-0.1760352091754485,16.140027458262878,1.6565070714794825,1.0902798422114692,251.7282576958016,2.3217086481498237,0.06222597420355074,3.21708333051126,0.0,-0.823684887707525,3.4464150499591764,1.6284674991012411,0.7341217768683226,-0.21767357517954114,-0.09998856645236964,-0.823684887707525,3.4464150499591764,16.048713951560096,0.9986468603499434,0.0,282,True
prostate,raw,ENSG00000223849.1,ENSG00000223849,-0.1760352091754485,16.140027458262878,1.6565070714794825,1.0902798422114692,251.7282576958016,2.3217086481498237,0.06222597420355074,3.21708333051126,0.0,-0.823684887707525,3.4464150499591764,1.6284674991012411,0.7341217768683226,-0.21767357517954114,-0.09998856645236964,-0.823684887707525,3.4464150499591764,16.048713951560096,0.9986468603499434,0.0,282,True
skin_not_sun_exposed_suprapubic,excluded_at_or_below_-1,ENSG00000223849.1,ENSG00000223849,0.5830973130412519,39.83613019684403,0.663063421529831,0.8259606428170196,936.6994586043445,3.767245206955143,0.0,2.585189023729246,0.03458065660791946,-0.8467965067400338,2.8632942463316025,0.6910254357851713,0.5961804562645924,0.17795391386550302,0.0033538594855735404,-0.8467965067400338,2.8632942463316025,39.80301246065821,0.0,1.376414305862761,649,True
skin_not_sun_exposed_suprapubic,raw,ENSG00000223849.1,ENSG00000223849,0.6096248319160033,41.73616617108601,0.6620431992636714,0.8198489103365681,914.6341098684597,3.797088763188653,0.0,2.8669721994065,0.01568338739671121,-1.0,2.8632942463316025,0.6858302731560311,0.6025853787606696,0.1296411120545532,0.06396533769179413,-1.0,2.8632942463316025,41.705048617840774,0.0,0.6540764338722722,651,True
skin_sun_exposed_lower_leg,excluded_at_or_below_-1,ENSG00000223849.1,ENSG00000223849,-1.0132620237386054,43.99120661254368,0.5277666348116853,0.8211904190096884,375.7155161717845,3.07490407434945,0.0,2.4524310826993503,0.040943404301475764,-0.8962848394330202,2.313269074056049,0.5369454710435676,0.5398822922594009,0.10324476279219616,-0.13496171770675192,-0.8962848394330202,2.313269074056049,43.601856305851484,0.0,1.7852084310253278,751,True
skin_sun_exposed_lower_leg,raw,ENSG00000223849.1,ENSG00000223849,-0.6644796106433247,45.21373096186368,0.5241459800802728,0.8106850652971545,412.01922162241317,3.1210666787453616,0.0,2.658822776358751,0.021665457368853072,-1.0,2.313269074056049,0.5308303033868956,0.547435255410816,0.04394564025204953,-0.05157231084546021,-1.0,2.313269074056049,44.866542099794735,0.0,0.9720541551509545,754,True
small_intestine_terminal_ileum,excluded_at_or_below_-1,ENSG00000223849.1,ENSG00000223849,1.317589197377589,11.822125350555076,0.1808245925176148,0.6009771398088359,230.4482690156849,5.171441912166232,0.0,2.4576677980880173,0.04879654472073881,-0.8635736533998971,2.378454746655024,0.3154967988083023,0.5869833156046093,0.5997963731988657,0.3505279271402322,-0.8635736533998971,2.378454746655024,11.822105680604244,0.0,0.5768779085369053,207,True
small_intestine_terminal_ileum,raw,ENSG00000223849.1,ENSG00000223849,1.317589197377589,11.822125350555076,0.1808245925176148,0.6009771398088359,230.4482690156849,5.171441912166232,0.0,2.4576677980880173,0.04879654472073881,-0.8635736533998971,2.378454746655024,0.3154967988083023,0.5869833156046093,0.5997963731988657,0.3505279271402322,-0.8635736533998971,2.378454746655024,11.822105680604244,0.0,0.5768779085369053,207,True
spleen,excluded_at_or_below_-1,ENSG00000223849.1,ENSG00000223849,-0.10788847593889316,12.504176676471728,-0.014172572390230414,0.8153259612304568,104.61968062297832,2.8566972653109657,0.0,1.4407567382358157,0.3430990122729727,-0.8448012721533786,1.632777722638556,0.06514061823077359,0.4922970392941216,0.3893983631281792,-0.2178453193629637,-0.8448012721533786,1.632777722638556,12.29282829151515,0.0,4.217657244860102,265,True
spleen,raw,ENSG00000223849.1,ENSG00000223849,-0.019128005694239305,13.107642636336635,-0.02352948376040809,0.8283308471953609,260.5127733661178,2.8278219055546807,0.0,1.6671331895935009,0.23512538572559769,-1.0,1.632777722638556,0.01899734235074008,0.5282133835519282,0.20758035468479408,-0.24425670022291657,-1.0,1.632777722638556,12.86714670733029,0.0,3.0253928327488886,277,True
stomach,excluded_at_or_below_-1,ENSG00000223849.1,ENSG00000223849,1.710660172462041,17.78804791852023,0.17330582107693832,0.8706061542536954,324.1602409463758,3.512582252411492,0.0,1.6047989769574886,0.27438890323913634,-0.8146269090651526,2.3356919045056705,0.3403506098165793,0.6422326724617549,0.5239657862821783,-0.17439450873475204,-0.8146269090651526,2.3356919045056705,17.75080046127877,0.0,4.870622670187037,398,True
stomach,raw,ENSG00000223849.1,ENSG00000223849,1.9371606092539737,18.836106311708402,0.1820406676574899,0.8430917741659735,401.8030953621692,3.612563757706285,0.0,1.982771027663571,0.13879715455762276,-1.0,2.3356919045056705,0.31071140714250256,0.6650290732541109,0.41368115779483,-0.16839672193851518,-1.0,2.3356919045056705,18.80843845280867,0.0,2.6105577389220196,407,True
testis,excluded_at_or_below_-1,ENSG00000223849.1,ENSG00000223849,0.5976178736973342,20.3246569732321,-0.04262562206478431,0.5027976647883233,412.4019580493104,3.0014343803155836,0.0,2.261871816545088,0.06713882826486971,-0.8467926147084047,1.0244792605285649,-0.025947623734836358,0.3560265651400078,0.17894936014585353,-0.2773459329234753,-0.8467926147084047,1.0244792605285649,20.099704135517957,0.0,1.3494705841292316,406,True
testis,raw,ENSG00000223849.1,ENSG00000223849,1.2088268999891696,21.51004404639664,-0.04124741184729495,0.48717755242134075,619.9708473250566,3.0936669934110617,0.0,2.7831350323653954,0.012551540836638087,-1.0,1.0244792605285649,-0.04476989187522598,0.3772568692965283,-0.03633854101186625,-0.041650984712001904,-1.0,1.0244792605285649,21.33030634067916,0.0,0.2677282110930348,414,True
thyroid,excluded_at_or_below_-1,ENSG00000223849.1,ENSG00000223849,1.119458858047203,39.43268402662594,0.7960706673200973,0.8219969432559774,338.90132256203776,3.3953114592798044,0.0,2.811534540874583,0.016121628774414545,-0.8381045802849755,2.769560184876917,0.756543395317341,0.6108619232277613,-0.10433977854586968,-0.14090834649105677,-0.8381045802849755,2.769560184876917,39.30870011590298,0.0,0.6337202708733738,680,True
thyroid,raw,ENSG00000223849.1,ENSG00000223849,1.5050038610367265,41.11324058550781,0.7966559125923821,0.8075923649357214,523.315377003898,3.4548469008256215,0.0,3.1462099802146977,0.004540528992409026,-1.0,2.769560184876917,0.746271211718994,0.623643487258939,-0.1789817030525077,-0.027938150218214997,-1.0,2.769560184876917,41.00739964357531,0.0,0.18619528698495724,684,True
uterus,excluded_at_or_below_-1,ENSG00000223849.1,ENSG00000223849,1.334398586087484,6.837517061244407,1.6846338595445562,0.8396916881356395,131.91439408961733,3.28969230283743,0.0028661617172995248,3.587291764117816,0.0,-0.445326676396399,3.637894213363472,1.5766659384497732,0.8411517363397926,-0.29670420179488405,-0.21797788589456024,-0.445326676396399,3.637894213363472,6.826443877079873,0.019565692105780075,0.0,153,True
uterus,raw,ENSG00000223849.1,ENSG00000223849,1.334398586087484,6.837517061244407,1.6846338595445562,0.8396916881356395,131.91439408961733,3.28969230283743,0.0028661617172995248,3.587291764117816,0.0,-0.445326676396399,3.637894213363472,1.5766659384497732,0.8411517363397926,-0.29670420179488405,-0.21797788589456024,-0.445326676396399,3.637894213363472,6.826443877079873,0.019565692105780075,0.0,153,True
vagina,excluded_at_or_below_-1,ENSG00000223849.1,ENSG00000223849,1.6506770067443104,9.361146914110295,1.3765529194319823,0.5741020463148757,165.47603496263548,3.781109611184051,0.0007850669340429495,5.24552549071892,0.0,-0.752875759759326,2.911499848861108,1.2278275251048898,0.6906761273842786,-0.31865661346193963,-0.11294670640679971,-0.752875759759326,2.911499848861108,9.361128631968342,0.0073491125542810565,0.0,170,True
vagina,raw,ENSG00000223849.1,ENSG00000223849,1.6506770067443104,9.361146914110295,1.3765529194319823,0.5741020463148757,165.47603496263548,3.781109611184051,0.0007850669340429495,5.24552549071892,0.0,-0.752875759759326,2.911499848861108,1.2278275251048898,0.6906761273842786,-0.31865661346193963,-0.11294670640679971,-0.752875759759326,2.911499848861108,9.361128631968342,0.0073491125542810565,0.0,170,True
whole_blood,excluded_at_or_below_-1,ENSG00000223849.1,ENSG00000223849,0.1605966737788039,7.969228891742214,-0.7290224147350074,0.2847677952995832,165.333172129724,3.8138632192501203,0.0,0.8557931620937391,0.6931584219759502,-0.9013459862845212,0.0389418089269235,-0.6465737713760049,0.16776045216719138,0.9570811035754524,1.09435617557184,-0.9013459862845212,0.0389418089269235,7.963684736123254,0.0,5.520095144805156,144,True
whole_blood,raw,ENSG00000223849.1,ENSG00000223849,3.789475055292745,640.597292793737,-0.9870396268090916,0.01064714174489278,835.5372679216022,136.2766548925572,0.0,1.721470041364984,0.22859340417876375,-1.0,0.0389418089269235,-0.9366209502841154,0.1530488602765024,2.6073067868751414,6.71303812749229,-1.0,0.0389418089269235,636.8166882494319,0.0,145.57209460478418,803,True
adipose_subcutaneous,excluded_at_or_below_-1,ENSG00000223859.2,ENSG00000223859,0.11211996204816825,4.211405778356537,-0.9229079896177934,0.04145751906130551,8.967647124220477,26.429451487568222,0.0,1.8989568853713776,0.16480498843910807,-0.9785757072571126,-0.148131450926501,-0.8599445775193949,0.18191907998558798,3.381591104642883,10.781051132570658,-0.9785757072571126,-0.148131450926501,4.211295298040969,0.0,0.694042472907312,19,True
adipose_subcutaneous,raw,ENSG00000223859.2,ENSG00000223859,2.543503507179523,648.8681389436387,-0.9893904784238152,0.009889330245746425,2172.6842321723743,120.30338724578661,0.0,1.5172037873630588,0.31772341440853297,-1.0,-0.148131450926501,-0.9962730349760064,0.036664568470218484,18.464401551088166,404.9407405630786,-1.0,-0.148131450926501,646.0325534198793,0.0,205.259668691627,714,True
adipose_visceral_omentum,excluded_at_or_below_-1,ENSG00000223859.2,ENSG00000223859,0.6292884533599284,36.97623840017257,-0.9838306610734605,0.19441428255148052,560.7220520106072,5.879896451030978,0.0,-0.07203404488068021,1.0,-0.973928021523562,-0.1755115497180539,-0.8488055578602641,0.11347090395026872,2.033842466120103,6.126195611059067,-0.973928021523562,-0.1755115497180539,36.88042852145338,0.0,36.88042852145338,326,True
adipose_visceral_omentum,raw,ENSG00000223859.2,ENSG00000223859,7.9845742261798405,117369719734.07376,-1.2843187158532403,0.06595331631526773,5835.772087142554,23.775758673136753,0.0,-6.096545351474229,1.0,-1.0,-0.1755115497180539,-0.916031706750334,0.11311687686751938,2.0682369114380625,6.215005881175742,-1.0,-0.1755115497180539,996.9116756137206,0.0,996.9116756137026,587,True
adrenal_gland,excluded_at_or_below_-1,ENSG00000223859.2,ENSG00000223859,0.6424301473644004,17.874439039188413,-0.8533219035200434,0.19490478006398804,221.60738172094682,5.197358833933067,0.0,0.8850030025675444,0.6759646148483726,-0.9752916824563664,-0.1370297483652588,-0.7859914377978101,0.13663452450780414,1.3185857505613636,2.4445361780741033,-0.9752916824563664,-0.1370297483652588,17.87439214479135,0.0,12.082456601802662,265,True
adrenal_gland,raw,ENSG00000223859.2,ENSG00000223859,0.2406936941979523,19.330265222539712,-0.9093632628556293,0.2610376632904136,428.47359364749803,4.184241143977751,0.0,0.4910391140615216,0.8864064395426559,-1.0,-0.1370297483652588,-0.807755020394643,0.14478316390935136,1.119998356795968,1.9031083030363654,-1.0,-0.1370297483652588,19.327209625562773,0.0,17.131763070489644,295,True
artery_aorta,excluded_at_or_below_-1,ENSG00000223859.2,ENSG00000223859,0.4385145177584445,13.200112551670687,-0.9651381008426022,0.14077218187482876,93.99147127750004,4.346611721103406,0.0,-0.09945758818777765,1.0,-0.9552379965968844,-0.5324721782250355,-0.8645421563544502,0.08017380279615868,1.5474784605952774,2.66261227458447,-0.9552379965968844,-0.5324721782250355,13.13394488589784,0.0,13.133944885897842,161,True
artery_aorta,raw,ENSG00000223859.2,ENSG00000223859,4.128205109561362,445.7560141680612,-0.9955717339557734,0.0023171726462223314,956.3589743590218,282.63827190912093,0.0,2.7026531267540115,0.026250407500794805,-1.0,-0.5324721782250355,-0.9537950999429374,0.07947473527227016,2.05930172970711,4.647976040555195,-1.0,-0.5324721782250355,440.3978634032413,0.0,11.560623376814446,472,True
artery_coronary,excluded_at_or_below_-1,ENSG00000223859.2,ENSG00000223859,0.24332363873444643,2.7644113211112478,-0.9253820963519667,0.003365649748890099,10.825570829469662,52.837711248822316,0.0,12.193239115752952,0.0,-0.954400466179524,-0.7996350137839586,-0.9047248794379392,0.04879430521472067,1.1745106707307367,0.0678078047420767,-0.954400466179524,-0.7996350137839586,2.7628268193784575,0.0,0.0,14,True
artery_coronary,raw,ENSG00000223859.2,ENSG00000223859,0.3590138935862591,287.4953814706582,-0.9975263582124213,8.735627769370308e-05,18.97435903531541,3203.669278906908,0.0,40.0458656985443,0.0,-1.0,-0.7996350137839586,-0.9950229414631759,0.023812290072737167,5.661014078749776,35.263184205096714,-1.0,-0.7996350137839586,29.16031436068546,0.0,0.0,268,True
artery_tibial,excluded_at_or_below_-1,ENSG00000223859.2,ENSG00000223859,0.07741595916955574,1.4897162792532643,-0.9529428694938314,0.047118997041938636,13.105134555941609,5.652267039500259,0.0,-0.15586690901339617,1.0,-0.947749670517282,-0.7646197187332411,-0.9059759469950673,0.04874841393254528,1.9274807509305125,2.961101190892215,-0.947749670517282,-0.7646197187332411,1.4717296204133807,0.0,1.4717296204133807,15,True
artery_tibial,raw,ENSG00000223859.2,ENSG00000223859,0.38461538458503985,731.3675128521877,-0.9967560955063165,0.0010712471858181638,23.23076923167008,306.45626583551075,0.0,4.282460472936425,0.00010506049992803201,-1.0,-0.7646197187332411,-0.9979589568812244,0.01536978689797306,9.534428600024166,109.19408170384942,-1.0,-0.7646197187332411,724.9889546618685,0.0,0.07616770201907569,691,True
bladder,excluded_at_or_below_-1,ENSG00000223859.2,ENSG00000223859,0.166535308501735,2.8666118015099817,-0.7840283050130676,0.41423357359772445,58.94728045195279,2.7231839064492815,0.0,0.5846041621295139,0.838972111406806,-0.9552631719822794,0.0136123280179296,-0.6334106600813377,0.22395984174833053,0.7762649524603872,0.22484682507257103,-0.9552631719822794,0.0136123280179296,2.796293496871359,0.0,2.346012259183285,69,True
bladder,raw,ENSG00000223859.2,ENSG00000223859,-0.8802055797811013,4.955238544269795,-1.220601000010247,0.9574671293785774,74.37035150878444,1.8229777021086047,0.0,-0.32583565170539086,1.0,-1.0,0.0136123280179296,-0.6714978642287313,0.2399053480458989,0.670075070241973,0.04397020148204911,-1.0,0.0136123280179296,3.7583971288124074,0.0,3.7583971288124074,77,True
brain_amygdala,excluded_at_or_below_-1,ENSG00000223859.2,ENSG00000223859,,,,,,,,,,,,,,,,,,,,,3,False
brain_amygdala,raw,ENSG00000223859.2,ENSG00000223859,0.07690638736203466,249.39587856364207,-0.9994796889422086,0.0003392491256839488,2.76923078417607,237.09613703086868,0.0,2.168998823793223,0.09656669623577029,-1.0,-0.9426037974002042,-0.9993392513059736,0.005360766504114322,8.718318088045988,79.57358400063818,-1.0,-0.9426037974002042,245.74266607876328,0.0,23.730557387396164,181,True
brain_anterior_cingulate_cortex_ba24,excluded_at_or_below_-1,ENSG00000223859.2,ENSG00000223859,,,,,,,,,,,,,,,,,,,,,3,False
brain_anterior_cingulate_cortex_ba24,raw,ENSG00000223859.2,ENSG00000223859,0.07692511854715399,233.69342573349806,-0.999538470477977,0.00018760676611313283,2.7692307694171934,289.2773162969954,0.0,3.479092588201679,0.002356998097613822,-1.0,-0.9611635154752136,-0.9996102605520568,0.003490569168023106,9.202727369734792,86.12088942203715,-1.0,-0.9611635154752136,233.30204707894072,0.0,0.5498924811344734,233,True
brain_caudate_basal_ganglia,excluded_at_or_below_-1,ENSG00000223859.2,ENSG00000223859,,,,,,,,,,,,,,,,,,,,,9,False
brain_caudate_basal_ganglia,raw,ENSG00000223859.2,ENSG00000223859,0.23076923076923078,337.55328896271664,-0.9991452547551538,0.00026957409181061154,8.923076923076923,397.94231666948775,0.0,4.4840819439157285,4.407693737787148e-05,-1.0,-0.9232904182132264,-0.9985156157439121,0.008869414338135099,6.315789627248557,40.76213573629812,-1.0,-0.9232904182132264,329.5743012387463,0.0,0.01452662583705594,300,True
brain_cerebellar_hemisphere,excluded_at_or_below_-1,ENSG00000223859.2,ENSG00000223859,0.04728118639821634,17.821052412739622,-0.4976891998936861,0.4140410015799941,173.49942695814892,4.629008276041328,0.0,1.6066301860713479,0.275082886026237,-0.968064247275772,0.8575511074599778,-0.46300327527199975,0.2768316142004639,0.7197000012964417,1.732853532316315,-0.968064247275772,0.8575511074599778,17.820548399157268,0.0,4.902127884210419,273,True
brain_cerebellar_hemisphere,raw,ENSG00000223859.2,ENSG00000223859,0.0655748581525832,17.963049830908037,-0.5002649009306563,0.4194174706881113,225.32807519041123,4.578354380715037,0.0,1.6850327039029587,0.24177337883309494,-1.0,0.8575511074599778,-0.47075774061103226,0.2822125794014322,0.6520235074728243,1.5762678480838677,-1.0,0.8575511074599778,17.962523918920976,0.0,4.34286010024781,277,True
brain_cerebellum,excluded_at_or_below_-1,ENSG00000223859.2,ENSG00000223859,1.0683060301015663,11.407558332676969,-0.565366135637539,0.33021930435069285,207.94802736353205,3.276647264009378,0.0,1.7098566903953325,0.22822030877513302,-0.9646182018489968,0.1997320142544243,-0.5077038360581314,0.24399544741990167,0.5653962270604675,-0.07754460843867506,-0.9646182018489968,0.1997320142544243,11.354309119305967,0.0,2.5912839331363164,262,True
brain_cerebellum,raw,ENSG00000223859.2,ENSG00000223859,1.1463120244124747,11.702011351565806,-0.5639456957531043,0.3284020918751775,244.9281886955262,3.2886616787604797,0.0,1.8778014094731033,0.16778805635195349,-1.0,0.1997320142544243,-0.5151067858918438,0.24947613361326354,0.4939577241291983,-0.08335108013180959,-1.0,0.1997320142544243,11.649524934338707,0.0,1.95465114615631,266,True
brain_cortex,excluded_at_or_below_-1,ENSG00000223859.2,ENSG00000223859,,,,,,,,,,,,,,,,,,,,,4,False
brain_cortex,raw,ENSG00000223859.2,ENSG00000223859,0.10256410256410257,395.8631323870137,-0.9970681457051375,0.0006647030694706908,3.5897435922851737,421.41294420202735,0.0,6.237774875928474,3.618150005835629e-09,-1.0,-0.7989972991381398,-0.998881854661195,0.01271768131932543,14.65483830730649,225.2139593925367,-1.0,-0.7989972991381398,388.95117231324775,0.0,1.4072836863748828e-06,270,True
brain_frontal_cortex_ba9,excluded_at_or_below_-1,ENSG00000223859.2,ENSG00000223859,,,,,,,,,,,,,,,,,,,,,1,False
brain_frontal_cortex_ba9,raw,ENSG00000223859.2,ENSG00000223859,0.02564102564065985,281.3100784012859,-0.9992956910433288,0.0002894948251781908,0.9743589751169084,296.7423090337193,0.0,3.4406255034522393,0.00269412027971838,-1.0,-0.9385514264129308,-0.9997715666409402,0.003746585655490029,16.30962082156673,264.00373134328333,-1.0,-0.9385514264129308,280.67268547454626,0.0,0.7561659738999923,269,True
brain_hippocampus,excluded_at_or_below_-1,ENSG00000223859.2,ENSG00000223859,,,,,,,,,,,,,,,,,,,,,3,False
brain_hippocampus,raw,ENSG00000223859.2,ENSG00000223859,0.07692293731713945,282.63856164566806,-0.9993291672514829,0.00035644532709219973,2.7692307772770075,248.63748671605148,0.0,2.6615604103344532,0.029260116784867434,-1.0,-0.9366613548093728,-0.9994793029261272,0.00503589177253166,10.40521568721696,113.32764057139056,-1.0,-0.9366613548093728,279.7081944965563,0.0,8.184294436653083,255,True
brain_hypothalamus,excluded_at_or_below_-1,ENSG00000223859.2,ENSG00000223859,,,,,,,,,,,,,,,,,,,,,3,False
brain_hypothalamus,raw,ENSG00000223859.2,ENSG00000223859,0.07692307692307665,270.2350942268266,-0.9991570109200028,0.00031177007011119295,2.7692307692307736,330.315440340508,0.0,3.8238647777822092,0.0006703600023415694,-1.0,-0.9263374094582816,-0.9993316583005931,0.00629871271425496,9.713290393362357,96.19578861888645,-1.0,-0.9263374094582816,269.3514555571008,0.0,0.18056244237796282,257,True
brain_nucleus_accumbens_basal_ganglia,excluded_at_or_below_-1,ENSG00000223859.2,ENSG00000223859,0.06929276099383229,3.547620733988151,-1.0489485034855062,0.06704496583725711,8.712328897383399,4.23474483735381,0.0,-1.5339306422074657,1.0,-0.9762279963147584,-0.8481879320245288,-0.9424723212647218,0.03750530411678914,1.5952632336619936,1.6816435788302018,-0.9762279963147584,-0.8481879320245288,1.0935088363390841,0.0,1.093508836339084,11,True
brain_nucleus_accumbens_basal_ganglia,raw,ENSG00000223859.2,ENSG00000223859,0.28205128205126756,292.1483462569422,-0.998278867677402,0.0006914933985782323,11.897435897436672,306.95974426651986,0.0,3.519988301061822,0.0020512786565454826,-1.0,-0.8481879320245288,-0.9977796334523227,0.01314400100519391,7.75785352583935,70.73464191877378,-1.0,-0.8481879320245288,290.4393666799771,0.0,0.595772073891224,285,True
brain_putamen_basal_ganglia,excluded_at_or_below_-1,ENSG00000223859.2,ENSG00000223859,,,,,,,,,,,,,,,,,,,,,10,False
brain_putamen_basal_ganglia,raw,ENSG00000223859.2,ENSG00000223859,0.25641025641021786,284.67545295722346,-0.9989532255846911,0.00046010636599590074,7.435897435917192,298.75298519466014,0.0,3.2174355416069305,0.005756756926371036,-1.0,-0.9017556353440184,-0.9979441473124367,0.0111102007895877,5.998538594933057,37.931483618447466,-1.0,-0.9017556353440184,279.439282843447,0.0,1.608664027009274,254,True
brain_spinal_cord_cervical_c-1,excluded_at_or_below_-1,ENSG00000223859.2,ENSG00000223859,0.16572448580500146,795953131346.6475,-2.9944184144019195,0.39566125338261304,21.636285274400525,8.260993971025542,0.0,-7.23244546144165,1.0,-0.9709627550646258,-0.6832008474614382,-0.9093301698818819,0.06641919658280221,1.750855282794248,3.3558170798520814,-0.9709627550646258,-0.6832008474614382,3.4845049791047673,0.0,3.48450497910473,25,True
brain_spinal_cord_cervical_c-1,raw,ENSG00000223859.2,ENSG00000223859,0.6410256410253503,204.81485306897713,-0.9964897247842136,0.0012092409242394566,38.974358974810066,366.3929746085691,0.0,4.105285157256603,0.00022452959569162754,-1.0,-0.6832008474614382,-0.988888501211015,0.037548965853617486,4.633770531686121,26.171307497425445,-1.0,-0.6832008474614382,199.72198693781607,0.0,0.04484349697787626,204,True
brain_substantia_nigra,excluded_at_or_below_-1,ENSG00000223859.2,ENSG00000223859,0.1314958616241615,254127272672.76553,-1.2784453522410597,0.0623298428823451,4.7707776682057395,9.747603775297934,0.0,-7.133033645885888,1.0,-0.9640650646722612,-0.8488308810192181,-0.9324833457587482,0.038190353072121236,1.2167609934811674,0.24694074887027506,-0.9640650646722612,-0.8488308810192181,2.2728090991634717,0.0,2.2728090991634717,10,True
brain_substantia_nigra,raw,ENSG00000223859.2,ENSG00000223859,0.25642034556154725,198.85550963309313,-0.998140201344341,7.946654058384744e-05,9.435897439867283,2657.159406224581,0.0,33.097608915554225,0.0,-1.0,-0.8488308810192181,-0.9963105653420081,0.017575665427165384,5.767890777671925,36.98088800654069,-1.0,-0.8488308810192181,50.231302908815664,0.0,0.0,183,True
breast_mammary_tissue,excluded_at_or_below_-1,ENSG00000223859.2,ENSG00000223859,1.182607021748845,10.644829941791878,-0.9303400289261956,0.07494414247239328,165.70520749827955,6.858509878555715,0.0,0.873469467239415,0.6828600966803902,-0.9766282430543572,-0.5668835078161312,-0.8744065915851182,0.08825434547888869,1.5253640615280026,2.0081345056671402,-0.9766282430543572,-0.5668835078161312,10.644732240686768,0.0,7.268862887012232,159,True
breast_mammary_tissue,raw,ENSG00000223859.2,ENSG00000223859,3.914571198518699,329.8554355839665,-0.9946111321644924,0.004868974872754619,1322.1003966406793,124.23522880348244,0.0,1.5652185887127983,0.29510237670573863,-1.0,-0.5668835078161312,-0.9611491207432565,0.07599665470606969,2.526604212544057,6.97577460799506,-1.0,-0.5668835078161312,328.36730443308585,0.0,96.90197197066045,514,True
cells_cultured_fibroblasts,excluded_at_or_below_-1,ENSG00000223859.2,ENSG00000223859,0.36328094805656574,2.1665567439213445,-0.9409608853793625,0.02520359808649857,21.0962551395812,7.966715796711377,0.0,1.750997669405896,0.21588794003712755,-0.9721665269346929,-0.7989809833674337,-0.9161460151150774,0.04540920670392969,1.1623729593657104,0.33997040295754166,-0.9721665269346929,-0.7989809833674337,2.1665554069637194,0.0,0.46773318378569795,36,True
cells_cultured_fibroblasts,raw,ENSG00000223859.2,ENSG00000223859,0.9230769230743481,717.037512521762,-0.9971498903238426,0.0008614368930724638,46.769230769412374,325.33219567464084,0.0,4.679000621736574,1.8280680111267594e-05,-1.0,-0.7989809833674337,-0.9953700253744521,0.021868438647799356,5.695783258091911,36.08173082475278,-1.0,-0.7989809833674337,691.0903282380442,0.0,0.012633601218510537,652,True
cells_ebv-transformed_lymphocytes,excluded_at_or_below_-1,ENSG00000223859.2,ENSG00000223859,,,,,,,,,,,,,,,,,,,,,2,False
cells_ebv-transformed_lymphocytes,raw,ENSG00000223859.2,ENSG00000223859,-0.3917447521238431,304.827780587445,-0.9994085708010699,0.0006635777799069702,522.9892304016728,102.69378676146596,0.0,1.2604508765009477,0.4523372238901342,-1.0,-0.9512225564376782,-0.9997324024998424,0.0034390391590086266,12.918648101573723,166.9353138747968,-1.0,-0.9512225564376782,304.5106506527961,0.0,137.74150236126573,327,True
cervix_ectocervix,excluded_at_or_below_-1,ENSG00000223859.2,ENSG00000223859,0.19669249576695397,4036390815171.4097,-4.876115564781507,0.7414997130536827,6.750456079477801,9.534971409253503,0.0,-7.4827436260717315,1.0,-0.9527673525949522,0.123255641977787,-0.6699061645493145,0.32677048535005543,1.3811903391283307,0.7901151620640792,-0.9527673525949522,0.123255641977787,2.8028757205755603,0.0,2.8028757205755603,15,True
cervix_ectocervix,raw,ENSG00000223859.2,ENSG00000223859,0.3561704888533192,412434021873.91376,-1.644433443526756,0.13278502954256205,12.623425106181516,18.82659428846322,0.0,-6.863473382669327,1.0,-1.0,0.123255641977787,-0.7936913528433215,0.302727903008774,1.8512207258644138,2.6431829337364627,-1.0,0.123255641977787,24.329963233878765,0.0,24.32996323387833,24,True
cervix_endocervix,excluded_at_or_below_-1,ENSG00000223859.2,ENSG00000223859,0.13574709728675366,408.28918862749805,-2.5957342519046467,0.708183143741651,16.18569170351323,4.896077950624389,0.0,-3.2947775898852227,1.0,-0.9458377909917022,-0.1439688556945527,-0.7253870187228189,0.2334582437446441,1.4045515298651587,0.9896983245903761,-0.9458377909917022,-0.1439688556945527,1.7910039384243313,0.0,1.7910039384243315,18,True
cervix_endocervix,raw,ENSG00000223859.2,ENSG00000223859,0.4615384609866989,1196.8423133344343,-1.0088496107834617,0.008279992282608277,19.692307718728514,147.72068039862012,0.0,-1.5115037749470477,1.0,-1.0,-0.1439688556945527,-0.7850854929135104,0.23564595402689065,1.4754079184089535,1.4923980602666154,-1.0,-0.1439688556945527,381.88523485413845,0.0,381.88523485413054,23,True
colon_sigmoid,excluded_at_or_below_-1,ENSG00000223859.2,ENSG00000223859,0.9359289762011084,20.303701104391035,-0.5787764665408246,0.3956124895737013,335.4863821141771,3.708833774304924,0.0,1.3776352744639513,0.3865199764644609,-0.9641565358287258,0.4587337100732984,-0.5079430262031033,0.2694374963371673,0.6259921482813545,0.1826485717862334,-0.9641565358287258,0.4587337100732984,20.282737967738026,0.0,7.839683401924929,404,True
colon_sigmoid,raw,ENSG00000223859.2,ENSG00000223859,0.8365982293139166,20.716913450190322,-0.5880370518119162,0.4166813872455332,310.4853106255547,3.552732263707701,0.0,1.3981992149303477,0.37512326103666443,-1.0,0.4587337100732984,-0.5255584309929683,0.2799444566688899,0.5322140452967531,0.08646415818355191,-1.0,0.4587337100732984,20.67926617510341,0.0,7.757273763449981,419,True
colon_transverse,excluded_at_or_below_-1,ENSG00000223859.2,ENSG00000223859,-0.39078799554936194,36.400872540614635,-1.4793627596315406,0.8627489353907284,306.49302695807955,3.12805521417035,0.0,-0.8034298059605199,1.0,-0.98922588907963,0.4289249118148697,-0.6658939813512768,0.2596278238095258,1.1282552581034357,1.3326502524719688,-0.98922588907963,0.4289249118148697,26.086736667196824,0.0,26.086736667196828,314,True
colon_transverse,raw,ENSG00000223859.2,ENSG00000223859,6.639215692402142,874575580103.039,-2.051940376588878,0.2261529201381532,1857.5358802526748,15.513721136733277,0.0,-6.578152280638514,1.0,-1.0,0.4289249118148697,-0.7809826934119016,0.26343460047281225,1.3975599411161763,1.8292864715401507,-1.0,0.4289249118148697,351.06129599469966,0.0,351.06129599469966,479,True
esophagus_gastroesophageal_junction,excluded_at_or_below_-1,ENSG00000223859.2,ENSG00000223859,-0.3490464078650294,19.36280802338116,-0.8721347332277958,0.2836422779437079,240.38609719444483,3.160217417237976,0.0,0.4839191726456988,0.8887550943495133,-0.9691921650908688,-0.2383045318552241,-0.774649149662112,0.1367056416346712,0.9746710366074794,1.4049988899833679,-0.9691921650908688,-0.2383045318552241,19.23141530888039,0.0,17.092018327318666,351,True
esophagus_gastroesophageal_junction,raw,ENSG00000223859.2,ENSG00000223859,-4.087363792515478,44.1456758399694,-1.417480073363724,0.7114941044246222,1382.097489891337,2.3438086596213394,0.0,-0.8298114883874524,1.0,-1.0,-0.2383045318552241,-0.8037266787379687,0.14829822440256735,0.8066881348831695,0.860576949372378,-1.0,-0.2383045318552241,28.455549098491634,0.0,28.455549098491634,403,True
esophagus_mucosa,excluded_at_or_below_-1,ENSG00000223859.2,ENSG00000223859,1.1850451696518032,12.991180655924964,-0.9330205493476932,0.05153555853821731,145.74533489969016,7.355566332586451,0.0,1.263756847050482,0.44998658558396587,-0.9790732932203764,-0.6649753054040185,-0.9010663111457086,0.06352303785299379,1.7542935602771235,3.298690537346273,-0.9790732932203764,-0.6649753054040185,12.991139373110983,0.0,5.845838449351634,183,True
esophagus_mucosa,raw,ENSG00000223859.2,ENSG00000223859,4.815816607234146,390.83455664869325,-0.9958475896034581,0.004065643764081499,2511.979471830862,115.09224587312679,0.0,1.4443948953937886,0.35354919932819023,-1.0,-0.6649753054040185,-0.9705132490874019,0.05700132412842098,2.511182866580537,7.380902021961987,-1.0,-0.6649753054040185,389.5057627079143,0.0,137.70945053909873,614,True
esophagus_muscularis,excluded_at_or_below_-1,ENSG00000223859.2,ENSG00000223859,0.1645087069769085,28.66352796362365,-0.8688520260696558,0.2670830058907689,624.5921760689027,3.697843325439476,0.0,0.5081884234405025,0.8787345624470484,-0.9648265629448528,-0.1704913704030423,-0.7699714384607714,0.13937992602719737,1.0374214480570831,1.4125422301222539,-0.9648265629448528,-0.1704913704030423,28.632665034858558,0.0,25.160512381099338,481,True
esophagus_muscularis,raw,ENSG00000223859.2,ENSG00000223859,-3.685228323372584,68.35348702076554,-1.4254989766404984,0.6708214157173288,3404.650457176517,2.6457843116479913,0.0,-0.8970292382472626,1.0,-1.0,-0.1704913704030423,-0.8027740853825865,0.15209403863295723,0.8472460053409137,0.8652328334872501,-1.0,-0.1704913704030423,43.64812975984823,0.0,43.64812975984823,561,True
fallopian_tube,excluded_at_or_below_-1,ENSG00000223859.2,ENSG00000223859,0.2733107634527746,1.2368913427022645,-0.6396381349832844,0.29243776124702214,23.451275624324303,5.185526163073848,0.0,1.1056624752249924,0.5426765183261165,-0.8682722448182002,0.4326494617164222,-0.44749163618165194,0.32794536078548586,1.0446219556404488,0.4563011348002197,-0.8682722448182002,0.4326494617164222,1.2368844692701215,0.0,0.6712281573551557,28,True
fallopian_tube,raw,ENSG00000223859.2,ENSG00000223859,0.29469807103258533,1.3432127378434695,-0.6030224191394793,0.26323774336494676,20.782529263088705,5.564024373375271,0.0,2.1327149808934625,0.10287524791588172,-1.0,0.4326494617164222,-0.4665436487271122,0.3379845414179363,0.9331191685233425,0.4089196291494912,-1.0,0.4326494617164222,1.3432124339801077,0.0,0.1381833121493985,29,True
heart_atrial_appendage,excluded_at_or_below_-1,ENSG00000223859.2,ENSG00000223859,,,,,,,,,,,,,,,,,,,,,2,False
heart_atrial_appendage,raw,ENSG00000223859.2,ENSG00000223859,0.05128205128188331,492.2424480613081,-0.9990172676660101,0.0004051814357924933,1.8974358992421647,300.9144199806154,0.0,3.4300520017490763,0.0028098631454265936,-1.0,-0.9128033181025388,-0.9997064584857058,0.004634381479586497,16.7423050054034,291.100066723851,-1.0,-0.9128033181025388,488.3158879910009,0.0,1.3721008169922364,461,True
heart_left_ventricle,excluded_at_or_below_-1,ENSG00000223859.2,ENSG00000223859,,,,,,,,,,,,,,,,,,,,,4,False
heart_left_ventricle,raw,ENSG00000223859.2,ENSG00000223859,0.10253400970683628,497.6149688930333,-0.9994868543513602,0.0002562651512206652,3.5897436290726223,260.42039694212474,0.0,2.8318229471413603,0.018488313491179024,-1.0,-0.952296900741148,-0.9996760862314058,0.003605603199169023,11.68223986589975,138.98891418719705,-1.0,-0.952296900741148,488.2523929698757,0.0,9.026963304045307,452,True
kidney_cortex,excluded_at_or_below_-1,ENSG00000223859.2,ENSG00000223859,0.6630145540103071,4.123873187750635,-0.946978589748299,0.031856689195876704,37.24955957039566,14.974664471423079,0.0,1.5133397200876084,0.3181926112696061,-0.9810682027977652,-0.6096580855677503,-0.8813962111618301,0.09121892336835766,1.2406090393521436,0.7334666277955613,-0.9810682027977652,-0.6096580855677503,4.123872484827614,0.0,1.3121857544901774,50,True
kidney_cortex,raw,ENSG00000223859.2,ENSG00000223859,1.2820512778340871,58.980884292902985,-0.9957637280245184,0.0019191311082178346,107.89743589745383,284.5224246186102,0.0,3.121721729158292,0.00787676285000222,-1.0,-0.6096580855677503,-0.9429789476739567,0.08662613570679482,1.840983161371262,2.9593375293536734,-1.0,-0.6096580855677503,57.31018660239446,0.0,0.4514187487564352,104,True
kidney_medulla,excluded_at_or_below_-1,ENSG00000223859.2,ENSG00000223859,0.19010801075592534,0.9801402151739699,-0.9607979897182654,0.005983700191088007,5.849073800848213,35.50251339505236,0.0,1.2077861033400417,0.48228848273533126,-0.9659082715948032,-0.8105827734042567,-0.9079595623466792,0.055063730740063085,0.8168323694209862,-0.6324997635755696,-0.9659082715948032,-0.8105827734042567,0.9799826177298084,0.0,0.47263432981190745,10,True
kidney_medulla,raw,ENSG00000223859.2,ENSG00000223859,0.16127581910140434,0.3307470030918644,-0.9383382702799824,0.03708731817847385,9.418937023954054,4.871572419443127,0.0,2.3512849872236723,0.0630154725929267,-1.0,-0.8105827734042567,-0.9163268748606175,0.05915187321190882,0.6432683812918817,-0.5219918854023993,-1.0,-0.8105827734042567,0.33074467911741756,0.0,0.020842032262179955,11,True
liver,excluded_at_or_below_-1,ENSG00000223859.2,ENSG00000223859,0.9531004350992504,14.055541025109697,-0.9377413756073595,0.041871574161389674,103.0654009710201,19.18882904472427,0.0,1.8174982087472364,0.19173686751777064,-0.9915532701192832,-0.369604780263048,-0.8722345390301791,0.11787397974893533,2.145039273685729,5.2742472252876045,-0.9915532701192832,-0.369604780263048,14.055280426576479,0.0,2.694915441075609,103,True
liver,raw,ENSG00000223859.2,ENSG00000223859,2.5113696830983847,29995018954.879585,-1.1631405330104492,0.03916785915766889,603.8956162243819,28.65178357708607,0.0,-5.890430554997038,1.0,-1.0,-0.369604780263048,-0.9497715935882002,0.09664073145401228,3.037235126828297,11.454043637031837,-1.0,-0.369604780263048,876.3022874113542,0.0,876.3022874112827,262,True
lung,excluded_at_or_below_-1,ENSG00000223859.2,ENSG00000223859,1.9998654933397706,27.82756547487701,-0.9103292662898397,0.064690434026779,465.0257327938267,13.023251463232183,0.0,1.2920343021411114,0.43401543440603,-0.969430848969291,-0.3146060940536274,-0.8526501887014818,0.10052172894604912,1.7743267347212994,4.212879126339245,-0.969430848969291,-0.3146060940536274,27.82753384641569,0.0,12.077579190800607,256,True
lung,raw,ENSG00000223859.2,ENSG00000223859,6.684210734634087,326.03537957190036,-0.9914360973566281,0.006443497798448765,3702.3077370323285,148.55008879223433,0.0,1.8795982623002296,0.17220927911979164,-1.0,-0.3146060940536274,-0.9375470998469856,0.09789764182556701,2.0994485536986693,5.551286739976668,-1.0,-0.3146060940536274,323.63161904257095,0.0,55.73236781569202,604,True
minor_salivary_gland,excluded_at_or_below_-1,ENSG00000223859.2,ENSG00000223859,0.16786485420752945,2.9800612766377,-0.9524852199183906,0.04159380727479475,17.86533476172624,7.583993415397934,0.0,0.5752487642312281,0.8475117170087298,-0.9694040127168048,-0.7294303936274846,-0.9206636166172484,0.053029475798274966,2.2009867540049783,4.766315334653062,-0.9694040127168048,-0.7294303936274846,2.9800465076959646,0.0,2.525624332503276,33,True
minor_salivary_gland,raw,ENSG00000223859.2,ENSG00000223859,0.8461546097070265,148.20645249550194,-0.996729671595845,0.001324147729909457,75.07692307743395,285.48043060213485,0.0,3.492769483421894,0.0022585867417747947,-1.0,-0.7294303936274846,-0.9855353555158519,0.03799332920928589,3.699240916997682,16.98103394857691,-1.0,-0.7294303936274846,147.21629732040236,0.0,0.3325007773010369,181,True
muscle_skeletal,excluded_at_or_below_-1,ENSG00000223859.2,ENSG00000223859,0.20221198081496192,0.3382343601765661,-0.9666705676350498,0.015501963141874362,9.748511774516205,6.049253120034272,0.0,0.8088718509037058,0.7209909249672444,-0.9755370514199796,-0.9003614178731978,-0.9433640117360037,0.026248718249639875,0.5042520598142136,-1.2328941151475659,-0.9755370514199796,-0.9003614178731978,0.33823161278261404,0.0,0.24386192335329976,12,True
muscle_skeletal,raw,ENSG00000223859.2,ENSG00000223859,0.3076923076923077,916.6608595659193,-0.9988795290932678,0.0003480123514247712,10.307692307692307,400.3468510712375,0.0,4.553244004294999,3.198995771152921e-05,-1.0,-0.9003614178731978,-0.9991691542063961,0.007463161264053816,10.164350155034018,110.72306853811361,-1.0,-0.9003614178731978,902.1768918742926,0.0,0.028860600619377286,818,True
nerve_tibial,excluded_at_or_below_-1,ENSG00000223859.2,ENSG00000223859,0.07850453320652527,406255472497.9194,-2.254574390200024,0.2554644480468427,5.619365484583321,8.67984544091364,0.0,-7.189496487932693,1.0,-0.9558591177043592,-0.686641523699965,-0.9025399229035481,0.0747672866701816,2.187100797785685,3.986598737492354,-0.9558591177043592,-0.686641523699965,2.424949865378719,0.0,2.424949865378719,12,True
nerve_tibial,raw,ENSG00000223859.2,ENSG00000223859,0.3076923073303347,727.0051914163475,-0.9966219098730874,0.001702450698225852,16.3076923239874,257.49847948755263,0.0,2.8061551957875306,0.019890757796787017,-1.0,-0.686641523699965,-0.998254446380362,0.01610094078357999,13.547885495271313,225.86569461792715,-1.0,-0.686641523699965,712.7852724639487,0.0,14.17783921569723,670,True
ovary,excluded_at_or_below_-1,ENSG00000223859.2,ENSG00000223859,0.38527251047351485,7.969757021395387,-0.9048137012864413,0.18141790955862466,111.71233947926478,4.836319338959838,0.0,0.4149883135664798,0.9174987596046872,-0.9580491632715158,-0.2844017862997496,-0.8085694160802865,0.1215555298637329,1.5489208562844419,3.270393258611632,-0.9580491632715158,-0.2844017862997496,7.969655931517639,0.0,7.312149431643572,116,True
ovary,raw,ENSG00000223859.2,ENSG00000223859,2.9743589707906044,113.39779773949608,-0.9910589294922377,5.98283375475722e-06,562.974358974359,167038.59020919705,,2113.4772739017494,,-1.0,-0.2844017862997496,-0.8849432759860789,0.13297800624884823,1.4262735493455245,2.5302040264020205,-1.0,-0.2844017862997496,0.0,0.0,0.0,193,True
pancreas,excluded_at_or_below_-1,ENSG00000223859.2,ENSG00000223859,1.921474878357371,17.73577611637056,-0.6213249977717116,0.2965861945424715,445.19043874406293,4.38178198804562,0.0,1.658326149788927,0.25278590386540173,-0.9691060226197896,0.2976140364208794,-0.5430732995724399,0.2544508233085831,0.8067121295535481,0.4845091268090602,-0.9691060226197896,0.2976140364208794,17.73438668274011,0.0,4.483002967095001,357,True
pancreas,raw,ENSG00000223859.2,ENSG00000223859,1.9516398117098284,18.05703341266133,-0.6211251714187703,0.29861900960791016,434.3648592189909,4.351007156968112,0.0,1.7942927401871724,0.19987707955387746,-1.0,0.2976140364208794,-0.5493844418435389,0.2582639153962741,0.7574225221079917,0.4442618832849341,-1.0,0.2976140364208794,18.055624045679753,0.0,3.608905403773235,362,True
pituitary,excluded_at_or_below_-1,ENSG00000223859.2,ENSG00000223859,0.32345353389884557,4.4775421120204975,-1.020017581006795,0.11729435643625263,27.271087111404626,3.8197629340470236,0.0,-0.7821747595139454,1.0,-0.955144292078694,-0.7032078381159985,-0.884594726615192,0.06343778582472591,1.1346745617912795,0.44038423263072346,-0.955144292078694,-0.7032078381159985,3.2944971779592804,0.0,3.294497177959279,45,True
pituitary,raw,ENSG00000223859.2,ENSG00000223859,1.1842107514811528,254.55869158034295,-0.996290279920741,0.0025513017872931727,223.48016903195816,162.45869702989467,0.0,2.0563370726369907,0.1218077747246314,-1.0,-0.7032078381159985,-0.9834081875325354,0.047034945706727435,3.309997962567605,11.494862829478354,-1.0,-0.7032078381159985,252.29056029696943,0.0,30.73095173380427,313,True
prostate,excluded_at_or_below_-1,ENSG00000223859.2,ENSG00000223859,0.1552472185400555,18.40376893841904,-1.024782860394966,0.37509490954975694,130.22434120756088,4.085914069392781,0.0,-0.22210129336658435,1.0,-0.965874455920024,0.0589329298250087,-0.7644738028468079,0.1667749286420486,1.489352889295601,3.3946009873990093,-0.965874455920024,0.0589329298250087,17.95103928524318,0.0,17.95103928524318,203,True
prostate,raw,ENSG00000223859.2,ENSG00000223859,5.087165323427536,281503932086.7677,-1.415332522961778,0.09124353249980938,1677.1120850783423,22.85012581986062,0.0,-6.437375568163245,1.0,-1.0,0.0589329298250087,-0.8304545460209292,0.17669426319933365,1.4072021894563485,2.780384903531603,-1.0,0.0589329298250087,282.45243083207276,0.0,282.45243083206174,282,True
skin_not_sun_exposed_suprapubic,excluded_at_or_below_-1,ENSG00000223859.2,ENSG00000223859,0.37610831839448466,9.394343507815693,-0.964371023539166,0.11594755917811733,167.80474523351114,4.873334200520667,0.0,0.07655399249536683,0.9970763847486078,-0.9706474790981716,-0.5648194843349745,-0.8858255586573174,0.0775609726102534,1.7919313797329017,3.8593596022121526,-0.9706474790981716,-0.5648194843349745,9.394255723492828,0.0,9.366790534184146,116,True
skin_not_sun_exposed_suprapubic,raw,ENSG00000223859.2,ENSG00000223859,2.974358968700178,561.857187650388,-0.9950222427091376,0.00197797067767729,582.9743589743766,307.5872571465484,0.0,3.559007193780026,0.0017815091110221332,-1.0,-0.5648194843349745,-0.9796555526946986,0.05455431342680547,3.620428892371476,16.110539949378573,-1.0,-0.5648194843349745,560.19002644176,0.0,0.997983636009725,651,True
skin_sun_exposed_lower_leg,excluded_at_or_below_-1,ENSG00000223859.2,ENSG00000223859,1.2062824911181842,6.175130995950987,-0.9429768564891156,0.01597125459848108,100.31157697941171,16.5949736211461,0.0,2.8700599740897377,0.016267796258415818,-0.9753895413753916,-0.7555634729590834,-0.9082666343844131,0.047907489915834316,1.118257004765574,0.8465773645050425,-0.9753895413753916,-0.7555634729590834,6.17479561918525,0.0,0.1004503170702642,80,True
skin_sun_exposed_lower_leg,raw,ENSG00000223859.2,ENSG00000223859,2.051282696012817,693.16288610548,-0.9971442867306392,0.0011329484672140218,269.89743590200385,301.5555191887855,0.0,3.564670903090674,0.0017407507101285262,-1.0,-0.7555634729590834,-0.9902670169108131,0.032248387861036704,3.8731451329941304,16.28555275822408,-1.0,-0.7555634729590834,693.1625343441586,0.0,1.2066231738940831,754,True
small_intestine_terminal_ileum,excluded_at_or_below_-1,ENSG00000223859.2,ENSG00000223859,0.6490960985028624,1313531315420.0945,-5.106878238818295,0.8233073909061692,75.42303341395042,8.263295269320839,0.0,-7.101003206367535,1.0,-0.972913908253888,-0.2962667092160811,-0.8302414349888189,0.15553961357228244,1.6460867966911132,2.2640792375796694,-0.972913908253888,-0.2962667092160811,14.753561425775358,0.0,14.753561425775358,96,True
small_intestine_terminal_ileum,raw,ENSG00000223859.2,ENSG00000223859,2.375194470499587,27145481010.924236,-1.1944117683202433,0.04621157516475226,419.48855143632227,27.485947385154464,0.0,-5.949586406938443,1.0,-1.0,-0.2962667092160811,-0.9212713901397421,0.13549250829749623,2.4087177193491094,6.088073400022866,-1.0,-0.2962667092160811,558.7416587415753,0.0,558.7416587415754,207,True
spleen,excluded_at_or_below_-1,ENSG00000223859.2,ENSG00000223859,0.34428602001929337,3.78287782578692,-0.9404511837701701,0.04867551527439084,44.967802787456705,6.726682209058972,0.0,0.9863841445322886,0.6147966140041524,-0.9744013294702518,-0.7089269420823772,-0.9111419560313412,0.05191675215519813,1.6170179637453792,3.0111422434799264,-0.9744013294702518,-0.7089269420823772,3.782828400060085,0.0,2.3256700917156854,55,True
spleen,raw,ENSG00000223859.2,ENSG00000223859,1.447368549639737,215.46544047098203,-0.9963656002925576,0.002819887076516587,184.24265131221108,144.1545841237415,0.0,1.8227032565074301,0.19122521145879137,-1.0,-0.7089269420823772,-0.9823567060712051,0.04228907766611729,2.968363817374361,10.222129178479156,-1.0,-0.7089269420823772,214.0009330290408,0.0,40.92237367085696,277,True
stomach,excluded_at_or_below_-1,ENSG00000223859.2,ENSG00000223859,0.9048293647199285,2776886139901.5815,-8.28766339741666,1.4454653850276153,166.64437005168077,7.926358396420422,0.0,-7.164881863475013,1.0,-0.9644492825084402,-0.1861453550334121,-0.7855117106916287,0.16355574983725674,1.1271568726119052,0.8000418506705986,-0.9644492825084402,-0.1861453550334121,19.715083621347425,0.0,19.71508362134721,178,True
stomach,raw,ENSG00000223859.2,ENSG00000223859,4.564102580740687,281.3732223817739,-0.9917580866388372,0.004061630998695401,1069.589743589823,280.5051594846443,0.0,2.8697401755610623,0.016289806547795892,-1.0,-0.1861453550334121,-0.9061943108184518,0.15169296135608532,1.9135530050166738,3.3793611451288017,-1.0,-0.1861453550334121,281.2357754150224,0.0,4.581276375830087,407,True
testis,excluded_at_or_below_-1,ENSG00000223859.2,ENSG00000223859,0.1077139605769305,7.998813745367909,-0.9193959136525133,0.08695075613096818,187.1708380938176,3.107512097765754,0.0,0.7537978209101172,0.7506927845112699,-0.9657420188249364,-0.7283352890227661,-0.8944470702346681,0.04900288096950192,0.8948118352521401,0.8909965619884095,-0.9657420188249364,-0.7283352890227661,7.934822674623643,0.0,5.956614128216384,165,True
testis,raw,ENSG00000223859.2,ENSG00000223859,4.23076923782731,265.67353649183843,-0.9965909669342257,4.619424504242768e-05,648.9230769230769,8212.512565960045,0.0,104.36583153959016,0.0,-1.0,-0.7283352890227661,-0.9579318033543968,0.06025521255558482,1.2843005597944266,0.8689147351083637,-1.0,-0.7283352890227661,4.41113261473447e-08,0.0,0.0,414,True
thyroid,excluded_at_or_below_-1,ENSG00000223859.2,ENSG00000223859,0.49090521157598405,11.36086215133273,-0.9490978374259151,0.09232730581868337,59.712407533370985,6.542810781375115,0.0,0.1520127034934485,0.9885223937118714,-0.9590220269098666,-0.5219487080453897,-0.8800778794151785,0.0781785059659126,2.17372816328536,5.998632484234177,-0.9590220269098666,-0.5219487080453897,11.360749121186483,0.0,11.230354915635303,115,True
thyroid,raw,ENSG00000223859.2,ENSG00000223859,2.9487179343724144,613.4773234057877,-0.9945638459031512,0.001901928302940737,683.8974359126942,351.42162651864305,0.0,4.042151767249548,0.0002849375975880559,-1.0,-0.5219487080453897,-0.9798376551648326,0.05508605840352326,3.8210429883564303,18.993757324970684,-1.0,-0.5219487080453897,609.6519396410285,0.0,0.17371275904621308,684,True
uterus,excluded_at_or_below_-1,ENSG00000223859.2,ENSG00000223859,0.02063682177812479,8.858037099414087,-0.7293964734604934,0.3999364829089659,77.83157400670984,4.159541022445775,0.0,0.7595526548488588,0.7493789341729067,-0.9441962925590176,0.4469125729900538,-0.6190408999161869,0.2266355292141102,1.1249180166833772,2.6045037311531027,-0.9441962925590176,0.4469125729900538,8.856415182986655,0.0,6.636810970419288,141,True
uterus,raw,ENSG00000223859.2,ENSG00000223859,-0.0949774372987092,9.22571666915885,-0.7714496395401518,0.4558603246615865,122.1433998180596,3.779719952865423,0.0,0.7090308192263114,0.7775679373549997,-1.0,0.4469125729900538,-0.6489200450207997,0.2405568933523462,0.927387021493923,1.9333017876406027,-1.0,0.4469125729900538,9.2183877861387,0.0,7.1679227766063915,153,True
vagina,excluded_at_or_below_-1,ENSG00000223859.2,ENSG00000223859,0.49719916080211374,1050493752136.0503,-10.063766493791269,1.8195288383491828,91.45969832112002,7.830334565595981,0.0,-7.0744623547078325,1.0,-0.9617548792182709,0.0107511993614686,-0.7376901471480497,0.2221253609531703,1.5365591514164443,2.0488111808929297,-0.9617548792182709,0.0107511993614686,14.192144152427325,0.0,14.192144152427327,124,True
vagina,raw,ENSG00000223859.2,ENSG00000223859,3.1248504597629965,179434691247.65698,-1.3695058067713217,0.08118612171315591,568.2056153010574,24.043249467318322,0.0,-6.436569604321132,1.0,-1.0,0.0107511993614686,-0.8086681073315186,0.22264466360944027,1.6547585521030566,2.652456231941594,-1.0,0.0107511993614686,180.97574304777717,0.0,180.97574304777976,170,True
whole_blood,excluded_at_or_below_-1,ENSG00000223859.2,ENSG00000223859,,,,,,,,,,,,,,,,,,,,,9,False
whole_blood,raw,ENSG00000223859.2,ENSG00000223859,-0.6385587524482648,726.8798163846673,-0.9980973882209726,0.0019843502343797627,4883.304896848852,108.34820152535613,0.0,1.3559599183721964,0.3998843137058256,-1.0,-0.846068879365006,-0.9989301191766546,0.010650027229668796,10.860403932804642,125.14454858632803,-1.0,-0.846068879365006,724.8954870920479,0.0,289.8743343642537,803,True
adipose_subcutaneous,excluded_at_or_below_-1,ENSG00000223861.1,ENSG00000223861,1.6868594676224091,36.881659251491634,-0.7397412148283218,0.30975669644918064,1801.322712734824,5.103755676534848,0.0,0.994600395236698,0.6098077747434011,-0.9575895942474768,0.3781398039297994,-0.6345311318106017,0.22066379659662785,1.1310653726771214,1.4817754809269639,-0.9575895942474768,0.3781398039297994,36.881397524783836,0.0,22.49056295401521,577,True
adipose_subcutaneous,raw,ENSG00000223861.1,ENSG00000223861,-3.5884114014160167,2711510689869.7095,-21.87633140522155,4.231369027007166,10185.445754142787,7.437917800727455,0.0,-6.977314154691356,1.0,-1.0,0.3781398039297994,-0.7046561107208923,0.2451050351343215,0.9115788077225747,0.8742112105074535,-1.0,0.3781398039297994,70.12242434208376,0.0,70.12242434208375,714,True
adipose_visceral_omentum,excluded_at_or_below_-1,ENSG00000223861.1,ENSG00000223861,0.6382495608437764,44.534468970212586,-1.0415362186834638,0.6492977636679491,615.9005311152162,4.186513023411174,0.0,-0.24896026279723735,1.0,-0.9272328728682968,0.8805875792995206,-0.5699522907285931,0.30089487455201436,1.507807065191643,3.0133590115674727,-0.9272328728682968,0.8805875792995206,43.168522665175196,0.0,43.168522665175196,481,True
adipose_visceral_omentum,raw,ENSG00000223861.1,ENSG00000223861,-0.9580537946738983,1837727837524.6648,-21.46208796809705,4.178780064722939,3829.255947083281,7.561373005861919,0.0,-6.9249306904772,1.0,-1.0,0.8805875792995206,-0.6476099690638045,0.3187053266990152,1.3404944842997488,2.4599667298813266,-1.0,0.8805875792995206,70.26089086378721,0.0,70.26089086378721,587,True
adrenal_gland,excluded_at_or_below_-1,ENSG00000223861.1,ENSG00000223861,-0.19965619762560213,18.524607319604595,-1.1280897932088128,0.635785097929175,216.92627151139305,2.894571956529909,0.0,-0.4356458206925702,1.0,-0.932237392877787,0.1732169993503585,-0.6503639270382712,0.2184712298689377,0.9138968920181897,0.3518692842725182,-0.932237392877787,0.1732169993503585,16.56678540024655,0.0,16.56678540024655,241,True
adrenal_gland,raw,ENSG00000223861.1,ENSG00000223861,-0.41601210374551023,3348334787361.7544,-19.40748711598398,3.6414147523190983,1669.2523453630554,7.604543619505253,0.0,-7.148902198535213,1.0,-1.0,0.1732169993503585,-0.7143651064956723,0.23938703583677284,0.8162623567609417,0.17427241206303679,-1.0,0.1732169993503585,25.810234070313896,0.0,25.810234070313427,295,True
artery_aorta,excluded_at_or_below_-1,ENSG00000223861.1,ENSG00000223861,0.9880630930867783,28.426877496465835,-0.7407438034893546,0.4561221862675371,767.8991617117376,5.497496462316939,0.0,0.5816797102277116,0.844364848520747,-0.9283512682992104,1.03234773806137,-0.5359500991988579,0.29472256717297807,1.3187894298484724,2.4878970964173464,-0.9283512682992104,1.03234773806137,28.426724731445276,0.0,24.002527121807763,377,True
artery_aorta,raw,ENSG00000223861.1,ENSG00000223861,-1.0261977875070192,6070562463424.663,-24.703094648270127,4.704722769016269,4171.907578882643,7.735931200050603,0.0,-7.125018745537231,1.0,-1.0,1.03234773806137,-0.6293499733007827,0.3225426238346302,1.0956758887240192,1.6776766974723012,-1.0,1.03234773806137,56.87118165738372,0.0,56.87118165738372,472,True
artery_coronary,excluded_at_or_below_-1,ENSG00000223861.1,ENSG00000223861,0.26420788453873145,18.800928571521478,-0.9521248169972794,0.46659195094034606,145.420597374709,4.774271393947702,0.0,-0.10945602255266303,1.0,-0.916011955076115,0.6230521317251603,-0.6391936381082447,0.24149839981087395,1.770247339557076,4.695079256229556,-0.916011955076115,0.6230521317251603,18.688430671857805,0.0,18.68843067185781,195,True
artery_coronary,raw,ENSG00000223861.1,ENSG00000223861,1.3728051124953415,8756912746088.874,-11.254756000779759,2.0111257623614787,2545.95886894558,8.352415182892319,0.0,-7.21109305372369,1.0,-1.0,0.6230521317251603,-0.7374729829518946,0.2612920221759229,1.4775962180931672,3.4270465350519546,-1.0,0.6230521317251603,44.736694499195366,0.0,44.736694499195046,268,True
artery_tibial,excluded_at_or_below_-1,ENSG00000223861.1,ENSG00000223861,1.3112672253411541,29.22237890417469,-0.7020533193333222,0.34968160298558104,1018.2862633096454,3.800058379213829,0.0,0.9538394056762498,0.6342414505655689,-0.9379017804440996,0.2375576000051225,-0.5993331636531543,0.22068849126302031,0.8665148537713694,0.5214040872396772,-0.9379017804440996,0.2375576000051225,29.20096695636379,0.0,18.520463640321417,564,True
artery_tibial,raw,ENSG00000223861.1,ENSG00000223861,-11.903558347750208,1189421543391.7283,-35.23239173145769,7.033571872255529,10733.749558924035,7.13180789395349,0.0,-6.882976891166865,1.0,-1.0,0.2375576000051225,-0.6729723651235585,0.25269767457559045,0.6363375703096286,0.06063652171198708,-1.0,0.2375576000051225,50.63163481434836,0.0,50.631634814348374,691,True
bladder,excluded_at_or_below_-1,ENSG00000223861.1,ENSG00000223861,0.35154810354969007,3.395620642718687,-0.42451432555182445,0.8234363896147524,59.61560128311328,3.6231935297551874,0.0,0.8334130053234786,0.7061869237607601,-0.9097752609723384,1.6851171179557505,-0.1050369080837983,0.5608289369345585,0.8704629879314699,0.3440867932090428,-0.9097752609723384,1.6851171179557505,3.390830876356179,0.0,2.394560425566972,75,True
bladder,raw,ENSG00000223861.1,ENSG00000223861,0.3890143982951863,3.419892609197574,-0.3954054952548191,0.7909872859101722,49.293025072933574,3.7197858282142366,0.0,1.0809601665885433,0.5570929186635571,-1.0,1.6851171179557505,-0.1282827026790243,0.5716488473636604,0.8214121360671165,0.300024479447234,-1.0,1.6851171179557505,3.4165071908428177,0.0,1.9033119625816561,77,True
brain_amygdala,excluded_at_or_below_-1,ENSG00000223861.1,ENSG00000223861,0.5595387012090838,2.7084198113577838,-0.8962080658533922,0.11553491277173186,55.4894237739051,3.509610777911135,0.0,0.569047420088212,0.8502066898581996,-0.942696690904158,-0.609488587355194,-0.8310423656966187,0.08549177438590619,0.9212623359942625,0.17821065679556236,-0.942696690904158,-0.609488587355194,2.702679877868242,0.0,2.297836512708721,70,True
brain_amygdala,raw,ENSG00000223861.1,ENSG00000223861,1.7948717976009463,158.54708814891112,-0.9954019251401961,0.0004639999033307476,100.35897499799523,1176.2154954743364,0.0,14.014355996335318,0.0,-1.0,-0.609488587355194,-0.9346572685014548,0.09802967862963997,1.4376035410108778,1.262874679069399,-1.0,-0.609488587355194,157.67286635745432,0.0,0.0,181,True
brain_anterior_cingulate_cortex_ba24,excluded_at_or_below_-1,ENSG00000223861.1,ENSG00000223861,0.1793642486691962,5.760190157763413,-0.9055122246576162,0.1500228870212072,111.13379433139731,4.377394828104413,0.0,0.5384467039327294,0.86504990358455,-0.9626318359951648,-0.4411485477586718,-0.8411208283529243,0.09196817379837034,1.439449158604886,3.0159321571195843,-0.9626318359951648,-0.4411485477586718,5.759762995176988,0.0,4.9824824236477125,90,True
brain_anterior_cingulate_cortex_ba24,raw,ENSG00000223861.1,ENSG00000223861,2.307692306961139,162.61750183038288,-0.9942455834628376,0.003235300384100256,304.3076925067254,241.76961528680994,0.0,2.5153688820960447,0.04237493559733505,-1.0,-0.4411485477586718,-0.9386303628831039,0.09620102809054053,1.793716540468136,3.552424708050787,-1.0,-0.4411485477586718,162.23708536067738,0.0,6.8747860436580535,233,True
brain_caudate_basal_ganglia,excluded_at_or_below_-1,ENSG00000223861.1,ENSG00000223861,0.162923627600566,752.0758131355899,-1.8802789096783066,0.48204506707251815,106.7805789985821,4.398827406736798,0.0,-2.7279243039510264,1.0,-0.9504458992663268,-0.3809063193301299,-0.8388765025241107,0.10892432723882237,1.810104584186271,3.9160552718792294,-0.9504458992663268,-0.3809063193301299,18.164206164271434,0.0,18.16420616427145,150,True
brain_caudate_basal_ganglia,raw,ENSG00000223861.1,ENSG00000223861,3.846160471441655,215.48792009078116,-0.9948233722177623,0.00411181395661887,1059.0769303289173,211.15007428004748,0.0,1.780444663653461,0.20495047504382277,-1.0,-0.3809063193301299,-0.9194382512620553,0.11146441546415257,1.873893754968373,4.337106078304507,-1.0,-0.3809063193301299,215.48691032023657,0.0,44.16414463585813,300,True
brain_cerebellar_hemisphere,excluded_at_or_below_-1,ENSG00000223861.1,ENSG00000223861,0.8865639392326244,16.011240107742207,-0.7152729454596878,0.2502621031959471,278.5934359548307,6.453994555817066,0.0,1.257161908038452,0.45374576727341287,-0.9377428690514192,0.4268390343205308,-0.625303474380433,0.21301631626765122,1.286423177481856,2.4237298872343667,-0.9377428690514192,0.4268390343205308,16.011083010572182,0.0,7.26496114551038,222,True
brain_cerebellar_hemisphere,raw,ENSG00000223861.1,ENSG00000223861,-2.5020714586181056,1455828009738.852,-26.162671076597558,5.067086348675478,1971.3345476395625,7.421078550505911,0.0,-7.02285065881291,1.0,-1.0,0.4268390343205308,-0.6997017014890113,0.2423968873170422,0.9128928259713205,1.276323070238008,-1.0,0.4268390343205308,26.799124926396974,0.0,26.79912492639669,277,True
brain_cerebellum,excluded_at_or_below_-1,ENSG00000223861.1,ENSG00000223861,0.8314687534405023,10.38923823038822,-0.713555660421424,0.3781813353957613,237.3776290614113,3.763320708252071,0.0,0.8319163222373582,0.7072404522307076,-0.9360222199651752,0.2928111916833502,-0.5734020901349267,0.24862371188728796,0.8873589111989187,0.37299534182228244,-0.9360222199651752,0.2928111916833502,10.380444339897767,0.0,7.341470149304986,214,True
brain_cerebellum,raw,ENSG00000223861.1,ENSG00000223861,-0.31985881875079814,4385318603057.9624,-24.134080105934903,4.534154246818896,1695.9528945063394,7.618805863065042,0.0,-7.215574957952135,1.0,-1.0,0.2928111916833502,-0.6567971702589261,0.28002444964012324,0.7255633264635547,0.06799885885868262,-1.0,0.2928111916833502,20.603706448903726,0.0,20.603706448903722,266,True
brain_cortex,excluded_at_or_below_-1,ENSG00000223861.1,ENSG00000223861,0.35297284136943224,10.973971993483298,-0.924063201046759,0.19988003257478143,210.9936044540088,5.242229114378433,0.0,0.1957436835852715,0.9810323048867973,-0.9517289333606808,-0.1831447471265753,-0.8021332152289813,0.13145383368168784,1.916546959777585,5.150283771475346,-0.9517289333606808,-0.1831447471265753,10.973873182042182,0.0,10.765724101314254,131,True
brain_cortex,raw,ENSG00000223861.1,ENSG00000223861,3.3589743226785367,152.1383637526416,-0.9897790062603253,3.0411421680825244e-05,914.9743589743592,37510.680069948234,,475.30392098349046,,-1.0,-0.1831447471265753,-0.9039979673888762,0.13478338163422682,1.925292627185275,5.021212054977427,-1.0,-0.1831447471265753,0.0,0.0,0.0,270,True
brain_frontal_cortex_ba9,excluded_at_or_below_-1,ENSG00000223861.1,ENSG00000223861,0.33187800197826994,5.671937095638345,-0.9151277431224409,0.15740191001201165,98.96668250759495,3.3901686956471266,0.0,0.3166602901213422,0.9509431012809375,-0.950372020094597,-0.5378021098833152,-0.8356209765525677,0.08589045038346016,0.9616845308553741,0.4496237614315559,-0.950372020094597,-0.5378021098833152,5.653820327235891,0.0,5.376461436066903,109,True
brain_frontal_cortex_ba9,raw,ENSG00000223861.1,ENSG00000223861,1.525865083142237,154.3490982418919,-0.9942230256505993,0.003598595748719516,442.1953626472989,179.36903567412935,0.0,2.2702954276848843,0.07682516354484453,-1.0,-0.5378021098833152,-0.9333928864097765,0.09751663211186341,1.426237215167192,1.3286343301219157,-1.0,-0.5378021098833152,152.67619197119305,0.0,11.72937341759091,269,True
brain_hippocampus,excluded_at_or_below_-1,ENSG00000223861.1,ENSG00000223861,0.7378410956017397,8.929565076188767,-0.8856002144057127,0.08398928388092017,98.19131211930375,9.388028928876546,0.0,1.2696647073073843,0.4466393819103145,-0.9610048296440808,-0.3280508825589826,-0.8296256293500612,0.10651712712965623,1.7220487869764667,4.172743795065874,-0.9610048296440808,-0.3280508825589826,8.929382266248854,0.0,3.9882137762383114,105,True
brain_hippocampus,raw,ENSG00000223861.1,ENSG00000223861,2.692307689774819,176.43186705205454,-0.9930066226544823,0.0033101631331905485,478.3076923077619,284.09156533457207,0.0,2.9878071535680473,0.011594794388640127,-1.0,-0.3280508825589826,-0.9298458473794369,0.10818553381951451,1.9442591882463216,4.698133744939279,-1.0,-0.3280508825589826,175.324409645414,0.0,2.0328504811482997,255,True
brain_hypothalamus,excluded_at_or_below_-1,ENSG00000223861.1,ENSG00000223861,0.4227497688793969,10.287503706918598,-1.0234120901086408,0.2553473342371206,64.12136320747587,3.6792021394777397,0.0,-0.41506312019021624,1.0,-0.9484691931512204,-0.3591033297975858,-0.80454277023639,0.12704936327626626,1.3821646297193,1.6188939152104114,-0.9484691931512204,-0.3591033297975858,9.426617456252785,0.0,9.426617456252785,124,True
brain_hypothalamus,raw,ENSG00000223861.1,ENSG00000223861,3.2605735227954376,120.63780432139139,-0.9919887161773738,0.002935478863037431,562.8395418692048,304.9025861218133,0.0,3.859563213565458,0.000601230529120944,-1.0,-0.3591033297975858,-0.905693787973978,0.1316508169099904,1.6578122479495778,2.648755112174766,-1.0,-0.3591033297975858,116.88735872891554,0.0,0.07027624853613545,257,True
brain_nucleus_accumbens_basal_ganglia,excluded_at_or_below_-1,ENSG00000223861.1,ENSG00000223861,2.1334811936197577,10.043063942448548,-0.9217243575809696,0.026851086401327363,154.14211594412197,20.504234127369163,0.0,2.373285111710252,0.0598312657577804,-0.966784937740152,-0.5324189677902114,-0.8388084514162746,0.10022454264339906,1.0182476250845336,0.25958738379568747,-0.966784937740152,-0.5324189677902114,10.042921383839579,0.0,0.6008806983010015,129,True
brain_nucleus_accumbens_basal_ganglia,raw,ENSG00000223861.1,ENSG00000223861,3.3076923018278017,167.22052586435487,-0.9940141854046717,0.0004678682216058658,466.3076923076923,1395.2523102260334,0.0,18.09317194809742,0.0,-1.0,-0.5324189677902114,-0.9270396148515769,0.10482057020228261,1.5284545421292963,1.688917122735985,-1.0,-0.5324189677902114,123.08208426405709,0.0,0.0,285,True
brain_putamen_basal_ganglia,excluded_at_or_below_-1,ENSG00000223861.1,ENSG00000223861,0.4692262165251667,8.19590429375506,-0.9050048901189606,0.07626746519405084,109.29783099973477,8.965760148687803,0.0,1.160847778344615,0.5097841973112185,-0.9676085306765612,-0.4214882429367457,-0.8565758432447383,0.09865783075597682,2.1412318139577455,5.435889313169138,-0.9676085306765612,-0.4214882429367457,8.195773185718032,0.0,4.178075654826075,90,True
brain_putamen_basal_ganglia,raw,ENSG00000223861.1,ENSG00000223861,2.368421172124635,151.59101501960876,-0.9927687189448758,0.00278694208832355,561.2644509664746,289.8921367884056,0.0,3.6694611575657334,0.0012260643204440747,-1.0,-0.4214882429367457,-0.9491804168977419,0.09027025023469472,2.544401611270038,8.356435625946444,-1.0,-0.4214882429367457,147.32773419943143,0.0,0.18063327831379095,254,True
brain_spinal_cord_cervical_c-1,excluded_at_or_below_-1,ENSG00000223861.1,ENSG00000223861,0.41516869974725507,4.9943629790194155,-1.0167178601301605,0.2805598493858874,79.91530963188347,2.845159305373213,0.0,-0.37248130297587256,1.0,-0.942822869272761,-0.4522787347869578,-0.7894007132604877,0.1207034393551604,0.910986696855216,0.09643701369059077,-0.942822869272761,-0.4522787347869578,4.57240796383458,0.0,4.572407963834583,88,True
brain_spinal_cord_cervical_c-1,raw,ENSG00000223861.1,ENSG00000223861,2.256410248687317,180.7920702340972,-0.9956047668187977,0.0036009322365318855,203.43589895659824,213.383366533391,0.0,1.7261636616176195,0.22595673593222676,-1.0,-0.4522787347869578,-0.9091532488574653,0.13105996707580297,1.4436293594805247,1.3285153827767697,-1.0,-0.4522787347869578,180.35710934618106,0.0,40.7529037300349,204,True
brain_substantia_nigra,excluded_at_or_below_-1,ENSG00000223861.1,ENSG00000223861,0.6554045150414944,3.2870030798349035,-0.8565815658577793,0.08041834944525754,69.62786124751318,4.931043940131986,0.0,1.5484566960116348,0.30153476864598033,-0.944633565211934,-0.576180906962926,-0.8188351547094651,0.09003907790377937,1.0669745344489234,0.7776799543549768,-0.944633565211934,-0.576180906962926,3.28698163368362,0.0,0.991139246456377,74,True
brain_substantia_nigra,raw,ENSG00000223861.1,ENSG00000223861,1.8974359002303143,149.35310781648218,-0.9960564152589385,0.002348305585191221,143.58974359593975,252.86046334219557,0.0,2.374934105827977,0.06058838748354603,-1.0,-0.576180906962926,-0.9267420844180351,0.10583096931107337,1.3859672427454417,1.2619447760161862,-1.0,-0.576180906962926,146.90841711981818,0.0,8.900944101050056,183,True
breast_mammary_tissue,excluded_at_or_below_-1,ENSG00000223861.1,ENSG00000223861,1.6869898459141321,54.04986916734673,-1.1305490934989741,1.0567356816822042,430.4179537116199,5.773079917310767,0.0,-0.2732017096728485,1.0,-0.926405955157527,3.183240353964819,-0.20376617937014735,0.7242112807163643,1.939960550130944,4.411665366920264,-0.926405955157527,3.183240353964819,52.0699223697667,0.0,52.0699223697667,454,True
breast_mammary_tissue,raw,ENSG00000223861.1,ENSG00000223861,0.874834640089046,696.6275770968638,-4.5759042388920435,2.3859012326435254,355.1196832682265,4.599137368093861,0.0,-2.1195731840020153,1.0,-1.0,3.183240353964819,-0.2967117615448383,0.7270722209227775,1.924917997562871,4.496028945370405,-1.0,3.183240353964819,73.67875095711712,0.0,73.67875095711702,514,True
cells_cultured_fibroblasts,excluded_at_or_below_-1,ENSG00000223861.1,ENSG00000223861,1.3803877630493393,27.301790132604253,-0.7913826786142397,0.36851407579544293,461.6432058751548,3.8954468850852386,0.0,0.4531069753404783,0.9023947012948917,-0.9094527514071165,0.2236882037909353,-0.6204522929812446,0.21076740760756293,0.9019321020163432,0.2903137140974694,-0.9094527514071165,0.2236882037909353,27.28782826621362,0.0,24.624391637276144,480,True
cells_cultured_fibroblasts,raw,ENSG00000223861.1,ENSG00000223861,12.307692294010444,3095.572923593216,-1.0024938286954137,0.01033237313851195,5396.3077151878,167.8301041816751,0.0,-0.3413355592186058,1.0,-1.0,0.2236882037909353,-0.7205783752009163,0.24638657172143968,0.7360811693251048,-0.03654104039285766,-1.0,0.2236882037909353,2920.3924841940584,0.0,2920.392484194057,652,True
cells_ebv-transformed_lymphocytes,excluded_at_or_below_-1,ENSG00000223861.1,ENSG00000223861,0.019019598477219308,13.141214021208265,-0.7905573649804225,0.33493584827499473,276.2972458669915,3.3819169484549074,0.0,0.6455287951398566,0.8113001032581765,-0.9434414415715808,0.0104003206647196,-0.6866792290972278,0.1752013065217461,0.8482161919451303,0.7261744141013291,-0.9434414415715808,0.0104003206647196,13.09805773302089,0.0,10.626455591281404,243,True
cells_ebv-transformed_lymphocytes,raw,ENSG00000223861.1,ENSG00000223861,6.2307692209940155,764.8745600026267,-0.9969507456882208,0.006336723377474396,1268.923076936315,224.8180100730749,0.0,0.680524704324639,0.7953789269922344,-1.0,0.0104003206647196,-0.7671652986869307,0.20392072703691308,0.7107073017000908,0.10783177428070845,-1.0,0.0104003206647196,762.8729854200999,0.0,606.7730965748015,327,True
cervix_ectocervix,excluded_at_or_below_-1,ENSG00000223861.1,ENSG00000223861,0.30257968027726234,1.6827524920469081,-0.36298384061540195,0.489080227158427,17.020058308810807,12.899728136561595,0.0,1.439547144965384,0.35482066414742186,-0.8608252299197938,4.098154232989827,0.5615356769670268,1.3055219978189547,1.1999396123174,0.5536903115402754,-0.8608252299197938,4.098154232989827,1.6827437371720806,0.0,0.5970722504133121,23,True
cervix_ectocervix,raw,ENSG00000223861.1,ENSG00000223861,0.3140209235825003,1.734036484771569,-0.3434305495582418,0.48794057273771885,18.490694460775032,12.873185360803818,0.0,1.9029559608966844,0.16355360162111246,-1.0,4.098154232989827,0.49647169042673406,1.3160104903033518,1.1969259611480878,0.6023034357161094,-1.0,4.098154232989827,1.734025749653404,0.0,0.28360615665956374,24,True
cervix_endocervix,excluded_at_or_below_-1,ENSG00000223861.1,ENSG00000223861,0.3247180231336102,0.2892273847851655,-0.4228447314635535,0.23052674945793344,25.582779893107006,1.5134419780952417,0.310261934762001,2.9905594973698264,0.0,-0.9103269465487882,-0.1761430528867801,-0.498851567432818,0.2137781505046943,-0.27947782693456474,-0.7031302921823586,-0.9103269465487882,-0.1761430528867801,0.2859215802741184,0.08871058268605675,0.0,19,True
cervix_endocervix,raw,ENSG00000223861.1,ENSG00000223861,0.48717948717948717,3.6735077456550376,-0.9900246949211632,0.0015268243221163778,27.743589743589787,753.8538911510589,0.0,9.239577551231648,0.0,-1.0,-0.1761430528867801,-0.5860078165749366,0.2740691595425474,-0.23475746875373224,-1.1368180641461785,-1.0,-0.1761430528867801,3.4879654790750974,0.0,0.0,23,True
colon_sigmoid,excluded_at_or_below_-1,ENSG00000223861.1,ENSG00000223861,0.34622177481414873,23.643928436270077,-0.7103908443671604,0.4743326967013999,132.76700217923047,4.282111288536224,0.0,0.6076938031199104,0.8313864813538453,-0.9142136955063516,0.7258458380604687,-0.5405876204302931,0.26651897125800605,1.124096817116866,1.8213871624997964,-0.9142136955063516,0.7258458380604687,23.64130821986533,0.0,19.65506405551558,367,True
colon_sigmoid,raw,ENSG00000223861.1,ENSG00000223861,-0.36631275525816887,26.23553848836725,-0.8399841478343508,0.6281974119148233,1721.0551460615088,3.525035220493995,0.0,0.36023164698748017,0.9370548252919257,-1.0,0.7258458380604687,-0.5976029992790395,0.2918792641183481,0.8577446485892729,1.139195481993081,-1.0,0.7258458380604687,26.182861682513536,0.0,24.53477687955038,419,True
colon_transverse,excluded_at_or_below_-1,ENSG00000223861.1,ENSG00000223861,0.19482770242096564,48.76258841461538,-0.560619636616739,0.5175118810725329,271.34449375861675,8.289228210509506,0.0,1.0139240852406821,0.5980916086085172,-0.9316511233585006,2.4727087078391747,-0.44444100146432514,0.3288516298373676,1.9827366370712294,12.766241423904702,-0.9316511233585006,2.4727087078391747,48.762116385073746,0.0,29.16421262790449,452,True
colon_transverse,raw,ENSG00000223861.1,ENSG00000223861,0.12583382083192757,49.94924548025065,-0.5805999829625369,0.5367296709568139,181.60799620062784,8.045075192034345,0.0,1.105065034128905,0.5430408313227945,-1.0,2.4727087078391747,-0.47575643561978065,0.3442181520230872,1.6673575035911996,10.332104898530776,-1.0,2.4727087078391747,49.94856623715944,0.0,27.124110932808726,479,True
esophagus_gastroesophageal_junction,excluded_at_or_below_-1,ENSG00000223861.1,ENSG00000223861,0.8057943190355319,22.30670806097897,-0.667316666578806,0.43159971766996635,411.7849353507652,4.682449739031984,0.0,0.8754989761071569,0.6816411853656241,-0.9345076488757964,0.7617065298744965,-0.5266466483493415,0.28894605864854644,1.1148540631955228,1.611121991457578,-0.9345076488757964,0.7617065298744965,22.30619986903391,0.0,15.204824519730805,358,True
esophagus_gastroesophageal_junction,raw,ENSG00000223861.1,ENSG00000223861,-0.06796654133587271,24.67606885667631,-0.8347434361899135,0.6349270441896869,1301.8671625084596,3.5558749848807087,0.0,0.3680865005674225,0.934382688081919,-1.0,0.7617065298744965,-0.579502481660209,0.3105237246352276,0.9167739557772271,1.1248221929579199,-1.0,0.7617065298744965,24.63172861039575,0.0,23.015460791085893,403,True
esophagus_mucosa,excluded_at_or_below_-1,ENSG00000223861.1,ENSG00000223861,2.482117928267489,36.4894646876849,-0.1332919715022321,0.799959435364006,951.2120629124457,5.1710390960485535,0.0,1.3682586942828001,0.3921692559900472,-0.9072567259298936,2.791741153324275,0.11468389597205708,0.6552832181544691,1.049805428444755,1.1829329608525843,-0.9072567259298936,2.791741153324275,36.489167218312296,0.0,14.309929559701954,611,True
esophagus_mucosa,raw,ENSG00000223861.1,ENSG00000223861,2.7064540212322634,37.977849707049934,-0.11852202618585195,0.7477311117466728,1015.3907452944833,5.504296389278309,0.0,1.6671743169668518,0.24914222368365596,-1.0,2.791741153324275,0.10923755771812195,0.6582900463541708,1.0314747512973066,1.1609502151200353,-1.0,2.791741153324275,37.977667653421285,0.0,9.461840569492232,614,True
esophagus_muscularis,excluded_at_or_below_-1,ENSG00000223861.1,ENSG00000223861,1.1414296516369804,27.417627058692776,-0.686457681502007,0.4195303516069443,698.1590730350391,3.9843853314919127,0.0,0.850591044594341,0.6963495152603398,-0.9387878595647732,0.4955212101820787,-0.5510638338465219,0.2616177282311269,0.9348055776237961,0.7366082782283976,-0.9387878595647732,0.4955212101820787,27.407709709790222,0.0,19.08534537080853,502,True
esophagus_muscularis,raw,ENSG00000223861.1,ENSG00000223861,-0.41367344755809327,30.43549668229819,-0.81557099345717,0.59996226872613,2301.52901163567,3.0904683053571156,0.0,0.43473067548340477,0.9090652737551165,-1.0,0.4955212101820787,-0.5982781543510766,0.2832555072835887,0.7441747825700709,0.42697721586802473,-1.0,0.4955212101820787,30.17879803742644,0.0,27.434497299493437,561,True
fallopian_tube,excluded_at_or_below_-1,ENSG00000223861.1,ENSG00000223861,,,,,,,,,,,,,,,,,,,,,27,False
fallopian_tube,raw,ENSG00000223861.1,ENSG00000223861,0.32507153481295636,1.124173894547613,-0.4390476843350543,0.26803896180914216,27.63692632378116,4.075432828148179,0.0,2.9596681292283016,0.012283298529588156,-1.0,0.3333779331556268,-0.4148171517440859,0.3181349905368804,0.3086295990409364,0.07560123988657175,-1.0,0.3333779331556268,1.1238957939972003,0.0,0.013805147553816122,29,True
heart_atrial_appendage,excluded_at_or_below_-1,ENSG00000223861.1,ENSG00000223861,1.4664899743751716,34.07612562383188,-0.9038653637184466,0.2579592323518165,533.6796975591994,6.851272885052238,0.0,0.300349149452488,0.955898959757311,-0.9586504669671204,0.3458391654159105,-0.7329377955968028,0.20395258359963464,1.9090269568446903,5.2918338736895425,-0.9586504669671204,0.3458391654159105,34.07606620504688,0.0,32.57327623802557,354,True
heart_atrial_appendage,raw,ENSG00000223861.1,ENSG00000223861,1.2987906058467353,2274817089271.939,-9.517990057126694,1.7359391455389193,3291.409350245104,8.035743130339512,0.0,-6.939331424090909,1.0,-1.0,0.3458391654159105,-0.7949240339289982,0.21133015550522066,1.7526733050707328,4.644709324651601,-1.0,0.3458391654159105,79.47864295934163,0.0,79.47864295934163,461,True
heart_left_ventricle,excluded_at_or_below_-1,ENSG00000223861.1,ENSG00000223861,0.9648494097526383,19.454578191202856,-0.9076872146973144,0.14988115210256828,223.15403130812985,6.381745939149172,0.0,0.5190968677002942,0.8739513617516336,-0.962702128041236,-0.2313371504393239,-0.8209147673353581,0.1237088672461831,1.7654417513275722,4.02398903339571,-0.962702128041236,-0.2313371504393239,19.45457380179961,0.0,17.002351266380426,236,True
heart_left_ventricle,raw,ENSG00000223861.1,ENSG00000223861,6.0512846036685275,334.4132802249628,-0.9936301875794759,0.004746503334230539,2589.897436541494,227.1240691756395,0.0,1.8978760743540273,0.16515494032492467,-1.0,-0.2313371504393239,-0.9064953209981073,0.1264683080400499,1.8419410294514444,4.301042966719314,-1.0,-0.2313371504393239,334.38131740142245,0.0,55.22472652120159,452,True
kidney_cortex,excluded_at_or_below_-1,ENSG00000223861.1,ENSG00000223861,0.23029504723981153,8.399154294768106,-0.9622304398312264,0.8677764093053313,64.52030256710222,4.9438943029621285,0.0,-0.007506100340515693,1.0,-0.9576246172209212,2.0713954285351304,-0.379298196806012,0.5114031131911672,1.7939235687022859,4.679318691832753,-0.9576246172209212,2.0713954285351304,8.398876315785806,0.0,8.398876315785806,94,True
kidney_cortex,raw,ENSG00000223861.1,ENSG00000223861,0.058658704956875564,26.848635844984297,-2.428747153920688,1.5964512172488723,108.96067331623632,3.9864435592895346,0.0,-1.26565320659066,1.0,-1.0,2.0713954285351304,-0.43898106249774177,0.5195670067163817,1.7252809939150928,4.417531006561508,-1.0,2.0713954285351304,12.04303911754499,0.0,12.043039117544991,104,True
kidney_medulla,excluded_at_or_below_-1,ENSG00000223861.1,ENSG00000223861,0.21052634616020174,4.556484748687036,-0.8799746129921154,0.008771604538618916,6.31578988413327,146.0612003573932,0.0,3.7451587774118793,0.000900025387412215,-0.9032038144393632,0.0259642933079753,-0.5312884195353431,0.31149380378555563,0.361494515233812,-1.0765279386984803,-0.9032038144393632,0.0259642933079753,4.556395682990513,0.0,0.004100871789786881,10,True
kidney_medulla,raw,ENSG00000223861.1,ENSG00000223861,0.20618523147931264,0.3304972829276413,-1.0027335752987812,0.2441338396218665,7.524569857220619,5.959020181803868,0.0,-0.015834999635004055,1.0,-1.0,0.0259642933079753,-0.5738985632139483,0.32756284680125114,0.3829298087615532,-1.0404423166733976,-1.0,0.0259642933079753,0.3304558434575115,0.0,0.33045584345751156,11,True
liver,excluded_at_or_below_-1,ENSG00000223861.1,ENSG00000223861,0.36867559188743454,32.525634430062674,-1.2607548283925196,0.4798800049153299,131.09259462785633,4.1912564722099415,0.0,-0.9341460250395135,1.0,-0.9437744153809424,0.1614491654020877,-0.7325596047526753,0.19718167949711013,1.726059857756542,3.71690541437816,-0.9437744153809424,0.1614491654020877,21.020055324372954,0.0,21.020055324372954,190,True
liver,raw,ENSG00000223861.1,ENSG00000223861,4.926205820938226,248896.25960090198,-1.0617562666486025,0.026606373983301304,1510.7064435227016,65.01726663919823,0.0,-3.2825423678851178,1.0,-1.0,0.1614491654020877,-0.8060546752023218,0.20606689773129644,1.607749288287903,3.3731016843337285,-1.0,0.1614491654020877,1138.2522626487287,0.0,1138.2522626487287,262,True
lung,excluded_at_or_below_-1,ENSG00000223861.1,ENSG00000223861,0.0405282380284789,31.034913388415443,-0.6466068544081541,0.6299980752945397,538.2385459981548,3.5873773875193256,0.0,0.5762577305156256,0.8467695882397961,-0.9033157919813796,0.951483356026477,-0.4342662598032494,0.3225638204074281,0.886945366395958,0.8531658775225002,-0.9033157919813796,0.951483356026477,30.985095652512133,0.0,26.237236687248394,538,True
lung,raw,ENSG00000223861.1,ENSG00000223861,-1.1261769977757126,34.33838739816602,-0.7779457352244213,0.7979514031861262,2746.924791276814,3.065076477394334,0.0,0.39354796742573056,0.9247971305125211,-1.0,0.951483356026477,-0.49608484730819236,0.35194051647055613,0.685881330879976,0.4488034950321942,-1.0,0.951483356026477,34.02522613224507,0.0,31.46643149213989,604,True
minor_salivary_gland,excluded_at_or_below_-1,ENSG00000223861.1,ENSG00000223861,0.7080257411647543,7.521479574689852,-0.12340018216541866,0.5661526979048989,147.05555046863913,3.0091763543504446,0.0,1.707643675922604,0.2243131288693194,-0.8070218782843002,1.08126462717805,-0.03384888163613108,0.3974350957431669,0.3743435751416115,-0.5487625388160589,-0.8070218782843002,1.08126462717805,7.440191029875404,0.0,1.6689325292967956,181,True
minor_salivary_gland,raw,ENSG00000223861.1,ENSG00000223861,0.7080257411647543,7.521479574689852,-0.12340018216541866,0.5661526979048989,147.05555046863913,3.0091763543504446,0.0,1.707643675922604,0.2243131288693194,-0.8070218782843002,1.08126462717805,-0.03384888163613108,0.3974350957431669,0.3743435751416115,-0.5487625388160589,-0.8070218782843002,1.08126462717805,7.440191029875404,0.0,1.6689325292967956,181,True
muscle_skeletal,excluded_at_or_below_-1,ENSG00000223861.1,ENSG00000223861,1.0513418951405107,48.997351837327386,-0.857528942722655,0.1502870956654022,1350.526892947184,8.658276590546123,0.0,0.9714437620901548,0.6238608491993782,-0.9607633236472845,0.0625776641447102,-0.800402392300005,0.12757060971733913,2.302726154578696,9.456938161172468,-0.9607633236472845,0.0625776641447102,48.99619757652513,0.0,30.56680942763148,468,True
muscle_skeletal,raw,ENSG00000223861.1,ENSG00000223861,11.999999999999998,894.1574265664494,-0.987626008937624,0.0009208224765043344,13372.0,1612.9192277813454,0.0,19.004169020209527,0.0,-1.0,0.0625776641447102,-0.8858047916826435,0.13808296369701406,1.8364062749581191,6.156507459815392,-1.0,0.0625776641447102,892.1693181237649,0.0,0.0,818,True
nerve_tibial,excluded_at_or_below_-1,ENSG00000223861.1,ENSG00000223861,0.8964511832813142,33.591002866228905,-0.7758861754767861,0.47205007519423964,1216.1682559007897,4.083383771493493,0.0,0.43503102633772767,0.9096942728404199,-0.9210950987669552,0.5871057146207261,-0.5678118718467287,0.25783527751405466,1.0312122298569708,1.0090510425317225,-0.9210950987669552,0.5871057146207261,33.58285510504898,0.0,30.550130954692715,534,True
nerve_tibial,raw,ENSG00000223861.1,ENSG00000223861,-2.112969565841477,4071657398784.054,-23.986278121265855,4.613975458707693,10772.3294261776,7.531902370335564,0.0,-7.045444120476313,1.0,-1.0,0.5871057146207261,-0.6555396112927658,0.2884935178666833,0.8435330900583411,0.5250661830770835,-1.0,0.5871057146207261,65.80232598242637,0.0,65.80232598242708,670,True
ovary,excluded_at_or_below_-1,ENSG00000223861.1,ENSG00000223861,0.3244855720006203,7.784108152551736,-0.3284788344955904,0.5108365120607844,153.30286879010848,2.773998802995351,0.0,1.5536320070496699,0.28385016856591905,-0.8896755141367304,0.6735338110379911,-0.27042844480233674,0.33293385708722123,0.3810728033990867,-0.3032511919374157,-0.8896755141367304,0.6735338110379911,7.618055142844965,0.0,2.16238623644101,182,True
ovary,raw,ENSG00000223861.1,ENSG00000223861,0.7405566373450746,7.797690372678648,-0.3410775085468486,0.5137739239126952,214.09213822026794,2.792818050722967,0.0,1.8137493566607434,0.17636967607641288,-1.0,0.6735338110379911,-0.31201024328510507,0.365036041690309,0.15804273946800623,-0.3287033553991052,-1.0,0.6735338110379911,7.639831467707591,0.0,1.3474346012379739,193,True
pancreas,excluded_at_or_below_-1,ENSG00000223861.1,ENSG00000223861,0.6943503036977048,16.99300266925543,-0.5825412016286918,0.4093346562763149,295.53084020997494,3.5532845415786607,0.0,1.2472030298053955,0.4584554424800493,-0.943535776348719,0.4459332418198469,-0.49911588807868656,0.26751994362252535,0.6963107946776035,0.24374828363169865,-0.943535776348719,0.4459332418198469,16.962121918695747,0.0,7.7763771096362015,345,True
pancreas,raw,ENSG00000223861.1,ENSG00000223861,0.680622963505912,17.572367051887472,-0.5909434563985537,0.4256688825059609,394.27755761513845,3.4448491524596294,0.0,1.3590218489380081,0.39553982391655673,-1.0,0.4459332418198469,-0.52263807013024,0.2818801717295166,0.5538423923032213,0.12127104093595387,-1.0,0.4459332418198469,17.525695609253102,0.0,6.932110555299143,362,True
pituitary,excluded_at_or_below_-1,ENSG00000223861.1,ENSG00000223861,0.41859481478282357,14.113753681067745,-0.5573167532434432,0.4864844132125161,273.32823438509837,3.2826975111821293,0.0,1.0276536848977613,0.587878890018359,-0.9108259495802796,0.5719194632455573,-0.4453120076331846,0.29187738951633824,0.655182604781848,0.08016348113835692,-0.9108259495802796,0.5719194632455573,14.049228446737704,0.0,8.259244824882515,295,True
pituitary,raw,ENSG00000223861.1,ENSG00000223861,0.4444990764021037,14.838708053734049,-0.5563181615634685,0.49061669355552384,446.30909034422905,3.2521701188383205,0.0,1.2789227956112355,0.43855666515812725,-1.0,0.5719194632455573,-0.4772109976095509,0.3114600376124015,0.490473439089658,-0.04169406737363923,-1.0,0.5719194632455573,14.763765829164928,0.0,6.474747907214084,313,True
prostate,excluded_at_or_below_-1,ENSG00000223861.1,ENSG00000223861,0.948209611254161,20.717995140496093,-0.26659924082416614,0.5655857045263818,383.482348944044,6.826496078959166,0.0,1.6224501439907975,0.2681598105018064,-0.9154648946142095,2.4635178341286967,-0.11789049618990714,0.5079428211033962,1.3070135609798677,2.9669158637340534,-0.9154648946142095,2.4635178341286967,20.71799375650025,0.0,5.555733279720714,271,True
prostate,raw,ENSG00000223861.1,ENSG00000223861,0.9012811557459572,20.96290368135633,-0.27830657919873775,0.5995901353313258,300.30201309361695,6.4669597488134825,0.0,1.7022104991914053,0.23486202484725396,-1.0,2.4635178341286967,-0.15229902293427247,0.5264769482189718,1.1399934730197714,2.5493269361071187,-1.0,2.4635178341286967,20.962835976869766,0.0,4.923374104068496,282,True
skin_not_sun_exposed_suprapubic,excluded_at_or_below_-1,ENSG00000223861.1,ENSG00000223861,0.654445199664595,41.986835312692364,0.7601106421566988,0.9270736612087916,519.3095534293923,4.444447777923711,0.0,2.214015422894625,0.08616640873799829,-0.6912651886841527,3.673624260720056,0.8336875122905973,0.679313781400193,0.5177268837607751,0.5931690721123344,-0.6912651886841527,3.673624260720056,41.984599793534876,0.0,3.6176621865110055,650,True
skin_not_sun_exposed_suprapubic,raw,ENSG00000223861.1,ENSG00000223861,0.34922707893724775,45.49583432830068,0.7626880650754965,0.9262788601026284,358.5165737783607,4.444326243856158,0.0,2.6912169490586892,0.02669722340824248,-1.0,3.673624260720056,0.8308707880013645,0.6825849809331994,0.4920738696752418,0.6076255545109688,-1.0,3.673624260720056,45.49347382727379,0.0,1.2145494343837604,651,True
skin_sun_exposed_lower_leg,excluded_at_or_below_-1,ENSG00000223861.1,ENSG00000223861,1.3035963677818942,61.20892605928005,0.7154967388038923,0.7591968810519851,1099.5803434460086,5.6619523237571245,0.0,3.0731028744308833,0.008897495965274475,-0.9342471043429788,3.7550210788536145,0.7591026649463595,0.6186428980988494,0.4406143508437011,1.3548414272047715,-0.9342471043429788,3.7550210788536145,61.20846499609158,0.0,0.5446020703433687,754,True
skin_sun_exposed_lower_leg,raw,ENSG00000223861.1,ENSG00000223861,1.3035963677818942,61.20892605928005,0.7154967388038923,0.7591968810519851,1099.5803434460086,5.6619523237571245,0.0,3.0731028744308833,0.008897495965274475,-0.9342471043429788,3.7550210788536145,0.7591026649463595,0.6186428980988494,0.4406143508437011,1.3548414272047715,-0.9342471043429788,3.7550210788536145,61.20846499609158,0.0,0.5446020703433687,754,True
small_intestine_terminal_ileum,excluded_at_or_below_-1,ENSG00000223861.1,ENSG00000223861,-0.746016977268991,8.717029109690202,-0.5643670634548528,0.5018287587191065,202.46969478711372,2.32048644871044,0.0,0.9536281394556677,0.60809736225421,-0.9027586884790204,0.2590494735968935,-0.48858044073337686,0.24413239266903342,0.3851503212417966,-0.5268484480647979,-0.9027586884790204,0.2590494735968935,8.126656972216749,0.0,4.941798668749789,189,True
small_intestine_terminal_ileum,raw,ENSG00000223861.1,ENSG00000223861,-1.4723514690117887,9.851793976810452,-0.5907160090522805,0.5855195156671453,511.79946570439984,2.0524505814801035,0.0,0.9885494084700933,0.5599229941466793,-1.0,0.2590494735968935,-0.5330517067565614,0.27433444929318723,0.17197143331675005,-0.5720032575884457,-1.0,0.2590494735968935,8.652917051137202,0.0,4.844967223375598,207,True
spleen,excluded_at_or_below_-1,ENSG00000223861.1,ENSG00000223861,0.2575896352718038,27.038659648776832,-0.8378571910223479,0.2965581389044068,123.0274358380442,9.277798791924655,0.0,0.435905594425456,0.909368423824058,-0.9292658405080104,1.1076811746582793,-0.693737274177078,0.22313064145724346,3.5520283695999377,22.249767314496026,-0.9292658405080104,1.1076811746582793,27.038608723034436,0.0,24.58805699686125,197,True
spleen,raw,ENSG00000223861.1,ENSG00000223861,0.3169541816274672,7064116825738.824,-11.909162697508496,2.1648919656878443,1524.4563119469578,8.503240547369515,0.0,-7.12639987836498,1.0,-1.0,1.1076811746582793,-0.7821886029346006,0.23386256084890958,2.728200842411828,15.945950542386793,-1.0,1.1076811746582793,66.23706939030399,0.0,66.23706939030399,277,True
stomach,excluded_at_or_below_-1,ENSG00000223861.1,ENSG00000223861,1.3349478779710622,27.423689059644644,-0.5677453166109371,0.4001445875578616,275.83747199866605,6.4108557566371065,0.0,1.2709672305503197,0.4458922534942735,-0.9273590777848276,1.246173953352713,-0.4277818677329265,0.35992075449804345,1.5378793057299487,3.209834006873522,-0.9273590777848276,1.246173953352713,27.423664022024884,0.0,12.227999349850508,375,True
stomach,raw,ENSG00000223861.1,ENSG00000223861,0.999542333894842,27.3164136026881,-0.6082320486943035,0.48809877958453196,615.9865742578301,5.372941355176601,0.0,1.135105378692482,0.5250723159929955,-1.0,1.246173953352713,-0.47277199115441626,0.37830033670161406,1.3057250995208507,2.636383669519498,-1.0,1.246173953352713,27.316035134707572,0.0,14.342893831926942,407,True
testis,excluded_at_or_below_-1,ENSG00000223861.1,ENSG00000223861,0.8306706789596732,23.945554653334188,-0.5295419248639003,0.36963938750876385,432.4296806584159,4.854594441744082,0.0,1.480392841923118,0.33427320262265137,-0.916478889633621,0.7393253550104273,-0.4639447724478945,0.2655551637284766,0.7356187335283824,0.7865093609141498,-0.916478889633621,0.7393253550104273,23.945371289360743,0.0,8.004295948883103,386,True
testis,raw,ENSG00000223861.1,ENSG00000223861,0.6749177017404911,24.38481743369241,-0.5446176732946009,0.4141101965340014,803.9038140867486,4.3847499026609125,0.0,1.5551606018928674,0.2983708866713327,-1.0,0.7393253550104273,-0.5001997153741239,0.28965956626146777,0.476041897322779,0.4344171762155198,-1.0,0.7393253550104273,24.383151554164627,0.0,7.275222549057585,414,True
thyroid,excluded_at_or_below_-1,ENSG00000223861.1,ENSG00000223861,0.8255879179250799,53.430651210593574,-0.5146639929183027,0.6042752951355639,327.810970605785,6.475882617413013,0.0,0.966848138344875,0.626632543230231,-0.9277857870335016,2.252397492006234,-0.3411479477246432,0.40838436774602255,1.5717038073097402,5.2218792347511425,-0.9277857870335016,2.252397492006234,53.43050711055499,0.0,33.48129455676801,633,True
thyroid,raw,ENSG00000223861.1,ENSG00000223861,0.4222206125077811,54.846271890022784,-0.5790742341267485,0.6930845483453542,751.3762127174409,5.777514050966742,0.0,0.8588835637317013,0.6915453627309998,-1.0,2.252397492006234,-0.39027288144692857,0.4293262837570484,1.3266174014027392,4.171451472952314,-1.0,2.252397492006234,54.84550184773252,0.0,37.928152469453906,684,True
uterus,excluded_at_or_below_-1,ENSG00000223861.1,ENSG00000223861,0.5659855116910554,7.5173315633781765,-0.5981018749565795,0.4024553531108607,142.03147489573823,4.567425143554713,0.0,1.1489730762708337,0.5168048220314915,-0.9250753798277328,0.7016909907490807,-0.46373021703130646,0.31187216231270354,1.0805468295729332,1.2376002932574899,-0.9250753798277328,0.7016909907490807,7.5170558646294285,0.0,3.8848507183205903,138,True
uterus,raw,ENSG00000223861.1,ENSG00000223861,0.2838614476873588,7.781198388567376,-0.6759673563012837,0.5469083472052002,270.71732988746186,3.562394190308676,0.0,0.8378942499453156,0.7034398772302799,-1.0,0.7016909907490807,-0.5163056859498057,0.33654652179968403,0.8482203733755912,0.8387498215983027,-1.0,0.7016909907490807,7.767542162442883,0.0,5.463998905129844,153,True
vagina,excluded_at_or_below_-1,ENSG00000223861.1,ENSG00000223861,0.033670556908316385,6.241249675568985,-0.20514746985042623,2.2206373542346545,147.26685237126316,2.106683938330087,0.0,0.4523987914064296,0.8908654157794642,-0.9155165979204156,3.102826072117189,0.5549883921997849,0.9708924442883707,0.5077308326514699,-0.588254781222969,-0.9155165979204156,3.102826072117189,5.562754019132294,0.0,4.955665172133177,162,True
vagina,raw,ENSG00000223861.1,ENSG00000223861,-2.734271818982765,9.584405189210573,-0.9663733022495865,3.8611099845356773,163.5361602205212,1.4904307223254736,0.0,0.012316492461215035,0.999886949764047,-1.0,3.102826072117189,0.48181246786097154,1.0035363028258415,0.4811095427753838,-0.604564871026462,-1.0,3.102826072117189,6.42796292502867,0.0,6.427236242303298,170,True
whole_blood,excluded_at_or_below_-1,ENSG00000223861.1,ENSG00000223861,0.9578394662106233,74.88386315461615,-0.9777693889132328,0.49319597861529246,320.33925183014355,7.859924343785469,0.0,-0.17758183579543366,1.0,-0.915839105100608,1.7633180831023614,-0.599149259011074,0.3057513663722183,2.4198778801112657,10.007201060868088,-0.915839105100608,1.7633180831023614,73.71238033403839,0.0,73.71238033403839,458,True
whole_blood,raw,ENSG00000223861.1,ENSG00000223861,9.710419694310032,1121968212856.6912,-2.9022245478974833,0.4134588344300135,15136.62960378802,15.958236020487533,0.0,-6.506456097435293,1.0,-1.0,1.7633180831023614,-0.7713703121134146,0.3044559811085253,2.292927797671401,8.992412877113626,-1.0,1.7633180831023614,719.9056184373951,0.0,719.9056184373875,803,True
adipose_subcutaneous,excluded_at_or_below_-1,ENSG00000223866.1,ENSG00000223866,0.7739824496910419,28.577141292091593,-0.9877597322106888,0.6273470897060975,864.8355482213493,4.855615562641165,0.0,-0.12313889201674635,1.0,-0.9331351496216844,1.1661980383844566,-0.532945572620504,0.35538083624184713,1.6670738902886981,3.432858098982427,-0.9331351496216844,1.1661980383844566,28.361083331584034,0.0,28.36108333158404,304,True
adipose_subcutaneous,raw,ENSG00000223866.1,ENSG00000223866,7.763156594198445,434.5485296056359,-0.9799466682784109,0.025269173373835,4340.868389802033,120.11105017469866,0.0,1.1223039737739549,0.5349691583802417,-1.0,1.1661980383844566,-0.8011420925443042,0.3272292395863333,2.245661001729562,6.064325250624432,-1.0,1.1661980383844566,432.7112757855248,0.0,231.487187028623,714,True
adipose_visceral_omentum,excluded_at_or_below_-1,ENSG00000223866.1,ENSG00000223866,1.2583575431369325,16.957872000210195,-0.7939744928539801,0.28716206902234603,342.39277745611,8.402637835454012,0.0,0.7232750922998121,0.7698671000984462,-0.940838571592286,0.912216799800198,-0.571589141703117,0.3417389261831481,1.7480316965033216,3.1675121859885698,-0.940838571592286,0.912216799800198,16.95743019803448,0.0,13.054967611682624,193,True
adipose_visceral_omentum,raw,ENSG00000223866.1,ENSG00000223866,4.947366103474888,389.00615609638146,-0.9760965868874365,0.016071211132078236,1709.8969076930125,166.16534867954243,0.0,2.103421499038138,0.11049275366403366,-1.0,0.912216799800198,-0.8591425968461697,0.28077988090571687,2.7923909388827672,9.110332912757334,-1.0,0.912216799800198,385.3721556714045,0.0,42.58083066557808,587,True
adrenal_gland,excluded_at_or_below_-1,ENSG00000223866.1,ENSG00000223866,,,,,,,,,,,,,,,,,,,,,1,False
adrenal_gland,raw,ENSG00000223866.1,ENSG00000223866,0.025641025641025644,313.46202659482077,-0.9981321538632283,0.00040538274326840557,0.9743589743589745,543.4387311087422,0.0,6.516146488504211,6.048166592081717e-10,-1.0,-0.8423560465789142,-0.9994656137172166,0.009178385820609432,17.08810701513027,290.0034013605444,-1.0,-0.8423560465789142,312.2148092442328,0.0,1.8883271788242006e-07,295,True
artery_aorta,excluded_at_or_below_-1,ENSG00000223866.1,ENSG00000223866,,,,,,,,,,,,,,,,,,,,,5,False
artery_aorta,raw,ENSG00000223866.1,ENSG00000223866,0.12820512820048124,500.1673379223631,-0.996929069260851,0.0010002819807308772,6.35897435902057,313.30192412246083,0.0,4.341727616886594,8.105696854592137e-05,-1.0,-0.7753286847318472,-0.998111903556928,0.01887167906178798,10.308493233243196,107.20235398971005,-1.0,-0.7753286847318472,497.70209925998745,0.0,0.0403422234049558,472,True
artery_coronary,excluded_at_or_below_-1,ENSG00000223866.1,ENSG00000223866,,,,,,,,,,,,,,,,,,,,,2,False
artery_coronary,raw,ENSG00000223866.1,ENSG00000223866,-0.20199780036334977,249.8973407946184,-0.9965312647538443,0.003376141316669816,280.7127556585466,115.4792694399233,0.0,1.4529997323197594,0.3492868029298032,-1.0,-0.7208484802380817,-0.9983407455619023,0.01979175043622857,12.47113024128539,159.9382392050459,-1.0,-0.7208484802380817,248.96392215085547,0.0,86.95981241293671,268,True
artery_tibial,excluded_at_or_below_-1,ENSG00000223866.1,ENSG00000223866,0.5064186377089367,9.832655748173325,-0.840604842869323,0.30615391357049354,312.8801241921516,4.856024889373034,0.0,0.3319625891444102,0.94639431592462,-0.9124692688157224,0.2106444619263139,-0.6614167378180957,0.21458284417555118,1.582507950454666,2.8205999572924965,-0.9124692688157224,0.2106444619263139,9.832541557931084,0.0,9.305461441518583,140,True
artery_tibial,raw,ENSG00000223866.1,ENSG00000223866,3.6805668221032293,544.751451466243,-0.9848713988515656,0.00984918559140817,980.6714188327792,171.6603600016532,0.0,2.1722682271834755,0.09542092814451457,-1.0,0.2106444619263139,-0.931401365115099,0.16680320959227854,3.1021830301058535,11.243394853655083,-1.0,0.2106444619263139,539.3757028242297,0.0,51.467730182087855,691,True
bladder,excluded_at_or_below_-1,ENSG00000223866.1,ENSG00000223866,,,,,,,,,,,,,,,,,,,,,1,False
bladder,raw,ENSG00000223866.1,ENSG00000223866,0.0256410256410267,86.3865583226452,-0.9979270499713144,0.0007963172415964397,0.9743589757410873,331.3798898593213,0.0,3.681439872897618,0.001171945388574949,-1.0,-0.8113332236679506,-0.9975497821255579,0.021500574589581937,8.603090020146078,72.0131578947369,-1.0,-0.8113332236679506,84.0508947754092,0.0,0.09850305853763884,77,True
brain_amygdala,excluded_at_or_below_-1,ENSG00000223866.1,ENSG00000223866,,,,,,,,,,,,,,,,,,,,,5,False
brain_amygdala,raw,ENSG00000223866.1,ENSG00000223866,0.12820511194360443,209.22407637769922,-0.9978576204763452,0.0010921394932691295,4.3589743606728195,266.305375807643,0.0,2.7741714284445522,0.021388492623517923,-1.0,-0.7922008328965675,-0.9965401194028938,0.022352963354920694,7.097809776627836,52.77234335860462,-1.0,-0.7922008328965675,208.57412333688225,0.0,4.4610860984476215,181,True
brain_anterior_cingulate_cortex_ba24,excluded_at_or_below_-1,ENSG00000223866.1,ENSG00000223866,0.23076923076923078,3.357372548853044,-0.9288126221480376,0.00018622583686385793,8.923076923586096,1893.3498806689986,0.0,22.820201485066747,0.0,-0.931817621698336,-0.6794933712337616,-0.8379009084785648,0.08200803605470454,0.54042695418688,-0.7999638305228922,-0.931817621698336,-0.6794933712337616,3.0640994733281506,0.0,0.0,11,True
brain_anterior_cingulate_cortex_ba24,raw,ENSG00000223866.1,ENSG00000223866,0.282051282051282,252.37174130643095,-0.9964912279687722,0.0013826630285389907,11.897435897973889,324.2313267836201,0.0,3.588837548568422,0.0016440913692460748,-1.0,-0.6794933712337616,-0.9923472531899752,0.03843068736135068,5.664372535499288,33.804822572877214,-1.0,-0.6794933712337616,245.08206065793865,0.0,0.40293730068475836,233,True
brain_caudate_basal_ganglia,excluded_at_or_below_-1,ENSG00000223866.1,ENSG00000223866,,,,,,,,,,,,,,,,,,,,,1,False
brain_caudate_basal_ganglia,raw,ENSG00000223866.1,ENSG00000223866,0.025641025641025654,313.73303063528044,-0.9979384812029152,9.439768977539473e-05,0.9743589743589794,2464.7122104450877,0.0,30.88452534019909,0.0,-1.0,-0.8334207981474602,-0.9994447359938249,0.009617454703095687,17.23378497259397,295.00334448160544,-1.0,-0.8334207981474602,71.39798447027543,0.0,0.0,300,True
brain_cerebellar_hemisphere,excluded_at_or_below_-1,ENSG00000223866.1,ENSG00000223866,,,,,,,,,,,,,,,,,,,,,1,False
brain_cerebellar_hemisphere,raw,ENSG00000223866.1,ENSG00000223866,0.025641056837509085,276.80573753036396,-0.9986770165740587,0.0005566069443548743,0.974358975630649,271.7560879325526,0.0,3.3614045292402945,0.003557090967171521,-1.0,-0.8917191074304416,-0.9996090942506515,0.0065059682945766825,16.553054799293292,272.00362318840644,-1.0,-0.8917191074304416,273.8575167346167,0.0,0.9741360990687661,277,True
brain_cerebellum,excluded_at_or_below_-1,ENSG00000223866.1,ENSG00000223866,,,,,,,,,,,,,,,,,,,,,1,False
brain_cerebellum,raw,ENSG00000223866.1,ENSG00000223866,0.025644297908508914,274.7373887898368,-0.9982559275226507,0.0005888413447917656,0.9743589747765761,352.4294407691986,0.0,4.188719037895332,0.0001549422215458904,-1.0,-0.8515135744805039,-0.9994417803551899,0.009104286886550739,16.21739108441634,261.00377358490636,-1.0,-0.8515135744805039,274.67549345818,0.0,0.042558831160624325,266,True
brain_cortex,excluded_at_or_below_-1,ENSG00000223866.1,ENSG00000223866,0.4210526310890401,11.349436212601253,-0.8979264155943167,0.0022649439409313313,13.26316067546362,129.64110843185307,0.0,18.67138058463793,0.0,-0.927829699970288,-0.6902987624231598,-0.8272235701203096,0.07511497928200368,0.4431246809201362,-1.1421789539061855,-0.927829699970288,-0.6902987624231598,11.291273697327753,0.0,0.0,21,True
brain_cortex,raw,ENSG00000223866.1,ENSG00000223866,0.844410822952142,235.728786265427,-0.9961458233331013,0.0035567355156867595,199.39432380304288,121.60956575014627,0.0,1.53248080720949,0.3104027656011595,-1.0,-0.6902987624231598,-0.9865618332315795,0.05068207720009953,4.061107095190664,16.338895993060543,-1.0,-0.6902987624231598,234.7022764279245,0.0,72.85223569611527,270,True
brain_frontal_cortex_ba9,excluded_at_or_below_-1,ENSG00000223866.1,ENSG00000223866,0.1416976805327728,2.3163738548914377,-0.8808982545721257,0.023498077480772553,6.604545922323224,19.71292333701416,0.0,1.613155930463778,0.27223892431766983,-0.9077018887976368,-0.5533552212777784,-0.8283724883165837,0.10204562247121296,1.8243569368451027,2.03031627997449,-0.9077018887976368,-0.5533552212777784,2.316232958857651,0.0,0.6305687691885404,16,True
brain_frontal_cortex_ba9,raw,ENSG00000223866.1,ENSG00000223866,0.41025641025641024,307.3126071252675,-0.9944199772553214,6.858129846439702e-06,25.435897435897438,90951.87372575584,,1150.655356572392,,-1.0,-0.5533552212777784,-0.9897916721675291,0.04729485164070433,6.03641103824757,42.763743994437924,-1.0,-0.5533552212777784,0.0,0.0,0.0,269,True
brain_hippocampus,excluded_at_or_below_-1,ENSG00000223866.1,ENSG00000223866,0.041902705270309745,0.5997258049393294,-0.8952051989347186,0.12222454751083099,12.243528377647074,3.543434025225478,0.0,0.5161060874607953,0.8750710715448647,-0.9398100837172046,-0.5889610559773282,-0.8360583457964653,0.09329267687809426,1.5280858155814945,2.152104805008751,-0.9398100837172046,-0.5889610559773282,0.5985996627162538,0.0,0.5238172482795068,12,True
brain_hippocampus,raw,ENSG00000223866.1,ENSG00000223866,0.3076923076923077,324.27193436926206,-0.9956211366815905,0.0014101723321103,16.30769230769231,407.82547516520265,0.0,4.391412135710943,6.7200256637372e-05,-1.0,-0.5889610559773282,-0.992285098625716,0.03983645832542455,6.4634472104602825,49.21657150313045,-1.0,-0.5889610559773282,313.3014061010768,0.0,0.021053934894841253,255,True
brain_hypothalamus,excluded_at_or_below_-1,ENSG00000223866.1,ENSG00000223866,0.20000072313529846,0.2494412508807714,-0.90454668788949,0.035934446872670917,9.246093770515262,9.757626230151923,0.0,2.706890549005577,0.025639357284294808,-0.9733273990998624,-0.6566103714095392,-0.831639235379398,0.10646798063073595,0.40593611382903444,-1.1502074451042859,-0.9733273990998624,-0.6566103714095392,0.24944087472643542,0.0,0.006395503708418099,10,True
brain_hypothalamus,raw,ENSG00000223866.1,ENSG00000223866,0.2564102584947331,290.7527310041222,-0.9964619471476045,0.001861951471369213,7.4358974451336906,258.1284823976676,0.0,2.6872678505263528,0.027108444123293957,-1.0,-0.6566103714095392,-0.9934489974855797,0.03824484395441766,6.716896459990281,47.434545366122734,-1.0,-0.6566103714095392,289.9414315604227,0.0,7.859861096483528,257,True
brain_nucleus_accumbens_basal_ganglia,excluded_at_or_below_-1,ENSG00000223866.1,ENSG00000223866,,,,,,,,,,,,,,,,,,,,,1,False
brain_nucleus_accumbens_basal_ganglia,raw,ENSG00000223866.1,ENSG00000223866,0.025641025625673258,300.25920421648254,-0.9933361416958324,0.003032537367922573,0.9743589744990022,272.2219719412537,0.0,3.107667820081168,0.008044525305130857,-1.0,-0.4096030166251267,-0.9979284316372811,0.03497209905344597,16.792960463443023,280.0035211267604,-1.0,-0.4096030166251267,298.45225817125623,0.0,2.400906743232117,285,True
brain_putamen_basal_ganglia,excluded_at_or_below_-1,ENSG00000223866.1,ENSG00000223866,,,,,,,,,,,,,,,,,,,,,1,False
brain_putamen_basal_ganglia,raw,ENSG00000223866.1,ENSG00000223866,0.02564102564102294,265.55434014698733,-0.9983804072602488,0.0004896180968106843,0.9743589743589801,344.6407610350517,0.0,4.678033824724367,1.770046028769825e-05,-1.0,-0.879061544826054,-0.999523864349709,0.007588353576333337,15.843104259240707,249.00395256917074,-1.0,-0.879061544826054,265.53301198040083,0.0,0.004700056533631987,254,True
brain_spinal_cord_cervical_c-1,excluded_at_or_below_-1,ENSG00000223866.1,ENSG00000223866,,,,,,,,,,,,,,,,,,,,,6,False
brain_spinal_cord_cervical_c-1,raw,ENSG00000223866.1,ENSG00000223866,0.15760832345757633,207.75216225700424,-0.9920960029037708,1.6449617517652292e-05,5.0774750798168125,53707.55209248988,,679.5258235305331,,-1.0,-0.3673893014290966,-0.9920045007037508,0.05469423691638541,8.782959910263676,87.67909146186723,-1.0,-0.3673893014290966,0.0,0.0,0.0,204,True
brain_substantia_nigra,excluded_at_or_below_-1,ENSG00000223866.1,ENSG00000223866,,,,,,,,,,,,,,,,,,,,,3,False
brain_substantia_nigra,raw,ENSG00000223866.1,ENSG00000223866,0.07692307691891402,197.12745274425677,-0.9988074610681374,0.0005461853171085147,4.769230769261911,278.12461555243965,0.0,3.0877884818037336,0.00867319780961494,-1.0,-0.8913925801881328,-0.9983337285302015,0.012957729605310464,7.645586899679422,56.61149840403248,-1.0,-0.8913925801881328,193.28182435600567,0.0,1.6763714956428863,183,True
breast_mammary_tissue,excluded_at_or_below_-1,ENSG00000223866.1,ENSG00000223866,0.4852555568997906,6.353040432843162,-0.8628659233691031,0.24382916474274235,56.401752044020164,5.478939737706707,0.0,0.282583068608153,0.9608663378272639,-0.911586990273275,0.0817759153635995,-0.6825078168549656,0.21266340104884102,1.622971684534427,2.4890572126730888,-0.911586990273275,0.0817759153635995,6.352996314394849,0.0,6.104380302842683,87,True
breast_mammary_tissue,raw,ENSG00000223866.1,ENSG00000223866,2.2307692409931925,441.15636286357267,-0.9866644010042067,0.0009590900809943243,294.923076923077,1575.4545020703783,0.0,19.66383068279466,0.0,-1.0,0.0817759153635995,-0.9462610507128056,0.14759116148817902,3.6064073361055455,15.154302892788625,-1.0,0.0817759153635995,261.4086578436252,0.0,0.0,514,True
cells_cultured_fibroblasts,excluded_at_or_below_-1,ENSG00000223866.1,ENSG00000223866,0.2390963258063682,1.7106640220312497,-0.8069040960561333,0.2111276088031031,29.639773250283064,3.355279105588284,0.0,0.5966022193850381,0.8363855458917577,-0.8959707005186333,-0.3059952706301033,-0.7047571688077199,0.1474430905229064,0.9927706905885656,0.5135310126244299,-0.8959707005186333,-0.3059952706301033,1.704511867433098,0.0,1.4256290887220109,41,True
cells_cultured_fibroblasts,raw,ENSG00000223866.1,ENSG00000223866,1.0512820512820513,711.806455297035,-0.9913371385614931,3.103914311809685e-05,49.8974358974359,31225.72555572885,,394.6995601225992,,-1.0,-0.3059952706301033,-0.9814341164434303,0.0805009364123691,5.044783105188221,27.906772613070785,-1.0,-0.3059952706301033,0.0,0.0,0.0,652,True
cells_ebv-transformed_lymphocytes,excluded_at_or_below_-1,ENSG00000223866.1,ENSG00000223866,,,,,,,,,,,,,,,,,,,,,5,False
cells_ebv-transformed_lymphocytes,raw,ENSG00000223866.1,ENSG00000223866,0.1282051280529089,440.65475503799416,-0.9971063259857385,0.0016402223932832762,4.358974368143372,260.50918981346,0.0,2.494950107261894,0.04492951264212287,-1.0,-0.6949645433322689,-0.996492667936281,0.029015002920385898,8.542939608170663,73.84577635169832,-1.0,-0.6949645433322689,436.3890162277494,0.0,19.606745821488207,327,True
cervix_ectocervix,excluded_at_or_below_-1,ENSG00000223866.1,ENSG00000223866,,,,,,,,,,,,,,,,,,,,,1,False
cervix_ectocervix,raw,ENSG00000223866.1,ENSG00000223866,0.025641025650758105,33.80500895579153,-0.9980523464001332,0.001041237832197955,0.9743589747791593,279.2914515531887,0.0,2.6453112349195993,0.030719500614293183,-1.0,-0.7924194538130503,-0.9913508105755438,0.04237220155718858,4.587317109255644,19.043478260869552,-1.0,-0.7924194538130503,33.269160193332816,0.0,1.022011986996104,24,True
cervix_endocervix,excluded_at_or_below_-1,ENSG00000223866.1,ENSG00000223866,,,,,,,,,,,,,,,,,,,,,3,False
cervix_endocervix,raw,ENSG00000223866.1,ENSG00000223866,0.07692307692307866,22.760069291382987,-0.9937904526576348,0.0024453749463151635,2.769230769243851,324.978370751082,0.0,3.591116397509356,0.0016332897430600332,-1.0,-0.431856960381196,-0.9547873570223533,0.13271705709176831,3.087110362537386,8.886860605636665,-1.0,-0.431856960381196,22.067550233632456,0.0,0.03604270345105387,23,True
colon_sigmoid,excluded_at_or_below_-1,ENSG00000223866.1,ENSG00000223866,0.11998314610957782,907797138727.2756,-5.213977919328354,0.8296651940624531,8.119176981299615,8.234405294605837,0.0,-7.334950175272987,1.0,-0.9108422243244556,-0.3831661886912453,-0.7734960462920397,0.154017501363332,1.5340646252170893,1.3363747063533316,-0.9108422243244556,-0.3831661886912453,1.8825537540829878,0.0,1.8825537540829878,16,True
colon_sigmoid,raw,ENSG00000223866.1,ENSG00000223866,0.41025641025641024,448.42831765798167,-0.992357661082953,0.0002073345081334234,13.435897439285327,4155.25061454787,0.0,52.12783651906973,0.0,-1.0,-0.3831661886912453,-0.9913506843452807,0.05234546292965865,8.001175221868095,74.49332200726782,-1.0,-0.3831661886912453,5.615426327314377,0.0,0.0,419,True
colon_transverse,excluded_at_or_below_-1,ENSG00000223866.1,ENSG00000223866,0.056130451489790505,1.1324080399526355,-0.8491683729106584,0.11355015565842452,10.138977582813938,6.13084090453012,0.0,0.7463927515799573,0.7568796164256596,-0.9090978032167896,-0.3569103734482177,-0.7825850905464012,0.13489132043974628,2.2139224701121805,4.764362418111137,-0.9090978032167896,-0.3569103734482177,1.132408024625103,0.0,0.8570965513155868,15,True
colon_transverse,raw,ENSG00000223866.1,ENSG00000223866,0.3979299150360093,430.9100801576665,-0.9919791598381372,0.007327604752674016,1098.8965603380827,122.56704899710921,0.0,1.548006657208657,0.30318825942710603,-1.0,-0.3569103734482177,-0.9931915999127265,0.04438266190752692,8.969029772429652,101.17308614878802,-1.0,-0.3569103734482177,428.8634116206756,0.0,130.02635130124315,479,True
esophagus_gastroesophageal_junction,excluded_at_or_below_-1,ENSG00000223866.1,ENSG00000223866,,,,,,,,,,,,,,,,,,,,,2,False
esophagus_gastroesophageal_junction,raw,ENSG00000223866.1,ENSG00000223866,0.04951801573915825,373.44973416736764,-0.9964991159816738,0.0033085604550359107,775.4856040003225,118.5338334688165,0.0,1.4964204905115894,0.32783510916162595,-1.0,-0.71918855664815,-0.9986491822639636,0.01916074025344975,14.110665231468083,197.31403905384778,-1.0,-0.71918855664815,371.81290556833716,0.0,121.89332448469715,403,True
esophagus_mucosa,excluded_at_or_below_-1,ENSG00000223866.1,ENSG00000223866,,,,,,,,,,,,,,,,,,,,,1,False
esophagus_mucosa,raw,ENSG00000223866.1,ENSG00000223866,2.231400626671773,577.4057922284198,-0.997974807586679,0.0020854939770036545,1483.2785908799137,110.32603904686333,0.0,1.3733219126571996,0.39035628248602383,-1.0,-0.8352806459263886,-0.9997317274363621,0.0066475321283985395,24.718447186693737,609.0016313213681,-1.0,-0.8352806459263886,576.072875643182,0.0,224.87366617710597,614,True
esophagus_muscularis,excluded_at_or_below_-1,ENSG00000223866.1,ENSG00000223866,,,,,,,,,,,,,,,,,,,,,3,False
esophagus_muscularis,raw,ENSG00000223866.1,ENSG00000223866,0.07692307692251085,699.0604139390118,-0.9968188624116893,0.001535334972867197,2.769230769949788,285.21137147248805,0.0,2.930180058859024,0.01367738412142397,-1.0,-0.6871803432149657,-0.998783206079973,0.017467452248095636,15.311994076668007,243.44403021731404,-1.0,-0.6871803432149657,698.3854585345247,0.0,9.552086181193463,561,True
fallopian_tube,excluded_at_or_below_-1,ENSG00000223866.1,ENSG00000223866,,,,,,,,,,,,,,,,,,,,,2,False
fallopian_tube,raw,ENSG00000223866.1,ENSG00000223866,0.05128205128211533,31.68709374868866,-0.9958691348801606,0.0021340162211621657,1.897435897463832,261.79769691282013,0.0,2.737526275048444,0.02367881906283964,-1.0,-0.600822342274544,-0.9808547217268733,0.0786175515576164,4.283194975994194,17.54049596658481,-1.0,-0.600822342274544,31.56531048977035,0.0,0.747429275749626,29,True
heart_atrial_appendage,excluded_at_or_below_-1,ENSG00000223866.1,ENSG00000223866,,,,,,,,,,,,,,,,,,,,,2,False
heart_atrial_appendage,raw,ENSG00000223866.1,ENSG00000223866,0.05129045085675587,504.2961519762064,-0.9987045443693895,0.00027000820296706424,1.8974359001874586,570.7569503447604,0.0,6.785167643539061,1.0072726665859662e-10,-1.0,-0.8897329840663255,-0.999599530901008,0.006187766857359295,15.895978293303754,257.9666089842663,-1.0,-0.8897329840663255,503.9707873559824,0.0,5.076359988614998e-08,461,True
heart_left_ventricle,excluded_at_or_below_-1,ENSG00000223866.1,ENSG00000223866,,,,,,,,,,,,,,,,,,,,,1,False
heart_left_ventricle,raw,ENSG00000223866.1,ENSG00000223866,1.6446044791252759,416.64886663342133,-0.9989053490101257,0.001415017488346317,1797.2697222935615,93.05203218531774,0.0,1.094029076456629,0.5496735387879746,-1.0,-0.9058004203263404,-0.9997915938502795,0.004430775519598744,21.189672420660482,447.00221729489954,-1.0,-0.9058004203263404,416.6409223649469,0.0,229.01649020022631,452,True
kidney_cortex,excluded_at_or_below_-1,ENSG00000223866.1,ENSG00000223866,,,,,,,,,,,,,,,,,,,,,1,False
kidney_cortex,raw,ENSG00000223866.1,ENSG00000223866,0.02564102564102553,136.94593491923249,-0.9969676226881613,0.001327477518751498,0.9743589743589746,315.6202007781083,0.0,3.2305097902287074,0.00542127606661768,-1.0,-0.7007049278984767,-0.9971221627682545,0.029348296403227447,10.050358637275774,99.00970873786376,-1.0,-0.7007049278984767,136.8538426706578,0.0,0.7419224618950954,104,True
kidney_medulla,excluded_at_or_below_-1,ENSG00000223866.1,ENSG00000223866,,,,,,,,,,,,,,,,,,,,,0,False
kidney_medulla,raw,ENSG00000223866.1,ENSG00000223866,0.0,11.0,-0.9875,1.0001e-06,0.0,-17675.90193946968,0.0,,,-1.0,-1.0,-1.0,0.0,,,,-1.0,8.983579622590726e-189,0.0,,11,True
liver,excluded_at_or_below_-1,ENSG00000223866.1,ENSG00000223866,,,,,,,,,,,,,,,,,,,,,1,False
liver,raw,ENSG00000223866.1,ENSG00000223866,0.025641025641025578,281.5496987298548,-0.9979990579303495,0.0007440787204106661,0.9743589747509708,331.60650182742694,0.0,3.8030376824389784,0.0007283351197398285,-1.0,-0.8235265821144838,-0.9993264373363148,0.010902564167231284,16.09359597534447,257.0038314176238,-1.0,-0.8235265821144838,279.64206916557754,0.0,0.2036731399299991,262,True
lung,excluded_at_or_below_-1,ENSG00000223866.1,ENSG00000223866,,,,,,,,,,,,,,,,,,,,,8,False
lung,raw,ENSG00000223866.1,ENSG00000223866,0.07041440537436962,591.7941991568832,-0.9947941666906822,0.004868933211804345,57.199819140541564,121.67423402782094,0.0,1.5120684037402516,0.3196439292862097,-1.0,-0.5758873375942295,-0.9971532823776624,0.027113687739559064,11.332649104373338,144.27706559593062,-1.0,-0.5758873375942295,590.2411208340656,0.0,188.6669910896972,604,True
minor_salivary_gland,excluded_at_or_below_-1,ENSG00000223866.1,ENSG00000223866,,,,,,,,,,,,,,,,,,,,,3,False
minor_salivary_gland,raw,ENSG00000223866.1,ENSG00000223866,0.0769230769227909,222.19014662093946,-0.998326594952697,0.0008127021298207397,2.769230769239399,283.3729884863259,0.0,2.911955101879141,0.014425484957362065,-1.0,-0.835481436764525,-0.9977810056281871,0.017391775685586277,7.918739950885497,62.520807554062,-1.0,-0.835481436764525,221.97197203945268,0.0,3.2020533436111167,181,True
muscle_skeletal,excluded_at_or_below_-1,ENSG00000223866.1,ENSG00000223866,0.1443861812807735,1.1760400580541857,-0.8360679286568311,0.07505744220448023,22.383703443743176,5.727980371078732,0.0,1.453429909197517,0.3477659511803915,-0.913206724599926,-0.5320632386373074,-0.7996693330831045,0.08567882917827237,1.4839165925301858,2.5481702870692553,-0.913206724599926,-0.5320632386373074,1.1760354870553982,0.0,0.4089850997777155,21,True
muscle_skeletal,raw,ENSG00000223866.1,ENSG00000223866,-0.312540706404242,724.5775688491129,-0.9942848027051794,0.006431868269297754,5982.158102915091,101.63143543321655,0.0,1.256634804626662,0.45471114978311916,-1.0,-0.5320632386373074,-0.9948570366683926,0.034420557157909586,7.815668696772928,70.3009031417148,-1.0,-0.5320632386373074,723.5113275511685,0.0,328.9886676319028,818,True
nerve_tibial,excluded_at_or_below_-1,ENSG00000223866.1,ENSG00000223866,0.6045944321162721,8.920673473525293,-0.7778347029096385,0.16698140715646081,158.60069415061434,7.561842606986733,0.0,1.2487405960984808,0.45855483429196375,-0.9252781071151708,0.1150199216008887,-0.684566931851553,0.1997379027245821,2.0452880265662188,4.860355633838065,-0.9252781071151708,0.1150199216008887,8.920663315536824,0.0,4.090613288430388,115,True
nerve_tibial,raw,ENSG00000223866.1,ENSG00000223866,2.9487179487179485,552.4989378851997,-0.9861474864805178,0.0029938815243623026,565.8974358977423,520.1561485582353,0.0,6.543482877593571,5.434091364402732e-10,-1.0,0.1150199216008887,-0.9458585032282516,0.144796937499859,3.6356617089623398,16.58568757096855,-1.0,0.1150199216008887,512.359245947716,0.0,2.784206953876378e-07,670,True
ovary,excluded_at_or_below_-1,ENSG00000223866.1,ENSG00000223866,,,,,,,,,,,,,,,,,,,,,0,False
ovary,raw,ENSG00000223866.1,ENSG00000223866,0.0,193.0,-0.9875,1.0001e-06,0.0,-17675.90193946968,0.0,,,-1.0,-1.0,-1.0,0.0,,,,-1.0,1.576209879236373e-187,0.0,,193,True
pancreas,excluded_at_or_below_-1,ENSG00000223866.1,ENSG00000223866,,,,,,,,,,,,,,,,,,,,,2,False
pancreas,raw,ENSG00000223866.1,ENSG00000223866,0.031038487035354223,334.7560194748879,-0.9982255566766377,0.0017643790669743455,668.0477598337453,113.07501094816568,0.0,1.4222804274508296,0.36498760300886185,-1.0,-0.8571526751663946,-0.9992409851645361,0.010205458838220119,13.373990900150826,177.15101960485265,-1.0,-0.8571526751663946,333.57010380979534,0.0,121.74895262495347,362,True
pituitary,excluded_at_or_below_-1,ENSG00000223866.1,ENSG00000223866,,,,,,,,,,,,,,,,,,,,,2,False
pituitary,raw,ENSG00000223866.1,ENSG00000223866,-0.19153079129350298,291.45892507523513,-0.9965240984560724,0.0034643677919047973,414.65998614533294,113.03367065506797,0.0,1.4189218351419357,0.36664705483384435,-1.0,-0.7196280069201582,-0.998462959962695,0.019460523036648716,12.884948338101438,167.8098353624001,-1.0,-0.7196280069201582,290.49463182077943,0.0,106.50900120213075,313,True
prostate,excluded_at_or_below_-1,ENSG00000223866.1,ENSG00000223866,0.5599313291567061,3.2862829802842626,-0.7901278635560095,0.15068435525812973,66.14572773934668,5.5273838433507585,0.0,1.2999700848198004,0.42957401050324556,-0.9286395843439408,-0.2011855051600853,-0.6999632548400444,0.16883706025162376,1.160616494402847,0.8687212474925192,-0.9286395843439408,-0.2011855051600853,3.28628161157289,0.0,1.4117011715264354,66,True
prostate,raw,ENSG00000223866.1,ENSG00000223866,1.6923077366884456,273.5962221877817,-0.9900289519458818,2.8597591224409678e-05,152.3076923077438,39010.03732375159,,493.0901794683894,,-1.0,-0.2011855051600853,-0.9297786341114997,0.1509612001811922,2.449807401477482,6.001430642471666,-1.0,-0.2011855051600853,0.0,0.0,0.0,282,True
skin_not_sun_exposed_suprapubic,excluded_at_or_below_-1,ENSG00000223866.1,ENSG00000223866,0.5674147155710243,16.117485709454126,-0.8552852774906036,0.016175692047712905,49.079530167852496,76.36358949217939,0.0,2.2265769764067906,0.08384251517445311,-0.8807527347750941,0.0181569947010851,-0.7552173091349658,0.15642910256814196,2.9526117904867815,11.853350184712683,-0.8807527347750941,0.0181569947010851,16.117365525545615,0.0,1.3513204636477658,43,True
skin_not_sun_exposed_suprapubic,raw,ENSG00000223866.1,ENSG00000223866,0.8545078988705852,557.2403151891654,-0.9872959428623572,0.011506599323212807,2734.9529664076363,123.57475399022299,0.0,1.5613865918641125,0.2969888142815649,-1.0,0.0181569947010851,-0.9838315580534616,0.07268538703361241,6.7567065023130555,65.10163785658273,-1.0,0.0181569947010851,554.5147190023625,0.0,164.68466889818677,651,True
skin_sun_exposed_lower_leg,excluded_at_or_below_-1,ENSG00000223866.1,ENSG00000223866,2.0712131621197507,13.989537178369403,-0.8394637253392904,0.03214914900937889,150.64573701342744,25.717924789257683,0.0,4.029526258646741,0.0002979702171456308,-0.9310664673672036,-0.254821194493785,-0.7364860434552577,0.1396064954198098,1.2843430650680374,1.5811233319437958,-0.9310664673672036,-0.254821194493785,13.98920261357883,0.0,0.00416836574046231,130,True
skin_sun_exposed_lower_leg,raw,ENSG00000223866.1,ENSG00000223866,3.4110980527852015,590.4024821398174,-0.9907113885593315,0.008166363013261761,1612.514819217298,127.43811304675178,0.0,1.6085594350477566,0.27563397994638944,-1.0,-0.254821194493785,-0.9545665592164237,0.11515305555666475,2.9448777840542273,9.316913229550902,-1.0,-0.254821194493785,587.4283037555878,0.0,161.91520129730955,754,True
small_intestine_terminal_ileum,excluded_at_or_below_-1,ENSG00000223866.1,ENSG00000223866,,,,,,,,,,,,,,,,,,,,,2,False
small_intestine_terminal_ileum,raw,ENSG00000223866.1,ENSG00000223866,0.05128205128205127,298.286990568808,-0.9982634656116295,0.0005073439183679928,1.8974358974358974,451.71391796199305,0.0,4.8405635598451155,8.46325028133858e-06,-1.0,-0.8362127575589972,-0.9985022551363263,0.01522481788580058,10.074744043338306,99.83289035469204,-1.0,-0.8362127575589972,287.8114431207997,0.0,0.002435820276964741,207,True
spleen,excluded_at_or_below_-1,ENSG00000223866.1,ENSG00000223866,,,,,,,,,,,,,,,,,,,,,1,False
spleen,raw,ENSG00000223866.1,ENSG00000223866,0.025641025641072464,276.7248808351564,-0.9975699682988278,0.0007744695322457391,0.9743589747853029,356.4458533593155,0.0,4.437338908387168,5.4310827491118596e-05,-1.0,-0.8023685781644475,-0.9992865291630485,0.011874521293295038,16.55305479929326,272.00362318840564,-1.0,-0.8023685781644475,270.10815646699984,0.0,0.014669797489823264,277,True
stomach,excluded_at_or_below_-1,ENSG00000223866.1,ENSG00000223866,,,,,,,,,,,,,,,,,,,,,4,False
stomach,raw,ENSG00000223866.1,ENSG00000223866,0.10256410256410262,441.5796313636374,-0.995655882684686,0.0009178573153007177,3.5897435897482395,494.51625094425344,0.0,6.693316620616817,1.8693811479256007e-10,-1.0,-0.674703396765503,-0.9976406585795222,0.02500034273247373,11.222819535217695,129.20807520212503,-1.0,-0.674703396765503,441.5795425603358,0.0,8.254804721719022e-08,407,True
testis,excluded_at_or_below_-1,ENSG00000223866.1,ENSG00000223866,0.31649807850755385,6.912928787684138,-0.8207843067989025,0.17283918456396793,121.03401503767445,4.988018657824055,0.0,0.9937971947031663,0.6102983990817744,-0.9422419856987028,-0.2111698183326101,-0.7588867435131263,0.13162626859171614,1.4235544864696406,2.5389157546360472,-0.9422419856987028,-0.2111698183326101,6.912820584737149,0.0,4.218883336004618,110,True
testis,raw,ENSG00000223866.1,ENSG00000223866,3.0187687716105853,283.63360795243915,-0.9901573108840843,0.008316364303958448,811.4156797792721,132.46830425176736,0.0,1.6737679987545047,0.24780473345082463,-1.0,-0.2111698183326101,-0.9359360912716036,0.1262636913416136,2.271168623109651,5.570095276144848,-1.0,-0.2111698183326101,282.03970069846673,0.0,69.89077285413404,414,True
thyroid,excluded_at_or_below_-1,ENSG00000223866.1,ENSG00000223866,0.02542532682137201,0.884469306703963,-0.8043932972602439,0.17545919308736677,14.876642754796158,3.9093909042765103,0.0,0.8655419401620539,0.6874308422331332,-0.9117796881454152,-0.3193614804415585,-0.7441387265219892,0.13838416826097866,1.7725530270618859,3.595938041489637,-0.9117796881454152,-0.3193614804415585,0.8840397678014817,0.0,0.6077162021473561,16,True
thyroid,raw,ENSG00000223866.1,ENSG00000223866,0.42113201938879663,617.6045357320243,-0.9915309869255875,0.008127509035158279,2585.7675500557084,116.95972630374708,0.0,1.473636399287735,0.3389890744881918,-1.0,-0.3193614804415585,-0.9940149409712746,0.04379826997781709,9.295819553191423,105.4598790580671,-1.0,-0.3193614804415585,615.1299983659552,0.0,208.52234883599846,684,True
uterus,excluded_at_or_below_-1,ENSG00000223866.1,ENSG00000223866,,,,,,,,,,-0.8459807070394003,-0.4960030882453623,,,,,,,,,,6,False
uterus,raw,ENSG00000223866.1,ENSG00000223866,0.1538461539225257,181.62838622592722,-0.994809331928096,0.0024059557568615543,7.0769230790403475,293.19681078952306,0.0,3.0510590912276196,0.009552203588955224,-1.0,-0.4960030882453623,-0.990513099462249,0.05296436062684895,6.830093264977056,52.96848920917708,-1.0,-0.4960030882453623,180.9942722060448,0.0,1.7288941365469195,153,True
vagina,excluded_at_or_below_-1,ENSG00000223866.1,ENSG00000223866,,,,,,,,,,-0.859814246852277,-0.5985180698469108,,,,,,,,,,9,False
vagina,raw,ENSG00000223866.1,ENSG00000223866,0.23076923152602075,165.26036249526953,-0.9946448437137028,0.002028045610591729,10.923076931939217,276.2304028547286,0.0,3.734301935398535,0.0009373123428709015,-1.0,-0.5985180698469108,-0.9873086570543745,0.057534659848512304,4.897061829151699,24.627746441862733,-1.0,-0.5985180698469108,165.25846455695435,0.0,0.15489879859312672,170,True
whole_blood,excluded_at_or_below_-1,ENSG00000223866.1,ENSG00000223866,,,,,,,,,,,,,,,,,,,,,3,False
whole_blood,raw,ENSG00000223866.1,ENSG00000223866,2.6428727444256417,755.3753458372831,-0.9921460131255647,0.0072095803191625,2094.2357608280868,122.2066376620449,0.0,1.5406187690293687,0.30657622412620794,-1.0,-0.3691435238262417,-0.9986526102370233,0.024966879988330845,21.895158834040913,519.4115450429242,-1.0,-0.3691435238262417,752.0106899491,0.0,230.54859782714004,803,True
adipose_subcutaneous,excluded_at_or_below_-1,ENSG00000223867.1,ENSG00000223867,0.14752671256198066,1.1050364664261898,-0.842483390748431,0.03366256637349105,8.431990837080635,17.10678216878453,0.0,0.3733564946337283,0.9326927343184802,-0.8513704062006744,-0.4352901594607505,-0.7267334230207316,0.1297871291345058,1.101195343785714,0.43241277979167014,-0.8513704062006744,-0.4352901594607505,1.1050164954835753,0.0,1.0306408566396004,10,True
adipose_subcutaneous,raw,ENSG00000223867.1,ENSG00000223867,0.2564102564110771,731.0512538579251,-0.9934484129438566,0.002599944176875257,9.435897436623076,303.6045846857277,0.0,3.5636700788714015,0.001747558312306215,-1.0,-0.4352901594607505,-0.9961727370170971,0.03528862918537251,10.816349794645504,131.75076671929904,-1.0,-0.4352901594607505,730.8052964251779,0.0,1.277124870445227,714,True
adipose_visceral_omentum,excluded_at_or_below_-1,ENSG00000223867.1,ENSG00000223867,,,,,,,,,,,,,,,,,,,,,3,False
adipose_visceral_omentum,raw,ENSG00000223867.1,ENSG00000223867,0.08282950848870191,547.4222601746852,-0.9784560729831632,0.01875584916130149,1342.7228281750038,128.4603606055515,0.0,1.6244379826241222,0.26875219812938594,-1.0,0.7252350885420444,-0.9961005041819697,0.07327454448337413,22.400050333354358,518.8531090074916,-1.0,0.7252350885420444,544.4557118876419,0.0,146.3236693539034,587,True
adrenal_gland,excluded_at_or_below_-1,ENSG00000223867.1,ENSG00000223867,,,,,,,,,,,,,,,,,,,,,1,False
adrenal_gland,raw,ENSG00000223867.1,ENSG00000223867,0.025641025641056366,313.46189747372046,-0.9971729160395998,0.0010181895784163333,0.9743589875667905,338.8705499030299,0.0,3.926675899574712,0.000450006995150811,-1.0,-0.7531967079734727,-0.9991633786710965,0.014369443209567567,17.088107015130262,290.0034013605441,-1.0,-0.7531967079734727,312.47780227028255,0.0,0.1406171968509791,295,True
artery_aorta,excluded_at_or_below_-1,ENSG00000223867.1,ENSG00000223867,,,,,,,,,,,,,,,,,,,,,8,False
artery_aorta,raw,ENSG00000223867.1,ENSG00000223867,0.21053850178833633,430.364522299861,-0.9944538665118957,0.00521837994085713,1151.9617416192102,119.14238307585826,0.0,1.5030368211021041,0.3245808186128539,-1.0,-0.5548242105031584,-0.9962054848494478,0.031036269809078802,9.590105434003165,106.13473772431378,-1.0,-0.5548242105031584,428.5011625420859,0.0,139.08325811446943,472,True
artery_coronary,excluded_at_or_below_-1,ENSG00000223867.1,ENSG00000223867,,,,,,,,,,,,,,,,,,,,,1,False
artery_coronary,raw,ENSG00000223867.1,ENSG00000223867,0.025641025641025793,276.01909039436435,-0.9974564555808355,0.0008729884406412945,0.9743589753371349,346.16744995806937,0.0,4.120461218751787,0.00020577293107490097,-1.0,-0.7837686573726449,-0.9991931666319875,0.013208431490600915,16.278935632231995,263.00374531835234,-1.0,-0.7837686573726449,275.9188987052721,0.0,0.05677664052554281,268,True
artery_tibial,excluded_at_or_below_-1,ENSG00000223867.1,ENSG00000223867,,,,,,,,,,,,,,,,,,,,,4,False
artery_tibial,raw,ENSG00000223867.1,ENSG00000223867,0.1025641025641022,756.2093525080977,-0.9963031765391757,0.001035202848155532,3.589743589743593,363.89611983555767,0.0,5.050312492196366,2.916032884018458e-06,-1.0,-0.7299315975151484,-0.9986793310944773,0.01761216216097934,13.593988553890764,186.3313188765087,-1.0,-0.7299315975151484,750.5277243147632,0.0,0.0021885635244693474,691,True
bladder,excluded_at_or_below_-1,ENSG00000223867.1,ENSG00000223867,,,,,,,,,,,,,,,,,,,,,0,False
bladder,raw,ENSG00000223867.1,ENSG00000223867,0.0,77.0,-0.9875,1.0001e-06,0.0,-17675.90193946968,0.0,,,-1.0,-1.0,-1.0,0.0,,,,-1.0,6.288505735813509e-188,0.0,,77,True
brain_amygdala,excluded_at_or_below_-1,ENSG00000223867.1,ENSG00000223867,,,,,,,,,,,,,,,,,,,,,1,False
brain_amygdala,raw,ENSG00000223867.1,ENSG00000223867,0.025641025032010326,198.65711039166968,-0.9988384891083387,0.000604710888207552,0.974358975608703,250.14965216475693,0.0,2.7163798235887544,0.025412250737095757,-1.0,-0.8918757061383271,-0.999402628210709,0.008036815469448988,13.341872265748757,176.0055555555557,-1.0,-0.8918757061383271,195.34056275862466,0.0,4.964043359947782,181,True
brain_anterior_cingulate_cortex_ba24,excluded_at_or_below_-1,ENSG00000223867.1,ENSG00000223867,,,,,,,,,,,,,,,,,,,,,2,False
brain_anterior_cingulate_cortex_ba24,raw,ENSG00000223867.1,ENSG00000223867,0.05128205128205128,255.29062012951823,-0.9983216388591232,0.00045054952129991476,1.8974359030823515,451.99763061159103,0.0,5.26814695339133,9.433447528393511e-07,-1.0,-0.8543212406738439,-0.9990276213109912,0.010896150614548574,11.821218784427801,144.18443378289484,-1.0,-0.8543212406738439,254.5635350242529,0.0,0.00024014117502936527,233,True
brain_caudate_basal_ganglia,excluded_at_or_below_-1,ENSG00000223867.1,ENSG00000223867,,,,,,,,,,,,,,,,,,,,,1,False
brain_caudate_basal_ganglia,raw,ENSG00000223867.1,ENSG00000223867,0.025641298959624432,313.73495403588464,-0.99837572539494,7.393773386671393e-05,0.9743589743618877,2479.180144886,0.0,31.06764375054982,0.0,-1.0,-0.868759543909146,-0.9995625318130306,0.007577171265262379,17.233784972593998,295.0033444816065,-1.0,-0.868759543909146,69.9459244924842,0.0,0.0,300,True
brain_cerebellar_hemisphere,excluded_at_or_below_-1,ENSG00000223867.1,ENSG00000223867,,,,,,,,,,,,,,,,,,,,,1,False
brain_cerebellar_hemisphere,raw,ENSG00000223867.1,ENSG00000223867,0.025641031301956496,276.8058809071931,-0.9980988096654988,0.0007964152866758927,0.9743589751125847,272.9087525845013,0.0,3.3759888850535535,0.0033870229374307888,-1.0,-0.8444100682980155,-0.9994383034956608,0.009348492966644105,16.553054799293278,272.003623188406,-1.0,-0.8444100682980155,273.8197180570587,0.0,0.9274336657800871,277,True
brain_cerebellum,excluded_at_or_below_-1,ENSG00000223867.1,ENSG00000223867,,,,,,,,,,,,,,,,,,,,,2,False
brain_cerebellum,raw,ENSG00000223867.1,ENSG00000223867,0.051292082153110624,285.53014793125504,-0.9976849541650171,0.0005544099307688589,3.897435901360014,498.23776228734835,0.0,5.905322101297791,2.6761036338271596e-08,-1.0,-0.8023622881649537,-0.9985176260305059,0.017063335684136174,11.402191023097187,128.01076703183236,-1.0,-0.8023622881649537,285.50282835967937,0.0,7.640351564412728e-06,266,True
brain_cortex,excluded_at_or_below_-1,ENSG00000223867.1,ENSG00000223867,,,,,,,,,,,,,,,,,,,,,1,False
brain_cortex,raw,ENSG00000223867.1,ENSG00000223867,0.02564102563334612,312.5476953518024,-0.9986777259259452,0.0006453246523042035,0.9743589743743625,272.7592302634652,0.0,2.8977320516513863,0.015159905386272939,-1.0,-0.8742140238969753,-0.9995341260144333,0.007655090725492488,16.340248390771748,265.003717472119,-1.0,-0.8742140238969753,309.6469262703985,0.0,4.694218105409473,270,True
brain_frontal_cortex_ba9,excluded_at_or_below_-1,ENSG00000223867.1,ENSG00000223867,,,,,,,,,,,,,,,,,,,,,1,False
brain_frontal_cortex_ba9,raw,ENSG00000223867.1,ENSG00000223867,0.025641025641025637,281.28183109215064,-0.9985239734776079,5.272151411761596e-06,0.9743589743589877,31303.58413144171,,395.93262092821095,,-1.0,-0.8818250252686538,-0.9995606878262775,0.007205255375684223,16.309620821566757,264.00373134328373,-1.0,-0.8818250252686538,0.0,0.0,0.0,269,True
brain_hippocampus,excluded_at_or_below_-1,ENSG00000223867.1,ENSG00000223867,,,,,,,,,,,,,,,,,,,,,0,False
brain_hippocampus,raw,ENSG00000223867.1,ENSG00000223867,0.0,255.0,-0.9875,1.0001e-06,0.0,-17675.90193946968,0.0,,,-1.0,-1.0,-1.0,0.0,,,,-1.0,2.08255709432785e-187,0.0,,255,True
brain_hypothalamus,excluded_at_or_below_-1,ENSG00000223867.1,ENSG00000223867,,,,,,,,,,,,,,,,,,,,,1,False
brain_hypothalamus,raw,ENSG00000223867.1,ENSG00000223867,0.025644535670840594,255.85707577697266,-0.9985272741964356,0.0010561038614554004,1.0044734959079544,155.9859368915427,0.0,1.9721060409601872,0.14418764947383989,-1.0,-0.8820403766959887,-0.9995410131388948,0.007358119137214921,15.937499999999943,252.0039062499989,-1.0,-0.8820403766959887,253.82817933788866,0.0,36.598888548954456,257,True
brain_nucleus_accumbens_basal_ganglia,excluded_at_or_below_-1,ENSG00000223867.1,ENSG00000223867,,,,,,,,,,,,,,,,,,,,,0,False
brain_nucleus_accumbens_basal_ganglia,raw,ENSG00000223867.1,ENSG00000223867,0.0,285.0,-0.9875,1.0001e-06,0.0,-17675.90193946968,0.0,,,-1.0,-1.0,-1.0,0.0,,,,-1.0,2.3275638113075975e-187,0.0,,285,True
brain_putamen_basal_ganglia,excluded_at_or_below_-1,ENSG00000223867.1,ENSG00000223867,,,,,,,,,,,,,,,,,,,,,3,False
brain_putamen_basal_ganglia,raw,ENSG00000223867.1,ENSG00000223867,0.07692307692306151,266.77231356144193,-0.9982229357849678,0.000701802313111032,2.769230769230862,310.89814730084277,0.0,3.580991779531166,0.0016494263116446236,-1.0,-0.8439399867857108,-0.9985372507590322,0.013685293737724652,9.593385262863272,93.23031798800125,-1.0,-0.8439399867857108,265.59489991842383,0.0,0.4380792161640686,254,True
brain_spinal_cord_cervical_c-1,excluded_at_or_below_-1,ENSG00000223867.1,ENSG00000223867,,,,,,,,,,,,,,,,,,,,,1,False
brain_spinal_cord_cervical_c-1,raw,ENSG00000223867.1,ENSG00000223867,-0.08857799828993071,192.8004157528748,-0.9982667525625211,0.0016254706323421638,110.76663938155798,119.6698778983232,0.0,1.507982970752981,0.32213477902387305,-1.0,-0.8607204319252855,-0.9993172570192417,0.00975152026435231,14.177620608140671,199.00492610837478,-1.0,-0.8607204319252855,191.9883073863859,0.0,61.846110975081366,204,True
brain_substantia_nigra,excluded_at_or_below_-1,ENSG00000223867.1,ENSG00000223867,,,,,,,,,,,,,,,,,,,,,0,False
brain_substantia_nigra,raw,ENSG00000223867.1,ENSG00000223867,0.0,183.0,-0.9875,1.0001e-06,0.0,-17675.90193946968,0.0,,,-1.0,-1.0,-1.0,0.0,,,,-1.0,1.4945409735764572e-187,0.0,,183,True
breast_mammary_tissue,excluded_at_or_below_-1,ENSG00000223867.1,ENSG00000223867,0.19763640175915412,1.1487803556864482,-0.8769806430376993,0.14253388938803746,11.38188626723829,6.075801336842136,0.0,0.28635056817673943,0.9598308246550721,-0.9058409660445136,-0.2646207995668455,-0.7242254478409137,0.17450679631145538,1.193028911679353,0.630989412916648,-0.9058409660445136,-0.2646207995668455,1.148780241244479,0.0,1.102634686301141,19,True
breast_mammary_tissue,raw,ENSG00000223867.1,ENSG00000223867,0.48717948717948717,560.3270400387466,-0.991194948488034,0.0010953643141536332,25.743589743592338,938.0723857778653,0.0,11.368111143220858,0.0,-1.0,-0.2646207995668455,-0.9898059990447031,0.06149080327276066,7.579779540276509,65.56842650105328,-1.0,-0.2646207995668455,539.8585155853443,0.0,0.0,514,True
cells_cultured_fibroblasts,excluded_at_or_below_-1,ENSG00000223867.1,ENSG00000223867,,,,,,,,,,,,,,,,,,,,,5,False
cells_cultured_fibroblasts,raw,ENSG00000223867.1,ENSG00000223867,0.12822308103932942,702.629694785797,-0.9941138103147757,0.00030712475803411853,4.358974371544225,2173.753064040126,0.0,27.104064604979406,0.0,-1.0,-0.5220398594052886,-0.9978988835724554,0.02623265274109513,14.207817001599292,218.61631405979108,-1.0,-0.5220398594052886,269.4452655400511,0.0,0.0,652,True
cells_ebv-transformed_lymphocytes,excluded_at_or_below_-1,ENSG00000223867.1,ENSG00000223867,,,,,,,,,,,,,,,,,,,,,2,False
cells_ebv-transformed_lymphocytes,raw,ENSG00000223867.1,ENSG00000223867,0.051282051282066025,343.873147863386,-0.9949318914756048,0.0018616837181868512,1.8974358991329687,331.06348287251916,0.0,3.8499492372201267,0.0006057682095501072,-1.0,-0.559116882944807,-0.9981700929050381,0.02586468399309792,15.696573150513867,256.51447937281813,-1.0,-0.559116882944807,343.17187196960924,0.0,0.2078826104509888,327,True
cervix_ectocervix,excluded_at_or_below_-1,ENSG00000223867.1,ENSG00000223867,,,,,,,,,,,,,,,,,,,,,0,False
cervix_ectocervix,raw,ENSG00000223867.1,ENSG00000223867,0.0,24.0,-0.9875,1.0001e-06,0.0,-17675.90193946968,0.0,,,-1.0,-1.0,-1.0,0.0,,,,-1.0,1.9600537358379766e-188,0.0,,24,True
cervix_endocervix,excluded_at_or_below_-1,ENSG00000223867.1,ENSG00000223867,,,,,,,,,,,,,,,,,,,,,1,False
cervix_endocervix,raw,ENSG00000223867.1,ENSG00000223867,0.025641025646386977,53.15116741524743,-0.9978503772996219,0.0015268096249843291,0.974358974393938,263.62527946825264,0.0,1.9910966810226243,0.1410544479326726,-1.0,-0.7132359281170708,-0.9875319968746553,0.05979444242128983,4.477215043467823,18.04545454545459,-1.0,-0.7132359281170708,51.910255929850436,0.0,7.322172492228955,23,True
colon_sigmoid,excluded_at_or_below_-1,ENSG00000223867.1,ENSG00000223867,,,,,,,,,,,,,,,,,,,,,2,False
colon_sigmoid,raw,ENSG00000223867.1,ENSG00000223867,-0.37869891261229793,388.7072048252232,-0.9974521378867064,0.003177913844954296,1199.0457081417633,95.1693335349885,0.0,1.1338322344381637,0.5258431403473114,-1.0,-0.7835948035330397,-0.99899272568398,0.014566710780979097,14.384478509215903,205.05031742703676,-1.0,-0.7835948035330397,388.69342736603573,0.0,204.39177247851583,419,True
colon_transverse,excluded_at_or_below_-1,ENSG00000223867.1,ENSG00000223867,,,,,,,,,,,,,,,,,,,,,4,False
colon_transverse,raw,ENSG00000223867.1,ENSG00000223867,0.10256384492002418,484.39001566191564,-0.9962436894927491,0.0015524083801128513,5.5897435944510345,286.2485423068133,0.0,3.4219251402473256,0.0028680901713022326,-1.0,-0.6820233710802243,-0.9983735353093359,0.018918209524173113,13.105484011482368,187.97739320863732,-1.0,-0.6820233710802243,484.06223503435683,0.0,1.3883341386006354,479,True
esophagus_gastroesophageal_junction,excluded_at_or_below_-1,ENSG00000223867.1,ENSG00000223867,,,,,,,,,,,,,,,,,,,,,4,False
esophagus_gastroesophageal_junction,raw,ENSG00000223867.1,ENSG00000223867,0.10256410255564688,400.8487583371394,-0.9976685303400411,0.0008615103649661665,3.589743589921814,294.44766408718084,0.0,3.827227329417963,0.0006677462147900785,-1.0,-0.8182969549992443,-0.9984320522550453,0.015814523166279505,10.136360416471485,102.2734739390045,-1.0,-0.8182969549992443,395.97538648473676,0.0,0.2644110654752133,403,True
esophagus_mucosa,excluded_at_or_below_-1,ENSG00000223867.1,ENSG00000223867,,,,,,,,,,,,,,,,,,,,,3,False
esophagus_mucosa,raw,ENSG00000223867.1,ENSG00000223867,0.07894737046479951,609.9029911248222,-0.9979676051470475,0.001358225122475098,3.8261879986658345,167.06232820111308,0.0,2.116173760580265,0.10759111769325527,-1.0,-0.8375192420291231,-0.9992680041414792,0.01048569605721198,14.324489101249705,204.31433958514748,-1.0,-0.8375192420291231,604.02851378538,0.0,64.98810291676584,614,True
esophagus_muscularis,excluded_at_or_below_-1,ENSG00000223867.1,ENSG00000223867,,,,,,,,,,,,,,,,,,,,,3,False
esophagus_muscularis,raw,ENSG00000223867.1,ENSG00000223867,0.07692307145105688,590.4265535441453,-0.9969635515023503,0.001321613131760818,2.769230778479689,283.6088239039413,0.0,3.249200952704139,0.005126447201033351,-1.0,-0.7319249774656762,-0.9988013168025509,0.01667708958052269,14.262063025753347,206.3118842586044,-1.0,-0.7319249774656762,587.2991089872887,0.0,3.0107578734372296,561,True
fallopian_tube,excluded_at_or_below_-1,ENSG00000223867.1,ENSG00000223867,,,,,,,,,,,,,,,,,,,,,1,False
fallopian_tube,raw,ENSG00000223867.1,ENSG00000223867,,,,,,,,,,,,,,,,,,,,,29,False
heart_atrial_appendage,excluded_at_or_below_-1,ENSG00000223867.1,ENSG00000223867,,,,,,,,,,,,,,,,,,,,,2,False
heart_atrial_appendage,raw,ENSG00000223867.1,ENSG00000223867,0.051282869668654155,497.16542124147827,-0.9978917045502221,0.00032763060492506,1.8974358974620182,750.9309891425817,0.0,9.100431930796054,1.0577845655433233e-18,-1.0,-0.8239236556107713,-0.9992860647553716,0.010853924940787029,15.194509868109098,229.98385726731578,-1.0,-0.8239236556107713,485.4279081161,0.0,5.134781488891349e-16,461,True
heart_left_ventricle,excluded_at_or_below_-1,ENSG00000223867.1,ENSG00000223867,,,,,,,,,,,,,,,,,,,,,0,False
heart_left_ventricle,raw,ENSG00000223867.1,ENSG00000223867,0.0,452.0,-0.9875,1.0001e-06,0.0,-17675.90193946968,0.0,,,-1.0,-1.0,-1.0,0.0,,,,-1.0,3.6914345358281893e-187,0.0,,452,True
kidney_cortex,excluded_at_or_below_-1,ENSG00000223867.1,ENSG00000223867,,,,,,,,,,,,,,,,,,,,,0,False
kidney_cortex,raw,ENSG00000223867.1,ENSG00000223867,0.0,104.0,-0.9875,1.0001e-06,0.0,-17675.90193946968,0.0,,,-1.0,-1.0,-1.0,0.0,,,,-1.0,8.493566188631232e-188,0.0,,104,True
kidney_medulla,excluded_at_or_below_-1,ENSG00000223867.1,ENSG00000223867,,,,,,,,,,,,,,,,,,,,,0,False
kidney_medulla,raw,ENSG00000223867.1,ENSG00000223867,0.0,11.0,-0.9875,1.0001e-06,0.0,-17675.90193946968,0.0,,,-1.0,-1.0,-1.0,0.0,,,,-1.0,8.983579622590726e-189,0.0,,11,True
liver,excluded_at_or_below_-1,ENSG00000223867.1,ENSG00000223867,,,,,,,,,,,,,,,,,,,,,0,False
liver,raw,ENSG00000223867.1,ENSG00000223867,0.0,262.0,-0.9875,1.0001e-06,0.0,-17675.90193946968,0.0,,,-1.0,-1.0,-1.0,0.0,,,,-1.0,2.1397253282897912e-187,0.0,,262,True
lung,excluded_at_or_below_-1,ENSG00000223867.1,ENSG00000223867,0.09950135692275003,1.0252370745276522,-0.8176658883098594,0.07662183496590048,5.7558947256982425,9.946707053162193,0.0,0.2444487936726925,0.9705833233046425,-0.8309100797281433,-0.278755099614929,-0.663044006384341,0.2066308446174157,1.0911261221945832,-0.4619803315114046,-0.8309100797281433,-0.278755099614929,1.0252169981587584,0.0,0.9950585211813373,10,True
lung,raw,ENSG00000223867.1,ENSG00000223867,0.21836130329649595,547.4058352885368,-0.9909866612720579,0.007361307381146782,2162.640448921821,136.82997895528266,0.0,1.7315926657219105,0.22472087783124964,-1.0,-0.278755099614929,-0.9944212583838469,0.049889800045886196,11.067033162498507,136.48075156626652,-1.0,-0.278755099614929,543.9623671486347,0.0,122.23970065280598,604,True
minor_salivary_gland,excluded_at_or_below_-1,ENSG00000223867.1,ENSG00000223867,,,,,,,,,,,,,,,,,,,,,7,False
minor_salivary_gland,raw,ENSG00000223867.1,ENSG00000223867,0.17948717948733883,193.74146099804764,-0.9945086477861269,0.0025351449657219686,7.743589743727266,279.2686482116458,0.0,3.0633138860426454,0.009426150946760206,-1.0,-0.4938865872751885,-0.9888004259655214,0.061231228959648824,5.9872683846454215,37.18146450074321,-1.0,-0.4938865872751885,188.45251201880686,0.0,1.7763818245853868,181,True
muscle_skeletal,excluded_at_or_below_-1,ENSG00000223867.1,ENSG00000223867,,,,,,,,,,,,,,,,,,,,,4,False
muscle_skeletal,raw,ENSG00000223867.1,ENSG00000223867,2.9748624211235324,761.9893129833941,-0.9966988615538898,0.003982463721482816,3983.7042555015596,97.84919794510749,0.0,1.172267994954166,0.5030869363480287,-1.0,-0.7211528681052874,-0.9992619035224991,0.011821155873062322,19.1106034452354,404.8237506211645,-1.0,-0.7211528681052874,761.9025746861814,0.0,383.30323209454616,818,True
nerve_tibial,excluded_at_or_below_-1,ENSG00000223867.1,ENSG00000223867,0.22925521845679872,0.9945745464714414,-0.8095122762160836,0.06505652012587664,16.67048433080945,6.899477086763645,0.0,1.1383570899400157,0.5231296599351697,-0.8618788726782516,-0.492123176086207,-0.7325330530552494,0.11634362400904918,0.8659358842474919,-0.741691746371874,-0.8618788726782516,-0.492123176086207,0.994572057751515,0.0,0.520290142352572,20,True
nerve_tibial,raw,ENSG00000223867.1,ENSG00000223867,0.5128205127666683,882.9894646577401,-0.9950072237558193,0.0024462287032125476,31.74358977359032,290.7272895545166,0.0,2.8864234440312484,0.01554169716672014,-1.0,-0.492123176086207,-0.9920159120315,0.04959089282441576,7.047282792190042,53.49733288433828,-1.0,-0.492123176086207,881.6735363713726,0.0,13.702703102195134,670,True
ovary,excluded_at_or_below_-1,ENSG00000223867.1,ENSG00000223867,,,,,,,,,,,,,,,,,,,,,1,False
ovary,raw,ENSG00000223867.1,ENSG00000223867,-0.13695184371719393,182.19162119465005,-0.9947532228916751,0.0048462460020738144,103.10419863705425,121.29738504224144,0.0,1.5310950666075147,0.31112937965488313,-1.0,-0.5790897170654676,-0.9978191177050024,0.03029778513083659,13.78423767690231,188.00520833333312,-1.0,-0.5790897170654676,181.35916225964408,0.0,56.426163648572526,193,True
pancreas,excluded_at_or_below_-1,ENSG00000223867.1,ENSG00000223867,,,,,,,,,,,,,,,,,,,,,0,False
pancreas,raw,ENSG00000223867.1,ENSG00000223867,0.0,362.0,-0.9875,1.0001e-06,0.0,-17675.90193946968,0.0,,,-1.0,-1.0,-1.0,0.0,,,,-1.0,2.956414384888948e-187,0.0,,362,True
pituitary,excluded_at_or_below_-1,ENSG00000223867.1,ENSG00000223867,,,,,,,,,,,,,,,,,,,,,3,False
pituitary,raw,ENSG00000223867.1,ENSG00000223867,0.07692307692307697,346.0244094094301,-0.9975397163540118,0.0003884537175364768,2.769230769230769,745.1551642564623,0.0,8.956965379318703,3.849983173532197e-18,-1.0,-0.7928617940102276,-0.9984141836426729,0.01640301252417594,10.573614995476152,113.47843544604997,-1.0,-0.7928617940102276,342.4404165727332,0.0,1.3183898417423734e-15,313,True
prostate,excluded_at_or_below_-1,ENSG00000223867.1,ENSG00000223867,,,,,,,,,,,,,,,,,,,,,0,False
prostate,raw,ENSG00000223867.1,ENSG00000223867,0.0,282.0,-0.9875,1.0001e-06,0.0,-17675.90193946968,0.0,,,-1.0,-1.0,-1.0,0.0,,,,-1.0,2.3030631396096224e-187,0.0,,282,True
skin_not_sun_exposed_suprapubic,excluded_at_or_below_-1,ENSG00000223867.1,ENSG00000223867,0.03620396784856365,1.2985143421166758,-0.9594199225582992,0.2560430558302258,13.90989626347513,4.148466694915946,0.0,-0.5478566155808082,1.0,-0.8602306022588038,-0.2083409357369495,-0.7058997037076367,0.17397375442480126,2.0774641296547793,3.772434752683729,-0.8602306022588038,-0.2083409357369495,1.117321681740903,0.0,1.1173216817409029,12,True
skin_not_sun_exposed_suprapubic,raw,ENSG00000223867.1,ENSG00000223867,0.30769230774035855,687.9176961738897,-0.9911725071458384,0.00392042600749698,14.307692308705098,282.39049103929443,0.0,3.1843376439790694,0.006356297660965764,-1.0,-0.2083409357369495,-0.9945787963817075,0.04560267906741259,11.236621647399287,155.68821575705147,-1.0,-0.2083409357369495,679.9200975097243,0.0,4.321774525444673,651,True
skin_sun_exposed_lower_leg,excluded_at_or_below_-1,ENSG00000223867.1,ENSG00000223867,0.18478508407580965,0.6103053910188214,-0.9415958164218461,0.14933608919677432,10.338492507417914,2.8490767914476467,0.0,-0.7382612377372082,1.0,-0.8636379683410771,-0.6407431042316637,-0.7765284104963073,0.06809170072558068,0.5899647987027083,-0.6788400621532609,-0.8636379683410771,-0.6407431042316637,0.4541827337072034,0.0,0.45418273370720363,14,True
skin_sun_exposed_lower_leg,raw,ENSG00000223867.1,ENSG00000223867,0.3589743616768763,788.7010013390465,-0.9959779531828532,0.001849346568470618,10.974358996504566,271.6515929352221,0.0,3.0756988734742743,0.008907374399474142,-1.0,-0.6407431042316637,-0.9958506601418413,0.03148486262448593,8.074425451552306,67.96246313386892,-1.0,-0.6407431042316637,781.5673065558516,0.0,6.961712617881549,754,True
small_intestine_terminal_ileum,excluded_at_or_below_-1,ENSG00000223867.1,ENSG00000223867,,,,,,,,,,,,,,,,,,,,,5,False
small_intestine_terminal_ileum,raw,ENSG00000223867.1,ENSG00000223867,0.1282051282051282,203.50620387323798,-0.994278873120253,0.0010787360314710663,4.358974359082881,602.6869085938112,0.0,7.50034761920624,6.516292010776745e-13,-1.0,-0.5345604110054523,-0.9943978427177422,0.04173311073024351,8.72377985585001,81.97604406044316,-1.0,-0.5345604110054523,190.06955274405237,0.0,1.2385487080379676e-10,207,True
spleen,excluded_at_or_below_-1,ENSG00000223867.1,ENSG00000223867,,,,,,,,,,,,,,,,,,,,,0,False
spleen,raw,ENSG00000223867.1,ENSG00000223867,0.0,277.0,-0.9875,1.0001e-06,0.0,-17675.90193946968,0.0,,,-1.0,-1.0,-1.0,0.0,,,,-1.0,2.2622286867796648e-187,0.0,,277,True
stomach,excluded_at_or_below_-1,ENSG00000223867.1,ENSG00000223867,,,,,,,,,,,,,,,,,,,,,6,False
stomach,raw,ENSG00000223867.1,ENSG00000223867,0.15384570977053735,545.8048174335638,-0.9982070464961701,0.0010595400963304264,9.076923093805616,251.91563675046788,0.0,2.393131860325637,0.05774889768470442,-1.0,-0.8094698393788518,-0.9977990877055037,0.01856377566908856,8.677004460961394,75.7262849125508,-1.0,-0.8094698393788518,539.3541480519812,0.0,31.14710751167547,407,True
testis,excluded_at_or_below_-1,ENSG00000223867.1,ENSG00000223867,,,,,,,,,,,,,,,,,,,,,4,False
testis,raw,ENSG00000223867.1,ENSG00000223867,0.10256410665481877,450.5900576963396,-0.9949212628205373,0.0015651508858157536,3.589743589766188,327.7209714035445,0.0,4.588962677027526,2.704728445884856e-05,-1.0,-0.6322230237851687,-0.9973208657524302,0.028374311309342076,11.227677224105001,130.1360359128037,-1.0,-0.6322230237851687,445.4979676701217,0.0,0.012049510257412507,414,True
thyroid,excluded_at_or_below_-1,ENSG00000223867.1,ENSG00000223867,0.09483517153188376,633294500558.1876,-6.046981717193875,0.9941207509459795,10.307952582765122,7.864667959447747,0.0,-7.362029589226097,1.0,-0.8718465194753057,-0.5185171162269564,-0.7621869608330829,0.09814650330176566,1.061969791432057,0.5748460285604784,-0.8718465194753057,-0.5185171162269564,1.0538402063270418,0.0,1.0538402063270413,15,True
thyroid,raw,ENSG00000223867.1,ENSG00000223867,0.3846153846153846,736.1334943211492,-0.9934166879675365,0.001820887345509559,13.230769230833383,368.83633508516647,0.0,5.113006680289167,2.1194057639618417e-06,-1.0,-0.5185171162269564,-0.9947848017726553,0.0375801787535699,8.181278303288972,73.93439316948042,-1.0,-0.5185171162269564,730.966501182874,0.0,0.001549214615869987,684,True
uterus,excluded_at_or_below_-1,ENSG00000223867.1,ENSG00000223867,,,,,,,,,,-0.8083034451157746,-0.8083034451157746,,,,,,,,,,1,False
uterus,raw,ENSG00000223867.1,ENSG00000223867,0.02564102543203148,170.974316023832,-0.9979696981542834,0.0010660872490498758,0.974358975330941,251.6009713188096,0.0,2.6932883856201584,0.026883878357463014,-1.0,-0.8083034451157746,-0.998747081340626,0.015497747918719112,12.247717295372556,148.00657894736824,-1.0,-0.8083034451157746,169.15926575779156,0.0,4.54765712367022,153,True
vagina,excluded_at_or_below_-1,ENSG00000223867.1,ENSG00000223867,,,,,,,,,,-0.8419629191092972,-0.7570158743546365,,,,,,,,,,3,False
vagina,raw,ENSG00000223867.1,ENSG00000223867,0.07692307692307636,199.70908129863153,-0.9974191595963627,0.0010779013773916189,2.7692307692307727,315.41066145643885,0.0,3.3860792626282405,0.0032988463880795254,-1.0,-0.7570158743546365,-0.9964260843306664,0.02714264626587266,7.645647505810321,57.882934251668594,-1.0,-0.7570158743546365,196.03197402161652,0.0,0.6466793694493268,170,True
whole_blood,excluded_at_or_below_-1,ENSG00000223867.1,ENSG00000223867,,,,,,,,,,,,,,,,,,,,,0,False
whole_blood,raw,ENSG00000223867.1,ENSG00000223867,0.0,803.0,-0.9875,1.0001e-06,0.0,-17675.90193946968,0.0,,,-1.0,-1.0,-1.0,0.0,,,,-1.0,6.55801312449123e-187,0.0,,803,True
adipose_subcutaneous,excluded_at_or_below_-1,ENSG00000223869.1,ENSG00000223869,,,,,,,,,,,,,,,,,,,,,0,False
adipose_subcutaneous,raw,ENSG00000223869.1,ENSG00000223869,0.0,714.0,-0.9875,1.0001e-06,0.0,-17675.90193946968,0.0,,,-1.0,-1.0,-1.0,0.0,,,,-1.0,5.83115986411798e-187,0.0,,714,True
adipose_visceral_omentum,excluded_at_or_below_-1,ENSG00000223869.1,ENSG00000223869,,,,,,,,,,,,,,,,,,,,,1,False
adipose_visceral_omentum,raw,ENSG00000223869.1,ENSG00000223869,2.0809820398562553,550.4504400498804,-0.9981023428756306,0.002173755484679937,1721.5958436063818,101.59296377204582,0.0,1.234588002620877,0.4669367076285512,-1.0,-0.8419461101254644,-0.9997307429474028,0.006523582186125526,24.16612725458182,582.0017064846414,-1.0,-0.8419461101254644,550.1520623680115,0.0,256.8861926971766,587,True
adrenal_gland,excluded_at_or_below_-1,ENSG00000223869.1,ENSG00000223869,,,,,,,,,,,,,,,,,,,,,1,False
adrenal_gland,raw,ENSG00000223869.1,ENSG00000223869,0.025641025641316383,313.4624153409097,-0.9986490934264793,5.523525226592709e-05,0.9743589743663278,2761.1061300170436,0.0,34.5878821839029,0.0,-1.0,-0.8908079598931735,-0.9996298574911634,0.006357406363458161,17.088107015130323,290.0034013605453,-1.0,-0.8908079598931735,49.91062314117019,0.0,0.0,295,True
artery_aorta,excluded_at_or_below_-1,ENSG00000223869.1,ENSG00000223869,,,,,,,,,,,,,,,,,,,,,1,False
artery_aorta,raw,ENSG00000223869.1,ENSG00000223869,1.3718600020998677,436.48004856871216,-0.9944272153727666,0.005715535412892301,1269.8203337660384,110.23976402167659,0.0,1.3788922700471273,0.387555283034773,-1.0,-0.5488938872115727,-0.9990442667101941,0.020763841870590216,21.656456846452325,467.002123142251,-1.0,-0.5488938872115727,435.27042071627926,0.0,168.69135109736231,472,True
artery_coronary,excluded_at_or_below_-1,ENSG00000223869.1,ENSG00000223869,,,,,,,,,,,,,,,,,,,,,1,False
artery_coronary,raw,ENSG00000223869.1,ENSG00000223869,0.025641025649792714,275.96023953316325,-0.9957365397056288,0.001715371195299372,0.9743589750468438,298.2658391707551,0.0,3.514949643238531,0.0020758864625709623,-1.0,-0.6339548097971941,-0.9986341597380491,0.022359768748187427,16.27893563223197,263.0037453183519,-1.0,-0.6339548097971941,275.9413392218508,0.0,0.5728228905543418,268,True
artery_tibial,excluded_at_or_below_-1,ENSG00000223869.1,ENSG00000223869,,,,,,,,,,,,,,,,,,,,,0,False
artery_tibial,raw,ENSG00000223869.1,ENSG00000223869,0.0,691.0,-0.9875,1.0001e-06,0.0,-17675.90193946968,0.0,,,-1.0,-1.0,-1.0,0.0,,,,-1.0,5.643321381100175e-187,0.0,,691,True
bladder,excluded_at_or_below_-1,ENSG00000223869.1,ENSG00000223869,,,,,,,,,,,,,,,,,,,,,0,False
bladder,raw,ENSG00000223869.1,ENSG00000223869,0.0,77.0,-0.9875,1.0001e-06,0.0,-17675.90193946968,0.0,,,-1.0,-1.0,-1.0,0.0,,,,-1.0,6.288505735813509e-188,0.0,,77,True
brain_amygdala,excluded_at_or_below_-1,ENSG00000223869.1,ENSG00000223869,,,,,,,,,,,,,,,,,,,,,0,False
brain_amygdala,raw,ENSG00000223869.1,ENSG00000223869,0.0,181.0,-0.9875,1.0001e-06,0.0,-17675.90193946968,0.0,,,-1.0,-1.0,-1.0,0.0,,,,-1.0,1.478207192444474e-187,0.0,,181,True
brain_anterior_cingulate_cortex_ba24,excluded_at_or_below_-1,ENSG00000223869.1,ENSG00000223869,,,,,,,,,,,,,,,,,,,,,0,False
brain_anterior_cingulate_cortex_ba24,raw,ENSG00000223869.1,ENSG00000223869,0.0,233.0,-0.9875,1.0001e-06,0.0,-17675.90193946968,0.0,,,-1.0,-1.0,-1.0,0.0,,,,-1.0,1.9028855018760357e-187,0.0,,233,True
brain_caudate_basal_ganglia,excluded_at_or_below_-1,ENSG00000223869.1,ENSG00000223869,,,,,,,,,,,,,,,,,,,,,0,False
brain_caudate_basal_ganglia,raw,ENSG00000223869.1,ENSG00000223869,0.0,300.0,-0.9875,1.0001e-06,0.0,-17675.90193946968,0.0,,,-1.0,-1.0,-1.0,0.0,,,,-1.0,2.450067169797471e-187,0.0,,300,True
brain_cerebellar_hemisphere,excluded_at_or_below_-1,ENSG00000223869.1,ENSG00000223869,,,,,,,,,,,,,,,,,,,,,0,False
brain_cerebellar_hemisphere,raw,ENSG00000223869.1,ENSG00000223869,0.0,277.0,-0.9875,1.0001e-06,0.0,-17675.90193946968,0.0,,,-1.0,-1.0,-1.0,0.0,,,,-1.0,2.2622286867796648e-187,0.0,,277,True
brain_cerebellum,excluded_at_or_below_-1,ENSG00000223869.1,ENSG00000223869,,,,,,,,,,,,,,,,,,,,,1,False
brain_cerebellum,raw,ENSG00000223869.1,ENSG00000223869,0.025641025641025644,274.6879359209928,-0.9983185343319196,0.00045472283158960627,0.9743589743589748,434.59379690094613,0.0,5.2294527287122285,1.157124523897382e-06,-1.0,-0.858580288867448,-0.9994683469506294,0.008670998827396765,16.217391084416246,261.00377358490425,-1.0,-0.858580288867448,273.5871567499351,0.0,0.0003165744084987071,266,True
brain_cortex,excluded_at_or_below_-1,ENSG00000223869.1,ENSG00000223869,,,,,,,,,,,,,,,,,,,,,0,False
brain_cortex,raw,ENSG00000223869.1,ENSG00000223869,0.0,270.0,-0.9875,1.0001e-06,0.0,-17675.90193946968,0.0,,,-1.0,-1.0,-1.0,0.0,,,,-1.0,2.2050604528177237e-187,0.0,,270,True
brain_frontal_cortex_ba9,excluded_at_or_below_-1,ENSG00000223869.1,ENSG00000223869,,,,,,,,,,,,,,,,,,,,,1,False
brain_frontal_cortex_ba9,raw,ENSG00000223869.1,ENSG00000223869,0.025641025641025644,281.28451422783223,-0.9986576767192309,0.000441659418752197,0.9743589743589752,364.4657685081214,0.0,4.298180245123444,9.735821448767351e-05,-1.0,-0.8848348823710722,-0.9995718768861378,0.007021741149287786,16.309620821566753,264.00373134328385,-1.0,-0.8848348823710722,281.26672043658573,0.0,0.027383625696509727,269,True
brain_hippocampus,excluded_at_or_below_-1,ENSG00000223869.1,ENSG00000223869,,,,,,,,,,,,,,,,,,,,,0,False
brain_hippocampus,raw,ENSG00000223869.1,ENSG00000223869,0.0,255.0,-0.9875,1.0001e-06,0.0,-17675.90193946968,0.0,,,-1.0,-1.0,-1.0,0.0,,,,-1.0,2.08255709432785e-187,0.0,,255,True
brain_hypothalamus,excluded_at_or_below_-1,ENSG00000223869.1,ENSG00000223869,,,,,,,,,,,,,,,,,,,,,1,False
brain_hypothalamus,raw,ENSG00000223869.1,ENSG00000223869,0.025644585114074095,255.85713214969638,-0.9985139979363394,0.0010655805275802041,1.0044553919644723,155.9867672931172,0.0,1.972187195383041,0.14416585721353606,-1.0,-0.8809812106614007,-0.9995368918702778,0.007424188099206298,15.93750000000001,252.00390625000026,-1.0,-0.8809812106614007,253.82597650479156,0.0,36.59303948587614,257,True
brain_nucleus_accumbens_basal_ganglia,excluded_at_or_below_-1,ENSG00000223869.1,ENSG00000223869,,,,,,,,,,,,,,,,,,,,,0,False
brain_nucleus_accumbens_basal_ganglia,raw,ENSG00000223869.1,ENSG00000223869,0.0,285.0,-0.9875,1.0001e-06,0.0,-17675.90193946968,0.0,,,-1.0,-1.0,-1.0,0.0,,,,-1.0,2.3275638113075975e-187,0.0,,285,True
brain_putamen_basal_ganglia,excluded_at_or_below_-1,ENSG00000223869.1,ENSG00000223869,,,,,,,,,,,,,,,,,,,,,0,False
brain_putamen_basal_ganglia,raw,ENSG00000223869.1,ENSG00000223869,0.0,254.0,-0.9875,1.0001e-06,0.0,-17675.90193946968,0.0,,,-1.0,-1.0,-1.0,0.0,,,,-1.0,2.0743902037618585e-187,0.0,,254,True
brain_spinal_cord_cervical_c-1,excluded_at_or_below_-1,ENSG00000223869.1,ENSG00000223869,,,,,,,,,,,,,,,,,,,,,0,False
brain_spinal_cord_cervical_c-1,raw,ENSG00000223869.1,ENSG00000223869,0.0,204.0,-0.9875,1.0001e-06,0.0,-17675.90193946968,0.0,,,-1.0,-1.0,-1.0,0.0,,,,-1.0,1.6660456754622802e-187,0.0,,204,True
brain_substantia_nigra,excluded_at_or_below_-1,ENSG00000223869.1,ENSG00000223869,,,,,,,,,,,,,,,,,,,,,0,False
brain_substantia_nigra,raw,ENSG00000223869.1,ENSG00000223869,0.0,183.0,-0.9875,1.0001e-06,0.0,-17675.90193946968,0.0,,,-1.0,-1.0,-1.0,0.0,,,,-1.0,1.4945409735764572e-187,0.0,,183,True
breast_mammary_tissue,excluded_at_or_below_-1,ENSG00000223869.1,ENSG00000223869,,,,,,,,,,,,,,,,,,,,,1,False
breast_mammary_tissue,raw,ENSG00000223869.1,ENSG00000223869,1.4008859606727284,478.2337849390166,-0.9917677291884518,0.00745411551232148,1210.3376976540949,123.70184680249788,0.0,1.5618471449195404,0.29674518125943905,-1.0,-0.3397531539597839,-0.9987154730621786,0.029122239943903658,22.60535222724341,509.00194931773854,-1.0,-0.3397531539597839,475.9429217343165,0.0,141.23376857919675,514,True
cells_cultured_fibroblasts,excluded_at_or_below_-1,ENSG00000223869.1,ENSG00000223869,0.21414464838138203,575141800752.0833,-2.3654595353313987,0.28639545050811677,11.055979943569245,8.844536084112082,0.0,-7.365306346577329,1.0,-0.8738954000542051,-0.5743333831439864,-0.7547193905695108,0.10168604046063488,0.38835634778779593,-1.2881414122893469,-0.8738954000542051,-0.5743333831439864,0.9550490829513081,0.0,0.9550490829512978,12,True
cells_cultured_fibroblasts,raw,ENSG00000223869.1,ENSG00000223869,0.3076923154919643,720.1309191573947,-0.995476251777857,0.0023160301724785876,14.30769234140043,257.1581163302988,0.0,2.762289612863473,0.022314429288541535,-1.0,-0.5743333831439864,-0.9954856329552672,0.035542839883835504,8.692031932577418,79.78016342738208,-1.0,-0.5743333831439864,711.1140547135691,0.0,15.868104289993978,652,True
cells_ebv-transformed_lymphocytes,excluded_at_or_below_-1,ENSG00000223869.1,ENSG00000223869,,,,,,,,,,,,,,,,,,,,,0,False
cells_ebv-transformed_lymphocytes,raw,ENSG00000223869.1,ENSG00000223869,0.0,327.0,-0.9875,1.0001e-06,0.0,-17675.90193946968,0.0,,,-1.0,-1.0,-1.0,0.0,,,,-1.0,2.670573215079243e-187,0.0,,327,True
cervix_ectocervix,excluded_at_or_below_-1,ENSG00000223869.1,ENSG00000223869,,,,,,,,,,,,,,,,,,,,,0,False
cervix_ectocervix,raw,ENSG00000223869.1,ENSG00000223869,0.0,24.0,-0.9875,1.0001e-06,0.0,-17675.90193946968,0.0,,,-1.0,-1.0,-1.0,0.0,,,,-1.0,1.9600537358379766e-188,0.0,,24,True
cervix_endocervix,excluded_at_or_below_-1,ENSG00000223869.1,ENSG00000223869,,,,,,,,,,,,,,,,,,,,,0,False
cervix_endocervix,raw,ENSG00000223869.1,ENSG00000223869,0.0,23.0,-0.9875,1.0001e-06,0.0,-17675.90193946968,0.0,,,-1.0,-1.0,-1.0,0.0,,,,-1.0,1.878384830178061e-188,0.0,,23,True
colon_sigmoid,excluded_at_or_below_-1,ENSG00000223869.1,ENSG00000223869,,,,,,,,,,,,,,,,,,,,,1,False
colon_sigmoid,raw,ENSG00000223869.1,ENSG00000223869,0.02631579770509949,402.1516062431663,-0.9987331331367373,0.0008964516507591502,251.4140822674115,158.1662021966886,0.0,1.9985687998122807,0.1368196208083159,-1.0,-0.898473627199316,-0.9997576936210008,0.00495988787839617,20.396136701456413,414.00239234449754,-1.0,-0.898473627199316,398.9285709972999,0.0,54.58125581345263,419,True
colon_transverse,excluded_at_or_below_-1,ENSG00000223869.1,ENSG00000223869,,,,,,,,,,,,,,,,,,,,,0,False
colon_transverse,raw,ENSG00000223869.1,ENSG00000223869,0.0,479.0,-0.9875,1.0001e-06,0.0,-17675.90193946968,0.0,,,-1.0,-1.0,-1.0,0.0,,,,-1.0,3.911940581109962e-187,0.0,,479,True
esophagus_gastroesophageal_junction,excluded_at_or_below_-1,ENSG00000223869.1,ENSG00000223869,,,,,,,,,,,,,,,,,,,,,2,False
esophagus_gastroesophageal_junction,raw,ENSG00000223869.1,ENSG00000223869,0.05128678247306889,444.26679160887545,-0.9983342261993613,0.000303305998234773,1.8974358983088797,649.8261138655904,0.0,7.766941354342379,7.979548422974896e-14,-1.0,-0.8589661962291971,-0.9994665981385408,0.007923938196449406,15.863058875177902,261.8435336957142,-1.0,-0.8589661962291971,442.7678765768624,0.0,3.53308771128269e-11,403,True
esophagus_mucosa,excluded_at_or_below_-1,ENSG00000223869.1,ENSG00000223869,,,,,,,,,,,,,,,,,,,,,0,False
esophagus_mucosa,raw,ENSG00000223869.1,ENSG00000223869,0.0,614.0,-0.9875,1.0001e-06,0.0,-17675.90193946968,0.0,,,-1.0,-1.0,-1.0,0.0,,,,-1.0,5.014470807518823e-187,0.0,,614,True
esophagus_muscularis,excluded_at_or_below_-1,ENSG00000223869.1,ENSG00000223869,,,,,,,,,,,,,,,,,,,,,3,False
esophagus_muscularis,raw,ENSG00000223869.1,ENSG00000223869,-0.560453618495754,515.0467272981031,-0.998056753059035,0.0024005918080611476,2558.3780033464705,95.31363009027022,0.0,1.1447869520026452,0.5193826391099993,-1.0,-0.836264272998722,-0.9991767879083898,0.011266851853646597,13.669426414526233,185.73477303204308,-1.0,-0.836264272998722,514.9673247862645,0.0,267.4650882029062,561,True
fallopian_tube,excluded_at_or_below_-1,ENSG00000223869.1,ENSG00000223869,,,,,,,,,,,,,,,,,,,,,0,False
fallopian_tube,raw,ENSG00000223869.1,ENSG00000223869,0.0,29.0,-0.9875,1.0001e-06,0.0,-17675.90193946968,0.0,,,-1.0,-1.0,-1.0,0.0,,,,-1.0,2.368398264137555e-188,0.0,,29,True
heart_atrial_appendage,excluded_at_or_below_-1,ENSG00000223869.1,ENSG00000223869,,,,,,,,,,,,,,,,,,,,,0,False
heart_atrial_appendage,raw,ENSG00000223869.1,ENSG00000223869,0.0,461.0,-0.9875,1.0001e-06,0.0,-17675.90193946968,0.0,,,-1.0,-1.0,-1.0,0.0,,,,-1.0,3.7649365509221136e-187,0.0,,461,True
heart_left_ventricle,excluded_at_or_below_-1,ENSG00000223869.1,ENSG00000223869,,,,,,,,,,,,,,,,,,,,,0,False
heart_left_ventricle,raw,ENSG00000223869.1,ENSG00000223869,0.0,452.0,-0.9875,1.0001e-06,0.0,-17675.90193946968,0.0,,,-1.0,-1.0,-1.0,0.0,,,,-1.0,3.6914345358281893e-187,0.0,,452,True
kidney_cortex,excluded_at_or_below_-1,ENSG00000223869.1,ENSG00000223869,,,,,,,,,,,,,,,,,,,,,0,False
kidney_cortex,raw,ENSG00000223869.1,ENSG00000223869,0.0,104.0,-0.9875,1.0001e-06,0.0,-17675.90193946968,0.0,,,-1.0,-1.0,-1.0,0.0,,,,-1.0,8.493566188631232e-188,0.0,,104,True
kidney_medulla,excluded_at_or_below_-1,ENSG00000223869.1,ENSG00000223869,,,,,,,,,,,,,,,,,,,,,0,False
kidney_medulla,raw,ENSG00000223869.1,ENSG00000223869,0.0,11.0,-0.9875,1.0001e-06,0.0,-17675.90193946968,0.0,,,-1.0,-1.0,-1.0,0.0,,,,-1.0,8.983579622590726e-189,0.0,,11,True
liver,excluded_at_or_below_-1,ENSG00000223869.1,ENSG00000223869,,,,,,,,,,,,,,,,,,,,,0,False
liver,raw,ENSG00000223869.1,ENSG00000223869,0.0,262.0,-0.9875,1.0001e-06,0.0,-17675.90193946968,0.0,,,-1.0,-1.0,-1.0,0.0,,,,-1.0,2.1397253282897912e-187,0.0,,262,True
lung,excluded_at_or_below_-1,ENSG00000223869.1,ENSG00000223869,,,,,,,,,,,,,,,,,,,,,1,False
lung,raw,ENSG00000223869.1,ENSG00000223869,2.1592403629288537,567.4235652020033,-0.998794420503288,0.0014045732396863245,1827.3446744340386,100.26993663813195,0.0,1.213854020990584,0.47886737890008146,-1.0,-0.8992079977068361,-0.999833125824018,0.004101168410130649,24.5153351674986,599.0016583747934,-1.0,-0.8992079977068361,567.2027660934522,0.0,271.61490190404743,604,True
minor_salivary_gland,excluded_at_or_below_-1,ENSG00000223869.1,ENSG00000223869,,,,,,,,,,,,,,,,,,,,,0,False
minor_salivary_gland,raw,ENSG00000223869.1,ENSG00000223869,0.0,181.0,-0.9875,1.0001e-06,0.0,-17675.90193946968,0.0,,,-1.0,-1.0,-1.0,0.0,,,,-1.0,1.478207192444474e-187,0.0,,181,True
muscle_skeletal,excluded_at_or_below_-1,ENSG00000223869.1,ENSG00000223869,,,,,,,,,,,,,,,,,,,,,5,False
muscle_skeletal,raw,ENSG00000223869.1,ENSG00000223869,0.12820512820512903,841.3310021957589,-0.9973621301972146,0.00037821034554499786,6.358974358974381,800.210889111484,0.0,9.863588595121106,0.0,-1.0,-0.7833576510067652,-0.9990131353392695,0.012928514743304155,13.638626077903742,191.40826090635264,-1.0,-0.7833576510067652,777.5933574387811,0.0,0.0,818,True
nerve_tibial,excluded_at_or_below_-1,ENSG00000223869.1,ENSG00000223869,,,,,,,,,,,,,,,,,,,,,3,False
nerve_tibial,raw,ENSG00000223869.1,ENSG00000223869,0.07894737655979137,664.715198466276,-0.9967547558370816,0.0019728735459148897,7.637453146132977,183.77405564096713,0.0,2.3262861007562505,0.06758773266700599,-1.0,-0.7403840191633625,-0.999193680814,0.012613565514594166,17.000468424210663,307.82839026172746,-1.0,-0.7403840191633625,657.1313658215344,0.0,44.414019080250334,670,True
ovary,excluded_at_or_below_-1,ENSG00000223869.1,ENSG00000223869,,,,,,,,,,,,,,,,,,,,,0,False
ovary,raw,ENSG00000223869.1,ENSG00000223869,0.0,193.0,-0.9875,1.0001e-06,0.0,-17675.90193946968,0.0,,,-1.0,-1.0,-1.0,0.0,,,,-1.0,1.576209879236373e-187,0.0,,193,True
pancreas,excluded_at_or_below_-1,ENSG00000223869.1,ENSG00000223869,,,,,,,,,,,,,,,,,,,,,1,False
pancreas,raw,ENSG00000223869.1,ENSG00000223869,0.025641025641025647,398.39829364546137,-0.9986846045455684,0.00025665329021957485,0.9743589743589749,608.1342522000213,0.0,7.2481053718428115,3.916155700287939e-12,-1.0,-0.8883196208719218,-0.9996914906653921,0.005869790409679637,18.94736842105268,357.00277008310354,-1.0,-0.8883196208719218,397.7593338177161,0.0,1.5576874824729803e-09,362,True
pituitary,excluded_at_or_below_-1,ENSG00000223869.1,ENSG00000223869,,,,,,,,,,,,,,,,,,,,,1,False
pituitary,raw,ENSG00000223869.1,ENSG00000223869,0.0263157894733055,354.33258401202414,-0.9980452720963724,0.0012979979007937013,0.9743778103220201,208.61878428343604,0.0,2.1297435923193038,0.10354714205368805,-1.0,-0.8065701291118537,-0.9993820131920506,0.010933302724804634,17.606907880948413,308.00320512820394,-1.0,-0.8065701291118537,354.2703710407129,0.0,36.683684435565475,313,True
prostate,excluded_at_or_below_-1,ENSG00000223869.1,ENSG00000223869,,,,,,,,,,,,,,,,,,,,,1,False
prostate,raw,ENSG00000223869.1,ENSG00000223869,0.025641025450715383,296.9449709865145,-0.9984706553441179,0.0007345178746934322,0.9743589754286208,259.2202389872078,0.0,2.9445436638201103,0.013192983561389836,-1.0,-0.8638361813974058,-0.9995171495794234,0.008108437400607783,16.703399615613005,277.0035587188608,-1.0,-0.8638361813974058,294.8445545644818,0.0,3.8898793615344154,282,True
skin_not_sun_exposed_suprapubic,excluded_at_or_below_-1,ENSG00000223869.1,ENSG00000223869,,,,,,,,,,,,,,,,,,,,,2,False
skin_not_sun_exposed_suprapubic,raw,ENSG00000223869.1,ENSG00000223869,0.05277290917657546,611.0082387991694,-0.9977564211058254,0.0021179705693790854,1485.2712504519418,118.80063944909061,0.0,1.4980848866686798,0.3269743627902824,-1.0,-0.819836858833795,-0.9995182506568223,0.008780931318142223,18.538608632099095,348.1819007753428,-1.0,-0.819836858833795,608.413525732526,0.0,198.9356248893817,651,True
skin_sun_exposed_lower_leg,excluded_at_or_below_-1,ENSG00000223869.1,ENSG00000223869,,,,,,,,,,,,,,,,,,,,,3,False
skin_sun_exposed_lower_leg,raw,ENSG00000223869.1,ENSG00000223869,2.4378431605652775,700.3867652538466,-0.9963454365712495,0.0025618886483468315,2542.0621584650385,159.4173593257313,0.0,2.017391805388046,0.13181247409826652,-1.0,-0.7075562932111089,-0.9991791505140456,0.01355605920833121,17.81836900459727,337.02053279140637,-1.0,-0.7075562932111089,694.4171587864328,0.0,91.53284375592922,754,True
small_intestine_terminal_ileum,excluded_at_or_below_-1,ENSG00000223869.1,ENSG00000223869,,,,,,,,,,,,,,,,,,,,,0,False
small_intestine_terminal_ileum,raw,ENSG00000223869.1,ENSG00000223869,0.0,207.0,-0.9875,1.0001e-06,0.0,-17675.90193946968,0.0,,,-1.0,-1.0,-1.0,0.0,,,,-1.0,1.6905463471602549e-187,0.0,,207,True
spleen,excluded_at_or_below_-1,ENSG00000223869.1,ENSG00000223869,,,,,,,,,,,,,,,,,,,,,0,False
spleen,raw,ENSG00000223869.1,ENSG00000223869,0.0,277.0,-0.9875,1.0001e-06,0.0,-17675.90193946968,0.0,,,-1.0,-1.0,-1.0,0.0,,,,-1.0,2.2622286867796648e-187,0.0,,277,True
stomach,excluded_at_or_below_-1,ENSG00000223869.1,ENSG00000223869,,,,,,,,,,,,,,,,,,,,,1,False
stomach,raw,ENSG00000223869.1,ENSG00000223869,0.025641025641403623,411.2956628167783,-0.9985857792622762,0.0005121664038778126,0.9743589799882904,321.4058294191719,0.0,3.9050006645017317,0.0004909480446231774,-1.0,-0.882186621300054,-0.9997105322390665,0.005839792371333695,20.099812512911335,402.00246305418705,-1.0,-0.882186621300054,409.10403436193604,0.0,0.2008488257174456,407,True
testis,excluded_at_or_below_-1,ENSG00000223869.1,ENSG00000223869,0.657178632284684,2.1254335785479603,-0.896088212540965,0.0074255526105106405,20.451191311689122,39.44080309946938,0.0,5.778261397449606,5.624459511731592e-08,-0.9264278904691314,-0.6889980203606155,-0.8233701337493262,0.07236488054314796,0.42555957947752293,-1.0272463066235415,-0.9264278904691314,-0.6889980203606155,2.1241661318237837,0.0,1.1947286404634383e-07,31,True
testis,raw,ENSG00000223869.1,ENSG00000223869,1.463498544959077,363.34693026342836,-0.996147254136175,0.003722942569077057,412.7356249521094,116.67507731272497,0.0,1.4635212206211912,0.34386438050225976,-1.0,-0.6889980203606155,-0.9867740921406499,0.050465697525961944,4.076808108365869,16.444821388374535,-1.0,-0.6889980203606155,362.0994395750786,0.0,124.51309946969984,414,True
thyroid,excluded_at_or_below_-1,ENSG00000223869.1,ENSG00000223869,,,,,,,,,,,,,,,,,,,,,7,False
thyroid,raw,ENSG00000223869.1,ENSG00000223869,-0.26373827173824976,617.964375941271,-0.9970374994511283,0.0026885495457394156,3549.8709126744156,123.22253512595077,0.0,1.558315509338969,0.29844704962996504,-1.0,-0.7627801711012154,-0.9983222783256365,0.01736599820982913,11.039651440284084,126.37973727076178,-1.0,-0.7627801711012154,614.875586165831,0.0,183.50780458068866,684,True
uterus,excluded_at_or_below_-1,ENSG00000223869.1,ENSG00000223869,,,,,,,,,,,,,,,,,,,,,0,False
uterus,raw,ENSG00000223869.1,ENSG00000223869,0.0,153.0,-0.9875,1.0001e-06,0.0,-17675.90193946968,0.0,,,-1.0,-1.0,-1.0,0.0,,,,-1.0,1.24953425659671e-187,0.0,,153,True
vagina,excluded_at_or_below_-1,ENSG00000223869.1,ENSG00000223869,,,,,,,,,,,,,,,,,,,,,0,False
vagina,raw,ENSG00000223869.1,ENSG00000223869,0.0,170.0,-0.9875,1.0001e-06,0.0,-17675.90193946968,0.0,,,-1.0,-1.0,-1.0,0.0,,,,-1.0,1.3883713962185667e-187,0.0,,170,True
whole_blood,excluded_at_or_below_-1,ENSG00000223869.1,ENSG00000223869,,,,,,,,,,,,,,,,,,,,,2,False
whole_blood,raw,ENSG00000223869.1,ENSG00000223869,2.79261440234737,763.2290498440374,-0.9933803091476138,0.006139272191864618,1603.5521624453356,121.14836314811674,0.0,1.5248805215978585,0.31396864691450543,-1.0,-0.467460605961419,-0.9991449739531769,0.01955685771026399,25.669939186236853,683.702791368164,-1.0,-0.467460605961419,760.0544144654987,0.0,238.6332560911293,803,True
adipose_subcutaneous,excluded_at_or_below_-1,ENSG00000223870.1,ENSG00000223870,,,,,,,,,,,,,,,,,,,,,3,False
adipose_subcutaneous,raw,ENSG00000223870.1,ENSG00000223870,0.0769230767966487,751.4343494951117,-0.9973954297086033,0.001192755591520968,2.7692307700504317,270.5985649077051,0.0,3.08815876146986,0.008545999016935667,-1.0,-0.7691710936262814,-0.9991730209975869,0.012836150129512409,15.690718397299944,248.1451757359594,-1.0,-0.7691710936262814,746.8868005240612,0.0,6.382893863040941,714,True
adipose_visceral_omentum,excluded_at_or_below_-1,ENSG00000223870.1,ENSG00000223870,,,,,,,,,,,,,,,,,,,,,4,False
adipose_visceral_omentum,raw,ENSG00000223870.1,ENSG00000223870,0.10256408958828782,640.7242167528772,-0.9975573039374941,0.0011046889868786978,5.5897436190391705,281.83792527836965,0.0,3.127118982250709,0.0076823690729078565,-1.0,-0.7774043790727994,-0.9985598712708367,0.01742036090382072,12.029728998901282,143.02847143783887,-1.0,-0.7774043790727994,627.6545070335751,0.0,4.821873573306085,587,True
adrenal_gland,excluded_at_or_below_-1,ENSG00000223870.1,ENSG00000223870,,,,,,,,,,,,,,,,,,,,,3,False
adrenal_gland,raw,ENSG00000223870.1,ENSG00000223870,0.07894736839478908,332.1186542323513,-0.9938573955329424,0.003199877688637591,2.7693905834303782,255.10375372644498,0.0,2.714777060527371,0.025317555283434195,-1.0,-0.4166455574091648,-0.997122200655858,0.03570163720563797,15.0193674570289,237.05512081937178,-1.0,-0.4166455574091648,329.22529126836537,0.0,8.33517951239156,295,True
artery_aorta,excluded_at_or_below_-1,ENSG00000223870.1,ENSG00000223870,,,,,,,,,,,,,,,,,,,,,3,False
artery_aorta,raw,ENSG00000223870.1,ENSG00000223870,0.07692307687410202,512.1321289897861,-0.9957509457362896,0.0018031000918215011,2.769230779325311,296.86733278096136,0.0,3.3326326110537927,0.003935128919090048,-1.0,-0.6172497566386994,-0.9983171024649687,0.022319797451765926,14.387012923071076,217.8778712627316,-1.0,-0.6172497566386994,504.301463712381,0.0,1.9844912737940312,472,True
artery_coronary,excluded_at_or_below_-1,ENSG00000223870.1,ENSG00000223870,,,,,,,,,,,,,,,,,,,,,2,False
artery_coronary,raw,ENSG00000223870.1,ENSG00000223870,0.051282051282051266,292.4632373148894,-0.9972165171933544,0.0008743332879692274,1.8974358974358974,390.5529297534276,0.0,4.502218078570131,3.9927946821017875e-05,-1.0,-0.7557583412271122,-0.9983284690409329,0.019392510785206474,11.587426770510518,133.33622616740752,-1.0,-0.7557583412271122,290.5539340812551,0.0,0.011601222028633881,268,True
artery_tibial,excluded_at_or_below_-1,ENSG00000223870.1,ENSG00000223870,,,,,,,,,,,,,,,,,,,,,5,False
artery_tibial,raw,ENSG00000223870.1,ENSG00000223870,0.1282051282051271,760.7303824417319,-0.996481064112043,0.0009938595925126567,4.35897435897437,359.1612897383165,0.0,5.007273557916752,3.6306978226808745e-06,-1.0,-0.7440751315408264,-0.9986042225062591,0.01666042992261826,12.278210279925537,154.07148816961802,-1.0,-0.7440751315408264,752.9286356378293,0.0,0.002733656358044345,691,True
bladder,excluded_at_or_below_-1,ENSG00000223870.1,ENSG00000223870,,,,,,,,,,,,,,,,,,,,,0,False
bladder,raw,ENSG00000223870.1,ENSG00000223870,0.0,77.0,-0.9875,1.0001e-06,0.0,-17675.90193946968,0.0,,,-1.0,-1.0,-1.0,0.0,,,,-1.0,6.288505735813509e-188,0.0,,77,True
brain_amygdala,excluded_at_or_below_-1,ENSG00000223870.1,ENSG00000223870,,,,,,,,,,,,,,,,,,,,,0,False
brain_amygdala,raw,ENSG00000223870.1,ENSG00000223870,0.0,181.0,-0.9875,1.0001e-06,0.0,-17675.90193946968,0.0,,,-1.0,-1.0,-1.0,0.0,,,,-1.0,1.478207192444474e-187,0.0,,181,True
brain_anterior_cingulate_cortex_ba24,excluded_at_or_below_-1,ENSG00000223870.1,ENSG00000223870,,,,,,,,,,,,,,,,,,,,,0,False
brain_anterior_cingulate_cortex_ba24,raw,ENSG00000223870.1,ENSG00000223870,0.0,233.0,-0.9875,1.0001e-06,0.0,-17675.90193946968,0.0,,,-1.0,-1.0,-1.0,0.0,,,,-1.0,1.9028855018760357e-187,0.0,,233,True
brain_caudate_basal_ganglia,excluded_at_or_below_-1,ENSG00000223870.1,ENSG00000223870,,,,,,,,,,,,,,,,,,,,,0,False
brain_caudate_basal_ganglia,raw,ENSG00000223870.1,ENSG00000223870,0.0,300.0,-0.9875,1.0001e-06,0.0,-17675.90193946968,0.0,,,-1.0,-1.0,-1.0,0.0,,,,-1.0,2.450067169797471e-187,0.0,,300,True
brain_cerebellar_hemisphere,excluded_at_or_below_-1,ENSG00000223870.1,ENSG00000223870,,,,,,,,,,,,,,,,,,,,,1,False
brain_cerebellar_hemisphere,raw,ENSG00000223870.1,ENSG00000223870,0.025641025641061504,276.7250560438542,-0.9966907999311972,0.0010544126680926632,0.9743589745963531,356.53112779854695,0.0,4.43840989351224,5.4054042871471314e-05,-1.0,-0.73086748461146,-0.9990284024715215,0.01617060564062778,16.553054799293257,272.0036231884057,-1.0,-0.73086748461146,270.10464617296975,0.0,0.014600248124017258,277,True
brain_cerebellum,excluded_at_or_below_-1,ENSG00000223870.1,ENSG00000223870,,,,,,,,,,,,,,,,,,,,,2,False
brain_cerebellum,raw,ENSG00000223870.1,ENSG00000223870,0.05128205127333095,297.7114431137599,-0.9970415382413407,0.0014080481660165172,1.8974358974736771,273.99404822110927,0.0,2.971415924424414,0.0123361080429642,-1.0,-0.7242419927117427,-0.998033326821276,0.02267148918804333,11.45331520739841,129.57000423473622,-1.0,-0.7242419927117427,291.98227885717125,0.0,3.601924938613044,266,True
brain_cortex,excluded_at_or_below_-1,ENSG00000223870.1,ENSG00000223870,,,,,,,,,,,,,,,,,,,,,1,False
brain_cortex,raw,ENSG00000223870.1,ENSG00000223870,0.026315789464342324,312.56750310064757,-0.9977034194955559,0.0011200901151211095,0.9743767313176174,272.91937787711095,0.0,2.8996374957877853,0.015076985402209189,-1.0,-0.7815449088444558,-0.9991909070697943,0.013294753469748762,16.34024839077176,265.0037174721189,-1.0,-0.7815449088444558,309.6546040033627,0.0,4.668657944285656,270,True
brain_frontal_cortex_ba9,excluded_at_or_below_-1,ENSG00000223870.1,ENSG00000223870,,,,,,,,,,,,,,,,,,,,,1,False
brain_frontal_cortex_ba9,raw,ENSG00000223870.1,ENSG00000223870,0.025641025641025647,281.2802881092501,-0.9983936777591094,0.0003419126879845622,0.9743589743589746,549.7850881284973,0.0,6.64404328485189,2.622717720991618e-10,-1.0,-0.8654728076039611,-0.9994998989130259,0.008202267683076187,16.309620821566753,264.00373134328385,-1.0,-0.8654728076039611,278.4771209460782,0.0,7.303668799960028e-08,269,True
brain_hippocampus,excluded_at_or_below_-1,ENSG00000223870.1,ENSG00000223870,,,,,,,,,,,,,,,,,,,,,5,False
brain_hippocampus,raw,ENSG00000223870.1,ENSG00000223870,0.1282051276461282,283.9985581010972,-0.9984344466095669,0.0008333924678238417,10.35897436615506,250.35538338391402,0.0,2.6566436857188993,0.029558047073828062,-1.0,-0.8509006537351779,-0.9975874941154098,0.017224878478195555,7.099351774871791,49.25091281586707,-1.0,-0.8509006537351779,281.88257294047366,0.0,8.331898360266095,255,True
brain_hypothalamus,excluded_at_or_below_-1,ENSG00000223870.1,ENSG00000223870,,,,,,,,,,,,,,,,,,,,,6,False
brain_hypothalamus,raw,ENSG00000223870.1,ENSG00000223870,0.15384615384615383,283.3466398232998,-0.9972908006728187,0.0003747884176965102,11.076923083668369,847.0908638758926,0.0,10.22279838640662,0.0,-1.0,-0.7727986497246447,-0.9958992555068452,0.02768011448595791,7.032911983641876,49.818246620034806,-1.0,-0.7727986497246447,277.50557362584374,0.0,0.0,257,True
brain_nucleus_accumbens_basal_ganglia,excluded_at_or_below_-1,ENSG00000223870.1,ENSG00000223870,,,,,,,,,,,,,,,,,,,,,4,False
brain_nucleus_accumbens_basal_ganglia,raw,ENSG00000223870.1,ENSG00000223870,0.10256410256234438,287.0216139300545,-0.9976398825479553,0.0009544809429892656,3.5897435897584455,292.86925084133264,0.0,3.4968850179682787,0.002212701685447037,-1.0,-0.799976583204028,-0.9979283095953474,0.01788945394495444,8.968366502500063,82.30034207210782,-1.0,-0.799976583204028,286.86052909820756,0.0,0.634736776223829,285,True
brain_putamen_basal_ganglia,excluded_at_or_below_-1,ENSG00000223870.1,ENSG00000223870,,,,,,,,,,,,,,,,,,,,,2,False
brain_putamen_basal_ganglia,raw,ENSG00000223870.1,ENSG00000223870,0.05128205128205127,277.3765480850116,-0.9982699485827957,0.0005782853841374075,1.8974358974358974,369.32204626401114,0.0,4.230890568785189,0.00013088754786587712,-1.0,-0.8472506491809332,-0.9989300414621637,0.012127023779021811,11.392369063284443,129.62568401848387,-1.0,-0.8472506491809332,274.87885588877333,0.0,0.03597821940746067,254,True
brain_spinal_cord_cervical_c-1,excluded_at_or_below_-1,ENSG00000223870.1,ENSG00000223870,,,,,,,,,,,,,,,,,,,,,0,False
brain_spinal_cord_cervical_c-1,raw,ENSG00000223870.1,ENSG00000223870,0.0,204.0,-0.9875,1.0001e-06,0.0,-17675.90193946968,0.0,,,-1.0,-1.0,-1.0,0.0,,,,-1.0,1.6660456754622802e-187,0.0,,204,True
brain_substantia_nigra,excluded_at_or_below_-1,ENSG00000223870.1,ENSG00000223870,,,,,,,,,,,,,,,,,,,,,0,False
brain_substantia_nigra,raw,ENSG00000223870.1,ENSG00000223870,0.0,183.0,-0.9875,1.0001e-06,0.0,-17675.90193946968,0.0,,,-1.0,-1.0,-1.0,0.0,,,,-1.0,1.4945409735764572e-187,0.0,,183,True
breast_mammary_tissue,excluded_at_or_below_-1,ENSG00000223870.1,ENSG00000223870,,,,,,,,,,,,,,,,,,,,,4,False
breast_mammary_tissue,raw,ENSG00000223870.1,ENSG00000223870,-0.059350027395239015,469.91226056431225,-0.9970017739345646,0.002636073924685763,1623.106246958611,127.10350224386558,0.0,1.6085026770654232,0.2757679923604699,-1.0,-0.7600826572496271,-0.9985058264036231,0.017127393885678896,11.688822275265732,138.36070932344475,-1.0,-0.7600826572496271,467.360515071779,0.0,128.8830709498996,514,True
cells_cultured_fibroblasts,excluded_at_or_below_-1,ENSG00000223870.1,ENSG00000223870,0.5027804340257991,2.2607968006043597,-0.8158451935965063,0.015817473426722926,19.736545694059075,22.09567611535682,0.0,3.39904164191195,0.0030988491909319667,-0.8538622599560233,-0.5687129505612574,-0.7602595182899485,0.07282035059640667,0.8650287931177832,-0.029332525528385833,-0.8538622599560233,-0.5687129505612574,2.2607570638762935,0.0,0.0070057451982867835,29,True
cells_cultured_fibroblasts,raw,ENSG00000223870.1,ENSG00000223870,0.7436227807857079,688.5699910599828,-0.9946850332218848,0.00023920883239672702,45.43589747846423,2518.366443475919,0.0,31.422326783936036,0.0,-1.0,-0.5687129505612574,-0.9893366963656574,0.0517160451991351,5.102362166343755,26.528643232659064,-1.0,-0.5687129505612574,183.8452953660749,0.0,0.0,652,True
cells_ebv-transformed_lymphocytes,excluded_at_or_below_-1,ENSG00000223870.1,ENSG00000223870,1.6296241689562012,21.650697807147484,-0.8508457062898862,0.02839213892848349,97.85925310033747,29.893195108544973,0.0,3.0633856058521376,0.009168247786870006,-0.9123470749848106,-0.2507017314903,-0.7656222773264156,0.12803057025182085,1.5394443795853328,2.4113020939348715,-0.9123470749848106,-0.2507017314903,21.6473077235718,0.0,0.19846788112833114,131,True
cells_ebv-transformed_lymphocytes,raw,ENSG00000223870.1,ENSG00000223870,3.3589743851658693,254.46805262612784,-0.9903794081302268,0.00048212726175546333,1156.9743589743591,2169.6806736877115,0.0,28.219875911501788,0.0,-1.0,-0.2507017314903,-0.9061055606414694,0.14059757886663074,1.6773449222264205,2.836849180907552,-1.0,-0.2507017314903,133.72114665973135,0.0,0.0,327,True
cervix_ectocervix,excluded_at_or_below_-1,ENSG00000223870.1,ENSG00000223870,,,,,,,,,,,,,,,,,,,,,0,False
cervix_ectocervix,raw,ENSG00000223870.1,ENSG00000223870,0.0,24.0,-0.9875,1.0001e-06,0.0,-17675.90193946968,0.0,,,-1.0,-1.0,-1.0,0.0,,,,-1.0,1.9600537358379766e-188,0.0,,24,True
cervix_endocervix,excluded_at_or_below_-1,ENSG00000223870.1,ENSG00000223870,,,,,,,,,,,,,,,,,,,,,0,False
cervix_endocervix,raw,ENSG00000223870.1,ENSG00000223870,0.0,23.0,-0.9875,1.0001e-06,0.0,-17675.90193946968,0.0,,,-1.0,-1.0,-1.0,0.0,,,,-1.0,1.878384830178061e-188,0.0,,23,True
colon_sigmoid,excluded_at_or_below_-1,ENSG00000223870.1,ENSG00000223870,,,,,,,,,,,,,,,,,,,,,3,False
colon_sigmoid,raw,ENSG00000223870.1,ENSG00000223870,-0.21229518936667222,387.4026370800503,-0.9974694686588865,0.0028065814823226877,978.8319663347777,103.30603549947716,0.0,1.2751141433639859,0.444166646716867,-1.0,-0.7924531868474749,-0.9988245773615319,0.014128497710472804,12.379365270373416,156.61930547489484,-1.0,-0.7924531868474749,386.8596536916949,0.0,171.83015513028803,419,True
colon_transverse,excluded_at_or_below_-1,ENSG00000223870.1,ENSG00000223870,,,,,,,,,,,,,,,,,,,,,7,False
colon_transverse,raw,ENSG00000223870.1,ENSG00000223870,0.17948717948702056,503.47251046324294,-0.9959432544724813,0.0012628840371179078,5.743589743591949,330.0569091628625,0.0,4.54285934059823,3.309787466020275e-05,-1.0,-0.7012044589946532,-0.9971400256986976,0.02427913879685769,8.954539159928679,83.72240061572388,-1.0,-0.7012044589946532,502.0928721417373,0.0,0.01661820694992827,479,True
esophagus_gastroesophageal_junction,excluded_at_or_below_-1,ENSG00000223870.1,ENSG00000223870,,,,,,,,,,,,,,,,,,,,,2,False
esophagus_gastroesophageal_junction,raw,ENSG00000223870.1,ENSG00000223870,-0.47565608808942716,376.3734781083493,-0.9971680498935368,0.002854782849574332,681.3885595699801,111.88738170705166,0.0,1.4029025882376316,0.37495501246452917,-1.0,-0.7713081183531542,-0.9988893743462399,0.01574958145665707,14.099458895278087,196.89210608385565,-1.0,-0.7713081183531542,375.2015447158071,0.0,140.68369987562605,403,True
esophagus_mucosa,excluded_at_or_below_-1,ENSG00000223870.1,ENSG00000223870,,,,,,,,,,,,,,,,,,,,,2,False
esophagus_mucosa,raw,ENSG00000223870.1,ENSG00000223870,0.052665034457795454,567.3923725080487,-0.9967579272258438,0.003246663814882665,2082.2726581140987,112.47805341710247,0.0,1.4122137519736055,0.3701411099478468,-1.0,-0.7385377858598077,-0.9992948119262914,0.012610191832017075,18.493645370382158,350.76469483177635,-1.0,-0.7385377858598077,565.5214390915507,0.0,209.32273316465023,614,True
esophagus_muscularis,excluded_at_or_below_-1,ENSG00000223870.1,ENSG00000223870,,,,,,,,,,,,,,,,,,,,,3,False
esophagus_muscularis,raw,ENSG00000223870.1,ENSG00000223870,-0.5112351098762031,515.7864597137606,-0.997266115484693,0.0032314885998614706,2302.1263101086774,98.28397364865074,0.0,1.1964444373019787,0.4891114147913486,-1.0,-0.772686498342745,-0.9988695824229298,0.015455336233219485,13.631403946438539,184.43479822242816,-1.0,-0.772686498342745,515.4901366105926,0.0,252.13211002859245,561,True
fallopian_tube,excluded_at_or_below_-1,ENSG00000223870.1,ENSG00000223870,,,,,,,,,,,,,,,,,,,,,0,False
fallopian_tube,raw,ENSG00000223870.1,ENSG00000223870,0.0,29.0,-0.9875,1.0001e-06,0.0,-17675.90193946968,0.0,,,-1.0,-1.0,-1.0,0.0,,,,-1.0,2.368398264137555e-188,0.0,,29,True
heart_atrial_appendage,excluded_at_or_below_-1,ENSG00000223870.1,ENSG00000223870,,,,,,,,,,,,,,,,,,,,,3,False
heart_atrial_appendage,raw,ENSG00000223870.1,ENSG00000223870,-0.45184503409802296,421.684618549272,-0.9983107902575497,0.0018423265485207653,1513.893362095022,104.14353899228223,0.0,1.2966774697917807,0.4323123663734112,-1.0,-0.86264075296811,-0.9991860052412491,0.010104571130704712,12.405811901073555,152.94741368310204,-1.0,-0.86264075296811,420.8087002074518,0.0,181.92080497720283,461,True
heart_left_ventricle,excluded_at_or_below_-1,ENSG00000223870.1,ENSG00000223870,,,,,,,,,,,,,,,,,,,,,3,False
heart_left_ventricle,raw,ENSG00000223870.1,ENSG00000223870,0.07894736211694417,494.2537994499987,-0.9987886924563285,0.0004323118997889758,2.769390580733835,348.13075462885314,0.0,3.962526956351907,0.0003939664075253133,-1.0,-0.8923683667623621,-0.999323576899978,0.008293311504358209,12.19159756337095,146.95688266053847,-1.0,-0.8923683667623621,488.5706667940198,0.0,0.19248043041909674,452,True
kidney_cortex,excluded_at_or_below_-1,ENSG00000223870.1,ENSG00000223870,,,,,,,,,,,,,,,,,,,,,0,False
kidney_cortex,raw,ENSG00000223870.1,ENSG00000223870,0.0,104.0,-0.9875,1.0001e-06,0.0,-17675.90193946968,0.0,,,-1.0,-1.0,-1.0,0.0,,,,-1.0,8.493566188631232e-188,0.0,,104,True
kidney_medulla,excluded_at_or_below_-1,ENSG00000223870.1,ENSG00000223870,,,,,,,,,,,,,,,,,,,,,1,False
kidney_medulla,raw,ENSG00000223870.1,ENSG00000223870,0.025641028770492052,14.757934758206689,-0.998133589597969,0.0012863794184125971,0.9743589745471877,232.912641501985,0.0,2.05188521032446,0.12233229432962253,-1.0,-0.7862744784369197,-0.980570407130629,0.06444066937706817,2.8460498941515397,6.0999999999999925,-1.0,-0.7862744784369197,14.697518096063646,0.0,1.79798110964261,11,True
liver,excluded_at_or_below_-1,ENSG00000223870.1,ENSG00000223870,,,,,,,,,,,,,,,,,,,,,0,False
liver,raw,ENSG00000223870.1,ENSG00000223870,0.0,262.0,-0.9875,1.0001e-06,0.0,-17675.90193946968,0.0,,,-1.0,-1.0,-1.0,0.0,,,,-1.0,2.1397253282897912e-187,0.0,,262,True
lung,excluded_at_or_below_-1,ENSG00000223870.1,ENSG00000223870,,,,,,,,,,,,,,,,,,,,,5,False
lung,raw,ENSG00000223870.1,ENSG00000223870,0.13157894647844878,646.3452938747262,-0.9960629203585268,0.0013270503669873747,4.359418282497426,362.70788633011955,0.0,4.195674530240068,0.00015109388322914288,-1.0,-0.6557100581953961,-0.9981734700498556,0.021293264650883336,12.730483703496136,171.49954611834235,-1.0,-0.6557100581953961,643.6149611489345,0.0,0.0972462837843664,604,True
minor_salivary_gland,excluded_at_or_below_-1,ENSG00000223870.1,ENSG00000223870,,,,,,,,,,,,,,,,,,,,,3,False
minor_salivary_gland,raw,ENSG00000223870.1,ENSG00000223870,0.07692307692240812,236.42350215148932,-0.9978929795710346,0.0011854818860658884,2.769230770511298,258.89269483109,0.0,2.5135574839771295,0.04270296811400893,-1.0,-0.7808729987683954,-0.9972881497305147,0.021889466410292976,8.450833096823645,72.60443268340603,-1.0,-0.7808729987683954,235.12703325730274,0.0,10.040622203928105,181,True
muscle_skeletal,excluded_at_or_below_-1,ENSG00000223870.1,ENSG00000223870,,,,,,,,,,,,,,,,,,,,,4,False
muscle_skeletal,raw,ENSG00000223870.1,ENSG00000223870,0.10526315787176443,824.3284885576517,-0.997525096885608,0.0009390185291702884,3.5900277009397943,307.2288778166828,0.0,3.7273402400542186,0.000966175433840912,-1.0,-0.793529309656727,-0.9991181498559076,0.01264765406257072,14.401956180948707,207.42863960505818,-1.0,-0.793529309656727,820.736083805678,0.0,0.7929750418398415,818,True
nerve_tibial,excluded_at_or_below_-1,ENSG00000223870.1,ENSG00000223870,0.10728911265253137,1.0404451757788056,-0.7883174562042375,0.019286576849523746,8.115242269733628,10.406114198490084,0.0,7.869408125169156,3.569342215539779e-14,-0.8956378416145285,-0.6464023123151342,-0.7890130470811331,0.06632990651270049,0.4918679571342972,0.7202674912532063,-0.8956378416145285,-0.6464023123151342,1.0404426903094075,0.0,3.7136960173711486e-14,10,True
nerve_tibial,raw,ENSG00000223870.1,ENSG00000223870,0.25641025638061965,731.0716097374337,-0.9961592329155259,0.0018077175683236173,11.435897436543332,273.6218252863574,0.0,3.004708808476318,0.01124144241027975,-1.0,-0.6464023123151342,-0.9968509410012109,0.02673313133032347,9.05692907684165,86.46860047949876,-1.0,-0.6464023123151342,712.3162747239973,0.0,8.007462380214662,670,True
ovary,excluded_at_or_below_-1,ENSG00000223870.1,ENSG00000223870,,,,,,,,,,,,,,,,,,,,,1,False
ovary,raw,ENSG00000223870.1,ENSG00000223870,-0.17567434112254954,182.51937537486265,-0.9971145946299826,0.002302093252834585,95.79519822544687,140.06038725673378,0.0,1.7725517427230228,0.2092241533839927,-1.0,-0.7691206896980608,-0.9988037341435133,0.016619056407733115,13.78423767690233,188.00520833333363,-1.0,-0.7691206896980608,181.31495301834084,0.0,37.93546754112075,193,True
pancreas,excluded_at_or_below_-1,ENSG00000223870.1,ENSG00000223870,,,,,,,,,,,,,,,,,,,,,1,False
pancreas,raw,ENSG00000223870.1,ENSG00000223870,0.025641025641021543,398.39736096635994,-0.9981702616479302,0.0007301891798199181,0.9743589743589827,315.493314273022,0.0,3.5437950391561928,0.0019070111316111483,-1.0,-0.8352742107847793,-0.9995449563833833,0.00865779526637833,18.94736842105259,357.00277008310115,-1.0,-0.8352742107847793,391.6726353469964,0.0,0.7469240755541957,362,True
pituitary,excluded_at_or_below_-1,ENSG00000223870.1,ENSG00000223870,,,,,,,,,,,,,,,,,,,,,2,False
pituitary,raw,ENSG00000223870.1,ENSG00000223870,-0.23701171492357007,293.12209576251996,-0.9949738291434156,0.004688600330803135,340.07927054004347,120.14781908148515,0.0,1.5160343152918183,0.3183072386986724,-1.0,-0.5966428278868238,-0.9979411073175578,0.026523329193295045,13.467668891919402,186.70216331409765,-1.0,-0.5966428278868238,291.8229876981592,0.0,92.8893694029977,313,True
prostate,excluded_at_or_below_-1,ENSG00000223870.1,ENSG00000223870,,,,,,,,,,,,,,,,,,,,,1,False
prostate,raw,ENSG00000223870.1,ENSG00000223870,0.02564102563768456,296.91853636307286,-0.9967157506246906,0.001484595152312342,0.9743589747151469,273.73530382438264,0.0,3.1285498956019837,0.0075350019308266574,-1.0,-0.7093573799465762,-0.9989693524111581,0.017307516158385116,16.70339961561303,277.00355871886154,-1.0,-0.7093573799465762,295.22618130741034,0.0,2.2245298461819174,282,True
skin_not_sun_exposed_suprapubic,excluded_at_or_below_-1,ENSG00000223870.1,ENSG00000223870,,,,,,,,,,,,,,,,,,,,,3,False
skin_not_sun_exposed_suprapubic,raw,ENSG00000223870.1,ENSG00000223870,0.07692307692307696,684.8689510790375,-0.9974597418124712,0.0005768206766896553,2.769230769230769,518.6585394111194,0.0,6.228049246344363,3.793917652283357e-09,-1.0,-0.7859125062082755,-0.9991590493290314,0.012513408601837925,15.116014050911248,230.75607867650575,-1.0,-0.7859125062082755,681.8403030076796,0.0,2.5868459616190664e-06,651,True
skin_sun_exposed_lower_leg,excluded_at_or_below_-1,ENSG00000223870.1,ENSG00000223870,,,,,,,,,,,,,,,,,,,,,4,False
skin_sun_exposed_lower_leg,raw,ENSG00000223870.1,ENSG00000223870,0.10526315789372515,792.114662043896,-0.997138169179878,0.0017857093445633916,5.590066773258172,205.52865958521767,0.0,2.266460648456574,0.07766720936746052,-1.0,-0.7376197642078244,-0.9988779567671902,0.015632482127443597,14.293158660412674,208.1062098992783,-1.0,-0.7376197642078244,781.8057809074584,0.0,60.72067327043046,754,True
small_intestine_terminal_ileum,excluded_at_or_below_-1,ENSG00000223870.1,ENSG00000223870,,,,,,,,,,,,,,,,,,,,,6,False
small_intestine_terminal_ileum,raw,ENSG00000223870.1,ENSG00000223870,0.1538461549847341,202.989590506004,-0.996854428462615,0.0012712425988807472,5.076923077465384,288.10459342901294,0.0,3.4993398848508703,0.0022017710697420363,-1.0,-0.7378759814693624,-0.9940416223479113,0.03535043210475706,5.999837036604196,35.38526542575812,-1.0,-0.7378759814693624,202.13950854005228,0.0,0.4450649219553602,207,True
spleen,excluded_at_or_below_-1,ENSG00000223870.1,ENSG00000223870,,,,,,,,,,,,,,,,,,,,,5,False
spleen,raw,ENSG00000223870.1,ENSG00000223870,0.1282051282051282,338.41683943691817,-0.9975606304896818,0.0007433672833135243,4.3589743589743595,419.5590124786556,0.0,4.6407603920288985,2.2137386509098837e-05,-1.0,-0.7770236114749526,-0.9968316107478343,0.023697400632430185,7.5230818712345275,56.11309455712074,-1.0,-0.7770236114749526,321.8844279848084,0.0,0.007125679993559869,277,True
stomach,excluded_at_or_below_-1,ENSG00000223870.1,ENSG00000223870,,,,,,,,,,,,,,,,,,,,,2,False
stomach,raw,ENSG00000223870.1,ENSG00000223870,0.051282051241059265,448.96309110597986,-0.9973674835332604,0.0011118573250127584,1.8974359256842197,300.86502463383846,0.0,3.3483976825813233,0.003755535580488911,-1.0,-0.7608268432936464,-0.9991055271003833,0.013360528312894335,15.959605679521994,265.10805083382354,-1.0,-0.7608268432936464,439.47530830553,0.0,1.650465157087748,407,True
testis,excluded_at_or_below_-1,ENSG00000223870.1,ENSG00000223870,0.2703342697551574,13.978021190559794,-0.8674051410064804,0.31726924736330264,326.2318616763589,3.6109001766900675,0.0,0.125050452586034,0.9922002251283314,-0.8954593642369775,-0.0573241095107317,-0.6954912182293055,0.15081739900307575,1.0528724340558158,1.012423786399867,-0.8954593642369775,-0.0573241095107317,13.957407113773234,0.0,13.848542480493578,217,True
testis,raw,ENSG00000223870.1,ENSG00000223870,5.56410256410256,205.0987033282042,-0.9872104438297873,0.0038318979916987677,1653.589743589773,343.1870755193082,0.0,4.7201579561436455,1.4559987768146826e-05,-1.0,-0.0573241095107317,-0.8403903245308195,0.18729509350810628,1.023249261493231,0.4317862338408269,-1.0,-0.0573241095107317,204.54318621781766,0.0,0.002978146289389194,414,True
thyroid,excluded_at_or_below_-1,ENSG00000223870.1,ENSG00000223870,0.059331633414520295,1.138975844285421,-0.7531852807643037,0.04099329939596823,4.8809801133884605,10.137545611219277,0.0,3.0876057511026263,0.00850884722008684,-0.8426845970905259,-0.4593318957892272,-0.7388595979845655,0.09885085098545272,2.20308620949366,4.194361001905769,-0.8426845970905259,-0.4593318957892272,1.138969204361551,0.0,0.009691314948296302,11,True
thyroid,raw,ENSG00000223870.1,ENSG00000223870,0.2894747361028165,650.5383442590194,-0.9932430928681059,0.005263866142379715,504.8130213725395,143.44294394812468,0.0,1.81534055904014,0.19382713879360255,-1.0,-0.4593318957892272,-0.9958003736517986,0.034981457112205495,9.657544734976513,108.37896636179882,-1.0,-0.4593318957892272,646.0378695551171,0.0,125.2196718081834,684,True
uterus,excluded_at_or_below_-1,ENSG00000223870.1,ENSG00000223870,,,,,,,,,,,,,,,,,,,,,0,False
uterus,raw,ENSG00000223870.1,ENSG00000223870,0.0,153.0,-0.9875,1.0001e-06,0.0,-17675.90193946968,0.0,,,-1.0,-1.0,-1.0,0.0,,,,-1.0,1.24953425659671e-187,0.0,,153,True
vagina,excluded_at_or_below_-1,ENSG00000223870.1,ENSG00000223870,,,,,,,,,,-0.8061538375326586,-0.8061538375326586,,,,,,,,,,1,False
vagina,raw,ENSG00000223870.1,ENSG00000223870,0.025641018243350536,186.5553491313979,-0.9979078095259937,0.001051726760202722,0.9743589751734167,257.8436511205768,0.0,2.813282171157695,0.019510485524866228,-1.0,-0.8061538375326586,-0.9988597284560745,0.014867321983487008,12.923076923076932,165.0059171597635,-1.0,-0.8061538375326586,182.77445834523553,0.0,3.5660184238598727,170,True
whole_blood,excluded_at_or_below_-1,ENSG00000223870.1,ENSG00000223870,,,,,,,,,,,,,,,,,,,,,3,False
whole_blood,raw,ENSG00000223870.1,ENSG00000223870,0.07692307692307687,913.9379459508273,-0.9969246065799725,0.0011670791125250235,2.76923076923077,335.70162633637096,0.0,3.72662233224815,0.000992721274094979,-1.0,-0.7198869889514,-0.9991220457423108,0.014490356643746836,16.76952192817991,284.81699903492,-1.0,-0.7198869889514,887.9951637692218,0.0,0.8815316903671886,803,True
adipose_subcutaneous,excluded_at_or_below_-1,ENSG00000223872.3,ENSG00000223872,1.5199554851907713,43.144219795781936,-0.9556040832089078,0.07349189789822166,1056.809522931218,7.63073551664418,0.0,0.6443157692835662,0.8125652897811314,-0.989086995542844,-0.5590605551320647,-0.9175177653504673,0.060323374851998214,1.8810720170340056,5.347641482439757,-0.989086995542844,-0.5590605551320647,43.14368507304174,0.0,35.057060963602034,448,True
adipose_subcutaneous,raw,ENSG00000223872.3,ENSG00000223872,10.923177583888396,278285686296.79895,-1.179377713776111,0.04053233483965344,10367.988594582554,21.643483954171685,0.0,-6.2586672249010915,1.0,-1.0,-0.5590605551320647,-0.9482464410042146,0.06224053978079905,1.8070781373669227,4.81322732270045,-1.0,-0.5590605551320647,868.22973863953,0.0,868.2297386394929,714,True
adipose_visceral_omentum,excluded_at_or_below_-1,ENSG00000223872.3,ENSG00000223872,0.7726087374830137,45.168559295601696,-0.9795545179815811,0.10425826838730634,534.0579115622502,6.257718177386132,0.0,0.062237862234270545,0.9980656669493552,-0.9841428007680822,-0.5182247170318085,-0.9130098427132909,0.06456919387175275,2.090408783621368,6.546623058821481,-0.9841428007680822,-0.5182247170318085,45.16853343193469,0.0,45.08116244486814,407,True
adipose_visceral_omentum,raw,ENSG00000223872.3,ENSG00000223872,5.106066603292584,2628510929451.7485,-2.3155529954102447,0.27157087337631636,9327.774645180189,9.359641539309276,0.0,-6.850782136535155,1.0,-1.0,-0.5182247170318085,-0.9396848483548712,0.06708351245267834,1.8776025607757758,5.556283384081723,-1.0,-0.5182247170318085,169.1575742698147,0.0,169.1575742698129,587,True
adrenal_gland,excluded_at_or_below_-1,ENSG00000223872.3,ENSG00000223872,0.547441168144281,12.2269664113026,-1.0179039837717772,0.0637961620388273,75.05329078033103,3.610144913645296,0.0,-0.6973448965919697,1.0,-0.9864462681879452,-0.85504782397927,-0.9529824335373178,0.02942698946912049,1.2666910386945949,1.155406040570476,-0.9864462681879452,-0.85504782397927,9.569791215223015,0.0,9.569791215223015,124,True
adrenal_gland,raw,ENSG00000223872.3,ENSG00000223872,3.25135644581532,163.64377514355024,-0.9981925284713528,0.001425781290818513,542.510747506387,141.98333487626078,0.0,1.792807049634343,0.20174775386323301,-1.0,-0.85504782397927,-0.9802366839275503,0.030045810026495666,1.740148443522976,2.781120363048781,-1.0,-0.85504782397927,162.60931920522685,0.0,32.80606490688399,295,True
artery_aorta,excluded_at_or_below_-1,ENSG00000223872.3,ENSG00000223872,1.036289067037596,40.58857966917253,-0.8837896044758561,0.19786115118676253,719.7375973156385,7.5540911437894165,0.0,0.7339024598179302,0.7639092760880121,-0.9864691356456068,0.1730954443224406,-0.798611570547909,0.14938995489266887,1.8689295540494082,6.08643046450632,-0.9864691356456068,0.1730954443224406,40.5885729793127,0.0,31.005987402072215,419,True
artery_aorta,raw,ENSG00000223872.3,ENSG00000223872,0.1554595615376643,56.957664007142135,-1.0729563331984608,0.351822589745381,561.2062687006131,5.008727053213037,0.0,-0.29326097549604085,1.0,-1.0,0.1730954443224406,-0.821225101821131,0.15445833916172966,1.693594597299408,5.2440007363322465,-1.0,0.1730954443224406,54.56013735972938,0.0,54.56013735972938,472,True
artery_coronary,excluded_at_or_below_-1,ENSG00000223872.3,ENSG00000223872,1.264556666498819,13.50014599006316,-0.9942977768740412,0.22983821470067384,127.58127551591414,3.7183162977259903,0.0,-0.07699463932893554,1.0,-0.9817845957564808,-0.3899964165280859,-0.819224821332017,0.13387786663907278,1.1071150982104663,0.6492784513122167,-0.9817845957564808,-0.3899964165280859,13.446759266994288,0.0,13.446759266994288,225,True
artery_coronary,raw,ENSG00000223872.3,ENSG00000223872,1.5087006092952004,3707898191667.672,-7.258697779559318,1.2355233481013357,631.3174022570347,7.8621020302180655,0.0,-7.163875370100418,1.0,-1.0,-0.3899964165280859,-0.8482297940287457,0.1394823997022143,1.1037907301904046,0.7101404143785071,-1.0,-0.3899964165280859,26.46035158052127,0.0,26.46035158052127,268,True
artery_tibial,excluded_at_or_below_-1,ENSG00000223872.3,ENSG00000223872,1.186673900901673,36.7986182624962,-0.8910059390080224,0.3056691183331685,727.5087244889552,3.768106300524192,0.0,0.4019563021416701,0.9223299081696533,-0.97788505808388,-0.0765647815253146,-0.7521152033569378,0.16853487515302054,1.045846141879136,0.9808183386831528,-0.97788505808388,-0.0765647815253146,36.76817353349452,0.0,33.912386118713876,628,True
artery_tibial,raw,ENSG00000223872.3,ENSG00000223872,-0.7071805838672698,50.95400658069991,-1.099898021997753,0.48009853486764204,1240.4505917883414,3.0144056738317504,0.0,-0.2942669625151359,1.0,-1.0,-0.0765647815253146,-0.774715409129026,0.17581084191164398,0.9690668451456573,0.8146881994247521,-1.0,-0.0765647815253146,48.25290251521269,0.0,48.25290251521269,691,True
bladder,excluded_at_or_below_-1,ENSG00000223872.3,ENSG00000223872,0.17252852837731097,6.351432127197895,-0.9596639540654254,0.17061991549974156,59.34776383107089,6.447079190356279,0.0,0.18612608159730756,0.9828299212437225,-0.9821194142302548,-0.1818464193269694,-0.8468546955347397,0.13614578970354302,2.4252711198620154,8.022867363964652,-0.9821194142302548,-0.1818464193269694,6.351417733714301,0.0,6.242363391012409,62,True
bladder,raw,ENSG00000223872.3,ENSG00000223872,0.16704537138074857,2516374220351.588,-6.580152535111917,1.0956133286422651,108.35782091045084,8.258909460668209,0.0,-7.202839897033225,1.0,-1.0,-0.1818464193269694,-0.8766881964045955,0.13639848716559383,2.322670324950309,7.823994468503074,-1.0,-0.1818464193269694,13.641330944721052,0.0,13.641330944721052,77,True
brain_amygdala,excluded_at_or_below_-1,ENSG00000223872.3,ENSG00000223872,0.3252985617273533,5.998988138550032,-0.9979452625966408,0.045576417013026435,49.42177279189667,4.303640922173747,0.0,-0.3558767724966232,1.0,-0.9864762818004597,-0.859250132976911,-0.9562219543380598,0.029341967567781915,1.6063958678392518,2.2217600554484154,-0.9864762818004597,-0.859250132976911,5.6303148207529174,0.0,5.6303148207529174,68,True
brain_amygdala,raw,ENSG00000223872.3,ENSG00000223872,1.7435897492422958,113.56325811768335,-0.9981650063109595,0.0005278660662988166,169.43589743589746,372.1688330182259,0.0,4.916157956706021,5.6882935534039e-06,-1.0,-0.859250132976911,-0.9835529994198237,0.02779345480119289,2.1573280520205604,5.007299719659635,-1.0,-0.859250132976911,112.74805772107479,0.0,0.0006413440498935774,181,True
brain_anterior_cingulate_cortex_ba24,excluded_at_or_below_-1,ENSG00000223872.3,ENSG00000223872,0.35630806832295586,12.620724100753103,-1.0098950331095362,0.06581983047492725,57.22334597225369,4.402261972918615,0.0,-0.45809591917804615,1.0,-0.988574493875731,-0.8050065039134917,-0.9506798803421367,0.035738900271622936,1.7742189204603158,3.688701769761045,-0.988574493875731,-0.8050065039134917,11.362807756848614,0.0,11.362807756848616,118,True
brain_anterior_cingulate_cortex_ba24,raw,ENSG00000223872.3,ENSG00000223872,3.0256410356555468,175.38840051644948,-0.9975777320065866,2.2616758054817115e-05,552.9743628823495,12041.374003826022,0.0,151.46309827804242,0.0,-1.0,-0.8050065039134917,-0.9750224286711251,0.03542285236158818,1.9688439779773845,4.704353059440656,-1.0,-0.8050065039134917,4.440892098500626e-16,0.0,0.0,233,True
brain_caudate_basal_ganglia,excluded_at_or_below_-1,ENSG00000223872.3,ENSG00000223872,0.4427901779908079,10.800756963702474,-0.9857551957291069,0.03998460068343142,89.98976203262623,5.91616437555126,0.0,0.13845777443731616,0.9904651291826553,-0.989669865316282,-0.8184852186706123,-0.9573653849107898,0.03119546509294183,1.8842452396143703,4.0978765334116165,-0.989669865316282,-0.8184852186706123,10.80070637027167,0.0,10.697723030295057,117,True
brain_caudate_basal_ganglia,raw,ENSG00000223872.3,ENSG00000223872,2.1438197668164847,170.11182448550704,-0.9977403179369243,0.0020274591792037115,808.1125160493361,125.03580595221575,0.0,1.5761959861050485,0.29009927594043367,-1.0,-0.8184852186706123,-0.9833725001152079,0.02848553047192977,2.4105108324613997,7.122017887342906,-1.0,-0.8184852186706123,169.32013320181863,0.0,49.11964804398573,300,True
brain_cerebellar_hemisphere,excluded_at_or_below_-1,ENSG00000223872.3,ENSG00000223872,0.3229904218797067,9.868848526471014,-0.9551332286487275,0.03620715374922877,94.73550438436843,7.837828194395173,0.0,1.1257271184034197,0.5306646767635782,-0.9839544590061238,-0.754466612201983,-0.9392567339747162,0.041425158112848554,2.5097348244616455,7.671123368737678,-0.9839544590061238,-0.754466612201983,9.868791075292544,0.0,5.237018826017403,109,True
brain_cerebellar_hemisphere,raw,ENSG00000223872.3,ENSG00000223872,2.7948717783240147,242.345527357442,-0.9977763273612033,0.0013658764028790656,718.3589743649698,251.9202310765521,0.0,2.3023664494355542,0.07177707531528917,-1.0,-0.754466612201983,-0.9760974151741663,0.039436954907590145,2.5339762672190433,8.957232528326005,-1.0,-0.754466612201983,238.43792699648054,0.0,17.114377044047778,277,True
brain_cerebellum,excluded_at_or_below_-1,ENSG00000223872.3,ENSG00000223872,0.3815779137224273,7.90345321206083,-0.9486696585835988,0.05219287059678631,78.95022447045011,5.6454857764019275,0.0,0.8954267195283522,0.6697206698793163,-0.9817162168578848,-0.7403177402995564,-0.9270749633423229,0.04297841403305137,1.6132810866409089,3.3917752771145437,-0.9817162168578848,-0.7403177402995564,7.903452263260177,0.0,5.293105344109804,114,True
brain_cerebellum,raw,ENSG00000223872.3,ENSG00000223872,2.923076923076415,221.24316156787518,-0.9977158716778338,0.001530884952622613,508.76923094095156,237.78137455792682,0.0,2.110050951819791,0.1085692940690871,-1.0,-0.7403177402995564,-0.9687464128609954,0.045770591463397806,1.7392691666477669,3.4798897131898263,-1.0,-0.7403177402995564,219.96567697811076,0.0,23.88151826894233,266,True
brain_cortex,excluded_at_or_below_-1,ENSG00000223872.3,ENSG00000223872,0.11306937373749461,28.277721713232243,-1.0238139057634656,0.1131954150312464,131.51886431451226,5.035071814459452,0.0,-0.4739243050742021,1.0,-0.985880414080463,-0.6208004862107077,-0.9304066650337832,0.05141460689917795,2.1856783642236586,7.77375270171885,-0.985880414080463,-0.6208004862107077,25.27380934471767,0.0,25.27380934471767,202,True
brain_cortex,raw,ENSG00000223872.3,ENSG00000223872,0.7265822574074859,2336528040170.1646,-3.231189303481441,0.45038815181062264,1207.0120964668822,8.196590548864133,0.0,-7.005908482539288,1.0,-1.0,-0.6208004862107077,-0.9479338753215711,0.05376981020502923,1.892377797214104,6.254120084654106,-1.0,-0.6208004862107077,51.32577424661943,0.0,51.325774246618884,270,True
brain_frontal_cortex_ba9,excluded_at_or_below_-1,ENSG00000223872.3,ENSG00000223872,0.2147016657690132,13.829501646617011,-0.9738031610649529,0.05908456427956569,177.95336185216513,4.989845712295991,0.0,0.30603904546683985,0.954255002165218,-0.986589195745316,-0.765331917698749,-0.9435830805984431,0.037947349929130576,2.0232805361992168,5.718957736144187,-0.986589195745316,-0.765331917698749,13.829367337791494,0.0,13.196742958867818,171,True
brain_frontal_cortex_ba9,raw,ENSG00000223872.3,ENSG00000223872,4.384615384607772,146.98105543902156,-0.9979471522843462,0.001310962484622107,1219.2307692348072,250.93595234372978,0.0,2.2145294888443403,0.08655914073831059,-1.0,-0.765331917698749,-0.9641364564399025,0.04066080457486126,1.7127005381673146,4.411860343364657,-1.0,-0.765331917698749,146.22706687695134,0.0,12.657289261552384,269,True
brain_hippocampus,excluded_at_or_below_-1,ENSG00000223872.3,ENSG00000223872,0.3854217994717646,10.073295384630706,-0.9743366877491406,0.048013525747530296,141.66401659829597,7.084425839981119,0.0,0.4848056134719289,0.8891337843199713,-0.9907961726701604,-0.733815544744669,-0.945489156226308,0.04299664346373842,2.381788349273252,7.537242133890164,-0.9907961726701604,-0.733815544744669,10.073187850766239,0.0,8.956411633917744,107,True
brain_hippocampus,raw,ENSG00000223872.3,ENSG00000223872,2.710526327574487,145.15259066303634,-0.9966749769638513,0.0030638743005281083,673.8345454731714,121.32983849173696,0.0,1.5347537828539766,0.30948675766684264,-1.0,-0.733815544744669,-0.9771268224165293,0.03870416578471419,2.73449642018127,10.446252010696277,-1.0,-0.733815544744669,144.44386079910535,0.0,44.703462143595644,255,True
brain_hypothalamus,excluded_at_or_below_-1,ENSG00000223872.3,ENSG00000223872,0.022011977011629345,729.7857612237427,-1.42798790496689,0.26397339763415967,198.0318692763314,6.654430626435176,0.0,-2.3524687143040803,1.0,-0.988882259352184,-0.185889322039086,-0.9219334476873208,0.08021605470493666,5.2097483606323545,42.93757184717733,-0.988882259352184,-0.185889322039086,45.86473327683436,0.0,45.86473327683427,159,True
brain_hypothalamus,raw,ENSG00000223872.3,ENSG00000223872,1.2556271203932408,973198421938.0715,-2.277090268761047,0.2688815168673457,559.3241088717219,10.998914224218346,0.0,-6.717004573235926,1.0,-1.0,-0.185889322039086,-0.9517020162734786,0.07358493263248987,4.984938401424052,44.49818927899516,-1.0,-0.185889322039086,155.20993314122282,0.0,155.20993314122285,257,True
brain_nucleus_accumbens_basal_ganglia,excluded_at_or_below_-1,ENSG00000223872.3,ENSG00000223872,0.5079469499557427,16.76161771705783,-0.9695341150304366,0.038656884252002095,89.13422019151466,10.629749920005086,0.0,0.7901713491704108,0.7318723294577023,-0.9911330893274108,-0.6789747375656638,-0.9469387350308279,0.044717552419100005,3.0862636710798483,13.094267293677067,-0.9911330893274108,-0.6789747375656638,16.761011175654485,0.0,12.266920293192829,136,True
brain_nucleus_accumbens_basal_ganglia,raw,ENSG00000223872.3,ENSG00000223872,3.266690317147079,38871115407.56206,-1.1083162514501088,0.025501646524033278,1221.0138221653574,23.809466233992346,0.0,-6.00676162936368,1.0,-1.0,-0.6789747375656638,-0.9746795367164655,0.040686921612295535,3.1458459923361075,15.220785381650153,-1.0,-0.6789747375656638,568.4564136714363,0.0,568.4564136713757,285,True
brain_putamen_basal_ganglia,excluded_at_or_below_-1,ENSG00000223872.3,ENSG00000223872,0.5528678365500913,11.52686430603211,-0.9772450529018163,0.01667456035632925,57.54072963277751,13.424374796290902,0.0,1.1001975729853455,0.545978039486267,-0.990217146595959,-0.8189623481233966,-0.9642612014140688,0.027320002999958758,2.7865971069651247,10.204801536066153,-0.990217146595959,-0.8189623481233966,11.526393731008369,0.0,6.293157851602748,91,True
brain_putamen_basal_ganglia,raw,ENSG00000223872.3,ENSG00000223872,2.3847880980646825,159.82612572441894,-0.9977366767682828,0.0011462698913485545,615.3927332349774,220.56330893966106,0.0,2.7923811263707012,0.020607604477347632,-1.0,-0.8189623481233966,-0.9871959422388988,0.023671291321213254,3.124208013231474,14.225547646130984,-1.0,-0.8189623481233966,157.19474561152742,0.0,3.2394071434796294,254,True
brain_spinal_cord_cervical_c-1,excluded_at_or_below_-1,ENSG00000223872.3,ENSG00000223872,0.24338819862866531,138687.74033431488,-1.9616698458366089,0.33483405694843404,75.80319841137845,7.297745357277032,0.0,-4.117729214754459,1.0,-0.98674214391461,-0.2338306074309605,-0.90804832366081,0.10856968727085095,3.384545980411354,15.391060772508826,-0.98674214391461,-0.2338306074309605,28.850671160316068,0.0,28.85067116031596,93,True
brain_spinal_cord_cervical_c-1,raw,ENSG00000223872.3,ENSG00000223872,1.281170545889543,353036134063.65063,-1.5948372885574436,0.12933898684623796,370.2338530677306,14.881468873864549,0.0,-6.5040478620978455,1.0,-1.0,-0.2338306074309605,-0.9580808534336046,0.08631173187349742,4.320630116074362,26.354589054836094,-1.0,-0.2338306074309605,230.1006806728097,0.0,230.1006806728056,204,True
brain_substantia_nigra,excluded_at_or_below_-1,ENSG00000223872.3,ENSG00000223872,0.5451900985174117,729615169119.7992,-4.484214804184034,0.7018418753351834,38.96565318112383,7.954436333256237,0.0,-7.041175434769476,1.0,-0.9898403312012184,-0.5366098158689487,-0.8872236328655797,0.10766942688425045,1.5722893557608588,1.9114606882009895,-0.9898403312012184,-0.5366098158689487,12.498949400021186,0.0,12.498949400021186,98,True
brain_substantia_nigra,raw,ENSG00000223872.3,ENSG00000223872,2.1255707950081404,63277422407.49322,-1.2478605556092397,0.05609930355010777,267.1144721524748,17.92999874749218,0.0,-6.248344224217104,1.0,-1.0,-0.5366098158689487,-0.9396060984744634,0.09674447597732304,2.1993900656615892,4.784791122822005,-1.0,-0.5366098158689487,210.5854805976266,0.0,210.58548059761685,183,True
breast_mammary_tissue,excluded_at_or_below_-1,ENSG00000223872.3,ENSG00000223872,1.005514365541492,81.44487912435304,-1.1766810420108706,0.2818768736538745,317.416233576897,4.635423342537386,0.0,-0.9632044116324722,1.0,-0.9846979812735752,-0.2527621413435034,-0.8557874088949763,0.12414701349830137,1.7796195931075176,3.7334174268475353,-0.9846979812735752,-0.2527621413435034,51.213889202141175,0.0,51.213889202141175,413,True
breast_mammary_tissue,raw,ENSG00000223872.3,ENSG00000223872,1.9218511711904978,2817513386294.3564,-5.285491528522065,0.8725200114996488,1380.4418181187891,8.157238872800823,0.0,-6.946087380453565,1.0,-1.0,-0.2527621413435034,-0.8841249024778699,0.1251721435297744,1.7841685973591552,3.884300665669575,-1.0,-0.2527621413435034,93.94450696381851,0.0,93.94450696381851,514,True
cells_cultured_fibroblasts,excluded_at_or_below_-1,ENSG00000223872.3,ENSG00000223872,0.3224708442834734,3.238128963093585,-0.9760850862959658,0.04842041060403726,55.797863787248524,3.820702638468423,0.0,0.11885107096837132,0.9929574398548012,-0.9801543568857354,-0.8452703384582109,-0.9426715162096054,0.03181282899143577,1.1697259283862629,0.848610283932345,-0.9801543568857354,-0.8452703384582109,3.2359386862093777,0.0,3.2131493933855726,58,True
cells_cultured_fibroblasts,raw,ENSG00000223872.3,ENSG00000223872,1.4871797937911995,639.4661810546736,-0.9982495282648594,0.0006650189597151286,123.74359006633233,325.32192026237135,0.0,3.722511715225698,0.0009868296707453668,-1.0,-0.8452703384582109,-0.9949002269020816,0.01885144361684891,4.440496913646324,21.869638337104238,-1.0,-0.8452703384582109,634.6667813171154,0.0,0.6263080108401904,652,True
cells_ebv-transformed_lymphocytes,excluded_at_or_below_-1,ENSG00000223872.3,ENSG00000223872,0.4407625996575265,33.92553200436907,-0.9674601749521897,0.034303525369273634,165.27661636657365,22.159851315896944,0.0,0.7270753964981758,0.7677288278228637,-0.9850963014699538,-0.4299451616478141,-0.9384779475699706,0.07114227160863387,4.257147517822426,22.276342863865707,-0.9850963014699538,-0.4299451616478141,33.92551099974903,0.0,26.04559279312899,132,True
cells_ebv-transformed_lymphocytes,raw,ENSG00000223872.3,ENSG00000223872,2.0782799182952685,331161321941.99927,-1.4001843657866235,0.08830873826967527,1887.5626169071268,15.537821829692733,0.0,-6.408722043076249,1.0,-1.0,-0.4299451616478141,-0.975165410028245,0.05429288338147065,5.3086997148415636,39.21052946088385,-1.0,-0.4299451616478141,399.4195460656511,0.0,399.4195460656383,327,True
cervix_ectocervix,excluded_at_or_below_-1,ENSG00000223872.3,ENSG00000223872,0.38445741865516536,131754153147.85431,-1.5492296376998287,0.11597252020751292,16.47494827195159,11.381820362156985,0.0,-6.970192775984859,1.0,-0.9776392894876916,-0.6158639657333066,-0.8549534387633846,0.10737209218443203,0.636910063708697,-0.6295776404514224,-0.9776392894876916,-0.6158639657333066,3.7151159151930897,0.0,3.715115915192985,20,True
cervix_ectocervix,raw,ENSG00000223872.3,ENSG00000223872,0.41093440612110915,665383017791.6575,-2.1517271872749277,0.22583165840595731,22.47754207232856,9.617954423155833,0.0,-7.212399802113196,1.0,-1.0,-0.6158639657333066,-0.8791278656361539,0.11212859604555857,0.7468077270186925,-0.4952008711041662,-1.0,-0.6158639657333066,3.3678455054473617,0.0,3.3678455054472662,24,True
cervix_endocervix,excluded_at_or_below_-1,ENSG00000223872.3,ENSG00000223872,0.18462966560741934,1.0151577049422331,-0.9299663418653187,0.10318209777638407,8.12972282463673,5.777166983390394,0.0,0.6079962826312837,0.8312458545211254,-0.9743262133523868,-0.5084598421324138,-0.837544831334038,0.12353518287086837,1.2278649389963023,0.8255700958357974,-0.9743262133523868,-0.5084598421324138,1.015157569082083,0.0,0.8438455209852246,19,True
cervix_endocervix,raw,ENSG00000223872.3,ENSG00000223872,0.13096293014777005,724970437940.031,-6.942619212843809,1.1519833124544872,15.508840083334292,7.898791020802648,0.0,-7.295359746936155,1.0,-1.0,-0.5084598421324138,-0.8657979041455096,0.12825830502869934,1.2027135675076008,0.933895272067391,-1.0,-0.5084598421324138,1.9897252148889941,0.0,1.9897252148889941,23,True
colon_sigmoid,excluded_at_or_below_-1,ENSG00000223872.3,ENSG00000223872,0.017848799683174005,20.933533206514586,-0.8799161620186373,0.3770782725478488,442.64109106524796,3.139944672249972,0.0,0.40132652749348746,0.9220626417150616,-0.9869237015736476,-0.0426982591433156,-0.7301514808753435,0.17938874924916487,0.8228195522084158,0.32366240886655984,-0.9869237015736476,-0.0426982591433156,20.782195465309968,0.0,19.162486051382484,389,True
colon_sigmoid,raw,ENSG00000223872.3,ENSG00000223872,-1.6926138196838658,29.5948242774483,-1.1331825410798544,0.5978741986898803,626.8783083876281,2.5794350457817177,0.0,-0.3150304132193186,1.0,-1.0,-0.0426982591433156,-0.7494723772327174,0.18634035782355565,0.7756972167548511,0.2231108574456706,-1.0,-0.0426982591433156,27.099361823364017,0.0,27.099361823364017,419,True
colon_transverse,excluded_at_or_below_-1,ENSG00000223872.3,ENSG00000223872,0.5924095439466617,2289060030052.898,-8.001796637734289,1.422859979475268,608.5280563180019,8.07122795220871,0.0,-6.96679515396478,1.0,-0.9924069150499908,0.1187783192396769,-0.8336417850539134,0.16133606643731802,1.9163253101572506,5.212650144399436,-0.9924069150499908,0.1187783192396769,66.07546699492036,0.0,66.07546699492036,360,True
colon_transverse,raw,ENSG00000223872.3,ENSG00000223872,3.735671734831414,1710567142606.7747,-3.303182250040741,0.4810646917130243,1155.7063802285093,10.05973443976891,0.0,-6.770797422330158,1.0,-1.0,0.1187783192396769,-0.87497086141839,0.15724939181878042,2.066296442915991,5.896925983417853,-1.0,0.1187783192396769,189.8049994937555,0.0,189.80499949375553,479,True
esophagus_gastroesophageal_junction,excluded_at_or_below_-1,ENSG00000223872.3,ENSG00000223872,0.663075151275375,32.16658739828795,-0.9452442872395012,0.15658435828248107,287.57212876287196,6.4053360891143,0.0,0.36017407414797264,0.9371968871735881,-0.9851234312181588,-0.2360335514758339,-0.8632421664341886,0.10586296724152483,2.1165599734715803,7.271495841274303,-0.9851234312181588,-0.2360335514758339,32.16656200617709,0.0,30.14640178326537,332,True
esophagus_gastroesophageal_junction,raw,ENSG00000223872.3,ENSG00000223872,-0.3304464129614778,1036706312664.4789,-7.0452379241110545,1.2465205796615602,885.320644824853,7.725238820658252,0.0,-6.858496842764697,1.0,-1.0,-0.2360335514758339,-0.8873359783031034,0.10931096005547378,1.9090806130788716,6.2602059622866175,-1.0,-0.2360335514758339,63.166813652564365,0.0,63.16681365256369,403,True
esophagus_mucosa,excluded_at_or_below_-1,ENSG00000223872.3,ENSG00000223872,1.0165943297895104,37.21374160420512,-0.9566634874496693,0.04645402793115743,332.97283094241334,10.42319125488435,0.0,0.951915765526548,0.6356743253207945,-0.9879319766909096,-0.6142829371785407,-0.9325480563814318,0.05512205541950817,2.9862022150462866,11.761885657542544,-0.9879319766909096,-0.6142829371785407,37.2136337429297,0.0,23.65575152227199,313,True
esophagus_mucosa,raw,ENSG00000223872.3,ENSG00000223872,7.736697486931051,285.25703172082046,-0.9951818844405704,0.005368487723513854,6429.427786351576,100.33970176595986,0.0,1.2692297570844235,0.44837497957076805,-1.0,-0.6142829371785407,-0.965614888676528,0.05182030234618822,2.920435918690541,12.862815517944497,-1.0,-0.6142829371785407,284.30395788739804,0.0,127.4747813096506,614,True
esophagus_muscularis,excluded_at_or_below_-1,ENSG00000223872.3,ENSG00000223872,1.2860408434719544,44.77328313577515,-0.9990563515644431,0.19499132984178077,451.93364244905763,5.105066147318451,0.0,-0.10788407736363494,1.0,-0.9841813282485948,-0.2951714055556557,-0.8573411374331268,0.11092259953895596,1.5928781000795718,3.314849585412479,-0.9841813282485948,-0.2951714055556557,44.51338415243844,0.0,44.513384152438434,462,True
esophagus_muscularis,raw,ENSG00000223872.3,ENSG00000223872,0.6378834408676052,2168809862554.9353,-6.60127444376845,1.1435790049004757,1776.9310446564523,7.798478639557441,0.0,-6.9268482990736135,1.0,-1.0,-0.2951714055556557,-0.8825162308272808,0.11441865818542513,1.5228785824008237,3.0660265716125794,-1.0,-0.2951714055556557,82.51267931485518,0.0,82.51267931485519,561,True
fallopian_tube,excluded_at_or_below_-1,ENSG00000223872.3,ENSG00000223872,0.30515459036393605,1626720658262.477,-6.6289152853957765,1.078660851062931,19.347890692635083,8.048861675143714,0.0,-7.412217385254041,1.0,-0.975406560995437,-0.4898198788790486,-0.8171328368791816,0.13277735283998457,0.7475849507087006,-0.3832419457343468,-0.975406560995437,-0.4898198788790486,1.8960823537668212,0.0,1.8960823537668212,28,True
fallopian_tube,raw,ENSG00000223872.3,ENSG00000223872,0.3486783824383727,1.0372009033327614,-0.9512054798349655,0.1555409790336336,21.553881521454464,4.1950216490178125,0.0,0.4436507511757241,0.906262674100997,-1.0,-0.4898198788790486,-0.8234386011247269,0.13473420509909714,0.7416140128393841,-0.3699666861948594,-1.0,-0.4898198788790486,1.0370418177073768,0.0,0.939832290870046,29,True
heart_atrial_appendage,excluded_at_or_below_-1,ENSG00000223872.3,ENSG00000223872,0.9894397750315674,19.388433924133647,-0.9720059127419062,0.02560490026431747,402.5045018532755,10.447969229161226,0.0,1.1798369608484536,0.49857642297961263,-0.9933673312111134,-0.7828412651985568,-0.9565455691941412,0.03238256214162634,2.450781751390788,8.919114918766304,-0.9933673312111134,-0.7828412651985568,19.388254937946275,0.0,9.666526794778065,187,True
heart_atrial_appendage,raw,ENSG00000223872.3,ENSG00000223872,4.355335818386659,263.26380105766424,-0.9973212428650879,0.002559276216654677,2232.3340510297285,118.51807604806649,0.0,1.4802367348406626,0.335372074644467,-1.0,-0.7828412651985568,-0.9823731484583609,0.029669175810821694,2.6891681085383654,10.805214449776017,-1.0,-0.7828412651985568,262.46582225959827,0.0,88.0237073344678,461,True
heart_left_ventricle,excluded_at_or_below_-1,ENSG00000223872.3,ENSG00000223872,1.186635950594426,15.713210225106478,-0.9768105717157193,0.025521044000718533,216.8037222204454,6.739216901468798,0.0,1.0068067732673445,0.6024032457675934,-0.9949795107249454,-0.855193967513336,-0.963343864295688,0.024395056546400243,1.440787713296327,2.362315243940695,-0.9949795107249454,-0.855193967513336,15.71318311786326,0.0,9.465672511541381,219,True
heart_left_ventricle,raw,ENSG00000223872.3,ENSG00000223872,5.61537467104079,251.16675078352506,-0.9984035157639025,0.0006772176902253102,1623.230769234654,299.0602406294112,0.0,3.3338905515786865,0.0039366429328694255,-1.0,-0.855193967513336,-0.9822396156653886,0.02498004522823031,1.7197010127499064,3.1923181951921764,-1.0,-0.855193967513336,246.19672850773253,0.0,0.9691886113755821,452,True
kidney_cortex,excluded_at_or_below_-1,ENSG00000223872.3,ENSG00000223872,0.15736231971443068,5.586696570563428,-0.997420985161978,0.08638714898466253,71.11628977386482,4.1039020412138125,0.0,-0.040250945311789424,1.0,-0.9949622586287744,-0.7467343799098722,-0.9407996010601566,0.04611072531644498,1.5618487355993205,3.230441967132716,-0.9949622586287744,-0.7467343799098722,5.58094264006991,0.0,5.58094264006991,73,True
kidney_cortex,raw,ENSG00000223872.3,ENSG00000223872,1.7312852298717523,122342814323.57387,-1.1395323912164015,0.03033773708881385,204.8947555582372,18.310537573604936,0.0,-6.504394163312308,1.0,-1.0,-0.7467343799098722,-0.9584458738210713,0.04718760054881193,1.599804199374183,3.2450501697571292,-1.0,-0.7467343799098722,79.56077370576095,0.0,79.5607737057505,104,True
kidney_medulla,excluded_at_or_below_-1,ENSG00000223872.3,ENSG00000223872,,,,,,,,,,,,,,,,,,,,,8,False
kidney_medulla,raw,ENSG00000223872.3,ENSG00000223872,0.20512820512604452,4.023936606146197,-0.9982959846128536,0.001115069034131271,6.358974359059119,239.03437750545137,0.0,2.161159172420618,0.09784447723737193,-1.0,-0.809823861631717,-0.9358524898994355,0.0649507637397936,0.7607863655577597,-0.6887946710680142,-1.0,-0.809823861631717,3.9802006090408284,0.0,0.3894406478914687,11,True
liver,excluded_at_or_below_-1,ENSG00000223872.3,ENSG00000223872,0.9191362139504108,37.0651144285301,-0.9700525105921051,0.026377606926450387,84.9644746678666,32.893363136338415,0.0,1.3927295016234313,0.3792091785844924,-0.9960294014423444,-0.3565325823548261,-0.9291616042492352,0.08999105845433651,3.646152629654312,16.661593160770224,-0.9960294014423444,-0.3565325823548261,37.058427425855086,0.0,14.052895823791534,137,True
liver,raw,ENSG00000223872.3,ENSG00000223872,1.2516802088845806,487928371366.3858,-1.728747213200233,0.15699491413464245,973.8225339967986,12.360938901269488,0.0,-6.564570566696814,1.0,-1.0,-0.3565325823548261,-0.9629585487868139,0.07400361760763144,4.458084889580777,26.587598164520944,-1.0,-0.3565325823548261,214.14237327071692,0.0,214.14237327071388,262,True
lung,excluded_at_or_below_-1,ENSG00000223872.3,ENSG00000223872,0.6515103508999419,41.283263008338515,-0.9635908351874647,0.12686728940060926,555.3802298619274,6.5655033731272185,0.0,0.23496708836199207,0.9727785416690752,-0.9846694320783176,-0.3746079271877035,-0.8931408644208599,0.07914277509348396,2.112817120436246,7.6101023412221185,-0.9846694320783176,-0.3746079271877035,41.283017768964356,0.0,40.15923382099167,387,True
lung,raw,ENSG00000223872.3,ENSG00000223872,8.698217744228229,187295079238.8658,-1.3919180108194702,0.08802592243722207,7915.673844608429,16.343977746293916,0.0,-6.296506198324275,1.0,-1.0,-0.3746079271877035,-0.9315323088259483,0.08150125257911972,1.9451812115728346,6.384027922586014,-1.0,-0.3746079271877035,460.7962729811516,0.0,460.7962729811369,604,True
minor_salivary_gland,excluded_at_or_below_-1,ENSG00000223872.3,ENSG00000223872,0.3218838803493153,12.160577811324801,-0.9647592322215816,0.0858980572101637,130.00802037428366,7.335398468371689,0.0,0.30884078406437526,0.9534311766647299,-0.9835179431010596,-0.5192137403241508,-0.9127530895263883,0.06687249174447447,2.5745368119915004,10.355745708834117,-0.9835179431010596,-0.5192137403241508,12.160537940317885,0.0,11.59423599731337,112,True
minor_salivary_gland,raw,ENSG00000223872.3,ENSG00000223872,2.763255569518425,58209836626.666145,-1.1769174399321494,0.04030906660975098,848.0928310965564,23.07504415851662,0.0,-6.2070165353779005,1.0,-1.0,-0.5192137403241508,-0.9460129614748921,0.0675519638152443,2.310932339323091,8.997006148875649,-1.0,-0.5192137403241508,250.58371501679878,0.0,250.5837150167792,181,True
muscle_skeletal,excluded_at_or_below_-1,ENSG00000223872.3,ENSG00000223872,-0.06697283872482804,6812.630276060054,-3.4861127475768807,1.2717086018569732,274.2431186102059,5.227783080287791,0.0,-2.780368097288309,1.0,-0.98591184459796,1.2148863721659744,-0.7174126316224799,0.25940248669671934,2.185826706798536,8.307865368068521,-0.98591184459796,1.2148863721659744,142.77282208613195,0.0,142.77282208613195,754,True
muscle_skeletal,raw,ENSG00000223872.3,ENSG00000223872,0.19632225971838613,4007509086064.021,-13.757427066304487,2.610964085422937,322.9972706330519,8.109666786686574,0.0,-6.909986421828138,1.0,-1.0,1.2148863721659744,-0.7395221567767115,0.2603547208719647,2.1477760869009246,8.064842086759308,-1.0,1.2148863721659744,171.59079614042932,0.0,171.5907961404281,818,True
nerve_tibial,excluded_at_or_below_-1,ENSG00000223872.3,ENSG00000223872,1.8072965944648507,37.71963747035308,-0.9245189074280465,0.10254756519062257,1036.7742348711067,6.142837164845842,0.0,0.8685597004274929,0.6857822275578118,-0.987499976816234,-0.4790890152409284,-0.8785503994717424,0.08562286699557502,1.607375539315296,3.1264791075747125,-0.987499976816234,-0.4790890152409284,37.719530658344034,0.0,25.867383757314347,508,True
nerve_tibial,raw,ENSG00000223872.3,ENSG00000223872,3.0070890143891638,2228836310785.067,-4.4737811253907465,0.7116996606626883,11167.657849095858,7.937825563129209,0.0,-6.902726882950754,1.0,-1.0,-0.4790890152409284,-0.9079158252711123,0.09090721607296916,1.4433298064668536,2.653121451474936,-1.0,-0.4790890152409284,100.30542400392781,0.0,100.30542400392781,670,True
ovary,excluded_at_or_below_-1,ENSG00000223872.3,ENSG00000223872,1.2584757467709686,8.580800027594034,-0.9129141555381728,0.05750340494294605,79.7330807313736,9.467076078027192,0.0,1.7803083287955772,0.20500052356675072,-0.9853033571961212,-0.5279729247194179,-0.8581763907095425,0.09761246071862542,1.2105162497210376,0.8614305655589738,-0.9853033571961212,-0.5279729247194179,8.580747453823067,0.0,1.7590577206277918,124,True
ovary,raw,ENSG00000223872.3,ENSG00000223872,3.1794871867652073,95.0693350473179,-0.9953818584699198,0.0021145748258734613,417.7435897450472,312.5999823682112,0.0,3.0885823026386965,0.008506167566964233,-1.0,-0.5279729247194179,-0.9088801681242658,0.10367343492489925,1.3128643661011123,1.2780936089071728,-1.0,-0.5279729247194179,94.81237421168375,0.0,0.8064899424663001,193,True
pancreas,excluded_at_or_below_-1,ENSG00000223872.3,ENSG00000223872,0.963767324646804,21.335373535963747,-0.970704682574471,0.04274610231944975,329.4527593682636,7.59010527320966,0.0,0.5814042674633997,0.8445072564339835,-0.9882782421606564,-0.7412857141411728,-0.94466162736206,0.040062120574853664,2.027162678284859,5.396677887797454,-0.9882782421606564,-0.7412857141411728,21.335085277349798,0.0,18.01763433335975,227,True
pancreas,raw,ENSG00000223872.3,ENSG00000223872,5.820512280148494,477.7359961284973,-0.9981751747783133,0.001232149903281223,2663.743589942754,294.8476953139325,0.0,2.0944631579303983,0.11223426516940913,-1.0,-0.7412857141411728,-0.9652988657767614,0.04150777026216272,1.869757898861822,4.913811175821716,-1.0,-0.7412857141411728,474.77321572465667,0.0,53.28582298897343,362,True
pituitary,excluded_at_or_below_-1,ENSG00000223872.3,ENSG00000223872,0.7210037065869938,21.98142443296597,-0.9400539066915338,0.11656675027052547,359.77051709088784,7.042551188378348,0.0,0.6262459883294239,0.8219370809571162,-0.9916723196892276,-0.3595706420101024,-0.8826178510064346,0.08991993535365833,1.8776983186282383,5.461936067167967,-0.9916723196892276,-0.3595706420101024,21.981411502031207,0.0,18.06733720529671,240,True
pituitary,raw,ENSG00000223872.3,ENSG00000223872,1.0078827413685942,2399191941373.968,-4.634639562782868,0.7356150967568149,1142.514829563143,8.218782450892578,0.0,-6.987562635252196,1.0,-1.0,-0.3595706420101024,-0.9099945183435921,0.09308985254166888,1.7351240754063024,4.747408781634544,-1.0,-0.3595706420101024,59.922455149887796,0.0,59.922455149887796,313,True
prostate,excluded_at_or_below_-1,ENSG00000223872.3,ENSG00000223872,0.29809635891049424,20.620529471834402,-0.9943171165527218,0.2663086725649131,100.18504919292963,4.5452231258211615,0.0,-0.032927696505053755,1.0,-0.9881165458750042,-0.1384122027873392,-0.8267596318751348,0.13208318270081618,1.5113972284380608,3.4188425269597422,-0.9881165458750042,-0.1384122027873392,20.60868041615254,0.0,20.608680416152538,235,True
prostate,raw,ENSG00000223872.3,ENSG00000223872,0.3157261874963265,3185329848659.336,-8.29344900882892,1.4563208641196654,596.0418144879794,7.919246326067957,0.0,-7.082570028959586,1.0,-1.0,-0.1384122027873392,-0.8556330265626123,0.13678873145555037,1.436171800674007,3.0198165997753357,-1.0,-0.1384122027873392,40.70271746451454,0.0,40.70271746451454,282,True
skin_not_sun_exposed_suprapubic,excluded_at_or_below_-1,ENSG00000223872.3,ENSG00000223872,1.715345542555455,61.92400372888449,-0.9078923963152168,0.3302624555900217,447.512365291105,6.78134957830008,0.0,0.32136843127087555,0.9496724918921776,-0.9829418302087322,0.6757617444254367,-0.7161282055009948,0.23570058020977253,1.8855606603557744,4.9581019829220265,-0.9829418302087322,0.6757617444254367,61.92395820144633,0.0,58.80747969299459,616,True
skin_not_sun_exposed_suprapubic,raw,ENSG00000223872.3,ENSG00000223872,1.513653149909112,66.51588327714181,-0.9505244585756049,0.364085338177815,572.0338216385783,6.316969576679481,0.0,0.19217742202505178,0.9817091238648359,-1.0,0.6757617444254367,-0.7313901299364252,0.2380528589123743,1.832959759495025,4.790477042622345,-1.0,0.6757617444254367,66.51549345610013,0.0,65.29886680422528,651,True
skin_sun_exposed_lower_leg,excluded_at_or_below_-1,ENSG00000223872.3,ENSG00000223872,0.2303818672107843,54.6172166073124,-0.9568528878472533,0.9639109721941136,892.9052530076634,3.8144928427221285,0.0,0.03427262969991604,0.9994147619632708,-0.980212700461594,1.6430596022337602,-0.4181623323306991,0.43269747045448054,1.145544546630161,1.5530362858047093,-0.980212700461594,1.6430596022337602,54.57926748900203,0.0,54.54732562565064,740,True
skin_sun_exposed_lower_leg,raw,ENSG00000223872.3,ENSG00000223872,0.1927807756000172,54.77026297037812,-0.9591757091174596,0.9700178814227691,663.7682302919106,3.7938645671163047,0.0,0.05951876449501261,0.9982303128089343,-1.0,1.6430596022337602,-0.42896568425028825,0.43580201505740307,1.130534965074992,1.5099379322694713,-1.0,1.6430596022337602,54.72916527412938,0.0,54.632311771366034,754,True
small_intestine_terminal_ileum,excluded_at_or_below_-1,ENSG00000223872.3,ENSG00000223872,0.7826060973812565,22.369113143047578,-0.9731356171277056,0.08441413707769546,125.30343582779018,10.713760040470213,0.0,0.19432930321180528,0.9813127903329385,-0.9847350960720368,-0.3336333292581219,-0.8948937155342775,0.10587857678322547,2.7366262514580595,9.307864140004796,-0.9847350960720368,-0.3336333292581219,22.368712353448593,0.0,21.95070353571751,150,True
small_intestine_terminal_ileum,raw,ENSG00000223872.3,ENSG00000223872,0.7730075845979809,2291891815088.0884,-3.529839615945742,0.5121433750193135,337.6966767797481,8.825884506668318,0.0,-6.985804503210239,1.0,-1.0,-0.3336333292581219,-0.9238360257494765,0.10160444632812048,2.810655381132925,10.510871505355315,-1.0,-0.3336333292581219,57.95494817018175,0.0,57.95494817018175,207,True
spleen,excluded_at_or_below_-1,ENSG00000223872.3,ENSG00000223872,0.2035316313089339,43.19474733975006,-1.1096116930812572,0.22337212250682262,67.22649074003999,5.117404943304423,0.0,-0.8105795709866332,1.0,-0.981582317568744,-0.3013281110777857,-0.8828691596840843,0.09565839437462617,2.3479470972688508,8.780411583930098,-0.981582317568744,-0.3013281110777857,31.099645489533117,0.0,31.09964548953311,218,True
spleen,raw,ENSG00000223872.3,ENSG00000223872,0.3764843146476998,1181738328546.524,-5.179020384451634,0.8562228298071075,345.1486217263507,8.056429151324748,0.0,-6.902440695790085,1.0,-1.0,-0.3013281110777857,-0.9078176058163552,0.09748116395906459,2.1580638844900055,7.8418689143415286,-1.0,-0.3013281110777857,53.30261442603974,0.0,53.30261442603974,277,True
stomach,excluded_at_or_below_-1,ENSG00000223872.3,ENSG00000223872,0.9181565684792033,170.45805286827067,-1.2646800976624595,0.23004333734827223,333.1037933792616,5.312686828593901,0.0,-1.70859759943962,1.0,-0.9867507209276024,-0.4004908119331203,-0.8912998843755957,0.10171400005398591,1.8367075326743552,3.5168149866762146,-0.9867507209276024,-0.4004908119331203,39.60016024315968,0.0,39.60016024315957,244,True
stomach,raw,ENSG00000223872.3,ENSG00000223872,4.307247622066086,690663565326.6953,-1.6115734445460843,0.13136917219677027,2082.9094163382947,13.037529700121487,0.0,-6.583701832031233,1.0,-1.0,-0.4004908119331203,-0.9348333459155906,0.0950582503423846,2.2165974093408813,5.5525918777484495,-1.0,-0.4004908119331203,267.2952238193359,0.0,267.2952238193273,407,True
testis,excluded_at_or_below_-1,ENSG00000223872.3,ENSG00000223872,4.399346708263589,19.506680671669248,0.9151016773964218,0.4708013994305824,276.5165351214123,2.5411571867176916,0.039608128247404555,5.665416257067268,0.0,-0.9709542714011928,1.7610703426043886,0.6578515878238745,0.6119298244877043,-0.8360071400732848,0.13506510762323698,-0.9709542714011928,1.7610703426043886,19.506257232460705,0.7726063380901662,0.0,413,True
testis,raw,ENSG00000223872.3,ENSG00000223872,4.354511950725765,19.607687086558382,0.9139222030070011,0.4792639220770661,256.0173207753005,2.499767525094689,0.04396255106327589,5.647607950727939,0.0,-1.0,1.7610703426043886,0.6538471153895173,0.616595696423975,-0.8428040704084735,0.1385339059328059,-1.0,1.7610703426043886,19.607600474929995,0.8620001371074224,0.0,414,True
thyroid,excluded_at_or_below_-1,ENSG00000223872.3,ENSG00000223872,0.9024174663618735,52.56962440946674,-1.012770492248426,0.14596695352353417,518.5720515522564,5.33423089255544,0.0,-0.28459043115374605,1.0,-0.9833967121188149,-0.4622019971543125,-0.8987412794717687,0.07439174139136237,1.6680525463265263,3.9312819246247255,-0.9833967121188149,-0.4622019971543125,50.48326642414556,0.0,50.48326642414556,441,True
thyroid,raw,ENSG00000223872.3,ENSG00000223872,10.334493588179141,215669396987.9824,-1.2886386945882635,0.06499382623770159,9395.272877644591,17.982600096191153,0.0,-6.2805466325292585,1.0,-1.0,-0.4622019971543125,-0.9347147722910087,0.0769230518981046,1.6659181447447884,3.7290607712324393,-1.0,-0.4622019971543125,586.6213200018045,0.0,586.6213200017775,684,True
uterus,excluded_at_or_below_-1,ENSG00000223872.3,ENSG00000223872,1.1297812413052069,9.200825722531766,-0.9874879743377886,0.2706117387171523,82.41568923956805,4.87994299480618,0.0,-0.06536801823629693,1.0,-0.9749797128261852,-0.0537040722451445,-0.7306724418228984,0.2144765780358628,1.1014944984412476,0.32759904147470387,-0.9749797128261852,-0.0537040722451445,9.18112719812752,0.0,9.18112719812752,136,True
uterus,raw,ENSG00000223872.3,ENSG00000223872,0.4359093892056008,101365521.17532235,-8.441494436114295,1.8732064058042248,118.44904139341037,6.332525264792343,0.0,-5.618100772700779,1.0,-1.0,-0.0537040722451445,-0.7605977260647986,0.21924132114857234,1.1208940867261528,0.46204580638167325,-1.0,-0.0537040722451445,13.993871769624075,0.0,13.993871769624075,153,True
vagina,excluded_at_or_below_-1,ENSG00000223872.3,ENSG00000223872,0.060010201836425046,23.415908357783987,-1.2341672685812801,0.3734375556083038,93.23202896493781,3.9632244292662113,0.0,-0.9802367854918671,1.0,-0.9753257195883764,-0.1876373224897057,-0.8296537849948398,0.13270191898805556,1.8546524001652698,5.115168940972229,-0.9753257195883764,-0.1876373224897057,14.474022173181309,0.0,14.474022173181323,131,True
vagina,raw,ENSG00000223872.3,ENSG00000223872,0.9733508499571499,2819531874310.9897,-5.458022741591638,0.887346753465613,409.90283944005733,8.39970452308214,0.0,-7.104997226736236,1.0,-1.0,-0.1876373224897057,-0.8687332107901414,0.13677055326474097,1.7380177968200066,4.573776152336564,-1.0,-0.1876373224897057,30.78585829997453,0.0,30.78585829997453,170,True
whole_blood,excluded_at_or_below_-1,ENSG00000223872.3,ENSG00000223872,1.6151470997249135,35.8537384574326,-0.955729302183302,0.03967366590552465,780.4259276231488,14.221932237333785,0.0,1.2957022760215826,0.4319600762394999,-0.9920783095606944,-0.5567540673763431,-0.9261247110289474,0.059505804184322685,2.4575529886945584,8.763543503263914,-0.9920783095606944,-0.5567540673763431,35.853735484339374,0.0,15.4873823132861,274,True
whole_blood,raw,ENSG00000223872.3,ENSG00000223872,,,,,,,,,,,,,,,,,,,,,803,False
adipose_subcutaneous,excluded_at_or_below_-1,ENSG00000223881.3,ENSG00000223881,0.0002085591845513636,1.7205141080897541,-0.954862310013995,0.07244593162733173,8.781364878004965,4.08432542063919,0.0,0.2664203342287866,0.965126770372341,-0.9685102270126708,-0.745634532795622,-0.9195630539264372,0.04598023464297934,2.25524300828864,6.558709141269157,-0.9685102270126708,-0.745634532795622,1.7200990043843671,0.0,1.6601135968221632,24,True
adipose_subcutaneous,raw,ENSG00000223881.3,ENSG00000223881,0.00339262489496886,637.0819529063107,-0.9968763784759461,0.00334192934730156,3128.597075651385,106.31871253761165,0.0,1.3218316319597327,0.41829180695247736,-1.0,-0.745634532795622,-0.9972962371067708,0.016693300644825305,8.30753682232835,89.52589891448977,-1.0,-0.745634532795622,635.7814405950429,0.0,265.9421676133488,714,True
adipose_visceral_omentum,excluded_at_or_below_-1,ENSG00000223881.3,ENSG00000223881,0.09506159439392829,12.708112476396893,-1.0853080806823796,0.21568585983485156,53.1183762662995,7.612681382017752,0.0,-0.7667110757429428,1.0,-0.968374724917479,0.0757242932216186,-0.8397155233591647,0.1871319366066537,3.385307328798926,12.548490988078505,-0.968374724917479,0.0757242932216186,9.471787377076135,0.0,9.471787377076133,45,True
adipose_visceral_omentum,raw,ENSG00000223881.3,ENSG00000223881,,,,,,,,,,,,,,,,,,,,,587,False
adrenal_gland,excluded_at_or_below_-1,ENSG00000223881.3,ENSG00000223881,,,,,,,,,,,,,,,,,,,,,5,False
adrenal_gland,raw,ENSG00000223881.3,ENSG00000223881,0.12820512785060428,380.8156198925005,-0.9992111991274761,0.0004209234602650289,6.358974362026604,268.4661957571075,0.0,2.650203652780089,0.029907515958740426,-1.0,-0.9193055023579964,-0.998964108649413,0.008129999609658038,8.115274473145636,66.76053950081672,-1.0,-0.9193055023579964,379.9999345231105,0.0,11.364854106070519,295,True
artery_aorta,excluded_at_or_below_-1,ENSG00000223881.3,ENSG00000223881,0.3076923076923068,5.120722093379996,-0.956162160917886,0.0009402532159003543,8.30769230769233,362.77593954385503,0.0,5.740382379782851,7.137577798958427e-08,-0.959978708246163,-0.7149671583505202,-0.8798911909427158,0.07393283548998617,0.806203634088528,-0.23557534207494957,-0.959978708246163,-0.7149671583505202,5.015874579622516,0.0,3.580119504187351e-07,15,True
artery_aorta,raw,ENSG00000223881.3,ENSG00000223881,0.3846153846153872,491.71424369432907,-0.9967634819797149,0.0011993847571142963,19.230769239425612,332.27050814129007,0.0,3.8162296560823243,0.0006922195331025687,-1.0,-0.7149671583505202,-0.9961829827630101,0.02464352766069366,7.763818145631213,66.69897485208455,-1.0,-0.7149671583505202,488.676519649673,0.0,0.33827143227008943,472,True
artery_coronary,excluded_at_or_below_-1,ENSG00000223881.3,ENSG00000223881,0.06310446613142065,2274909488587.9526,-6.307572818863374,1.0521640510322097,7.1893157370231275,10.51985225952294,0.0,-7.199293455959794,1.0,-0.9513536672937082,1.519116631820809,-0.7348636916213112,0.5007341308715506,4.214524290354618,16.519380350369676,-0.9513536672937082,1.519116631820809,12.654947555180863,0.0,12.654947555180863,23,True
artery_coronary,raw,ENSG00000223881.3,ENSG00000223881,,,,,,,,,,,,,,,,,,,,,268,False
artery_tibial,excluded_at_or_below_-1,ENSG00000223881.3,ENSG00000223881,0.048222162116198626,1.8481959273397877,-1.0200283738950957,0.1264990302043957,13.8531086660663,3.800457279191678,0.0,-0.6562037388983465,1.0,-0.9613320505138891,-0.6800838471686917,-0.8950067666957864,0.06861028520765054,1.914641439252762,3.731495547241077,-0.9613320505138891,-0.6800838471686917,1.4888468183136472,0.0,1.4888468183136476,17,True
artery_tibial,raw,ENSG00000223881.3,ENSG00000223881,0.4358974456781309,689.9021127304952,-0.9962491147090519,0.0016023801120395623,27.589743591641046,279.0381670038201,0.0,3.310421047733079,0.004171895283048833,-1.0,-0.6800838471686917,-0.9974169537392596,0.01934089093975911,10.22086275390502,129.63795259768378,-1.0,-0.6800838471686917,689.8614686634552,0.0,2.8780298070742116,691,True
bladder,excluded_at_or_below_-1,ENSG00000223881.3,ENSG00000223881,,,,,,,,,,,,,,,,,,,,,6,False
bladder,raw,ENSG00000223881.3,ENSG00000223881,0.15384615384615383,75.24439773140868,-0.9954955370886436,0.0013609821588492508,5.0769230769756115,397.5368837274144,0.0,4.680643680026881,1.7487608197338697e-05,-1.0,-0.6129220555207984,-0.9875610766796232,0.052394648398520316,5.4754820884049975,33.469660100864246,-1.0,-0.6129220555207984,75.2297566849782,0.0,0.0013155885096880204,77,True
brain_amygdala,excluded_at_or_below_-1,ENSG00000223881.3,ENSG00000223881,,,,,,,,,,,,,,,,,,,,,6,False
brain_amygdala,raw,ENSG00000223881.3,ENSG00000223881,0.15384605916053642,187.89569543526827,-0.9986562162137061,0.0006177015811680206,5.07692307853322,273.4022101132422,0.0,3.076562070442761,0.008908974980847036,-1.0,-0.8792393318229261,-0.9974653934421981,0.01514280228563366,6.4574594733630555,42.11514426935872,-1.0,-0.8792393318229261,185.66908870344864,0.0,1.654121265975757,181,True
brain_anterior_cingulate_cortex_ba24,excluded_at_or_below_-1,ENSG00000223881.3,ENSG00000223881,,,,,,,,,,,,,,,,,,,,,4,False
brain_anterior_cingulate_cortex_ba24,raw,ENSG00000223881.3,ENSG00000223881,0.102564102274761,229.65062530025367,-0.9989520121740322,0.00044690800960810813,3.58974359303238,268.4719364101453,0.0,3.316294550158644,0.004131621204818269,-1.0,-0.914111743399238,-0.999047855145053,0.007878515398414065,8.956055787716256,82.73159060499766,-1.0,-0.914111743399238,227.40663701158851,0.0,0.93955808359349,233,True
brain_caudate_basal_ganglia,excluded_at_or_below_-1,ENSG00000223881.3,ENSG00000223881,,,,,,,,,,,,,,,,,,,,,4,False
brain_caudate_basal_ganglia,raw,ENSG00000223881.3,ENSG00000223881,0.10256402201279881,314.60829999403285,-0.9989719266865074,0.0004632986553574003,3.589743591553815,275.93132473534826,0.0,3.138181400361611,0.007324585123406249,-1.0,-0.908576377441204,-0.9991196111944909,0.007825649288201788,9.307397334571078,89.38540179214719,-1.0,-0.908576377441204,312.2349303348868,0.0,2.2869913257386987,300,True
brain_cerebellar_hemisphere,excluded_at_or_below_-1,ENSG00000223881.3,ENSG00000223881,,,,,,,,,,,,,,,,,,,,,6,False
brain_cerebellar_hemisphere,raw,ENSG00000223881.3,ENSG00000223881,0.15384615384410708,279.53488832913473,-0.9986636927158137,0.0005622473630633192,7.076923077740842,285.63865423570746,0.0,3.361196528335959,0.0035221224906252816,-1.0,-0.88510264054807,-0.9986319056728387,0.010153255924917807,8.552460031258393,79.30630795113282,-1.0,-0.88510264054807,279.49867406557394,0.0,0.9844285660263079,277,True
brain_cerebellum,excluded_at_or_below_-1,ENSG00000223881.3,ENSG00000223881,,,,,,,,,,,,,,,,,,,,,2,False
brain_cerebellum,raw,ENSG00000223881.3,ENSG00000223881,-0.3031798714500548,246.92447929164794,-0.9990363601192607,0.0010575078512043868,358.8627538565425,104.07071039238774,0.0,1.2886831875839366,0.4366153810673235,-1.0,-0.9212153037749196,-0.9995050599368758,0.005807294300243132,12.036045839781822,147.1759185889837,-1.0,-0.9212153037749196,246.5174951811595,0.0,107.63333009828493,266,True
brain_cortex,excluded_at_or_below_-1,ENSG00000223881.3,ENSG00000223881,,,,,,,,,,,,,,,,,,,,,3,False
brain_cortex,raw,ENSG00000223881.3,ENSG00000223881,-0.19426806643544428,249.823983133452,-0.9990901855546489,0.0009929979281961686,357.1529511384606,104.52698697493942,0.0,1.2957448261710165,0.43269084168212485,-1.0,-0.925695979567449,-0.9994632990571012,0.005447464468801863,11.29576516000471,136.2884749534098,-1.0,-0.925695979567449,249.3882882996023,0.0,107.90802837001829,270,True
brain_frontal_cortex_ba9,excluded_at_or_below_-1,ENSG00000223881.3,ENSG00000223881,,,,,,,,,,,,,,,,,,,,,4,False
brain_frontal_cortex_ba9,raw,ENSG00000223881.3,ENSG00000223881,-0.23708573279270226,248.50592669851065,-0.9985421208590407,0.0016323566338526596,351.00324820973225,102.74668282541505,0.0,1.2630526998130787,0.4508957436973721,-1.0,-0.8799467164740176,-0.9990654857207729,0.00862384689761575,11.228630430114652,140.20762126324863,-1.0,-0.8799467164740176,248.2247950020436,0.0,111.92350354657471,269,True
brain_hippocampus,excluded_at_or_below_-1,ENSG00000223881.3,ENSG00000223881,,,,,,,,,,,,,,,,,,,,,4,False
brain_hippocampus,raw,ENSG00000223881.3,ENSG00000223881,0.10256410256389285,281.6334877033118,-0.9992428394213011,0.00033190036655837647,9.589743589745295,293.3324683498194,0.0,3.226229516989705,0.0056526956240994615,-1.0,-0.9304009357943764,-0.9993483000121303,0.005557872261304484,9.694396534368682,102.92909029584055,-1.0,-0.9304009357943764,273.6776172941398,0.0,1.5470162696923555,255,True
brain_hypothalamus,excluded_at_or_below_-1,ENSG00000223881.3,ENSG00000223881,,,,,,,,,,,,,,,,,,,,,4,False
brain_hypothalamus,raw,ENSG00000223881.3,ENSG00000223881,-0.19876014906982495,237.6302438496275,-0.9978591889539874,0.002171784212765067,267.4489919324534,111.18321229856879,0.0,1.3940445823089496,0.3796130248582955,-1.0,-0.82711698168131,-0.9986563354672224,0.012423249200320148,11.44727669696016,145.03029308249938,-1.0,-0.82711698168131,236.9001206281632,0.0,89.9303713809521,257,True
brain_nucleus_accumbens_basal_ganglia,excluded_at_or_below_-1,ENSG00000223881.3,ENSG00000223881,,,,,,,,,,,,,,,,,,,,,6,False
brain_nucleus_accumbens_basal_ganglia,raw,ENSG00000223881.3,ENSG00000223881,0.15384615384509412,365.0600596603811,-0.9992994469084324,0.0003554635759428293,7.076923080010967,278.90775841572844,0.0,2.7871538754133756,0.02057829691050185,-1.0,-0.9291957851967664,-0.9990135938139333,0.00714473543825902,7.888476464599898,65.39361942389017,-1.0,-0.9291957851967664,364.8428930924616,0.0,7.507845379743159,285,True
brain_putamen_basal_ganglia,excluded_at_or_below_-1,ENSG00000223881.3,ENSG00000223881,,,,,,,,,,,,,,,,,,,,,6,False
brain_putamen_basal_ganglia,raw,ENSG00000223881.3,ENSG00000223881,0.15384615384615383,300.48200062474797,-0.9988846989800162,0.0003075013369479428,5.076923077020265,454.8655229145793,0.0,5.129323482768733,1.9954079312787523e-06,-1.0,-0.8999804315134753,-0.9984411425690584,0.010666674882952056,7.438775573377962,57.89741265973417,-1.0,-0.8999804315134753,291.50880476091544,0.0,0.0005816789810575151,254,True
brain_spinal_cord_cervical_c-1,excluded_at_or_below_-1,ENSG00000223881.3,ENSG00000223881,,,,,,,,,,,,,,,,,,,,,2,False
brain_spinal_cord_cervical_c-1,raw,ENSG00000223881.3,ENSG00000223881,0.0512835303839678,203.13814801985347,-0.9991513464399504,0.00035059913528695796,1.8974358977047212,279.1042122848583,0.0,3.423218295721766,0.0028746536877284137,-1.0,-0.9299583348004514,-0.999391607049724,0.006180353628793695,10.197698728023866,103.57828222716898,-1.0,-0.9299583348004514,201.6427562029974,0.0,0.5796530927226664,204,True
brain_substantia_nigra,excluded_at_or_below_-1,ENSG00000223881.3,ENSG00000223881,,,,,,,,,,,,,,,,,,,,,3,False
brain_substantia_nigra,raw,ENSG00000223881.3,ENSG00000223881,0.07691853749888773,213.60090105022024,-0.9990966305120551,0.0004950636145788696,2.769230774640012,250.7307130856987,0.0,2.5805923603828083,0.035836327459354306,-1.0,-0.9113251252679296,-0.9987586984284816,0.009848778714734135,8.04876432572261,64.37400521905047,-1.0,-0.9113251252679296,213.40121381076835,0.0,7.64751577834648,183,True
breast_mammary_tissue,excluded_at_or_below_-1,ENSG00000223881.3,ENSG00000223881,0.2894737931662592,13.428036895991177,-0.9047944373023904,0.00220675886708683,17.815795333757414,123.41818776303097,0.0,31.465180743575793,0.0,-0.9538931508615072,-0.7122109495943267,-0.8991366186049413,0.054085403755893005,2.504835498417675,6.665986271885096,-0.9538931508615072,-0.7122109495943267,13.384763772487407,0.0,0.0,17,True
breast_mammary_tissue,raw,ENSG00000223881.3,ENSG00000223881,0.44734881841225105,458.7107250367734,-0.9964135540580173,0.0034100201036159255,1514.5275593462566,117.86533964070045,0.0,1.4873814047288905,0.3322513339844639,-1.0,-0.7122109495943267,-0.9966640515881012,0.020425864989490984,8.150330252550564,85.12909106609062,-1.0,-0.7122109495943267,456.7479136963058,0.0,151.7551036202177,514,True
cells_cultured_fibroblasts,excluded_at_or_below_-1,ENSG00000223881.3,ENSG00000223881,0.0829653341590757,1.4172851582433572,-0.9351400426198809,0.038362638685752806,7.549206028810106,7.856749728682377,0.0,0.7233191275189278,0.7698420347285407,-0.954761145883054,-0.7220140628491452,-0.9029416800861685,0.059808252727968345,2.0494505822114624,3.5058577241081856,-0.954761145883054,-0.7220140628491452,1.4172492372749563,0.0,1.0910580365412248,16,True
cells_cultured_fibroblasts,raw,ENSG00000223881.3,ENSG00000223881,0.4102564102527609,641.3557869078702,-0.9966498023700944,0.0013114189512555342,25.435897436018656,296.16286021415846,0.0,3.6128004100496383,0.0014734338899959885,-1.0,-0.7220140628491452,-0.997618200738311,0.01755752935375266,9.991386931924463,122.5238603967833,-1.0,-0.7220140628491452,637.5167645687229,0.0,0.9393388063561499,652,True
cells_ebv-transformed_lymphocytes,excluded_at_or_below_-1,ENSG00000223881.3,ENSG00000223881,1.4552678988761223,14.46966876918025,0.025287756253521837,0.5869925249494691,353.9274584462628,3.19800892366711,0.0,2.1510392249416213,0.09346389832034106,-0.8675363401262886,1.3526737910503297,0.056151750845663304,0.4543873010687988,0.24085050860654636,-0.2479477396991605,-0.8675363401262886,1.3526737910503297,14.382636695589778,0.0,1.3442572936950092,325,True
cells_ebv-transformed_lymphocytes,raw,ENSG00000223881.3,ENSG00000223881,1.3070066832488503,15.55763858604706,0.02614484969997944,0.5905095847999374,355.72115554008707,3.1769090088074865,0.0,2.4575180501035723,0.04265790668740669,-1.0,1.3526737910503297,0.0496921071096042,0.4604373813872227,0.19805783502869764,-0.22552450177746808,-1.0,1.3526737910503297,15.457515704362379,0.0,0.6593852625358139,327,True
cervix_ectocervix,excluded_at_or_below_-1,ENSG00000223881.3,ENSG00000223881,,,,,,,,,,,,,,,,,,,,,2,False
cervix_ectocervix,raw,ENSG00000223881.3,ENSG00000223881,0.05128205109118708,25.966775330275638,-0.9990724825293865,0.0004739152195576825,1.8974358975714583,265.04460757855753,0.0,2.7678110601812085,0.021780108950466393,-1.0,-0.9102537377972284,-0.9946925544309568,0.019554312315777412,3.7572197209615235,13.11865264748748,-1.0,-0.9102537377972284,25.872664216288122,0.0,0.5635094454695719,24,True
cervix_endocervix,excluded_at_or_below_-1,ENSG00000223881.3,ENSG00000223881,,,,,,,,,,,,,,,,,,,,,3,False
cervix_endocervix,raw,ENSG00000223881.3,ENSG00000223881,0.07692307690648464,23.20540839150665,-0.9971449615137903,0.001521406180749163,2.7692307693354308,253.8391747327574,0.0,2.65388309800789,0.02965978466922715,-1.0,-0.7240656334477797,-0.9810482090529697,0.0607284909548806,3.60545518564397,12.380427766840732,-1.0,-0.7240656334477797,23.12237642689356,0.0,0.6858047058624827,23,True
colon_sigmoid,excluded_at_or_below_-1,ENSG00000223881.3,ENSG00000223881,0.29018670315267087,1.5660463277668912,-0.9319353598879274,0.08629238892343497,22.218829533661616,4.508712722717459,0.0,0.6141059784058692,0.8281427837026607,-0.96940683756198,-0.656823027377195,-0.8732794510802728,0.07713646678401824,1.0898055573669012,0.5196405621122273,-0.96940683756198,-0.656823027377195,1.5659838444647303,0.0,1.2968582201884162,34,True
colon_sigmoid,raw,ENSG00000223881.3,ENSG00000223881,0.8717939756252295,433.61038193571113,-0.9963167221567111,0.0017421510615446562,38.35897436545878,275.5883792715738,0.0,2.989948228340824,0.011678657595366676,-1.0,-0.656823027377195,-0.9897171869611677,0.04086454951517054,4.847413894077833,26.058867769992936,-1.0,-0.656823027377195,425.0655657714239,0.0,4.964195198225356,419,True
colon_transverse,excluded_at_or_below_-1,ENSG00000223881.3,ENSG00000223881,0.5661151477083214,36.62197823272902,-0.945741063706276,0.16298377652445953,178.37722428341962,16.196016335219937,0.0,0.21881232525528418,0.976344943088159,-0.9709585132266731,0.9208001555254944,-0.8052499945679945,0.22084494620472347,4.396376307924614,26.76520960944749,-0.9709585132266731,0.9208001555254944,36.62197504192928,0.0,35.75568013808842,154,True
colon_transverse,raw,ENSG00000223881.3,ENSG00000223881,2.0605325600569766,397246796684.5269,-2.1694386247831265,0.26093026055061164,880.1634797843294,16.748757253611302,0.0,-6.3382298398098245,1.0,-1.0,0.9208001555254944,-0.9373872633892926,0.15460291976820464,5.9252500675103255,53.55960199998057,-1.0,0.9208001555254944,750.879230671261,0.0,750.8792306712558,479,True
esophagus_gastroesophageal_junction,excluded_at_or_below_-1,ENSG00000223881.3,ENSG00000223881,0.19728305151931355,0.9095852162420598,-0.9815240634876102,0.02903527066469609,11.417383980055748,4.60722362990423,0.0,-0.7935967069682572,1.0,-0.9652307003078872,-0.8869329856856273,-0.9340102751621231,0.028468146362365124,0.6802109709746522,-1.043427513283577,-0.9652307003078872,-0.8869329856856273,0.6638506062977805,0.0,0.6638506062977793,13,True
esophagus_gastroesophageal_junction,raw,ENSG00000223881.3,ENSG00000223881,0.33333333150984523,455.6194900727299,-0.9988402169810255,0.0006412090220502043,14.666666704714677,246.81612201829537,0.0,2.557950400634141,0.038015841111243745,-1.0,-0.8869329856856273,-0.9978712991987781,0.012667725722315693,6.64819461462875,46.838845128052625,-1.0,-0.8869329856856273,454.7988431796217,0.0,17.289560559894216,403,True
esophagus_mucosa,excluded_at_or_below_-1,ENSG00000223881.3,ENSG00000223881,0.2605754419291571,15.207940252186203,-0.9060910268373958,0.04537058092349904,57.83000113423423,19.364750659943443,0.0,1.800400129778815,0.19775646757246146,-0.9638511855263971,-0.2848340892317039,-0.8811538194798129,0.09242092902536317,4.085470091588403,21.188638852629786,-0.9638511855263971,-0.2848340892317039,15.207919773382677,0.0,3.0074644935095467,80,True
esophagus_mucosa,raw,ENSG00000223881.3,ENSG00000223881,2.0512820613216145,602.1721703187253,-0.9912432326559719,0.000519143408866144,757.8974358974361,1924.349561514989,0.0,23.854562976189708,0.0,-1.0,-0.2848340892317039,-0.9845151556325488,0.05199944507873456,6.372420041852456,62.87798373585045,-1.0,-0.2848340892317039,333.33210058777786,0.0,0.0,614,True
esophagus_muscularis,excluded_at_or_below_-1,ENSG00000223881.3,ENSG00000223881,0.06229702920705809,567605275932.0004,-3.4800290073600824,0.49138641287635715,20.58986951371606,7.927499642262802,0.0,-7.230788213213748,1.0,-0.9676000667144316,-0.7255188570307304,-0.9131697113841359,0.055772203675389945,1.8325011377500215,3.764527636540162,-0.9676000667144316,-0.7255188570307304,2.50287477339629,0.0,2.5028747733962717,22,True
esophagus_muscularis,raw,ENSG00000223881.3,ENSG00000223881,-0.035862714121162084,494.3431347767533,-0.9966807883000338,0.0038594729863588016,2443.475448774876,99.36094439726158,0.0,1.2162474563420214,0.4776901276552308,-1.0,-0.7255188570307304,-0.9965948906425153,0.02003058489095794,7.922299900531211,77.92109168723489,-1.0,-0.7255188570307304,493.93007992396923,0.0,235.9455229316392,561,True
fallopian_tube,excluded_at_or_below_-1,ENSG00000223881.3,ENSG00000223881,,,,,,,,,,,,,,,,,,,,,0,False
fallopian_tube,raw,ENSG00000223881.3,ENSG00000223881,0.0,29.0,-0.9875,1.0001e-06,0.0,-17675.90193946968,0.0,,,-1.0,-1.0,-1.0,0.0,,,,-1.0,2.368398264137555e-188,0.0,,29,True
heart_atrial_appendage,excluded_at_or_below_-1,ENSG00000223881.3,ENSG00000223881,0.35439592902176514,0.7966924866807563,-0.8880567572504768,0.0034460766043995232,12.580715964533425,1.283392566261539,0.4389544497430037,38.564939232840224,0.0,-0.9820296467604406,-0.8849294579411471,-0.9315174190974056,0.031564329440635336,-0.026448447175788158,-1.2454814337960864,-0.9820296467604406,-0.8849294579411471,0.7965422373578204,0.3496457594964631,0.0,16,True
heart_atrial_appendage,raw,ENSG00000223881.3,ENSG00000223881,0.41027626179398663,504.96951451924883,-0.9985798692465213,5.11439476243913e-05,15.435897451266696,3142.619224814946,0.0,39.268931422005046,0.0,-1.0,-0.8849294579411471,-0.9976231642203003,0.013782319803129094,6.290951172485295,40.39550650910069,-1.0,-0.8849294579411471,57.45674188437724,0.0,0.0,461,True
heart_left_ventricle,excluded_at_or_below_-1,ENSG00000223881.3,ENSG00000223881,0.06628185652561344,95726915670.93626,-2.1068456929285566,0.22418025131569008,6.114536896206808,7.6878653023183885,0.0,-7.156207381141489,1.0,-0.9724481649629348,-0.8881700830985414,-0.9463705449742775,0.025035968269864612,1.2587691703079167,0.9834686676024482,-0.9724481649629348,-0.8881700830985414,0.7114798508416429,0.0,0.7114798508416225,10,True
heart_left_ventricle,raw,ENSG00000223881.3,ENSG00000223881,0.25641025641025644,486.56409487307633,-0.9987436970057632,0.0004554051058715734,7.435897435897438,343.374947737845,0.0,3.901319308881434,0.0005015428468640237,-1.0,-0.8881700830985414,-0.9988135076321742,0.008652707103360274,8.558534049279592,82.94227397766396,-1.0,-0.8881700830985414,480.604161259055,0.0,0.2410435792525618,452,True
kidney_cortex,excluded_at_or_below_-1,ENSG00000223881.3,ENSG00000223881,0.17157798747335437,2230619286478.278,-5.67407276281166,0.9541984455669591,11.435928815354883,12.41460811834142,0.0,-6.975951667711372,1.0,-0.9672573179712736,2.7023140036724427,-0.7842040530878418,0.46111246808406403,6.642126723286074,47.34339820978316,-0.9672573179712736,2.7023140036724427,60.42177387911698,0.0,60.42177387911698,67,True
kidney_cortex,raw,ENSG00000223881.3,ENSG00000223881,0.2741889891510025,1477794969537.021,-4.451606319310911,0.7168315508314811,26.43694276551272,14.113735832587539,0.0,-6.809561413807956,1.0,-1.0,2.7023140036724427,-0.8609776111238981,0.38343425229145833,7.929731455031015,70.28220763204216,-1.0,2.7023140036724427,126.02860223588482,0.0,126.02860223588482,104,True
kidney_medulla,excluded_at_or_below_-1,ENSG00000223881.3,ENSG00000223881,,,,,,,,,,,,,,,,,,,,,9,False
kidney_medulla,raw,ENSG00000223881.3,ENSG00000223881,0.09383048975594588,1.9784449283856533,-0.9214151021573193,0.10329814256510819,6.221636738745881,22.535563033207307,0.0,1.0758744113600607,0.5606346923594094,-1.0,0.724645906537132,-0.6583127157899803,0.5248061414227043,1.942238483553948,2.5165437525477454,-1.0,0.724645906537132,1.9783121461852542,0.0,1.1091104214674528,11,True
liver,excluded_at_or_below_-1,ENSG00000223881.3,ENSG00000223881,,,,,,,,,,,,,,,,,,,,,8,False
liver,raw,ENSG00000223881.3,ENSG00000223881,0.20512820512819796,277.49171820878445,-0.9989327194716388,0.00042885420218012957,6.358974358974477,311.84458417189717,0.0,3.5195238624042506,0.002070907668278191,-1.0,-0.9043671857308788,-0.9980000162382371,0.01191736074114859,6.2317729134341855,38.855604382601676,-1.0,-0.9043671857308788,273.700723692958,0.0,0.566808927509036,262,True
lung,excluded_at_or_below_-1,ENSG00000223881.3,ENSG00000223881,0.5583498632925333,19.216571037933782,-0.8945122829895359,0.07708489803170643,66.38514743400162,19.17987523854162,0.0,1.1834303173207952,0.49646956347652793,-0.9590178200353168,0.15093005072907,-0.8348800419536934,0.1416255342037579,3.9046693232595,21.63581776580537,-0.9590178200353168,0.15093005072907,19.216175979292064,0.0,9.540246500127273,106,True
lung,raw,ENSG00000223881.3,ENSG00000223881,,,,,,,,,,,,,,,,,,,,,604,False
minor_salivary_gland,excluded_at_or_below_-1,ENSG00000223881.3,ENSG00000223881,0.3684209872295498,11.3138548720564,-0.9098547399100286,0.002177262384142155,10.842107770304443,106.73081478548023,0.0,40.30472860430666,0.0,-0.971906166814717,-0.7455365672916535,-0.8954467531527049,0.058357007544959455,1.0387109752999986,0.8371083107729294,-0.971906166814717,-0.7455365672916535,11.300872863639043,0.0,0.0,19,True
minor_salivary_gland,raw,ENSG00000223881.3,ENSG00000223881,0.48717948596443356,163.19777226463987,-0.9969611056229236,0.0013928817607629486,19.743589797832378,255.27507218323723,0.0,3.0854346461733284,0.008584796591825627,-1.0,-0.7455365672916535,-0.9890247972922729,0.03705803290880841,3.9606200977191097,17.120848022015746,-1.0,-0.7455365672916535,162.84059744671563,0.0,1.3979534059714127,181,True
muscle_skeletal,excluded_at_or_below_-1,ENSG00000223881.3,ENSG00000223881,,,,,,,,,,,,,,,,,,,,,4,False
muscle_skeletal,raw,ENSG00000223881.3,ENSG00000223881,2.8828560652157496,776.4408030517825,-0.9958406212040416,0.004058412307404162,1679.2265446787383,115.55627371328801,0.0,1.449396822880703,0.35098586408906907,-1.0,-0.6642252160676227,-0.9993947562297913,0.012215205139794206,25.706071005980963,693.973963010876,-1.0,-0.6642252160676227,773.8315069139568,0.0,271.60392011354156,818,True
nerve_tibial,excluded_at_or_below_-1,ENSG00000223881.3,ENSG00000223881,0.33438726716019973,3.652767275272526,-0.9452709787474219,0.0017513046450753846,12.66687542419038,213.95817539742225,0.0,14.26447248353558,0.0,-0.962935522197313,-0.6803138630791271,-0.8964377891616372,0.06850219778129417,1.99413583915556,3.9235850225405766,-0.962935522197313,-0.6803138630791271,3.602035968708553,0.0,0.0,17,True
nerve_tibial,raw,ENSG00000223881.3,ENSG00000223881,0.43589743826983424,668.7147503423602,-0.9962563621702571,0.0016144763979522607,27.589743597927637,276.75236857686,0.0,3.2792696122102556,0.004622675575009503,-1.0,-0.6803138630791271,-0.9973723021130565,0.019438371430277688,10.21466082956398,129.8173971705203,-1.0,-0.6803138630791271,668.6993820805324,0.0,3.0911803005676246,670,True
ovary,excluded_at_or_below_-1,ENSG00000223881.3,ENSG00000223881,,,,,,,,,,,,,,,,,,,,,8,False
ovary,raw,ENSG00000223881.3,ENSG00000223881,0.20512820512820515,227.0879894134805,-0.9980883983776436,0.0008426770752599401,6.358974387823562,304.8028585476318,0.0,3.208124463759743,0.005866585763174289,-1.0,-0.8164677519593018,-0.9962332743513107,0.019882553139018728,6.165037527059851,42.547559758393426,-1.0,-0.8164677519593018,225.38019450223524,0.0,1.3222122403682646,193,True
pancreas,excluded_at_or_below_-1,ENSG00000223881.3,ENSG00000223881,,,,,,,,,,,,,,,,,,,,,9,False
pancreas,raw,ENSG00000223881.3,ENSG00000223881,0.2307688610834258,388.41236235680134,-0.9990628534524262,0.0004252602196117023,10.923076987561997,281.3044690238451,0.0,3.1165044280891294,0.007948139156247916,-1.0,-0.9144733660810176,-0.9984127020938436,0.010213218121247184,6.539629813344794,42.2435902005088,-1.0,-0.9144733660810176,380.15728911475054,0.0,3.021543035146007,362,True
pituitary,excluded_at_or_below_-1,ENSG00000223881.3,ENSG00000223881,,,,,,,,,,,,,,,,,,,,,9,False
pituitary,raw,ENSG00000223881.3,ENSG00000223881,0.23076923076923075,381.5734826442244,-0.9982493533507069,0.0006979587367531706,8.923076923076923,334.2539362419789,0.0,3.5471842445455812,0.0018773643831375177,-1.0,-0.8332845550335777,-0.9972379687691861,0.017171182142301834,6.774969468584341,48.345345138075196,-1.0,-0.8332845550335777,376.50518716486647,0.0,0.7068374284498172,313,True
prostate,excluded_at_or_below_-1,ENSG00000223881.3,ENSG00000223881,0.3092099860878178,6.331790002290675,-0.8997201958080073,0.030384339801849024,17.732573529840472,26.50338932916335,0.0,2.7794761719626644,0.021010791070672667,-0.9594371655267406,-0.3302955991956683,-0.8394960648890362,0.13608364665218586,2.2908100657262866,4.92402687957006,-0.9594371655267406,-0.3302955991956683,6.331633086506737,0.0,0.13303261991675136,34,True
prostate,raw,ENSG00000223881.3,ENSG00000223881,0.8717948717948726,298.64380014762867,-0.9928813999211703,0.0028788774697475674,118.35897437159153,325.48722044221125,0.0,3.4969257574807293,0.002256534172500645,-1.0,-0.3302955991956683,-0.98064846172421,0.07011446051460572,5.588198315475477,38.31809194590546,-1.0,-0.3302955991956683,292.6366910927748,0.0,0.660344693578368,282,True
skin_not_sun_exposed_suprapubic,excluded_at_or_below_-1,ENSG00000223881.3,ENSG00000223881,0.28947371784605364,10.331949671146328,-0.9425200432255059,0.0011023216013371349,9.81579065451573,121.38235796646393,0.0,30.345589491557977,0.0,-0.9661731884730465,-0.8479074622351601,-0.9242090693714005,0.030930217693153524,1.1247667253741702,0.6864955079435382,-0.9661731884730465,-0.8479074622351601,10.318699814567946,0.0,0.0,15,True
skin_not_sun_exposed_suprapubic,raw,ENSG00000223881.3,ENSG00000223881,0.3846153846153844,709.7281239769128,-0.9983099902468785,0.0006357988990314864,15.230769239697509,334.54177925343964,0.0,3.7591048318083913,0.0008704041554725025,-1.0,-0.8479074622351601,-0.9982536651928896,0.012251978145563005,7.962330822377932,70.09068253238989,-1.0,-0.8479074622351601,696.45300100412,0.0,0.606195586165307,651,True
skin_sun_exposed_lower_leg,excluded_at_or_below_-1,ENSG00000223881.3,ENSG00000223881,0.21052630212134787,17.990452492309615,-0.9459308404150236,0.0008002061440325923,6.315790385505929,121.51081993328714,0.0,35.02995354509611,0.0,-0.965751880742852,-0.8771762284779884,-0.9400854993551323,0.023812738961132,1.747623177978458,2.0258055895400666,-0.965751880742852,-0.8771762284779884,17.989400292190584,0.0,0.0,14,True
skin_sun_exposed_lower_leg,raw,ENSG00000223881.3,ENSG00000223881,-0.5482829534426567,676.6917918900714,-0.9985508458772303,0.0018387464960389528,5564.517539425829,93.35143828886845,0.0,1.11457094210896,0.5373649966220887,-1.0,-0.8771762284779884,-0.9988875291657451,0.008677100001544123,9.034296853149206,93.0233642292368,-1.0,-0.8771762284779884,676.6535782258812,0.0,363.6099477776752,754,True
small_intestine_terminal_ileum,excluded_at_or_below_-1,ENSG00000223881.3,ENSG00000223881,2.4089754550146543,7627821281378.835,-8.97767273730401,1.5621095808292864,304.92201199988034,10.117167273624435,0.0,-7.267340738642217,1.0,-0.950326021766696,2.1975304635912094,-0.16361503008199654,0.710477091202105,1.016357579427096,0.5799310347708468,-0.950326021766696,2.1975304635912094,25.93783382632935,0.0,25.93783382632935,145,True
small_intestine_terminal_ileum,raw,ENSG00000223881.3,ENSG00000223881,2.86490420897949,934803566537.4863,-3.839531823541749,0.5959541591398552,286.3665308976621,14.326094100386987,0.0,-6.7382773558265665,1.0,-1.0,2.1975304635912094,-0.4141264703472923,0.7073434812052075,1.330221633024457,1.2499221914652807,-1.0,2.1975304635912094,129.20643451757726,0.0,129.20643451757726,207,True
spleen,excluded_at_or_below_-1,ENSG00000223881.3,ENSG00000223881,0.6411500810988547,13.649783500126203,0.06114637862630927,0.7610971890698947,261.51297333709067,3.497253074533331,0.0,1.7494800742173957,0.21472823037645306,-0.8803835304676966,1.9432874889313645,0.1366863604526068,0.54787382371722,0.47469274265263134,0.16178234136985603,-0.8803835304676966,1.9432874889313645,13.619598667175474,0.0,2.9245123202400887,276,True
spleen,raw,ENSG00000223881.3,ENSG00000223881,0.5878297505444072,14.368435991309564,0.0651276252761859,0.7490789636672038,230.84205773458544,3.54584667347033,0.0,2.0108933855911184,0.13079329820800106,-1.0,1.9432874889313645,0.13258279958454683,0.5511285071575309,0.4551729647933086,0.15557104937395128,-1.0,1.9432874889313645,14.34165974753335,0.0,1.8757929801568147,277,True
stomach,excluded_at_or_below_-1,ENSG00000223881.3,ENSG00000223881,0.2505760161856707,2.2103483072540793,-0.9148282607155434,0.0655748273686447,43.65543805584168,5.315407898667653,0.0,1.1408061101669822,0.5216708089800624,-0.967725620580884,-0.6683612739584851,-0.881280266515204,0.07012447397018425,1.4081149503008423,1.6334153295688978,-0.967725620580884,-0.6683612739584851,2.2103435096948276,0.0,1.1530716868263313,40,True
stomach,raw,ENSG00000223881.3,ENSG00000223881,1.0256410256410258,406.27741033286594,-0.9958590124965842,1.3911683080705182e-05,70.97435897435898,33292.28683547759,,420.9584602362395,,-1.0,-0.6683612739584851,-0.9883322129253272,0.04152711067725934,4.434682247556362,22.501085175790934,-1.0,-0.6683612739584851,0.0,0.0,0.0,407,True
testis,excluded_at_or_below_-1,ENSG00000223881.3,ENSG00000223881,0.6881693483593341,12.690436642633314,-0.9067744278507173,0.05325830944827266,136.81490078073136,9.016646492345378,0.0,1.670221243920191,0.24788358910112354,-0.9696738103927104,-0.5672137265170357,-0.8813800712668932,0.07112941674206884,1.9077107998221756,4.216996963320313,-0.9696738103927104,-0.5672137265170357,12.690138928277436,0.0,3.1456771837332966,141,True
testis,raw,ENSG00000223881.3,ENSG00000223881,3.6153846302126063,293.5970597798502,-0.9944705649321995,0.00040769383940422217,1033.2307692307693,1482.0739415301482,0.0,19.180574512905157,0.0,-1.0,-0.5672137265170357,-0.9596004590546665,0.06987680619114067,2.213032055704878,5.9235483434852245,-1.0,-0.5672137265170357,201.1664995617947,0.0,0.0,414,True
thyroid,excluded_at_or_below_-1,ENSG00000223881.3,ENSG00000223881,0.9864421421378095,20.240246094247954,-0.9434038972830179,0.11734393808326214,75.74527569260037,26.174181588562295,0.0,0.16073575417744118,0.9872779859754236,-0.9567408973569772,1.2283908198843374,-0.5963935483913263,0.44505092693504106,1.7863497057651743,3.0819909868151036,-0.9567408973569772,1.2283908198843374,20.237931561702673,0.0,19.98046431254627,83,True
thyroid,raw,ENSG00000223881.3,ENSG00000223881,,,,,,,,,,,,,,,,,,,,,684,False
uterus,excluded_at_or_below_-1,ENSG00000223881.3,ENSG00000223881,,,,,,,,,,-0.952081967867614,-0.7834594604048227,,,,,,,,,,8,False
uterus,raw,ENSG00000223881.3,ENSG00000223881,0.20512820620980401,150.89840615048647,-0.9974873775722773,0.0009553998818143519,8.358974360285282,316.8109908176596,0.0,3.719264343701285,0.000991677553028535,-1.0,-0.7834594604048227,-0.9942481725870085,0.028190553318942792,5.728213621978677,34.75635185409638,-1.0,-0.7834594604048227,150.8454382938332,0.0,0.14959003513274605,153,True
vagina,excluded_at_or_below_-1,ENSG00000223881.3,ENSG00000223881,0.1842105567975957,5.926054970873269,-0.9226336817417043,0.0030066079374102615,7.710526992725446,137.88724203140893,0.0,3.303083962641757,0.004274120654844995,-0.9296560146652738,-0.6294863895720708,-0.8495864414720546,0.09265504169072877,1.4411359428906265,1.206368121392643,-0.9296560146652738,-0.6294863895720708,5.9260256985688775,0.0,0.025328548839395476,10,True
vagina,raw,ENSG00000223881.3,ENSG00000223881,0.25641025641301285,183.6492978981479,-0.9959936481826972,0.0016738066874425945,17.435897438467336,309.6651122999577,0.0,3.3850008595227066,0.003352507295502029,-1.0,-0.6294863895720708,-0.9911521436160031,0.041438528009412584,5.910082955084865,40.12111886841691,-1.0,-0.6294863895720708,178.03128733724037,0.0,0.5968511896257143,170,True
whole_blood,excluded_at_or_below_-1,ENSG00000223881.3,ENSG00000223881,2.3141115196728994,77.44356845911199,-0.8613667773765851,0.15298898587988338,2149.040824493556,18.487641076489606,0.0,0.9190315067401714,0.6555773710803647,-0.9607871916256931,1.1386179030540466,-0.7373273626349477,0.23598580141973013,3.1231212642063033,15.29218084833601,-0.9607871916256931,1.1386179030540466,77.43810840517534,0.0,50.76667152970115,422,True
whole_blood,raw,ENSG00000223881.3,ENSG00000223881,6.75566489681633,802310074310.3455,-2.8949883384472233,0.41463805521946057,12124.488305544546,13.757494229478366,0.0,-6.46327121940722,1.0,-1.0,1.1386179030540466,-0.8619578418828743,0.21554378166619925,3.219402472664115,17.160343642144337,-1.0,1.1386179030540466,681.1779429764454,0.0,681.1779429764332,803,True
adipose_subcutaneous,excluded_at_or_below_-1,ENSG00000223884.8,ENSG00000223884,1.1563108484540818,63.03391119658218,-0.5443092224387196,0.2986256433772279,905.5587469459613,7.203890364287933,0.0,2.0893468608097825,0.11273988307296359,-0.9854961599338842,0.9768658335016318,-0.49629070286601557,0.2449444293552867,1.1697873902875187,2.9735387460148477,-0.9854961599338842,0.9768658335016318,63.033084262176345,0.0,7.106342549446023,714,True
adipose_subcutaneous,raw,ENSG00000223884.8,ENSG00000223884,1.1563108484540818,63.03391119658218,-0.5443092224387196,0.2986256433772279,905.5587469459613,7.203890364287933,0.0,2.0893468608097825,0.11273988307296359,-0.9854961599338842,0.9768658335016318,-0.49629070286601557,0.2449444293552867,1.1697873902875187,2.9735387460148477,-0.9854961599338842,0.9768658335016318,63.033084262176345,0.0,7.106342549446023,714,True
adipose_visceral_omentum,excluded_at_or_below_-1,ENSG00000223884.8,ENSG00000223884,1.0343766063157844,60.23472348153704,-0.7191163314911573,0.21938016560169435,581.7419033388107,8.889945423506513,0.0,1.6131828018127992,0.2722105650595293,-0.9693616407029012,0.6599382548092709,-0.6686081144156766,0.1892806470849392,1.8826021333155853,7.530512924886306,-0.9693616407029012,0.6599382548092709,60.23472347518143,0.0,16.39652811338363,586,True
adipose_visceral_omentum,raw,ENSG00000223884.8,ENSG00000223884,0.9972047285085252,60.989880389521254,-0.7140281480002842,0.2166505934358475,555.2056325752503,8.968735743036934,0.0,1.866716657181482,0.17511553461769455,-1.0,0.6599382548092709,-0.6691726661798746,0.18961306054834953,1.8693416794715607,7.477165096647877,-1.0,0.6599382548092709,60.98950139827257,0.0,10.68020914342513,587,True
adrenal_gland,excluded_at_or_below_-1,ENSG00000223884.8,ENSG00000223884,1.875841320466594,16.772813557460648,-0.615736643033361,0.21883924522499654,252.9778813356072,5.504149935373254,0.0,1.9442817106347834,0.15105560904046778,-0.9166000722781658,0.2359904578162921,-0.5396824097589471,0.22322282895633835,0.973274099393855,0.7436967939061239,-0.9166000722781658,0.2359904578162921,16.77264257966648,0.0,2.533601740089603,295,True
adrenal_gland,raw,ENSG00000223884.8,ENSG00000223884,1.875841320466594,16.772813557460648,-0.615736643033361,0.21883924522499654,252.9778813356072,5.504149935373254,0.0,1.9442817106347834,0.15105560904046778,-0.9166000722781658,0.2359904578162921,-0.5396824097589471,0.22322282895633835,0.973274099393855,0.7436967939061239,-0.9166000722781658,0.2359904578162921,16.77264257966648,0.0,2.533601740089603,295,True
artery_aorta,excluded_at_or_below_-1,ENSG00000223884.8,ENSG00000223884,1.5687740680425422,33.30530562258613,-0.9340478849706999,0.13917366891892785,252.12565761794508,5.630310081770369,0.0,0.48099502988963955,0.8907628622922603,-0.9813829161304776,-0.3799654379629646,-0.8598372994046002,0.09788041363147017,1.337287877202757,1.9582920939294794,-0.9813829161304776,-0.3799654379629646,33.305264943950505,0.0,29.66709313087543,437,True
artery_aorta,raw,ENSG00000223884.8,ENSG00000223884,1.5116860799094727,34.069830379249716,-0.9351439414356402,0.14276983475828647,306.7299802964922,5.499347747220713,0.0,0.6424348517252727,0.8135441315688923,-1.0,-0.3799654379629646,-0.870230719999598,0.10109526847784653,1.23502848534336,1.7524988881420445,-1.0,-0.3799654379629646,34.06960900803602,0.0,27.717130473334375,472,True
artery_coronary,excluded_at_or_below_-1,ENSG00000223884.8,ENSG00000223884,0.315093476898407,105.18888279437118,-1.3483287313836287,0.3835204838804685,110.80314921833084,5.525545911571045,0.0,-1.346910460710854,1.0,-0.9830601712598844,0.1501437045287053,-0.8388267493796083,0.14909144616522935,2.391130084776799,9.047409480276,-0.9830601712598844,0.1501437045287053,42.46469999326793,0.0,42.46469999326793,237,True
artery_coronary,raw,ENSG00000223884.8,ENSG00000223884,0.09799313824358126,1125277901354.5662,-7.803858314944751,1.3959345866445825,188.55648099312657,8.058155187716086,0.0,-6.892951000367825,1.0,-1.0,0.1501437045287053,-0.8574699238916684,0.14938077311413306,2.331698821640637,8.79128235260932,-1.0,0.1501437045287053,54.19017104223863,0.0,54.19017104223863,268,True
artery_tibial,excluded_at_or_below_-1,ENSG00000223884.8,ENSG00000223884,0.3069451151024548,372.68952765993504,-1.2872608845081894,0.2929011276772342,536.6990673821934,6.402418663918925,0.0,-1.4448066832656954,1.0,-0.9880235429471256,0.0387592417426523,-0.8887393361554515,0.09950041399352237,2.9797260305678854,17.727470501206458,-0.9880235429471256,0.0387592417426523,131.23800777204534,0.0,131.23800777204534,571,True
artery_tibial,raw,ENSG00000223884.8,ENSG00000223884,0.6217402559126813,2645186592221.815,-5.133273397558668,0.8561654749388665,711.880353160449,8.54316007551988,0.0,-6.827338250518416,1.0,-1.0,0.0387592417426523,-0.9080610143918422,0.09978740131346997,2.787308418528997,16.124260881131143,-1.0,0.0387592417426523,199.83400657245176,0.0,199.83400657245176,691,True
bladder,excluded_at_or_below_-1,ENSG00000223884.8,ENSG00000223884,0.22232286930175138,4.038122510447336,-0.8473777236081528,0.2452591238139391,74.22766879892261,3.809433843160888,0.0,0.6307554296629388,0.8194831168296327,-0.9567660989822568,-0.1867289846489366,-0.7472810580083865,0.1523883038447585,1.0755200235217903,1.2367340338045194,-0.9567660989822568,-0.1867289846489366,4.035270660166321,0.0,3.3068361778442665,76,True
bladder,raw,ENSG00000223884.8,ENSG00000223884,0.38785074126833546,4.256538477637851,-0.8098736051242396,0.17707419996978155,70.62496220630477,4.976781336560601,0.0,1.5184556883176004,0.3157315857672416,-1.0,-0.1867289846489366,-0.7505631221900958,0.15409763053631875,1.0322564029831267,1.1800443817306006,-1.0,-0.1867289846489366,4.256520375356495,0.0,1.3439179279618805,77,True
brain_amygdala,excluded_at_or_below_-1,ENSG00000223884.8,ENSG00000223884,0.4355264464743393,11.96395250844669,-0.930497977806336,0.12699462903485725,230.6589060443254,5.016579515064129,0.0,0.6125239717483821,0.8289527732856707,-0.9855018730006472,-0.4800153410323009,-0.8770181810542566,0.08004451947258738,1.2731237669395374,2.574414493126012,-0.9855018730006472,-0.4800153410323009,11.96389446387977,0.0,9.917503495130218,173,True
brain_amygdala,raw,ENSG00000223884.8,ENSG00000223884,0.48687029227947104,12.239246616090151,-0.9224459404956905,0.11726207892354741,131.35783740893245,5.335837125810491,0.0,0.9353237105713657,0.6457070983626396,-1.0,-0.4800153410323009,-0.8824538415601456,0.08224873655858048,1.1713023223064907,2.284494263140946,-1.0,-0.4800153410323009,12.23916151507129,0.0,7.9029134682883715,181,True
brain_anterior_cingulate_cortex_ba24,excluded_at_or_below_-1,ENSG00000223884.8,ENSG00000223884,0.6056419323825891,16.20684858528713,-0.8971392288576163,0.09771430089972317,121.49037097336324,5.844660568474274,0.0,1.3301331664840985,0.4128681418191947,-0.989044041486078,-0.4933056519215368,-0.8690854381788983,0.08394427970607389,1.6161685705108102,3.8234045471462847,-0.989044041486078,-0.4933056519215368,16.206845236143813,0.0,6.691290077397964,230,True
brain_anterior_cingulate_cortex_ba24,raw,ENSG00000223884.8,ENSG00000223884,0.6505137617295713,16.627193256663357,-0.8956376313182058,0.09453998141497683,95.44678290666974,6.018441439518253,0.0,1.5611456124931447,0.29565068844315395,-1.0,-0.4933056519215368,-0.870771033395479,0.08470117097196114,1.5648311684982061,3.693829253830347,-1.0,-0.4933056519215368,16.62700653981222,0.0,4.915785930244306,233,True
brain_caudate_basal_ganglia,excluded_at_or_below_-1,ENSG00000223884.8,ENSG00000223884,0.790476567151823,17.070892083138688,-0.7811036696210882,0.23307214665340895,231.1632993686282,4.499131287048177,0.0,1.2577085462946254,0.45340793658955264,-0.9883827104593996,-0.0396158101861864,-0.7225017083618348,0.16376313489013739,0.8507729751643316,0.7217869792474731,-0.9883827104593996,-0.0396158101861864,17.07019103293868,0.0,7.739760093434211,298,True
brain_caudate_basal_ganglia,raw,ENSG00000223884.8,ENSG00000223884,0.7641678970164902,17.16149692403301,-0.7787474181849506,0.23374324685947123,241.33362325646095,4.471957836022211,0.0,1.3386414628741052,0.4081802723230106,-1.0,-0.0396158101861864,-0.7243516969727559,0.1647744792846273,0.8313440606766275,0.6975069119162316,-1.0,-0.0396158101861864,17.160717165924343,0.0,7.004666206045161,300,True
brain_cerebellar_hemisphere,excluded_at_or_below_-1,ENSG00000223884.8,ENSG00000223884,0.7923057841326572,15.53883333072827,0.4154440937741706,0.7648341963742584,321.72723212541723,3.8794313524670714,0.0,2.4229011550064494,0.05260794507744191,-0.894907968381159,2.5135160114796764,0.5064507565667923,0.6026851130455213,0.45780042000503185,0.19234762846414766,-0.894907968381159,2.5135160114796764,15.5303824773968,0.0,0.8170215084025572,277,True
brain_cerebellar_hemisphere,raw,ENSG00000223884.8,ENSG00000223884,0.7923057841326572,15.53883333072827,0.4154440937741706,0.7648341963742584,321.72723212541723,3.8794313524670714,0.0,2.4229011550064494,0.05260794507744191,-0.894907968381159,2.5135160114796764,0.5064507565667923,0.6026851130455213,0.45780042000503185,0.19234762846414766,-0.894907968381159,2.5135160114796764,15.5303824773968,0.0,0.8170215084025572,277,True
brain_cerebellum,excluded_at_or_below_-1,ENSG00000223884.8,ENSG00000223884,1.5074163714036886,18.86307593333865,0.7416800969166804,0.5163840012411398,138.77686964809095,5.612047503905393,0.0,3.5807754469539987,0.0016432944863762065,-0.5657993404473367,2.7908554282288267,0.771017880566481,0.5448980904924348,0.5482897729172962,1.1589054500038838,-0.5657993404473367,2.7908554282288267,18.862843398829547,0.0,0.030997206554674417,266,True
brain_cerebellum,raw,ENSG00000223884.8,ENSG00000223884,1.5074163714036886,18.86307593333865,0.7416800969166804,0.5163840012411398,138.77686964809095,5.612047503905393,0.0,3.5807754469539987,0.0016432944863762065,-0.5657993404473367,2.7908554282288267,0.771017880566481,0.5448980904924348,0.5482897729172962,1.1589054500038838,-0.5657993404473367,2.7908554282288267,18.862843398829547,0.0,0.030997206554674417,266,True
brain_cortex,excluded_at_or_below_-1,ENSG00000223884.8,ENSG00000223884,0.8867398036875256,25.201782093453748,-0.8381437114377,0.10928606740666638,179.84879099210184,8.656350403943168,0.0,1.9077901875783447,0.16205378601886422,-0.9855718599046136,-0.1692076193855152,-0.8046807661941987,0.10977628777541186,1.836948754751802,6.039620580508235,-0.9855718599046136,-0.1692076193855152,25.201663304666592,0.0,4.084024952493903,268,True
brain_cortex,raw,ENSG00000223884.8,ENSG00000223884,0.8314129937807988,25.781528918038152,-0.8364642036669854,0.10946933987844627,287.7676998981538,8.620160787681865,0.0,2.112687820758203,0.10734325524687743,-1.0,-0.1692076193855152,-0.8061275753335008,0.11064707504996235,1.778886374215567,5.857684376021691,-1.0,-0.1692076193855152,25.78149468534285,0.0,2.7674695646547716,270,True
brain_frontal_cortex_ba9,excluded_at_or_below_-1,ENSG00000223884.8,ENSG00000223884,0.8620714710045118,15.989276218400258,-0.8589842911875581,0.12482377421303173,310.4953151184422,4.936856073065195,0.0,1.4879141774872093,0.3305655841137197,-0.9903131571244512,-0.4232389241635995,-0.8279879006065393,0.09768524279601332,0.9897460180106563,1.3375452502548901,-0.9903131571244512,-0.4232389241635995,15.989123880481886,0.0,5.285454075018119,267,True
brain_frontal_cortex_ba9,raw,ENSG00000223884.8,ENSG00000223884,0.816537875456453,16.32917280813504,-0.8563743494629851,0.12400735091907836,297.38950033585456,4.939594211655645,0.0,1.637945987787857,0.2614672800774993,-1.0,-0.4232389241635995,-0.8292668009737769,0.09843962699369325,0.9590937406163588,1.2933504386182406,-1.0,-0.4232389241635995,16.329064295071635,0.0,4.2695160274429895,269,True
brain_hippocampus,excluded_at_or_below_-1,ENSG00000223884.8,ENSG00000223884,0.605327028364876,21.17281967436315,-0.9005149736986221,0.11245559843247749,280.74214597728337,7.052528893029463,0.0,1.159436662316022,0.5106200668675881,-0.992711192978624,-0.3397111614390893,-0.8650346884888129,0.09358479658617455,1.7610512535734242,5.192188236202684,-0.992711192978624,-0.3397111614390893,21.172455238043778,0.0,10.811080509400929,251,True
brain_hippocampus,raw,ENSG00000223884.8,ENSG00000223884,0.6323722373174046,21.454901735796582,-0.8996849409007684,0.11075179023026269,137.36627950186312,7.150426298676987,0.0,1.2809446853494482,0.4402512720961656,-1.0,-0.3397111614390893,-0.8671517914144786,0.09435333445198169,1.7125295567265109,5.020334084095527,-1.0,-0.3397111614390893,21.454901706696443,0.0,9.445547769071304,255,True
brain_hypothalamus,excluded_at_or_below_-1,ENSG00000223884.8,ENSG00000223884,1.2876974534281314,15.194203981979243,-0.9202163168479858,0.08786232627571458,251.21576626219993,5.4738538162048185,0.0,1.1063386913084239,0.5422718317261668,-0.9889509787501626,-0.5801364712142674,-0.8824809880459622,0.07619770365976797,1.2611870540430974,1.8192883598334388,-0.9889509787501626,-0.5801364712142674,15.194122604302434,0.0,8.239344696107036,252,True
brain_hypothalamus,raw,ENSG00000223884.8,ENSG00000223884,1.417450304336996,15.854709205934308,-0.9173914246548707,0.08077479110987097,341.18777157238316,5.9046952963883665,0.0,1.4463196501801285,0.3513688661734452,-1.0,-0.5801364712142674,-0.8847673501462353,0.07718278671279646,1.2097533500361446,1.7318857969688688,-1.0,-0.5801364712142674,15.854683281299641,0.0,5.570842088089333,257,True
brain_nucleus_accumbens_basal_ganglia,excluded_at_or_below_-1,ENSG00000223884.8,ENSG00000223884,3.370414300060529,8.805012878380676,-0.7093572783456398,0.23433986517151176,381.5023383334988,3.917023779154784,0.0,1.6997743945786021,0.2354810759058111,-0.9910155179817636,-0.0602934815450721,-0.608469231677221,0.22490783056566563,0.5203572597347824,-0.6243738237301502,-0.9910155179817636,-0.0602934815450721,8.800882102327897,0.0,2.07244118637637,285,True
brain_nucleus_accumbens_basal_ganglia,raw,ENSG00000223884.8,ENSG00000223884,3.370414300060529,8.805012878380676,-0.7093572783456398,0.23433986517151176,381.5023383334988,3.917023779154784,0.0,1.6997743945786021,0.2354810759058111,-0.9910155179817636,-0.0602934815450721,-0.608469231677221,0.22490783056566563,0.5203572597347824,-0.6243738237301502,-0.9910155179817636,-0.0602934815450721,8.800882102327897,0.0,2.07244118637637,285,True
brain_putamen_basal_ganglia,excluded_at_or_below_-1,ENSG00000223884.8,ENSG00000223884,0.8839907064683183,13.64133588981191,-0.8017820609620904,0.24447636766750894,224.0858057148202,4.323576070690139,0.0,1.0208912520889173,0.5938300365493296,-0.978264447876429,-0.0543615855688363,-0.7200902408662343,0.17508889248086348,1.0136940463791104,0.9589500341909649,-0.978264447876429,-0.0543615855688363,13.64004981725796,0.0,8.099871281516972,252,True
brain_putamen_basal_ganglia,raw,ENSG00000223884.8,ENSG00000223884,1.0564025244485862,13.951982807940228,-0.7883001190576356,0.2221137877099286,284.19805693532953,4.6730364589684745,0.0,1.3479075111377177,0.403147142311452,-1.0,-0.0543615855688363,-0.7222942547176813,0.17614842022022056,0.9934573247935033,0.9333640738319651,-1.0,-0.0543615855688363,13.951723263163807,0.0,5.624597363864694,254,True
brain_spinal_cord_cervical_c-1,excluded_at_or_below_-1,ENSG00000223884.8,ENSG00000223884,0.44449577443087745,13.098060477750911,-0.8722796528802906,0.17546294792465605,256.6279259490067,5.02950455241848,0.0,0.9543530547895539,0.6342032065086669,-0.9906872292249012,-0.2482637907448892,-0.814945742545065,0.12533005737447822,1.3653656175661857,2.7469769059500493,-0.9906872292249012,-0.2482637907448892,13.09787600975439,0.0,8.306714963839179,200,True
brain_spinal_cord_cervical_c-1,raw,ENSG00000223884.8,ENSG00000223884,0.5133393145668843,13.318390376890575,-0.8695902839766413,0.1694333942801254,194.03253394775044,5.186039960560062,0.0,1.0884937402631685,0.5529929273166084,-1.0,-0.2482637907448892,-0.8185742573971224,0.12672672311483052,1.319255986642756,2.625481053921977,-1.0,-0.2482637907448892,13.318365646328546,0.0,7.364962005836177,204,True
brain_substantia_nigra,excluded_at_or_below_-1,ENSG00000223884.8,ENSG00000223884,0.6419985484674648,9.74801703579123,-0.9431628082205158,0.15945844328749664,190.94473905822693,3.8349060059990565,0.0,0.4216015394572712,0.9149089331039971,-0.9907001299929488,-0.5107612543531135,-0.8615735028397022,0.10192630915180637,1.293043315239542,1.6976478343275758,-0.9907001299929488,-0.5107612543531135,9.741746542378522,0.0,8.912810935657086,178,True
brain_substantia_nigra,raw,ENSG00000223884.8,ENSG00000223884,0.7099299420169122,9.71282959223451,-0.9290081156759609,0.1454718360928133,188.02100263828126,4.066013048225842,0.0,0.6901520481629374,0.7880262630953062,-1.0,-0.5107612543531135,-0.8653556475708579,0.10303205151502146,1.261041129336858,1.642474827735244,-1.0,-0.5107612543531135,9.71033087797353,0.0,7.6519957551884445,183,True
breast_mammary_tissue,excluded_at_or_below_-1,ENSG00000223884.8,ENSG00000223884,1.4514566302221037,39.045851309394166,-0.5453284372199918,0.31127069132622076,519.6808100474598,6.404403625148508,0.0,1.9781231735319351,0.1413560425485984,-0.9807165455906156,0.8642911541711198,-0.4822535641157765,0.2698108487429587,1.0924233568506603,2.1814334412671013,-0.9807165455906156,0.8642911541711198,39.04537469177131,0.0,5.519299646255992,514,True
breast_mammary_tissue,raw,ENSG00000223884.8,ENSG00000223884,1.4514566302221037,39.045851309394166,-0.5453284372199918,0.31127069132622076,519.6808100474598,6.404403625148508,0.0,1.9781231735319351,0.1413560425485984,-0.9807165455906156,0.8642911541711198,-0.4822535641157765,0.2698108487429587,1.0924233568506603,2.1814334412671013,-0.9807165455906156,0.8642911541711198,39.04537469177131,0.0,5.519299646255992,514,True
cells_cultured_fibroblasts,excluded_at_or_below_-1,ENSG00000223884.8,ENSG00000223884,0.22886315476838842,89.15067248494782,-0.909230778090608,0.20469481000885661,139.53679931275303,9.923001751345325,0.0,0.5474055676219607,0.8608705540862814,-0.988462855651894,0.5270352939167817,-0.8328128670179344,0.1213110074013259,2.982394948242744,25.445109912231043,-0.988462855651894,0.5270352939167817,89.14930865158513,0.0,76.74601473529901,614,True
cells_cultured_fibroblasts,raw,ENSG00000223884.8,ENSG00000223884,0.02491959859702617,93.19497235487657,-0.9314259154697562,0.2256789868933364,524.4642198118706,9.139422552815482,0.0,0.42971834332021874,0.9118063671121253,-1.0,0.5270352939167817,-0.8425569023757848,0.12407186907249244,2.718193237223282,22.48692567403329,-1.0,0.5270352939167817,93.19485128725701,0.0,84.97565878578857,652,True
cells_ebv-transformed_lymphocytes,excluded_at_or_below_-1,ENSG00000223884.8,ENSG00000223884,0.7400790293380908,19.333961162062014,-0.808344330039919,0.3254209408978187,252.26784411295307,4.405468008353755,0.0,0.777840795237296,0.738939477358783,-0.9873312173033076,0.2053862567096802,-0.6898850600798621,0.22205911003829265,1.3220976729437277,2.2826010720138807,-0.9873312173033076,0.2053862567096802,19.33277233769569,0.0,14.285748687113188,322,True
cells_ebv-transformed_lymphocytes,raw,ENSG00000223884.8,ENSG00000223884,0.7577336753442468,19.36992154799353,-0.8019261163543249,0.32242051679853884,304.92317113063405,4.418313182046853,0.0,0.8687994653226537,0.6856242827128979,-1.0,0.2053862567096802,-0.6946268787330752,0.2236211572107739,1.2974522469374714,2.2219292218313056,-1.0,0.2053862567096802,19.368664893087217,0.0,13.27962697442941,327,True
cervix_ectocervix,excluded_at_or_below_-1,ENSG00000223884.8,ENSG00000223884,0.48103408510200735,1.5299638189569924,-0.829410648523313,0.08573605366299927,12.492877718450782,21.574214392773428,0.0,0.47250224256403783,0.8943918044479138,-0.8580558819606023,0.4785162814179038,-0.36894045093841915,0.40093083073075686,0.6057105900464118,-0.6913343663460165,-0.8580558819606023,0.4785162814179038,1.529936517292466,0.0,1.3683626823919655,24,True
cervix_ectocervix,raw,ENSG00000223884.8,ENSG00000223884,0.48103408510200735,1.5299638189569924,-0.829410648523313,0.08573605366299927,12.492877718450782,21.574214392773428,0.0,0.47250224256403783,0.8943918044479138,-0.8580558819606023,0.4785162814179038,-0.36894045093841915,0.40093083073075686,0.6057105900464118,-0.6913343663460165,-0.8580558819606023,0.4785162814179038,1.529936517292466,0.0,1.3683626823919655,24,True
cervix_endocervix,excluded_at_or_below_-1,ENSG00000223884.8,ENSG00000223884,0.4591039874927702,0.8404186870656505,-0.05488012196036201,0.1258165407459585,11.557697301425751,10.786037737229002,0.0,7.389767018679839,1.3864980021355938e-12,-0.7123161330029332,0.9047075899382042,0.06454599766821195,0.4450269886038683,0.09762302510466044,-0.6666344069875789,-0.7123161330029332,0.9047075899382042,0.8403355442259961,0.0,1.1651235531928705e-12,23,True
cervix_endocervix,raw,ENSG00000223884.8,ENSG00000223884,0.4591039874927702,0.8404186870656505,-0.05488012196036201,0.1258165407459585,11.557697301425751,10.786037737229002,0.0,7.389767018679839,1.3864980021355938e-12,-0.7123161330029332,0.9047075899382042,0.06454599766821195,0.4450269886038683,0.09762302510466044,-0.6666344069875789,-0.7123161330029332,0.9047075899382042,0.8403355442259961,0.0,1.1651235531928705e-12,23,True
colon_sigmoid,excluded_at_or_below_-1,ENSG00000223884.8,ENSG00000223884,1.9209996286899644,25.60875133867103,-0.796299624511525,0.1545987828071821,370.1681943039684,5.665032210987399,0.0,1.7008808920049858,0.2353949170133984,-0.982236262796,-0.1770104961337011,-0.7498485282112985,0.1390647112809854,1.0534617533036839,1.4219602944103338,-0.982236262796,-0.1770104961337011,25.608554575254793,0.0,6.028123579075186,410,True
colon_sigmoid,raw,ENSG00000223884.8,ENSG00000223884,1.9023954255578417,25.9789236702937,-0.7979997258652368,0.15892884038860922,438.96397274197443,5.525815129756039,0.0,1.797480725247524,0.1987973362739805,-1.0,-0.1770104961337011,-0.7552217101828935,0.14227082940406116,0.9589392528219373,1.2922477648622577,-1.0,-0.1770104961337011,25.97891658422969,0.0,5.1645394162287985,419,True
colon_transverse,excluded_at_or_below_-1,ENSG00000223884.8,ENSG00000223884,1.1474685655763155,33.22135303899466,-0.7988244696350199,0.15313672986274152,393.16357544263036,5.675215457034035,0.0,1.7299767877751229,0.2239326626059401,-0.986153310954985,-0.1842893248169163,-0.7646405790737555,0.12740646769665154,1.297493752946899,2.899475348989469,-0.986153310954985,-0.1842893248169163,33.22133940761928,0.0,7.439342988883831,477,True
colon_transverse,raw,ENSG00000223884.8,ENSG00000223884,1.1504116663082964,34.0149188055977,-0.796473831180674,0.15064879862610275,551.4150128641226,5.746873785054502,0.0,1.9105991608767805,0.16118895020232113,-1.0,-0.1842893248169163,-0.765623290643385,0.12804411950796107,1.2698890955092872,2.8451215658184905,-1.0,-0.1842893248169163,34.01434068427378,0.0,5.482735866722193,479,True
esophagus_gastroesophageal_junction,excluded_at_or_below_-1,ENSG00000223884.8,ENSG00000223884,1.4417607046331737,29.795001715422053,-0.8545553281542619,0.13328957451919132,425.5933598211991,6.647693159155925,0.0,1.3972814466417367,0.37674089825542084,-0.9862490514091256,-0.2280105004896329,-0.8112237736914545,0.11508144390341106,1.301250384126045,2.4768845250038503,-0.9862490514091256,-0.2280105004896329,29.79499811347119,0.0,11.224994352787705,399,True
esophagus_gastroesophageal_junction,raw,ENSG00000223884.8,ENSG00000223884,1.544046708601506,30.47534125488345,-0.854252042011951,0.12897456958627113,569.7126652735373,6.866774467116106,0.0,1.5981347294747907,0.2788680557960085,-1.0,-0.2280105004896329,-0.813097483133723,0.11603030808150035,1.2625440192284467,2.397025465334731,-1.0,-0.2280105004896329,30.475317494251783,0.0,8.49859253938808,403,True
esophagus_mucosa,excluded_at_or_below_-1,ENSG00000223884.8,ENSG00000223884,1.0332796694224864,49.03408602766431,-0.8485562506417355,0.1298929352794809,697.9952844144498,6.630409091370581,0.0,1.523019567233919,0.3135510213141408,-0.9884428189363672,-0.2395652736801746,-0.8233326344904548,0.09484497589774951,0.9867385266077412,2.257982844401141,-0.9884428189363672,-0.2395652736801746,49.03403124398499,0.0,15.374670575700986,606,True
esophagus_mucosa,raw,ENSG00000223884.8,ENSG00000223884,1.0886963675515622,50.15519780223192,-0.8481114530532453,0.12790573830906718,1074.315130934147,6.728503909028437,0.0,1.6793839424326744,0.2441060031655893,-1.0,-0.2395652736801746,-0.8256344894156605,0.09633374797402629,0.9205904534940748,2.108314079660609,-1.0,-0.2395652736801746,50.15457062403094,0.0,12.24303177551847,614,True
esophagus_muscularis,excluded_at_or_below_-1,ENSG00000223884.8,ENSG00000223884,0.8628511141358858,80.7531786322464,-0.8304526032842285,0.1393697506590574,448.7522633827053,13.15505945576809,0.0,1.6105821442622483,0.2733634713194445,-0.9891743394024268,0.4659692420691292,-0.8033169936867084,0.12126653648216983,2.756531717354348,21.69041349428332,-0.9891743394024268,0.4659692420691292,80.75039680076924,0.0,22.074208779880845,554,True
esophagus_muscularis,raw,ENSG00000223884.8,ENSG00000223884,0.9265979365919337,81.81999513492322,-0.8316619973981371,0.13813854176213664,380.80063837731467,13.284689952595262,0.0,1.7233849677686777,0.22649936031853043,-1.0,0.4659692420691292,-0.8057711488456978,0.12247151562291626,2.6508449206907994,20.729314394819678,-1.0,0.4659692420691292,81.81879113786525,0.0,18.531903854761925,561,True
fallopian_tube,excluded_at_or_below_-1,ENSG00000223884.8,ENSG00000223884,-0.34033082886125277,1.3664008219226274,-0.5937514086861623,0.47136023262586957,31.302945067648228,1.4652143166792966,0.0,1.0431586312935435,0.36242371026644177,-0.9414382844131312,-0.105392521788072,-0.5648808790777196,0.2087404903354027,0.1968606649113089,-0.7295785884932049,-0.9414382844131312,-0.105392521788072,0.8993167725982816,0.0,0.3259337214299111,29,True
fallopian_tube,raw,ENSG00000223884.8,ENSG00000223884,-0.34033082886125277,1.3664008219226274,-0.5937514086861623,0.47136023262586957,31.302945067648228,1.4652143166792966,0.0,1.0431586312935435,0.36242371026644177,-0.9414382844131312,-0.105392521788072,-0.5648808790777196,0.2087404903354027,0.1968606649113089,-0.7295785884932049,-0.9414382844131312,-0.105392521788072,0.8993167725982816,0.0,0.3259337214299111,29,True
heart_atrial_appendage,excluded_at_or_below_-1,ENSG00000223884.8,ENSG00000223884,1.0573905787739708,41.99642214213363,-0.9141164888418305,0.09454913762540144,370.3380144967894,7.849095247796058,0.0,1.1516070028817773,0.515259458399583,-0.9911087139928432,-0.3893547367529562,-0.8849149386277837,0.07426341649946576,1.6488036358316318,5.56189328083417,-0.9911087139928432,-0.3893547367529562,41.99580723180921,0.0,21.638736889315304,452,True
heart_atrial_appendage,raw,ENSG00000223884.8,ENSG00000223884,1.0617677144895223,42.238748014802944,-0.9131642239493374,0.09443058502367534,471.3233874371788,7.8446880394428655,0.0,1.3004720044808662,0.42929542946386773,-1.0,-0.3893547367529562,-0.8871617185678055,0.07524111710537684,1.5739274739244586,5.256308845598893,-1.0,-0.3893547367529562,42.238588904874575,0.0,18.13283316386589,461,True
heart_left_ventricle,excluded_at_or_below_-1,ENSG00000223884.8,ENSG00000223884,1.0244933292092866,46.37339439892635,-0.9296003558714038,0.09252821763034477,611.1226329458445,8.652605314824253,0.0,0.9669639761012798,0.626564296532208,-0.9928662271668726,-0.3634834913887247,-0.8947250687308147,0.07841193655328224,2.191254277318217,8.157006020423466,-0.9928662271668726,-0.3634834913887247,46.373126186614606,0.0,29.055745187115495,444,True
heart_left_ventricle,raw,ENSG00000223884.8,ENSG00000223884,1.0442899307159839,46.76497187005475,-0.927264074189485,0.09013760182089153,216.67584364327928,8.845433318535976,0.0,1.141190032517067,0.5214565392627878,-1.0,-0.3634834913887247,-0.8965883418506232,0.07894605818444689,2.1377388340229846,7.919994542559673,-1.0,-0.3634834913887247,46.76366250653068,0.0,24.38521761390847,452,True
kidney_cortex,excluded_at_or_below_-1,ENSG00000223884.8,ENSG00000223884,0.247847807189399,12.028663350607918,-0.9177966241194282,0.20013717545123455,83.38015832381342,8.458522063048068,0.0,0.4985746525235069,0.8831367007863952,-0.9883540882553228,0.2792394949160228,-0.8087137940256811,0.17327587054089572,3.071493080919635,14.480000309144678,-0.9883540882553228,0.2792394949160228,12.02850618828929,0.0,10.622815270514542,103,True
kidney_cortex,raw,ENSG00000223884.8,ENSG00000223884,0.3339990893032164,12.044817151406434,-0.8894488566605273,0.1632682495899299,68.97152030061454,10.123063860476114,0.0,0.9575831592438248,0.6322481474604046,-1.0,0.2792394949160228,-0.8105530844677419,0.17344987153898295,3.0512672665799974,14.383180736195115,-1.0,0.2792394949160228,12.04470357024551,0.0,7.615241518997444,104,True
kidney_medulla,excluded_at_or_below_-1,ENSG00000223884.8,ENSG00000223884,0.20542331542540396,2.783347171140981,-0.9086019757846576,0.0032267448078252586,8.359103991371141,214.1310503168123,0.0,20.534595086738268,0.0,-0.9554547990355812,-0.4200291935773412,-0.7709162413234466,0.18377427330679136,0.7109407827748147,-0.806920565127005,-0.9554547990355812,-0.4200291935773412,2.746637313662907,0.0,0.0,11,True
kidney_medulla,raw,ENSG00000223884.8,ENSG00000223884,0.20542331542540396,2.783347171140981,-0.9086019757846576,0.0032267448078252586,8.359103991371141,214.1310503168123,0.0,20.534595086738268,0.0,-0.9554547990355812,-0.4200291935773412,-0.7709162413234466,0.18377427330679136,0.7109407827748147,-0.806920565127005,-0.9554547990355812,-0.4200291935773412,2.746637313662907,0.0,0.0,11,True
liver,excluded_at_or_below_-1,ENSG00000223884.8,ENSG00000223884,0.4888573240160134,42.482605555388105,-0.9768664015426798,0.032646908030800795,41.01012550394463,19.073274029778645,0.0,0.6451598618951562,0.8121840853102885,-0.9917598202149712,-0.5365627305387317,-0.9569984412958714,0.04321602804479522,5.697410146560898,48.76073032728175,-0.9917598202149712,-0.5365627305387317,42.478894214776616,0.0,34.50068184282085,180,True
liver,raw,ENSG00000223884.8,ENSG00000223884,0.1391158052350608,316872949496.26953,-2.269432472618574,0.27171642445086136,890.2521959731938,9.019137860466246,0.0,-6.607066992443304,1.0,-1.0,-0.5365627305387317,-0.9704569444017438,0.04098768525281604,5.235052073940186,47.40451500389667,-1.0,-0.5365627305387317,105.11969070197269,0.0,105.11969070197193,262,True
lung,excluded_at_or_below_-1,ENSG00000223884.8,ENSG00000223884,1.8170685815297176,50.7001918273791,-0.6981341475900827,0.2226379447212725,789.7731306883774,7.435386219010432,0.0,1.761679404934371,0.2118770713000363,-0.975473223107242,0.4724097858392813,-0.6406454327267869,0.19456804112449813,1.2463102808883453,2.9258762642264005,-0.975473223107242,0.4724097858392813,50.6997792287783,0.0,10.742120738551959,604,True
lung,raw,ENSG00000223884.8,ENSG00000223884,1.8170685815297176,50.7001918273791,-0.6981341475900827,0.2226379447212725,789.7731306883774,7.435386219010432,0.0,1.761679404934371,0.2118770713000363,-0.975473223107242,0.4724097858392813,-0.6406454327267869,0.19456804112449813,1.2463102808883453,2.9258762642264005,-0.975473223107242,0.4724097858392813,50.6997792287783,0.0,10.742120738551959,604,True
minor_salivary_gland,excluded_at_or_below_-1,ENSG00000223884.8,ENSG00000223884,0.40417658570721926,10.25714042622106,-0.8021987199817757,0.19497485265611694,80.31929710249179,4.372573649064746,0.0,1.3337619536813294,0.4108358282372661,-0.9860818669945788,-0.199360559157023,-0.7593373812280926,0.13993274840623554,0.9552820457967263,1.2459371455923867,-0.9860818669945788,-0.199360559157023,10.256417135886277,0.0,4.2137036287687275,180,True
minor_salivary_gland,raw,ENSG00000223884.8,ENSG00000223884,0.46874207984633276,10.421751722219073,-0.7996854183120611,0.18823148503121634,137.07181818353672,4.510337670161699,0.0,1.5049958199989555,0.3221990534274494,-1.0,-0.199360559157023,-0.7606670089561142,0.14068539891230755,0.9353403831712684,1.2153441976491095,-1.0,-0.199360559157023,10.42134370183997,0.0,3.3577470761749506,181,True
muscle_skeletal,excluded_at_or_below_-1,ENSG00000223884.8,ENSG00000223884,2.8500538287318493,61.10554133637806,-0.8963139259322571,0.106153565769088,957.9933186150347,6.678853025728903,0.0,1.2432040401700866,0.46172853695645916,-0.9896311909860164,-0.3949864865750163,-0.8587673770561944,0.0923846989974958,1.4444738556044945,2.899394763919018,-0.9896311909860164,-0.3949864865750163,61.105541320875304,0.0,28.214172194020215,805,True
muscle_skeletal,raw,ENSG00000223884.8,ENSG00000223884,3.10276251366695,62.882164013361724,-0.8944878746934134,0.10124138406250313,839.3854175996327,6.977400042902565,0.0,1.4738703938624818,0.3375216587962646,-1.0,-0.3949864865750163,-0.8610119052936877,0.09333525802277295,1.3955241696796075,2.7868704439923855,-1.0,-0.3949864865750163,62.880820077783405,0.0,21.22363869912292,818,True
nerve_tibial,excluded_at_or_below_-1,ENSG00000223884.8,ENSG00000223884,0.736608891518993,47.44676403281023,-0.4718150613006695,0.3112542197438533,340.1345201939315,5.038884557127813,0.0,2.3115185934836404,0.06914219898452435,-0.9805571179323896,0.6371928869588479,-0.4468530947344132,0.23247712126545847,0.5338712713142296,0.784122046109113,-0.9805571179323896,0.6371928869588479,47.446128014577674,0.0,3.280529624229145,670,True
nerve_tibial,raw,ENSG00000223884.8,ENSG00000223884,0.736608891518993,47.44676403281023,-0.4718150613006695,0.3112542197438533,340.1345201939315,5.038884557127813,0.0,2.3115185934836404,0.06914219898452435,-0.9805571179323896,0.6371928869588479,-0.4468530947344132,0.23247712126545847,0.5338712713142296,0.784122046109113,-0.9805571179323896,0.6371928869588479,47.446128014577674,0.0,3.280529624229145,670,True
ovary,excluded_at_or_below_-1,ENSG00000223884.8,ENSG00000223884,0.4198507265631931,9.480862188702597,-0.5885932136161155,0.30534324454734807,124.09543033295725,3.460854231836448,0.0,1.6850043995238613,0.2399006823277702,-0.9524029833115896,0.1586407884967646,-0.5555975470795205,0.21992576525874696,0.5917571680355943,0.4270549863916284,-0.9524029833115896,0.1586407884967646,9.457088720027151,0.0,2.2687620367687726,193,True
ovary,raw,ENSG00000223884.8,ENSG00000223884,0.4198507265631931,9.480862188702597,-0.5885932136161155,0.30534324454734807,124.09543033295725,3.460854231836448,0.0,1.6850043995238613,0.2399006823277702,-0.9524029833115896,0.1586407884967646,-0.5555975470795205,0.21992576525874696,0.5917571680355943,0.4270549863916284,-0.9524029833115896,0.1586407884967646,9.457088720027151,0.0,2.2687620367687726,193,True
pancreas,excluded_at_or_below_-1,ENSG00000223884.8,ENSG00000223884,0.5560046806818383,21.880629877870508,-0.4499921021515709,0.32723285689361,406.6506347453296,4.192221279160085,0.0,2.167981503835679,0.09522436324728102,-0.9516382467424912,0.5200399937136111,-0.40872121513155946,0.24776985288347492,0.7209423338927999,0.7601753536970097,-0.9516382467424912,0.5200399937136111,21.877250193576504,0.0,2.083247219284778,362,True
pancreas,raw,ENSG00000223884.8,ENSG00000223884,0.5560046806818383,21.880629877870508,-0.4499921021515709,0.32723285689361,406.6506347453296,4.192221279160085,0.0,2.167981503835679,0.09522436324728102,-0.9516382467424912,0.5200399937136111,-0.40872121513155946,0.24776985288347492,0.7209423338927999,0.7601753536970097,-0.9516382467424912,0.5200399937136111,21.877250193576504,0.0,2.083247219284778,362,True
pituitary,excluded_at_or_below_-1,ENSG00000223884.8,ENSG00000223884,1.5481164396506255,17.482054445389444,-0.4786133953833425,0.2592593276827623,420.9072358544218,4.372192571109092,0.0,2.574370802077285,0.03631351968502875,-0.9505574221629488,0.32291456096238,-0.4429430951724706,0.23076671005618712,0.48895069185338585,0.2790083463457349,-0.9505574221629488,0.32291456096238,17.480819468380325,0.0,0.6347900818754628,313,True
pituitary,raw,ENSG00000223884.8,ENSG00000223884,1.5481164396506255,17.482054445389444,-0.4786133953833425,0.2592593276827623,420.9072358544218,4.372192571109092,0.0,2.574370802077285,0.03631351968502875,-0.9505574221629488,0.32291456096238,-0.4429430951724706,0.23076671005618712,0.48895069185338585,0.2790083463457349,-0.9505574221629488,0.32291456096238,17.480819468380325,0.0,0.6347900818754628,313,True
prostate,excluded_at_or_below_-1,ENSG00000223884.8,ENSG00000223884,1.1980220762967106,15.555923702709798,-0.6501062493284464,0.26637531707790785,293.02115273725906,4.667772073603011,0.0,1.7662706648792954,0.21015397784681966,-0.9827935611465644,0.2290956613553796,-0.5843508797004039,0.224228738193243,0.883671722872205,0.7518179904026896,-0.9827935611465644,0.2290956613553796,15.555463305581902,0.0,3.269042490918275,281,True
prostate,raw,ENSG00000223884.8,ENSG00000223884,1.212124877795691,15.956699637136596,-0.647198189498755,0.26095574858101245,304.1317113999228,4.7489532429952925,0.0,1.9119605831781512,0.16075681197306854,-1.0,0.2290956613553796,-0.5858248127511115,0.22519378069826754,0.8665034953146734,0.7386649028951036,-1.0,0.2290956613553796,15.956493677823051,0.0,2.565115053915257,282,True
skin_not_sun_exposed_suprapubic,excluded_at_or_below_-1,ENSG00000223884.8,ENSG00000223884,1.768655810147037,43.430818098966824,-0.8120013136084552,0.17573290175221573,493.6193304086735,5.566493124358767,0.0,1.3624366383785442,0.39529858521685196,-0.9813003150365232,-0.1202981540899973,-0.7653473362151274,0.1423476586764707,1.290972742873547,2.470806968644604,-0.9813003150365232,-0.1202981540899973,43.43067122485173,0.0,17.16808289020213,645,True
skin_not_sun_exposed_suprapubic,raw,ENSG00000223884.8,ENSG00000223884,1.8379228559761014,44.21998307608018,-0.8087161323053527,0.1719386414042552,395.1174419918394,5.662310888479123,0.0,1.573330100479997,0.2900564854369082,-1.0,-0.1202981540899973,-0.7675100335772,0.14345519567982842,1.254486563140975,2.395296048369236,-1.0,-0.1202981540899973,44.21978049956176,0.0,12.826234118494412,651,True
skin_sun_exposed_lower_leg,excluded_at_or_below_-1,ENSG00000223884.8,ENSG00000223884,2.3041846846365504,65.44768824970885,-0.7833675779024389,0.15758421493558683,651.3777292326821,7.800554038456027,0.0,1.822303841547073,0.19006838863993558,-0.9864248302755708,0.085839320488497,-0.74444115903159,0.14460337790083244,1.3311829970145919,3.1074281641647428,-0.9864248302755708,0.085839320488497,65.44609696842977,0.0,12.43923419356242,751,True
skin_sun_exposed_lower_leg,raw,ENSG00000223884.8,ENSG00000223884,2.5293766186341022,67.51536885987014,-0.7822434653940038,0.1511988981791779,661.167192657038,8.11946689983695,0.0,2.0367492636766813,0.12566048844396926,-1.0,0.085839320488497,-0.7454579713961859,0.14521017452101698,1.3086133394779798,3.0566756694153474,-1.0,0.085839320488497,67.51521785805849,0.0,8.483995253444627,754,True
small_intestine_terminal_ileum,excluded_at_or_below_-1,ENSG00000223884.8,ENSG00000223884,1.939828098674318,11.003223499738642,-0.7211903478997151,0.23959910045911925,260.75273886034245,6.438103538824794,0.0,1.3941691521341386,0.378385515476941,-0.9573934813067092,0.3695669872064635,-0.5630184932610148,0.2815226463778735,0.9963079022545176,0.35865815470635676,-0.9573934813067092,0.3695669872064635,11.00309042595611,0.0,4.163410042664797,207,True
small_intestine_terminal_ileum,raw,ENSG00000223884.8,ENSG00000223884,1.939828098674318,11.003223499738642,-0.7211903478997151,0.23959910045911925,260.75273886034245,6.438103538824794,0.0,1.3941691521341386,0.378385515476941,-0.9573934813067092,0.3695669872064635,-0.5630184932610148,0.2815226463778735,0.9963079022545176,0.35865815470635676,-0.9573934813067092,0.3695669872064635,11.00309042595611,0.0,4.163410042664797,207,True
spleen,excluded_at_or_below_-1,ENSG00000223884.8,ENSG00000223884,1.3724326392480393,12.678368181165565,-0.2143666325988595,0.5363192659520453,189.1211754509157,3.854238923867261,0.0,1.4445204637393916,0.35189910057587015,-0.7621793359825032,1.2472956265182336,-0.07281515431367194,0.4113556454868008,0.7127677192582509,0.046660346784901385,-0.7621793359825032,1.2472956265182336,12.670785752974092,0.0,4.458838110061132,277,True
spleen,raw,ENSG00000223884.8,ENSG00000223884,1.3724326392480393,12.678368181165565,-0.2143666325988595,0.5363192659520453,189.1211754509157,3.854238923867261,0.0,1.4445204637393916,0.35189910057587015,-0.7621793359825032,1.2472956265182336,-0.07281515431367194,0.4113556454868008,0.7127677192582509,0.046660346784901385,-0.7621793359825032,1.2472956265182336,12.670785752974092,0.0,4.458838110061132,277,True
stomach,excluded_at_or_below_-1,ENSG00000223884.8,ENSG00000223884,1.8158151750519027,21.569414851657214,-0.9129827457821501,0.11572899558234159,208.66725150815194,4.679627763474727,0.0,0.9228775570488599,0.6532103461128438,-0.9885043611621706,-0.5300359015605458,-0.8654454372980427,0.08641059439017518,1.0058713643704822,0.7314915947074625,-0.9885043611621706,-0.5300359015605458,21.568933683399763,0.0,14.08905063661853,390,True
stomach,raw,ENSG00000223884.8,ENSG00000223884,1.6940622351069143,22.029734840027174,-0.9143291639436522,0.12135541049618344,330.53186966977376,4.478356105992352,0.0,0.9983638780945778,0.607506633647208,-1.0,-0.5300359015605458,-0.8710656524477558,0.08877254949611724,0.9332388657771385,0.6433669285028945,-1.0,-0.5300359015605458,22.02872781854725,0.0,13.382598280576241,407,True
testis,excluded_at_or_below_-1,ENSG00000223884.8,ENSG00000223884,3.7401442884455367,23.40819827904302,2.144010787786617,0.7289471037283201,473.0928693422447,2.9249115580056526,0.013876679501041062,5.937081369448407,0.0,-0.916218857866454,3.651637263445617,1.734438111115695,0.9683076223196594,-0.9895788428185219,0.43096509929547766,-0.916218857866454,3.651637263445617,23.407968241383614,0.3248248730562282,0.0,414,True
testis,raw,ENSG00000223884.8,ENSG00000223884,3.7401442884455367,23.40819827904302,2.144010787786617,0.7289471037283201,473.0928693422447,2.9249115580056526,0.013876679501041062,5.937081369448407,0.0,-0.916218857866454,3.651637263445617,1.734438111115695,0.9683076223196594,-0.9895788428185219,0.43096509929547766,-0.916218857866454,3.651637263445617,23.407968241383614,0.3248248730562282,0.0,414,True
thyroid,excluded_at_or_below_-1,ENSG00000223884.8,ENSG00000223884,1.788768534905066,67.56728851825466,-0.8047455230770184,0.16046301429521384,596.1922232380581,9.014449647067948,0.0,1.5891512275037436,0.2828912773747196,-0.9850577495474616,0.2180743685337653,-0.7633982924120375,0.14604226688166103,1.745371966768224,6.514016405397101,-0.9850577495474616,0.2180743685337653,67.56673596226254,0.0,19.114040244404855,675,True
thyroid,raw,ENSG00000223884.8,ENSG00000223884,1.860809321351218,68.50465288800996,-0.8046963579186963,0.15943480516531935,897.6885657790489,9.072148525207231,0.0,1.732376184270713,0.22300449999582903,-1.0,0.2180743685337653,-0.766511472775037,0.14756440251068118,1.6785962908241872,6.23334788201052,-1.0,0.2180743685337653,68.50463277901652,0.0,15.276841380282457,684,True
uterus,excluded_at_or_below_-1,ENSG00000223884.8,ENSG00000223884,0.46208142784979866,9.208077516300978,-0.09961730242313395,0.5024088052072216,116.59064203777599,4.347021003759095,0.0,2.4704629318455327,0.04720842433403371,-0.9772657445823936,1.4446909172240558,-0.05006524816624892,0.42450461183933125,0.7344749124832672,1.2247199261257986,-0.9772657445823936,1.4446909172240558,9.207349509118249,0.0,0.4346644626182112,153,True
uterus,raw,ENSG00000223884.8,ENSG00000223884,0.46208142784979866,9.208077516300978,-0.09961730242313395,0.5024088052072216,116.59064203777599,4.347021003759095,0.0,2.4704629318455327,0.04720842433403371,-0.9772657445823936,1.4446909172240558,-0.05006524816624892,0.42450461183933125,0.7344749124832672,1.2247199261257986,-0.9772657445823936,1.4446909172240558,9.207349509118249,0.0,0.4346644626182112,153,True
vagina,excluded_at_or_below_-1,ENSG00000223884.8,ENSG00000223884,0.4769785831601085,9.982921929833552,-0.6486333080038587,0.2979812009709527,165.4185315581448,4.685343847228737,0.0,1.5313135177115154,0.3095958028438508,-0.9712879997783042,0.3385898552476014,-0.5830122464372633,0.22994238326563396,0.9500359988350704,1.2496858018628814,-0.9712879997783042,0.3385898552476014,9.982641458039692,0.0,3.090583896704108,170,True
vagina,raw,ENSG00000223884.8,ENSG00000223884,0.4769785831601085,9.982921929833552,-0.6486333080038587,0.2979812009709527,165.4185315581448,4.685343847228737,0.0,1.5313135177115154,0.3095958028438508,-0.9712879997783042,0.3385898552476014,-0.5830122464372633,0.22994238326563396,0.9500359988350704,1.2496858018628814,-0.9712879997783042,0.3385898552476014,9.982641458039692,0.0,3.090583896704108,170,True
whole_blood,excluded_at_or_below_-1,ENSG00000223884.8,ENSG00000223884,2.268072229605326,78.88397990001653,-0.9364144314986602,0.20586262478343745,1177.0619452297462,7.543539347299577,0.0,0.366872047928832,0.9349208981779955,-0.9898188427953322,0.1616748893153468,-0.810526114838358,0.16849701152809798,2.1594194197223966,6.1349622982194205,-0.9898188427953322,0.1616748893153468,78.8836489331314,0.0,73.74997191212088,734,True
whole_blood,raw,ENSG00000223884.8,ENSG00000223884,1.6584285583941352,107.51079785478503,-1.056230300112006,0.28724130881894355,1271.518735676334,5.996275548439309,0.0,-0.27684615893751174,1.0,-1.0,0.1616748893153468,-0.8268071834263445,0.1696227721460559,2.103513162779481,6.015436184287761,-1.0,0.1616748893153468,103.46872298379878,0.0,103.4687229837988,803,True
adipose_subcutaneous,excluded_at_or_below_-1,ENSG00000223890.1,ENSG00000223890,1.5471814783688922,11.922849676829248,-0.727787609617894,0.07294557175951542,161.14309712299521,16.667079899231407,0.0,3.2078015952795402,0.00582883206638504,-0.8932470053445909,0.1319055125233108,-0.6073150376352391,0.19025642520758837,1.3388981582319357,1.8196655264286399,-0.8932470053445909,0.1319055125233108,11.922171202720936,0.0,0.06949233380735209,122,True
adipose_subcutaneous,raw,ENSG00000223890.1,ENSG00000223890,3.956941738395897,580.8148685247476,-0.9858519378300403,0.009817456231820142,726.544176556119,161.0139845197163,0.0,2.0380413143278253,0.12643639679134783,-1.0,0.1319055125233108,-0.9329025694558811,0.1673906851185365,2.8192095101406602,8.402144663393543,-1.0,0.1319055125233108,575.7316998040698,0.0,72.79344164178467,714,True
adipose_visceral_omentum,excluded_at_or_below_-1,ENSG00000223890.1,ENSG00000223890,0.35536758975622745,10.109193903421012,-0.7098860197446213,0.10109178105091428,34.053789410190404,13.789404040980958,0.0,1.856849733261397,0.17836150623164856,-0.8426186222833231,0.2758175905320834,-0.6493623345580889,0.17342814126817718,2.9314766813437014,11.135161246593096,-0.8426186222833231,0.2758175905320834,10.109167502346045,0.0,1.8030863424664731,77,True
adipose_visceral_omentum,raw,ENSG00000223890.1,ENSG00000223890,1.9743589984449674,609.4498310771332,-0.9840136272953951,9.059418239692357e-05,454.9744038488289,19666.49896730163,,249.55404965132607,,-1.0,0.2758175905320834,-0.9540049399675856,0.1339282611600722,3.8187259038365235,19.87059532698416,-1.0,0.2758175905320834,0.0,0.0,0.0,587,True
adrenal_gland,excluded_at_or_below_-1,ENSG00000223890.1,ENSG00000223890,0.11823321678155749,2.387595894745975,-0.8541707670452101,0.1804628256342707,24.204919834227468,5.2146237946639316,0.0,-0.04863527400741494,1.0,-0.8479645905479721,-0.1887509396284431,-0.7058285357910931,0.151095172547192,1.958330382721601,3.8173607645741328,-0.8479645905479721,-0.1887509396284431,2.38477079312868,0.0,2.38477079312868,27,True
adrenal_gland,raw,ENSG00000223890.1,ENSG00000223890,0.692307692094166,295.22629623190727,-0.9912462366773586,0.0044001099403652025,44.30769231970932,257.9253128236625,0.0,2.8134957945292167,0.019496373756639686,-1.0,-0.1887509396284431,-0.9730758320893543,0.09611889956063688,4.444360549730206,23.607034541237255,-1.0,-0.1887509396284431,289.27843497573815,0.0,5.639880488022781,295,True
artery_aorta,excluded_at_or_below_-1,ENSG00000223890.1,ENSG00000223890,0.8429678190425247,5.984356814413432,-0.6678890886607309,0.05166066708851797,39.89129576736187,19.817284302878434,0.0,4.894013426822956,6.29617947689363e-06,-0.8466654807818643,0.0560285389227512,-0.5495931993641543,0.19484611808171465,1.2177117959257944,1.0723326751218325,-0.8466654807818643,0.0560285389227512,5.983661650848443,0.0,3.767420768274743e-05,58,True
artery_aorta,raw,ENSG00000223890.1,ENSG00000223890,1.4871794995376857,413.70632983838124,-0.9867978644224348,3.309427266566604e-05,145.74358974404012,44562.97492047744,,564.1652673470331,,-1.0,0.0560285389227512,-0.9446534016167817,0.1628071036109593,3.240609515966353,10.858602801958597,-1.0,0.0560285389227512,0.0,0.0,0.0,472,True
artery_coronary,excluded_at_or_below_-1,ENSG00000223890.1,ENSG00000223890,0.23793376449758502,3642117093824.645,-7.944430194723887,1.3646679060775522,19.875305814130456,8.370196439503532,0.0,-7.441920292161236,1.0,-0.7632306556259526,0.1325242006134674,-0.5436219105401121,0.21574198472853473,1.2573647358259041,1.3347129902859196,-0.7632306556259526,0.1325242006134674,3.4275561780711796,0.0,3.4275561780711796,29,True
artery_coronary,raw,ENSG00000223890.1,ENSG00000223890,0.7586139291548804,237.67478952693514,-0.985843468416748,0.006708677625786383,51.76573903296379,235.75595869785454,0.0,2.9842481749675027,0.011867008215469217,-1.0,0.1325242006134674,-0.9506158037524748,0.1582890576146893,3.6566767323165346,14.43677016039258,-1.0,0.1325242006134674,233.23064853380123,0.0,2.7677500222498317,268,True
artery_tibial,excluded_at_or_below_-1,ENSG00000223890.1,ENSG00000223890,0.6204253943660651,7.780016768472733,-0.6641020671615467,0.11954087454324912,52.355220698346,10.914169036650488,0.0,1.8497389480898359,0.18072863782063533,-0.8204571025073564,0.2584525923799301,-0.5764818912499808,0.19111448146222823,1.61346807066638,3.2220323940012134,-0.8204571025073564,0.2584525923799301,7.779950819252165,0.0,1.4060599138749796,84,True
artery_tibial,raw,ENSG00000223890.1,ENSG00000223890,2.1538461538461533,618.986350115158,-0.9835126466522301,0.004977714885196294,453.0769230769232,352.8534931276926,0.0,4.6842053532229775,1.7266256637592298e-05,-1.0,0.2584525923799301,-0.9485158883719222,0.1535420310892131,3.4278335488299088,13.176439790268894,-1.0,0.2584525923799301,616.4330808630017,0.0,0.010643491774082303,691,True
bladder,excluded_at_or_below_-1,ENSG00000223890.1,ENSG00000223890,,,,,,,,,,,,,,,,,,,,,9,False
bladder,raw,ENSG00000223890.1,ENSG00000223890,,,,,,,,,,,,,,,,,,,,,77,False
brain_amygdala,excluded_at_or_below_-1,ENSG00000223890.1,ENSG00000223890,0.2084375399559344,0.6130785721746651,-0.7412182075198239,0.041978128731175006,11.596442637226186,4.6539299085937325,0.0,4.5725190674707,9.02803431094895e-06,-0.8769443801057707,-0.6030755153503418,-0.7302797282135104,0.0738390296319434,-0.01777163637864475,-0.23058852569886046,-0.8769443801057707,-0.6030755153503418,0.6130649490625815,0.0,5.534771394977156e-06,15,True
brain_amygdala,raw,ENSG00000223890.1,ENSG00000223890,0.39483737020076765,155.00145578889786,-0.9950475531658676,0.004478384859318349,129.86498390908739,123.77948509635473,0.0,1.5639159428624678,0.29582042892687466,-1.0,-0.6030755153503418,-0.9776474912884124,0.07735676141081287,3.3907102083429685,10.293339377003653,-1.0,-0.6030755153503418,154.24166700571456,0.0,45.62783609202665,181,True
brain_anterior_cingulate_cortex_ba24,excluded_at_or_below_-1,ENSG00000223890.1,ENSG00000223890,0.0870218719205942,3.988890650357455,-0.7852125208007085,0.09085315089420991,19.02782488677299,13.348052144177478,0.0,1.2444369943542282,0.4610219113583572,-0.8651587361634587,0.0723047791774988,-0.7268184973226485,0.1791705040116738,3.4523788366867856,12.550032885404365,-0.8651587361634587,0.0723047791774988,3.988882635067899,0.0,1.8389622966031631,28,True
brain_anterior_cingulate_cortex_ba24,raw,ENSG00000223890.1,ENSG00000223890,0.7179487195230088,267.0165634516737,-0.9895888045698797,0.005782798311616666,79.89743589895885,259.69162799881195,0.0,2.546112277202517,0.03923868277729695,-1.0,0.0723047791774988,-0.9671713215666701,0.10798376227516182,5.2590945790376535,38.94671964333634,-1.0,0.0723047791774988,266.14972890271383,0.0,10.443364783677193,233,True
brain_caudate_basal_ganglia,excluded_at_or_below_-1,ENSG00000223890.1,ENSG00000223890,0.8167781808451194,3.1336205044350707,-0.8162556371973124,0.06052163563216728,68.35847792693701,7.503850138331854,0.0,1.99190181149377,0.13754266840730633,-0.9014995910510626,-0.495126427300302,-0.7586001245671132,0.09860545321477748,0.8957092853044711,-0.03035645556194,-0.9014995910510626,-0.495126427300302,3.133572500881448,0.0,0.4309999234189906,65,True
brain_caudate_basal_ganglia,raw,ENSG00000223890.1,ENSG00000223890,1.6666666641691017,320.54447705363253,-0.9954194507493747,0.003070654636733917,148.6666670142746,230.413792048874,0.0,2.109607116299575,0.10959154113169425,-1.0,-0.495126427300302,-0.9476966936562079,0.10956568257018912,2.0718040488291583,3.4573432979721463,-1.0,-0.495126427300302,316.016692014314,0.0,34.63275630118894,300,True
brain_cerebellar_hemisphere,excluded_at_or_below_-1,ENSG00000223890.1,ENSG00000223890,-0.02751482852698197,5556195.8502952615,-7.562795090807062,1.701103919568455,14.990177146040672,5.957170568326207,0.0,-5.576169964545667,1.0,-0.8554314823352884,-0.3971402894821679,-0.7085867972388458,0.12158221810186719,1.0273088512219233,0.8934192207582812,-0.8554314823352884,-0.3971402894821679,0.874406851537167,0.0,0.874406851537167,15,True
brain_cerebellar_hemisphere,raw,ENSG00000223890.1,ENSG00000223890,0.3846266041635546,294.78733266139517,-0.99262251131835,0.00045803771006038913,17.23076923567848,1838.5801338535261,0.0,22.778352787742968,0.0,-1.0,-0.3971402894821679,-0.9842195016555332,0.0715206577616211,5.0518962713579905,27.516292773178737,-1.0,-0.3971402894821679,174.10514163434573,0.0,0.0,277,True
brain_cerebellum,excluded_at_or_below_-1,ENSG00000223890.1,ENSG00000223890,,,,,,,,,,,,,,,,,,,,,6,False
brain_cerebellum,raw,ENSG00000223890.1,ENSG00000223890,0.15384590055980424,371.20349485107147,-0.9957943943217572,0.002537856316415784,5.076923094617859,252.7081586433511,0.0,2.3435623796717904,0.06562248434790785,-1.0,-0.5423006549839398,-0.9937327064166135,0.04342100666909247,7.532006355035201,60.62069516224344,-1.0,-0.5423006549839398,363.01530456813856,0.0,23.82196614207363,266,True
brain_cortex,excluded_at_or_below_-1,ENSG00000223890.1,ENSG00000223890,0.4121186501312521,3.4364638539014183,-0.7966246806046623,0.016179804521698413,10.730372162480524,40.69355816567628,0.0,5.154219311950681,1.70379871929857e-06,-0.8555933280198282,-0.3310558061921109,-0.6812393647048185,0.16219543303817302,0.7790087486554611,-0.7447304250027682,-0.8555933280198282,-0.3310558061921109,3.4353021858636503,0.0,5.8530634646780655e-06,24,True
brain_cortex,raw,ENSG00000223890.1,ENSG00000223890,0.6375527294549279,243.53658371604894,-0.991644775546924,0.0063639739312219435,46.953092895909634,146.79725116917058,0.0,1.8567127813395536,0.17968525972945268,-1.0,-0.3310558061921109,-0.9716657213070949,0.1025131237214954,4.094451101435411,17.220120735995938,-1.0,-0.3310558061921109,241.80328213242285,0.0,43.44848555339851,270,True
brain_frontal_cortex_ba9,excluded_at_or_below_-1,ENSG00000223890.1,ENSG00000223890,0.1812460237487564,2.120075861746907,-0.7900371040239252,0.055521826010791336,10.381831460907463,9.104227167071052,0.0,1.5437132731083258,0.30375878258837297,-0.850643070506276,-0.4326064229854676,-0.743540879800906,0.10156753212975853,1.65915080309503,1.9911533008827336,-0.850643070506276,-0.4326064229854676,2.1200674579710674,0.0,0.643989110038518,26,True
brain_frontal_cortex_ba9,raw,ENSG00000223890.1,ENSG00000223890,0.6667181632564673,246.0088384465612,-0.9932108763994479,0.0024719986610690025,40.66666677009176,320.71798161976295,0.0,3.884011275465586,0.0005321092929156367,-1.0,-0.4326064229854676,-0.9752121296461843,0.08201447854641904,3.66908709915237,14.40837739558534,-1.0,-0.4326064229854676,244.99978227487017,0.0,0.13036666091076687,269,True
brain_hippocampus,excluded_at_or_below_-1,ENSG00000223890.1,ENSG00000223890,0.3176888210244468,4.646500026718404,-0.8163667604490945,0.06199758403407054,28.724230820610366,15.261838557827483,0.0,1.7178082043021154,0.22869449693738444,-0.8916736033009802,-0.1473043616162205,-0.7461322407669106,0.13831776212047867,2.38316722914943,7.1498578745375685,-0.8916736033009802,-0.1473043616162205,4.646201392855191,0.0,1.0625606902087927,39,True
brain_hippocampus,raw,ENSG00000223890.1,ENSG00000223890,1.0000000068755128,231.87217465841516,-0.9898193989135916,0.0017394082730134957,128.0,685.0008768700227,0.0,8.277265523502601,1.3468861768125947e-15,-1.0,-0.1473043616162205,-0.9611731662349393,0.10603993609362183,3.5754617382720753,16.588730987391692,-1.0,-0.1473043616162205,228.32796350241165,0.0,3.0753177782116836e-13,255,True
brain_hypothalamus,excluded_at_or_below_-1,ENSG00000223890.1,ENSG00000223890,0.37529487007712864,5.416400149254543,-0.8290303243840467,0.04692937688520453,25.928250385479778,19.040648131936408,0.0,1.6429487523103596,0.25936079498102105,-0.8835500682555938,-0.1971839214809535,-0.7478549923585031,0.14373699543926788,1.8945905371421663,3.7939769733914304,-0.8835500682555938,-0.1971839214809535,5.415830668962621,0.0,1.4046541477847403,40,True
brain_hypothalamus,raw,ENSG00000223890.1,ENSG00000223890,1.025641033043844,225.01989964207874,-0.9901453650867892,0.0008914352706660895,120.97435897436799,1257.9901927690016,0.0,15.633842192586796,0.0,-1.0,-0.1971839214809535,-0.9607556408340082,0.1074023185548998,3.4882582602284953,14.58291225076417,-1.0,-0.1971839214809535,169.84261096047086,0.0,0.0,257,True
brain_nucleus_accumbens_basal_ganglia,excluded_at_or_below_-1,ENSG00000223890.1,ENSG00000223890,0.24368249858054544,3.6376434200089935,-0.8253728470268388,0.22413641610522528,46.38207098221838,5.112620765743763,0.0,0.39279824207662045,0.9257579409819923,-0.8876268039778327,-0.0150818656448882,-0.6786412024150439,0.1990849975454952,1.764149378997466,2.8423118656404487,-0.8876268039778327,-0.0150818656448882,3.63762513741414,0.0,3.367560357276851,53,True
brain_nucleus_accumbens_basal_ganglia,raw,ENSG00000223890.1,ENSG00000223890,1.3729226849341893,230.47559955648254,-0.9876883622499113,0.004233826206588854,135.00489226284995,324.8771279771563,0.0,4.112423191604852,0.00022038098807458683,-1.0,-0.0150818656448882,-0.9402385393964818,0.15147794876311169,3.2817313420704166,12.542926329750049,-1.0,-0.0150818656448882,222.35728721942885,0.0,0.049003318663001894,285,True
brain_putamen_basal_ganglia,excluded_at_or_below_-1,ENSG00000223890.1,ENSG00000223890,0.4494049235341121,4.287852817923366,-0.8599378931751468,0.08450170877715242,29.139801389875448,11.207845496580259,0.0,0.4643150800457674,0.8978173454294032,-0.8876815230757322,-0.1902497206320194,-0.7407022454974409,0.15026747199322527,1.6059517421801666,2.754572642738135,-0.8876815230757322,-0.1902497206320194,4.287828746483277,0.0,3.849687022823501,43,True
brain_putamen_basal_ganglia,raw,ENSG00000223890.1,ENSG00000223890,1.1025641113608047,213.83331832288096,-0.9903745945767456,0.0036424901513032477,97.58974358974751,310.65216413003566,0.0,3.737107947439673,0.0009293766331648565,-1.0,-0.1902497206320194,-0.9561031360487794,0.11507087939560058,3.2514058637865904,12.222861636790327,-1.0,-0.1902497206320194,213.40790968821247,0.0,0.19833632459678063,254,True
brain_spinal_cord_cervical_c-1,excluded_at_or_below_-1,ENSG00000223890.1,ENSG00000223890,0.11678214609476921,107404.86534176925,-4.610322997209807,1.152643936681167,26.073318967120002,5.441913265538266,0.0,-4.6141185531171605,1.0,-0.8496209965486978,-0.1749332538517471,-0.6675660727726392,0.16543027115801787,1.1750109284120278,0.8869741779646958,-0.8496209965486978,-0.1749332538517471,2.5183889713458063,0.0,2.518388971345806,30,True
brain_spinal_cord_cervical_c-1,raw,ENSG00000223890.1,ENSG00000223890,,,,,,,,,,,,,,,,,,,,,204,False
brain_substantia_nigra,excluded_at_or_below_-1,ENSG00000223890.1,ENSG00000223890,0.027912495990365348,603649767227.7783,-6.118034300772703,1.0386278052118834,37.97682677204401,8.218145649432925,0.0,-7.154283788110275,1.0,-0.8637797338464119,-0.082457492656744,-0.7465759912089021,0.15774659470658642,3.143590174288072,10.781678995311081,-0.8637797338464119,-0.082457492656744,4.637107031840025,0.0,4.637107031840025,25,True
brain_substantia_nigra,raw,ENSG00000223890.1,ENSG00000223890,0.641025641025641,179.86512579331404,-0.9897468757080837,0.0033262916171494677,92.97435897435898,385.7451775704206,0.0,4.359241190870582,7.624362299819529e-05,-1.0,-0.082457492656744,-0.9653792337717079,0.10439426500672344,4.540096186442238,28.6148355037641,-1.0,-0.082457492656744,176.31852625383294,0.0,0.013443163243294753,183,True
breast_mammary_tissue,excluded_at_or_below_-1,ENSG00000223890.1,ENSG00000223890,0.2556085164405645,19.59834293254086,-1.414401238405234,0.5485262484889237,58.34500811313565,3.670993583910145,0.0,-1.552473125057163,1.0,-0.8122487192775598,0.0094546716103616,-0.6124392638938568,0.1815411896802307,1.1987615164442988,0.9303962552300216,-0.8122487192775598,0.0094546716103616,5.849737047820193,0.0,5.849737047820193,66,True
breast_mammary_tissue,raw,ENSG00000223890.1,ENSG00000223890,1.692307692307692,453.1242843939587,-0.9878293895105894,0.0036353355898500585,202.30769230808164,387.96215917825054,0.0,4.734595195156358,1.3706875977553924e-05,-1.0,0.0094546716103616,-0.9502353918618571,0.14497904861326927,3.279847506435491,11.266773026373539,-1.0,0.0094546716103616,448.3542112854368,0.0,0.0061455355681034884,514,True
cells_cultured_fibroblasts,excluded_at_or_below_-1,ENSG00000223890.1,ENSG00000223890,0.3234918837892073,0.8804244473362852,-0.7335282095087682,0.2052811711882436,29.019911138653523,3.1667835506754898,0.0,0.6211735878612371,0.8233686527496031,-0.8236951015681142,-0.2738515005034659,-0.6175917046142275,0.1471802213032472,0.6286145019901271,-0.5155803953677021,-0.8236951015681142,-0.2738515005034659,0.8745752678895725,0.0,0.7200978600503606,30,True
cells_cultured_fibroblasts,raw,ENSG00000223890.1,ENSG00000223890,0.7636371157654753,609.3388723560882,-0.9909623333301387,0.007957474968152219,194.52869209852258,127.44593851278408,0.0,1.6061867398739502,0.276620280398734,-1.0,-0.2738515005034659,-0.9824045262859308,0.08598772808213861,5.314238741900661,29.337939584578884,-1.0,-0.2738515005034659,606.4159726218322,0.0,167.74695638492256,652,True
cells_ebv-transformed_lymphocytes,excluded_at_or_below_-1,ENSG00000223890.1,ENSG00000223890,,,,,,,,,,,,,,,,,,,,,7,False
cells_ebv-transformed_lymphocytes,raw,ENSG00000223890.1,ENSG00000223890,0.17948717948714954,408.9959751590416,-0.9956389031035525,0.0020297241756141496,5.7435897435940895,296.15743667618676,0.0,3.038601230590059,0.009895437093896248,-1.0,-0.5705843533502055,-0.9938979246944495,0.043398978782292506,7.601529295269834,59.961333275242616,-1.0,-0.5705843533502055,408.6414510368211,0.0,4.043685772693333,327,True
cervix_ectocervix,excluded_at_or_below_-1,ENSG00000223890.1,ENSG00000223890,,,,,,,,,,,,,,,,,,,,,5,False
cervix_ectocervix,raw,ENSG00000223890.1,ENSG00000223890,0.1282051257544169,21.7580174374042,-0.9944799982367136,0.001997310025484987,4.358974381627645,266.090127611105,0.0,3.9084875449257135,0.0004870479495021656,-1.0,-0.618677860779889,-0.943274163434055,0.12424148045993232,1.9276541712908288,2.0424969224056575,-1.0,-0.618677860779889,21.520217536062336,0.0,0.010481377823779697,24,True
cervix_endocervix,excluded_at_or_below_-1,ENSG00000223890.1,ENSG00000223890,,,,,,,,,,,,,,,,,,,,,7,False
cervix_endocervix,raw,ENSG00000223890.1,ENSG00000223890,0.17948717984723098,20.40859566267912,-0.9942427947038707,0.003236797463739173,5.743589743667682,255.8105990259856,0.0,2.515423934417797,0.04238011333718229,-1.0,-0.4087533607491527,-0.8749192913070054,0.20955561048836188,1.246833622747508,-0.12364139564755972,-1.0,-0.4087533607491527,20.35554660177796,0.0,0.8626703720236426,23,True
colon_sigmoid,excluded_at_or_below_-1,ENSG00000223890.1,ENSG00000223890,0.03309607058755147,15.966917596310836,-0.8084523793377398,0.3875276735116892,87.77720603972016,7.294122763547207,0.0,0.09692816194421235,0.9953150652139466,-0.8350129682723941,1.190308274691665,-0.5902861520847718,0.2412226935469219,3.8835918362148383,24.190297140728486,-0.8350129682723941,1.190308274691665,15.966892196128278,0.0,15.892088347453472,118,True
colon_sigmoid,raw,ENSG00000223890.1,ENSG00000223890,3.0256410256579835,350.31869381481755,-0.9763271980128906,0.009212423765209058,1230.9743589756808,332.60359578648746,0.0,3.6340488109084914,0.0014049386096579401,-1.0,1.190308274691665,-0.8846151931885515,0.22434243142254195,3.162585054405937,18.428298293840463,-1.0,1.190308274691665,338.13647468592166,0.0,0.4750609886198758,419,True
colon_transverse,excluded_at_or_below_-1,ENSG00000223890.1,ENSG00000223890,0.8046272031292939,8.437764176640869,-0.7692141601337974,0.07866368792182282,78.62128071489266,14.484913487421624,0.0,2.8054669616909518,0.019539696022967165,-0.9252644084280645,0.0364892671739749,-0.6795831165381605,0.18528374990529006,1.833408265837439,3.7317021084827244,-0.9252644084280645,0.0364892671739749,8.437635523432377,0.0,0.1648688332804581,81,True
colon_transverse,raw,ENSG00000223890.1,ENSG00000223890,2.0769230842250663,405.6980823619253,-0.9877429317793864,0.0044761752493493,306.7692307692315,323.59838167409276,0.0,3.8725275814533444,0.0005546392135357282,-1.0,0.0364892671739749,-0.9458167691849498,0.1421309121332512,3.34495314659038,13.401075894160023,-1.0,0.0364892671739749,405.2754787028244,0.0,0.22478167277305028,479,True
esophagus_gastroesophageal_junction,excluded_at_or_below_-1,ENSG00000223890.1,ENSG00000223890,0.47000987853325643,4.950867845465627,-0.7001691105854102,0.14235180359530147,84.07699083326443,7.943993576226535,0.0,1.695510705858973,0.2375537024546639,-0.8708357011314373,0.0994568040662269,-0.6251408543289708,0.17000763468777896,1.4587347616222317,3.282151089245482,-0.8708357011314373,0.0994568040662269,4.950785110361935,0.0,1.1760773330238996,68,True
esophagus_gastroesophageal_junction,raw,ENSG00000223890.1,ENSG00000223890,1.7435897370044668,339.6378612272175,-0.9868162611961195,0.004062280992444102,197.43589743589746,378.1673656234019,0.0,4.589692897638372,2.683438541080538e-05,-1.0,0.0994568040662269,-0.9367483327403722,0.1567667724190911,2.7537515889336683,8.21112372923851,-1.0,0.0994568040662269,337.331438389087,0.0,0.00905208182891415,403,True
esophagus_mucosa,excluded_at_or_below_-1,ENSG00000223890.1,ENSG00000223890,0.3657108301490251,1.2943114356133056,-0.7219121251208594,0.10752104365942035,33.61252315516372,2.830662809122241,0.0,1.9547173416087633,0.13221899598179127,-0.8705270544503905,-0.5067000612696182,-0.700247459817575,0.08768359965926019,0.3727713625360219,-0.5129496536996774,-0.8705270544503905,-0.5067000612696182,1.2707504945612627,0.0,0.16801735453425487,41,True
esophagus_mucosa,raw,ENSG00000223890.1,ENSG00000223890,2.7373017992253055,557.8746591817396,-0.9938604855384713,0.0054347767634469815,347.9203893658482,126.76673008653268,0.0,1.5975972879469407,0.28043757646130024,-1.0,-0.5067000612696182,-0.9799839508998706,0.07816677303277757,3.968507545463703,15.049722338260121,-1.0,-0.5067000612696182,555.2285814337337,0.0,155.7069577593215,614,True
esophagus_muscularis,excluded_at_or_below_-1,ENSG00000223890.1,ENSG00000223890,0.6022731900471009,9.028784292588494,-0.7087669660847302,0.09882771274568107,101.57373450547846,10.983321653381166,0.0,2.1331646635088877,0.10278106874611789,-0.8578362369597302,0.0587667263035271,-0.6524828800454897,0.13657364088768575,2.048009548896423,6.922028739810852,-0.8578362369597302,0.0587667263035271,9.028408326169796,0.0,0.9279494568400809,92,True
esophagus_muscularis,raw,ENSG00000223890.1,ENSG00000223890,2.358974345950378,485.0933492849521,-0.9872668384421591,0.002546204435196173,478.9743589777747,580.988248041776,0.0,7.072256067922241,1.4050211951393293e-11,-1.0,0.0587667263035271,-0.9430096701678878,0.1400635300649106,2.6804305430842734,8.060074831502748,-1.0,0.0587667263035271,475.4786700323826,0.0,6.680576092321644e-09,561,True
fallopian_tube,excluded_at_or_below_-1,ENSG00000223890.1,ENSG00000223890,0.2051282051205648,4.317690339308774,-0.7663965423544578,0.0023751141556046344,6.358974359602615,209.5674694003875,0.0,1.3110000799655483,0.42543787113374226,-0.7685983136645136,-0.4144365015443083,-0.6345298658142777,0.11571108563836723,0.5969160067116632,-0.5872539839658559,-0.7685983136645136,-0.4144365015443083,4.297340599705485,0.0,1.8282514362753006,10,True
fallopian_tube,raw,ENSG00000223890.1,ENSG00000223890,,,,,,,,,,,,,,,,,,,,,29,False
heart_atrial_appendage,excluded_at_or_below_-1,ENSG00000223890.1,ENSG00000223890,0.009457215165871481,4.367142129457127,-1.0946901806133058,0.33665567302313937,28.917959196694586,2.9851348283063404,0.0,-0.866259282324971,1.0,-0.8884758509937478,-0.3840743292125276,-0.7585228304117674,0.10947582744137163,1.2717833972205634,1.7618493581282682,-0.8884758509937478,-0.3840743292125276,2.950160546321222,0.0,2.950160546321222,40,True
heart_atrial_appendage,raw,ENSG00000223890.1,ENSG00000223890,1.0256453149615463,460.3979572533016,-0.9932729626960576,0.0032064824797519236,82.97435898313489,268.68600564386026,0.0,2.966948190080617,0.01252740984254224,-1.0,-0.3840743292125276,-0.9790475340921272,0.07514450666557228,4.09586700383101,18.438289116816836,-1.0,-0.3840743292125276,450.58047977877413,0.0,5.644606337238018,461,True
heart_left_ventricle,excluded_at_or_below_-1,ENSG00000223890.1,ENSG00000223890,0.432101109067541,4.824745674058818,-0.8653491114002163,0.016118513097415774,10.720576868084258,40.86145024480894,0.0,4.281697813398716,0.00010449522003664435,-0.9141498046764388,-0.3996303271416628,-0.7748814030802018,0.13203860057978822,1.197665168003328,0.5498881116152141,-0.9141498046764388,-0.3996303271416628,4.824268753429225,0.0,0.0005041130249054948,28,True
heart_left_ventricle,raw,ENSG00000223890.1,ENSG00000223890,0.7179476601338017,517.5650910385006,-0.9939396465031829,0.0032206610942442796,39.8974359126161,260.9651481765117,0.0,2.6611412555301506,0.02899514919961368,-1.0,-0.3996303271416628,-0.9860546001908089,0.06320725022090061,5.571632184188619,34.79745249884587,-1.0,-0.3996303271416628,517.456590245579,0.0,15.003731038493912,452,True
kidney_cortex,excluded_at_or_below_-1,ENSG00000223890.1,ENSG00000223890,0.15530097873861498,4127364624007.164,-6.086776539566899,0.9730308287657585,10.824132615158774,8.342366054748396,0.0,-7.57287358104741,1.0,-0.8763616116121226,-0.3469225513913477,-0.727902369399914,0.14071045459165385,1.2578120927708552,1.3656552271395404,-0.8763616116121226,-0.3469225513913477,1.4510095011379534,0.0,1.451009501137938,16,True
kidney_cortex,raw,ENSG00000223890.1,ENSG00000223890,0.4102564101004664,90.26558227771505,-0.992445512219442,0.003510549155371706,23.43589744169015,260.04687176347664,0.0,3.043301376281615,0.00975130010434282,-1.0,-0.3469225513913477,-0.9581388260615251,0.11231630914247603,3.0629728796106064,9.974775864776435,-1.0,-0.3469225513913477,90.22163593205063,0.0,0.879778247878185,104,True
kidney_medulla,excluded_at_or_below_-1,ENSG00000223890.1,ENSG00000223890,,,,,,,,,,,,,,,,,,,,,3,False
kidney_medulla,raw,ENSG00000223890.1,ENSG00000223890,0.07692307692283169,10.743204504675724,-0.9976414872326458,0.001309191589977323,2.769230769232389,263.6992288010864,0.0,2.54771018096768,0.03923018596338055,-1.0,-0.7535250243339471,-0.9377377588243166,0.10717164810927625,1.0528502478462407,-0.8477380523906475,-1.0,-0.7535250243339471,10.667146643232835,0.0,0.41847414651267456,11,True
liver,excluded_at_or_below_-1,ENSG00000223890.1,ENSG00000223890,0.17099789916719438,1.0024073686165775,-0.7803797245416071,0.18235058781282432,19.63353274593644,3.925189138685917,0.0,0.9924184742768796,0.6109537320869391,-0.9083434896726846,-0.2742605882530103,-0.6989079111757732,0.15126838646484778,1.0266741132107853,0.7463769618978775,-0.9083434896726846,-0.2742605882530103,1.001954605265132,0.0,0.6121479054684285,24,True
liver,raw,ENSG00000223890.1,ENSG00000223890,0.6153846153846154,249.35983750745464,-0.9911943362590185,0.0011993897716849216,29.230769230769234,845.3444023694923,0.0,10.382854166497582,0.0,-1.0,-0.2742605882530103,-0.9724190452985441,0.0979236115934273,4.079652214194909,17.97473763554386,-1.0,-0.2742605882530103,231.75165564920485,0.0,0.0,262,True
lung,excluded_at_or_below_-1,ENSG00000223890.1,ENSG00000223890,0.4179375028070858,7.626441892974898,-0.6781479232416282,0.16574959445895096,88.26360756697363,13.012011169775926,0.0,1.5164775505296553,0.316704771859905,-0.8558831293618488,0.8468944267034744,-0.571484457348853,0.24288195966435394,3.2056973633678045,15.740866624166898,-0.8558831293618488,0.8468944267034744,7.62593229190212,0.0,2.415169146725943,66,True
lung,raw,ENSG00000223890.1,ENSG00000223890,1.6924036857943296,562.8952763387614,-0.9769013328531427,5.676661510272582e-05,338.3076926670906,45435.8022491931,,575.4517561548012,,-1.0,0.8468944267034744,-0.9531754539487158,0.1557597952468847,4.817495829807116,34.96857251709452,-1.0,0.8468944267034744,0.0,0.0,0.0,604,True
minor_salivary_gland,excluded_at_or_below_-1,ENSG00000223890.1,ENSG00000223890,0.35730496126591077,1.3584552401744958,-0.7137019138636292,0.05672508780649265,15.279457242840797,7.934756809060628,0.0,3.6977962248627976,0.0010735155857865089,-0.8620230876429832,-0.395433309536396,-0.6677577574685635,0.12004198921954311,0.8522435883381027,0.1375435768444273,-0.8620230876429832,-0.395433309536396,1.3584117183587754,0.0,0.001458276151573179,26,True
minor_salivary_gland,raw,ENSG00000223890.1,ENSG00000223890,0.6666666666666666,176.48233997904146,-0.9928140060320602,0.00101333962823445,36.666666667805856,833.7026001400909,0.0,10.02875032756642,0.0,-1.0,-0.395433309536396,-0.9522745949954842,0.1251220136724313,2.632419811286726,6.184239866077075,-1.0,-0.395433309536396,173.9863223691289,0.0,0.0,181,True
muscle_skeletal,excluded_at_or_below_-1,ENSG00000223890.1,ENSG00000223890,0.24072206571777874,2.231721008233054,-0.7913734414985906,0.0747654628703621,14.999590868971179,9.25245020267024,0.0,1.4393769059244506,0.35491311360797384,-0.8674692190244182,-0.3022226226315909,-0.7209327369364226,0.13731607985529437,1.460087638814594,1.4795113676108436,-0.8674692190244182,-0.3022226226315909,2.231674881734075,0.0,0.7920506808369474,29,True
muscle_skeletal,raw,ENSG00000223890.1,ENSG00000223890,0.7435897435862933,890.8268290231974,-0.9923469019419922,0.0030567880291160745,47.43589745324775,319.2838712489824,0.0,3.540682234003597,0.0019472670022308133,-1.0,-0.3022226226315909,-0.9901064173241519,0.057554923670088735,7.035208349515707,56.951509841576545,-1.0,-0.3022226226315909,867.1943700202892,0.0,1.688658981260845,818,True
nerve_tibial,excluded_at_or_below_-1,ENSG00000223890.1,ENSG00000223890,2.519500142745429,19.592498006599506,-0.6673774870028915,0.09685525830614418,315.10815911255605,16.11047183952635,0.0,3.2884852844601307,0.004485265552827407,-0.8925960113733371,0.4359805580386318,-0.4978330647230757,0.26244586863769964,1.3529550038757807,1.445932519490988,-0.8925960113733371,0.4359805580386318,19.590339875951646,0.0,0.08786787661378703,202,True
nerve_tibial,raw,ENSG00000223890.1,ENSG00000223890,5.179487179487179,485.3995359772962,-0.9826915930655485,0.0029386040193508925,1695.7435897435898,682.7409829432265,0.0,8.329731964084635,8.862555279800399e-16,-1.0,0.4359805580386318,-0.8486004165284496,0.27180811114002346,1.978954473741216,3.7532360527667814,-1.0,0.4359805580386318,470.01758035719337,0.0,4.1655567883935873e-13,670,True
ovary,excluded_at_or_below_-1,ENSG00000223890.1,ENSG00000223890,0.7268044946301732,2.197924514508505,-0.6471219945796721,0.10278099851609612,55.91077330397352,10.961645086899944,0.0,2.844818875126269,0.017484342679108283,-0.8538752971659307,0.1495390312982603,-0.4803498593506371,0.24952915051512356,0.825196631902996,-0.12711588391688178,-0.8538752971659307,0.1495390312982603,2.1978196462353767,0.0,0.03842743184165587,45,True
ovary,raw,ENSG00000223890.1,ENSG00000223890,,,,,,,,,,,,,,,,,,,,,193,False
pancreas,excluded_at_or_below_-1,ENSG00000223890.1,ENSG00000223890,0.42131662532990766,1.6091069775750755,-0.802748086147518,0.05416944411856358,20.67437593083288,8.309060651540333,0.0,2.1942815987967528,0.09004615474758906,-0.8867969296948511,-0.4844813062093507,-0.7442946520712861,0.10467850382809185,1.0091943792934712,0.21201414045065858,-0.8867969296948511,-0.4844813062093507,1.6091022181119317,0.0,0.1448934673367958,32,True
pancreas,raw,ENSG00000223890.1,ENSG00000223890,1.6383879076130907,326.21040111812033,-0.9935755563791027,0.0050213996095532796,68.1177507799196,143.37994366082236,0.0,1.8093631269833539,0.19582158399788457,-1.0,-0.4844813062093507,-0.9773962123377933,0.07889569119776467,3.809127807142252,14.91064649891096,-1.0,-0.4844813062093507,324.1467783413312,0.0,63.47493558261087,362,True
pituitary,excluded_at_or_below_-1,ENSG00000223890.1,ENSG00000223890,0.25372903297916066,7.213268200650686,-0.7190219332270031,0.08503850919027711,21.180389332633972,22.313058777773232,0.0,1.701389322813822,0.23522602149858468,-0.8213286960907101,0.6226914433247313,-0.6200113891564109,0.2659861116321645,3.354630156415391,11.9205235868102,-0.8213286960907101,0.6226914433247313,7.212154699097663,0.0,1.6964864563010655,39,True
pituitary,raw,ENSG00000223890.1,ENSG00000223890,1.0000000080236533,360.1557170522524,-0.9821608904818266,0.004644141104199472,160.00000000000003,488.702622326237,0.0,5.4322877051361305,4.144516784287843e-07,-1.0,0.6226914433247313,-0.9526531762846644,0.15625885383593946,5.433109216488431,41.11512272383736,-1.0,0.6226914433247313,339.6688175098294,0.0,0.00014077631152686898,313,True
prostate,excluded_at_or_below_-1,ENSG00000223890.1,ENSG00000223890,0.37009820905051966,4.78852084606776,-0.6893056076416614,0.10215636022447572,27.032908386201516,9.302752720040674,0.0,2.5852059070324596,0.03537919417056049,-0.8760491327497718,-0.0173170316355003,-0.6207415146502928,0.18540145227553925,1.8457396201703848,3.3918926896065935,-0.8760491327497718,-0.0173170316355003,4.788456565604351,0.0,0.16941173461181158,55,True
prostate,raw,ENSG00000223890.1,ENSG00000223890,1.4477362819729485,215.99713960750705,-0.9877240483921221,0.009858165680673395,228.23168906828244,139.2107627902523,0.0,1.76105959437589,0.2134808549173909,-1.0,-0.0173170316355003,-0.926031146474348,0.17107866189357607,2.7073509502066018,8.221609148335332,-1.0,-0.0173170316355003,214.60686950374114,0.0,45.81445797280352,282,True
skin_not_sun_exposed_suprapubic,excluded_at_or_below_-1,ENSG00000223890.1,ENSG00000223890,1.097245216546152,14.07211110721649,-0.7207822966945305,0.06254128363167266,80.53792200794683,15.151842205530727,0.0,3.630786823558024,0.0013722757220889328,-0.8813479103895686,-0.0507168369005255,-0.6538718911428656,0.15694370200289304,1.8607941580437708,3.911599553912316,-0.8813479103895686,-0.0507168369005255,14.071806128274355,0.0,0.01931039791577316,119,True
skin_not_sun_exposed_suprapubic,raw,ENSG00000223890.1,ENSG00000223890,4.234371163689765,514.9565124909599,-0.9881593498807351,0.009574719784622005,1023.084959359821,138.4629467622657,0.0,1.7488979690949786,0.2180061199891871,-1.0,-0.0507168369005255,-0.9367292704239648,0.14965179226284642,2.69655158210977,8.097811712190557,-1.0,-0.0507168369005255,511.8300034641706,0.0,111.58207314927623,651,True
skin_sun_exposed_lower_leg,excluded_at_or_below_-1,ENSG00000223890.1,ENSG00000223890,1.2976482311975432,8.359139237042415,-0.7241780002163507,0.07393860813723808,171.22024996431333,14.344344718178304,0.0,1.7943619822188377,0.19992577270733355,-0.817991714770896,0.0257800763581128,-0.6120752432996333,0.16847131662663192,1.5130440724112413,2.6975289354501397,-0.817991714770896,0.0257800763581128,8.358651547066273,0.0,1.6711098693385738,102,True
skin_sun_exposed_lower_leg,raw,ENSG00000223890.1,ENSG00000223890,2.615384616889709,658.0644753909654,-0.9866570152513109,0.004519117547606727,487.2307692309006,316.8322688932676,0.0,4.175556354830165,0.00016469789056640447,-1.0,0.0257800763581128,-0.9475221151413298,0.14640314342119515,3.1201871333062257,10.50745627558083,-1.0,0.0257800763581128,653.972437357318,0.0,0.10770788092132078,754,True
small_intestine_terminal_ileum,excluded_at_or_below_-1,ENSG00000223890.1,ENSG00000223890,0.033232561544447196,191.0018455125651,-1.9135006409938717,0.5705500466225616,21.345368445864782,4.89649920914553,0.0,-2.734039440150309,1.0,-0.8104802970027504,0.0619420547878064,-0.6649428120714794,0.174280825574931,2.7938662779729526,8.827410607188769,-0.8104802970027504,0.0619420547878064,4.5473109728019425,0.0,4.5473109728019265,29,True
small_intestine_terminal_ileum,raw,ENSG00000223890.1,ENSG00000223890,0.7435897435897427,195.74334074600702,-0.9882165565684761,0.004733230484379116,71.4358974358976,313.77059615506255,0.0,3.520704425299811,0.002070103765631508,-1.0,0.0619420547878064,-0.9530596210148449,0.13311064086836719,3.7492605539438384,18.569695312858194,-1.0,0.0619420547878064,192.3431534987045,0.0,0.39817028635110985,207,True
spleen,excluded_at_or_below_-1,ENSG00000223890.1,ENSG00000223890,-0.007725096479566808,1975668784896.0054,-16.245593841787358,2.964884750725279,20.759154784111956,7.919002073284888,0.0,-7.3645571496396425,1.0,-0.8058725933420554,0.3565157071027323,-0.548234962567197,0.24750651521502437,1.7518012425209282,3.867746367537439,-0.8058725933420554,0.3565157071027323,3.251186392462036,0.0,3.2511863924620354,31,True
spleen,raw,ENSG00000223890.1,ENSG00000223890,0.7948717948717839,277.8413677155586,-0.9852283916528978,0.0061807624122580136,52.35897435897504,307.0030159921744,0.0,3.379875728778228,0.0034094628969295036,-1.0,0.3565157071027323,-0.949441457904632,0.1643671145254982,4.0592448972555175,19.847247981320983,-1.0,0.3565157071027323,269.4737191241034,0.0,0.918760647051233,277,True
stomach,excluded_at_or_below_-1,ENSG00000223890.1,ENSG00000223890,0.26984076229613163,2.2109883626066855,-0.7444594607676753,0.11483245136224028,29.641407070213162,4.9254699092640974,0.0,1.4941219136583774,0.32752155999668237,-0.8657803747684765,-0.3445171897837608,-0.6999856583947937,0.11688391890202743,1.2144834644908908,1.2622750639765288,-0.8657803747684765,-0.3445171897837608,2.2109547044071114,0.0,0.7241353338694207,43,True
stomach,raw,ENSG00000223890.1,ENSG00000223890,2.025852135603998,360.96851830192264,-0.9918248097834137,0.005889903006306124,126.5027088355616,155.42381839749092,0.0,1.9629295876176431,0.14676872401379,-1.0,-0.3445171897837608,-0.9683031530982215,0.09969484068254768,3.388335344642346,11.7504626256019,-1.0,-0.3445171897837608,358.2179864576284,0.0,52.57519679117504,407,True
testis,excluded_at_or_below_-1,ENSG00000223890.1,ENSG00000223890,1.1133087556498322,5.181567198286841,-0.7382219315911104,0.09472013090143443,117.76959262972417,8.793991747073289,0.0,2.253588124711824,0.07891976272526673,-0.8891610597751374,-0.1492245753281927,-0.6449149410804053,0.14801035966668363,0.974884405025031,0.6517103318626534,-0.8891610597751374,-0.1492245753281927,5.181535520527413,0.0,0.4089255538325649,91,True
testis,raw,ENSG00000223890.1,ENSG00000223890,2.3333333407547503,403.0686397224492,-0.9913687507591789,0.004189281108151737,276.66666666713496,284.2902358713882,0.0,2.913728971980397,0.014346810083224254,-1.0,-0.1492245753281927,-0.9219499025080117,0.16263117090631765,2.0868781916202575,3.680592631527051,-1.0,-0.1492245753281927,402.79440222721297,0.0,5.778814791339665,414,True
thyroid,excluded_at_or_below_-1,ENSG00000223890.1,ENSG00000223890,1.6918605186418019,9.655094508047602,-0.6897733377772353,0.12081815741419812,133.04534498244342,10.010789176697719,0.0,1.45203643510593,0.3484703421351534,-0.8138227538310583,0.1654617800086961,-0.5423625242445118,0.21669993869306556,1.1256362627174445,0.5047985632706045,-0.8138227538310583,0.1654617800086961,9.655067951192942,0.0,3.364504832290359,146,True
thyroid,raw,ENSG00000223890.1,ENSG00000223890,4.944344648355126,484.0088198512531,-0.985457969850305,0.012648380852307446,3220.626398359018,128.68416427836436,0.0,1.6259422057476585,0.2680646213635399,-1.0,0.1654617800086961,-0.9023171469878636,0.21256100334727338,2.336603482731966,5.108776836438203,-1.0,0.1654617800086961,481.44225860043963,0.0,129.05763676013433,684,True
uterus,excluded_at_or_below_-1,ENSG00000223890.1,ENSG00000223890,0.3773198628510743,0.8168955513500042,-0.6471329565301487,0.06450194980101331,11.102656548414695,8.040621197108477,0.0,3.8166930438564193,0.0006867324681217182,-0.8212114335513976,-0.2804021043987582,-0.5967272420112134,0.13708311261416412,0.5283004019326741,-0.23835809317331824,-0.8212114335513976,-0.2804021043987582,0.8168897240903893,0.0,0.0005609846964078624,22,True
uterus,raw,ENSG00000223890.1,ENSG00000223890,0.5641025641025655,152.824404953571,-0.9924276111589649,0.0035742959869687384,17.589743591641465,281.72152840364856,0.0,2.996107495741203,0.011356824631964111,-1.0,-0.2804021043987582,-0.9420130674787365,0.15083110657287396,2.5329632638250263,5.37550865924821,-1.0,-0.2804021043987582,151.24422976056374,0.0,1.7176541939871983,153,True
vagina,excluded_at_or_below_-1,ENSG00000223890.1,ENSG00000223890,0.08004800845424048,2.5132695999967383,-1.0173167055554186,0.4157043612786879,12.90517191861355,4.230931139390897,0.0,-0.7854780228679976,1.0,-0.7864275043184672,0.2263543874888698,-0.5518009584487147,0.24676706436989268,1.859083810679541,3.299179768562154,-0.7864275043184672,0.2263543874888698,1.8458135083334384,0.0,1.8458135083334382,19,True
vagina,raw,ENSG00000223890.1,ENSG00000223890,0.48717948717948717,167.5481371052546,-0.9856476005741057,0.0029837694571394915,23.743589743589745,574.4511007847893,0.0,6.802589212155539,8.943041808557671e-11,-1.0,0.2263543874888698,-0.949907165944268,0.16292949259370965,4.086676574187605,19.790418944083356,-1.0,0.2263543874888698,167.5398015085628,0.0,1.4983154494885298e-08,170,True
whole_blood,excluded_at_or_below_-1,ENSG00000223890.1,ENSG00000223890,,,,,,,,,,,,,,,,,,,,,6,False
whole_blood,raw,ENSG00000223890.1,ENSG00000223890,0.1538461538462734,876.4954893250589,-0.9908992388800032,0.0035548051255244297,7.076923082273869,320.9457221037151,0.0,3.6205697216436334,0.0014453427078979291,-1.0,-0.1841614672276368,-0.9964961201496753,0.04323434622022282,13.930082266599818,213.0730486903756,-1.0,-0.1841614672276368,863.5724708340124,0.0,1.2481581734613365,803,True
adipose_subcutaneous,excluded_at_or_below_-1,ENSG00000223897.1,ENSG00000223897,,,,,,,,,,,,,,,,,,,,,0,False
adipose_subcutaneous,raw,ENSG00000223897.1,ENSG00000223897,0.0,714.0,-0.9875,1.0001e-06,0.0,-17675.90193946968,0.0,,,-1.0,-1.0,-1.0,0.0,,,,-1.0,5.83115986411798e-187,0.0,,714,True
adipose_visceral_omentum,excluded_at_or_below_-1,ENSG00000223897.1,ENSG00000223897,,,,,,,,,,,,,,,,,,,,,4,False
adipose_visceral_omentum,raw,ENSG00000223897.1,ENSG00000223897,0.1025641024377237,819.0744448238584,-0.9927245606800548,0.002154941561135593,3.589743593440923,311.20932375301885,0.0,4.774619017077871,1.1216436550395756e-05,-1.0,-0.5185119496491359,-0.9974984229087569,0.031136076963084812,12.998983878685285,173.89945871302098,-1.0,-0.5185119496491359,818.7771151493653,0.0,0.009183761560988934,587,True
adrenal_gland,excluded_at_or_below_-1,ENSG00000223897.1,ENSG00000223897,,,,,,,,,,,,,,,,,,,,,1,False
adrenal_gland,raw,ENSG00000223897.1,ENSG00000223897,0.025641025641025633,313.46251531590906,-0.993930045843208,0.0020099464987182393,0.9743589753275663,366.0619178800108,0.0,4.270865665823744,0.0001096158949677905,-1.0,-0.4736657167963456,-0.9982158159891401,0.03064436673288154,17.08810701513029,290.0034013605447,-1.0,-0.4736657167963456,312.9555550102032,0.0,0.03430490324758501,295,True
artery_aorta,excluded_at_or_below_-1,ENSG00000223897.1,ENSG00000223897,,,,,,,,,,,,,,,,,,,,,1,False
artery_aorta,raw,ENSG00000223897.1,ENSG00000223897,1.3720505454506948,436.4797143324221,-0.9944823916540102,0.005645790379198622,1267.2675199465111,110.45892728852662,0.0,1.3821052555389728,0.3858578100219288,-1.0,-0.553510839991264,-0.9990540483898119,0.02055132939353927,21.656456846452304,467.00212314225087,-1.0,-0.553510839991264,435.2500864372646,0.0,167.94464516453814,472,True
artery_coronary,excluded_at_or_below_-1,ENSG00000223897.1,ENSG00000223897,,,,,,,,,,,,,,,,,,,,,0,False
artery_coronary,raw,ENSG00000223897.1,ENSG00000223897,0.0,268.0,-0.9875,1.0001e-06,0.0,-17675.90193946968,0.0,,,-1.0,-1.0,-1.0,0.0,,,,-1.0,2.1887266716857407e-187,0.0,,268,True
artery_tibial,excluded_at_or_below_-1,ENSG00000223897.1,ENSG00000223897,,,,,,,,,,,,,,,,,,,,,3,False
artery_tibial,raw,ENSG00000223897.1,ENSG00000223897,0.07692307692308535,718.1346014361116,-0.9930554187088831,0.002462196733126585,2.769230772303812,338.56750434356945,0.0,3.9887637388052637,0.00035089819092351163,-1.0,-0.4035972029789215,-0.9980718810030348,0.030088053504192618,16.45111928798496,282.79436845144966,-1.0,-0.4035972029789215,718.060169864748,0.0,0.2519660145797693,691,True
bladder,excluded_at_or_below_-1,ENSG00000223897.1,ENSG00000223897,,,,,,,,,,,,,,,,,,,,,0,False
bladder,raw,ENSG00000223897.1,ENSG00000223897,0.0,77.0,-0.9875,1.0001e-06,0.0,-17675.90193946968,0.0,,,-1.0,-1.0,-1.0,0.0,,,,-1.0,6.288505735813509e-188,0.0,,77,True
brain_amygdala,excluded_at_or_below_-1,ENSG00000223897.1,ENSG00000223897,,,,,,,,,,,,,,,,,,,,,0,False
brain_amygdala,raw,ENSG00000223897.1,ENSG00000223897,0.0,181.0,-0.9875,1.0001e-06,0.0,-17675.90193946968,0.0,,,-1.0,-1.0,-1.0,0.0,,,,-1.0,1.478207192444474e-187,0.0,,181,True
brain_anterior_cingulate_cortex_ba24,excluded_at_or_below_-1,ENSG00000223897.1,ENSG00000223897,,,,,,,,,,,,,,,,,,,,,0,False
brain_anterior_cingulate_cortex_ba24,raw,ENSG00000223897.1,ENSG00000223897,0.0,233.0,-0.9875,1.0001e-06,0.0,-17675.90193946968,0.0,,,-1.0,-1.0,-1.0,0.0,,,,-1.0,1.9028855018760357e-187,0.0,,233,True
brain_caudate_basal_ganglia,excluded_at_or_below_-1,ENSG00000223897.1,ENSG00000223897,,,,,,,,,,,,,,,,,,,,,1,False
brain_caudate_basal_ganglia,raw,ENSG00000223897.1,ENSG00000223897,0.025641025641025626,313.72912047513285,-0.9961881803748254,0.0010594316099384131,0.9743589743589745,426.80877356838124,0.0,5.0883199639052945,2.3889536951837115e-06,-1.0,-0.6764523793981848,-0.9989215079313273,0.01868003058501209,17.233784972593952,295.00334448160555,-1.0,-0.6764523793981848,313.4641453788734,0.0,0.0007488513284104638,300,True
brain_cerebellar_hemisphere,excluded_at_or_below_-1,ENSG00000223897.1,ENSG00000223897,,,,,,,,,,,,,,,,,,,,,1,False
brain_cerebellar_hemisphere,raw,ENSG00000223897.1,ENSG00000223897,0.025641025641025637,276.81115508961176,-0.9953923765951475,0.0013011393306916982,0.9743589743589743,401.8606820285311,0.0,5.008044377527538,3.696333289160595e-06,-1.0,-0.6256626888324954,-0.9986486017647382,0.022491749191745725,16.553054799293232,272.0036231884052,-1.0,-0.6256626888324954,268.07063576745185,0.0,0.0009908784148337027,277,True
brain_cerebellum,excluded_at_or_below_-1,ENSG00000223897.1,ENSG00000223897,,,,,,,,,,,,,,,,,,,,,2,False
brain_cerebellum,raw,ENSG00000223897.1,ENSG00000223897,0.05263157894135637,288.84257774860424,-0.9958834066375482,0.0023543718449591322,1.8975070465978545,229.31224707177543,0.0,2.472736911299413,0.04755773807538883,-1.0,-0.6141261441034837,-0.9972844959680016,0.031331213382996145,11.483326257697769,130.48423620652397,-1.0,-0.6141261441034837,285.56757110263544,0.0,13.580947749324109,266,True
brain_cortex,excluded_at_or_below_-1,ENSG00000223897.1,ENSG00000223897,,,,,,,,,,,,,,,,,,,,,0,False
brain_cortex,raw,ENSG00000223897.1,ENSG00000223897,0.0,270.0,-0.9875,1.0001e-06,0.0,-17675.90193946968,0.0,,,-1.0,-1.0,-1.0,0.0,,,,-1.0,2.2050604528177237e-187,0.0,,270,True
brain_frontal_cortex_ba9,excluded_at_or_below_-1,ENSG00000223897.1,ENSG00000223897,,,,,,,,,,,,,,,,,,,,,0,False
brain_frontal_cortex_ba9,raw,ENSG00000223897.1,ENSG00000223897,0.0,269.0,-0.9875,1.0001e-06,0.0,-17675.90193946968,0.0,,,-1.0,-1.0,-1.0,0.0,,,,-1.0,2.196893562251732e-187,0.0,,269,True
brain_hippocampus,excluded_at_or_below_-1,ENSG00000223897.1,ENSG00000223897,,,,,,,,,,,,,,,,,,,,,0,False
brain_hippocampus,raw,ENSG00000223897.1,ENSG00000223897,0.0,255.0,-0.9875,1.0001e-06,0.0,-17675.90193946968,0.0,,,-1.0,-1.0,-1.0,0.0,,,,-1.0,2.08255709432785e-187,0.0,,255,True
brain_hypothalamus,excluded_at_or_below_-1,ENSG00000223897.1,ENSG00000223897,,,,,,,,,,,,,,,,,,,,,2,False
brain_hypothalamus,raw,ENSG00000223897.1,ENSG00000223897,0.05128205128205129,292.55966882203717,-0.9952902105462825,0.0017169193092408917,1.8974358974358976,348.4425981809492,0.0,3.8794182612544743,0.0005549388828370731,-1.0,-0.5722651166735735,-0.9972119482911562,0.03213506764383872,11.809133260222463,141.52127322715418,-1.0,-0.5722651166735735,284.39900242033826,0.0,0.15782406468312354,257,True
brain_nucleus_accumbens_basal_ganglia,excluded_at_or_below_-1,ENSG00000223897.1,ENSG00000223897,,,,,,,,,,,,,,,,,,,,,0,False
brain_nucleus_accumbens_basal_ganglia,raw,ENSG00000223897.1,ENSG00000223897,0.0,285.0,-0.9875,1.0001e-06,0.0,-17675.90193946968,0.0,,,-1.0,-1.0,-1.0,0.0,,,,-1.0,2.3275638113075975e-187,0.0,,285,True
brain_putamen_basal_ganglia,excluded_at_or_below_-1,ENSG00000223897.1,ENSG00000223897,,,,,,,,,,,,,,,,,,,,,2,False
brain_putamen_basal_ganglia,raw,ENSG00000223897.1,ENSG00000223897,0.05267672143983584,240.29511201652332,-0.9940531115417748,0.005335718642787565,140.51627146977117,124.73217025917579,0.0,1.5762019841339436,0.290197975195799,-1.0,-0.5234482581344528,-0.9976703483799492,0.03073470658172117,14.74330553629312,222.62855937212836,-1.0,-0.5234482581344528,239.09318463148182,0.0,69.38435806317133,254,True
brain_spinal_cord_cervical_c-1,excluded_at_or_below_-1,ENSG00000223897.1,ENSG00000223897,,,,,,,,,,,,,,,,,,,,,1,False
brain_spinal_cord_cervical_c-1,raw,ENSG00000223897.1,ENSG00000223897,-0.17510583752947942,192.74435110904656,-0.9958165548617608,0.0038243388886554544,113.26333955824127,122.45017829411752,0.0,1.5470085220459582,0.303668193448104,-1.0,-0.6646848282028957,-0.9983562981774652,0.02347675784699579,14.177620608140646,199.00492610837446,-1.0,-0.6646848282028957,191.82177085744473,0.0,58.25017062029639,204,True
brain_substantia_nigra,excluded_at_or_below_-1,ENSG00000223897.1,ENSG00000223897,,,,,,,,,,,,,,,,,,,,,0,False
brain_substantia_nigra,raw,ENSG00000223897.1,ENSG00000223897,0.0,183.0,-0.9875,1.0001e-06,0.0,-17675.90193946968,0.0,,,-1.0,-1.0,-1.0,0.0,,,,-1.0,1.4945409735764572e-187,0.0,,183,True
breast_mammary_tissue,excluded_at_or_below_-1,ENSG00000223897.1,ENSG00000223897,,,,,,,,,,,,,,,,,,,,,0,False
breast_mammary_tissue,raw,ENSG00000223897.1,ENSG00000223897,0.0,514.0,-0.9875,1.0001e-06,0.0,-17675.90193946968,0.0,,,-1.0,-1.0,-1.0,0.0,,,,-1.0,4.1977817509196667e-187,0.0,,514,True
cells_cultured_fibroblasts,excluded_at_or_below_-1,ENSG00000223897.1,ENSG00000223897,,,,,,,,,,,,,,,,,,,,,2,False
cells_cultured_fibroblasts,raw,ENSG00000223897.1,ENSG00000223897,0.05263336561290236,640.5453043405504,-0.9951407598094346,0.00396940284460904,92.99192283975557,136.80171834430246,0.0,1.7312436276552587,0.22485635328155637,-1.0,-0.6111668364989608,-0.9989756367897653,0.018729905588184825,18.67376695299747,354.45260464789646,-1.0,-0.6111668364989608,636.5169915829235,0.0,143.1248895290833,652,True
cells_ebv-transformed_lymphocytes,excluded_at_or_below_-1,ENSG00000223897.1,ENSG00000223897,,,,,,,,,,,,,,,,,,,,,2,False
cells_ebv-transformed_lymphocytes,raw,ENSG00000223897.1,ENSG00000223897,0.05263157870703645,364.02160186800154,-0.9971134960190156,0.001512924280866644,1.8975069281047106,251.2797584957079,0.0,2.6981740787542225,0.026564226396300576,-1.0,-0.7282946570308431,-0.9983872020519806,0.020600291764921837,12.686947628292279,159.1107704861121,-1.0,-0.7282946570308431,359.7219502835894,0.0,9.555735327052044,327,True
cervix_ectocervix,excluded_at_or_below_-1,ENSG00000223897.1,ENSG00000223897,,,,,,,,,,,,,,,,,,,,,1,False
cervix_ectocervix,raw,ENSG00000223897.1,ENSG00000223897,0.02564102563195186,33.83778811729481,-0.9986328326282874,0.0008840411281677423,0.9743589744313083,243.17910802799403,0.0,2.1870777020491463,0.09236552730905845,-1.0,-0.846618781336664,-0.9936091158890278,0.03130881015428544,4.587317109255657,19.043478260869637,-1.0,-0.846618781336664,33.51272385394781,0.0,3.0954204103327476,24,True
cervix_endocervix,excluded_at_or_below_-1,ENSG00000223897.1,ENSG00000223897,,,,,,,,,,,,,,,,,,,,,0,False
cervix_endocervix,raw,ENSG00000223897.1,ENSG00000223897,0.0,23.0,-0.9875,1.0001e-06,0.0,-17675.90193946968,0.0,,,-1.0,-1.0,-1.0,0.0,,,,-1.0,1.878384830178061e-188,0.0,,23,True
colon_sigmoid,excluded_at_or_below_-1,ENSG00000223897.1,ENSG00000223897,,,,,,,,,,,,,,,,,,,,,1,False
colon_sigmoid,raw,ENSG00000223897.1,ENSG00000223897,0.026315868272751553,402.13468143537716,-0.994644879302501,0.0037711329848830214,251.8747173541803,158.59138106483616,0.0,2.0082252068294295,0.13427751121793063,-1.0,-0.5717461006709503,-0.9989779143214104,0.020921572056238544,20.39613670145641,414.0023923444975,-1.0,-0.5717461006709503,398.6761613273748,0.0,53.53324272495809,419,True
colon_transverse,excluded_at_or_below_-1,ENSG00000223897.1,ENSG00000223897,,,,,,,,,,,,,,,,,,,,,1,False
colon_transverse,raw,ENSG00000223897.1,ENSG00000223897,0.7743503945446301,443.36836915395145,-0.9953181291102977,0.004705482557606653,1241.093460755322,112.15584082518981,0.0,1.4071171720302194,0.37277172773205103,-1.0,-0.6221443972369716,-0.9992111574055051,0.017264663159992408,21.817472173700807,474.00209205020894,-1.0,-0.6221443972369716,441.9517116089119,0.0,164.7471031105908,479,True
esophagus_gastroesophageal_junction,excluded_at_or_below_-1,ENSG00000223897.1,ENSG00000223897,,,,,,,,,,,,,,,,,,,,,1,False
esophagus_gastroesophageal_junction,raw,ENSG00000223897.1,ENSG00000223897,0.025641025641025647,413.5689694831649,-0.9949134419667265,0.0012501806672571725,0.9743589743598623,473.64047467587824,0.0,5.753951844604901,6.54174011016796e-08,-1.0,-0.5762099445425679,-0.9989484117730586,0.02111048632821919,20.000062188958037,398.00248756218883,-1.0,-0.5762099445425679,408.8387900227155,0.0,2.6745171112840804e-05,403,True
esophagus_mucosa,excluded_at_or_below_-1,ENSG00000223897.1,ENSG00000223897,,,,,,,,,,,,,,,,,,,,,6,False
esophagus_mucosa,raw,ENSG00000223897.1,ENSG00000223897,0.15789473682223357,678.7585415582392,-0.9930604419676257,0.0033782562560339562,5.077562328241747,267.08230313084005,0.0,2.905054070048798,0.015002555750304212,-1.0,-0.3550574660142087,-0.9953023364542013,0.04813451887988997,10.507564555077543,112.41460188055977,-1.0,-0.3550574660142087,665.2284992315649,0.0,9.980127646412656,614,True
esophagus_muscularis,excluded_at_or_below_-1,ENSG00000223897.1,ENSG00000223897,,,,,,,,,,,,,,,,,,,,,1,False
esophagus_muscularis,raw,ENSG00000223897.1,ENSG00000223897,1.481334880509583,531.7287430902965,-0.9886759191917025,0.007926424301469531,801.7877868680231,159.62662740670737,0.0,2.0204152656241683,0.13101965211717437,-1.0,-0.0939960686357601,-0.9983850197301886,0.03825151596374817,23.622061419662053,556.0017857142863,-1.0,-0.0939960686357601,527.1591556010978,0.0,69.06820917723905,561,True
fallopian_tube,excluded_at_or_below_-1,ENSG00000223897.1,ENSG00000223897,,,,,,,,,,,,,,,,,,,,,0,False
fallopian_tube,raw,ENSG00000223897.1,ENSG00000223897,0.0,29.0,-0.9875,1.0001e-06,0.0,-17675.90193946968,0.0,,,-1.0,-1.0,-1.0,0.0,,,,-1.0,2.368398264137555e-188,0.0,,29,True
heart_atrial_appendage,excluded_at_or_below_-1,ENSG00000223897.1,ENSG00000223897,,,,,,,,,,,,,,,,,,,,,0,False
heart_atrial_appendage,raw,ENSG00000223897.1,ENSG00000223897,0.0,461.0,-0.9875,1.0001e-06,0.0,-17675.90193946968,0.0,,,-1.0,-1.0,-1.0,0.0,,,,-1.0,3.7649365509221136e-187,0.0,,461,True
heart_left_ventricle,excluded_at_or_below_-1,ENSG00000223897.1,ENSG00000223897,,,,,,,,,,,,,,,,,,,,,0,False
heart_left_ventricle,raw,ENSG00000223897.1,ENSG00000223897,0.0,452.0,-0.9875,1.0001e-06,0.0,-17675.90193946968,0.0,,,-1.0,-1.0,-1.0,0.0,,,,-1.0,3.6914345358281893e-187,0.0,,452,True
kidney_cortex,excluded_at_or_below_-1,ENSG00000223897.1,ENSG00000223897,,,,,,,,,,,,,,,,,,,,,0,False
kidney_cortex,raw,ENSG00000223897.1,ENSG00000223897,0.0,104.0,-0.9875,1.0001e-06,0.0,-17675.90193946968,0.0,,,-1.0,-1.0,-1.0,0.0,,,,-1.0,8.493566188631232e-188,0.0,,104,True
kidney_medulla,excluded_at_or_below_-1,ENSG00000223897.1,ENSG00000223897,,,,,,,,,,,,,,,,,,,,,0,False
kidney_medulla,raw,ENSG00000223897.1,ENSG00000223897,0.0,11.0,-0.9875,1.0001e-06,0.0,-17675.90193946968,0.0,,,-1.0,-1.0,-1.0,0.0,,,,-1.0,8.983579622590726e-189,0.0,,11,True
liver,excluded_at_or_below_-1,ENSG00000223897.1,ENSG00000223897,,,,,,,,,,,,,,,,,,,,,0,False
liver,raw,ENSG00000223897.1,ENSG00000223897,0.0,262.0,-0.9875,1.0001e-06,0.0,-17675.90193946968,0.0,,,-1.0,-1.0,-1.0,0.0,,,,-1.0,2.1397253282897912e-187,0.0,,262,True
lung,excluded_at_or_below_-1,ENSG00000223897.1,ENSG00000223897,,,,,,,,,,,,,,,,,,,,,3,False
lung,raw,ENSG00000223897.1,ENSG00000223897,0.07692307692311035,645.4622743536996,-0.9952951176354488,0.001761793708880513,2.769230777913039,328.60897539811816,0.0,3.7766671635729385,0.0008040779538140422,-1.0,-0.585921851149025,-0.9982098943225386,0.025661809275095555,14.54823186247913,213.2721830052016,-1.0,-0.585921851149025,641.7338592657804,0.0,0.5160040484516173,604,True
minor_salivary_gland,excluded_at_or_below_-1,ENSG00000223897.1,ENSG00000223897,,,,,,,,,,,,,,,,,,,,,0,False
minor_salivary_gland,raw,ENSG00000223897.1,ENSG00000223897,0.0,181.0,-0.9875,1.0001e-06,0.0,-17675.90193946968,0.0,,,-1.0,-1.0,-1.0,0.0,,,,-1.0,1.478207192444474e-187,0.0,,181,True
muscle_skeletal,excluded_at_or_below_-1,ENSG00000223897.1,ENSG00000223897,,,,,,,,,,,,,,,,,,,,,0,False
muscle_skeletal,raw,ENSG00000223897.1,ENSG00000223897,0.0,818.0,-0.9875,1.0001e-06,0.0,-17675.90193946968,0.0,,,-1.0,-1.0,-1.0,0.0,,,,-1.0,6.680516482981104e-187,0.0,,818,True
nerve_tibial,excluded_at_or_below_-1,ENSG00000223897.1,ENSG00000223897,,,,,,,,,,,,,,,,,,,,,1,False
nerve_tibial,raw,ENSG00000223897.1,ENSG00000223897,2.397724467575685,633.5681814628164,-0.9933766291784456,0.00612464614195953,1369.4986526911034,121.41033771341648,0.0,1.5293717591775275,0.31186211243275647,-1.0,-0.4675753101593413,-0.9992053362838199,0.020569360286960995,25.826372079103802,665.0014947683118,-1.0,-0.4675753101593413,630.8529344187177,0.0,196.73912876222448,670,True
ovary,excluded_at_or_below_-1,ENSG00000223897.1,ENSG00000223897,,,,,,,,,,,,,,,,,,,,,0,False
ovary,raw,ENSG00000223897.1,ENSG00000223897,0.0,193.0,-0.9875,1.0001e-06,0.0,-17675.90193946968,0.0,,,-1.0,-1.0,-1.0,0.0,,,,-1.0,1.576209879236373e-187,0.0,,193,True
pancreas,excluded_at_or_below_-1,ENSG00000223897.1,ENSG00000223897,,,,,,,,,,,,,,,,,,,,,0,False
pancreas,raw,ENSG00000223897.1,ENSG00000223897,0.0,362.0,-0.9875,1.0001e-06,0.0,-17675.90193946968,0.0,,,-1.0,-1.0,-1.0,0.0,,,,-1.0,2.956414384888948e-187,0.0,,362,True
pituitary,excluded_at_or_below_-1,ENSG00000223897.1,ENSG00000223897,,,,,,,,,,,,,,,,,,,,,1,False
pituitary,raw,ENSG00000223897.1,ENSG00000223897,0.02564102564108749,354.1941371399267,-0.9959244802238625,0.0016467367783246493,0.9743589797424422,316.81040457932636,0.0,3.5000465265599816,0.0022527524107539463,-1.0,-0.6270245072231413,-0.9988083850071028,0.021081821296466963,17.606907880948476,308.0032051282055,-1.0,-0.6270245072231413,343.877278604506,0.0,0.7746703683798238,313,True
prostate,excluded_at_or_below_-1,ENSG00000223897.1,ENSG00000223897,,,,,,,,,,,,,,,,,,,,,0,False
prostate,raw,ENSG00000223897.1,ENSG00000223897,0.0,282.0,-0.9875,1.0001e-06,0.0,-17675.90193946968,0.0,,,-1.0,-1.0,-1.0,0.0,,,,-1.0,2.3030631396096224e-187,0.0,,282,True
skin_not_sun_exposed_suprapubic,excluded_at_or_below_-1,ENSG00000223897.1,ENSG00000223897,,,,,,,,,,,,,,,,,,,,,1,False
skin_not_sun_exposed_suprapubic,raw,ENSG00000223897.1,ENSG00000223897,2.315161533618059,614.486515151206,-0.995307777000998,0.004512551718277395,1398.0671223812865,117.1018544674747,0.0,1.4705217396158285,0.34040615159476395,-1.0,-0.6216526313779047,-0.9994188212463562,0.014828602501253783,25.455874340936273,646.0015384615381,-1.0,-0.6216526313779047,612.2775555120229,0.0,208.42304637969718,651,True
skin_sun_exposed_lower_leg,excluded_at_or_below_-1,ENSG00000223897.1,ENSG00000223897,,,,,,,,,,,,,,,,,,,,,2,False
skin_sun_exposed_lower_leg,raw,ENSG00000223897.1,ENSG00000223897,-0.05615467883840076,728.5431176490104,-0.994938275646072,0.004920328620293345,642.561491931906,116.23801093068012,0.0,1.454853889391746,0.34814315122446887,-1.0,-0.5905232515188243,-0.9989488373918435,0.020407651024233645,19.37147153635955,373.6713594802187,-1.0,-0.5905232515188243,726.2457242631307,0.0,252.83747500826297,754,True
small_intestine_terminal_ileum,excluded_at_or_below_-1,ENSG00000223897.1,ENSG00000223897,,,,,,,,,,,,,,,,,,,,,0,False
small_intestine_terminal_ileum,raw,ENSG00000223897.1,ENSG00000223897,0.0,207.0,-0.9875,1.0001e-06,0.0,-17675.90193946968,0.0,,,-1.0,-1.0,-1.0,0.0,,,,-1.0,1.6905463471602549e-187,0.0,,207,True
spleen,excluded_at_or_below_-1,ENSG00000223897.1,ENSG00000223897,,,,,,,,,,,,,,,,,,,,,0,False
spleen,raw,ENSG00000223897.1,ENSG00000223897,0.0,277.0,-0.9875,1.0001e-06,0.0,-17675.90193946968,0.0,,,-1.0,-1.0,-1.0,0.0,,,,-1.0,2.2622286867796648e-187,0.0,,277,True
stomach,excluded_at_or_below_-1,ENSG00000223897.1,ENSG00000223897,,,,,,,,,,,,,,,,,,,,,1,False
stomach,raw,ENSG00000223897.1,ENSG00000223897,0.025641025641475974,411.2871092434059,-0.9955463729309015,0.0016142941533652411,0.9743589749204041,321.1292347355638,0.0,3.901630808574176,0.0004974433980278773,-1.0,-0.6289843062806652,-0.9990884135289452,0.018390565161070644,20.099812512911353,402.00246305418773,-1.0,-0.6289843062806652,409.09967507430764,0.0,0.2035039325010661,407,True
testis,excluded_at_or_below_-1,ENSG00000223897.1,ENSG00000223897,,,,,,,,,,,,,,,,,,,,,8,False
testis,raw,ENSG00000223897.1,ENSG00000223897,0.20512820512907912,514.1472963217524,-0.9941549544103497,0.002699548087040251,8.35897436552943,296.94056275994603,0.0,3.062046860826863,0.009219446427971895,-1.0,-0.4273343910308352,-0.9918801135879332,0.05894987799562876,7.375841360219155,54.385679649687745,-1.0,-0.4273343910308352,513.3123800068379,0.0,4.732455988287777,414,True
thyroid,excluded_at_or_below_-1,ENSG00000223897.1,ENSG00000223897,,,,,,,,,,,,,,,,,,,,,1,False
thyroid,raw,ENSG00000223897.1,ENSG00000223897,2.4203951260849648,647.6424535253167,-0.9941766415531388,0.005462222144392862,1381.9030238881348,119.83065733695273,0.0,1.5077146766293845,0.32220238538052737,-1.0,-0.5313457880682418,-0.9993148330234917,0.017919441660309014,26.096004754154297,679.0014641288437,-1.0,-0.5313457880682418,645.0400491733105,0.0,207.83344250961332,684,True
uterus,excluded_at_or_below_-1,ENSG00000223897.1,ENSG00000223897,,,,,,,,,,,,,,,,,,,,,0,False
uterus,raw,ENSG00000223897.1,ENSG00000223897,0.0,153.0,-0.9875,1.0001e-06,0.0,-17675.90193946968,0.0,,,-1.0,-1.0,-1.0,0.0,,,,-1.0,1.24953425659671e-187,0.0,,153,True
vagina,excluded_at_or_below_-1,ENSG00000223897.1,ENSG00000223897,,,,,,,,,,-0.6870293605572197,-0.6870293605572197,,,,,,,,,,1,False
vagina,raw,ENSG00000223897.1,ENSG00000223897,0.025641025641155068,191.81226937919737,-0.9965914282934082,0.0014143059412198913,0.9743589764971303,309.541847933672,0.0,3.408349067406054,0.0030965613226658535,-1.0,-0.6870293605572197,-0.998158996238572,0.024003752298978637,12.92307692307693,165.00591715976344,-1.0,-0.6870293605572197,185.9649995100838,0.0,0.5758520248524975,170,True
whole_blood,excluded_at_or_below_-1,ENSG00000223897.1,ENSG00000223897,,,,,,,,,,,,,,,,,,,,,0,False
whole_blood,raw,ENSG00000223897.1,ENSG00000223897,0.0,803.0,-0.9875,1.0001e-06,0.0,-17675.90193946968,0.0,,,-1.0,-1.0,-1.0,0.0,,,,-1.0,6.55801312449123e-187,0.0,,803,True
