tissue,table,gene,genename,y0,A,x0,w,sumsquarevalue,ti_fourparam_sigma_dist,truncationindex,min,max,mean,std,skew,kurt,right,maxheight,rightheight,n_obs,fit_success
adipose_subcutaneous,excluded_at_or_below_-1,ENSG00000211583.3,MIR767,,,,,,,,,,,,,,,,,1,False
adipose_subcutaneous,raw,ENSG00000211583.3,MIR767,2.199364457029251,677.8923603950682,-0.9917408835608783,0.0074853446154068155,1314.9185113623457,123.73445518841447,0.0,-1.0,-0.3368220915711384,-0.9990711793999595,0.02481880945654822,26.664609551323725,709.0014025245442,-0.3368220915711384,674.7635415277753,0.0,714,True
adipose_visceral_omentum,excluded_at_or_below_-1,ENSG00000211583.3,MIR767,,,,,,,,,,,,,,,,,0,False
adipose_visceral_omentum,raw,ENSG00000211583.3,MIR767,0.0,587.0,-0.9875,1.0001e-06,0.0,-17675.90193946968,0.0,-1.0,-1.0,-1.0,0.0,,,-1.0,4.793964762237051e-187,0.0,587,True
adrenal_gland,excluded_at_or_below_-1,ENSG00000211583.3,MIR767,,,,,,,,,,,,,,,,,0,False
adrenal_gland,raw,ENSG00000211583.3,MIR767,0.0,295.0,-0.9875,1.0001e-06,0.0,-17675.90193946968,0.0,-1.0,-1.0,-1.0,0.0,,,-1.0,2.409232716967513e-187,0.0,295,True
artery_aorta,excluded_at_or_below_-1,ENSG00000211583.3,MIR767,,,,,,,,,,,,,,,,,0,False
artery_aorta,raw,ENSG00000211583.3,MIR767,0.0,472.0,-0.9875,1.0001e-06,0.0,-17675.90193946968,0.0,-1.0,-1.0,-1.0,0.0,,,-1.0,3.8547723471480207e-187,0.0,472,True
artery_coronary,excluded_at_or_below_-1,ENSG00000211583.3,MIR767,,,,,,,,,,,,,,,,,0,False
artery_coronary,raw,ENSG00000211583.3,MIR767,0.0,268.0,-0.9875,1.0001e-06,0.0,-17675.90193946968,0.0,-1.0,-1.0,-1.0,0.0,,,-1.0,2.1887266716857407e-187,0.0,268,True
artery_tibial,excluded_at_or_below_-1,ENSG00000211583.3,MIR767,,,,,,,,,,,,,,,,,1,False
artery_tibial,raw,ENSG00000211583.3,MIR767,2.4404281560641703,654.6877606980589,-0.9938804275681288,0.005707665929272014,1377.4989917112175,120.46442046049252,0.0,-1.0,-0.5076945454315678,-0.9992875463754437,0.018728182119365912,26.229781723746047,686.0014492753623,-0.5076945454315678,651.9951018847058,0.0,691,True
bladder,excluded_at_or_below_-1,ENSG00000211583.3,MIR767,,,,,,,,,,,,,,,,,0,False
bladder,raw,ENSG00000211583.3,MIR767,0.0,77.0,-0.9875,1.0001e-06,0.0,-17675.90193946968,0.0,-1.0,-1.0,-1.0,0.0,,,-1.0,6.288505735813509e-188,0.0,77,True
brain_amygdala,excluded_at_or_below_-1,ENSG00000211583.3,MIR767,,,,,,,,,,,,,,,,,0,False
brain_amygdala,raw,ENSG00000211583.3,MIR767,0.0,181.0,-0.9875,1.0001e-06,0.0,-17675.90193946968,0.0,-1.0,-1.0,-1.0,0.0,,,-1.0,1.478207192444474e-187,0.0,181,True
brain_anterior_cingulate_cortex_ba24,excluded_at_or_below_-1,ENSG00000211583.3,MIR767,,,,,,,,,,,,,,,,,0,False
brain_anterior_cingulate_cortex_ba24,raw,ENSG00000211583.3,MIR767,0.0,233.0,-0.9875,1.0001e-06,0.0,-17675.90193946968,0.0,-1.0,-1.0,-1.0,0.0,,,-1.0,1.9028855018760357e-187,0.0,233,True
brain_caudate_basal_ganglia,excluded_at_or_below_-1,ENSG00000211583.3,MIR767,,,,,,,,,,,,,,,,,1,False
brain_caudate_basal_ganglia,raw,ENSG00000211583.3,MIR767,0.025641025641025654,313.7276944427996,-0.9953946291632793,0.0011694252746726947,0.9743589743589743,464.8116259539868,0.0,-1.0,-0.6110379253284017,-0.9987034597510946,0.022456735851620266,17.23378497259394,295.0033444816047,-0.6110379253284017,312.9055415344684,0.0,300,True
brain_cerebellar_hemisphere,excluded_at_or_below_-1,ENSG00000211583.3,MIR767,,,,,,,,,,,,,,,,,0,False
brain_cerebellar_hemisphere,raw,ENSG00000211583.3,MIR767,0.0,277.0,-0.9875,1.0001e-06,0.0,-17675.90193946968,0.0,-1.0,-1.0,-1.0,0.0,,,-1.0,2.2622286867796648e-187,0.0,277,True
brain_cerebellum,excluded_at_or_below_-1,ENSG00000211583.3,MIR767,,,,,,,,,,,,,,,,,0,False
brain_cerebellum,raw,ENSG00000211583.3,MIR767,0.0,266.0,-0.9875,1.0001e-06,0.0,-17675.90193946968,0.0,-1.0,-1.0,-1.0,0.0,,,-1.0,2.1723928905537574e-187,0.0,266,True
brain_cortex,excluded_at_or_below_-1,ENSG00000211583.3,MIR767,,,,,,,,,,,,,,,,,1,False
brain_cortex,raw,ENSG00000211583.3,MIR767,0.02564102563375901,312.51887847128785,-0.996114114758278,0.0018938862299212969,0.9743589743735999,273.05848179988226,0.0,-1.0,-0.6304397128127671,-0.9986312581956027,0.022490722850059434,16.34024839077174,265.0037174721186,-0.6304397128127671,309.5792959845524,0.0,270,True
brain_frontal_cortex_ba9,excluded_at_or_below_-1,ENSG00000211583.3,MIR767,,,,,,,,,,,,,,,,,0,False
brain_frontal_cortex_ba9,raw,ENSG00000211583.3,MIR767,0.0,269.0,-0.9875,1.0001e-06,0.0,-17675.90193946968,0.0,-1.0,-1.0,-1.0,0.0,,,-1.0,2.196893562251732e-187,0.0,269,True
brain_hippocampus,excluded_at_or_below_-1,ENSG00000211583.3,MIR767,,,,,,,,,,,,,,,,,1,False
brain_hippocampus,raw,ENSG00000211583.3,MIR767,0.025641025641025633,295.5677365075389,-0.9950855790594461,0.0008034344796321783,0.9743589743589745,639.3224114234247,0.0,-1.0,-0.6318775865712101,-0.9985563826924361,0.023052719738199823,15.874631869995408,250.00393700787413,-0.6318775865712101,295.56577061681713,0.0,255,True
brain_hypothalamus,excluded_at_or_below_-1,ENSG00000211583.3,MIR767,,,,,,,,,,,,,,,,,2,False
brain_hypothalamus,raw,ENSG00000211583.3,MIR767,0.05128205127626848,288.98761424310584,-0.9958445586510107,0.002048683076548301,1.8974358979139654,266.6642198126898,0.0,-1.0,-0.6095447176747387,-0.9972746773638931,0.03103785025368281,11.425109661734421,130.14683553439198,-0.6095447176747387,284.9049864966023,0.0,257,True
brain_nucleus_accumbens_basal_ganglia,excluded_at_or_below_-1,ENSG00000211583.3,MIR767,,,,,,,,,,,,,,,,,0,False
brain_nucleus_accumbens_basal_ganglia,raw,ENSG00000211583.3,MIR767,0.0,285.0,-0.9875,1.0001e-06,0.0,-17675.90193946968,0.0,-1.0,-1.0,-1.0,0.0,,,-1.0,2.3275638113075975e-187,0.0,285,True
brain_putamen_basal_ganglia,excluded_at_or_below_-1,ENSG00000211583.3,MIR767,,,,,,,,,,,,,,,,,0,False
brain_putamen_basal_ganglia,raw,ENSG00000211583.3,MIR767,0.0,254.0,-0.9875,1.0001e-06,0.0,-17675.90193946968,0.0,-1.0,-1.0,-1.0,0.0,,,-1.0,2.0743902037618585e-187,0.0,254,True
brain_spinal_cord_cervical_c-1,excluded_at_or_below_-1,ENSG00000211583.3,MIR767,,,,,,,,,,,,,,,,,0,False
brain_spinal_cord_cervical_c-1,raw,ENSG00000211583.3,MIR767,0.0,204.0,-0.9875,1.0001e-06,0.0,-17675.90193946968,0.0,-1.0,-1.0,-1.0,0.0,,,-1.0,1.6660456754622802e-187,0.0,204,True
brain_substantia_nigra,excluded_at_or_below_-1,ENSG00000211583.3,MIR767,,,,,,,,,,,,,,,,,2,False
brain_substantia_nigra,raw,ENSG00000211583.3,MIR767,0.05128205128197995,206.22517863663194,-0.9930919557454825,0.003026275118018676,1.8974358974362031,295.938984969261,0.0,-1.0,-0.3598122231134856,-0.9945629470904801,0.053979474777130436,10.45122931981058,112.32795058720588,-0.3598122231134856,200.7705235111061,0.0,183,True
breast_mammary_tissue,excluded_at_or_below_-1,ENSG00000211583.3,MIR767,,,,,,,,,,,,,,,,,1,False
breast_mammary_tissue,raw,ENSG00000211583.3,MIR767,1.6936082373198245,477.9081788281353,-0.9956615588109723,0.004170012515190302,1279.6358427980022,116.96248606958827,0.0,-1.0,-0.6507808111680777,-0.9993205852357355,0.01540339809447446,22.605352227243426,509.00194931773865,-0.6507808111680777,476.0905202782195,0.0,514,True
cells_cultured_fibroblasts,excluded_at_or_below_-1,ENSG00000211583.3,MIR767,,,,,,,,,,,,,,,,,1,False
cells_cultured_fibroblasts,raw,ENSG00000211583.3,MIR767,2.0718332924021503,615.5180020384063,-0.9927393495757345,0.006669547484286165,1328.0451740719157,122.13045687131756,0.0,-1.0,-0.4167620693027557,-0.9991054632964766,0.022841360202398433,25.47550855426266,647.0015360983099,-0.4167620693027557,612.7858422602864,0.0,652,True
cells_ebv-transformed_lymphocytes,excluded_at_or_below_-1,ENSG00000211583.3,MIR767,,,,,,,,,,,,,,,,,0,False
cells_ebv-transformed_lymphocytes,raw,ENSG00000211583.3,MIR767,0.0,327.0,-0.9875,1.0001e-06,0.0,-17675.90193946968,0.0,-1.0,-1.0,-1.0,0.0,,,-1.0,2.670573215079243e-187,0.0,327,True
cervix_ectocervix,excluded_at_or_below_-1,ENSG00000211583.3,MIR767,,,,,,,,,,,,,,,,,0,False
cervix_ectocervix,raw,ENSG00000211583.3,MIR767,0.0,24.0,-0.9875,1.0001e-06,0.0,-17675.90193946968,0.0,-1.0,-1.0,-1.0,0.0,,,-1.0,1.9600537358379766e-188,0.0,24,True
cervix_endocervix,excluded_at_or_below_-1,ENSG00000211583.3,MIR767,,,,,,,,,,,,,,,,,0,False
cervix_endocervix,raw,ENSG00000211583.3,MIR767,0.0,23.0,-0.9875,1.0001e-06,0.0,-17675.90193946968,0.0,-1.0,-1.0,-1.0,0.0,,,-1.0,1.878384830178061e-188,0.0,23,True
colon_sigmoid,excluded_at_or_below_-1,ENSG00000211583.3,MIR767,,,,,,,,,,,,,,,,,1,False
colon_sigmoid,raw,ENSG00000211583.3,MIR767,0.02631590825712564,402.1341531131621,-0.9938774200517573,0.004298031476656704,251.88583475371505,159.15132811611588,0.0,-1.0,-0.5101899233437293,-0.9988310022036843,0.023928788106053256,20.39613670145642,414.0023923444971,-0.5101899233437293,398.6905240829973,0.0,419,True
colon_transverse,excluded_at_or_below_-1,ENSG00000211583.3,MIR767,,,,,,,,,,,,,,,,,1,False
colon_transverse,raw,ENSG00000211583.3,MIR767,0.785166944343257,443.3619710232338,-0.9961052308901984,0.003510454560968818,1184.3391574326827,124.21080451415942,0.0,-1.0,-0.6877809460511715,-0.9993481856911297,0.014265652696801684,21.81747217370079,474.0020920502089,-0.6877809460511715,441.18775690287686,0.0,479,True
esophagus_gastroesophageal_junction,excluded_at_or_below_-1,ENSG00000211583.3,MIR767,,,,,,,,,,,,,,,,,0,False
esophagus_gastroesophageal_junction,raw,ENSG00000211583.3,MIR767,0.0,403.0,-0.9875,1.0001e-06,0.0,-17675.90193946968,0.0,-1.0,-1.0,-1.0,0.0,,,-1.0,3.2912568980946026e-187,0.0,403,True
esophagus_mucosa,excluded_at_or_below_-1,ENSG00000211583.3,MIR767,,,,,,,,,,,,,,,,,0,False
esophagus_mucosa,raw,ENSG00000211583.3,MIR767,0.0,614.0,-0.9875,1.0001e-06,0.0,-17675.90193946968,0.0,-1.0,-1.0,-1.0,0.0,,,-1.0,5.014470807518823e-187,0.0,614,True
esophagus_muscularis,excluded_at_or_below_-1,ENSG00000211583.3,MIR767,,,,,,,,,,,,,,,,,2,False
esophagus_muscularis,raw,ENSG00000211583.3,MIR767,0.05128205117325447,614.6430738466933,-0.9931783943510267,0.0034037692017716893,1.8974358998219456,258.77573975312896,0.0,-1.0,-0.3703496246570392,-0.9979577956863492,0.03434080700872326,16.902634724782207,286.34432089182053,-0.3703496246570392,600.7540374132058,0.0,561,True
fallopian_tube,excluded_at_or_below_-1,ENSG00000211583.3,MIR767,,,,,,,,,,,,,,,,,0,False
fallopian_tube,raw,ENSG00000211583.3,MIR767,0.0,29.0,-0.9875,1.0001e-06,0.0,-17675.90193946968,0.0,-1.0,-1.0,-1.0,0.0,,,-1.0,2.368398264137555e-188,0.0,29,True
heart_atrial_appendage,excluded_at_or_below_-1,ENSG00000211583.3,MIR767,,,,,,,,,,,,,,,,,1,False
heart_atrial_appendage,raw,ENSG00000211583.3,MIR767,0.6669719772295544,425.6439620417687,-0.9951692685708755,0.004983137295600917,1242.6977367698446,109.58478012484221,0.0,-1.0,-0.6090352224838089,-0.9991519202223077,0.01820904504913658,21.400985349115217,456.00217391304403,-0.6090352224838089,424.4701931202729,0.0,461,True
heart_left_ventricle,excluded_at_or_below_-1,ENSG00000211583.3,MIR767,,,,,,,,,,,,,,,,,0,False
heart_left_ventricle,raw,ENSG00000211583.3,MIR767,0.0,452.0,-0.9875,1.0001e-06,0.0,-17675.90193946968,0.0,-1.0,-1.0,-1.0,0.0,,,-1.0,3.6914345358281893e-187,0.0,452,True
kidney_cortex,excluded_at_or_below_-1,ENSG00000211583.3,MIR767,,,,,,,,,,,,,,,,,0,False
kidney_cortex,raw,ENSG00000211583.3,MIR767,0.0,104.0,-0.9875,1.0001e-06,0.0,-17675.90193946968,0.0,-1.0,-1.0,-1.0,0.0,,,-1.0,8.493566188631232e-188,0.0,104,True
kidney_medulla,excluded_at_or_below_-1,ENSG00000211583.3,MIR767,,,,,,,,,,,,,,,,,0,False
kidney_medulla,raw,ENSG00000211583.3,MIR767,0.0,11.0,-0.9875,1.0001e-06,0.0,-17675.90193946968,0.0,-1.0,-1.0,-1.0,0.0,,,-1.0,8.983579622590726e-189,0.0,11,True
liver,excluded_at_or_below_-1,ENSG00000211583.3,MIR767,,,,,,,,,,,,,,,,,0,False
liver,raw,ENSG00000211583.3,MIR767,0.0,262.0,-0.9875,1.0001e-06,0.0,-17675.90193946968,0.0,-1.0,-1.0,-1.0,0.0,,,-1.0,2.1397253282897912e-187,0.0,262,True
lung,excluded_at_or_below_-1,ENSG00000211583.3,MIR767,,,,,,,,,,,,,,,,,0,False
lung,raw,ENSG00000211583.3,MIR767,0.0,604.0,-0.9875,1.0001e-06,0.0,-17675.90193946968,0.0,-1.0,-1.0,-1.0,0.0,,,-1.0,4.932801901858908e-187,0.0,604,True
minor_salivary_gland,excluded_at_or_below_-1,ENSG00000211583.3,MIR767,,,,,,,,,,,,,,,,,0,False
minor_salivary_gland,raw,ENSG00000211583.3,MIR767,0.0,181.0,-0.9875,1.0001e-06,0.0,-17675.90193946968,0.0,-1.0,-1.0,-1.0,0.0,,,-1.0,1.478207192444474e-187,0.0,181,True
muscle_skeletal,excluded_at_or_below_-1,ENSG00000211583.3,MIR767,,,,,,,,,,,,,,,,,0,False
muscle_skeletal,raw,ENSG00000211583.3,MIR767,0.0,818.0,-0.9875,1.0001e-06,0.0,-17675.90193946968,0.0,-1.0,-1.0,-1.0,0.0,,,-1.0,6.680516482981104e-187,0.0,818,True
nerve_tibial,excluded_at_or_below_-1,ENSG00000211583.3,MIR767,,,,,,,,,,,,,,,,,2,False
nerve_tibial,raw,ENSG00000211583.3,MIR767,0.05181903321879704,659.0203447909408,-0.9927432472870503,0.0058691794324441165,83.8413121164394,138.20250239550526,0.0,-1.0,-0.4191839871065034,-0.9984210933843389,0.02901612931920936,18.48186465312471,342.6693828492084,-0.4191839871065034,654.8210964595032,0.0,670,True
ovary,excluded_at_or_below_-1,ENSG00000211583.3,MIR767,,,,,,,,,,,,,,,,,0,False
ovary,raw,ENSG00000211583.3,MIR767,0.0,193.0,-0.9875,1.0001e-06,0.0,-17675.90193946968,0.0,-1.0,-1.0,-1.0,0.0,,,-1.0,1.576209879236373e-187,0.0,193,True
pancreas,excluded_at_or_below_-1,ENSG00000211583.3,MIR767,,,,,,,,,,,,,,,,,0,False
pancreas,raw,ENSG00000211583.3,MIR767,0.0,362.0,-0.9875,1.0001e-06,0.0,-17675.90193946968,0.0,-1.0,-1.0,-1.0,0.0,,,-1.0,2.956414384888948e-187,0.0,362,True
pituitary,excluded_at_or_below_-1,ENSG00000211583.3,MIR767,,,,,,,,,,,,,,,,,0,False
pituitary,raw,ENSG00000211583.3,MIR767,0.0,313.0,-0.9875,1.0001e-06,0.0,-17675.90193946968,0.0,-1.0,-1.0,-1.0,0.0,,,-1.0,2.5562367471553613e-187,0.0,313,True
prostate,excluded_at_or_below_-1,ENSG00000211583.3,MIR767,,,,,,,,,,,,,,,,,1,False
prostate,raw,ENSG00000211583.3,MIR767,0.025641025641025605,296.91347711812557,-0.9938635675974757,0.0022905852459451166,0.9743589751697765,325.8790744340082,0.0,-1.0,-0.4660410238734455,-0.9981065284534519,0.03179679430885397,16.703399615613034,277.00355871886154,-0.4660410238734455,296.30802336286155,0.0,282,True
skin_not_sun_exposed_suprapubic,excluded_at_or_below_-1,ENSG00000211583.3,MIR767,,,,,,,,,,,,,,,,,1,False
skin_not_sun_exposed_suprapubic,raw,ENSG00000211583.3,MIR767,2.1744886139403325,614.5194062321124,-0.9931527489287629,0.006257181513919326,1335.9278453437096,122.64394895158568,0.0,-1.0,-0.4505151511912637,-0.9991559372522139,0.021536009178868748,25.455874340936283,646.0015384615385,-0.4505151511912637,611.6790557305507,0.0,651,True
skin_sun_exposed_lower_leg,excluded_at_or_below_-1,ENSG00000211583.3,MIR767,,,,,,,,,,,,,,,,,0,False
skin_sun_exposed_lower_leg,raw,ENSG00000211583.3,MIR767,0.0,754.0,-0.9875,1.0001e-06,0.0,-17675.90193946968,0.0,-1.0,-1.0,-1.0,0.0,,,-1.0,6.157835486757643e-187,0.0,754,True
small_intestine_terminal_ileum,excluded_at_or_below_-1,ENSG00000211583.3,MIR767,,,,,,,,,,,,,,,,,0,False
small_intestine_terminal_ileum,raw,ENSG00000211583.3,MIR767,0.0,207.0,-0.9875,1.0001e-06,0.0,-17675.90193946968,0.0,-1.0,-1.0,-1.0,0.0,,,-1.0,1.6905463471602549e-187,0.0,207,True
spleen,excluded_at_or_below_-1,ENSG00000211583.3,MIR767,,,,,,,,,,,,,,,,,0,False
spleen,raw,ENSG00000211583.3,MIR767,0.0,277.0,-0.9875,1.0001e-06,0.0,-17675.90193946968,0.0,-1.0,-1.0,-1.0,0.0,,,-1.0,2.2622286867796648e-187,0.0,277,True
stomach,excluded_at_or_below_-1,ENSG00000211583.3,MIR767,,,,,,,,,,,,,,,,,0,False
stomach,raw,ENSG00000211583.3,MIR767,0.0,407.0,-0.9875,1.0001e-06,0.0,-17675.90193946968,0.0,-1.0,-1.0,-1.0,0.0,,,-1.0,3.3239244603585686e-187,0.0,407,True
testis,excluded_at_or_below_-1,ENSG00000211583.3,MIR767,,,,,,,,,,,,,,,,,0,False
testis,raw,ENSG00000211583.3,MIR767,0.0,414.0,-0.9875,1.0001e-06,0.0,-17675.90193946968,0.0,-1.0,-1.0,-1.0,0.0,,,-1.0,3.3810926943205097e-187,0.0,414,True
thyroid,excluded_at_or_below_-1,ENSG00000211583.3,MIR767,,,,,,,,,,,,,,,,,1,False
thyroid,raw,ENSG00000211583.3,MIR767,2.4146947377495858,647.639467887777,-0.9946709552392754,0.005048336433621791,1391.2372369131015,118.75029720339495,0.0,-1.0,-0.5707664843548717,-0.9993724656204018,0.01641215366559473,26.096004754154272,679.0014641288428,-0.5707664843548717,645.1553002833224,0.0,684,True
uterus,excluded_at_or_below_-1,ENSG00000211583.3,MIR767,,,,,,,,,,,,,,,,,0,False
uterus,raw,ENSG00000211583.3,MIR767,0.0,153.0,-0.9875,1.0001e-06,0.0,-17675.90193946968,0.0,-1.0,-1.0,-1.0,0.0,,,-1.0,1.24953425659671e-187,0.0,153,True
vagina,excluded_at_or_below_-1,ENSG00000211583.3,MIR767,,,,,,,,,,,,,,,,,1,False
vagina,raw,ENSG00000211583.3,MIR767,0.02564102564102565,192.82333362389176,-0.9944471574343928,0.0021027584721977836,0.9743589745251033,336.140277610912,0.0,-1.0,-0.4946486578307044,-0.9970273450460629,0.038758678651087744,12.92307692307693,165.00591715976344,-0.4946486578307044,187.47206794748877,0.0,170,True
whole_blood,excluded_at_or_below_-1,ENSG00000211583.3,MIR767,,,,,,,,,,,,,,,,,0,False
whole_blood,raw,ENSG00000211583.3,MIR767,0.0,803.0,-0.9875,1.0001e-06,0.0,-17675.90193946968,0.0,-1.0,-1.0,-1.0,0.0,,,-1.0,6.55801312449123e-187,0.0,803,True
adipose_subcutaneous,excluded_at_or_below_-1,ENSG00000211580.1,MIR769,0.3241268631191267,3.8078832816999415,-0.6331071174786301,0.02941802391967372,13.97429337414642,34.25280108103532,0.0,-0.9090300749345058,0.079408833667288,-0.5633023151985758,0.19291304229447256,1.524778478012046,4.297839266081361,0.079408833667288,3.807349936116275,0.0,21,True
adipose_subcutaneous,raw,ENSG00000211580.1,MIR769,0.5384615177868862,788.9291930775125,-0.9888330885381617,0.006439837576969821,35.692308548149654,234.59011135329,0.0,-1.0,0.079408833667288,-0.987155950447017,0.08059493685880643,7.39329252730997,64.73636899040291,0.079408833667288,786.5380605132439,0.0,714,True
adipose_visceral_omentum,excluded_at_or_below_-1,ENSG00000211580.1,MIR769,0.21628103310547273,1.9404157271590319,-0.5821215494091493,0.10512822471470527,19.186466136358693,6.945233669580198,0.0,-0.812605958099674,-0.0658345434448124,-0.5526797839839335,0.16218596355762024,1.2966189786341134,2.182209845610644,-0.0658345434448124,1.9404115356529583,0.0,28,True
adipose_visceral_omentum,raw,ENSG00000211580.1,MIR769,0.7179482819271057,654.6635348559666,-0.9902441949392533,0.004814344698243879,51.8974359090559,271.5452981189508,0.0,-1.0,-0.0658345434448124,-0.9786627494915675,0.10157159181939387,5.237194272357875,29.74095924462158,-0.0658345434448124,650.1922416633706,0.0,587,True
adrenal_gland,excluded_at_or_below_-1,ENSG00000211580.1,MIR769,0.29890072867878376,1.0361310537307724,-0.7280392807793779,0.06903294388282243,17.093975163010086,9.271432120622357,0.0,-0.7650842630410173,-0.2754667200818812,-0.6023532177899956,0.1437934881277319,0.8751298745404557,-0.31515043505634655,-0.2754667200818812,1.0361160878871305,0.0,20,True
adrenal_gland,raw,ENSG00000211580.1,MIR769,0.5128205128205128,279.14601311695026,-0.9911847845392998,0.0018611463012879314,19.743589743589745,543.8466567032722,0.0,-1.0,-0.2754667200818812,-0.9730408961213557,0.10660037311516737,4.214441026951404,17.98062052867387,-0.2754667200818812,269.543442377808,0.0,295,True
artery_aorta,excluded_at_or_below_-1,ENSG00000211580.1,MIR769,0.055471453906760275,1.8363936694483078,-0.5587654007706375,0.19500731996878456,27.959703188874634,4.714885543575922,0.0,-0.6552760169800886,0.0913748738491744,-0.47604056258225075,0.14893167237446714,2.018046714424074,5.510861804796491,0.0913748738491744,1.836352744491266,0.0,28,True
artery_aorta,raw,ENSG00000211580.1,MIR769,0.7179487179487206,508.09882351232835,-0.9881582374903175,0.004873674450353801,57.897435897436154,313.25243050985995,0.0,-1.0,0.0913748738491744,-0.9689176604921674,0.12893332067747945,4.364579756902842,19.967842673792852,0.0913748738491744,490.69775013250137,0.0,472,True
artery_coronary,excluded_at_or_below_-1,ENSG00000211580.1,MIR769,0.14041448823804245,0.508068008621337,-0.5322923117361172,0.09792292753674214,11.82313207602656,3.595700180629172,0.0,-0.7008831444995671,-0.2833189617416768,-0.5273683759802986,0.10701226848834161,0.5291340280324525,0.18186233276562547,-0.2833189617416768,0.5072759624980396,0.0,14,True
artery_coronary,raw,ENSG00000211580.1,MIR769,0.35897435898971003,256.6660626163015,-0.9913604694539097,0.002929540376627104,18.97435897436607,341.8017075028663,0.0,-1.0,-0.2833189617416768,-0.9753102882974782,0.10797475640757907,4.359975131194859,18.091301940614187,-0.2833189617416768,254.5855289515407,0.0,268,True
artery_tibial,excluded_at_or_below_-1,ENSG00000211580.1,MIR769,0.37813630414748434,3.0149880095311414,-0.48807954598532793,0.08518767166564387,38.325883645139356,8.34870315555517,0.0,-0.7478895773772283,0.0148194518548083,-0.4522156534483483,0.15686894208833732,1.0785975139454793,1.8426780792889392,0.0148194518548083,3.014986704865329,0.0,39,True
artery_tibial,raw,ENSG00000211580.1,MIR769,1.0000000095477668,680.3249557773805,-0.988386153612061,0.0051041470466113206,92.00000000553771,277.9596591054082,0.0,-1.0,0.0148194518548083,-0.9690830831902831,0.13175098642558106,4.4214627009758765,19.708515713539985,0.0148194518548083,678.7531529217395,0.0,691,True
bladder,excluded_at_or_below_-1,ENSG00000211580.1,MIR769,,,,,,,,,,,,,,,,,3,False
bladder,raw,ENSG00000211580.1,MIR769,,,,,,,,,,,,,,,,,77,False
brain_amygdala,excluded_at_or_below_-1,ENSG00000211580.1,MIR769,,,,,,,,,,,,,,,,,8,False
brain_amygdala,raw,ENSG00000211580.1,MIR769,0.20512820753815633,185.97258152600367,-0.992922847852528,0.0032814339119367673,6.358974360088393,271.62682519930325,0.0,-1.0,-0.3626605598109385,-0.98330513907563,0.08287333129438432,5.313262219843113,29.02748438780408,-0.3626605598109385,183.61190651868782,0.0,181,True
brain_anterior_cingulate_cortex_ba24,excluded_at_or_below_-1,ENSG00000211580.1,MIR769,0.09865373689761123,1.1472685942767449,-0.8009231492424738,0.1798320719670281,10.044133735626817,3.7646351185862454,0.0,-0.7824727085748151,-0.3222103497136868,-0.6542347540185884,0.11998225243449186,1.3845867412613544,1.4906802829353962,-0.3222103497136868,1.1342956103825195,0.0,18,True
brain_anterior_cingulate_cortex_ba24,raw,ENSG00000211580.1,MIR769,0.46154667252824116,220.19487461790644,-0.9921207838373242,0.0036768942396338995,23.69230772170393,257.6621354241688,0.0,-1.0,-0.3222103497136868,-0.9732885217696764,0.09805096924178576,3.9145526101256056,15.802862311316535,-0.3222103497136868,220.16678395052767,0.0,233,True
brain_caudate_basal_ganglia,excluded_at_or_below_-1,ENSG00000211580.1,MIR769,0.29436919042595894,2.393768938966797,-0.7383859622521806,0.08136898398805142,32.52739614089602,9.479970508998043,0.0,-0.7950167048669095,-0.1929410668861165,-0.6386224191787677,0.15849457147373786,1.4545047244156937,1.1710030323556078,-0.1929410668861165,2.393726353162798,0.0,31,True
brain_caudate_basal_ganglia,raw,ENSG00000211580.1,MIR769,0.7948717949234569,268.96545660402904,-0.9900816022562126,0.003192289375784695,72.35897436641409,353.14059082147963,0.0,-1.0,-0.1929410668861165,-0.9626576499818058,0.12108327902896311,3.6689853458281503,14.40668561764274,-0.1929410668861165,262.77830872115527,0.0,300,True
brain_cerebellar_hemisphere,excluded_at_or_below_-1,ENSG00000211580.1,MIR769,0.48037846403725953,10.496212658129561,-0.5785372994541069,0.19798279933391666,174.35440263614498,9.872018325064872,0.0,-0.7722761725394469,0.8034957082002467,-0.4700686372621362,0.25276709897831035,2.206656954728311,6.33251296253054,0.8034957082002467,10.495980671862743,0.0,105,True
brain_cerebellar_hemisphere,raw,ENSG00000211580.1,MIR769,2.692307657571105,194.17407129893556,-0.9804920598758066,0.008200635079028476,790.3076923076934,307.6517455547788,0.0,-1.0,0.8034957082002467,-0.7991234906589325,0.3006889226226657,1.681571237751371,3.4976141642426555,0.8034957082002467,188.25506907962617,0.0,277,True
brain_cerebellum,excluded_at_or_below_-1,ENSG00000211580.1,MIR769,1.0204648657897464,8.864204122442512,-0.4609884486931211,0.1762311863399601,104.25453423107821,8.571504244856628,0.0,-0.8254376228688463,0.6071432691602343,-0.3564659252831796,0.26224896986195145,1.234101668817421,1.7499640197190942,0.6071432691602343,8.863961077027735,0.0,118,True
brain_cerebellum,raw,ENSG00000211580.1,MIR769,3.0256410246178156,254.58437728721347,-0.9868283474796876,0.009218803638322488,544.9743589814884,244.52373287561824,0.0,-1.0,0.6071432691602343,-0.7145224781331398,0.3646469836106916,1.0300471188526665,0.30625515407651793,0.6071432691602343,254.40672652753688,0.0,266,True
brain_cortex,excluded_at_or_below_-1,ENSG00000211580.1,MIR769,0.43318683679063896,3.840150159386119,-0.6740333534488461,0.09214416467323737,38.94695912984427,10.27832709815947,0.0,-0.7791611669286121,-0.0043411019412585,-0.5880972929335452,0.16643247987029625,1.6645971661213301,2.8641948484190785,-0.0043411019412585,3.840093967162558,0.0,48,True
brain_cortex,raw,ENSG00000211580.1,MIR769,,,,,,,,,,,,,,,,,270,False
brain_frontal_cortex_ba9,excluded_at_or_below_-1,ENSG00000211580.1,MIR769,0.3558503585944841,2.968658238833067,-0.6886969512965915,0.14163234171587488,52.53754436174745,6.640654730617641,0.0,-0.7589933431919672,-0.0236407638522163,-0.5677199993863721,0.17822853176947484,1.4772821771074574,1.524978048508438,-0.0236407638522163,2.968642963121226,0.0,45,True
brain_frontal_cortex_ba9,raw,ENSG00000211580.1,MIR769,,,,,,,,,,,,,,,,,269,False
brain_hippocampus,excluded_at_or_below_-1,ENSG00000211580.1,MIR769,0.07403442183514466,0.932147621061643,-0.7314108585487692,0.16225235466376683,12.639614721934372,4.094403252105735,0.0,-0.7635196273580191,-0.2616610369713414,-0.6237046079237714,0.13846806704548176,1.5501522680998312,1.670369554619322,-0.2616610369713414,0.9319316123904197,0.0,16,True
brain_hippocampus,raw,ENSG00000211580.1,MIR769,0.41025641023923515,252.96018374757094,-0.9916794255593367,0.003757288554953918,21.4358974364975,274.77312184652203,0.0,-1.0,-0.2616610369713414,-0.976389308732472,0.09742792870677014,4.533499084692518,22.036518861010954,-0.2616610369713414,251.2686788415114,0.0,255,True
brain_hypothalamus,excluded_at_or_below_-1,ENSG00000211580.1,MIR769,0.17446995317015448,1.615550502062443,-0.658382122248701,0.058894271125033724,9.820337898319405,14.069621216138222,0.0,-0.9134458335411708,-0.072459240036116,-0.5568761221290468,0.2573920926358766,0.94460283248079,-0.35725033742616263,-0.072459240036116,1.61545133351182,0.0,15,True
brain_hypothalamus,raw,ENSG00000211580.1,MIR769,0.3846153846593218,260.0052010499776,-0.9896129903826247,0.0044574207300339145,19.230769231014285,290.9869521137871,0.0,-1.0,-0.072459240036116,-0.9741367386456643,0.12023709955531747,5.548912226129627,33.37938122698832,-0.072459240036116,257.3410553846726,0.0,257,True
brain_nucleus_accumbens_basal_ganglia,excluded_at_or_below_-1,ENSG00000211580.1,MIR769,0.11237091474457071,1.6059725402305354,-0.713263499350914,0.12223641174937899,29.175489386411318,4.823714672927329,0.0,-0.781086190950044,-0.2963296015228928,-0.6485204673970583,0.12376098768728637,1.6514051506307204,2.0983630265125823,-0.2963296015228928,1.6059556799393948,0.0,27,True
brain_nucleus_accumbens_basal_ganglia,raw,ENSG00000211580.1,MIR769,0.7077519019432247,253.98142433901202,-0.9912112768855531,0.006813687522998633,73.83935764090363,144.2260283033836,0.0,-1.0,-0.2963296015228928,-0.9667019390165634,0.10970128706467655,3.5274025525850092,12.872479326144385,-0.2963296015228928,252.23779769119534,0.0,285,True
brain_putamen_basal_ganglia,excluded_at_or_below_-1,ENSG00000211580.1,MIR769,0.2151459152485887,1.8945083017263422,-0.7229542470742408,0.03449689033709558,17.977845168364098,13.222676760741633,0.0,-0.8069650863969753,-0.4004136900364855,-0.6922641978191926,0.10594906469438814,1.724791792909022,2.234068952286326,-0.4004136900364855,1.8944724583590893,0.0,20,True
brain_putamen_basal_ganglia,raw,ENSG00000211580.1,MIR769,0.5195018055539012,230.14434239942193,-0.9925210153649454,0.0061630239454125825,49.898132960152104,135.86937472200736,0.0,-1.0,-0.4004136900364855,-0.9757688344739522,0.08797613352116163,3.9072738292809333,16.019380128551806,-0.4004136900364855,228.79765301481675,0.0,254,True
brain_spinal_cord_cervical_c-1,excluded_at_or_below_-1,ENSG00000211580.1,MIR769,,,,,,,,,,,,,,,,,6,False
brain_spinal_cord_cervical_c-1,raw,ENSG00000211580.1,MIR769,0.15384615384701578,215.51662463665096,-0.9928893199440301,0.002721530037972426,7.076923078114052,324.99513090238344,0.0,-1.0,-0.3674646779533076,-0.9868204036739572,0.07779627124558958,6.019313773395327,36.11583121856056,-0.3674646779533076,213.22772946654655,0.0,204,True
brain_substantia_nigra,excluded_at_or_below_-1,ENSG00000211580.1,MIR769,,,,,,,,,,,,,,,,,7,False
brain_substantia_nigra,raw,ENSG00000211580.1,MIR769,0.17948717402252784,191.5083658256339,-0.9934511565008866,0.002420455962943468,7.743589833701774,269.2046826728264,0.0,-1.0,-0.5327017359293963,-0.9887612390139624,0.058743045121927684,5.473946896791821,30.686963650017276,-0.5327017359293963,188.4363823993492,0.0,183,True
breast_mammary_tissue,excluded_at_or_below_-1,ENSG00000211580.1,MIR769,0.526863904858846,1.2751915951915307,-0.5410918368564217,0.04758369602073881,19.443544811761626,9.101229059475186,0.0,-0.716855774308417,-0.2348650204097767,-0.5053389436160947,0.12508253470117978,0.4026774973991473,-0.6238360446329834,-0.2348650204097767,1.2751232856318722,0.0,30,True
breast_mammary_tissue,raw,ENSG00000211580.1,MIR769,2.014781904823201,477.41803962781063,-0.9904759035551042,0.007926159531516087,127.84254552644228,134.818780087869,0.0,-1.0,-0.2348650204097767,-0.9711287321176709,0.11982740706394317,4.1694661886203965,16.527382733646032,-0.2348650204097767,474.8454525704249,0.0,514,True
cells_cultured_fibroblasts,excluded_at_or_below_-1,ENSG00000211580.1,MIR769,0.26980780996136433,2.359163825379709,-0.6238161857015488,0.17184667410525997,18.11717196571771,5.598384420882838,0.0,-0.6767233272071841,0.0564656109721051,-0.48758341892634344,0.17292277942018222,1.4096388316549366,1.5109977897556188,0.0564656109721051,2.359157449544129,0.0,37,True
cells_cultured_fibroblasts,raw,ENSG00000211580.1,MIR769,0.9487179487179487,664.0590707433141,-0.9878627574912687,0.00381896386431563,77.89743589743588,386.72880779314096,0.0,-1.0,0.0564656109721051,-0.9709211449390716,0.12541961619663175,4.661625240521815,22.929609232370876,0.0564656109721051,662.0776000260431,0.0,652,True
cells_ebv-transformed_lymphocytes,excluded_at_or_below_-1,ENSG00000211580.1,MIR769,0.59807727168579,6.766137022283194,-0.6684211195389395,0.05416090207633579,27.470509370293723,23.480331498796282,0.0,-0.7462914363369617,0.2308178418610831,-0.5491789662495608,0.18895241553971368,1.9922609600526844,4.747068898663755,0.2308178418610831,6.765712679835973,0.0,50,True
cells_ebv-transformed_lymphocytes,raw,ENSG00000211580.1,MIR769,1.2820512890815718,282.7599146550272,-0.9853932147678929,0.004901775607466564,173.89743589743588,350.8896181157029,0.0,-1.0,0.2308178418610831,-0.9310671202216455,0.17824647209196434,2.9023809788180976,9.40762369977213,0.2308178418610831,282.17387629993567,0.0,327,True
cervix_ectocervix,excluded_at_or_below_-1,ENSG00000211580.1,MIR769,,,,,,,,,,,,,,,,,2,False
cervix_ectocervix,raw,ENSG00000211580.1,MIR769,0.0512820512820512,25.06644993909628,-0.9934745419158498,0.0025778066705170553,1.897435897438402,324.0476768209274,0.0,-1.0,-0.4028054342933578,-0.9633549439585778,0.13254999580065824,3.6210758971793076,12.051785081683482,-0.4028054342933578,24.30272561555182,0.0,24,True
cervix_endocervix,excluded_at_or_below_-1,ENSG00000211580.1,MIR769,,,,,,,,,,,,,,,,,1,False
cervix_endocervix,raw,ENSG00000211580.1,MIR769,0.02564102565387185,53.162211342810984,-0.9974600736296463,0.0018686862895230627,0.9743589743824214,258.19534639228,0.0,-1.0,-0.656290877788896,-0.9850561251212564,0.07166830622391984,4.477215043467819,18.045454545454554,-0.656290877788896,52.258345147480355,0.0,23,True
colon_sigmoid,excluded_at_or_below_-1,ENSG00000211580.1,MIR769,0.2060754952452196,2.6477288540704493,-0.5729888407423465,0.07318493870380266,15.419715895424517,15.403925241213704,0.0,-0.7009007328576796,0.2241576119366104,-0.4899601194910635,0.20597231385836262,2.070358021672511,4.4301738107304205,0.2241576119366104,2.647693309877371,0.0,23,True
colon_sigmoid,raw,ENSG00000211580.1,MIR769,0.5897434729101876,511.1061203924244,-0.9880292493332283,0.00657551239413242,53.43589744206389,260.7083671331845,0.0,-1.0,0.2241576119366104,-0.9720025841248078,0.12554323426653183,5.213024274470639,31.51470785627749,0.2241576119366104,510.104290533879,0.0,419,True
colon_transverse,excluded_at_or_below_-1,ENSG00000211580.1,MIR769,0.16811806631228793,1.2259360518991338,-0.6604789590312263,0.12664971417388513,13.497730315926173,8.891492510601102,0.0,-0.9343601390494192,0.1357975122233909,-0.5744065658577275,0.2393542245526712,1.4926396193769225,2.697221539032463,0.1357975122233909,1.2259141432027043,0.0,17,True
colon_transverse,raw,ENSG00000211580.1,MIR769,0.4358974359040926,525.8147383118132,-0.9876108364601613,0.005009019441353698,15.589743592572258,317.1757150062253,0.0,-1.0,0.1357975122233909,-0.9848954313561198,0.09017150486036293,7.486015960127375,67.16556037022697,0.1357975122233909,509.6927816117273,0.0,479,True
esophagus_gastroesophageal_junction,excluded_at_or_below_-1,ENSG00000211580.1,MIR769,0.2655389719057498,3.3434497372883363,-0.5831650468757398,0.09156055342748398,24.22566237720754,6.743260479956869,0.0,-0.8610309181160452,-0.1465855387465097,-0.5690355687059431,0.13354166999778685,0.9600569562019977,2.3089006131937166,-0.1465855387465097,3.3434490903637326,0.0,41,True
esophagus_gastroesophageal_junction,raw,ENSG00000211580.1,MIR769,2.00730750500652,353.01576083305645,-0.9893431733782628,0.008455112314436308,171.00818352595732,140.96078589692317,0.0,-1.0,-0.1465855387465097,-0.9561549834167338,0.1370764189269341,3.159028551472555,9.496998943377836,-0.1465855387465097,350.715003458384,0.0,403,True
esophagus_mucosa,excluded_at_or_below_-1,ENSG00000211580.1,MIR769,-0.155056507607278,1.2143075474221585,-0.7040552688642188,0.3743468528666757,24.229231645196542,1.6809784987505498,0.0,-0.786942686332921,-0.259094884176715,-0.5843452443603969,0.13620310657069162,0.4436147773093455,-0.5922396567070844,-0.259094884176715,0.9186845456663717,0.0,29,True
esophagus_mucosa,raw,ENSG00000211580.1,MIR769,0.7435897433672443,587.4317546003217,-0.9910251396682963,0.003890877121514561,33.435897498628194,266.0340231008051,0.0,-1.0,-0.259094884176715,-0.9803680978606701,0.09292325855722623,4.974509453016484,24.90804599829535,-0.259094884176715,583.5567309460913,0.0,614,True
esophagus_muscularis,excluded_at_or_below_-1,ENSG00000211580.1,MIR769,0.19492576297736347,2.1202107051812678,-0.5435845694090765,0.14208994657423063,37.36806177327281,5.125391053611789,0.0,-0.7427829523356546,-0.0286223597710325,-0.5185298169213047,0.15326485899409914,1.2818059593524531,2.3500706699596376,-0.0286223597710325,2.1202056314718183,0.0,37,True
esophagus_muscularis,raw,ENSG00000211580.1,MIR769,0.9487179519744522,551.5120456480248,-0.9867279258179025,0.004908504429247956,73.89743612426615,276.0445478290487,0.0,-1.0,-0.0286223597710325,-0.968245282042938,0.12576234633462405,4.181204905479666,18.01244411037968,-0.0286223597710325,549.4728043811563,0.0,561,True
fallopian_tube,excluded_at_or_below_-1,ENSG00000211580.1,MIR769,,,,,,,,,,,,,,,,,4,False
fallopian_tube,raw,ENSG00000211580.1,MIR769,0.10256410256410257,26.90337748092717,-0.9902742717027183,0.003394023240408491,5.58974358974359,351.6403730543999,0.0,-1.0,-0.146359582884535,-0.9232221441851289,0.20919529975447848,2.665346546404848,6.039577076976583,-0.146359582884535,26.75776288452362,0.0,29,True
heart_atrial_appendage,excluded_at_or_below_-1,ENSG00000211580.1,MIR769,0.04628659411309787,1.7926113054089807,-0.7113770078578896,0.08544077840726745,11.602462854638606,7.26583299687013,0.0,-0.8028529904975152,-0.2724062303551811,-0.6792283334702804,0.10745216852905243,2.658758958298394,7.971265662087188,-0.2724062303551811,1.7925941993833017,0.0,21,True
heart_atrial_appendage,raw,ENSG00000211580.1,MIR769,0.538461538460111,607.697839110692,-0.9929616426796563,0.0036123043760267243,33.69230769421366,282.0967256561748,0.0,-1.0,-0.2724062303551811,-0.9853878416548284,0.07060718924138656,5.426720990459843,33.9124220472731,-0.2724062303551811,604.80040705337,0.0,461,True
heart_left_ventricle,excluded_at_or_below_-1,ENSG00000211580.1,MIR769,0.025415988309664087,1.157302868627088,-0.7874548360252601,0.12144700503702983,10.61030236833895,3.8566906465671873,0.0,-0.7977753820907484,-0.4562576669117433,-0.7157950167944385,0.08001806125577272,2.0401723863487438,4.607769326065028,-0.4562576669117433,1.1566209179690694,0.0,17,True
heart_left_ventricle,raw,ENSG00000211580.1,MIR769,0.43589743589744134,546.2441184122015,-0.9943379157990634,0.0023725997561675188,19.58974359714322,320.7285104212961,0.0,-1.0,-0.4562576669117433,-0.9893108745254545,0.05618969154958652,5.600588061859213,33.46646372766073,-0.4562576669117433,541.7527701117866,0.0,452,True
kidney_cortex,excluded_at_or_below_-1,ENSG00000211580.1,MIR769,,,,,,,,,,,,,,,,,2,False
kidney_cortex,raw,ENSG00000211580.1,MIR769,0.051282051473505515,107.7836651603972,-0.9965548450505072,0.001367736579322363,1.8974358983536919,308.10662212082326,0.0,-1.0,-0.6985738974636622,-0.9943158689202273,0.04079754025865444,7.005761645935668,47.1018397246897,-0.6985738974636622,107.4394606821195,0.0,104,True
kidney_medulla,excluded_at_or_below_-1,ENSG00000211580.1,MIR769,,,,,,,,,,,,,,,,,0,False
kidney_medulla,raw,ENSG00000211580.1,MIR769,0.0,11.0,-0.9875,1.0001e-06,0.0,-17675.90193946968,0.0,-1.0,-1.0,-1.0,0.0,,,-1.0,8.983579622590726e-189,0.0,11,True
liver,excluded_at_or_below_-1,ENSG00000211580.1,MIR769,,,,,,,,,,,,,,,,,7,False
liver,raw,ENSG00000211580.1,MIR769,0.17948717945191062,275.5272814231878,-0.9955512184016467,0.0020879030594862526,7.743589744089943,269.6757799000187,0.0,-1.0,-0.5974098761720028,-0.9919098651442629,0.04960749711270618,6.131748809598498,36.74707895224845,-0.5974098761720028,271.41790238302383,0.0,262,True
lung,excluded_at_or_below_-1,ENSG00000211580.1,MIR769,0.3483555327252546,2.76800281267851,-0.5531499667526371,0.21299887379914384,42.21065240041126,5.132915864575716,0.0,-0.774997838090949,0.2199336236958842,-0.4614526773937907,0.20623115508638876,1.065841280865746,1.0291717528867101,0.2199336236958842,2.7679655325069876,0.0,53,True
lung,raw,ENSG00000211580.1,MIR769,1.3589743616989967,581.3403219807839,-0.9861611704674779,0.005956003437827295,106.97435897535456,286.3792194242975,0.0,-1.0,0.2199336236958842,-0.9527433640759452,0.16408215539992924,3.7450645870275543,14.443051084733707,0.2199336236958842,578.4909699460774,0.0,604,True
minor_salivary_gland,excluded_at_or_below_-1,ENSG00000211580.1,MIR769,,,,,,,,,,,,,,,,,4,False
minor_salivary_gland,raw,ENSG00000211580.1,MIR769,0.10256410256338697,188.6866641168905,-0.9935064366232917,0.0020952316015719254,3.5897435897492436,317.51548299209367,0.0,-1.0,-0.5230905873812111,-0.9909628496803767,0.06135515579083525,6.804892494224483,45.24511495949165,-0.5230905873812111,188.02529027193918,0.0,181,True
muscle_skeletal,excluded_at_or_below_-1,ENSG00000211580.1,MIR769,0.6597004425419319,6.187337697368866,-0.6586949275747094,0.08708778443263175,83.6904291945973,12.47088894945139,0.0,-0.8799905246764406,0.1092669400025367,-0.5758943490470302,0.1927525373666246,1.4930642681049613,2.1035434601286553,0.1092669400025367,6.1873376525941755,0.0,65,True
muscle_skeletal,raw,ENSG00000211580.1,MIR769,1.6666666788871851,773.1122405538534,-0.9852883659213721,0.005003506356583689,226.6666666674106,309.3700393461533,0.0,-1.0,0.1092669400025367,-0.9662996732127835,0.12682005858722478,4.38507472340032,21.587216622748752,0.1092669400025367,772.7828876709294,0.0,818,True
nerve_tibial,excluded_at_or_below_-1,ENSG00000211580.1,MIR769,0.2585857303632235,1.2038924831232143,-0.5299061227020778,0.030108137529663542,9.168976542678067,15.615210462458764,0.0,-0.5802076478851985,-0.1974634728314094,-0.45124229624589324,0.11919049046810896,0.9850826736994096,-0.3644892680034517,-0.1974634728314094,1.2038507564779253,0.0,17,True
nerve_tibial,raw,ENSG00000211580.1,MIR769,0.4358974358974358,673.7333546166111,-0.9894172619569173,0.0030839736678454736,33.58974358974359,363.1651596222948,0.0,-1.0,-0.1974634728314094,-0.9860762970689255,0.08830495381921391,6.494718248797143,42.41178393434091,-0.1974634728314094,672.4318403387384,0.0,670,True
ovary,excluded_at_or_below_-1,ENSG00000211580.1,MIR769,0.24005434323325617,8582.71937747474,-3.001863941642618,0.7518070286524268,10.020002671409141,5.985110362815912,0.0,-0.6359061175748278,0.1798676989979424,-0.26669699410617326,0.2931582920302173,0.36239160312083135,-1.378385162326703,0.1798676989979424,0.42886513347188904,0.0,12,True
ovary,raw,ENSG00000211580.1,MIR769,0.30769230710917633,181.7090683470664,-0.9857240871086718,0.0063068191153009155,12.30769232515409,261.3672093597065,0.0,-1.0,0.1798676989979424,-0.9544060307216274,0.19089903623507617,4.452910036570284,19.67870083420063,0.1798676989979424,180.62524613852648,0.0,193,True
pancreas,excluded_at_or_below_-1,ENSG00000211580.1,MIR769,0.22910131569929382,0.593409151383826,-0.6795918094962301,0.07534938696533648,22.241237312795533,2.507805876165527,0.041013481673607126,-0.8662523681344002,-0.5459757557228118,-0.6884565641942698,0.08048755335730672,-0.3631425113548385,-0.2693533874399878,-0.5459757557228118,0.5921260487477981,0.024285150848783216,19,True
pancreas,raw,ENSG00000211580.1,MIR769,1.4272788675255454,335.3396472760396,-0.9943443809434257,0.004791590496313227,102.01019084246812,132.33371908919514,0.0,-1.0,-0.5459757557228118,-0.9836482727063292,0.07185596887925332,4.390082152849784,18.182226834140113,-0.5459757557228118,333.55696427739355,0.0,362,True
pituitary,excluded_at_or_below_-1,ENSG00000211580.1,MIR769,0.4877263669232473,3.9616990959581844,-0.5835774984807525,0.11659626515963674,38.121178751273774,9.267199976946989,0.0,-0.7465830860749667,0.180466161223898,-0.4806145932721119,0.2235251114902312,1.4114566406688172,1.239615711938307,0.180466161223898,3.961625913584555,0.0,54,True
pituitary,raw,ENSG00000211580.1,MIR769,,,,,,,,,,,,,,,,,313,False
prostate,excluded_at_or_below_-1,ENSG00000211580.1,MIR769,0.17607289795688896,1.1484905943021504,-0.5113654002458107,0.06417939501470944,12.331636601888032,6.993807714282794,0.0,-0.7774080883423392,-0.1939746186168472,-0.5093328819352573,0.13337352640751324,0.16084739808777593,0.9301859783065316,-0.1939746186168472,1.1484853392695347,0.0,16,True
prostate,raw,ENSG00000211580.1,MIR769,0.4102564102556908,270.998642286179,-0.9904624570608792,0.0037874239570774185,19.435897435921913,297.40634166077757,0.0,-1.0,-0.1939746186168472,-0.9721607308899437,0.11781428736115064,4.2654528886984515,17.48406133105191,-0.1939746186168472,270.73476011946605,0.0,282,True
skin_not_sun_exposed_suprapubic,excluded_at_or_below_-1,ENSG00000211580.1,MIR769,0.49622450818052966,5.829730447673939,-0.5634705518154726,0.11518070809246281,51.28695041707428,7.558826148361279,0.0,-0.7410698828924861,0.0521584955082776,-0.50982138349813,0.15205037064096386,1.5155146363499568,2.5805190371439393,0.0521584955082776,5.82972066005228,0.0,79,True
skin_not_sun_exposed_suprapubic,raw,ENSG00000211580.1,MIR769,3.689941951568534,556.8489421556102,-0.9868599269781617,0.010310914698102662,551.1493040355627,142.50859285124415,0.0,-1.0,0.0521584955082776,-0.9405159589805718,0.16862142854509646,2.869008427056551,7.813434403855574,0.0521584955082776,553.1268966202738,0.0,651,True
skin_sun_exposed_lower_leg,excluded_at_or_below_-1,ENSG00000211580.1,MIR769,0.3811123340901954,4.0498513791942825,-0.5386230613952906,0.10982596866923937,74.32919825415462,6.336873826685856,0.0,-0.7659917202480613,-0.0465097590856365,-0.5125839797945294,0.13293422456951776,1.07596443605048,1.8598035967205453,-0.0465097590856365,4.04980941852482,0.0,59,True
skin_sun_exposed_lower_leg,raw,ENSG00000211580.1,MIR769,1.5128205000953117,710.2515010532165,-0.9875531240476463,0.003417925731573064,181.74358974359052,389.36957500770075,0.0,-1.0,-0.0465097590856365,-0.9618600196390945,0.13608558887533256,3.6060464777526566,12.487457025861467,-0.0465097590856365,705.2421489380658,0.0,754,True
small_intestine_terminal_ileum,excluded_at_or_below_-1,ENSG00000211580.1,MIR769,0.14297463450398562,0.6351149667858692,-0.5782569498734317,0.1659480795140656,22.03286106914929,3.0067056711239606,0.0,-0.7404442753183116,-0.2254410491760821,-0.537605530515646,0.13215350157077585,0.632299085039664,0.008158830405831985,-0.2254410491760821,0.6281979401038305,0.0,19,True
small_intestine_terminal_ileum,raw,ENSG00000211580.1,MIR769,,,,,,,,,,,,,,,,,207,False
spleen,excluded_at_or_below_-1,ENSG00000211580.1,MIR769,0.33904073271780794,1.831513283867311,-0.5420581414974597,0.11030566954350275,25.877944041123087,6.103911733960213,0.0,-0.7285324899432375,-0.0659659241953487,-0.48785098786131076,0.15064138706190638,0.963827171345931,0.4912750329738125,-0.0659659241953487,1.8314814004417777,0.0,35,True
spleen,raw,ENSG00000211580.1,MIR769,0.9215842015695106,220.96964635614867,-0.9883306516937277,0.009885162397870313,454.20126750446326,131.95743828789296,0.0,-1.0,-0.0659659241953487,-0.9352880309572051,0.17847950316102595,2.691410568246069,6.284249052465203,-0.0659659241953487,219.6874616202344,0.0,277,True
stomach,excluded_at_or_below_-1,ENSG00000211580.1,MIR769,0.2057133798773759,1.4466194117074007,-0.592355261750145,0.12215277563119352,21.70812374117709,5.67123026952362,0.0,-0.7429435060283536,-0.1025024296902653,-0.5331479326567807,0.15324916575529823,1.2124696774210817,1.028316756409434,-0.1025024296902653,1.4466165685847625,0.0,27,True
stomach,raw,ENSG00000211580.1,MIR769,0.6923076923076924,395.36969691253137,-0.9893118789241253,0.0026054365909464424,38.30769230769231,481.3542400936212,0.0,-1.0,-0.1025024296902653,-0.9690294697339878,0.12262429391344888,4.192257116926249,17.975816677558356,-0.1025024296902653,393.0506404170458,0.0,407,True
testis,excluded_at_or_below_-1,ENSG00000211580.1,MIR769,0.42257080675241404,2.9331855962280433,-0.5999809605201053,0.14486252078306897,54.0760332751471,5.610435692560304,0.0,-0.7185047057511439,-0.0252856819995243,-0.5085484246728113,0.16651034722686517,1.2397275356698398,0.771937426864111,-0.0252856819995243,2.9331529943399755,0.0,55,True
testis,raw,ENSG00000211580.1,MIR769,1.4477040146922295,336.23308147645395,-0.9878241137164285,0.010230540836178728,594.6663978484609,133.0560061522435,0.0,-1.0,-0.0252856819995243,-0.934710539509673,0.17752863505400351,2.763163103874882,7.086722734240384,-0.0252856819995243,334.2580968009986,0.0,414,True
thyroid,excluded_at_or_below_-1,ENSG00000211580.1,MIR769,0.3363988554924344,1.4143301132563004,-0.48119999903859856,0.15411932693692704,31.560867139109433,2.9923595868817645,0.0,-0.755748597188554,-0.155096178686598,-0.46761570404812897,0.13988910063826737,0.391867865183288,-0.18269320403581268,-0.155096178686598,1.398251943459717,0.0,39,True
thyroid,raw,ENSG00000211580.1,MIR769,0.9999999946508666,645.6059149167833,-0.9895265440129708,0.0017601338349640494,62.00000000312317,670.4392109618162,0.0,-1.0,-0.155096178686598,-0.9696447550553757,0.12786822594540206,4.258729812273024,17.42064837761418,-0.155096178686598,574.8273888284516,0.0,684,True
uterus,excluded_at_or_below_-1,ENSG00000211580.1,MIR769,,,,,,,,,,,,,,,,,9,False
uterus,raw,ENSG00000211580.1,MIR769,0.23077008281343386,145.02193674084538,-0.9906396162078797,0.004070340203040504,14.923076926185026,267.462115170767,0.0,-1.0,-0.2208394748890442,-0.9703162112436925,0.12225821679380203,4.126541935546582,16.39227241643218,-0.2208394748890442,144.45385927975778,0.0,153,True
vagina,excluded_at_or_below_-1,ENSG00000211580.1,MIR769,0.0462323261927672,0.44082958676460154,-0.5172452297136614,0.13965196668509972,10.350573191499377,3.3436711757075197,0.0,-0.5776873302980723,-0.1870615374767708,-0.453252372219562,0.11076434195329649,1.3227057615165467,1.479882462647077,-0.1870615374767708,0.43918222970700366,0.0,10,True
vagina,raw,ENSG00000211580.1,MIR769,0.2614335949633461,157.8931245457936,-0.9898423932029814,0.0077808421724568175,22.96176162326136,145.910114691738,0.0,-1.0,-0.1870615374767708,-0.9678383748364447,0.13153408488519794,4.024148022133951,15.171549379815758,-0.1870615374767708,156.7697093437833,0.0,170,True
whole_blood,excluded_at_or_below_-1,ENSG00000211580.1,MIR769,2.115971492211165,26.679909924314096,-0.4131373540576304,0.2877033334285071,753.802980373609,7.691919484117942,0.0,-0.7106506451354248,1.1516835010973336,-0.2611948543661935,0.3239083602081366,1.6053761155926196,3.1074300223190816,1.1516835010973336,26.679614339530236,0.0,356,True
whole_blood,raw,ENSG00000211580.1,MIR769,9.128205128246815,484.56374318336657,-0.9756489203251946,0.007995176802085883,5298.358974359126,376.2896601944862,0.0,-1.0,1.1516835010973336,-0.6724599852482751,0.42581028691268913,1.2015111552902191,1.1295055504805003,1.1516835010973336,479.8105981052055,0.0,803,True
adipose_subcutaneous,excluded_at_or_below_-1,ENSG00000274263.1,MIR7702,,,,,,,,,,,,,,,,,0,False
adipose_subcutaneous,raw,ENSG00000274263.1,MIR7702,0.0,714.0,-0.9875,1.0001e-06,0.0,-17675.90193946968,0.0,-1.0,-1.0,-1.0,0.0,,,-1.0,5.83115986411798e-187,0.0,714,True
adipose_visceral_omentum,excluded_at_or_below_-1,ENSG00000274263.1,MIR7702,,,,,,,,,,,,,,,,,0,False
adipose_visceral_omentum,raw,ENSG00000274263.1,MIR7702,0.0,587.0,-0.9875,1.0001e-06,0.0,-17675.90193946968,0.0,-1.0,-1.0,-1.0,0.0,,,-1.0,4.793964762237051e-187,0.0,587,True
adrenal_gland,excluded_at_or_below_-1,ENSG00000274263.1,MIR7702,,,,,,,,,,,,,,,,,0,False
adrenal_gland,raw,ENSG00000274263.1,MIR7702,0.0,295.0,-0.9875,1.0001e-06,0.0,-17675.90193946968,0.0,-1.0,-1.0,-1.0,0.0,,,-1.0,2.409232716967513e-187,0.0,295,True
artery_aorta,excluded_at_or_below_-1,ENSG00000274263.1,MIR7702,,,,,,,,,,,,,,,,,1,False
artery_aorta,raw,ENSG00000274263.1,MIR7702,1.386224890826174,436.49503555720656,-0.989578486070936,0.009510012349202525,1191.7307399287936,122.741769670848,0.0,-1.0,-0.1641898910315767,-0.9982292158708296,0.03847127858495813,21.656456846452286,467.00212314225,-0.1641898910315767,434.43487482123993,0.0,472,True
artery_coronary,excluded_at_or_below_-1,ENSG00000274263.1,MIR7702,,,,,,,,,,,,,,,,,0,False
artery_coronary,raw,ENSG00000274263.1,MIR7702,0.0,268.0,-0.9875,1.0001e-06,0.0,-17675.90193946968,0.0,-1.0,-1.0,-1.0,0.0,,,-1.0,2.1887266716857407e-187,0.0,268,True
artery_tibial,excluded_at_or_below_-1,ENSG00000274263.1,MIR7702,,,,,,,,,,,,,,,,,0,False
artery_tibial,raw,ENSG00000274263.1,MIR7702,0.0,691.0,-0.9875,1.0001e-06,0.0,-17675.90193946968,0.0,-1.0,-1.0,-1.0,0.0,,,-1.0,5.643321381100175e-187,0.0,691,True
bladder,excluded_at_or_below_-1,ENSG00000274263.1,MIR7702,,,,,,,,,,,,,,,,,0,False
bladder,raw,ENSG00000274263.1,MIR7702,0.0,77.0,-0.9875,1.0001e-06,0.0,-17675.90193946968,0.0,-1.0,-1.0,-1.0,0.0,,,-1.0,6.288505735813509e-188,0.0,77,True
brain_amygdala,excluded_at_or_below_-1,ENSG00000274263.1,MIR7702,,,,,,,,,,,,,,,,,0,False
brain_amygdala,raw,ENSG00000274263.1,MIR7702,0.0,181.0,-0.9875,1.0001e-06,0.0,-17675.90193946968,0.0,-1.0,-1.0,-1.0,0.0,,,-1.0,1.478207192444474e-187,0.0,181,True
brain_anterior_cingulate_cortex_ba24,excluded_at_or_below_-1,ENSG00000274263.1,MIR7702,,,,,,,,,,,,,,,,,0,False
brain_anterior_cingulate_cortex_ba24,raw,ENSG00000274263.1,MIR7702,0.0,233.0,-0.9875,1.0001e-06,0.0,-17675.90193946968,0.0,-1.0,-1.0,-1.0,0.0,,,-1.0,1.9028855018760357e-187,0.0,233,True
brain_caudate_basal_ganglia,excluded_at_or_below_-1,ENSG00000274263.1,MIR7702,,,,,,,,,,,,,,,,,0,False
brain_caudate_basal_ganglia,raw,ENSG00000274263.1,MIR7702,0.0,300.0,-0.9875,1.0001e-06,0.0,-17675.90193946968,0.0,-1.0,-1.0,-1.0,0.0,,,-1.0,2.450067169797471e-187,0.0,300,True
brain_cerebellar_hemisphere,excluded_at_or_below_-1,ENSG00000274263.1,MIR7702,,,,,,,,,,,,,,,,,0,False
brain_cerebellar_hemisphere,raw,ENSG00000274263.1,MIR7702,0.0,277.0,-0.9875,1.0001e-06,0.0,-17675.90193946968,0.0,-1.0,-1.0,-1.0,0.0,,,-1.0,2.2622286867796648e-187,0.0,277,True
brain_cerebellum,excluded_at_or_below_-1,ENSG00000274263.1,MIR7702,,,,,,,,,,,,,,,,,0,False
brain_cerebellum,raw,ENSG00000274263.1,MIR7702,0.0,266.0,-0.9875,1.0001e-06,0.0,-17675.90193946968,0.0,-1.0,-1.0,-1.0,0.0,,,-1.0,2.1723928905537574e-187,0.0,266,True
brain_cortex,excluded_at_or_below_-1,ENSG00000274263.1,MIR7702,,,,,,,,,,,,,,,,,0,False
brain_cortex,raw,ENSG00000274263.1,MIR7702,0.0,270.0,-0.9875,1.0001e-06,0.0,-17675.90193946968,0.0,-1.0,-1.0,-1.0,0.0,,,-1.0,2.2050604528177237e-187,0.0,270,True
brain_frontal_cortex_ba9,excluded_at_or_below_-1,ENSG00000274263.1,MIR7702,,,,,,,,,,,,,,,,,0,False
brain_frontal_cortex_ba9,raw,ENSG00000274263.1,MIR7702,0.0,269.0,-0.9875,1.0001e-06,0.0,-17675.90193946968,0.0,-1.0,-1.0,-1.0,0.0,,,-1.0,2.196893562251732e-187,0.0,269,True
brain_hippocampus,excluded_at_or_below_-1,ENSG00000274263.1,MIR7702,,,,,,,,,,,,,,,,,0,False
brain_hippocampus,raw,ENSG00000274263.1,MIR7702,0.0,255.0,-0.9875,1.0001e-06,0.0,-17675.90193946968,0.0,-1.0,-1.0,-1.0,0.0,,,-1.0,2.08255709432785e-187,0.0,255,True
brain_hypothalamus,excluded_at_or_below_-1,ENSG00000274263.1,MIR7702,,,,,,,,,,,,,,,,,0,False
brain_hypothalamus,raw,ENSG00000274263.1,MIR7702,0.0,257.0,-0.9875,1.0001e-06,0.0,-17675.90193946968,0.0,-1.0,-1.0,-1.0,0.0,,,-1.0,2.0988908754598334e-187,0.0,257,True
brain_nucleus_accumbens_basal_ganglia,excluded_at_or_below_-1,ENSG00000274263.1,MIR7702,,,,,,,,,,,,,,,,,1,False
brain_nucleus_accumbens_basal_ganglia,raw,ENSG00000274263.1,MIR7702,0.02564102520366733,300.2777636074332,-0.9963730014725098,0.0017651695101356172,0.9743589758224508,256.2946345520374,0.0,-1.0,-0.676475436805219,-0.9988648260940534,0.019163941193592906,16.792960463443016,280.0035211267604,-0.676475436805219,298.00806723521407,0.0,285,True
brain_putamen_basal_ganglia,excluded_at_or_below_-1,ENSG00000274263.1,MIR7702,,,,,,,,,,,,,,,,,0,False
brain_putamen_basal_ganglia,raw,ENSG00000274263.1,MIR7702,0.0,254.0,-0.9875,1.0001e-06,0.0,-17675.90193946968,0.0,-1.0,-1.0,-1.0,0.0,,,-1.0,2.0743902037618585e-187,0.0,254,True
brain_spinal_cord_cervical_c-1,excluded_at_or_below_-1,ENSG00000274263.1,MIR7702,,,,,,,,,,,,,,,,,0,False
brain_spinal_cord_cervical_c-1,raw,ENSG00000274263.1,MIR7702,0.0,204.0,-0.9875,1.0001e-06,0.0,-17675.90193946968,0.0,-1.0,-1.0,-1.0,0.0,,,-1.0,1.6660456754622802e-187,0.0,204,True
brain_substantia_nigra,excluded_at_or_below_-1,ENSG00000274263.1,MIR7702,,,,,,,,,,,,,,,,,1,False
brain_substantia_nigra,raw,ENSG00000274263.1,MIR7702,0.02564102564102563,207.89226833981795,-0.9947224904596832,0.0019242305301821912,0.9743589745891086,347.7018943802011,0.0,-1.0,-0.5216266169864681,-0.9973859377977402,0.03536237801821017,13.416612631565933,178.0054945054945,-0.5216266169864681,202.4695674617659,0.0,183,True
breast_mammary_tissue,excluded_at_or_below_-1,ENSG00000274263.1,MIR7702,,,,,,,,,,,,,,,,,0,False
breast_mammary_tissue,raw,ENSG00000274263.1,MIR7702,0.0,514.0,-0.9875,1.0001e-06,0.0,-17675.90193946968,0.0,-1.0,-1.0,-1.0,0.0,,,-1.0,4.1977817509196667e-187,0.0,514,True
cells_cultured_fibroblasts,excluded_at_or_below_-1,ENSG00000274263.1,MIR7702,,,,,,,,,,,,,,,,,0,False
cells_cultured_fibroblasts,raw,ENSG00000274263.1,MIR7702,0.0,652.0,-0.9875,1.0001e-06,0.0,-17675.90193946968,0.0,-1.0,-1.0,-1.0,0.0,,,-1.0,5.324812649026503e-187,0.0,652,True
cells_ebv-transformed_lymphocytes,excluded_at_or_below_-1,ENSG00000274263.1,MIR7702,,,,,,,,,,,,,,,,,0,False
cells_ebv-transformed_lymphocytes,raw,ENSG00000274263.1,MIR7702,0.0,327.0,-0.9875,1.0001e-06,0.0,-17675.90193946968,0.0,-1.0,-1.0,-1.0,0.0,,,-1.0,2.670573215079243e-187,0.0,327,True
cervix_ectocervix,excluded_at_or_below_-1,ENSG00000274263.1,MIR7702,,,,,,,,,,,,,,,,,0,False
cervix_ectocervix,raw,ENSG00000274263.1,MIR7702,0.0,24.0,-0.9875,1.0001e-06,0.0,-17675.90193946968,0.0,-1.0,-1.0,-1.0,0.0,,,-1.0,1.9600537358379766e-188,0.0,24,True
cervix_endocervix,excluded_at_or_below_-1,ENSG00000274263.1,MIR7702,,,,,,,,,,,,,,,,,0,False
cervix_endocervix,raw,ENSG00000274263.1,MIR7702,0.0,23.0,-0.9875,1.0001e-06,0.0,-17675.90193946968,0.0,-1.0,-1.0,-1.0,0.0,,,-1.0,1.878384830178061e-188,0.0,23,True
colon_sigmoid,excluded_at_or_below_-1,ENSG00000274263.1,MIR7702,,,,,,,,,,,,,,,,,0,False
colon_sigmoid,raw,ENSG00000274263.1,MIR7702,0.0,419.0,-0.9875,1.0001e-06,0.0,-17675.90193946968,0.0,-1.0,-1.0,-1.0,0.0,,,-1.0,3.4219271471504676e-187,0.0,419,True
colon_transverse,excluded_at_or_below_-1,ENSG00000274263.1,MIR7702,,,,,,,,,,,,,,,,,0,False
colon_transverse,raw,ENSG00000274263.1,MIR7702,0.0,479.0,-0.9875,1.0001e-06,0.0,-17675.90193946968,0.0,-1.0,-1.0,-1.0,0.0,,,-1.0,3.911940581109962e-187,0.0,479,True
esophagus_gastroesophageal_junction,excluded_at_or_below_-1,ENSG00000274263.1,MIR7702,,,,,,,,,,,,,,,,,0,False
esophagus_gastroesophageal_junction,raw,ENSG00000274263.1,MIR7702,0.0,403.0,-0.9875,1.0001e-06,0.0,-17675.90193946968,0.0,-1.0,-1.0,-1.0,0.0,,,-1.0,3.2912568980946026e-187,0.0,403,True
esophagus_mucosa,excluded_at_or_below_-1,ENSG00000274263.1,MIR7702,,,,,,,,,,,,,,,,,0,False
esophagus_mucosa,raw,ENSG00000274263.1,MIR7702,0.0,614.0,-0.9875,1.0001e-06,0.0,-17675.90193946968,0.0,-1.0,-1.0,-1.0,0.0,,,-1.0,5.014470807518823e-187,0.0,614,True
esophagus_muscularis,excluded_at_or_below_-1,ENSG00000274263.1,MIR7702,,,,,,,,,,,,,,,,,0,False
esophagus_muscularis,raw,ENSG00000274263.1,MIR7702,0.0,561.0,-0.9875,1.0001e-06,0.0,-17675.90193946968,0.0,-1.0,-1.0,-1.0,0.0,,,-1.0,4.5816256075212706e-187,0.0,561,True
fallopian_tube,excluded_at_or_below_-1,ENSG00000274263.1,MIR7702,,,,,,,,,,,,,,,,,0,False
fallopian_tube,raw,ENSG00000274263.1,MIR7702,0.0,29.0,-0.9875,1.0001e-06,0.0,-17675.90193946968,0.0,-1.0,-1.0,-1.0,0.0,,,-1.0,2.368398264137555e-188,0.0,29,True
heart_atrial_appendage,excluded_at_or_below_-1,ENSG00000274263.1,MIR7702,,,,,,,,,,,,,,,,,0,False
heart_atrial_appendage,raw,ENSG00000274263.1,MIR7702,0.0,461.0,-0.9875,1.0001e-06,0.0,-17675.90193946968,0.0,-1.0,-1.0,-1.0,0.0,,,-1.0,3.7649365509221136e-187,0.0,461,True
heart_left_ventricle,excluded_at_or_below_-1,ENSG00000274263.1,MIR7702,,,,,,,,,,,,,,,,,0,False
heart_left_ventricle,raw,ENSG00000274263.1,MIR7702,0.0,452.0,-0.9875,1.0001e-06,0.0,-17675.90193946968,0.0,-1.0,-1.0,-1.0,0.0,,,-1.0,3.6914345358281893e-187,0.0,452,True
kidney_cortex,excluded_at_or_below_-1,ENSG00000274263.1,MIR7702,,,,,,,,,,,,,,,,,0,False
kidney_cortex,raw,ENSG00000274263.1,MIR7702,0.0,104.0,-0.9875,1.0001e-06,0.0,-17675.90193946968,0.0,-1.0,-1.0,-1.0,0.0,,,-1.0,8.493566188631232e-188,0.0,104,True
kidney_medulla,excluded_at_or_below_-1,ENSG00000274263.1,MIR7702,,,,,,,,,,,,,,,,,0,False
kidney_medulla,raw,ENSG00000274263.1,MIR7702,0.0,11.0,-0.9875,1.0001e-06,0.0,-17675.90193946968,0.0,-1.0,-1.0,-1.0,0.0,,,-1.0,8.983579622590726e-189,0.0,11,True
liver,excluded_at_or_below_-1,ENSG00000274263.1,MIR7702,,,,,,,,,,,,,,,,,0,False
liver,raw,ENSG00000274263.1,MIR7702,0.0,262.0,-0.9875,1.0001e-06,0.0,-17675.90193946968,0.0,-1.0,-1.0,-1.0,0.0,,,-1.0,2.1397253282897912e-187,0.0,262,True
lung,excluded_at_or_below_-1,ENSG00000274263.1,MIR7702,,,,,,,,,,,,,,,,,0,False
lung,raw,ENSG00000274263.1,MIR7702,0.0,604.0,-0.9875,1.0001e-06,0.0,-17675.90193946968,0.0,-1.0,-1.0,-1.0,0.0,,,-1.0,4.932801901858908e-187,0.0,604,True
minor_salivary_gland,excluded_at_or_below_-1,ENSG00000274263.1,MIR7702,,,,,,,,,,,,,,,,,0,False
minor_salivary_gland,raw,ENSG00000274263.1,MIR7702,0.0,181.0,-0.9875,1.0001e-06,0.0,-17675.90193946968,0.0,-1.0,-1.0,-1.0,0.0,,,-1.0,1.478207192444474e-187,0.0,181,True
muscle_skeletal,excluded_at_or_below_-1,ENSG00000274263.1,MIR7702,,,,,,,,,,,,,,,,,0,False
muscle_skeletal,raw,ENSG00000274263.1,MIR7702,0.0,818.0,-0.9875,1.0001e-06,0.0,-17675.90193946968,0.0,-1.0,-1.0,-1.0,0.0,,,-1.0,6.680516482981104e-187,0.0,818,True
nerve_tibial,excluded_at_or_below_-1,ENSG00000274263.1,MIR7702,,,,,,,,,,,,,,,,,2,False
nerve_tibial,raw,ENSG00000274263.1,MIR7702,0.05128205119861199,723.7708876881766,-0.9915729895417301,0.0039721097138204625,3.897435897961981,269.0777836871773,0.0,-1.0,-0.235812680919299,-0.9977444853434354,0.04125450453923546,18.22451267092374,330.1763888750905,-0.235812680919299,712.239308022877,0.0,670,True
ovary,excluded_at_or_below_-1,ENSG00000274263.1,MIR7702,,,,,,,,,,,,,,,,,0,False
ovary,raw,ENSG00000274263.1,MIR7702,0.0,193.0,-0.9875,1.0001e-06,0.0,-17675.90193946968,0.0,-1.0,-1.0,-1.0,0.0,,,-1.0,1.576209879236373e-187,0.0,193,True
pancreas,excluded_at_or_below_-1,ENSG00000274263.1,MIR7702,,,,,,,,,,,,,,,,,1,False
pancreas,raw,ENSG00000274263.1,MIR7702,0.02564102564102565,398.3972992396213,-0.9923972052980247,0.0026565226979932697,0.9743589748763093,355.2770610325404,0.0,-1.0,-0.3250287103123346,-0.9981354384262772,0.035475703377350586,18.947368421052627,357.0027700831021,-0.3250287103123346,393.8376362827858,0.0,362,True
pituitary,excluded_at_or_below_-1,ENSG00000274263.1,MIR7702,,,,,,,,,,,,,,,,,1,False
pituitary,raw,ENSG00000274263.1,MIR7702,0.025641025641086675,354.19473471879576,-0.9928291456273761,0.0028971493743548933,0.9743589760998544,316.8368857058545,0.0,-1.0,-0.3437590125033775,-0.9979033834265283,0.037092933701404804,17.606907880948466,308.003205128205,-0.3437590125033775,343.87942017575233,0.0,313,True
prostate,excluded_at_or_below_-1,ENSG00000274263.1,MIR7702,,,,,,,,,,,,,,,,,0,False
prostate,raw,ENSG00000274263.1,MIR7702,0.0,282.0,-0.9875,1.0001e-06,0.0,-17675.90193946968,0.0,-1.0,-1.0,-1.0,0.0,,,-1.0,2.3030631396096224e-187,0.0,282,True
skin_not_sun_exposed_suprapubic,excluded_at_or_below_-1,ENSG00000274263.1,MIR7702,,,,,,,,,,,,,,,,,1,False
skin_not_sun_exposed_suprapubic,raw,ENSG00000274263.1,MIR7702,2.3509579415916098,614.4849286048232,-0.9934213476483682,0.00608984167943447,1367.3046962497672,121.27200731719321,0.0,-1.0,-0.471203668255128,-0.9991877168483182,0.020725162265891085,25.455874340936283,646.0015384615385,-0.471203668255128,611.8519401690602,0.0,651,True
skin_sun_exposed_lower_leg,excluded_at_or_below_-1,ENSG00000274263.1,MIR7702,,,,,,,,,,,,,,,,,0,False
skin_sun_exposed_lower_leg,raw,ENSG00000274263.1,MIR7702,0.0,754.0,-0.9875,1.0001e-06,0.0,-17675.90193946968,0.0,-1.0,-1.0,-1.0,0.0,,,-1.0,6.157835486757643e-187,0.0,754,True
small_intestine_terminal_ileum,excluded_at_or_below_-1,ENSG00000274263.1,MIR7702,,,,,,,,,,,,,,,,,0,False
small_intestine_terminal_ileum,raw,ENSG00000274263.1,MIR7702,0.0,207.0,-0.9875,1.0001e-06,0.0,-17675.90193946968,0.0,-1.0,-1.0,-1.0,0.0,,,-1.0,1.6905463471602549e-187,0.0,207,True
spleen,excluded_at_or_below_-1,ENSG00000274263.1,MIR7702,,,,,,,,,,,,,,,,,0,False
spleen,raw,ENSG00000274263.1,MIR7702,0.0,277.0,-0.9875,1.0001e-06,0.0,-17675.90193946968,0.0,-1.0,-1.0,-1.0,0.0,,,-1.0,2.2622286867796648e-187,0.0,277,True
stomach,excluded_at_or_below_-1,ENSG00000274263.1,MIR7702,,,,,,,,,,,,,,,,,0,False
stomach,raw,ENSG00000274263.1,MIR7702,0.0,407.0,-0.9875,1.0001e-06,0.0,-17675.90193946968,0.0,-1.0,-1.0,-1.0,0.0,,,-1.0,3.3239244603585686e-187,0.0,407,True
testis,excluded_at_or_below_-1,ENSG00000274263.1,MIR7702,,,,,,,,,,,,,,,,,0,False
testis,raw,ENSG00000274263.1,MIR7702,0.0,414.0,-0.9875,1.0001e-06,0.0,-17675.90193946968,0.0,-1.0,-1.0,-1.0,0.0,,,-1.0,3.3810926943205097e-187,0.0,414,True
thyroid,excluded_at_or_below_-1,ENSG00000274263.1,MIR7702,,,,,,,,,,,,,,,,,1,False
thyroid,raw,ENSG00000274263.1,MIR7702,2.1420450705322343,647.6770916215851,-0.9921944494586101,0.007115444158677442,1323.435190172089,123.03735225345028,0.0,-1.0,-0.3731469217840114,-0.9990835481312632,0.02396832649465695,26.096004754154283,679.0014641288434,-0.3731469217840114,644.7357238678234,0.0,684,True
uterus,excluded_at_or_below_-1,ENSG00000274263.1,MIR7702,,,,,,,,,,,,,,,,,0,False
uterus,raw,ENSG00000274263.1,MIR7702,0.0,153.0,-0.9875,1.0001e-06,0.0,-17675.90193946968,0.0,-1.0,-1.0,-1.0,0.0,,,-1.0,1.24953425659671e-187,0.0,153,True
vagina,excluded_at_or_below_-1,ENSG00000274263.1,MIR7702,,,,,,,,,,,,,,,,,0,False
vagina,raw,ENSG00000274263.1,MIR7702,0.0,170.0,-0.9875,1.0001e-06,0.0,-17675.90193946968,0.0,-1.0,-1.0,-1.0,0.0,,,-1.0,1.3883713962185667e-187,0.0,170,True
whole_blood,excluded_at_or_below_-1,ENSG00000274263.1,MIR7702,,,,,,,,,,,,,,,,,0,False
whole_blood,raw,ENSG00000274263.1,MIR7702,0.0,803.0,-0.9875,1.0001e-06,0.0,-17675.90193946968,0.0,-1.0,-1.0,-1.0,0.0,,,-1.0,6.55801312449123e-187,0.0,803,True
adipose_subcutaneous,excluded_at_or_below_-1,ENSG00000283856.1,MIR7703,,,,,,,,,,,,,,,,,20,False
adipose_subcutaneous,raw,ENSG00000283856.1,MIR7703,0.5128205128205128,747.9794516935161,-0.9868800188978503,0.002465521629100401,23.743589743592217,563.4036667626647,0.0,-1.0,-0.0046493549612821,-0.9823812897118314,0.10907541894256417,6.5228200035760375,43.33032169056166,-0.0046493549612821,744.2838996602317,0.0,714,True
adipose_visceral_omentum,excluded_at_or_below_-1,ENSG00000283856.1,MIR7703,0.12118988341059264,1.2708063705206019,-0.39765119708227137,0.17291976763172917,26.991040468727682,3.7842158722420587,0.0,-0.6596599202703177,0.0650552474792924,-0.37715676800274067,0.15513275283904038,0.7178597246414646,0.9073523692847765,0.0650552474792924,1.269806901004934,0.0,26,True
adipose_visceral_omentum,raw,ENSG00000283856.1,MIR7703,0.6666666598057237,612.5553458116949,-0.9850787810662688,0.0053868737312335515,40.66666701770413,275.6912189843641,0.0,-1.0,0.0650552474792924,-0.9724123951755899,0.1321983892926504,4.888074702644237,23.610133960094064,0.0650552474792924,602.3921851026911,0.0,587,True
adrenal_gland,excluded_at_or_below_-1,ENSG00000283856.1,MIR7703,0.13196269793997642,1.6634982962275215,-0.5031325653861309,0.14807942066787486,17.931968566677227,6.6812105491593154,0.0,-0.7177488104154048,0.1964433783061676,-0.46307204357068626,0.18906905144616598,1.7545502302955869,4.325935016874357,0.1964433783061676,1.6634729884948423,0.0,24,True
adrenal_gland,raw,ENSG00000283856.1,MIR7703,0.6153846153839561,295.0023642571928,-0.9867475162851396,0.005769337764881309,33.2307692308023,290.03062018536644,0.0,-1.0,0.1964433783061676,-0.956317725578632,0.156255948984263,3.8768469705479576,16.206905668834438,0.1964433783061676,290.32554359015006,0.0,295,True
artery_aorta,excluded_at_or_below_-1,ENSG00000283856.1,MIR7703,,,,,,,,,,,,,,,,,6,False
artery_aorta,raw,ENSG00000283856.1,MIR7703,0.15384615384824427,490.6036342756952,-0.9884575451367382,0.004254323809885818,7.0769230783234685,328.86149311971,0.0,-1.0,0.0008437298319994,-0.9903944363792828,0.0877793922265064,9.513193117095216,92.05942410287027,0.0008437298319994,489.9649607936895,0.0,472,True
artery_coronary,excluded_at_or_below_-1,ENSG00000283856.1,MIR7703,0.2631579506741362,7.281405968507521,-0.4889417239678863,0.007175692302349748,9.368422085531845,115.23312438157478,0.0,-0.6823254636278606,0.0957489236122788,-0.3386303178940111,0.20331352884064197,0.5059137894499364,-0.06005044857436914,0.0957489236122788,7.277757683585581,0.0,13,True
artery_coronary,raw,ENSG00000283856.1,MIR7703,0.33333333333333337,271.8799797689154,-0.986700845752974,0.001555096561706178,22.666666666666693,984.385910251407,0.0,-1.0,0.0957489236122788,-0.9679186348232172,0.14873417802967928,4.808798201313762,23.09197105675833,0.0957489236122788,245.7755982855146,0.0,268,True
artery_tibial,excluded_at_or_below_-1,ENSG00000283856.1,MIR7703,,,,,,,,,,,,,,,,,9,False
artery_tibial,raw,ENSG00000283856.1,MIR7703,0.23076923076916675,767.2483567420036,-0.9864541275941582,0.00571190028415156,6.92307692307913,303.83627276676344,0.0,-1.0,0.2407173116613332,-0.9896926140462825,0.0945086086287255,9.895828679543634,103.08140460542597,0.2407173116613332,746.1705819191135,0.0,691,True
bladder,excluded_at_or_below_-1,ENSG00000283856.1,MIR7703,,,,,,,,,,,,,,,,,7,False
bladder,raw,ENSG00000283856.1,MIR7703,0.1794871794871795,76.85599164773832,-0.9890998507787867,0.00323934482563663,5.743589743589743,410.99423744253994,0.0,-1.0,-0.0476917835333324,-0.946118291058077,0.17925145261559838,3.359057515285952,10.69815111536897,-0.0476917835333324,76.47398823550876,0.0,77,True
brain_amygdala,excluded_at_or_below_-1,ENSG00000283856.1,MIR7703,,,,,,,,,,,,,,,,,8,False
brain_amygdala,raw,ENSG00000283856.1,MIR7703,0.2051282051282051,180.00035265846734,-0.9914037367367361,0.0016745521914081345,10.358974359264499,596.3936105185991,0.0,-1.0,-0.285221690398634,-0.9798485525324324,0.09785543123905537,5.028093871670132,25.274354828136975,-0.285221690398634,176.24156638726373,0.0,181,True
brain_anterior_cingulate_cortex_ba24,excluded_at_or_below_-1,ENSG00000283856.1,MIR7703,,,,,,,,,,,,,,,,,7,False
brain_anterior_cingulate_cortex_ba24,raw,ENSG00000283856.1,MIR7703,0.17948717948717952,300.1962905486971,-0.9882888542936722,0.004562755380415892,5.7435897437817385,347.1236394260201,0.0,-1.0,0.1316553292445517,-0.981519489059206,0.11346922119627138,6.916729814113606,52.188730343355914,0.1316553292445517,298.1678516554547,0.0,233,True
brain_caudate_basal_ganglia,excluded_at_or_below_-1,ENSG00000283856.1,MIR7703,,,,,,,,,,,,,,,,,6,False
brain_caudate_basal_ganglia,raw,ENSG00000283856.1,MIR7703,0.15384615384669578,373.05825265233517,-0.99385530032163,0.0028335045191045993,7.076923080065091,297.5535250472293,0.0,-1.0,-0.3976799557138137,-0.991335693831699,0.061964947232356474,7.313364324463709,53.98468296765353,-0.3976799557138137,372.4816125204427,0.0,300,True
brain_cerebellar_hemisphere,excluded_at_or_below_-1,ENSG00000283856.1,MIR7703,0.41844971062243314,0.420137597581206,-0.3588264538974809,0.12114407093843513,15.028092375729067,4.767928896005919,0.0,-0.6357435945491481,0.0496028892902014,-0.31995311768304363,0.19288908076420533,0.26419846538921704,-0.7489830495029057,0.0496028892902014,0.4201327036552717,0.0,22,True
brain_cerebellar_hemisphere,raw,ENSG00000283856.1,MIR7703,0.8610742018815318,247.40148792161204,-0.9868883314653885,0.010540576832257535,69.5394696296512,139.0644900179773,0.0,-1.0,0.0496028892902014,-0.9459890562780757,0.19174516497841537,3.534107707847072,11.468856592440403,0.0496028892902014,245.81341168927014,0.0,277,True
brain_cerebellum,excluded_at_or_below_-1,ENSG00000283856.1,MIR7703,0.26401930988373384,0.7532760187239426,-0.29364351432601415,0.17487821462266798,18.650225735057738,4.17183748381563,0.0,-0.4761139130539236,0.222235777371182,-0.21623858049094907,0.18282803469313555,0.6505011330722056,-0.14279733711900855,0.222235777371182,0.7531428099773434,0.0,23,True
brain_cerebellum,raw,ENSG00000283856.1,MIR7703,0.7392544039772415,238.09849863891142,-0.9847262656410769,0.01146423934937835,59.95914559278836,148.88925802042266,0.0,-1.0,0.222235777371182,-0.9322311554559845,0.22689223769889327,3.247016751512867,9.32553031212023,0.222235777371182,236.32771583841046,0.0,266,True
brain_cortex,excluded_at_or_below_-1,ENSG00000283856.1,MIR7703,0.23076923076919678,9.51979003648678,-0.6321834620470659,0.003587600390381916,6.923076923078,230.38244196971795,0.0,-0.6348685266527502,-0.0477454671513217,-0.4027921720934114,0.2120399992681349,0.5135826366940177,-1.183500519666999,-0.0477454671513217,9.471646735772973,0.0,11,True
brain_cortex,raw,ENSG00000283856.1,MIR7703,0.2820512820796437,274.6945773603945,-0.9892418018852565,0.0046774395339755515,9.8974358976044,284.65934745576754,0.0,-1.0,-0.0477454671513217,-0.9756693107149168,0.12514680510374798,5.479719309276166,30.626735222081408,-0.0477454671513217,272.98123484346957,0.0,270,True
brain_frontal_cortex_ba9,excluded_at_or_below_-1,ENSG00000283856.1,MIR7703,,,,,,,,,,,,,,,,,12,False
brain_frontal_cortex_ba9,raw,ENSG00000283856.1,MIR7703,0.30769230769230765,257.46929780803737,-0.9908812042470748,2.939155982672097e-05,16.30769230769231,34656.04551637437,,-1.0,-0.2706256061867315,-0.9767142460466128,0.11110365583900206,4.839373014239061,22.84672359458969,-0.2706256061867315,0.0,0.0,269,True
brain_hippocampus,excluded_at_or_below_-1,ENSG00000283856.1,MIR7703,0.23684213758276423,7.6976682988290825,-0.4305455907759477,0.005192006875882931,6.868421755655344,100.75709384095973,0.0,-0.6285047010045837,-0.0606357426916079,-0.4125303702382766,0.16001546006153758,0.7242739372842113,0.16714542261893772,-0.0606357426916079,7.688544008099397,0.0,12,True
brain_hippocampus,raw,ENSG00000283856.1,MIR7703,0.30769230769364214,252.26973008650492,-0.9891189155896869,0.00437629690859548,10.307692307745382,300.04214132927325,0.0,-1.0,-0.0606357426916079,-0.9723543703641542,0.12902129469410398,4.783753676418128,22.665058325588614,-0.0606357426916079,252.14719763588607,0.0,255,True
brain_hypothalamus,excluded_at_or_below_-1,ENSG00000283856.1,MIR7703,,,,,,,,,,,,,,,,,8,False
brain_hypothalamus,raw,ENSG00000283856.1,MIR7703,0.20512820514963662,265.6363496118054,-0.9919557420605757,0.003567070530300237,10.358974359245508,280.90621373389604,0.0,-1.0,-0.283426066311326,-0.984071170743039,0.09061430124764694,5.721486999505541,32.144048341967675,-0.283426066311326,263.3762817312131,0.0,257,True
brain_nucleus_accumbens_basal_ganglia,excluded_at_or_below_-1,ENSG00000283856.1,MIR7703,,,,,,,,,,,,,,,,,11,False
brain_nucleus_accumbens_basal_ganglia,raw,ENSG00000283856.1,MIR7703,0.28205128205128205,282.72301955459506,-0.9925199892346428,0.0011748560136538198,9.897435897435898,731.6663209879966,0.0,-1.0,-0.3846891777705853,-0.9829188047170055,0.08763110583001835,5.158637963826394,25.71912915944908,-0.3846891777705853,266.0781630970398,0.0,285,True
brain_putamen_basal_ganglia,excluded_at_or_below_-1,ENSG00000283856.1,MIR7703,0.06833348443463776,8411.23054305929,-3.0384106362302052,0.7817984058410535,10.017546046717044,5.655215243591497,0.0,-0.7266870268689396,0.0878769201618292,-0.5217198294064397,0.2442976244258804,1.62997682234769,1.6177511165063958,0.0878769201618292,1.3406737475925654,0.0,11,True
brain_putamen_basal_ganglia,raw,ENSG00000283856.1,MIR7703,0.2820512820512857,322.11883112551817,-0.9886363877013692,0.004200870684462617,13.8974358974359,362.4057569032285,0.0,-1.0,0.0878769201618292,-0.9792870792262631,0.10896770487088667,6.4200704629788605,47.553993152753826,0.0878769201618292,318.1678804268989,0.0,254,True
brain_spinal_cord_cervical_c-1,excluded_at_or_below_-1,ENSG00000283856.1,MIR7703,,,,,,,,,,,,,,,,,3,False
brain_spinal_cord_cervical_c-1,raw,ENSG00000283856.1,MIR7703,0.07692307692307605,297.4452381133839,-0.9930197226336243,0.003339576652871503,2.769230769231043,304.38245049926877,0.0,-1.0,-0.2742396513087246,-0.9918337322627961,0.06874357328662957,8.70104205447126,77.16761474650679,-0.2742396513087246,295.21927422657154,0.0,204,True
brain_substantia_nigra,excluded_at_or_below_-1,ENSG00000283856.1,MIR7703,,,,,,,,,,,,,,,,,9,False
brain_substantia_nigra,raw,ENSG00000283856.1,MIR7703,0.23076923076923078,188.32426379223622,-0.9889591607735453,0.002559034503863864,8.923076923076982,514.1106082190578,0.0,-1.0,-0.0586705394232152,-0.9733111853195697,0.12479589050246627,5.029736372038708,26.216558831483685,-0.0586705394232152,188.2774995976554,0.0,183,True
breast_mammary_tissue,excluded_at_or_below_-1,ENSG00000283856.1,MIR7703,0.06545878422905252,1.0534104551347463,-0.41081702009472143,0.27403636200363496,21.163010769107622,4.582907500230964,0.0,-0.5081776814928288,0.4772265768391492,-0.25617869030500323,0.23319774902242524,1.888428730843028,3.7951527168138686,0.4772265768391492,1.053380222725237,0.0,17,True
breast_mammary_tissue,raw,ENSG00000283856.1,MIR7703,0.4358974360059278,712.9171749943413,-0.9858436011366022,0.0071651265383868646,21.58974359374648,288.77280496190025,0.0,-1.0,0.4772265768391492,-0.9753989060995819,0.13937070717311706,6.174274118811938,41.62990510419956,0.4772265768391492,707.2425911416341,0.0,514,True
cells_cultured_fibroblasts,excluded_at_or_below_-1,ENSG00000283856.1,MIR7703,0.49073938344717777,1.059995689040772,-0.3467704326475227,0.06923916052998288,24.60799227577058,10.513953921087364,0.0,-0.5379801487531253,0.1679872833833164,-0.2544255109261255,0.19156576161042654,0.5955477815630921,-0.367318779641606,0.1679872833833164,1.059978318085473,0.0,27,True
cells_cultured_fibroblasts,raw,ENSG00000283856.1,MIR7703,0.6923076918471098,629.5073409709709,-0.9848708942437628,0.0058114758730307475,46.30769233114654,280.5462340227666,0.0,-1.0,0.1679872833833164,-0.9691249828144253,0.15351188025300438,5.0954147711573485,25.709485817715667,0.1679872833833164,625.4023857797899,0.0,652,True
cells_ebv-transformed_lymphocytes,excluded_at_or_below_-1,ENSG00000283856.1,MIR7703,1.0285219151921068,7.233296169129531,-0.49263958045961725,0.12080365343343931,134.39577399523975,11.806553866053125,0.0,-0.6898413911496181,0.5158890317851843,-0.36119112130514197,0.21797699642335555,1.387848583586912,2.4776692971671306,0.5158890317851843,7.233294206074845,0.0,92,True
cells_ebv-transformed_lymphocytes,raw,ENSG00000283856.1,MIR7703,2.3589743579545797,254.6540595426173,-0.9798501772791314,0.003994956078392141,472.9743589744391,529.491347019592,0.0,-1.0,0.5158890317851843,-0.8202739546179604,0.3098795572283283,1.5273006203097617,1.4384749076105434,0.5158890317851843,254.50774270922625,0.0,327,True
cervix_ectocervix,excluded_at_or_below_-1,ENSG00000283856.1,MIR7703,,,,,,,,,,,,,,,,,1,False
cervix_ectocervix,raw,ENSG00000283856.1,MIR7703,0.025641029042907108,33.673759587761985,-0.9915968706213454,0.005496321963150505,0.974358974422889,240.76589638452296,0.0,-1.0,-0.0558634570234105,-0.9606609773759754,0.1927210648173271,4.587317109255644,19.043478260869556,-0.0558634570234105,33.37117574881955,0.0,24,True
cervix_endocervix,excluded_at_or_below_-1,ENSG00000283856.1,MIR7703,,,,,,,,,,,,,,,,,2,False
cervix_endocervix,raw,ENSG00000283856.1,MIR7703,0.05128205128232763,24.552823512467647,-0.9928510100456411,0.0021003773710748467,1.8974358974358974,425.34533327027725,0.0,-1.0,-0.361131914243696,-0.9470335723765527,0.17571735749692086,2.945614196964479,6.709147079997376,-0.361131914243696,24.000166080824116,0.0,23,True
colon_sigmoid,excluded_at_or_below_-1,ENSG00000283856.1,MIR7703,0.25641025641025644,2.8089931576228597,-0.03361914264799057,0.0013323365543264762,7.435897435897438,6.814380842119306,8.495366260372463e-11,-0.5571477782282138,-0.0271992857518209,-0.3034412446314697,0.1812395667287917,0.4535999190972032,-1.0393973874157305,-0.0271992857518209,2.728762188645799,2.318183423000164e-10,13,True
colon_sigmoid,raw,ENSG00000283856.1,MIR7703,0.3333333333333333,410.7881891200049,-0.9875486502922008,0.0026010576592436626,18.666666666666668,522.148784792533,0.0,-1.0,-0.0271992857518209,-0.9783883918382079,0.1247581185950628,5.948320660189993,35.43594979737571,-0.0271992857518209,393.3973085038174,0.0,419,True
colon_transverse,excluded_at_or_below_-1,ENSG00000283856.1,MIR7703,-0.007185709926834727,2.154867514475171,-0.6027791693816453,0.4200111704890075,35.996003006270584,2.8605963991765675,0.0,-0.6528389500445324,0.246797212772875,-0.40173910981414424,0.19472908634136823,1.0923489891065925,1.5208684064213234,0.246797212772875,2.1188479417825894,0.0,40,True
colon_transverse,raw,ENSG00000283856.1,MIR7703,1.0256410289538234,458.2049095012337,-0.985728730961818,0.006182108484298968,70.97435897531949,281.951523502577,0.0,-1.0,0.246797212772875,-0.9500408442433523,0.17476796700321665,3.641512470508798,13.21091302477494,0.246797212772875,457.13445218052686,0.0,479,True
esophagus_gastroesophageal_junction,excluded_at_or_below_-1,ENSG00000283856.1,MIR7703,0.2307692307692308,4.893642796320643,-0.5106999349725699,0.0016530055433862866,8.923076923076923,513.4765052229935,0.0,-0.5174418336179392,0.0894778119498587,-0.3288977582809388,0.17790098301433438,0.8329679367326623,0.2551464442183047,0.0894778119498587,4.678314943927967,0.0,13,True
esophagus_gastroesophageal_junction,raw,ENSG00000283856.1,MIR7703,0.3333333333347575,465.96357677018773,-0.9886612302745174,0.005391073566889224,18.666666667028743,282.8228620366333,0.0,-1.0,0.0894778119498587,-0.9783515405897077,0.12263517951818595,5.87594568469863,35.04406125340325,0.0894778119498587,463.0657953169715,0.0,403,True
esophagus_mucosa,excluded_at_or_below_-1,ENSG00000283856.1,MIR7703,0.8262953738248059,2.1680441251267526,-0.4086987403604636,0.06893046891372782,43.255674573307125,10.781896275972736,0.0,-0.6427959731632731,0.1168238439618514,-0.34866913779977415,0.1886157126401425,0.6702684182972815,-0.19114823350250054,0.1168238439618514,2.167925497553155,0.0,47,True
esophagus_mucosa,raw,ENSG00000283856.1,MIR7703,2.7773871679262196,552.283090964995,-0.9860514383208151,0.011083116294965086,349.6108769022842,140.72767444646902,0.0,-1.0,0.1168238439618514,-0.9501424258576374,0.180849554988205,3.6750155514959073,12.823907532486126,0.1168238439618514,548.6757081947167,0.0,614,True
esophagus_muscularis,excluded_at_or_below_-1,ENSG00000283856.1,MIR7703,0.3421053334486269,5.194979583413947,-0.48766492908450004,0.0053672054722898035,10.55263223743361,138.49365138876374,0.0,-0.5001270765868211,0.0379444296348776,-0.31317729712912734,0.15374225968907443,0.731805904385097,-0.1961485792089439,0.0379444296348776,5.192644066538842,0.0,16,True
esophagus_muscularis,raw,ENSG00000283856.1,MIR7703,0.4102564102564103,634.0389901610217,-0.9873236274160403,0.0007639862191514879,15.435897435897434,1897.871918370056,0.0,-1.0,0.0379444296348776,-0.9804114737149128,0.11716056996079954,6.109247909767153,37.289250548317305,0.0379444296348776,379.87659417890086,0.0,561,True
fallopian_tube,excluded_at_or_below_-1,ENSG00000283856.1,MIR7703,,,,,,,,,,,,,,,,,2,False
fallopian_tube,raw,ENSG00000283856.1,MIR7703,0.051282051282712654,32.176647722605246,-0.9900395485023793,0.004343006945190296,3.8974358974617203,303.86973096226274,0.0,-1.0,-0.0568648236130907,-0.9351387603091399,0.24253474327829908,3.4021194590104034,9.574549334711685,-0.0568648236130907,31.730206589892767,0.0,29,True
heart_atrial_appendage,excluded_at_or_below_-1,ENSG00000283856.1,MIR7703,0.2566367522616717,4.639214377090729,-0.5632088654371207,0.017303490422236126,9.011375561970274,45.933189368004484,0.0,-0.652804926090482,-0.0011972121488318,-0.4891783115550671,0.16522418620936546,1.7654871022990342,2.3970940227306707,-0.0011972121488318,4.636805586664258,0.0,19,True
heart_atrial_appendage,raw,ENSG00000283856.1,MIR7703,0.48717948717948856,537.0663394763023,-0.989449965276023,0.00437167584187996,47.74358975959641,319.69443688761953,0.0,-1.0,-0.0011972121488318,-0.9789466115391459,0.10677977845224262,5.522563375316883,32.9037693930626,-0.0011972121488318,528.7739445342945,0.0,461,True
heart_left_ventricle,excluded_at_or_below_-1,ENSG00000283856.1,MIR7703,0.45375881266708407,1.9544450631870467,-0.6130957047677914,0.08848557359014451,30.808794565663476,6.915581963838529,0.0,-0.7638405027708185,-0.1803963918344083,-0.5427146503740178,0.14286885243470077,1.0033330445357431,0.3050486824643559,-0.1803963918344083,1.9544318710827089,0.0,39,True
heart_left_ventricle,raw,ENSG00000283856.1,MIR7703,2.013400177477459,399.8841187662168,-0.9897671333170482,0.008419454300825972,232.74853453811903,135.9497942141484,0.0,-1.0,-0.1803963918344083,-0.9605439631959883,0.13506390910986993,3.5149373277865608,11.935036996294054,-0.1803963918344083,397.47226015975957,0.0,452,True
kidney_cortex,excluded_at_or_below_-1,ENSG00000283856.1,MIR7703,,,,,,,,,,,,,,,,,7,False
kidney_cortex,raw,ENSG00000283856.1,MIR7703,,,,,,,,,,,,,,,,,104,False
kidney_medulla,excluded_at_or_below_-1,ENSG00000283856.1,MIR7703,,,,,,,,,,,,,,,,,0,False
kidney_medulla,raw,ENSG00000283856.1,MIR7703,0.0,11.0,-0.9875,1.0001e-06,0.0,-17675.90193946968,0.0,-1.0,-1.0,-1.0,0.0,,,-1.0,8.983579622590726e-189,0.0,11,True
liver,excluded_at_or_below_-1,ENSG00000283856.1,MIR7703,0.16358914927038518,2.079198232029619,-0.5821978139523115,0.10704191386872783,18.903557271684736,10.249434424628184,0.0,-0.6543606409485763,0.1935825250816485,-0.45815971232827407,0.22268921414489676,1.7944124904430736,2.310928724284482,0.1935825250816485,2.079198038373298,0.0,22,True
liver,raw,ENSG00000283856.1,MIR7703,0.569244704677378,238.51760524240373,-0.9850842687604346,0.010396624575182225,44.50031700302141,160.32959094717248,0.0,-1.0,0.1935825250816485,-0.9545019605771833,0.16327633526554589,4.078555276341576,18.34648639319367,0.1935825250816485,236.46157998185743,0.0,262,True
lung,excluded_at_or_below_-1,ENSG00000283856.1,MIR7703,0.23853936069603535,3.537712212934911,-0.26678675865452645,0.20023116416696352,61.9232157781901,4.703789785984399,0.0,-0.5836401555712925,0.3991984432296092,-0.24458152633802538,0.19112475647747798,1.1451311969365647,2.088017208509786,0.3991984432296092,3.5376538913853084,0.0,60,True
lung,raw,ENSG00000283856.1,MIR7703,1.7764864309944952,514.2283291761044,-0.9825216834916901,0.014709460173846653,983.2336404964337,132.84289970664045,0.0,-1.0,0.3991984432296092,-0.9249584297686779,0.23391309846870095,3.051956099083671,8.38984717779825,0.3991984432296092,511.2180985836219,0.0,604,True
minor_salivary_gland,excluded_at_or_below_-1,ENSG00000283856.1,MIR7703,,,,,,,,,,,,,,,,,6,False
minor_salivary_gland,raw,ENSG00000283856.1,MIR7703,0.1538461538461539,181.48830733975902,-0.990735392173553,0.001546139646323394,7.076923084218499,691.2995745154099,0.0,-1.0,-0.2349473640547931,-0.9810716832320364,0.10615428278158977,5.748028406888688,32.69877358125087,-0.2349473640547931,173.68669989738197,0.0,181,True
muscle_skeletal,excluded_at_or_below_-1,ENSG00000283856.1,MIR7703,0.29561857865332175,2.0490094193747104,-0.4970692545450719,0.02501888791264542,21.905031935930513,24.519645336098336,0.0,-0.6518979165220185,-0.0632915885380597,-0.4481886802373102,0.13419765719167165,1.2356517612468016,1.9503324017929122,-0.0632915885380597,2.0484048962416996,0.0,18,True
muscle_skeletal,raw,ENSG00000283856.1,MIR7703,0.4615384615384618,834.9031618352482,-0.9889250369196015,0.0030469506282994954,27.692307705504096,429.6240852507447,0.0,-1.0,-0.0632915885380597,-0.9878574526213588,0.08328086752469248,7.151325600097368,52.89607569036371,-0.0632915885380597,833.4205914549032,0.0,818,True
nerve_tibial,excluded_at_or_below_-1,ENSG00000283856.1,MIR7703,0.06769242631882123,1.885009504346857,-0.27322106624542136,0.2133001331065365,15.964317739550607,7.921398446154438,0.0,-0.4502638089598579,0.9215315424902716,-0.16896664110501383,0.29699706647137736,2.529621696410004,6.856812673967285,0.9215315424902716,1.884989100137687,0.0,21,True
nerve_tibial,raw,ENSG00000283856.1,MIR7703,0.5384615384463171,742.56644506619,-0.9795835062736074,0.009786716521915767,35.6923076929547,274.717539797216,0.0,-1.0,0.9215315424902716,-0.9739526857659779,0.1537402179496565,6.790946180359233,54.083793369962265,0.9215315424902716,732.0451531320581,0.0,670,True
ovary,excluded_at_or_below_-1,ENSG00000283856.1,MIR7703,,,,,,,,,,,,,,,,,5,False
ovary,raw,ENSG00000283856.1,MIR7703,0.12820512820510405,200.94770953871466,-0.9890976187296973,0.004446514246267556,4.35897435897485,303.2796426501284,0.0,-1.0,-0.0355377834076254,-0.9789838820179215,0.12994379613389304,6.080708799551105,35.48047878180344,-0.0355377834076254,199.5725900801722,0.0,193,True
pancreas,excluded_at_or_below_-1,ENSG00000283856.1,MIR7703,-0.01840703704312693,0.6322424314601194,-0.6333533260124721,0.34306782247093026,10.557435309794059,1.9038007623571156,0.0,-0.7956088370702195,-0.171518706873072,-0.5527474187862838,0.16269449200405456,0.5012882049114774,-0.09515312143860521,-0.171518706873072,0.5290032663232769,0.0,17,True
pancreas,raw,ENSG00000283856.1,MIR7703,0.4358974358974356,382.4836856741814,-0.9886130302933249,0.0031906316723128623,13.589743589743598,362.1683705914397,0.0,-1.0,-0.171518706873072,-0.9789964257441073,0.10075076114975026,5.122121341504041,26.943460728392235,-0.171518706873072,378.6052240541969,0.0,362,True
pituitary,excluded_at_or_below_-1,ENSG00000283856.1,MIR7703,0.3195130013377511,1.5529118745296173,-0.3538824424024005,0.16087707106775292,28.33910575970377,4.255914584864518,0.0,-0.5860485374119973,0.1302587731425997,-0.2919441614382592,0.1672893999314349,0.8209734897332666,0.18382347228720253,0.1302587731425997,1.552728936093271,0.0,37,True
pituitary,raw,ENSG00000283856.1,MIR7703,0.9487179487179488,397.4873173218325,-0.9885269134021379,0.004375660593857467,67.89743589743604,361.59154883300374,0.0,-1.0,0.1302587731425997,-0.9163001085406248,0.23591342587324543,2.6570132536300437,5.741234137414969,0.1302587731425997,397.01028890392854,0.0,313,True
prostate,excluded_at_or_below_-1,ENSG00000283856.1,MIR7703,0.0401021327226951,1.6401892384878975,-0.4894535148159589,0.3799958396211136,28.38561780608724,3.8467677134646845,0.0,-0.4899880410936117,0.5441638722585447,-0.24773140939280405,0.22723242458273218,1.8982597125454495,4.390867199363735,0.5441638722585447,1.6391822299997023,0.0,23,True
prostate,raw,ENSG00000283856.1,MIR7703,0.6052637531252335,256.90569006256436,-0.980698214764854,0.011854348559377,49.67029981355666,181.91473225335682,0.0,-1.0,0.5441638722585447,-0.9386447603405479,0.21583460567083618,3.6732386435139333,13.847769536231823,0.5441638722585447,254.03569208020951,0.0,282,True
skin_not_sun_exposed_suprapubic,excluded_at_or_below_-1,ENSG00000283856.1,MIR7703,0.21367317478119185,1.5613218861011753,-0.3519354155599533,0.11552265925298819,19.972330128184357,6.101608404960574,0.0,-0.630495547516439,0.1464857899888241,-0.3048821137263734,0.15438747526216265,0.7756851302835348,1.5388769818963226,0.1464857899888241,1.5613096686477927,0.0,25,True
skin_not_sun_exposed_suprapubic,raw,ENSG00000283856.1,MIR7703,0.6410256445903505,701.1692400883737,-0.9857670249449282,0.0002900010958768741,42.97435897435915,5521.521503471383,0.0,-1.0,0.1464857899888241,-0.9733057647360358,0.13693278927469502,5.198046214376975,26.640138459344488,0.1464857899888241,0.17601791051185423,0.0,651,True
skin_sun_exposed_lower_leg,excluded_at_or_below_-1,ENSG00000283856.1,MIR7703,0.5729493242734451,0.6325289480715184,-0.32244671601661373,0.037550580013928476,23.36574175411981,7.2598860327510435,3.588194186169653e-12,-0.5422113658124068,-0.1296802636094068,-0.327483751384819,0.11605515295010314,-0.1346728929161678,-0.7827571328282539,-0.1296802636094068,0.6325267840824425,2.2696289292412075e-12,27,True
skin_sun_exposed_lower_leg,raw,ENSG00000283856.1,MIR7703,0.6923076923076925,745.8951962119037,-0.9891155324034122,3.353703302324828e-05,38.30769230771026,36241.28026673384,,-1.0,-0.1296802636094068,-0.9759178531663,0.1268916125255955,5.221002040318454,25.996570282473993,-0.1296802636094068,0.0,0.0,754,True
small_intestine_terminal_ileum,excluded_at_or_below_-1,ENSG00000283856.1,MIR7703,0.19615547762356533,2.227405701175765,-0.4537435028560198,0.14597101933939235,22.76617954854911,7.121168222313928,0.0,-0.6038591476852861,0.281282812797583,-0.3706604858651865,0.20030856006092915,1.629100378512385,2.3872191598188213,0.281282812797583,2.2273668422202277,0.0,32,True
small_intestine_terminal_ileum,raw,ENSG00000283856.1,MIR7703,,,,,,,,,,,,,,,,,207,False
spleen,excluded_at_or_below_-1,ENSG00000283856.1,MIR7703,0.5728968275219739,4.216159569427407,-0.3599766637918196,0.23233673654588102,64.83128294811664,8.133986637331043,0.0,-0.6426011403103847,0.976330638518388,-0.19182459005662095,0.33710351139395744,1.2691638557484888,1.4289988451367002,0.976330638518388,4.216054188924999,0.0,64,True
spleen,raw,ENSG00000283856.1,MIR7703,1.641025637430139,241.09038385959897,-0.9752583163293231,0.0001035063547064182,188.974358974359,26664.67750653021,,-1.0,0.976330638518388,-0.8132735514932264,0.3773601487881247,2.0507186846980305,3.7237637677402127,0.976330638518388,0.0,0.0,277,True
stomach,excluded_at_or_below_-1,ENSG00000283856.1,MIR7703,0.47705074503783723,4.542031066885227,-0.44377778669850965,0.05042556882933472,23.08330933481586,28.93244405883546,0.0,-0.6691731632030421,0.5878450092542775,-0.3147367338486347,0.24172814014319996,1.8391697574848944,4.452223835862357,0.5878450092542775,4.540731852409275,0.0,32,True
stomach,raw,ENSG00000283856.1,MIR7703,0.8205128205128124,422.89140465373293,-0.982669821311499,0.007197485385113217,85.74358974359053,308.5860205965903,0.0,-1.0,0.5878450092542775,-0.9461218070839221,0.1963753269327888,3.97923395050204,17.234803612838434,0.5878450092542775,410.8052580860735,0.0,407,True
testis,excluded_at_or_below_-1,ENSG00000283856.1,MIR7703,0.04552638313390805,1.4421269418022087,-0.36468165067739583,0.1995656831264285,19.06957259989379,3.5748261642441705,0.0,-0.7367107405537221,0.1397772546158677,-0.35182122562371015,0.17027963591414616,0.49960081327744604,1.5404201731260763,0.1397772546158677,1.439701162460168,0.0,25,True
testis,raw,ENSG00000283856.1,MIR7703,0.6410256492673447,402.02178490496703,-0.9868355995574487,0.005823251158990901,38.97435897808994,273.6050935147817,0.0,-1.0,0.1397772546158677,-0.9608587696632676,0.15994107515809905,4.120215510155358,16.355808902347512,0.1397772546158677,401.73632255396313,0.0,414,True
thyroid,excluded_at_or_below_-1,ENSG00000283856.1,MIR7703,0.3454391725165515,2.3439945320068065,-0.32326792776279223,0.16790021418124568,41.43616692771408,4.633901895999277,0.0,-0.636555271408995,0.2268845679660671,-0.2740971470101014,0.17348521338523096,0.6129228944818534,0.545828703488529,0.2268845679660671,2.3439237318093693,0.0,46,True
thyroid,raw,ENSG00000283856.1,MIR7703,1.2057168265967402,635.486299694864,-0.9846853078782781,0.011103995083913678,104.31695100620195,154.3064939450472,0.0,-1.0,0.2268845679660671,-0.9511819718749484,0.18731074175744258,3.811996785513115,13.585558215482685,0.2268845679660671,630.5841861018512,0.0,684,True
uterus,excluded_at_or_below_-1,ENSG00000283856.1,MIR7703,,,,,,,,,,,,,,,,,8,False
uterus,raw,ENSG00000283856.1,MIR7703,0.20512823243151262,166.41242194792386,-0.9839275866928899,0.008140378540306423,6.35897435957931,262.78982045087105,0.0,-1.0,0.5287213313528321,-0.958913093197712,0.1909020912650481,5.259753803338144,30.103161635984726,0.5287213313528321,164.96942057261631,0.0,153,True
vagina,excluded_at_or_below_-1,ENSG00000283856.1,MIR7703,,,,,,,,,,,,,,,,,8,False
vagina,raw,ENSG00000283856.1,MIR7703,,,,,,,,,,,,,,,,,170,False
whole_blood,excluded_at_or_below_-1,ENSG00000283856.1,MIR7703,0.13876741898316752,3.7905796994183416,-0.24473661239308772,0.21719451290044087,17.62462293607322,11.173906647708117,0.0,-0.43958437466549,1.4713487626273078,-0.09267813383821576,0.3844868798137819,2.6485285643344785,7.361375227385405,1.4713487626273078,3.7905748674065465,0.0,33,True
whole_blood,raw,ENSG00000283856.1,MIR7703,0.8461538461538461,867.6434101542759,-0.9716805131832142,0.007410691724139,115.0769230769231,466.2135821777381,0.0,-1.0,1.4713487626273078,-0.9627128000207485,0.19590831321315183,6.435658265412183,51.182883779833055,1.4713487626273078,862.6845447271351,0.0,803,True
adipose_subcutaneous,excluded_at_or_below_-1,ENSG00000277590.1,MIR7845,1.727134366393585,18.720293246604825,-0.48621820467624405,0.13461554792209318,328.09634758701725,11.85446402170752,0.0,-0.7751620174255973,0.6421793811361161,-0.3797551107246467,0.24792609484977887,1.4717359865850652,2.6197808223674626,0.6421793811361161,18.720217971518633,0.0,195,True
adipose_subcutaneous,raw,ENSG00000277590.1,MIR7845,5.000000000000001,530.6020576703443,-0.9806816143013075,0.006780097970156735,1868.0,338.5013077533526,0.0,-1.0,0.6421793811361161,-0.8306053873827817,0.30529224886541595,1.7666369329224436,2.6510521323424188,0.6421793811361161,530.4140372376413,0.0,714,True
adipose_visceral_omentum,excluded_at_or_below_-1,ENSG00000277590.1,MIR7845,1.214181091212854,24.878186308021505,-0.4905680567090302,0.1608795631820544,259.21512755630323,15.998593408873703,0.0,-0.7318722641106583,1.3294164121344871,-0.3800164571928869,0.26980492187539934,2.3000768474268116,9.150554956381779,1.3294164121344871,24.878017515224023,0.0,184,True
adipose_visceral_omentum,raw,ENSG00000277590.1,MIR7845,4.901530913605005,382.00666312652197,-0.970887675442909,0.020992227123366028,2913.8893187290055,154.96789450287707,0.0,-1.0,1.3294164121344871,-0.8056610359855046,0.3249512276036943,1.8161353780677334,4.1826912225325215,1.3294164121344871,378.92123619859416,0.0,587,True
adrenal_gland,excluded_at_or_below_-1,ENSG00000277590.1,MIR7845,0.06303877069303694,1.8935584665305187,-0.6192538819252005,0.2221693720256714,33.828237331714,2.909475319714232,0.0,-0.7550618082874874,-0.1621826715342981,-0.5598876074264844,0.12984372953302156,0.7286113553807257,0.45910842470345825,-0.1621826715342981,1.8660704511583885,0.0,43,True
adrenal_gland,raw,ENSG00000277590.1,MIR7845,2.708129921333191,233.18669270193575,-0.9895337310626393,0.008393169072683624,448.2006423747923,139.40516139925907,0.0,-1.0,-0.1621826715342981,-0.9358480241333519,0.16312303490703742,2.4203001374349227,4.7305219282278,-0.1621826715342981,231.6815133925286,0.0,295,True
artery_aorta,excluded_at_or_below_-1,ENSG00000277590.1,MIR7845,0.6235758489547534,6.947874831497479,-0.38120430894619023,0.16756782849444432,78.63973540236645,8.29754371293965,0.0,-0.7258063371349313,0.6019579367063606,-0.3010083793157995,0.24293830524153298,1.4982663554552602,2.9880166819083556,0.6019579367063606,6.947615565313369,0.0,87,True
artery_aorta,raw,ENSG00000277590.1,MIR7845,2.5203094143258746,349.8362412915774,-0.979983645799476,0.016440590289214633,1437.3049042225264,136.0780362204733,0.0,-1.0,0.6019579367063606,-0.8711604427976156,0.29050025499112464,2.238475194824767,4.517115477568079,0.6019579367063606,347.67026712912985,0.0,472,True
artery_coronary,excluded_at_or_below_-1,ENSG00000277590.1,MIR7845,0.4248800460867843,5.922681463082464,-0.4184579275386748,0.12868717787872577,44.434371650284994,12.005909155791478,0.0,-0.8696660946258764,0.674026693054689,-0.32923313692774503,0.30248762315609495,1.3197671114042187,1.8006957048874064,0.674026693054689,5.922665271020144,0.0,52,True
artery_coronary,raw,ENSG00000277590.1,MIR7845,1.3333333253096322,217.65014906489068,-0.9792547559967958,0.001532820051639509,146.6666667302879,1525.3539025455868,0.0,-1.0,0.674026693054689,-0.8698512056725476,0.29681914534824216,2.4613414475189552,6.050666636819965,0.674026693054689,120.05155041357628,0.0,268,True
artery_tibial,excluded_at_or_below_-1,ENSG00000277590.1,MIR7845,1.1695185400830381,8.016863531082349,-0.42989350339884447,0.11893558473198138,78.2897901913052,9.434334941728988,0.0,-0.6708982237387362,0.363535560432942,-0.32113876743256714,0.22208687771666166,1.2847074233331057,1.2591031822875367,0.363535560432942,8.016530903176477,0.0,112,True
artery_tibial,raw,ENSG00000277590.1,MIR7845,2.871794896275725,661.4092782818033,-0.9855422434227524,0.00696138195048202,556.3589743623412,274.0668649530324,0.0,-1.0,0.363535560432942,-0.8899674992075941,0.26573456628016484,2.375916452249214,4.892934059914709,0.363535560432942,652.7395879790968,0.0,691,True
bladder,excluded_at_or_below_-1,ENSG00000277590.1,MIR7845,0.15508348880023562,1.0282474777806356,-0.618966137091936,0.0822370112185593,10.269742710350728,7.631855869179558,0.0,-0.648493785049783,-0.1751710601454394,-0.49775995409773505,0.16374230440214513,1.1142007404321785,-0.31801319380081505,-0.1751710601454394,1.0282346306687498,0.0,15,True
bladder,raw,ENSG00000277590.1,MIR7845,0.38461538461538547,70.8788051829594,-0.9903192937546226,0.0016824627396049084,21.23076923155381,685.1822986494719,0.0,-1.0,-0.1751710601454394,-0.9021610300190392,0.21219274429276389,2.017677182243678,2.9667477363215102,-0.1751710601454394,70.83540936903319,0.0,77,True
brain_amygdala,excluded_at_or_below_-1,ENSG00000277590.1,MIR7845,0.3085671022633953,2.5112896162177774,-0.6413189478759884,0.05341202581699743,15.497035564541383,15.20611320097815,0.0,-0.7629246046231533,-0.0670143785548238,-0.5681174274483392,0.1641280333617163,1.408079306396894,1.5826816563900579,-0.0670143785548238,2.511161202813905,0.0,26,True
brain_amygdala,raw,ENSG00000277590.1,MIR7845,0.6899665113577339,152.95506085853748,-0.9883421989071542,0.008398468482163317,42.62260564350653,155.14189303694178,0.0,-1.0,-0.0670143785548238,-0.9379616194124686,0.16374796133026673,2.763680433460012,7.467792586716614,-0.0670143785548238,151.72458974036633,0.0,181,True
brain_anterior_cingulate_cortex_ba24,excluded_at_or_below_-1,ENSG00000277590.1,MIR7845,0.5388742336782583,3.61568140827828,-0.6363729977461151,0.0677215513635517,31.4417574806781,13.024637692358898,0.0,-0.822148525476112,-0.0126704015168519,-0.5542662754859973,0.1801979110607211,1.3586233398154395,1.6608618572918346,-0.0126704015168519,3.6153624011227437,0.0,43,True
brain_anterior_cingulate_cortex_ba24,raw,ENSG00000277590.1,MIR7845,1.1025641158658543,270.1577492380223,-0.9876870969631658,4.800836735450042e-05,127.5897435897436,28721.698116882846,,-1.0,-0.0126704015168519,-0.9177401280939822,0.18949039969816664,2.3973803335757693,5.466661505664915,-0.0126704015168519,0.0,0.0,233,True
brain_caudate_basal_ganglia,excluded_at_or_below_-1,ENSG00000277590.1,MIR7845,0.48850966978845944,7.063746839539786,-0.6692525809441932,0.10188536702951861,68.32404465859332,12.390121840775532,0.0,-0.8437639075277277,0.2233792993282386,-0.5987183573761815,0.1828488908056844,2.094810833831512,5.682237015030067,0.2233792993282386,7.063742515416429,0.0,67,True
brain_caudate_basal_ganglia,raw,ENSG00000277590.1,MIR7845,,,,,,,,,,,,,,,,,300,False
brain_cerebellar_hemisphere,excluded_at_or_below_-1,ENSG00000277590.1,MIR7845,0.270177112410386,3.5617386432484457,-0.5120011332922593,0.1768509231233423,38.50740528783605,4.891386985652683,0.0,-0.6894458179407871,0.0996789741411643,-0.4582166907229474,0.16043900767173008,1.3124670977279949,2.2291526764559357,0.0996789741411643,3.5616972689703967,0.0,63,True
brain_cerebellar_hemisphere,raw,ENSG00000277590.1,MIR7845,,,,,,,,,,,,,,,,,277,False
brain_cerebellum,excluded_at_or_below_-1,ENSG00000277590.1,MIR7845,0.44271795045825857,3.2737313315483654,-0.47007876697338186,0.144905795951904,37.75066844508971,5.631873189730801,0.0,-0.7942234033821001,0.1069847607506089,-0.4338163867097146,0.1874556935981426,0.9373500118853435,1.1899378691029243,0.1069847607506089,3.2736603781840574,0.0,55,True
brain_cerebellum,raw,ENSG00000277590.1,MIR7845,1.4102564163132383,232.13132459854728,-0.987815807273132,0.005172275963378338,125.43589743590525,299.34246013850793,0.0,-1.0,0.1069847607506089,-0.8829319596580237,0.24481832836640507,1.9403740726127436,2.7376981048796436,0.1069847607506089,227.27350651095898,0.0,266,True
brain_cortex,excluded_at_or_below_-1,ENSG00000277590.1,MIR7845,0.44222170918449233,4.546261820202956,-0.6539116753921351,0.09444162607597038,35.90673390974962,12.064724356337164,0.0,-0.719824021152495,0.1517744081572811,-0.5298020911869078,0.19096634864161374,1.6063016625711377,2.279337833131546,0.1517744081572811,4.546166108680133,0.0,47,True
brain_cortex,raw,ENSG00000277590.1,MIR7845,1.2283477276534487,215.2287521243909,-0.985608658028803,0.011090424348978941,189.87769582384243,145.03525809289212,0.0,-1.0,0.1517744081572811,-0.9181507343917951,0.19529568247780094,2.5469992708222207,6.500553352211725,0.1517744081572811,213.71562059273805,0.0,270,True
brain_frontal_cortex_ba9,excluded_at_or_below_-1,ENSG00000277590.1,MIR7845,0.10077091974831243,1.468504395711212,-0.5587139388646568,0.23888377531057634,28.78166937233098,3.7615217688934504,0.0,-0.7236867722637219,0.0766685415284471,-0.4827744156661587,0.17604337911905457,1.223893588161021,1.7249748214301288,0.0766685415284471,1.4672513721523461,0.0,30,True
brain_frontal_cortex_ba9,raw,ENSG00000277590.1,MIR7845,0.7692307692552347,238.28764261021774,-0.9865907482168271,0.0031783048540337173,42.923076923076934,473.10619243102957,0.0,-1.0,0.0766685415284471,-0.9423168493307984,0.17309043428273357,3.096068909003275,9.33587305775546,0.0766685415284471,222.68301821925476,0.0,269,True
brain_hippocampus,excluded_at_or_below_-1,ENSG00000277590.1,MIR7845,0.3779021762531692,2.2627830613464193,-0.6130166857593864,0.16064256850218248,25.225505777819784,4.713941633925387,0.0,-0.8010633620200627,-0.0775532225378605,-0.5433948335822774,0.17497297940282938,1.143224808423985,0.9429513600929393,-0.0775532225378605,2.262736564902214,0.0,49,True
brain_hippocampus,raw,ENSG00000277590.1,MIR7845,1.2564102654889875,250.5730761189728,-0.9905642935416719,0.004661131912568894,83.43589743650057,277.01267920108245,0.0,-1.0,-0.0775532225378605,-0.912260183707967,0.1956456250572499,2.231983450720419,4.343329569724062,-0.0775532225378605,250.1311330898181,0.0,255,True
brain_hypothalamus,excluded_at_or_below_-1,ENSG00000277590.1,MIR7845,0.5509234038819975,2.514025757666844,-0.5942467505880603,0.1634026247834861,70.76773056678266,3.7305227848674565,0.0,-0.8016378637119494,-0.1632105683023716,-0.5440390710822581,0.14437708453325598,0.61296751488584,-0.26331522835350674,-0.1632105683023716,2.511617309819626,0.0,66,True
brain_hypothalamus,raw,ENSG00000277590.1,MIR7845,1.6923076873751595,203.84421287920821,-0.990621666121596,0.003976272432809502,138.3076923077272,294.2796339955961,0.0,-1.0,-0.1632105683023716,-0.8829049754530313,0.21243144751170046,1.5342598709459645,0.9997738393061812,-0.1632105683023716,201.7865871760855,0.0,257,True
brain_nucleus_accumbens_basal_ganglia,excluded_at_or_below_-1,ENSG00000277590.1,MIR7845,0.5391640962519654,5.348781278069687,-0.6492303844023131,0.09999597961252327,46.95215389641957,13.201149056724422,0.0,-0.7985982432240856,0.2841942885466513,-0.5387675640487357,0.2095824895958172,1.5618666248372823,2.733516938835561,0.2841942885466513,5.348542229864332,0.0,56,True
brain_nucleus_accumbens_basal_ganglia,raw,ENSG00000277590.1,MIR7845,1.435897429558984,227.75170681072055,-0.9840393272355231,0.0031962717060751832,183.58974358981916,561.1391473032775,0.0,-1.0,0.2841942885466513,-0.9093718722341376,0.20545560721231448,2.5011936995832755,6.562484477413102,0.2841942885466513,208.36330273432046,0.0,285,True
brain_putamen_basal_ganglia,excluded_at_or_below_-1,ENSG00000277590.1,MIR7845,0.07783313070463115,3.1994198323319405,-0.8027554802813017,0.32335405733166483,32.46955868097377,4.499514779622154,0.0,-0.7622405093794302,0.2260398860799046,-0.5601596814878168,0.19793444198880586,2.1066624959826,5.475432591152728,0.2260398860799046,3.1494556034247663,0.0,35,True
brain_putamen_basal_ganglia,raw,ENSG00000277590.1,MIR7845,0.8974358974358972,238.19670352333532,-0.9863173562652717,0.005533936341856562,77.58974359032482,309.821427036978,0.0,-1.0,0.2260398860799046,-0.939392082094778,0.16834597549366287,3.2565220093419556,12.495870230630453,0.2260398860799046,234.98240418118797,0.0,254,True
brain_spinal_cord_cervical_c-1,excluded_at_or_below_-1,ENSG00000277590.1,MIR7845,0.3899891009995927,2.347329985953585,-0.5207019356657838,0.1379312577254881,66.12421908038111,7.109590155384284,0.0,-0.7618270277070909,0.1727115190880841,-0.4237250226582149,0.2092842764826789,1.0445743113644783,0.5262206135380212,0.1727115190880841,2.347269459392192,0.0,40,True
brain_spinal_cord_cervical_c-1,raw,ENSG00000277590.1,MIR7845,1.0256410262881013,206.10578236163815,-0.9883050403776383,0.006116774417769484,96.97435897547997,268.4299358443418,0.0,-1.0,0.1727115190880841,-0.8870049064035715,0.24702426644586276,2.124057799983054,3.6602020075553536,0.1727115190880841,206.09103984610286,0.0,204,True
brain_substantia_nigra,excluded_at_or_below_-1,ENSG00000277590.1,MIR7845,0.5815397686596602,5.409751735668284,-0.6641791168881779,0.0621926246531282,40.987636217112225,24.106566577830318,0.0,-0.8121638563907483,0.3959511821982318,-0.5016265002360198,0.2504434469981467,1.800840500934105,3.0634446681130614,0.3959511821982318,5.408960822432791,0.0,43,True
brain_substantia_nigra,raw,ENSG00000277590.1,MIR7845,,,,,,,,,,,,,,,,,183,False
breast_mammary_tissue,excluded_at_or_below_-1,ENSG00000277590.1,MIR7845,1.6346293827838658,10.61211530389969,-0.44493021479983513,0.20353325269245603,270.39444573771124,7.320598274017414,0.0,-0.7727025194349636,0.6086484086898885,-0.31791070817739137,0.26362951331125545,1.0912873017268137,1.2160135905857103,0.6086484086898885,10.61209118998141,0.0,175,True
breast_mammary_tissue,raw,ENSG00000277590.1,MIR7845,4.487179487179487,380.5246885665933,-0.9821125428241961,0.006185770098538341,1039.7435897445698,363.68563271634235,0.0,-1.0,0.6086484086898885,-0.7677711555078667,0.3581165928752763,1.3372530939309393,0.8715731754606089,0.6086484086898885,372.3523798590537,0.0,514,True
cells_cultured_fibroblasts,excluded_at_or_below_-1,ENSG00000277590.1,MIR7845,1.2057632215023464,18.601174206088704,-0.5327767843875765,0.09430694333073694,239.915371051168,21.632216195493356,0.0,-0.8728289849560034,0.9097692646287708,-0.4130322411034179,0.2286341726573388,2.3585801177705816,9.262046478123581,0.9097692646287708,18.59985869350971,0.0,118,True
cells_cultured_fibroblasts,raw,ENSG00000277590.1,MIR7845,3.081624019572774,527.2987667665403,-0.9761371238308924,0.016822820788510582,1073.2562533454657,158.5390717439753,0.0,-1.0,0.9097692646287708,-0.8937696387273059,0.24605313663254474,2.536014618521571,7.5156637917978415,0.9097692646287708,522.8697500912675,0.0,652,True
cells_ebv-transformed_lymphocytes,excluded_at_or_below_-1,ENSG00000277590.1,MIR7845,1.0116901817090813,5.421203702490544,-0.5656896017390223,0.07488788584315426,97.45591603887752,13.462423601658559,0.0,-0.737072598016514,0.1471959685007697,-0.47116879443536486,0.16960946500841664,0.9192846375249215,0.8804763679336918,0.1471959685007697,5.421185025710515,0.0,73,True
cells_ebv-transformed_lymphocytes,raw,ENSG00000277590.1,MIR7845,1.8717948727434606,280.27846493810483,-0.9874523338899953,0.005508959304692463,290.3589743591367,291.2773409667086,0.0,-1.0,0.1471959685007697,-0.8819428807149285,0.234514588207614,1.7900628404325853,2.0657281831417054,0.1471959685007697,273.55181198374834,0.0,327,True
cervix_ectocervix,excluded_at_or_below_-1,ENSG00000277590.1,MIR7845,,,,,,,,,,,,,,,,,8,False
cervix_ectocervix,raw,ENSG00000277590.1,MIR7845,0.20512820512819982,20.824679173412136,-0.9923177490069981,0.0037747062972765984,10.358974358974478,286.8636319928571,0.0,-1.0,-0.2266441711592096,-0.8105299207169323,0.2881189791657926,0.9923739400567304,-0.7048909191883719,-0.2266441711592096,20.81865269319001,0.0,24,True
cervix_endocervix,excluded_at_or_below_-1,ENSG00000277590.1,MIR7845,,,,,,,,,,,,,,,,,6,False
cervix_endocervix,raw,ENSG00000277590.1,MIR7845,0.15384615384615383,17.10226292694937,-0.9773025621426312,0.00485901770408743,7.076923077532921,507.9832377310939,0.0,-1.0,0.768048784490726,-0.7889041713545267,0.43423147180845567,2.3408612138966167,5.280161661200461,0.768048784490726,16.50528033821798,0.0,23,True
colon_sigmoid,excluded_at_or_below_-1,ENSG00000277590.1,MIR7845,0.603475833221428,7.467661794071507,-0.49402082128395314,0.10241726372556863,50.907826180418496,13.642313040541818,0.0,-0.6834035583376133,0.4939546936413708,-0.40551995437952526,0.1905018768815025,1.954011571137197,5.705081001508976,0.4939546936413708,7.4673219364493955,0.0,70,True
colon_sigmoid,raw,ENSG00000277590.1,MIR7845,1.794871794871795,349.34476358591553,-0.9818127007536238,0.006214982106596769,288.35897435899983,335.8095370614419,0.0,-1.0,0.4939546936413708,-0.9006835245980114,0.23513010202180903,2.3588007257683112,5.268272311816801,0.4939546936413708,344.5746799123815,0.0,419,True
colon_transverse,excluded_at_or_below_-1,ENSG00000277590.1,MIR7845,0.1807760004876306,3.616909017019487,-0.5420203007083806,0.18677128684987798,45.07020754582108,4.275695259417714,0.0,-0.7192241827650282,0.0226589860885382,-0.5007139321719369,0.14438419477107767,1.1683621708043608,2.025776869309671,0.0226589860885382,3.6165203721890133,0.0,66,True
colon_transverse,raw,ENSG00000277590.1,MIR7845,3.4830160230514515,397.1610305125443,-0.9872245613569307,0.009879250834578808,459.68167485817673,144.56470770192004,0.0,-1.0,0.0226589860885382,-0.9312048424287012,0.18031212612968264,2.5391496593838636,5.554086717269378,0.0226589860885382,394.40434527551565,0.0,479,True
esophagus_gastroesophageal_junction,excluded_at_or_below_-1,ENSG00000277590.1,MIR7845,1.1786636210018404,5.618130855045484,-0.4619219471749416,0.049335706826084104,47.09889904501893,15.902410329079247,0.0,-0.806380890775541,0.092843382968714,-0.40520357552474917,0.2018187550884494,0.38572251237109045,-0.2920090605234771,0.092843382968714,5.6170572085811115,0.0,69,True
esophagus_gastroesophageal_junction,raw,ENSG00000277590.1,MIR7845,1.7692307721399196,367.1331314281438,-0.9877096493538382,0.004335205459431071,136.92307692603612,352.49373241342767,0.0,-1.0,0.092843382968714,-0.8981614062312847,0.23920033848782812,2.2243610936897005,3.7581526549898197,0.092843382968714,362.6454884771544,0.0,403,True
esophagus_mucosa,excluded_at_or_below_-1,ENSG00000277590.1,MIR7845,0.24488146536139715,4.8824131954081755,-0.5330837138883248,0.15815765837739337,51.47534690682805,5.324862060538693,0.0,-0.7956689401811788,0.0624187880564575,-0.5001484641051258,0.1565052620307498,1.2480042466639418,2.249076910484643,0.0624187880564575,4.882373444147732,0.0,73,True
esophagus_mucosa,raw,ENSG00000277590.1,MIR7845,3.4215673389655503,526.5108981582164,-0.9867313546304987,0.010412648015609179,448.4963694300674,142.49231881548027,0.0,-1.0,0.0624187880564575,-0.9405713971981665,0.1705677325207183,2.8936207797942686,7.87267157334947,0.0624187880564575,522.9888564116407,0.0,614,True
esophagus_muscularis,excluded_at_or_below_-1,ENSG00000277590.1,MIR7845,0.7574480350450046,6.294161471057623,-0.4996480428861393,0.13387432972506866,64.5523349949184,8.779474411422592,0.0,-0.8236912713619193,0.3314472622637583,-0.4130965413768246,0.22420558662558365,1.20984687581459,1.5237241373350372,0.3314472622637583,6.294160011172172,0.0,82,True
esophagus_muscularis,raw,ENSG00000277590.1,MIR7845,2.158051688544122,453.35463422730976,-0.9833689095397515,0.013867320096379086,823.5276585306593,134.08725328821936,0.0,-1.0,0.3314472622637583,-0.9142137547110512,0.2243583257110472,2.7276849608212417,7.199725326840609,0.3314472622637583,450.6554801444463,0.0,561,True
fallopian_tube,excluded_at_or_below_-1,ENSG00000277590.1,MIR7845,,,,,,,,,,,,,,,,,5,False
fallopian_tube,raw,ENSG00000277590.1,MIR7845,0.12820512820512822,44.00302791422697,-0.9916628485575821,0.0035308314129511662,6.3589743589743595,352.2807271000954,0.0,-1.0,-0.1121324222370449,-0.8969474427547856,0.24160233492287758,2.1196491717059422,3.1248752617786915,-0.1121324222370449,42.92398251876315,0.0,29,True
heart_atrial_appendage,excluded_at_or_below_-1,ENSG00000277590.1,MIR7845,0.8777624062771822,9.935783992368009,-0.6134484404948743,0.08666326487766172,62.715109180589856,15.124524534393972,0.0,-0.8407673837882412,0.3133851797918763,-0.5302968999067119,0.22875611092498863,1.7717438212800698,3.124915709072699,0.3133851797918763,9.93578150845641,0.0,88,True
heart_atrial_appendage,raw,ENSG00000277590.1,MIR7845,2.2818606573393305,356.71989461850615,-0.9835900518054081,0.012873992416384147,664.1270662310268,142.47328282192885,0.0,-1.0,0.3133851797918763,-0.9103386706980275,0.2098718676723844,2.727796230170677,8.270938960039958,0.3133851797918763,354.30277385605626,0.0,461,True
heart_left_ventricle,excluded_at_or_below_-1,ENSG00000277590.1,MIR7845,0.49824126683282427,3.1967539463830503,-0.7079865678723845,0.10851937552281053,45.51255995901457,7.2946732722039735,0.0,-0.8294839352838493,-0.1482313730387556,-0.6265008953222088,0.15022233034723728,1.2324683046582336,1.0869304823637576,-0.1482313730387556,3.196743571995488,0.0,54,True
heart_left_ventricle,raw,ENSG00000277590.1,MIR7845,2.1766298012148275,391.4601060191498,-0.9893748081377535,0.008302169410705959,151.38113983819005,143.28260421717226,0.0,-1.0,-0.1482313730387556,-0.9553784255473436,0.13175560826167396,3.188037530317621,10.320220436039433,-0.1482313730387556,388.9090472076047,0.0,452,True
kidney_cortex,excluded_at_or_below_-1,ENSG00000277590.1,MIR7845,0.1337866566985152,7342054773164.094,-12.8708348289769,2.2592262853103358,29.47084639708914,8.250557871694081,0.0,-0.7720273230526181,0.3095487482581152,-0.5028223939475002,0.2665029885130738,1.4021951588561905,1.6619133621649214,0.3095487482581152,2.562036543155373,0.0,25,True
kidney_cortex,raw,ENSG00000277590.1,MIR7845,0.6410256410256395,99.64414661047124,-0.9866010658948041,0.006059508692594598,38.97435897435972,302.50515991215553,0.0,-1.0,0.3095487482581152,-0.8804861523912261,0.24924587837142248,2.3735157844750994,5.809175491531942,0.3095487482581152,99.42920265740491,0.0,104,True
kidney_medulla,excluded_at_or_below_-1,ENSG00000277590.1,MIR7845,,,,,,,,,,,,,,,,,3,False
kidney_medulla,raw,ENSG00000277590.1,MIR7845,0.07692307692307691,9.319465758503116,-0.9948695527657972,0.0010632867118552615,2.7692307692307696,584.6547377939235,0.0,-1.0,-0.5552926527420532,-0.9011796226549236,0.17239037924726208,1.1466902441685227,-0.49304852161934676,-0.5552926527420532,9.283120321792346,0.0,11,True
liver,excluded_at_or_below_-1,ENSG00000277590.1,MIR7845,0.14011625406629055,2.456286855827338,-0.6639757180903803,0.10933254252644815,22.546460970080297,9.829375606230396,0.0,-0.7898343528327136,0.0959311694332309,-0.5707892567775611,0.22957143067691266,1.9609663850436265,2.8705321293995096,0.0959311694332309,2.4562812141046124,0.0,26,True
liver,raw,ENSG00000277590.1,MIR7845,0.6666666666666666,247.4247007964654,-0.9872122119897256,0.004071479837284102,56.66666666693797,376.2258739379613,0.0,-1.0,0.0959311694332309,-0.9574065674664756,0.14689668391398913,4.3525487276815875,22.231954961592596,0.0959311694332309,247.41907121792815,0.0,262,True
lung,excluded_at_or_below_-1,ENSG00000277590.1,MIR7845,0.8731694728928661,9.800290603505093,-0.4434017821507207,0.16861429086748111,107.26292867659105,9.336591324166735,0.0,-0.7040325313483939,0.6697842083740444,-0.3390470477171654,0.2587737396997109,1.5746675308696985,2.5960491606175697,0.6697842083740444,9.800053023456982,0.0,119,True
lung,raw,ENSG00000277590.1,MIR7845,5.033227549882977,448.07427146896214,-0.979135339190759,0.016321944181783364,1895.1395121070636,142.87050374984577,0.0,-1.0,0.6697842083740444,-0.8697791368846732,0.28693386283518824,2.283832210795513,5.008204594963781,0.6697842083740444,445.01345796949323,0.0,604,True
minor_salivary_gland,excluded_at_or_below_-1,ENSG00000277590.1,MIR7845,0.4949728863132561,3.532262767095131,-0.5401939485542889,0.039625312153940426,31.647172057064534,22.42531852822514,0.0,-0.7251730025375144,0.0881483828127989,-0.47642107121908417,0.20164136319620404,1.6989661192369734,2.577588937505852,0.0881483828127989,3.5320346562460667,0.0,32,True
minor_salivary_gland,raw,ENSG00000277590.1,MIR7845,0.8205128205128744,174.89968323204272,-0.988558359186127,0.005305420557091474,69.74358974362539,287.00708282176174,0.0,-1.0,0.0881483828127989,-0.9074335595525452,0.21707456785567317,2.450221422439999,5.880845179124007,0.0881483828127989,173.08387845813698,0.0,181,True
muscle_skeletal,excluded_at_or_below_-1,ENSG00000277590.1,MIR7845,0.41468576089260145,7.800892702418405,-0.6040616620782417,0.12366072987686119,111.21336554118083,10.354945334528681,0.0,-0.797701397761814,0.3013886404588768,-0.5301324898615506,0.2132224608785634,2.077606877907738,4.648991802940376,0.3013886404588768,7.800518048004165,0.0,78,True
muscle_skeletal,raw,ENSG00000277590.1,MIR7845,1.9999999847085945,829.0949221412831,-0.9859518436592806,0.006504851621096965,368.0000000013294,279.87946198914625,0.0,-1.0,0.3013886404588768,-0.9551960075907102,0.15281587803289695,4.0938582416681655,19.844405839474227,0.3013886404588768,809.2473972888421,0.0,818,True
nerve_tibial,excluded_at_or_below_-1,ENSG00000277590.1,MIR7845,1.4766900241609524,18.753355268523435,-0.3858025075867799,0.17009235808661552,163.75426363980324,11.800311358325807,0.0,-0.7906863875999254,1.0334617665627768,-0.25041665865284213,0.28678387727431187,1.2886959985373778,1.8163772277454218,1.0334617665627768,18.753341826078444,0.0,183,True
nerve_tibial,raw,ENSG00000277590.1,MIR7845,4.692307742166137,538.6818439991615,-0.9769063205140774,0.00699167624842347,1662.3076923104072,406.63922542855465,0.0,-1.0,1.0334617665627768,-0.7952630575126419,0.36618506167955117,1.687832768408943,2.125640381146323,1.0334617665627768,533.7629134205986,0.0,670,True
ovary,excluded_at_or_below_-1,ENSG00000277590.1,MIR7845,0.2837746604253728,4.757560672509672,-0.38584008498494016,0.13517511646927058,42.91445104662242,12.383533323497682,0.0,-0.6368850054106818,0.7978181713366574,-0.29926971175375844,0.2516003190648037,2.2885931616514434,6.891556109957456,0.7978181713366574,4.757508581202785,0.0,43,True
ovary,raw,ENSG00000277590.1,MIR7845,1.1025660095982524,153.19837406116721,-0.9790328526717277,0.008922052051693576,141.58974359045675,281.6444918624067,0.0,-1.0,0.7978181713366574,-0.8438787440694903,0.31514338803022274,2.040781329883715,4.179116316072801,0.7978181713366574,153.19491198221792,0.0,193,True
pancreas,excluded_at_or_below_-1,ENSG00000277590.1,MIR7845,0.311462940841352,6.911976252716059,-0.6250513598922701,0.02798580387260856,11.821051316972557,45.18311144079625,0.0,-0.8244626246885087,0.2690750498520213,-0.5630716786163528,0.2052048413850423,2.8105445186269007,9.03489069190785,0.2690750498520213,6.9104176613701265,0.0,25,True
pancreas,raw,ENSG00000277590.1,MIR7845,0.641025641951212,466.98438725378344,-0.9877845782316645,0.006368577093410751,82.97435897662972,279.0996962059563,0.0,-1.0,0.2690750498520213,-0.9698253921696376,0.12291104454242033,5.1949716061858755,34.83605193390734,0.2690750498520213,464.1545361504327,0.0,362,True
pituitary,excluded_at_or_below_-1,ENSG00000277590.1,MIR7845,0.7984681290119575,9.688473746654923,-0.4884115421434566,0.13794406458473654,53.834705439935036,14.647748618076225,0.0,-0.6853626333030295,0.9403471935614334,-0.3282752918494261,0.291403689258364,1.5709383486142063,2.8665712367845515,0.9403471935614334,9.687772241039601,0.0,89,True
pituitary,raw,ENSG00000277590.1,MIR7845,2.282051283516898,259.6923424753889,-0.9798315503521078,0.010276192759359625,467.897435902767,264.25573025084896,0.0,-1.0,0.9403471935614334,-0.8089984056696451,0.3406814790698307,1.8271235155906804,3.1186716540232915,0.9403471935614334,258.3758841438592,0.0,313,True
prostate,excluded_at_or_below_-1,ENSG00000277590.1,MIR7845,0.6536362371512813,1.9953704512254435,-0.498604809683893,0.08673436283489108,28.658812501534193,6.638029775044561,0.0,-0.7422483045857078,-0.0914914158260328,-0.44422009790804445,0.1554017498380299,0.5206750769390335,-0.04505017847936532,-0.0914914158260328,1.995348348911296,0.0,45,True
prostate,raw,ENSG00000277590.1,MIR7845,0.6310880498903002,219.31076156926778,-0.9886497382928379,0.009644708726245085,374.5243519868621,131.55124776094863,0.0,-1.0,-0.0914914158260328,-0.9113117177512838,0.2129657803616655,2.2125283021385065,3.5638941438054044,-0.0914914158260328,218.04663559227652,0.0,282,True
skin_not_sun_exposed_suprapubic,excluded_at_or_below_-1,ENSG00000277590.1,MIR7845,0.6017943617669749,10.14896094443443,-0.49943642441448993,0.12104298231326206,46.03968403619845,13.045302150247363,0.0,-0.7173134900300613,0.6171150777460948,-0.41434376697352165,0.22861899609598238,1.9777211203749643,4.692532575327164,0.6171150777460948,10.148824717171552,0.0,89,True
skin_not_sun_exposed_suprapubic,raw,ENSG00000277590.1,MIR7845,2.298172305495891,557.1745175635298,-0.9798093138150148,0.014554183687785858,511.49394081553703,155.17133637150732,0.0,-1.0,0.6171150777460948,-0.9199333260532156,0.21821835928186875,3.001541703759372,9.844844759236741,0.6171150777460948,552.7952889310342,0.0,651,True
skin_sun_exposed_lower_leg,excluded_at_or_below_-1,ENSG00000277590.1,MIR7845,0.9638501218557086,9.687167940002778,-0.49278048414718223,0.10481897835701028,71.51331876012114,14.793174490104503,0.0,-0.717054969521322,0.603663135095003,-0.38361859168495893,0.25584645420778473,1.7957187748648065,3.672623571092152,0.603663135095003,9.686826371964637,0.0,93,True
skin_sun_exposed_lower_leg,raw,ENSG00000277590.1,MIR7845,2.3846158294470587,691.3991826388259,-0.9820779412121289,0.009635641213991462,497.2307844483996,232.73765458071588,0.0,-1.0,0.603663135095003,-0.9239741764279857,0.22165961973032394,3.281946044900829,11.900929631852765,0.603663135095003,686.4272820073844,0.0,754,True
small_intestine_terminal_ileum,excluded_at_or_below_-1,ENSG00000277590.1,MIR7845,0.08568573475444409,1.873160908878094,-0.5388118492956258,0.1652828867193617,27.493423883658995,5.624733971770579,0.0,-0.7268732577785213,0.1185657156053094,-0.5140228097818412,0.16702312196080674,1.8964813763464872,5.490075361175121,0.1185657156053094,1.8731525937690707,0.0,28,True
small_intestine_terminal_ileum,raw,ENSG00000277590.1,MIR7845,0.7179487179487174,178.37324030307167,-0.9861228154569525,0.004638279589592349,65.89743589743694,336.8200369662424,0.0,-1.0,0.1185657156053094,-0.934263954946336,0.17724406729535275,2.8062016541735315,8.074144859552742,0.1185657156053094,173.07444340620643,0.0,207,True
spleen,excluded_at_or_below_-1,ENSG00000277590.1,MIR7845,0.8638641718955015,11.707823297186103,-0.4950779343049702,0.01956416064572186,56.31542072609601,77.88871855870735,0.0,-0.734587109059778,0.58243075527013,-0.35205277678096497,0.25386811233295364,1.6961921110127498,3.1590277101787922,0.58243075527013,11.707148777785319,0.0,47,True
spleen,raw,ENSG00000277590.1,MIR7845,1.233588145683799,226.71365797288297,-0.9802192012039735,0.01123237750395661,138.60665725691547,196.74559200925702,0.0,-1.0,0.58243075527013,-0.890059496421319,0.26477261896611115,2.5541693885604007,6.611045326650563,0.58243075527013,223.75083732108618,0.0,277,True
stomach,excluded_at_or_below_-1,ENSG00000277590.1,MIR7845,0.2979059040700621,5.877633880867147,-0.525790986713797,0.11046091915809997,26.079406463982657,14.503443019705905,0.0,-0.7395455147218684,0.6070390819114324,-0.4279292889097383,0.24564539600512825,2.1991492012628715,5.566934680731016,0.6070390819114324,5.877616608451238,0.0,46,True
stomach,raw,ENSG00000277590.1,MIR7845,1.1794871716795488,391.66717585294447,-0.9810007682447991,0.0037386494459862468,171.74358974358978,600.7055558768592,0.0,-1.0,0.6070390819114324,-0.9353433594345159,0.19893871262461232,3.600884048216157,15.236220541225265,0.6070390819114324,390.3238099158599,0.0,407,True
testis,excluded_at_or_below_-1,ENSG00000277590.1,MIR7845,1.269087501802042,12.66832076227918,-0.5027618841511103,0.1573135797301576,226.81452357926054,8.052636586856027,0.0,-0.8087051949570259,0.3929932701260468,-0.40186885691374574,0.22853437300959453,1.3224637569136277,1.4562985354147164,0.3929932701260468,12.66780746502637,0.0,168,True
testis,raw,ENSG00000277590.1,MIR7845,4.307692444833883,365.9298241483523,-0.9874355089467565,0.007527469451313682,1088.3076923104209,259.34626688045785,0.0,-1.0,0.3929932701260468,-0.7572801158490563,0.32801382040379673,1.0957977580865121,0.3335462934732769,0.3929932701260468,360.30555166065955,0.0,414,True
thyroid,excluded_at_or_below_-1,ENSG00000277590.1,MIR7845,1.9688979258322634,20.866702065324873,-0.40212562340736574,0.16000281697971525,332.9486173047256,12.490717481625675,0.0,-0.7080487755002216,1.0110626222238333,-0.2315029679709484,0.3145703671151204,1.443667608002508,1.8498142870155778,1.0110626222238333,20.865598651336207,0.0,216,True
thyroid,raw,ENSG00000277590.1,MIR7845,5.538461599594507,552.8109704677547,-0.9779910186748817,0.007407739421825329,2361.692307694172,379.7307754858112,0.0,-1.0,1.0110626222238333,-0.757316726727668,0.39867618516220976,1.570305124831329,1.8675823676237533,1.0110626222238333,530.8173075954745,0.0,684,True
uterus,excluded_at_or_below_-1,ENSG00000277590.1,MIR7845,0.48392757976332823,3.461816182092561,-0.3837214111737504,0.11084970830173344,44.119486012788,12.952547932644503,0.0,-0.6863629028949954,0.6315327189652429,-0.3147666038801192,0.24967767341183505,1.455523461508834,3.5325136682223732,0.6315327189652429,3.461545320902566,0.0,40,True
uterus,raw,ENSG00000277590.1,MIR7845,1.025641025641026,173.0307373289969,-0.9817132201876496,0.003194468194584968,84.97435897435899,714.1953363194325,0.0,-1.0,0.6315327189652429,-0.8208540140863057,0.3274978754107216,1.7097791005333898,2.300694660846844,0.6315327189652429,163.02746023772545,0.0,153,True
vagina,excluded_at_or_below_-1,ENSG00000277590.1,MIR7845,0.19438572385197533,2.041983810340909,-0.3840646658205533,0.1178783714125408,20.0078477399461,5.623758511848202,0.0,-0.6180521993108977,0.0846902041876795,-0.34853198289600995,0.1421430271654068,1.1490573218758442,1.9326885137944156,0.0846902041876795,2.0419434611380947,0.0,32,True
vagina,raw,ENSG00000277590.1,MIR7845,,,,,,,,,,,,,,,,,170,False
whole_blood,excluded_at_or_below_-1,ENSG00000277590.1,MIR7845,1.9574971978215758,17.333304288004932,-0.3897530754954567,0.21973729208552564,242.71554254330897,8.902054924153008,0.0,-0.658615358636913,0.9934280048412224,-0.2337079737119423,0.30715858155724085,1.3043265752369124,1.5100048984421424,0.9934280048412224,17.33266349281225,0.0,235,True
whole_blood,raw,ENSG00000277590.1,MIR7845,6.025641001081867,662.405648578037,-0.9790872566126065,0.00987720911009033,2126.9743589753543,282.4236890850238,0.0,-1.0,0.9934280048412224,-0.7757426822195596,0.3863085768915736,1.6392246161635584,1.99630939657089,0.9934280048412224,656.3675337182144,0.0,803,True
adipose_subcutaneous,excluded_at_or_below_-1,ENSG00000283789.1,MIR7846,,,,,,,,,,,,,,,,,9,False
adipose_subcutaneous,raw,ENSG00000283789.1,MIR7846,0.2307692307390179,720.4926091927946,-0.9873677667687135,0.005304554378417026,8.923076923627073,282.8617746301799,0.0,-1.0,0.0736146088942089,-0.9891892784618648,0.09734741447375571,9.127393139010241,83.1605227990764,0.0736146088942089,720.3040535836391,0.0,714,True
adipose_visceral_omentum,excluded_at_or_below_-1,ENSG00000283789.1,MIR7846,,,,,,,,,,,,,,,,,5,False
adipose_visceral_omentum,raw,ENSG00000283789.1,MIR7846,0.12820512820512847,656.2031417208096,-0.9877294893338523,0.004750831812335191,4.358974366060423,327.7870619788434,0.0,-1.0,0.1134204664817619,-0.9921733792778792,0.0856449498836034,11.107525335177243,124.04188366079703,0.1134204664817619,640.428591331762,0.0,587,True
adrenal_gland,excluded_at_or_below_-1,ENSG00000283789.1,MIR7846,,,,,,,,,,,,,,,,,1,False
adrenal_gland,raw,ENSG00000283789.1,MIR7846,0.02564102564102563,313.4636508827929,-0.9899945694557728,0.0035480881453444184,0.9743589743665416,343.7172051282107,0.0,-1.0,-0.1276503144481378,-0.9970428824218581,0.050790162329254034,17.08810701513027,290.00340136054433,-0.1276503144481378,312.57571286502707,0.0,295,True
artery_aorta,excluded_at_or_below_-1,ENSG00000283789.1,MIR7846,,,,,,,,,,,,,,,,,8,False
artery_aorta,raw,ENSG00000283789.1,MIR7846,0.20512822487617335,521.7896066650796,-0.9780600398082522,0.010399398514792806,12.358974359839543,274.5400573139133,0.0,-1.0,1.0407662112217375,-0.9807520279215666,0.15440591706194487,8.903787058561587,87.49343935649142,1.0407662112217375,511.07106168642844,0.0,472,True
artery_coronary,excluded_at_or_below_-1,ENSG00000283789.1,MIR7846,,,,,,,,,,,,,,,,,6,False
artery_coronary,raw,ENSG00000283789.1,MIR7846,0.15384615397362345,291.6976493612971,-0.9867450628792143,0.00566116348636349,5.076923077546972,298.75962800369274,0.0,-1.0,0.2092037967936799,-0.9783281093558045,0.14549242335385557,6.739364815542881,44.67690448861231,0.2092037967936799,284.796316641218,0.0,268,True
artery_tibial,excluded_at_or_below_-1,ENSG00000283789.1,MIR7846,,,,,,,,,,,,,,,,,7,False
artery_tibial,raw,ENSG00000283789.1,MIR7846,0.17948717948728862,770.7925652040278,-0.9853623957682517,0.0054871351122471315,7.743589748343752,337.18115390687205,0.0,-1.0,0.3228972603517031,-0.989892357426288,0.10162823956803804,10.305253632549027,108.07861958782462,0.3228972603517031,753.6889755035421,0.0,691,True
bladder,excluded_at_or_below_-1,ENSG00000283789.1,MIR7846,,,,,,,,,,,,,,,,,0,False
bladder,raw,ENSG00000283789.1,MIR7846,0.0,77.0,-0.9875,1.0001e-06,0.0,-17675.90193946968,0.0,-1.0,-1.0,-1.0,0.0,,,-1.0,6.288505735813509e-188,0.0,77,True
brain_amygdala,excluded_at_or_below_-1,ENSG00000283789.1,MIR7846,,,,,,,,,,,,,,,,,1,False
brain_amygdala,raw,ENSG00000283789.1,MIR7846,0.02564102564102564,205.6375581648527,-0.9944396527804851,0.002015906853244409,0.9743589746071725,349.4648349688378,0.0,-1.0,-0.4962910177189937,-0.9972170774459612,0.03744039379415898,13.34187226574874,176.0055555555554,-0.4962910177189937,200.32737017965601,0.0,181,True
brain_anterior_cingulate_cortex_ba24,excluded_at_or_below_-1,ENSG00000283789.1,MIR7846,,,,,,,,,,,,,,,,,1,False
brain_anterior_cingulate_cortex_ba24,raw,ENSG00000283789.1,MIR7846,-0.0629278449259504,221.30249721034792,-0.9888097983174963,0.009494386970851617,117.68147090584898,131.73739293716238,0.0,-1.0,-0.1043848285995353,-0.996156158062659,0.05867370071461318,15.165892995297956,228.00431034482762,-0.1043848285995353,220.01967972359375,0.0,233,True
brain_caudate_basal_ganglia,excluded_at_or_below_-1,ENSG00000283789.1,MIR7846,,,,,,,,,,,,,,,,,3,False
brain_caudate_basal_ganglia,raw,ENSG00000283789.1,MIR7846,0.07692307692801292,435.874334406569,-0.9930526374302794,0.004031038863721253,2.7692307699071783,262.64830467969125,0.0,-1.0,-0.2444064981033962,-0.9929530710498256,0.07044205074122087,9.935596807285954,97.24965369948043,-0.2444064981033962,425.64552205515844,0.0,300,True
brain_cerebellar_hemisphere,excluded_at_or_below_-1,ENSG00000283789.1,MIR7846,,,,,,,,,,,,,,,,,2,False
brain_cerebellar_hemisphere,raw,ENSG00000283789.1,MIR7846,0.0526315773266807,318.11162297914757,-0.991148329993235,0.00405886011584294,1.8975069250474266,286.8515633148624,0.0,-1.0,-0.1678707144454285,-0.9946545703875741,0.06327841278594525,11.907796808698036,141.79535719688613,-0.1678707144454285,313.00215441707854,0.0,277,True
brain_cerebellum,excluded_at_or_below_-1,ENSG00000283789.1,MIR7846,,,,,,,,,,,,,,,,,1,False
brain_cerebellum,raw,ENSG00000283789.1,MIR7846,0.025641025799522956,274.6669348333221,-0.9882197267216902,0.004676046145018416,0.9743589745521826,302.90552559156424,0.0,-1.0,0.0133264703536983,-0.9961905019911514,0.06213103227152984,16.217391084416313,261.00377358490573,0.0133264703536983,274.61926453887736,0.0,266,True
brain_cortex,excluded_at_or_below_-1,ENSG00000283789.1,MIR7846,,,,,,,,,,,,,,,,,3,False
brain_cortex,raw,ENSG00000283789.1,MIR7846,0.07692307694885274,365.7704245665503,-0.9924914912090577,0.004042905586014602,2.769230770828934,270.9950136493674,0.0,-1.0,-0.2177801720595883,-0.9919596737674352,0.07612565692004725,9.37869871692199,86.2929949019599,-0.2177801720595883,363.3890357085824,0.0,270,True
brain_frontal_cortex_ba9,excluded_at_or_below_-1,ENSG00000283789.1,MIR7846,,,,,,,,,,,,,,,,,3,False
brain_frontal_cortex_ba9,raw,ENSG00000283789.1,MIR7846,0.07692307693851824,367.2521025760038,-0.9924151331702482,0.0043453555823572436,2.7692307696837353,259.29704794217537,0.0,-1.0,-0.195691141304703,-0.9917090422874321,0.07838707077727797,9.37245769529645,86.23607183565646,-0.195691141304703,362.9508368286153,0.0,269,True
brain_hippocampus,excluded_at_or_below_-1,ENSG00000283789.1,MIR7846,,,,,,,,,,,,,,,,,2,False
brain_hippocampus,raw,ENSG00000283789.1,MIR7846,0.051282051282322653,265.3011628471519,-0.9907066097967729,0.0017159519129497237,3.8974358974358996,629.7817405797898,0.0,-1.0,-0.2265538599990056,-0.9939824936145717,0.0678155692028805,11.159435187027768,122.54148757097983,-0.2265538599990056,259.51611744489776,0.0,255,True
brain_hypothalamus,excluded_at_or_below_-1,ENSG00000283789.1,MIR7846,,,,,,,,,,,,,,,,,2,False
brain_hypothalamus,raw,ENSG00000283789.1,MIR7846,0.0512820512820543,294.1546507796937,-0.9915273251815223,0.0033068713413340815,1.897435898459463,329.03955038152077,0.0,-1.0,-0.2221304757436971,-0.9942735985072785,0.06489275123610656,11.258827540583699,125.18004925281193,-0.2221304757436971,284.0706849544592,0.0,257,True
brain_nucleus_accumbens_basal_ganglia,excluded_at_or_below_-1,ENSG00000283789.1,MIR7846,,,,,,,,,,,,,,,,,2,False
brain_nucleus_accumbens_basal_ganglia,raw,ENSG00000283789.1,MIR7846,0.05128205128205133,327.31121356285354,-0.9920866821302822,0.003189639632608433,1.8974358988186604,320.3553326440488,0.0,-1.0,-0.2695521988629366,-0.9953617028935289,0.05557812736180421,12.007505656687854,143.6915161343878,-0.2695521988629366,316.0565031778147,0.0,285,True
brain_putamen_basal_ganglia,excluded_at_or_below_-1,ENSG00000283789.1,MIR7846,,,,,,,,,,,,,,,,,2,False
brain_putamen_basal_ganglia,raw,ENSG00000283789.1,MIR7846,0.05263245264759932,244.807467674342,-0.9863939442798262,0.009509818173898963,52.88746467319282,159.8506368135008,0.0,-1.0,0.0885147763857372,-0.993649382164549,0.07569872105457273,12.84025374784643,171.44749321410117,0.0885147763857372,242.69402051087178,0.0,254,True
brain_spinal_cord_cervical_c-1,excluded_at_or_below_-1,ENSG00000283789.1,MIR7846,,,,,,,,,,,,,,,,,1,False
brain_spinal_cord_cervical_c-1,raw,ENSG00000283789.1,MIR7846,-0.15766007563435208,192.82143308926712,-0.990326435078988,0.008310092422571596,109.57367249414834,130.1161346449852,0.0,-1.0,-0.2257480620974846,-0.9962046473632229,0.05420847843324919,14.177620608140646,199.00492610837432,-0.2257480620974846,191.73192187460486,0.0,204,True
brain_substantia_nigra,excluded_at_or_below_-1,ENSG00000283789.1,MIR7846,,,,,,,,,,,,,,,,,0,False
brain_substantia_nigra,raw,ENSG00000283789.1,MIR7846,0.0,183.0,-0.9875,1.0001e-06,0.0,-17675.90193946968,0.0,-1.0,-1.0,-1.0,0.0,,,-1.0,1.4945409735764572e-187,0.0,183,True
breast_mammary_tissue,excluded_at_or_below_-1,ENSG00000283789.1,MIR7846,,,,,,,,,,,,,,,,,3,False
breast_mammary_tissue,raw,ENSG00000283789.1,MIR7846,0.07692307692307691,516.3367636670663,-0.9869351902635748,0.002805933071218341,2.7692307693124065,531.8122883775258,0.0,-1.0,0.0682305409537076,-0.9951378018188274,0.06492928048343291,13.837566199510247,196.86931787931084,0.0682305409537076,494.6440638330244,0.0,514,True
cells_cultured_fibroblasts,excluded_at_or_below_-1,ENSG00000283789.1,MIR7846,,,,,,,,,,,,,,,,,5,False
cells_cultured_fibroblasts,raw,ENSG00000283789.1,MIR7846,-0.4490000226003151,593.491683367857,-0.9845590818052756,0.014186754867796468,2952.07551716602,121.8211969051186,0.0,-1.0,0.2374964154524577,-0.9923693820916866,0.08773516226543865,11.639503972073436,136.33760059097193,0.2374964154524577,590.6700764241275,0.0,652,True
cells_ebv-transformed_lymphocytes,excluded_at_or_below_-1,ENSG00000283789.1,MIR7846,,,,,,,,,,,,,,,,,2,False
cells_ebv-transformed_lymphocytes,raw,ENSG00000283789.1,MIR7846,-0.29506892577809474,302.31087413282046,-0.9893969881858609,0.009613737153187966,538.7337794553126,123.4131698812625,0.0,-1.0,-0.1504418204180796,-0.9951399613758646,0.06219757903844287,12.760871498461315,161.61238667855702,-0.1504418204180796,300.82443750653164,0.0,327,True
cervix_ectocervix,excluded_at_or_below_-1,ENSG00000283789.1,MIR7846,,,,,,,,,,,,,,,,,0,False
cervix_ectocervix,raw,ENSG00000283789.1,MIR7846,0.0,24.0,-0.9875,1.0001e-06,0.0,-17675.90193946968,0.0,-1.0,-1.0,-1.0,0.0,,,-1.0,1.9600537358379766e-188,0.0,24,True
cervix_endocervix,excluded_at_or_below_-1,ENSG00000283789.1,MIR7846,,,,,,,,,,,,,,,,,0,False
cervix_endocervix,raw,ENSG00000283789.1,MIR7846,0.0,23.0,-0.9875,1.0001e-06,0.0,-17675.90193946968,0.0,-1.0,-1.0,-1.0,0.0,,,-1.0,1.878384830178061e-188,0.0,23,True
colon_sigmoid,excluded_at_or_below_-1,ENSG00000283789.1,MIR7846,,,,,,,,,,,,,,,,,1,False
colon_sigmoid,raw,ENSG00000283789.1,MIR7846,0.02631611070645601,402.1330171427445,-0.9891667659941942,0.007547453293269519,251.91815025760943,160.37888084231625,0.0,-1.0,-0.1332478690257317,-0.9979313791623525,0.04234361249596774,20.39613670145641,414.0023923444974,-0.1332478690257317,398.6470270806461,0.0,419,True
colon_transverse,excluded_at_or_below_-1,ENSG00000283789.1,MIR7846,,,,,,,,,,,,,,,,,4,False
colon_transverse,raw,ENSG00000283789.1,MIR7846,0.10256410249150558,534.5287311885385,-0.989772760177791,0.004999422631974434,3.5897435904955346,267.46075472032464,0.0,-1.0,-0.0442653871117494,-0.9929373738468837,0.07778155618361146,11.085198887922605,122.47600567208869,-0.0442653871117494,525.4610801160796,0.0,479,True
esophagus_gastroesophageal_junction,excluded_at_or_below_-1,ENSG00000283789.1,MIR7846,,,,,,,,,,,,,,,,,1,False
esophagus_gastroesophageal_junction,raw,ENSG00000283789.1,MIR7846,0.02564102562392741,413.6083947279396,-0.9881928392575103,0.005035066142588697,0.9743589744063921,281.09882581528154,0.0,-1.0,0.0126115782937947,-0.9974873161828939,0.05044177560111436,20.000062188958047,398.00248756218923,0.0126115782937947,413.59705557432846,0.0,403,True
esophagus_mucosa,excluded_at_or_below_-1,ENSG00000283789.1,MIR7846,,,,,,,,,,,,,,,,,2,False
esophagus_mucosa,raw,ENSG00000283789.1,MIR7846,0.05128205128205129,611.9666429173916,-0.9900945078204307,0.002383547291072179,1.8974358974397347,464.9077407165536,0.0,-1.0,-0.2065285631381073,-0.9977286439174555,0.04014248681716649,17.92165347157876,324.5295232689431,-0.2065285631381073,570.3092648082276,0.0,614,True
esophagus_muscularis,excluded_at_or_below_-1,ENSG00000283789.1,MIR7846,,,,,,,,,,,,,,,,,5,False
esophagus_muscularis,raw,ENSG00000283789.1,MIR7846,0.13157894733711556,628.4168056077925,-0.987611693543398,0.008276579922012124,4.359431314452303,206.85151449238276,0.0,-1.0,0.2229714441353456,-0.9912873473370559,0.09316456516030193,10.865443493108508,118.98270760272514,0.2229714441353456,628.2416817942845,0.0,561,True
fallopian_tube,excluded_at_or_below_-1,ENSG00000283789.1,MIR7846,,,,,,,,,,,,,,,,,0,False
fallopian_tube,raw,ENSG00000283789.1,MIR7846,0.0,29.0,-0.9875,1.0001e-06,0.0,-17675.90193946968,0.0,-1.0,-1.0,-1.0,0.0,,,-1.0,2.368398264137555e-188,0.0,29,True
heart_atrial_appendage,excluded_at_or_below_-1,ENSG00000283789.1,MIR7846,0.1704243694279217,3.305694312554829,-0.4669345970251704,0.37071859664627305,15.60040356060282,11.772200159563837,0.0,-0.5515451378196174,2.619002095074795,0.11921164224473883,0.9256180554324938,1.8900494305783166,2.166629779267198,2.619002095074795,3.305694164204683,0.0,24,True
heart_atrial_appendage,raw,ENSG00000283789.1,MIR7846,0.6153846303242884,447.6007452537508,-0.9576840865511163,0.018339896751573784,45.23076923382214,275.802976152183,0.0,-1.0,2.619002095074795,-0.9417330164558053,0.3237141814181448,8.022088471120249,74.43758190458192,2.619002095074795,447.59999555134505,0.0,461,True
heart_left_ventricle,excluded_at_or_below_-1,ENSG00000283789.1,MIR7846,,,,,,,,,,,,,,,,,4,False
heart_left_ventricle,raw,ENSG00000283789.1,MIR7846,0.10619860769047137,413.78226464804436,-0.9902289241795043,0.008937998996995683,1179.430371424717,122.3804757305301,0.0,-1.0,-0.21676966849549,-0.9947654428904043,0.05723025385039608,11.364493937537265,131.9263170072823,-0.21676966849549,411.8079427071828,0.0,452,True
kidney_cortex,excluded_at_or_below_-1,ENSG00000283789.1,MIR7846,,,,,,,,,,,,,,,,,0,False
kidney_cortex,raw,ENSG00000283789.1,MIR7846,0.0,104.0,-0.9875,1.0001e-06,0.0,-17675.90193946968,0.0,-1.0,-1.0,-1.0,0.0,,,-1.0,8.493566188631232e-188,0.0,104,True
kidney_medulla,excluded_at_or_below_-1,ENSG00000283789.1,MIR7846,,,,,,,,,,,,,,,,,0,False
kidney_medulla,raw,ENSG00000283789.1,MIR7846,0.0,11.0,-0.9875,1.0001e-06,0.0,-17675.90193946968,0.0,-1.0,-1.0,-1.0,0.0,,,-1.0,8.983579622590726e-189,0.0,11,True
liver,excluded_at_or_below_-1,ENSG00000283789.1,MIR7846,,,,,,,,,,,,,,,,,0,False
liver,raw,ENSG00000283789.1,MIR7846,0.0,262.0,-0.9875,1.0001e-06,0.0,-17675.90193946968,0.0,-1.0,-1.0,-1.0,0.0,,,-1.0,2.1397253282897912e-187,0.0,262,True
lung,excluded_at_or_below_-1,ENSG00000283789.1,MIR7846,,,,,,,,,,,,,,,,,6,False
lung,raw,ENSG00000283789.1,MIR7846,0.15384615384615388,674.5197332045077,-0.9844176893847995,0.001925935524753662,5.076923081412091,943.2252582467816,0.0,-1.0,0.3001061484817575,-0.9895508739262953,0.10555993151395486,10.201393190574477,104.0560194099159,0.3001061484817575,647.5445472784938,0.0,604,True
minor_salivary_gland,excluded_at_or_below_-1,ENSG00000283789.1,MIR7846,,,,,,,,,,,,,,,,,1,False
minor_salivary_gland,raw,ENSG00000283789.1,MIR7846,0.025641025641022188,203.66223414935612,-0.9912851853964835,0.0035886024534585287,0.9743589743589881,311.0988540225681,0.0,-1.0,-0.2018640254550153,-0.9955904089804145,0.059324979778856424,13.341872265748773,176.00555555555567,-0.2018640254550153,197.818294387529,0.0,181,True
muscle_skeletal,excluded_at_or_below_-1,ENSG00000283789.1,MIR7846,,,,,,,,,,,,,,,,,9,False
muscle_skeletal,raw,ENSG00000283789.1,MIR7846,0.23076923079666242,897.8804802863557,-0.9889046300470251,0.0044324370320608505,10.92307693163209,316.24436870604825,0.0,-1.0,0.0022704571733527,-0.9913070228449408,0.08392798667385076,9.848327795441028,97.62201884449058,0.0022704571733527,880.6328247675588,0.0,818,True
nerve_tibial,excluded_at_or_below_-1,ENSG00000283789.1,MIR7846,,,,,,,,,,,,,,,,,4,False
nerve_tibial,raw,ENSG00000283789.1,MIR7846,-0.395758657672962,614.405149273646,-0.9861327568699344,0.012828873947633714,2743.197256015404,121.03467581767175,0.0,-1.0,0.1118192361459415,-0.9943355670480459,0.07385836570762701,13.196923476965187,175.21900485560585,0.1118192361459415,611.557713684201,0.0,670,True
ovary,excluded_at_or_below_-1,ENSG00000283789.1,MIR7846,,,,,,,,,,,,,,,,,3,False
ovary,raw,ENSG00000283789.1,MIR7846,0.07692307692307691,219.08295406023632,-0.9864039575424991,0.0016868200079803491,4.76923076923077,943.2623705743423,0.0,-1.0,0.1386834279792717,-0.9826009497276225,0.13885878386360295,7.838292317721077,59.46901566122789,0.1386834279792717,212.7358913232738,0.0,193,True
pancreas,excluded_at_or_below_-1,ENSG00000283789.1,MIR7846,,,,,,,,,,,,,,,,,0,False
pancreas,raw,ENSG00000283789.1,MIR7846,0.0,362.0,-0.9875,1.0001e-06,0.0,-17675.90193946968,0.0,-1.0,-1.0,-1.0,0.0,,,-1.0,2.956414384888948e-187,0.0,362,True
pituitary,excluded_at_or_below_-1,ENSG00000283789.1,MIR7846,,,,,,,,,,,,,,,,,2,False
pituitary,raw,ENSG00000283789.1,MIR7846,-0.09326473459031348,293.0415355426725,-0.9857328837721141,0.012487840336812822,330.72613936966474,127.77796916480352,0.0,-1.0,0.1425768142445505,-0.994042053197017,0.076292946192262,13.271719564310452,180.3859687059023,0.1425768142445505,291.4731905067018,0.0,313,True
prostate,excluded_at_or_below_-1,ENSG00000283789.1,MIR7846,,,,,,,,,,,,,,,,,0,False
prostate,raw,ENSG00000283789.1,MIR7846,0.0,282.0,-0.9875,1.0001e-06,0.0,-17675.90193946968,0.0,-1.0,-1.0,-1.0,0.0,,,-1.0,2.3030631396096224e-187,0.0,282,True
skin_not_sun_exposed_suprapubic,excluded_at_or_below_-1,ENSG00000283789.1,MIR7846,,,,,,,,,,,,,,,,,6,False
skin_not_sun_exposed_suprapubic,raw,ENSG00000283789.1,MIR7846,0.15384615393103587,727.4916314357112,-0.9871289328274616,0.005388751562148584,9.076923081249616,306.13898434127196,0.0,-1.0,0.1793900244192428,-0.9913144577494104,0.09084759493157121,10.54080907664659,111.24363522636796,0.1793900244192428,706.9741640727481,0.0,651,True
skin_sun_exposed_lower_leg,excluded_at_or_below_-1,ENSG00000283789.1,MIR7846,,,,,,,,,,,,,,,,,7,False
skin_sun_exposed_lower_leg,raw,ENSG00000283789.1,MIR7846,0.17948717947419346,841.8196104443552,-0.982071681212951,0.008542452995518604,5.7435897441083865,273.62585695699926,0.0,-1.0,0.6707451801183546,-0.9914381463546779,0.09438389201619633,12.4827195895608,173.23841260864316,0.6707451801183546,825.5608196257717,0.0,754,True
small_intestine_terminal_ileum,excluded_at_or_below_-1,ENSG00000283789.1,MIR7846,,,,,,,,,,,,,,,,,0,False
small_intestine_terminal_ileum,raw,ENSG00000283789.1,MIR7846,0.0,207.0,-0.9875,1.0001e-06,0.0,-17675.90193946968,0.0,-1.0,-1.0,-1.0,0.0,,,-1.0,1.6905463471602549e-187,0.0,207,True
spleen,excluded_at_or_below_-1,ENSG00000283789.1,MIR7846,,,,,,,,,,,,,,,,,1,False
spleen,raw,ENSG00000283789.1,MIR7846,0.02564102564087272,276.80743560573546,-0.989361059127627,0.003908403117820032,0.9743589744277923,310.32868245050327,0.0,-1.0,-0.1317186051808111,-0.9968654101270066,0.05216997284941662,16.553054799293268,272.0036231884056,-0.1317186051808111,272.45419570864664,0.0,277,True
stomach,excluded_at_or_below_-1,ENSG00000283789.1,MIR7846,,,,,,,,,,,,,,,,,0,False
stomach,raw,ENSG00000283789.1,MIR7846,0.0,407.0,-0.9875,1.0001e-06,0.0,-17675.90193946968,0.0,-1.0,-1.0,-1.0,0.0,,,-1.0,3.3239244603585686e-187,0.0,407,True
testis,excluded_at_or_below_-1,ENSG00000283789.1,MIR7846,,,,,,,,,,,,,,,,,2,False
testis,raw,ENSG00000283789.1,MIR7846,-0.20146450189387297,383.8503685454675,-0.9865292806841769,0.011944536614644457,812.6969148397625,126.13983920588467,0.0,-1.0,0.0788557276675985,-0.9948668689045723,0.07377214955238845,14.288138820008339,202.20002498319894,0.0788557276675985,381.85157243049605,0.0,414,True
thyroid,excluded_at_or_below_-1,ENSG00000283789.1,MIR7846,,,,,,,,,,,,,,,,,6,False
thyroid,raw,ENSG00000283789.1,MIR7846,-0.4851207352388063,620.8180419185373,-0.9846215703154805,0.014118055719021829,3369.3187802627426,121.9100230446346,0.0,-1.0,0.232402890377197,-0.9919390606940165,0.08791767714655675,11.310368323364116,131.01882698024465,0.232402890377197,617.8557675654405,0.0,684,True
uterus,excluded_at_or_below_-1,ENSG00000283789.1,MIR7846,,,,,,,,,,,,,,,,,1,False
uterus,raw,ENSG00000283789.1,MIR7846,0.02564102564102564,172.4390369195372,-0.9871789740212754,0.0015198296252465712,0.9743589743589743,982.6878175477353,0.0,-1.0,0.0688977722459398,-0.9930137400506801,0.08641526309720429,12.247717295372576,148.0065789473685,0.0688977722459398,164.51055261726117,0.0,153,True
vagina,excluded_at_or_below_-1,ENSG00000283789.1,MIR7846,,,,,,,,,,,,,,,,,0,False
vagina,raw,ENSG00000283789.1,MIR7846,0.0,170.0,-0.9875,1.0001e-06,0.0,-17675.90193946968,0.0,-1.0,-1.0,-1.0,0.0,,,-1.0,1.3883713962185667e-187,0.0,170,True
whole_blood,excluded_at_or_below_-1,ENSG00000283789.1,MIR7846,,,,,,,,,,,,,,,,,8,False
whole_blood,raw,ENSG00000283789.1,MIR7846,0.2051282081228112,895.9121861836355,-0.9840214687394864,0.007116338266623133,10.358974362601561,290.00713519143324,0.0,-1.0,0.4752976388311138,-0.9880340664867469,0.12113230758187651,10.284277344179115,106.22929049171493,0.4752976388311138,870.7577230509886,0.0,803,True
adipose_subcutaneous,excluded_at_or_below_-1,ENSG00000284594.1,MIR7847,,,,,,,,,,,,,,,,,4,False
adipose_subcutaneous,raw,ENSG00000284594.1,MIR7847,0.10256410257635419,759.9016157828804,-0.9849705939972008,0.00579174161009209,3.589743592000663,319.43510392797026,0.0,-1.0,0.3232374676191893,-0.9939510573063542,0.08194351541900034,13.869735963009306,195.49617342721203,0.3232374676191893,755.6439344861706,0.0,714,True
adipose_visceral_omentum,excluded_at_or_below_-1,ENSG00000284594.1,MIR7847,,,,,,,,,,,,,,,,,4,False
adipose_visceral_omentum,raw,ENSG00000284594.1,MIR7847,-0.04532918320264306,535.916201322896,-0.985427177449737,0.013216652201534838,2243.7614972175534,123.38307850894934,0.0,-1.0,0.1676597958296495,-0.9931258583644781,0.08347548228518227,12.177380630474886,147.8968986426477,0.1676597958296495,533.2840970029721,0.0,587,True
adrenal_gland,excluded_at_or_below_-1,ENSG00000284594.1,MIR7847,,,,,,,,,,,,,,,,,6,False
adrenal_gland,raw,ENSG00000284594.1,MIR7847,0.1538461538461539,347.2081163108601,-0.9896988040137649,0.003198366822688606,5.076923076923076,408.36777480758457,0.0,-1.0,-0.0661396067677304,-0.9853373260844035,0.10349886683119564,7.112514120077116,50.04736239417037,-0.0661396067677304,334.72415204897646,0.0,295,True
artery_aorta,excluded_at_or_below_-1,ENSG00000284594.1,MIR7847,,,,,,,,,,,,,,,,,0,False
artery_aorta,raw,ENSG00000284594.1,MIR7847,0.0,472.0,-0.9875,1.0001e-06,0.0,-17675.90193946968,0.0,-1.0,-1.0,-1.0,0.0,,,-1.0,3.8547723471480207e-187,0.0,472,True
artery_coronary,excluded_at_or_below_-1,ENSG00000284594.1,MIR7847,,,,,,,,,,,,,,,,,1,False
artery_coronary,raw,ENSG00000284594.1,MIR7847,0.025641025641025647,275.94303323408303,-0.9882344583512587,0.0037450634796051996,0.974358974398555,371.555455442683,0.0,-1.0,-0.0042962443155439,-0.9962846874787893,0.060822287287728156,16.278935632231963,263.0037453183518,-0.0042962443155439,275.6127535276677,0.0,268,True
artery_tibial,excluded_at_or_below_-1,ENSG00000284594.1,MIR7847,,,,,,,,,,,,,,,,,1,False
artery_tibial,raw,ENSG00000284594.1,MIR7847,2.3505287191903292,654.7147782025598,-0.9881817241943124,0.01034363105935302,1324.440637965858,127.93609233878573,0.0,-1.0,-0.0524505351176493,-0.9986287272577681,0.03604648045384928,26.229781723746058,686.0014492753625,-0.0524505351176493,651.3264781124363,0.0,691,True
bladder,excluded_at_or_below_-1,ENSG00000284594.1,MIR7847,,,,,,,,,,,,,,,,,1,False
bladder,raw,ENSG00000284594.1,MIR7847,0.02564102544675265,85.22304473796953,-0.9862250539044219,0.0072635893635620815,0.9743589747535433,250.2214473789426,0.0,-1.0,0.2989456530339023,-0.9831305759346245,0.1480285954094844,8.603090020146062,72.01315789473679,0.2989456530339023,84.2858716909329,0.0,77,True
brain_amygdala,excluded_at_or_below_-1,ENSG00000284594.1,MIR7847,,,,,,,,,,,,,,,,,0,False
brain_amygdala,raw,ENSG00000284594.1,MIR7847,0.0,181.0,-0.9875,1.0001e-06,0.0,-17675.90193946968,0.0,-1.0,-1.0,-1.0,0.0,,,-1.0,1.478207192444474e-187,0.0,181,True
brain_anterior_cingulate_cortex_ba24,excluded_at_or_below_-1,ENSG00000284594.1,MIR7847,,,,,,,,,,,,,,,,,0,False
brain_anterior_cingulate_cortex_ba24,raw,ENSG00000284594.1,MIR7847,0.0,233.0,-0.9875,1.0001e-06,0.0,-17675.90193946968,0.0,-1.0,-1.0,-1.0,0.0,,,-1.0,1.9028855018760357e-187,0.0,233,True
brain_caudate_basal_ganglia,excluded_at_or_below_-1,ENSG00000284594.1,MIR7847,,,,,,,,,,,,,,,,,0,False
brain_caudate_basal_ganglia,raw,ENSG00000284594.1,MIR7847,0.0,300.0,-0.9875,1.0001e-06,0.0,-17675.90193946968,0.0,-1.0,-1.0,-1.0,0.0,,,-1.0,2.450067169797471e-187,0.0,300,True
brain_cerebellar_hemisphere,excluded_at_or_below_-1,ENSG00000284594.1,MIR7847,,,,,,,,,,,,,,,,,0,False
brain_cerebellar_hemisphere,raw,ENSG00000284594.1,MIR7847,0.0,277.0,-0.9875,1.0001e-06,0.0,-17675.90193946968,0.0,-1.0,-1.0,-1.0,0.0,,,-1.0,2.2622286867796648e-187,0.0,277,True
brain_cerebellum,excluded_at_or_below_-1,ENSG00000284594.1,MIR7847,,,,,,,,,,,,,,,,,2,False
brain_cerebellum,raw,ENSG00000284594.1,MIR7847,,,,,,,,,,,,,,,,,266,False
brain_cortex,excluded_at_or_below_-1,ENSG00000284594.1,MIR7847,,,,,,,,,,,,,,,,,0,False
brain_cortex,raw,ENSG00000284594.1,MIR7847,0.0,270.0,-0.9875,1.0001e-06,0.0,-17675.90193946968,0.0,-1.0,-1.0,-1.0,0.0,,,-1.0,2.2050604528177237e-187,0.0,270,True
brain_frontal_cortex_ba9,excluded_at_or_below_-1,ENSG00000284594.1,MIR7847,,,,,,,,,,,,,,,,,0,False
brain_frontal_cortex_ba9,raw,ENSG00000284594.1,MIR7847,0.0,269.0,-0.9875,1.0001e-06,0.0,-17675.90193946968,0.0,-1.0,-1.0,-1.0,0.0,,,-1.0,2.196893562251732e-187,0.0,269,True
brain_hippocampus,excluded_at_or_below_-1,ENSG00000284594.1,MIR7847,,,,,,,,,,,,,,,,,0,False
brain_hippocampus,raw,ENSG00000284594.1,MIR7847,0.0,255.0,-0.9875,1.0001e-06,0.0,-17675.90193946968,0.0,-1.0,-1.0,-1.0,0.0,,,-1.0,2.08255709432785e-187,0.0,255,True
brain_hypothalamus,excluded_at_or_below_-1,ENSG00000284594.1,MIR7847,,,,,,,,,,,,,,,,,0,False
brain_hypothalamus,raw,ENSG00000284594.1,MIR7847,0.0,257.0,-0.9875,1.0001e-06,0.0,-17675.90193946968,0.0,-1.0,-1.0,-1.0,0.0,,,-1.0,2.0988908754598334e-187,0.0,257,True
brain_nucleus_accumbens_basal_ganglia,excluded_at_or_below_-1,ENSG00000284594.1,MIR7847,,,,,,,,,,,,,,,,,0,False
brain_nucleus_accumbens_basal_ganglia,raw,ENSG00000284594.1,MIR7847,0.0,285.0,-0.9875,1.0001e-06,0.0,-17675.90193946968,0.0,-1.0,-1.0,-1.0,0.0,,,-1.0,2.3275638113075975e-187,0.0,285,True
brain_putamen_basal_ganglia,excluded_at_or_below_-1,ENSG00000284594.1,MIR7847,,,,,,,,,,,,,,,,,0,False
brain_putamen_basal_ganglia,raw,ENSG00000284594.1,MIR7847,0.0,254.0,-0.9875,1.0001e-06,0.0,-17675.90193946968,0.0,-1.0,-1.0,-1.0,0.0,,,-1.0,2.0743902037618585e-187,0.0,254,True
brain_spinal_cord_cervical_c-1,excluded_at_or_below_-1,ENSG00000284594.1,MIR7847,,,,,,,,,,,,,,,,,0,False
brain_spinal_cord_cervical_c-1,raw,ENSG00000284594.1,MIR7847,0.0,204.0,-0.9875,1.0001e-06,0.0,-17675.90193946968,0.0,-1.0,-1.0,-1.0,0.0,,,-1.0,1.6660456754622802e-187,0.0,204,True
brain_substantia_nigra,excluded_at_or_below_-1,ENSG00000284594.1,MIR7847,,,,,,,,,,,,,,,,,0,False
brain_substantia_nigra,raw,ENSG00000284594.1,MIR7847,0.0,183.0,-0.9875,1.0001e-06,0.0,-17675.90193946968,0.0,-1.0,-1.0,-1.0,0.0,,,-1.0,1.4945409735764572e-187,0.0,183,True
breast_mammary_tissue,excluded_at_or_below_-1,ENSG00000284594.1,MIR7847,,,,,,,,,,,,,,,,,3,False
breast_mammary_tissue,raw,ENSG00000284594.1,MIR7847,0.07738547130641885,509.83893857475925,-0.9880001952934401,0.008876992512827324,4.110083904778037,151.10790286801813,0.0,-1.0,-0.0394986690193241,-0.9953805618447937,0.061283232050653565,13.554855295817822,186.35817504611603,-0.0394986690193241,505.9652226429027,0.0,514,True
cells_cultured_fibroblasts,excluded_at_or_below_-1,ENSG00000284594.1,MIR7847,,,,,,,,,,,,,,,,,1,False
cells_cultured_fibroblasts,raw,ENSG00000284594.1,MIR7847,2.1572924945725935,615.5340150972232,-0.9841443923579942,0.013849566223123975,1311.4073108540003,128.16787062528277,0.0,-1.0,0.2710192258744721,-0.9980505840093951,0.049776954540089215,25.475508554262664,647.0015360983102,0.2710192258744721,612.3186255249972,0.0,652,True
cells_ebv-transformed_lymphocytes,excluded_at_or_below_-1,ENSG00000284594.1,MIR7847,,,,,,,,,,,,,,,,,0,False
cells_ebv-transformed_lymphocytes,raw,ENSG00000284594.1,MIR7847,0.0,327.0,-0.9875,1.0001e-06,0.0,-17675.90193946968,0.0,-1.0,-1.0,-1.0,0.0,,,-1.0,2.670573215079243e-187,0.0,327,True
cervix_ectocervix,excluded_at_or_below_-1,ENSG00000284594.1,MIR7847,,,,,,,,,,,,,,,,,0,False
cervix_ectocervix,raw,ENSG00000284594.1,MIR7847,0.0,24.0,-0.9875,1.0001e-06,0.0,-17675.90193946968,0.0,-1.0,-1.0,-1.0,0.0,,,-1.0,1.9600537358379766e-188,0.0,24,True
cervix_endocervix,excluded_at_or_below_-1,ENSG00000284594.1,MIR7847,,,,,,,,,,,,,,,,,0,False
cervix_endocervix,raw,ENSG00000284594.1,MIR7847,0.0,23.0,-0.9875,1.0001e-06,0.0,-17675.90193946968,0.0,-1.0,-1.0,-1.0,0.0,,,-1.0,1.878384830178061e-188,0.0,23,True
colon_sigmoid,excluded_at_or_below_-1,ENSG00000284594.1,MIR7847,,,,,,,,,,,,,,,,,0,False
colon_sigmoid,raw,ENSG00000284594.1,MIR7847,0.0,419.0,-0.9875,1.0001e-06,0.0,-17675.90193946968,0.0,-1.0,-1.0,-1.0,0.0,,,-1.0,3.4219271471504676e-187,0.0,419,True
colon_transverse,excluded_at_or_below_-1,ENSG00000284594.1,MIR7847,,,,,,,,,,,,,,,,,3,False
colon_transverse,raw,ENSG00000284594.1,MIR7847,0.07692307692294376,657.2259891859969,-0.9844276084358335,0.004207085208799039,2.769230769231587,349.26206947143726,0.0,-1.0,0.0545776207334922,-0.9947049706412447,0.06784969972168446,13.141782605867151,176.12529784009618,0.0545776207334922,654.4708052082489,0.0,479,True
esophagus_gastroesophageal_junction,excluded_at_or_below_-1,ENSG00000284594.1,MIR7847,,,,,,,,,,,,,,,,,1,False
esophagus_gastroesophageal_junction,raw,ENSG00000284594.1,MIR7847,0.025641025613064333,413.6079033836068,-0.9879710244414657,0.005180946060539467,0.9743589744302255,278.5048694148277,0.0,-1.0,0.0323265772973742,-0.9974383955898329,0.051423849653033,20.000062188958097,398.0024875621898,0.0323265772973742,413.58909149469054,0.0,403,True
esophagus_mucosa,excluded_at_or_below_-1,ENSG00000284594.1,MIR7847,,,,,,,,,,,,,,,,,3,False
esophagus_mucosa,raw,ENSG00000284594.1,MIR7847,0.07692307691463994,633.5190957105773,-0.9858443748228124,0.0060629523703185926,2.769230769386819,282.4088648453807,0.0,-1.0,0.2248861273229212,-0.9946676318122116,0.07660082186321811,14.441178130287433,208.6968956332554,0.2248861273229212,633.0858994076989,0.0,614,True
esophagus_muscularis,excluded_at_or_below_-1,ENSG00000284594.1,MIR7847,,,,,,,,,,,,,,,,,0,False
esophagus_muscularis,raw,ENSG00000284594.1,MIR7847,0.0,561.0,-0.9875,1.0001e-06,0.0,-17675.90193946968,0.0,-1.0,-1.0,-1.0,0.0,,,-1.0,4.5816256075212706e-187,0.0,561,True
fallopian_tube,excluded_at_or_below_-1,ENSG00000284594.1,MIR7847,,,,,,,,,,,,,,,,,0,False
fallopian_tube,raw,ENSG00000284594.1,MIR7847,0.0,29.0,-0.9875,1.0001e-06,0.0,-17675.90193946968,0.0,-1.0,-1.0,-1.0,0.0,,,-1.0,2.368398264137555e-188,0.0,29,True
heart_atrial_appendage,excluded_at_or_below_-1,ENSG00000284594.1,MIR7847,,,,,,,,,,,,,,,,,2,False
heart_atrial_appendage,raw,ENSG00000284594.1,MIR7847,0.05128205128893668,574.778186943359,-0.989113660066517,0.003066336042388701,1.8974358983454223,342.9759614489642,0.0,-1.0,-0.2454639170254978,-0.996793662193377,0.04863711076074223,15.093289983881268,225.90912247088974,-0.2454639170254978,562.4994081575472,0.0,461,True
heart_left_ventricle,excluded_at_or_below_-1,ENSG00000284594.1,MIR7847,,,,,,,,,,,,,,,,,1,False
heart_left_ventricle,raw,ENSG00000284594.1,MIR7847,1.3114565151995137,416.807575929637,-0.992314197799841,0.0072430859920288365,1177.6953788203566,119.01961670427262,0.0,-1.0,-0.3827391368162801,-0.9986343786212749,0.029033508761669886,21.189672420660496,447.0022172949005,-0.3827391368162801,415.0383207297025,0.0,452,True
kidney_cortex,excluded_at_or_below_-1,ENSG00000284594.1,MIR7847,,,,,,,,,,,,,,,,,3,False
kidney_cortex,raw,ENSG00000284594.1,MIR7847,0.07692307715921506,104.52008342597676,-0.9912510158858903,0.0038502466834964104,2.769230769323557,275.0421292225953,0.0,-1.0,-0.2424390443162734,-0.9805742507051662,0.11374350978734038,5.707917548289039,30.90233904164551,-0.2424390443162734,104.44387895953678,0.0,104,True
kidney_medulla,excluded_at_or_below_-1,ENSG00000284594.1,MIR7847,,,,,,,,,,,,,,,,,0,False
kidney_medulla,raw,ENSG00000284594.1,MIR7847,0.0,11.0,-0.9875,1.0001e-06,0.0,-17675.90193946968,0.0,-1.0,-1.0,-1.0,0.0,,,-1.0,8.983579622590726e-189,0.0,11,True
liver,excluded_at_or_below_-1,ENSG00000284594.1,MIR7847,,,,,,,,,,,,,,,,,0,False
liver,raw,ENSG00000284594.1,MIR7847,0.0,262.0,-0.9875,1.0001e-06,0.0,-17675.90193946968,0.0,-1.0,-1.0,-1.0,0.0,,,-1.0,2.1397253282897912e-187,0.0,262,True
lung,excluded_at_or_below_-1,ENSG00000284594.1,MIR7847,,,,,,,,,,,,,,,,,1,False
lung,raw,ENSG00000284594.1,MIR7847,1.6970564725946025,567.6122023722064,-0.9853019354428877,0.012995931318379462,1267.3206944724545,126.59928127180547,0.0,-1.0,0.178083573039836,-0.9980495305082121,0.047935540760385434,24.515335167498574,599.0016583747923,0.178083573039836,564.707870413977,0.0,604,True
minor_salivary_gland,excluded_at_or_below_-1,ENSG00000284594.1,MIR7847,,,,,,,,,,,,,,,,,5,False
minor_salivary_gland,raw,ENSG00000284594.1,MIR7847,0.12820512824615118,197.36454349810276,-0.9861248095775014,0.0065305406674210495,6.358974359117086,275.7895256669945,0.0,-1.0,0.2874131912848592,-0.971053761777342,0.17451581653820714,6.0107900293755,35.14120948403118,0.2874131912848592,192.97356219773448,0.0,181,True
muscle_skeletal,excluded_at_or_below_-1,ENSG00000284594.1,MIR7847,,,,,,,,,,,,,,,,,4,False
muscle_skeletal,raw,ENSG00000284594.1,MIR7847,0.10256410221081358,893.5845088995528,-0.9898243737241298,0.004751587780377813,3.589743590880062,273.83441701830776,0.0,-1.0,-0.0697736088540026,-0.9966518603326348,0.04952095455404075,15.53352481796179,249.30060226144911,-0.0697736088540026,874.6630486073163,0.0,818,True
nerve_tibial,excluded_at_or_below_-1,ENSG00000284594.1,MIR7847,,,,,,,,,,,,,,,,,0,False
nerve_tibial,raw,ENSG00000284594.1,MIR7847,0.0,670.0,-0.9875,1.0001e-06,0.0,-17675.90193946968,0.0,-1.0,-1.0,-1.0,0.0,,,-1.0,5.471816679214351e-187,0.0,670,True
ovary,excluded_at_or_below_-1,ENSG00000284594.1,MIR7847,,,,,,,,,,,,,,,,,0,False
ovary,raw,ENSG00000284594.1,MIR7847,0.0,193.0,-0.9875,1.0001e-06,0.0,-17675.90193946968,0.0,-1.0,-1.0,-1.0,0.0,,,-1.0,1.576209879236373e-187,0.0,193,True
pancreas,excluded_at_or_below_-1,ENSG00000284594.1,MIR7847,,,,,,,,,,,,,,,,,0,False
pancreas,raw,ENSG00000284594.1,MIR7847,0.0,362.0,-0.9875,1.0001e-06,0.0,-17675.90193946968,0.0,-1.0,-1.0,-1.0,0.0,,,-1.0,2.956414384888948e-187,0.0,362,True
pituitary,excluded_at_or_below_-1,ENSG00000284594.1,MIR7847,,,,,,,,,,,,,,,,,0,False
pituitary,raw,ENSG00000284594.1,MIR7847,0.0,313.0,-0.9875,1.0001e-06,0.0,-17675.90193946968,0.0,-1.0,-1.0,-1.0,0.0,,,-1.0,2.5562367471553613e-187,0.0,313,True
prostate,excluded_at_or_below_-1,ENSG00000284594.1,MIR7847,,,,,,,,,,,,,,,,,1,False
prostate,raw,ENSG00000284594.1,MIR7847,0.025641025641026386,296.91099703668465,-0.9916941048465787,0.002814656084437067,0.9743589748961802,356.26179541858113,0.0,-1.0,-0.2826396474386543,-0.9974561689625484,0.0427181873431301,16.703399615613012,277.00355871886103,-0.2826396474386543,296.6872504154749,0.0,282,True
skin_not_sun_exposed_suprapubic,excluded_at_or_below_-1,ENSG00000284594.1,MIR7847,0.342105292007242,13.350242455791975,-0.11487960824310008,0.005452152524219531,10.552633055444545,119.14030467642476,0.0,-0.2476179082437544,0.3444365305357222,0.03135343817713602,0.16252221833906136,0.3478417137432665,-0.763858418969749,0.3444365305357222,13.311987380756316,0.0,18,True
skin_not_sun_exposed_suprapubic,raw,ENSG00000284594.1,MIR7847,0.4615384615376169,701.2408714452966,-0.9852631169581311,0.006441985087671957,37.6923076923385,291.9099081690222,0.0,-1.0,0.3444365305357222,-0.9714833150734433,0.17126701337534686,5.980770249491756,34.677747116902104,0.3444365305357222,685.3795428568014,0.0,651,True
skin_sun_exposed_lower_leg,excluded_at_or_below_-1,ENSG00000284594.1,MIR7847,0.21052634925249908,4.8549382581269285,-0.11572443306324229,0.0022850038720199713,10.315789820843095,137.2358379835238,0.0,-0.1403619520282852,0.1060132376221192,-0.019850193251144878,0.08290958923157447,-0.1503018321099444,-1.1833722775758777,0.1060132376221192,4.853365435415821,0.0,10,True
skin_sun_exposed_lower_leg,raw,ENSG00000284594.1,MIR7847,0.25641025485247904,922.9100627597874,-0.9889228041830639,0.005914942107610282,17.43589743854932,261.79011934194716,0.0,-1.0,0.1060132376221192,-0.987000665692986,0.11256628259271986,8.593535903780928,72.32250506877503,0.1060132376221192,922.9100109913973,0.0,754,True
small_intestine_terminal_ileum,excluded_at_or_below_-1,ENSG00000284594.1,MIR7847,,,,,,,,,,,,,,,,,1,False
small_intestine_terminal_ileum,raw,ENSG00000284594.1,MIR7847,0.026358965497616342,197.50949609427516,-0.9873353741602114,0.010733643224462762,73.21460638470107,131.89421003773285,0.0,-1.0,0.0137195100411402,-0.9951028042993182,0.07045837655148444,14.283026792978157,202.00485436893175,0.0137195100411402,196.36529362386565,0.0,207,True
spleen,excluded_at_or_below_-1,ENSG00000284594.1,MIR7847,,,,,,,,,,,,,,,,,1,False
spleen,raw,ENSG00000284594.1,MIR7847,0.02564102564166871,276.80720156538865,-0.9907584802509641,0.003323930085148939,0.9743589743667072,316.8334819466509,0.0,-1.0,-0.2460814592939761,-0.9972782724162237,0.045298574902086386,16.55305479929326,272.0036231884056,-0.2460814592939761,272.18955178415354,0.0,277,True
stomach,excluded_at_or_below_-1,ENSG00000284594.1,MIR7847,,,,,,,,,,,,,,,,,0,False
stomach,raw,ENSG00000284594.1,MIR7847,0.0,407.0,-0.9875,1.0001e-06,0.0,-17675.90193946968,0.0,-1.0,-1.0,-1.0,0.0,,,-1.0,3.3239244603585686e-187,0.0,407,True
testis,excluded_at_or_below_-1,ENSG00000284594.1,MIR7847,,,,,,,,,,,,,,,,,1,False
testis,raw,ENSG00000284594.1,MIR7847,0.02564102564102566,413.5219915639361,-0.9888053063521967,0.003595721029760709,0.9743589744630302,351.9495317133538,0.0,-1.0,-0.0939529542982607,-0.9978114805659379,0.044529782928876646,20.27319464977106,409.002421307506,-0.0939529542982607,401.9229575617348,0.0,414,True
thyroid,excluded_at_or_below_-1,ENSG00000284594.1,MIR7847,,,,,,,,,,,,,,,,,1,False
thyroid,raw,ENSG00000284594.1,MIR7847,2.3314497967849244,647.6709802844398,-0.9882114675992262,0.0103305675069804,1325.0936594550135,127.77787321959264,0.0,-1.0,-0.0548178272650516,-0.9986181547182238,0.036139943633226715,26.096004754154286,679.001464128843,-0.0548178272650516,644.329350071718,0.0,684,True
uterus,excluded_at_or_below_-1,ENSG00000284594.1,MIR7847,,,,,,,,,,,,,,,,,1,False
uterus,raw,ENSG00000284594.1,MIR7847,0.025641025641046547,180.65847956048063,-0.9843461042544219,0.006099596842313601,0.9743589746457797,333.76692918261864,0.0,-1.0,0.4552127866211526,-0.9904888053162015,0.11764698092134172,12.247717295372555,148.00657894736815,0.4552127866211526,175.10824543943872,0.0,153,True
vagina,excluded_at_or_below_-1,ENSG00000284594.1,MIR7847,,,,,,,,,,,,,,,,,0,False
vagina,raw,ENSG00000284594.1,MIR7847,0.0,170.0,-0.9875,1.0001e-06,0.0,-17675.90193946968,0.0,-1.0,-1.0,-1.0,0.0,,,-1.0,1.3883713962185667e-187,0.0,170,True
whole_blood,excluded_at_or_below_-1,ENSG00000284594.1,MIR7847,,,,,,,,,,,,,,,,,6,False
whole_blood,raw,ENSG00000284594.1,MIR7847,-0.8328239846402689,741.7441951047427,-0.9830647784723362,0.013885729354984572,3189.4918523491206,136.26629388017435,0.0,-1.0,0.354892180342139,-0.9921314174302431,0.0927067689315793,12.101558677129859,148.5709221674412,0.354892180342139,737.0891698522817,0.0,803,True
adipose_subcutaneous,excluded_at_or_below_-1,ENSG00000276961.1,MIR7848,3.6561155012747273,28.290753673700696,-0.4902421304387505,0.10750063424327523,614.893359556332,20.178532679913406,0.0,-0.8031286119232309,1.0436174781124166,-0.2714143597632111,0.3372767680904279,1.199099629249282,1.1660935152203908,1.0436174781124166,28.285256517275748,0.0,263,True
adipose_subcutaneous,raw,ENSG00000276961.1,MIR7848,6.743589710791049,531.9785924228502,-0.9709358462455394,0.008289572562984966,2859.4358974378492,343.6858308174258,0.0,-1.0,1.0436174781124166,-0.7316274182321073,0.40679551705352585,1.4614486323158493,1.525064232570399,1.0436174781124166,511.527678084625,0.0,714,True
adipose_visceral_omentum,excluded_at_or_below_-1,ENSG00000276961.1,MIR7848,2.7427119216147307,30.26647891484527,-0.49820704519735065,0.1327063617434046,544.9480602800918,18.463831655938634,0.0,-0.7939819959791043,1.2343940188107547,-0.3228672718571454,0.32251998997365333,1.6618025246709638,3.368161608101863,1.2343940188107547,30.264128729281236,0.0,250,True
adipose_visceral_omentum,raw,ENSG00000276961.1,MIR7848,6.410256350297195,426.85309482060694,-0.9702218985280575,0.003655909641323819,3209.435897435898,852.8103908484961,0.0,-1.0,1.2343940188107547,-0.7116129777926513,0.3956005434837132,1.3976860211788504,1.896503785700169,1.2343940188107547,426.7241156400908,0.0,587,True
adrenal_gland,excluded_at_or_below_-1,ENSG00000276961.1,MIR7848,0.6038188881910623,7.2131523452851205,-0.6002648907397655,0.10589664500742321,27.551789060712224,12.026416890021641,0.0,-0.8051010298825979,0.3002760416897263,-0.5003596556696298,0.22482887364729892,1.5933118133761632,2.236158351399257,0.3002760416897263,7.2131523452850175,0.0,73,True
adrenal_gland,raw,ENSG00000276961.1,MIR7848,1.8717948609709862,250.57169136211644,-0.9849223994444413,0.0032670699839552854,268.35897435897436,556.3226605853987,0.0,-1.0,0.3002760416897263,-0.8763601859792644,0.24295239818321934,2.1052769527766086,4.342567560921873,0.3002760416897263,250.24717495228774,0.0,295,True
artery_aorta,excluded_at_or_below_-1,ENSG00000276961.1,MIR7848,0.9292024158994414,15.86849018549468,-0.38619377927779147,0.14994880539462396,97.82975726397557,17.289516275067296,0.0,-0.7188287821738226,1.4470104695535388,-0.24081132286305842,0.31933903164839605,2.136901848683702,6.649956953482388,1.4470104695535388,15.868490031631373,0.0,115,True
artery_aorta,raw,ENSG00000276961.1,MIR7848,2.948717948717948,370.29347762060695,-0.9700874972286299,0.003187764227965308,927.8974359040972,1072.3166714213396,0.0,-1.0,1.4470104695535388,-0.8150281824772282,0.3621075470673498,2.12355588984335,5.093651780471097,1.4470104695535388,312.23877734530623,0.0,472,True
artery_coronary,excluded_at_or_below_-1,ENSG00000276961.1,MIR7848,0.769173229225327,9.506387440591345,-0.40932646146389995,0.17381063235786326,79.05463059965113,16.484487416873463,0.0,-0.6914771904103233,1.616661167458393,-0.20469687046822585,0.41051920191218616,1.8760436837171819,4.269650558347501,1.616661167458393,9.5061555702217,0.0,81,True
artery_coronary,raw,ENSG00000276961.1,MIR7848,2.076923076923058,199.92992527582516,-0.9706229184864206,0.011925485418874135,436.7692307692338,306.8195646161521,0.0,-1.0,1.616661167458393,-0.7596285317459937,0.4293995941082059,2.085720523704213,5.0096711596680255,1.616661167458393,197.91044158843548,0.0,268,True
artery_tibial,excluded_at_or_below_-1,ENSG00000276961.1,MIR7848,0.7864399685506182,6.778157506516952,-0.4760947485295752,0.17247598971720374,85.2408620423395,9.890569556296944,0.0,-0.6522527161120913,0.7301486495514258,-0.32360687792081544,0.2627046251162075,1.539480819386603,2.670032862441518,0.7301486495514258,6.778025391429169,0.0,87,True
artery_tibial,raw,ENSG00000276961.1,MIR7848,2.274306572042487,596.9757867509393,-0.9783849111149516,0.01602653028638854,401.5849248420054,150.76446929477376,0.0,-1.0,0.7301486495514258,-0.914839071460363,0.24294971386034786,3.0868303836469053,9.93529061550932,0.7301486495514258,592.4613620843076,0.0,691,True
bladder,excluded_at_or_below_-1,ENSG00000276961.1,MIR7848,0.2947158319520125,2.088386382173382,-0.5586718696365894,0.0891642353438956,16.08236051623403,10.554746717879118,0.0,-0.7605457426952594,0.1067905084564178,-0.4648671250875796,0.20660857149294296,1.2737507655622176,0.9838804853279819,0.1067905084564178,2.088290068623052,0.0,27,True
bladder,raw,ENSG00000276961.1,MIR7848,0.6923076923067417,69.56496911529153,-0.9896073814319615,0.005867465718680189,38.30769230775161,264.2607285630914,0.0,-1.0,0.1067905084564178,-0.8123560049008395,0.2840169605537509,1.2984696051502145,0.7694409660067416,0.1067905084564178,68.5991840525672,0.0,77,True
brain_amygdala,excluded_at_or_below_-1,ENSG00000276961.1,MIR7848,0.09453385820517454,1.51271666714834,-0.6164826409347074,0.05128712495970692,7.297207898423648,14.544879839812083,0.0,-0.7582476618521676,-0.0890056815024903,-0.566686988625738,0.1731493701356476,1.9121358828882333,3.025865525643569,-0.0890056815024903,1.5127072909498425,0.0,12,True
brain_amygdala,raw,ENSG00000276961.1,MIR7848,0.3076923078361539,188.08519749802426,-0.9901146011989773,0.0045533060263583764,14.307692307921162,279.8758633909223,0.0,-1.0,-0.0890056815024903,-0.9712720655442478,0.11627389801197499,4.5912471010673475,23.570018904503716,-0.0890056815024903,182.9142406330273,0.0,181,True
brain_anterior_cingulate_cortex_ba24,excluded_at_or_below_-1,ENSG00000276961.1,MIR7848,0.20512820408936414,118.80550237267467,-0.6899652783007303,0.0017084132091675578,8.35897438155436,147.49030365216214,0.0,-0.6886782500218056,-0.5117924834078098,-0.6180270906559642,0.052255117301448814,0.3828370198131372,-0.006970778402182631,-0.5117924834078098,67.35355892073481,0.0,10,True
brain_anterior_cingulate_cortex_ba24,raw,ENSG00000276961.1,MIR7848,0.8240571731448139,218.38009712134055,-0.9939043262307166,0.004901127624714239,43.33164958124329,139.1127019959195,0.0,-1.0,-0.5117924834078098,-0.9836063129036895,0.0782620753802356,4.64110655112794,19.98647970860582,-0.5117924834078098,216.998799758931,0.0,233,True
brain_caudate_basal_ganglia,excluded_at_or_below_-1,ENSG00000276961.1,MIR7848,0.2929256172095994,3.076687479986562,-0.7035831361160508,0.06021597278865658,17.210007486262732,17.523034012241624,0.0,-0.8128314948195173,0.0425322790728988,-0.6039921128220617,0.20048186794787398,1.9237023508116655,3.0822718610816997,0.0425322790728988,3.0762638784898884,0.0,27,True
brain_caudate_basal_ganglia,raw,ENSG00000276961.1,MIR7848,0.6923076923076925,300.79210110862687,-0.9880544318520478,0.003443352428570836,56.307692307692314,423.2705579882983,0.0,-1.0,0.0425322790728988,-0.9643592901539857,0.12799116902760574,4.4361658747456225,23.08588727225222,0.0425322790728988,299.3631644752507,0.0,300,True
brain_cerebellar_hemisphere,excluded_at_or_below_-1,ENSG00000276961.1,MIR7848,,,,,,,,,,,,,,,,,9,False
brain_cerebellar_hemisphere,raw,ENSG00000276961.1,MIR7848,0.23076923076923062,301.8323786015828,-0.991508969246683,0.003623828127151698,8.923076924848681,300.92942297951623,0.0,-1.0,-0.22039735195263,-0.9841096505438077,0.08977772063773333,5.878145909502773,35.295663893964466,-0.22039735195263,293.1386279502395,0.0,277,True
brain_cerebellum,excluded_at_or_below_-1,ENSG00000276961.1,MIR7848,,,,,,,,,,,,,,,,,8,False
brain_cerebellum,raw,ENSG00000276961.1,MIR7848,0.20512820532671996,370.29394805337586,-0.9885428497911554,0.006035321833029715,6.358974360482273,280.17212182737757,0.0,-1.0,0.2071244587825234,-0.9819092921679199,0.11328708117473184,7.3312348665365965,59.997370127713495,0.2071244587825234,366.2270219470081,0.0,266,True
brain_cortex,excluded_at_or_below_-1,ENSG00000276961.1,MIR7848,0.24201940279565512,7.540527757102362,-0.6423773284214679,0.029266002364494368,8.790713974863014,63.962892183569465,0.0,-0.6838507813372395,0.6812828341519068,-0.5037969705594124,0.2953959951220715,3.2786741384408895,10.660783699342655,0.6812828341519068,7.538736662214499,0.0,21,True
brain_cortex,raw,ENSG00000276961.1,MIR7848,0.5384615397817692,355.2632131396453,-0.9841641852071646,0.008662975948020051,49.692307693044654,271.8809074761146,0.0,-1.0,0.6812828341519068,-0.96140643104351,0.15560873499164973,5.973504263991223,48.640708595952596,0.6812828341519068,350.5131533006299,0.0,270,True
brain_frontal_cortex_ba9,excluded_at_or_below_-1,ENSG00000276961.1,MIR7848,0.1903709172764977,1.0121733069414365,-0.5776577412345237,0.012560410339361677,5.934029146050802,30.316853383874616,0.0,-0.6863141497858523,-0.3083970518795514,-0.5319417026245337,0.10613897800408068,0.7545785844956984,0.18014883328662767,-0.3083970518795514,1.0120487988697002,0.0,10,True
brain_frontal_cortex_ba9,raw,ENSG00000276961.1,MIR7848,0.26143378273909335,258.6263840972775,-0.9913555135371255,0.004652289253014067,9.449602907839953,207.60728030568276,0.0,-1.0,-0.3083970518795514,-0.9826000632945923,0.09082403015981494,5.282413943667473,27.447984603621805,-0.3083970518795514,254.8755276462461,0.0,269,True
brain_hippocampus,excluded_at_or_below_-1,ENSG00000276961.1,MIR7848,0.12664764348175697,1.0451083025253676,-0.5824578589992724,0.15822003813737087,20.205482493721128,3.78722444806708,0.0,-0.7928455474796355,-0.1587490129304684,-0.5661610464733592,0.14342797228090373,0.8016141725013768,1.1041137040404756,-0.1587490129304684,1.0443024189318604,0.0,23,True
brain_hippocampus,raw,ENSG00000276961.1,MIR7848,,,,,,,,,,,,,,,,,255,False
brain_hypothalamus,excluded_at_or_below_-1,ENSG00000276961.1,MIR7848,0.18896172918721676,2.2879032693645414,-0.5845076062763664,0.14883890245042988,55.7520626376314,4.533364204631945,0.0,-0.8993748299228853,-0.1073937031306152,-0.543100551705425,0.1523707457141158,0.7086661149448586,1.019619379515567,-0.1073937031306152,2.28782068890954,0.0,38,True
brain_hypothalamus,raw,ENSG00000276961.1,MIR7848,1.000719070801707,199.27437735412397,-0.9888485109794991,0.00943016541543907,439.6374979035138,132.1891280759492,0.0,-1.0,-0.1073937031306152,-0.9324428831315416,0.17251420342035675,2.4928360058602377,5.322094232257493,-0.1073937031306152,198.11493289727738,0.0,257,True
brain_nucleus_accumbens_basal_ganglia,excluded_at_or_below_-1,ENSG00000276961.1,MIR7848,0.12751697329948192,0.5727837018545754,-0.6157358795905965,0.05217406653350261,6.4556988311742165,4.403106486049953,6.100159011304717e-05,-0.8124437961814727,-0.453293673639908,-0.6279390999691196,0.09181718197002615,-0.18781914544241315,0.39717413562688364,-0.453293673639908,0.5727828962857094,3.4940667462984853e-05,11,True
brain_nucleus_accumbens_basal_ganglia,raw,ENSG00000276961.1,MIR7848,0.28205128027051496,277.8873181464006,-0.9928181064870759,0.0028308904921990887,9.897435940087112,269.5274763424007,0.0,-1.0,-0.453293673639908,-0.9856397547356502,0.0738349570855892,5.185261757465559,26.132108815815247,-0.453293673639908,277.3909825023174,0.0,285,True
brain_putamen_basal_ganglia,excluded_at_or_below_-1,ENSG00000276961.1,MIR7848,0.18421050724535165,10.847293252616431,-0.7371871989693078,0.00798941341336559,7.710526923746309,133.50362322854969,0.0,-0.8681813883294971,0.0170239516897667,-0.6445013625485445,0.23256758832476013,2.2902054041067017,4.3107869089864765,0.0170239516897667,10.79957681134244,0.0,11,True
brain_putamen_basal_ganglia,raw,ENSG00000276961.1,MIR7848,0.2820512820514058,267.47939952495796,-0.9886094854524461,0.004242483207362477,15.897435898351258,335.223588655416,0.0,-1.0,0.0170239516897667,-0.9846043897166692,0.08599210878533274,7.8374703140277555,76.15067243547209,0.0170239516897667,263.8689287887432,0.0,254,True
brain_spinal_cord_cervical_c-1,excluded_at_or_below_-1,ENSG00000276961.1,MIR7848,0.367707978423633,7.467527378345613,-0.5039345237765835,0.13214363979237864,57.743699301927165,20.11624493602658,0.0,-0.6406047757124405,1.3757206397200503,-0.32837585769509015,0.34788067876184914,2.8513094728475616,10.482014969392809,1.3757206397200503,7.4667572372398565,0.0,47,True
brain_spinal_cord_cervical_c-1,raw,ENSG00000276961.1,MIR7848,1.2051281939667353,156.75016412310325,-0.9712243714197067,0.011778099805825051,228.35897436051857,281.8010986166218,0.0,-1.0,1.3757206397200503,-0.8452630652532807,0.3283275957460806,2.7910803348290476,10.867799726084202,1.3757206397200503,155.59579921177425,0.0,204,True
brain_substantia_nigra,excluded_at_or_below_-1,ENSG00000276961.1,MIR7848,0.1579515565628836,0.9111425582438546,-0.7041636987843224,0.0953086994253852,12.96988496636443,4.15244928029499,0.0,-0.7396213937739308,-0.4243159085604139,-0.6416866213590702,0.08350993456521158,1.1449090160748785,0.6362590982042837,-0.4243159085604139,0.9109747526610786,0.0,20,True
brain_substantia_nigra,raw,ENSG00000276961.1,MIR7848,0.5128205128179538,189.07638978554567,-0.9939433183941888,0.002926737383267522,31.74358974370382,275.2467006749363,0.0,-1.0,-0.4243159085604139,-0.9608400679080951,0.1153028327332369,2.802013646549373,6.621695375238131,-0.4243159085604139,187.22618158761222,0.0,183,True
breast_mammary_tissue,excluded_at_or_below_-1,ENSG00000276961.1,MIR7848,1.0664325158903483,9.288660091950563,-0.5055656160056058,0.17050671889231792,220.86174492814456,8.92457391814069,0.0,-0.7768728157285949,0.5704386430262949,-0.36602222283772073,0.2788752425624979,1.4171966423376812,1.682160196410937,0.5704386430262949,9.288426962323722,0.0,125,True
breast_mammary_tissue,raw,ENSG00000276961.1,MIR7848,3.2051284055288125,404.5919791124421,-0.9822674350639106,0.008701534017345658,734.3589748569178,252.3529747326251,0.0,-1.0,0.5704386430262949,-0.8458225250091733,0.30482313551833357,2.0707419055520444,3.9978885068098373,0.5704386430262949,402.5444191020107,0.0,514,True
cells_cultured_fibroblasts,excluded_at_or_below_-1,ENSG00000276961.1,MIR7848,,,,,,,,,,,,,,,,,5,False
cells_cultured_fibroblasts,raw,ENSG00000276961.1,MIR7848,0.1282051282051282,703.6826065910012,-0.9931306777584243,0.001764071095315011,6.3589743589743595,402.22550547453784,0.0,-1.0,-0.4913999583786391,-0.9966492070516401,0.03847687007854296,11.583871210289507,134.41906647093958,-0.4913999583786391,702.3547399302944,0.0,652,True
cells_ebv-transformed_lymphocytes,excluded_at_or_below_-1,ENSG00000276961.1,MIR7848,,,,,,,,,,,,,,,,,4,False
cells_ebv-transformed_lymphocytes,raw,ENSG00000276961.1,MIR7848,0.1025641080726386,478.18315465140137,-0.9951907126423031,0.0031465956618830465,5.58974360140853,241.6528919800942,0.0,-1.0,-0.4575180712414467,-0.9944604930871259,0.050322691850341134,9.12639208580861,82.78393386763426,-0.4575180712414467,474.38325913271643,0.0,327,True
cervix_ectocervix,excluded_at_or_below_-1,ENSG00000276961.1,MIR7848,,,,,,,,,,,,,,,,,8,False
cervix_ectocervix,raw,ENSG00000276961.1,MIR7848,0.20512820512820515,19.557425816586168,-0.988269910409542,0.003728131708872924,6.3589743589743595,403.818690945653,0.0,-1.0,0.0762717588301347,-0.7996121019288632,0.3237506281612592,1.3563179733842594,0.6226364655038958,0.0762717588301347,18.572706873636353,0.0,24,True
cervix_endocervix,excluded_at_or_below_-1,ENSG00000276961.1,MIR7848,,,,,,,,,,,,,,,,,3,False
cervix_endocervix,raw,ENSG00000276961.1,MIR7848,0.07692307692307694,24.120279504476272,-0.9903338829499441,0.0018159197008499471,2.769230769233903,644.1668550413616,0.0,-1.0,-0.1631919902210452,-0.9195526834122616,0.22077159041053862,2.533528647640269,5.044775264608395,-0.1631919902210452,24.027156621716223,0.0,23,True
colon_sigmoid,excluded_at_or_below_-1,ENSG00000276961.1,MIR7848,0.7186093866791818,5.718762023632365,-0.48887575649048803,0.17802330839559252,70.8689809897178,7.348818776921399,0.0,-0.664323528741008,0.4362044904220759,-0.361752925034077,0.2420425062185541,1.2611011699000305,0.9231037948322633,0.4362044904220759,5.718613712179186,0.0,89,True
colon_sigmoid,raw,ENSG00000276961.1,MIR7848,2.2820512824591828,348.09993384382136,-0.9835185995777768,0.005989263130919527,389.8974360309886,335.2318314964024,0.0,-1.0,0.4362044904220759,-0.8644296189213193,0.2839801037228605,2.07309900730915,3.6106584144775526,0.4362044904220759,347.21429667547386,0.0,419,True
colon_transverse,excluded_at_or_below_-1,ENSG00000276961.1,MIR7848,1.1610052001053075,10.296237755359918,-0.5496794296787618,0.20892795605273057,158.9923748528733,9.125632673310747,0.0,-0.8850946470470522,0.7984902052690854,-0.3951880910691861,0.3036962765251578,1.376985975354767,1.9519589372355552,0.7984902052690854,10.296026321824913,0.0,136,True
colon_transverse,raw,ENSG00000276961.1,MIR7848,3.487179474961407,473.9419974431778,-0.9805999898077339,0.005334732444290737,699.7435897435898,471.6288040378269,0.0,-1.0,0.7984902052690854,-0.8282788734559693,0.31713569610064135,2.014154084228734,3.9901448758213727,0.7984902052690854,443.0464476020936,0.0,479,True
esophagus_gastroesophageal_junction,excluded_at_or_below_-1,ENSG00000276961.1,MIR7848,0.5803689335626039,8.107959706206373,-0.48070047526951176,0.11492869885411003,79.99053040558206,13.090392728340616,0.0,-0.828976403924811,0.5831146682035546,-0.41290405250501383,0.22413887325196985,1.7071822444182094,4.912340904426952,0.5831146682035546,8.107722710049114,0.0,70,True
esophagus_gastroesophageal_junction,raw,ENSG00000276961.1,MIR7848,1.7948717948715947,336.2162618420019,-0.9810998962454263,0.007253230808887383,294.358974359011,304.98594485573875,0.0,-1.0,0.5831146682035546,-0.8980230364152629,0.2412820001520547,2.482449037031984,6.360259681872847,0.5831146682035546,335.19733173326,0.0,403,True
esophagus_mucosa,excluded_at_or_below_-1,ENSG00000276961.1,MIR7848,0.3847228912574558,18.29257501721849,-0.8038898844714972,0.4382384551651382,105.82646948528145,6.645416665053835,0.0,-0.6747517590796226,1.2554010251241965,-0.38162085966468956,0.32277072865149287,2.3466562370541135,6.691093481231668,1.2554010251241965,16.77117441837379,0.0,115,True
esophagus_mucosa,raw,ENSG00000276961.1,MIR7848,2.9487179487179485,500.1341528003682,-0.9718150010002697,8.299110043812504e-05,961.8974358974358,37952.97440149343,,-1.0,1.2554010251241965,-0.8841798027059273,0.27870419032594307,3.06823790175617,11.980095808556646,1.2554010251241965,0.0,0.0,614,True
esophagus_muscularis,excluded_at_or_below_-1,ENSG00000276961.1,MIR7848,0.6474824390979372,10.387919402403964,-0.493224264964228,0.15432163820075973,47.90602055179735,11.243587224507703,0.0,-0.8415996300863782,0.7336970755634085,-0.36848012707757094,0.3052938361742689,1.9927143079771177,4.073777075862646,0.7336970755634085,10.38725788424014,0.0,98,True
esophagus_muscularis,raw,ENSG00000276961.1,MIR7848,2.954909891363367,437.9665810640954,-0.9783389932262578,0.017332037913998902,1032.502935070465,139.69416867007303,0.0,-1.0,0.7336970755634085,-0.8896810204164027,0.2715609455745908,2.932848536681721,9.941797230606422,0.7336970755634085,435.11516788484425,0.0,561,True
fallopian_tube,excluded_at_or_below_-1,ENSG00000276961.1,MIR7848,0.17948717948717946,2.8366247657932693,-0.565736458361736,0.0034291608204705,7.743589743589778,299.1439750180474,0.0,-0.657391780224349,0.1596227279059643,-0.42293767223695944,0.24827393048496488,1.3612441661559829,0.9654182627957306,0.1596227279059643,2.8191291842499018,0.0,10,True
fallopian_tube,raw,ENSG00000276961.1,MIR7848,0.25641025641028176,28.92136831240149,-0.9884803174640777,0.0045182015437149,11.435897435897438,359.3604406653312,0.0,-1.0,0.1596227279059643,-0.8010129904265377,0.31262081852280854,1.42494005361495,1.2635103661146303,0.1596227279059643,28.90834073273305,0.0,29,True
heart_atrial_appendage,excluded_at_or_below_-1,ENSG00000276961.1,MIR7848,0.7755934427555218,10.188207769045908,-0.6335977690931076,0.15603820125117265,63.80945003150479,12.183086394907289,0.0,-0.8054968458645013,0.7106312337450378,-0.500720393099482,0.2662511654884804,2.0022660524596456,5.072714086930215,0.7106312337450378,10.188188313014466,0.0,101,True
heart_atrial_appendage,raw,ENSG00000276961.1,MIR7848,2.6140835160153713,351.7876051015763,-0.9786225792637541,0.015226446509740043,623.5062895710071,156.89580961121334,0.0,-1.0,0.7106312337450378,-0.890613361611817,0.24114849622109985,2.7262506211604314,9.068325879449155,0.7106312337450378,348.88175845483556,0.0,461,True
heart_left_ventricle,excluded_at_or_below_-1,ENSG00000276961.1,MIR7848,0.2397184046058392,8.842539285417933,-0.6808982948219704,0.10217138001046804,33.81163855123611,18.94959513009939,0.0,-0.8326716201917999,0.6881355884573352,-0.6089757807923356,0.23107927741512718,3.813726188905848,17.95109956062801,0.6881355884573352,8.842272426855335,0.0,51,True
heart_left_ventricle,raw,ENSG00000276961.1,MIR7848,1.3076923191287304,430.36302272305505,-0.9813089115360123,0.008865511798640336,270.30769231960454,266.3073612830622,0.0,-1.0,0.6881355884573352,-0.955880010664622,0.14580556380944124,5.158145600972929,40.41108785294326,0.6881355884573352,424.5181786019189,0.0,452,True
kidney_cortex,excluded_at_or_below_-1,ENSG00000276961.1,MIR7848,0.4668415427673009,1.4230877635937156,-0.6074398407730772,0.048321928201951386,16.949485853568945,20.156366281241546,0.0,-0.8340610559948458,0.0812782638814944,-0.4224884902471239,0.28281035532766857,0.3986990200764961,-1.1619717983061972,0.0812782638814944,1.4229584818395913,0.0,24,True
kidney_cortex,raw,ENSG00000276961.1,MIR7848,0.6153846153872459,91.35266817119022,-0.9881856799418772,0.004541016287084761,25.230769231021746,333.0643006336787,0.0,-1.0,0.0812782638814944,-0.8667281131339516,0.27863855768184626,2.060619439770259,3.1118297421242094,0.0812782638814944,88.41026549359087,0.0,104,True
kidney_medulla,excluded_at_or_below_-1,ENSG00000276961.1,MIR7848,,,,,,,,,,,,,,,,,3,False
kidney_medulla,raw,ENSG00000276961.1,MIR7848,,,,,,,,,,,,,,,,,11,False
liver,excluded_at_or_below_-1,ENSG00000276961.1,MIR7848,0.4667997850283661,5.184409281649469,-0.6402866121955803,0.07387678592110393,24.23069532206654,17.919933759207687,0.0,-0.7697170441105182,0.295828798710152,-0.49463683439032485,0.2658586166702083,1.4670359654239604,1.1785369698636634,0.295828798710152,5.184235756377552,0.0,44,True
liver,raw,ENSG00000276961.1,MIR7848,,,,,,,,,,,,,,,,,262,False
lung,excluded_at_or_below_-1,ENSG00000276961.1,MIR7848,0.9163262323864625,25.30081778367241,0.06810198189198555,0.9649709772859321,754.0332193347451,3.856147641270816,0.0,-0.780662316517871,2.699296206696241,0.2809751100023377,0.6317945193304298,0.7778303148445248,0.426289546098626,2.699296206696241,25.285875029055756,0.0,481,True
lung,raw,ENSG00000276961.1,MIR7848,-20.302272387630214,21937238532.874077,-128.43801496909188,28.69598142657389,11344.75431791752,6.462792167345038,0.0,-1.0,2.699296206696241,0.020114284621067,0.7643898866820119,0.45325255699534783,-0.2105335509358799,2.699296206696241,41.01098051024198,0.0,604,True
minor_salivary_gland,excluded_at_or_below_-1,ENSG00000276961.1,MIR7848,0.42149252892312944,4.050237107654614,-0.49088785473318397,0.12329378589538083,38.4130524843351,8.691145883369279,0.0,-0.7384884408773059,0.2668225139409317,-0.41433555187416415,0.2118933502832443,1.3617819100641253,1.5086105421406506,0.2668225139409317,4.0500707840640695,0.0,52,True
minor_salivary_gland,raw,ENSG00000276961.1,MIR7848,1.3333333450987939,146.38695385003916,-0.9863231272984883,0.005835010061261669,132.66666666685558,303.72108066019706,0.0,-1.0,0.2668225139409317,-0.8317428104831853,0.2886923502620586,1.5487486054157156,1.522128649623121,0.2668225139409317,142.25374220645338,0.0,181,True
muscle_skeletal,excluded_at_or_below_-1,ENSG00000276961.1,MIR7848,0.3669618169371021,9.600876089830846,-0.6097379708616311,0.09284191333493991,31.78032787240182,17.530558293625663,0.0,-0.7907862196239553,0.5411282187390334,-0.5454353115351674,0.19888728402778064,3.127399539370445,13.195042405064399,0.5411282187390334,9.599892750053375,0.0,62,True
muscle_skeletal,raw,ENSG00000276961.1,MIR7848,1.5897435932192894,808.0557057692456,-0.9824977524734931,0.006722157543486373,343.43589743589814,320.54180499838526,0.0,-1.0,0.5411282187390334,-0.9655464417055996,0.1320811743981379,4.834698619914165,31.267031663924534,0.5411282187390334,803.4613318900986,0.0,818,True
nerve_tibial,excluded_at_or_below_-1,ENSG00000276961.1,MIR7848,3.1246203371423817,27.26922483466964,-0.4146522440763181,0.10755305114877917,389.0725316704157,20.33194372059212,0.0,-0.741409922178218,1.1316224071619905,-0.2017948519074157,0.3504037115175895,1.4309744379867884,2.0884397798856646,1.1316224071619905,27.26351249934093,0.0,236,True
nerve_tibial,raw,ENSG00000276961.1,MIR7848,,,,,,,,,,,,,,,,,670,False
ovary,excluded_at_or_below_-1,ENSG00000276961.1,MIR7848,0.13328659833883705,1.6209003772588497,-0.447846865616107,0.1795059724937534,31.372584120385216,6.214875062386402,0.0,-0.6432555675855944,0.3410065449881749,-0.3511138883133671,0.2549731581877366,1.6196294426434883,1.800351155916787,0.3410065449881749,1.6208995311727852,0.0,25,True
ovary,raw,ENSG00000276961.1,MIR7848,0.6532947577219309,166.809096841841,-0.9832375034164816,0.008445354205049868,43.26928373757608,221.75078127876586,0.0,-1.0,0.3410065449881749,-0.9159473948592445,0.2363247998742001,3.038704949663842,9.477027858313035,0.3410065449881749,164.04691185762636,0.0,193,True
pancreas,excluded_at_or_below_-1,ENSG00000276961.1,MIR7848,0.34825765835273587,3.4698630466914,-0.6062804316923655,0.10651774595404731,14.197200453612194,16.07204115950451,0.0,-0.8449113983315862,0.6042563943852846,-0.5008606056535693,0.28696918288176965,2.2077504339600043,5.742286490778259,0.6042563943852846,3.4696257387338765,0.0,32,True
pancreas,raw,ENSG00000276961.1,MIR7848,0.8205128295694519,417.9512374402868,-0.9833542046072413,0.0069733592786069476,53.74358974381054,321.9711406166106,0.0,-1.0,0.6042563943852846,-0.9558771806102603,0.16493619175990396,4.984747535410364,31.614881893597037,0.6042563943852846,415.1049378562336,0.0,362,True
pituitary,excluded_at_or_below_-1,ENSG00000276961.1,MIR7848,0.4737091642282253,5.075646407003422,-0.46310836937768507,0.13149408366979828,23.929861149074757,16.104948000928317,0.0,-0.7079851439292618,1.034335465327338,-0.30394945768739234,0.3457730017122272,2.0049655314632955,4.504046949799417,1.034335465327338,5.0755593225458355,0.0,46,True
pituitary,raw,ENSG00000276961.1,MIR7848,1.1794871794871795,265.9229914106422,-0.9745718212405269,5.167692012623032e-05,139.74358974358984,54976.64960053131,,-1.0,1.034335465327338,-0.8977050321201918,0.27960143630300033,3.321494148799255,13.104634183498568,1.034335465327338,0.0,0.0,313,True
prostate,excluded_at_or_below_-1,ENSG00000276961.1,MIR7848,0.5437517566381015,6.825696540119318,-0.4637623992068786,0.1544354289120319,39.778213280092956,11.526139847360955,0.0,-0.7469292697502858,0.7949190322172976,-0.3310195849391304,0.28210863370187345,1.6999541298996281,3.171551110479938,0.7949190322172976,6.825696391672545,0.0,70,True
prostate,raw,ENSG00000276961.1,MIR7848,1.7948717948717947,257.7867587656276,-0.9797211848003377,0.004776595534613977,282.35897435897436,525.4203009344598,0.0,-1.0,0.7949190322172976,-0.8339410317224791,0.32148734791485084,2.020693752963253,3.9847240414337364,0.7949190322172976,252.3578948821718,0.0,282,True
skin_not_sun_exposed_suprapubic,excluded_at_or_below_-1,ENSG00000276961.1,MIR7848,1.0744137214277485,8.54942234379952,-0.503605519192366,0.1035652839776532,110.16501195569694,9.697881421869766,0.0,-0.7738084046811335,0.2065869652809091,-0.42127298765309235,0.19540430293599625,1.0892136639078047,0.8154115949460738,0.2065869652809091,8.549405801379631,0.0,107,True
skin_not_sun_exposed_suprapubic,raw,ENSG00000276961.1,MIR7848,5.371663790967382,521.3365892273187,-0.9849284259587435,0.01173534807961265,1057.8414567567092,143.58817605033667,0.0,-1.0,0.2065869652809091,-0.9048789703208614,0.2286888940796187,2.3639321465968877,4.785044496050067,0.2065869652809091,517.777982691244,0.0,651,True
skin_sun_exposed_lower_leg,excluded_at_or_below_-1,ENSG00000276961.1,MIR7848,0.8539131128088449,14.248281504587391,-0.49846008183429247,0.11879927782699876,159.46964683213247,11.064277852286747,0.0,-0.7329940364556018,0.4309810248704615,-0.4128188354447557,0.20040001387858156,1.8611826383578356,4.042730096237357,0.4309810248704615,14.247926622708816,0.0,137,True
skin_sun_exposed_lower_leg,raw,ENSG00000276961.1,MIR7848,4.784408222291268,570.6857888279602,-0.9821384109499424,0.015182149035528546,2895.4942431579966,131.63173847875865,0.0,-1.0,0.4309810248704615,-0.8933105841590604,0.2420430252778359,2.282101179943427,4.897189325260253,0.4309810248704615,567.4831329894051,0.0,754,True
small_intestine_terminal_ileum,excluded_at_or_below_-1,ENSG00000276961.1,MIR7848,2.0907282212542864,7.2822276140530136,-0.5343297625169052,0.18196407041999926,125.34683578165041,12.289190274733356,0.0,-0.7237665869452634,1.0468961174017903,-0.16713038495004676,0.4365723001768835,0.7785108320252617,-0.4747729275917525,1.0468961174017903,7.28221377719318,0.0,133,True
small_intestine_terminal_ileum,raw,ENSG00000276961.1,MIR7848,,,,,,,,,,,,,,,,,207,False
spleen,excluded_at_or_below_-1,ENSG00000276961.1,MIR7848,-1.2984492482551953,9.881065277470583,-0.030920930933130714,1.2874279051056952,245.26490072111443,1.7914876417818713,0.0,-0.6725529134122004,1.5999580558386732,0.21609460139122574,0.5432151158159296,0.3777163015810573,-0.748886033675098,1.5999580558386732,7.8954933181095885,0.0,235,True
spleen,raw,ENSG00000276961.1,MIR7848,-5832.12369959311,5841.559945545331,-0.6551224533515533,58.56611167049373,1739.397346649455,0.054454109200266075,0.0,-1.0,1.5999580558386732,0.031704806234433405,0.6641565153345808,0.09520203148969202,-0.7939495583119629,1.5999580558386732,8.65441895582262,0.0,277,True
stomach,excluded_at_or_below_-1,ENSG00000276961.1,MIR7848,0.3621646170839092,7.467684360925851,-0.5858397310502569,0.2876866936710419,55.51063073953127,7.191074038336247,0.0,-0.688917780414616,0.8770060293603206,-0.4064982918071671,0.25828265806668793,2.0583988380611165,6.243433203175746,0.8770060293603206,7.467570555713288,0.0,82,True
stomach,raw,ENSG00000276961.1,MIR7848,2.15843298189005,319.3916871388394,-0.9765409464485864,0.015951786872814316,421.85665240189934,164.32712476568608,0.0,-1.0,0.8770060293603206,-0.8804247172682744,0.2647991532760826,2.485135186873447,7.138936556362598,0.8770060293603206,316.48936018927316,0.0,407,True
testis,excluded_at_or_below_-1,ENSG00000276961.1,MIR7848,0.12396902836735905,1.3735986492743468,-0.5608781724378793,0.21294975693873228,17.571011095671636,3.6295819494703294,0.0,-0.7882015494697924,-0.0143421933655709,-0.51143360009254,0.16831594627854343,0.9165445078138637,0.8375857309058787,-0.0143421933655709,1.3717053821214855,0.0,30,True
testis,raw,ENSG00000276961.1,MIR7848,0.7692307692660497,404.69361636671414,-0.9887991182999337,0.004797180149395296,30.923076923537547,287.270887536769,0.0,-1.0,-0.0143421933655709,-0.9645966376878653,0.13443077456355615,4.007793645668817,16.250870272197968,-0.0143421933655709,402.92302145917864,0.0,414,True
thyroid,excluded_at_or_below_-1,ENSG00000276961.1,MIR7848,0.11994440211361991,30.571001967514185,0.15763775515105094,1.0625853811252082,885.1490526344855,3.5694799202469714,0.0,-0.6637954625737348,2.8396069303793223,0.3632065673644241,0.6123888921128802,0.5906361707918566,-0.09344686480263187,2.8396069303793223,30.518506444624485,0.0,572,True
thyroid,raw,ENSG00000276961.1,MIR7848,-9.903376248688307,41.20852152434795,-0.5318606378511488,2.441061648708758,10779.038690937728,1.9532383226022472,0.0,-1.0,2.8396069303793223,0.13999145691878737,0.7538960967634577,0.2093183416087277,-0.4731238318841897,2.8396069303793223,35.091500946938524,0.0,684,True
uterus,excluded_at_or_below_-1,ENSG00000276961.1,MIR7848,0.16758712356307973,3.567366788104368,-0.6339175264818308,0.34574098932774816,16.176047083173874,5.133859295144825,0.0,-0.5059940861132656,0.6211868219691525,-0.2541430881091754,0.28181878986788056,1.7819947624099597,2.492369795771336,0.6211868219691525,3.1109467892572327,0.0,30,True
uterus,raw,ENSG00000276961.1,MIR7848,0.7694387101222537,147.95330050052735,-0.983486468460732,0.008583801526004367,68.92307861004498,264.3759555284304,0.0,-1.0,0.6211868219691525,-0.8537535466880736,0.32159083627692364,2.2550863587055145,4.802120945739531,0.6211868219691525,147.80196555631838,0.0,153,True
vagina,excluded_at_or_below_-1,ENSG00000276961.1,MIR7848,0.28709285866739154,4.657394615316007,-0.4637218376188121,0.22974265972584468,23.63913308623805,9.21287174491401,0.0,-0.626539984605349,1.0329330628178122,-0.30138167785093584,0.3132349205370642,2.032721371307561,5.097833758063448,1.0329330628178122,4.657358946475699,0.0,50,True
vagina,raw,ENSG00000276961.1,MIR7848,1.282051282051282,144.3611400040107,-0.9765040669055424,0.004331974757542582,161.8974358974359,655.9994922968797,0.0,-1.0,1.0329330628178122,-0.794524022897334,0.361076657112072,1.9033775024738186,3.9708597643598056,1.0329330628178122,143.83719718317474,0.0,170,True
whole_blood,excluded_at_or_below_-1,ENSG00000276961.1,MIR7848,-0.573325205909001,35.81158913224606,0.9078236430373008,1.731668420375838,827.9446062393499,3.010031218888614,0.0,-0.6646482367979305,4.59353006304099,1.1061505523585247,1.0041344736429185,0.4321548009987278,-0.11685241904680232,4.59353006304099,35.425555411053764,0.0,729,True
whole_blood,raw,ENSG00000276961.1,MIR7848,-2.939112141854376,38.67728508939885,0.708432622318694,2.1837989328255616,4763.927746255954,2.5159630812262845,0.0,-1.0,4.59353006304099,0.9120594678323343,1.1343846781881353,0.19979013820223254,-0.3355739983330621,4.59353006304099,37.04461243504441,0.0,803,True
adipose_subcutaneous,excluded_at_or_below_-1,ENSG00000278438.1,MIR7849,,,,,,,,,,,,,,,,,3,False
adipose_subcutaneous,raw,ENSG00000278438.1,MIR7849,0.45017292319139746,666.2700032138363,-0.9813976664464591,0.01631708166597587,1985.2956640548261,127.53114376928724,0.0,-1.0,0.4900463524801397,-0.9964904921744527,0.06287443529314649,20.777927377181317,460.391295609457,0.4900463524801397,662.739021090217,0.0,714,True
adipose_visceral_omentum,excluded_at_or_below_-1,ENSG00000278438.1,MIR7849,,,,,,,,,,,,,,,,,5,False
adipose_visceral_omentum,raw,ENSG00000278438.1,MIR7849,-0.34773314073854733,535.6108224833422,-0.9876178148216582,0.011548515076327398,2221.4283758689908,120.0854568646229,0.0,-1.0,-0.0069959724447176,-0.9937957810127794,0.06988754396889602,11.864665117359046,144.80888263342703,-0.0069959724447176,533.1867502201292,0.0,587,True
adrenal_gland,excluded_at_or_below_-1,ENSG00000278438.1,MIR7849,,,,,,,,,,,,,,,,,2,False
adrenal_gland,raw,ENSG00000278438.1,MIR7849,0.05263157894119946,333.27928400676814,-0.9950911764782959,0.0031860240724226646,1.8975080049234248,212.76855507524647,0.0,-1.0,-0.5157535740395178,-0.9969179599070678,0.03744744606771028,12.098783701305225,145.00299612459045,-0.5157535740395178,333.16780262315103,0.0,295,True
artery_aorta,excluded_at_or_below_-1,ENSG00000278438.1,MIR7849,,,,,,,,,,,,,,,,,1,False
artery_aorta,raw,ENSG00000278438.1,MIR7849,1.3715471005743964,436.48659636576735,-0.9930521706021576,0.0066119226613356955,1208.8294544706669,117.9506671450578,0.0,-1.0,-0.4415932468824565,-0.9988169348450899,0.0257027541691513,21.656456846452294,467.00212314225064,-0.4415932468824565,434.7104326775543,0.0,472,True
artery_coronary,excluded_at_or_below_-1,ENSG00000278438.1,MIR7849,,,,,,,,,,,,,,,,,1,False
artery_coronary,raw,ENSG00000278438.1,MIR7849,0.025641025641025637,275.95166946940327,-0.992510408861374,0.002444362527699903,0.9743589743589743,362.89694842386285,0.0,-1.0,-0.3652701350123282,-0.9976316049813894,0.038772297460948256,16.27893563223199,263.0037453183521,-0.3652701350123282,275.7120386747578,0.0,268,True
artery_tibial,excluded_at_or_below_-1,ENSG00000278438.1,MIR7849,,,,,,,,,,,,,,,,,2,False
artery_tibial,raw,ENSG00000278438.1,MIR7849,0.6146743675273749,658.8701100306522,-0.9918309878507543,0.007503302597072753,922.3523914097802,122.12506006126254,0.0,-1.0,-0.3438798546515454,-0.9982688081349254,0.03230665625685652,18.765800110143836,353.27202714062065,-0.3438798546515454,655.9333835576908,0.0,691,True
bladder,excluded_at_or_below_-1,ENSG00000278438.1,MIR7849,,,,,,,,,,,,,,,,,2,False
bladder,raw,ENSG00000278438.1,MIR7849,0.05128205128272322,85.34706886796045,-0.9901830220251273,0.004345457830408088,1.8974358974673076,293.1770294213904,0.0,-1.0,-0.0893371723663456,-0.9813097385363562,0.11930211125459017,6.5648127767083215,43.101431685529114,-0.0893371723663456,83.19068884350429,0.0,77,True
brain_amygdala,excluded_at_or_below_-1,ENSG00000278438.1,MIR7849,,,,,,,,,,,,,,,,,1,False
brain_amygdala,raw,ENSG00000278438.1,MIR7849,0.025641025643118615,205.37194853815674,-0.9954017481408809,0.002032248313524716,0.9743589755938794,293.89501333547133,0.0,-1.0,-0.5730697460335743,-0.9976412693151027,0.03173347586290603,13.341872265748753,176.00555555555553,-0.5730697460335743,200.28584943722439,0.0,181,True
brain_anterior_cingulate_cortex_ba24,excluded_at_or_below_-1,ENSG00000278438.1,MIR7849,,,,,,,,,,,,,,,,,1,False
brain_anterior_cingulate_cortex_ba24,raw,ENSG00000278438.1,MIR7849,-0.019650771084409907,221.29309872119015,-0.9939779286374221,0.005337953354234093,117.85332376546098,126.20347263234308,0.0,-1.0,-0.5176225407543009,-0.9979297104753404,0.031601598073646674,15.165892995297964,228.0043103448278,-0.5176225407543009,220.14527906689463,0.0,233,True
brain_caudate_basal_ganglia,excluded_at_or_below_-1,ENSG00000278438.1,MIR7849,,,,,,,,,,,,,,,,,0,False
brain_caudate_basal_ganglia,raw,ENSG00000278438.1,MIR7849,0.0,300.0,-0.9875,1.0001e-06,0.0,-17675.90193946968,0.0,-1.0,-1.0,-1.0,0.0,,,-1.0,2.450067169797471e-187,0.0,300,True
brain_cerebellar_hemisphere,excluded_at_or_below_-1,ENSG00000278438.1,MIR7849,,,,,,,,,,,,,,,,,0,False
brain_cerebellar_hemisphere,raw,ENSG00000278438.1,MIR7849,0.0,277.0,-0.9875,1.0001e-06,0.0,-17675.90193946968,0.0,-1.0,-1.0,-1.0,0.0,,,-1.0,2.2622286867796648e-187,0.0,277,True
brain_cerebellum,excluded_at_or_below_-1,ENSG00000278438.1,MIR7849,,,,,,,,,,,,,,,,,0,False
brain_cerebellum,raw,ENSG00000278438.1,MIR7849,0.0,266.0,-0.9875,1.0001e-06,0.0,-17675.90193946968,0.0,-1.0,-1.0,-1.0,0.0,,,-1.0,2.1723928905537574e-187,0.0,266,True
brain_cortex,excluded_at_or_below_-1,ENSG00000278438.1,MIR7849,,,,,,,,,,,,,,,,,1,False
brain_cortex,raw,ENSG00000278438.1,MIR7849,0.025641025641025602,312.5484087135266,-0.9925037210087408,0.0029078036823196045,0.9743589743589747,331.8587992137127,0.0,-1.0,-0.3101596507506897,-0.9974450357435211,0.041982346706787695,16.340248390771755,265.00371747211886,-0.3101596507506897,300.9564852402885,0.0,270,True
brain_frontal_cortex_ba9,excluded_at_or_below_-1,ENSG00000278438.1,MIR7849,,,,,,,,,,,,,,,,,2,False
brain_frontal_cortex_ba9,raw,ENSG00000278438.1,MIR7849,0.05128205128205523,303.65556819467474,-0.9944874925068695,0.0021369752773079064,1.8974358998177407,328.8079304794065,0.0,-1.0,-0.4976357884133293,-0.9965100131642132,0.04049945706639788,11.55366447309895,132.14385653958257,-0.4976357884133293,295.242983846414,0.0,269,True
brain_hippocampus,excluded_at_or_below_-1,ENSG00000278438.1,MIR7849,,,,,,,,,,,,,,,,,0,False
brain_hippocampus,raw,ENSG00000278438.1,MIR7849,0.0,255.0,-0.9875,1.0001e-06,0.0,-17675.90193946968,0.0,-1.0,-1.0,-1.0,0.0,,,-1.0,2.08255709432785e-187,0.0,255,True
brain_hypothalamus,excluded_at_or_below_-1,ENSG00000278438.1,MIR7849,,,,,,,,,,,,,,,,,1,False
brain_hypothalamus,raw,ENSG00000278438.1,MIR7849,0.025648338160587227,255.86407248481217,-0.9953110710290043,0.003358885000993262,1.0026140434393163,156.0800468094946,0.0,-1.0,-0.624606856240524,-0.9985393262888737,0.02341638094212142,15.937500000000004,252.00390625000003,-0.624606856240524,253.8035995584798,0.0,257,True
brain_nucleus_accumbens_basal_ganglia,excluded_at_or_below_-1,ENSG00000278438.1,MIR7849,,,,,,,,,,,,,,,,,1,False
brain_nucleus_accumbens_basal_ganglia,raw,ENSG00000278438.1,MIR7849,0.025641025193070776,300.27691817913376,-0.996143113448517,0.0018783256260606021,0.9743589758350479,256.1380886680894,0.0,-1.0,-0.6559464496941856,-0.9987927945603304,0.020379973441268066,16.792960463443013,280.00352112676023,-0.6559464496941856,298.00279966533276,0.0,285,True
brain_putamen_basal_ganglia,excluded_at_or_below_-1,ENSG00000278438.1,MIR7849,,,,,,,,,,,,,,,,,0,False
brain_putamen_basal_ganglia,raw,ENSG00000278438.1,MIR7849,0.0,254.0,-0.9875,1.0001e-06,0.0,-17675.90193946968,0.0,-1.0,-1.0,-1.0,0.0,,,-1.0,2.0743902037618585e-187,0.0,254,True
brain_spinal_cord_cervical_c-1,excluded_at_or_below_-1,ENSG00000278438.1,MIR7849,,,,,,,,,,,,,,,,,0,False
brain_spinal_cord_cervical_c-1,raw,ENSG00000278438.1,MIR7849,0.0,204.0,-0.9875,1.0001e-06,0.0,-17675.90193946968,0.0,-1.0,-1.0,-1.0,0.0,,,-1.0,1.6660456754622802e-187,0.0,204,True
brain_substantia_nigra,excluded_at_or_below_-1,ENSG00000278438.1,MIR7849,,,,,,,,,,,,,,,,,1,False
brain_substantia_nigra,raw,ENSG00000278438.1,MIR7849,0.025641025643800795,210.8480002669162,-0.9934199024902167,0.002967238597311933,0.9743589750319817,291.1722305466934,0.0,-1.0,-0.3824955669225562,-0.9966256588356424,0.045647241183959096,13.41661263156593,178.00549450549437,-0.3824955669225562,207.1492180446509,0.0,183,True
breast_mammary_tissue,excluded_at_or_below_-1,ENSG00000278438.1,MIR7849,,,,,,,,,,,,,,,,,4,False
breast_mammary_tissue,raw,ENSG00000278438.1,MIR7849,0.1052633478982101,472.4947912521548,-0.9918345534566216,0.007098283142128916,1408.342024436844,128.6583603142496,0.0,-1.0,-0.3460668317978662,-0.9961313271160281,0.04502688619230875,12.082453846059925,149.20380735381934,-0.3460668317978662,469.93192413592857,0.0,514,True
cells_cultured_fibroblasts,excluded_at_or_below_-1,ENSG00000278438.1,MIR7849,,,,,,,,,,,,,,,,,4,False
cells_cultured_fibroblasts,raw,ENSG00000278438.1,MIR7849,0.10256410256410207,649.9874646944816,-0.9911382935729226,0.002953054449033747,3.589743589743594,341.68546508127423,0.0,-1.0,-0.2776563912106928,-0.996414258075267,0.046164349991614916,13.077779923957257,172.98028593752886,-0.2776563912106928,636.9533987052703,0.0,652,True
cells_ebv-transformed_lymphocytes,excluded_at_or_below_-1,ENSG00000278438.1,MIR7849,,,,,,,,,,,,,,,,,3,False
cells_ebv-transformed_lymphocytes,raw,ENSG00000278438.1,MIR7849,0.07692307692305944,369.30571517207665,-0.9943215112556503,0.00239694779962311,2.7692307692312146,305.644348712326,0.0,-1.0,-0.4762855026885287,-0.9961127788050202,0.041308333943374145,10.899444563700264,120.34338953009384,-0.4762855026885287,357.4701436956634,0.0,327,True
cervix_ectocervix,excluded_at_or_below_-1,ENSG00000278438.1,MIR7849,,,,,,,,,,,,,,,,,0,False
cervix_ectocervix,raw,ENSG00000278438.1,MIR7849,0.0,24.0,-0.9875,1.0001e-06,0.0,-17675.90193946968,0.0,-1.0,-1.0,-1.0,0.0,,,-1.0,1.9600537358379766e-188,0.0,24,True
cervix_endocervix,excluded_at_or_below_-1,ENSG00000278438.1,MIR7849,,,,,,,,,,,,,,,,,0,False
cervix_endocervix,raw,ENSG00000278438.1,MIR7849,0.0,23.0,-0.9875,1.0001e-06,0.0,-17675.90193946968,0.0,-1.0,-1.0,-1.0,0.0,,,-1.0,1.878384830178061e-188,0.0,23,True
colon_sigmoid,excluded_at_or_below_-1,ENSG00000278438.1,MIR7849,,,,,,,,,,,,,,,,,2,False
colon_sigmoid,raw,ENSG00000278438.1,MIR7849,0.051282051285997866,502.1840247941471,-0.9837848294444259,0.007469147541562657,1.8974358981583643,291.33903379171016,0.0,-1.0,0.5549178714086926,-0.9945376240200428,0.08391947634366471,16.64188742163156,289.3011704805883,0.5549178714086926,498.51008165184487,0.0,419,True
colon_transverse,excluded_at_or_below_-1,ENSG00000278438.1,MIR7849,,,,,,,,,,,,,,,,,1,False
colon_transverse,raw,ENSG00000278438.1,MIR7849,1.4233193534717565,443.38153427442944,-0.9918589160633503,0.007587406778846024,1209.2487964604031,120.33439125297812,0.0,-1.0,-0.3462520570900356,-0.9986351817475784,0.02987050593757358,21.81747217370083,474.00209205020855,-0.3462520570900356,441.45034774966825,0.0,479,True
esophagus_gastroesophageal_junction,excluded_at_or_below_-1,ENSG00000278438.1,MIR7849,,,,,,,,,,,,,,,,,3,False
esophagus_gastroesophageal_junction,raw,ENSG00000278438.1,MIR7849,-0.0979026108929469,370.0256151583825,-0.9938122111520951,0.0058376604203723165,923.471324598189,118.80311779832455,0.0,-1.0,-0.5034108481328209,-0.9969294959995247,0.036410911871924474,12.211616449720324,151.09568969697355,-0.5034108481328209,368.42318892715053,0.0,403,True
esophagus_mucosa,excluded_at_or_below_-1,ENSG00000278438.1,MIR7849,,,,,,,,,,,,,,,,,2,False
esophagus_mucosa,raw,ENSG00000278438.1,MIR7849,0.05128205160246565,664.096099985292,-0.9918591669266359,0.0018929112353047199,1.8974358974358974,512.8396682600605,0.0,-1.0,-0.3054282092638851,-0.9979918781984392,0.035438172894497764,17.84765068286712,321.1130167389118,-0.3054282092638851,663.9896421426645,0.0,614,True
esophagus_muscularis,excluded_at_or_below_-1,ENSG00000278438.1,MIR7849,,,,,,,,,,,,,,,,,2,False
esophagus_muscularis,raw,ENSG00000278438.1,MIR7849,0.05128205129959241,615.4306790942255,-0.9919840536917036,0.003495557894496259,1.897435900210807,291.3032793769708,0.0,-1.0,-0.2719602149935832,-0.9976218590878682,0.03996031646136479,16.86638492655257,284.7384348112722,-0.2719602149935832,603.3570986945389,0.0,561,True
fallopian_tube,excluded_at_or_below_-1,ENSG00000278438.1,MIR7849,,,,,,,,,,,,,,,,,0,False
fallopian_tube,raw,ENSG00000278438.1,MIR7849,0.0,29.0,-0.9875,1.0001e-06,0.0,-17675.90193946968,0.0,-1.0,-1.0,-1.0,0.0,,,-1.0,2.368398264137555e-188,0.0,29,True
heart_atrial_appendage,excluded_at_or_below_-1,ENSG00000278438.1,MIR7849,,,,,,,,,,,,,,,,,1,False
heart_atrial_appendage,raw,ENSG00000278438.1,MIR7849,0.6740102617707706,425.6377297338307,-0.9957715492330365,0.003996934518132549,1180.385863173682,118.56316001556503,0.0,-1.0,-0.6606812916838982,-0.9992639507411798,0.015803647799159746,21.400985349115196,456.00217391304335,-0.6606812916838982,423.7971060234822,0.0,461,True
heart_left_ventricle,excluded_at_or_below_-1,ENSG00000278438.1,MIR7849,,,,,,,,,,,,,,,,,0,False
heart_left_ventricle,raw,ENSG00000278438.1,MIR7849,0.0,452.0,-0.9875,1.0001e-06,0.0,-17675.90193946968,0.0,-1.0,-1.0,-1.0,0.0,,,-1.0,3.6914345358281893e-187,0.0,452,True
kidney_cortex,excluded_at_or_below_-1,ENSG00000278438.1,MIR7849,,,,,,,,,,,,,,,,,2,False
kidney_cortex,raw,ENSG00000278438.1,MIR7849,0.05128205128295389,113.31728110966023,-0.9933890275514493,0.0029969240714101185,1.897435897479631,283.2380322649487,0.0,-1.0,-0.3931664731804706,-0.989859025906926,0.07361018791700448,7.2446208459209664,51.580120496401015,-0.3931664731804706,110.44062077147265,0.0,104,True
kidney_medulla,excluded_at_or_below_-1,ENSG00000278438.1,MIR7849,,,,,,,,,,,,,,,,,0,False
kidney_medulla,raw,ENSG00000278438.1,MIR7849,0.0,11.0,-0.9875,1.0001e-06,0.0,-17675.90193946968,0.0,-1.0,-1.0,-1.0,0.0,,,-1.0,8.983579622590726e-189,0.0,11,True
liver,excluded_at_or_below_-1,ENSG00000278438.1,MIR7849,,,,,,,,,,,,,,,,,2,False
liver,raw,ENSG00000278438.1,MIR7849,0.052631578932400405,288.43191808459704,-0.9942045354983695,0.002984574171811539,1.8975069270724283,253.42624969175148,0.0,-1.0,-0.4593705758948061,-0.9959371973165828,0.046417562166256254,11.318374860954519,126.13872130784347,-0.4593705758948061,283.7904168023943,0.0,262,True
lung,excluded_at_or_below_-1,ENSG00000278438.1,MIR7849,,,,,,,,,,,,,,,,,5,False
lung,raw,ENSG00000278438.1,MIR7849,-0.4316785573852311,550.0274406576123,-0.9894550096625153,0.009899128948841785,2485.048126415617,119.32666098066211,0.0,-1.0,-0.1541992636349067,-0.9946250110657973,0.060281732744721,11.59306520992905,137.24302904082845,-0.1541992636349067,547.5816592677918,0.0,604,True
minor_salivary_gland,excluded_at_or_below_-1,ENSG00000278438.1,MIR7849,,,,,,,,,,,,,,,,,3,False
minor_salivary_gland,raw,ENSG00000278438.1,MIR7849,0.07692307691993655,199.32184963660922,-0.9943313810471736,0.002704402261361477,2.7692307693614415,272.3063605594873,0.0,-1.0,-0.4735996069546913,-0.9918211380488507,0.06327827455509656,7.611019109445879,56.12239294094581,-0.4735996069546913,195.0973067509127,0.0,181,True
muscle_skeletal,excluded_at_or_below_-1,ENSG00000278438.1,MIR7849,,,,,,,,,,,,,,,,,1,False
muscle_skeletal,raw,ENSG00000278438.1,MIR7849,2.7561932280011314,784.3382507215786,-0.9941938080011717,0.004935905269031546,1212.0885814212622,131.59270731722364,0.0,-1.0,-0.5349073503580419,-0.9994314270786773,0.016261583148409538,28.54822628448582,813.0012239902081,-0.5349073503580419,779.918335077345,0.0,818,True
nerve_tibial,excluded_at_or_below_-1,ENSG00000278438.1,MIR7849,,,,,,,,,,,,,,,,,3,False
nerve_tibial,raw,ENSG00000278438.1,MIR7849,0.07692307694903532,711.955658383501,-0.9836892952659795,0.006901640590182384,2.7692307698724674,292.9555561842359,0.0,-1.0,0.4459914909144402,-0.9950627796940522,0.07613701233894472,16.185508718289583,270.81510658464714,0.4459914909144402,706.8177734781646,0.0,670,True
ovary,excluded_at_or_below_-1,ENSG00000278438.1,MIR7849,,,,,,,,,,,,,,,,,2,False
ovary,raw,ENSG00000278438.1,MIR7849,0.051282051282504806,277.0051782098227,-0.9933797556315479,0.0033512722928441072,1.8974358987158015,289.70933154400427,0.0,-1.0,-0.3068534192890958,-0.9932205889947964,0.06654224007154613,9.722760508614565,92.87487573121697,-0.3068534192890958,274.4471572078937,0.0,193,True
pancreas,excluded_at_or_below_-1,ENSG00000278438.1,MIR7849,,,,,,,,,,,,,,,,,2,False
pancreas,raw,ENSG00000278438.1,MIR7849,0.05128205139668768,404.2133425754599,-0.9902176441297383,0.004834526740923028,1.8974358979166486,264.5940833384347,0.0,-1.0,-0.0856957208332582,-0.9966481893083715,0.05051855729972503,16.820003187946238,293.9398380068691,-0.0856957208332582,397.53409848320945,0.0,362,True
pituitary,excluded_at_or_below_-1,ENSG00000278438.1,MIR7849,,,,,,,,,,,,,,,,,1,False
pituitary,raw,ENSG00000278438.1,MIR7849,0.02631578946195299,354.33461329536976,-0.987615888700192,0.008223811707665871,0.9743778113762166,208.6116984537731,0.0,-1.0,0.2254847162900461,-0.9960847133664854,0.0692684916052512,17.60690788094847,308.00320512820514,0.2254847162900461,354.2725936466525,0.0,313,True
prostate,excluded_at_or_below_-1,ENSG00000278438.1,MIR7849,,,,,,,,,,,,,,,,,0,False
prostate,raw,ENSG00000278438.1,MIR7849,0.0,282.0,-0.9875,1.0001e-06,0.0,-17675.90193946968,0.0,-1.0,-1.0,-1.0,0.0,,,-1.0,2.3030631396096224e-187,0.0,282,True
skin_not_sun_exposed_suprapubic,excluded_at_or_below_-1,ENSG00000278438.1,MIR7849,,,,,,,,,,,,,,,,,3,False
skin_not_sun_exposed_suprapubic,raw,ENSG00000278438.1,MIR7849,0.07920218309909038,609.2915381454044,-0.9859782792923639,0.012691053086912511,1515.9778276496315,123.70217556187892,0.0,-1.0,0.1241163477086786,-0.9964672465559602,0.054776474640038486,16.979121249793895,308.05300792675234,0.1241163477086786,606.3349307051675,0.0,651,True
skin_sun_exposed_lower_leg,excluded_at_or_below_-1,ENSG00000278438.1,MIR7849,,,,,,,,,,,,,,,,,2,False
skin_sun_exposed_lower_leg,raw,ENSG00000278438.1,MIR7849,2.1217578684236047,697.6314486619377,-0.9910229875561806,0.008283132081961886,2962.35842494394,121.47753883905877,0.0,-1.0,-0.2795218918467612,-0.998517696590345,0.029944235201359734,21.462745397261124,479.560539855052,-0.2795218918467612,694.4794161104968,0.0,754,True
small_intestine_terminal_ileum,excluded_at_or_below_-1,ENSG00000278438.1,MIR7849,,,,,,,,,,,,,,,,,0,False
small_intestine_terminal_ileum,raw,ENSG00000278438.1,MIR7849,0.0,207.0,-0.9875,1.0001e-06,0.0,-17675.90193946968,0.0,-1.0,-1.0,-1.0,0.0,,,-1.0,1.6905463471602549e-187,0.0,207,True
spleen,excluded_at_or_below_-1,ENSG00000278438.1,MIR7849,,,,,,,,,,,,,,,,,0,False
spleen,raw,ENSG00000278438.1,MIR7849,0.0,277.0,-0.9875,1.0001e-06,0.0,-17675.90193946968,0.0,-1.0,-1.0,-1.0,0.0,,,-1.0,2.2622286867796648e-187,0.0,277,True
stomach,excluded_at_or_below_-1,ENSG00000278438.1,MIR7849,,,,,,,,,,,,,,,,,2,False
stomach,raw,ENSG00000278438.1,MIR7849,0.0512820513651825,451.0015362181075,-0.9893134741421246,0.0051853649613015935,1.897435897847974,267.3805683401503,0.0,-1.0,-0.008934083580074,-0.9964296591929642,0.0541509819094764,16.45187187188289,282.74926992146055,-0.008934083580074,441.4335058198272,0.0,407,True
testis,excluded_at_or_below_-1,ENSG00000278438.1,MIR7849,,,,,,,,,,,,,,,,,0,False
testis,raw,ENSG00000278438.1,MIR7849,0.0,414.0,-0.9875,1.0001e-06,0.0,-17675.90193946968,0.0,-1.0,-1.0,-1.0,0.0,,,-1.0,3.3810926943205097e-187,0.0,414,True
thyroid,excluded_at_or_below_-1,ENSG00000278438.1,MIR7849,,,,,,,,,,,,,,,,,4,False
thyroid,raw,ENSG00000278438.1,MIR7849,0.10256409005564877,729.2798788675202,-0.9892306711262427,0.003997260197420242,3.5897436919101877,271.0432873330767,0.0,-1.0,-0.2231295863534345,-0.9961272492266707,0.051079832331063696,13.371514456464263,180.0974869075252,-0.2231295863534345,722.2372286679793,0.0,684,True
uterus,excluded_at_or_below_-1,ENSG00000278438.1,MIR7849,,,,,,,,,,,,,,,,,0,False
uterus,raw,ENSG00000278438.1,MIR7849,0.0,153.0,-0.9875,1.0001e-06,0.0,-17675.90193946968,0.0,-1.0,-1.0,-1.0,0.0,,,-1.0,1.24953425659671e-187,0.0,153,True
vagina,excluded_at_or_below_-1,ENSG00000278438.1,MIR7849,,,,,,,,,,,,,,,,,1,False
vagina,raw,ENSG00000278438.1,MIR7849,0.026315789461866083,199.10803288882116,-0.9926439165300042,0.004755603078324332,0.9743768218399318,218.64731127230644,0.0,-1.0,-0.2573944080971322,-0.995631731812336,0.05695524895117777,12.923076923076927,165.00591715976353,-0.2573944080971322,199.04830884382125,0.0,170,True
whole_blood,excluded_at_or_below_-1,ENSG00000278438.1,MIR7849,,,,,,,,,,,,,,,,,1,False
whole_blood,raw,ENSG00000278438.1,MIR7849,2.7078714098957084,767.8105542841791,-0.990350766205456,0.008585265911966703,1320.3111147353256,125.99914381697957,0.0,-1.0,-0.2254477960106876,-0.9990354268941603,0.0273333537100186,28.28429328943529,798.0012468827939,-0.2254477960106876,764.0980321096679,0.0,803,True
adipose_subcutaneous,excluded_at_or_below_-1,ENSG00000277904.1,MIR7850,,,,,,,,,,,,,,,,,3,False
adipose_subcutaneous,raw,ENSG00000277904.1,MIR7850,0.07692307693673849,756.4227037844807,-0.9937762842026763,0.0028191730597949306,2.769230770055943,274.82286296823264,0.0,-1.0,-0.4459288924723485,-0.9978808508664597,0.03278866382117655,15.523861614871176,240.84217637795982,-0.4459288924723485,750.4389906181367,0.0,714,True
adipose_visceral_omentum,excluded_at_or_below_-1,ENSG00000277904.1,MIR7850,,,,,,,,,,,,,,,,,2,False
adipose_visceral_omentum,raw,ENSG00000277904.1,MIR7850,0.05128205128205127,585.0466140321729,-0.9913590238987845,0.001896776449464113,1.897435897563603,510.42961278174295,0.0,-1.0,-0.3067588373407692,-0.9979894737024821,0.03493824206534858,17.79277687073279,322.33439644155237,-0.3067588373407692,539.5540921807885,0.0,587,True
adrenal_gland,excluded_at_or_below_-1,ENSG00000277904.1,MIR7850,,,,,,,,,,,,,,,,,2,False
adrenal_gland,raw,ENSG00000277904.1,MIR7850,-0.14697845571787582,275.73744498380603,-0.9916819639161839,0.0074214063663404,309.19510056779984,125.3494261587115,0.0,-1.0,-0.3338824249622819,-0.9963590050810398,0.04540993219876042,12.983848794306386,173.05186782832604,-0.3338824249622819,274.3151825353979,0.0,295,True
artery_aorta,excluded_at_or_below_-1,ENSG00000277904.1,MIR7850,,,,,,,,,,,,,,,,,1,False
artery_aorta,raw,ENSG00000277904.1,MIR7850,1.3877639176243246,436.4952965816803,-0.9893104530553443,0.009729819807946984,1191.006788469902,123.04261942006916,0.0,-1.0,-0.1427745779176734,-0.9981838444447408,0.03945699826930833,21.65645684645232,467.0021231422512,-0.1427745779176734,434.41881467753507,0.0,472,True
artery_coronary,excluded_at_or_below_-1,ENSG00000277904.1,MIR7850,,,,,,,,,,,,,,,,,3,False
artery_coronary,raw,ENSG00000277904.1,MIR7850,0.07692307957183545,296.7050131875238,-0.9865162914297393,0.00618726799579362,2.7692307696928036,281.5558076817567,0.0,-1.0,0.2453070231309857,-0.9904057727943523,0.09550569922938404,10.784628326103217,122.34439464409306,0.2453070231309857,288.9054938339177,0.0,268,True
artery_tibial,excluded_at_or_below_-1,ENSG00000277904.1,MIR7850,,,,,,,,,,,,,,,,,1,False
artery_tibial,raw,ENSG00000277904.1,MIR7850,2.3486220371112783,654.7075240213676,-0.9909592565993426,0.008100859565472213,1335.7530542705204,125.07951497936419,0.0,-1.0,-0.2744821895395846,-0.9989500465839937,0.027599998251202656,26.22978172374605,686.0014492753628,-0.2744821895395846,651.561369188911,0.0,691,True
bladder,excluded_at_or_below_-1,ENSG00000277904.1,MIR7850,,,,,,,,,,,,,,,,,0,False
bladder,raw,ENSG00000277904.1,MIR7850,0.0,77.0,-0.9875,1.0001e-06,0.0,-17675.90193946968,0.0,-1.0,-1.0,-1.0,0.0,,,-1.0,6.288505735813509e-188,0.0,77,True
brain_amygdala,excluded_at_or_below_-1,ENSG00000277904.1,MIR7850,,,,,,,,,,,,,,,,,2,False
brain_amygdala,raw,ENSG00000277904.1,MIR7850,0.05128205128026753,240.83889304364007,-0.9954995130193921,0.0024791287018155793,1.8974358982264476,264.4762825282355,0.0,-1.0,-0.5318702844430527,-0.995224600519779,0.045460984849349656,9.453959690844556,87.99594918153268,-0.5318702844430527,239.44870933567933,0.0,181,True
brain_anterior_cingulate_cortex_ba24,excluded_at_or_below_-1,ENSG00000277904.1,MIR7850,,,,,,,,,,,,,,,,,0,False
brain_anterior_cingulate_cortex_ba24,raw,ENSG00000277904.1,MIR7850,0.0,233.0,-0.9875,1.0001e-06,0.0,-17675.90193946968,0.0,-1.0,-1.0,-1.0,0.0,,,-1.0,1.9028855018760357e-187,0.0,233,True
brain_caudate_basal_ganglia,excluded_at_or_below_-1,ENSG00000277904.1,MIR7850,,,,,,,,,,,,,,,,,1,False
brain_caudate_basal_ganglia,raw,ENSG00000277904.1,MIR7850,0.02564102564351716,313.720039431253,-0.9903123639157208,0.004058696750662198,0.9743589744422207,291.4935149112173,0.0,-1.0,-0.153745799086567,-0.9971791526636218,0.04885850907002222,17.233784972593945,295.0033444816051,-0.153745799086567,312.9453523969299,0.0,300,True
brain_cerebellar_hemisphere,excluded_at_or_below_-1,ENSG00000277904.1,MIR7850,,,,,,,,,,,,,,,,,4,False
brain_cerebellar_hemisphere,raw,ENSG00000277904.1,MIR7850,0.10256410257697197,276.6247227078723,-0.9901589996474994,0.003533221474825951,3.589743589913385,324.3564830387469,0.0,-1.0,-0.1797981589209712,-0.9910117960447739,0.0756961222012238,8.61374333832338,75.21424026709639,-0.1797981589209712,275.17627487794175,0.0,277,True
brain_cerebellum,excluded_at_or_below_-1,ENSG00000277904.1,MIR7850,,,,,,,,,,,,,,,,,6,False
brain_cerebellum,raw,ENSG00000277904.1,MIR7850,0.15384615384361622,285.7703453800487,-0.9909444067115122,0.0040918981471023885,7.076923076958831,282.13810852321654,0.0,-1.0,-0.1746034846545439,-0.9845659252801049,0.1036797848008107,6.738393511083731,44.33667460779122,-0.1746034846545439,279.8883656857512,0.0,266,True
brain_cortex,excluded_at_or_below_-1,ENSG00000277904.1,MIR7850,,,,,,,,,,,,,,,,,5,False
brain_cortex,raw,ENSG00000277904.1,MIR7850,0.12820512819419833,295.50994824661717,-0.9935956570356388,0.0030772261825042038,4.358974359318735,269.94889368316205,0.0,-1.0,-0.4062064354346669,-0.990239749327065,0.07161025900835791,7.268761057760174,51.40341869631561,-0.4062064354346669,289.0778307190349,0.0,270,True
brain_frontal_cortex_ba9,excluded_at_or_below_-1,ENSG00000277904.1,MIR7850,,,,,,,,,,,,,,,,,2,False
brain_frontal_cortex_ba9,raw,ENSG00000277904.1,MIR7850,0.052631578915854606,308.19064472797373,-0.9935058145625343,0.003620377886277349,1.8975069317669622,243.28983763575715,0.0,-1.0,-0.3706853498411454,-0.9959767441398342,0.047191197554237764,11.91380004303764,143.11277614349854,-0.3706853498411454,307.33823171523744,0.0,269,True
brain_hippocampus,excluded_at_or_below_-1,ENSG00000277904.1,MIR7850,,,,,,,,,,,,,,,,,4,False
brain_hippocampus,raw,ENSG00000277904.1,MIR7850,0.10526315788903809,285.0258765807426,-0.9940011150099807,0.0016652231217089974,5.590027700917179,442.8815802616694,0.0,-1.0,-0.4725122343679309,-0.9923175074128373,0.06118142702781824,7.874221421656767,60.404571818948305,-0.4725122343679309,282.22730361679584,0.0,255,True
brain_hypothalamus,excluded_at_or_below_-1,ENSG00000277904.1,MIR7850,,,,,,,,,,,,,,,,,4,False
brain_hypothalamus,raw,ENSG00000277904.1,MIR7850,0.10256405003303001,275.76781263637014,-0.995947491038737,0.001767536920958769,15.58974359739711,289.44104779504005,0.0,-1.0,-0.6341932609631551,-0.99436690991097,0.044889166047488875,7.828250332389713,59.28688141484351,-0.6341932609631551,271.4377703155959,0.0,257,True
brain_nucleus_accumbens_basal_ganglia,excluded_at_or_below_-1,ENSG00000277904.1,MIR7850,,,,,,,,,,,,,,,,,3,False
brain_nucleus_accumbens_basal_ganglia,raw,ENSG00000277904.1,MIR7850,0.07692307692307711,315.21659089075655,-0.992108255441169,0.0017432904523335118,2.769230769230769,543.5606185521017,0.0,-1.0,-0.3220651574268204,-0.9941412518243001,0.057968007243648464,10.095372810091078,102.6757205228862,-0.3220651574268204,315.11885357055706,0.0,285,True
brain_putamen_basal_ganglia,excluded_at_or_below_-1,ENSG00000277904.1,MIR7850,,,,,,,,,,,,,,,,,3,False
brain_putamen_basal_ganglia,raw,ENSG00000277904.1,MIR7850,0.07692307692185188,291.1870101079694,-0.9923109768823409,0.003603095210852378,2.7692307692381517,282.062172738479,0.0,-1.0,-0.2736805728214073,-0.9944910684404479,0.054345628238931944,11.052252367605146,131.01001424994467,-0.2736805728214073,287.373376819828,0.0,254,True
brain_spinal_cord_cervical_c-1,excluded_at_or_below_-1,ENSG00000277904.1,MIR7850,,,,,,,,,,,,,,,,,2,False
brain_spinal_cord_cervical_c-1,raw,ENSG00000277904.1,MIR7850,0.05128205128244184,298.775954419375,-0.993250220299121,0.0035775444586421535,1.8974358980194226,281.59450003965316,0.0,-1.0,-0.2808989389901712,-0.9933924511435509,0.06671895787810406,10.01877165743586,98.83186212893274,-0.2808989389901712,294.018839365265,0.0,204,True
brain_substantia_nigra,excluded_at_or_below_-1,ENSG00000277904.1,MIR7850,,,,,,,,,,,,,,,,,1,False
brain_substantia_nigra,raw,ENSG00000277904.1,MIR7850,0.02564102564332618,207.78708880227092,-0.9952448081897224,0.0021068526696914544,0.9743589755405864,293.36543133912414,0.0,-1.0,-0.5581978453711332,-0.9975857805757985,0.032658955025521956,13.416612631565933,178.0054945054948,-0.5581978453711332,202.75755857709368,0.0,183,True
breast_mammary_tissue,excluded_at_or_below_-1,ENSG00000277904.1,MIR7850,,,,,,,,,,,,,,,,,3,False
breast_mammary_tissue,raw,ENSG00000277904.1,MIR7850,-0.25559138552934857,473.6647030220281,-0.9910640038004814,0.008474404025850075,1445.9202834522678,118.22959756305961,0.0,-1.0,-0.2825957750827735,-0.9963309382567407,0.048237959005197034,13.222583215846639,174.95950283572074,-0.2825957750827735,471.65703255145183,0.0,514,True
cells_cultured_fibroblasts,excluded_at_or_below_-1,ENSG00000277904.1,MIR7850,,,,,,,,,,,,,,,,,1,False
cells_cultured_fibroblasts,raw,ENSG00000277904.1,MIR7850,2.3532604528914085,615.4886545932068,-0.9934305651266692,0.006081005692054728,1367.44257063669,121.27869345581406,0.0,-1.0,-0.4719418417458642,-0.9991900948493035,0.020680353532697322,25.475508554262692,647.0015360983108,-0.4719418417458642,612.8515246321846,0.0,652,True
cells_ebv-transformed_lymphocytes,excluded_at_or_below_-1,ENSG00000277904.1,MIR7850,0.10900315337543307,1.2092535099128436,-0.5435797011833613,0.15540714651556944,8.318445342043148,9.221692737208715,0.0,-0.6357794601252664,0.4697870154588845,-0.3711122306203719,0.30122536439676734,1.7548935286762768,2.3630486458938744,0.4697870154588845,1.2092531516579228,0.0,14,True
cells_ebv-transformed_lymphocytes,raw,ENSG00000277904.1,MIR7850,0.35897436072251004,443.787844222655,-0.986104333634804,0.007563810910059068,14.974358975853853,272.20951392264215,0.0,-1.0,0.4697870154588845,-0.9730751413721261,0.1409816257957336,6.335652307174857,46.71353525026717,0.4697870154588845,438.5174694245095,0.0,327,True
cervix_ectocervix,excluded_at_or_below_-1,ENSG00000277904.1,MIR7850,,,,,,,,,,,,,,,,,0,False
cervix_ectocervix,raw,ENSG00000277904.1,MIR7850,0.0,24.0,-0.9875,1.0001e-06,0.0,-17675.90193946968,0.0,-1.0,-1.0,-1.0,0.0,,,-1.0,1.9600537358379766e-188,0.0,24,True
cervix_endocervix,excluded_at_or_below_-1,ENSG00000277904.1,MIR7850,,,,,,,,,,,,,,,,,0,False
cervix_endocervix,raw,ENSG00000277904.1,MIR7850,0.0,23.0,-0.9875,1.0001e-06,0.0,-17675.90193946968,0.0,-1.0,-1.0,-1.0,0.0,,,-1.0,1.878384830178061e-188,0.0,23,True
colon_sigmoid,excluded_at_or_below_-1,ENSG00000277904.1,MIR7850,,,,,,,,,,,,,,,,,3,False
colon_sigmoid,raw,ENSG00000277904.1,MIR7850,0.07692307692175428,474.9291535760273,-0.992893683374491,0.0033687399068941756,2.769230769644301,276.88627377636453,0.0,-1.0,-0.3333342894054018,-0.9956664651677096,0.05127355011072935,11.815905414436488,138.57955380764935,-0.3333342894054018,467.3057839572723,0.0,419,True
colon_transverse,excluded_at_or_below_-1,ENSG00000277904.1,MIR7850,,,,,,,,,,,,,,,,,1,False
colon_transverse,raw,ENSG00000277904.1,MIR7850,1.4173875572970713,443.37533674990414,-0.9939089700539091,0.005856214849867013,1225.1507235433385,116.88742362469176,0.0,-1.0,-0.5098817451664787,-0.9989767886120385,0.02239407465811967,21.817472173700775,474.002092050209,-0.5098817451664787,441.6709768823772,0.0,479,True
esophagus_gastroesophageal_junction,excluded_at_or_below_-1,ENSG00000277904.1,MIR7850,,,,,,,,,,,,,,,,,3,False
esophagus_gastroesophageal_junction,raw,ENSG00000277904.1,MIR7850,0.07866380736330301,399.41955905360413,-0.9861829776983108,0.008889967629023445,3.0257715239356506,173.6449551457676,0.0,-1.0,0.105376367552719,-0.9941475516667266,0.07049042384102545,12.909239244681167,175.60205575949598,0.105376367552719,395.3518674317823,0.0,403,True
esophagus_mucosa,excluded_at_or_below_-1,ENSG00000277904.1,MIR7850,,,,,,,,,,,,,,,,,4,False
esophagus_mucosa,raw,ENSG00000277904.1,MIR7850,-0.5323175487229314,559.0053831851721,-0.9920287525076135,0.007601095177117146,2713.3106801939052,117.54712882128509,0.0,-1.0,-0.3602380967397968,-0.9962977191962153,0.04620765418257977,12.605472628886119,159.25566329270092,-0.3602380967397968,556.6406893514057,0.0,614,True
esophagus_muscularis,excluded_at_or_below_-1,ENSG00000277904.1,MIR7850,,,,,,,,,,,,,,,,,4,False
esophagus_muscularis,raw,ENSG00000277904.1,MIR7850,0.12069647250898988,517.1867953995334,-0.9900087230101311,0.009364717554584083,1608.0140826950167,119.5870802326181,0.0,-1.0,-0.1981203835455968,-0.9956063555292043,0.05287395132207713,12.38989417720508,156.96510446059642,-0.1981203835455968,514.9219201089355,0.0,561,True
fallopian_tube,excluded_at_or_below_-1,ENSG00000277904.1,MIR7850,,,,,,,,,,,,,,,,,0,False
fallopian_tube,raw,ENSG00000277904.1,MIR7850,0.0,29.0,-0.9875,1.0001e-06,0.0,-17675.90193946968,0.0,-1.0,-1.0,-1.0,0.0,,,-1.0,2.368398264137555e-188,0.0,29,True
heart_atrial_appendage,excluded_at_or_below_-1,ENSG00000277904.1,MIR7850,,,,,,,,,,,,,,,,,3,False
heart_atrial_appendage,raw,ENSG00000277904.1,MIR7850,-0.35276469513514525,426.9886844278681,-0.9944628634467795,0.00547207160403757,1033.2341221795757,113.79389231313637,0.0,-1.0,-0.5541557249727771,-0.997672160263356,0.02934831075615483,12.961608240540984,171.24984111078555,-0.5541557249727771,425.4672111724075,0.0,461,True
heart_left_ventricle,excluded_at_or_below_-1,ENSG00000277904.1,MIR7850,,,,,,,,,,,,,,,,,0,False
heart_left_ventricle,raw,ENSG00000277904.1,MIR7850,0.0,452.0,-0.9875,1.0001e-06,0.0,-17675.90193946968,0.0,-1.0,-1.0,-1.0,0.0,,,-1.0,3.6914345358281893e-187,0.0,452,True
kidney_cortex,excluded_at_or_below_-1,ENSG00000277904.1,MIR7850,,,,,,,,,,,,,,,,,1,False
kidney_cortex,raw,ENSG00000277904.1,MIR7850,0.025641025641025637,137.1161519111327,-0.9961918893368762,0.0010621375400700628,0.9743589743589743,461.1044393612437,0.0,-1.0,-0.6498818637727668,-0.9966334794593534,0.034331907859334605,10.050358637275778,99.00970873786383,-0.6498818637727668,127.69251217468845,0.0,104,True
kidney_medulla,excluded_at_or_below_-1,ENSG00000277904.1,MIR7850,,,,,,,,,,,,,,,,,0,False
kidney_medulla,raw,ENSG00000277904.1,MIR7850,0.0,11.0,-0.9875,1.0001e-06,0.0,-17675.90193946968,0.0,-1.0,-1.0,-1.0,0.0,,,-1.0,8.983579622590726e-189,0.0,11,True
liver,excluded_at_or_below_-1,ENSG00000277904.1,MIR7850,,,,,,,,,,,,,,,,,2,False
liver,raw,ENSG00000277904.1,MIR7850,0.05128205128205108,296.3831506729819,-0.9942180176995693,0.0021523459450328254,1.8974358997088892,341.1033080940929,0.0,-1.0,-0.4750797902442769,-0.9964434669470984,0.0409554406871707,11.584981998051896,134.18106131349919,-0.4750797902442769,288.5474877027979,0.0,262,True
lung,excluded_at_or_below_-1,ENSG00000277904.1,MIR7850,,,,,,,,,,,,,,,,,3,False
lung,raw,ENSG00000277904.1,MIR7850,0.07724829861679573,619.2698262330271,-0.9911015229180374,0.00020960994625810942,2.769234894246767,4762.541275351056,0.0,-1.0,-0.2852137791297343,-0.9969614736704836,0.043806194405221835,14.744090771318273,220.07669994945724,-0.2852137791297343,0.7108407710000477,0.0,604,True
minor_salivary_gland,excluded_at_or_below_-1,ENSG00000277904.1,MIR7850,,,,,,,,,,,,,,,,,4,False
minor_salivary_gland,raw,ENSG00000277904.1,MIR7850,0.10256410256786769,191.82409014636832,-0.9920719276485978,0.0027425126692492544,5.589743591552526,355.17030374682884,0.0,-1.0,-0.3033081626255258,-0.9870879519501565,0.08668371191936385,6.640856908841874,42.80751607823301,-0.3033081626255258,190.66434108326615,0.0,181,True
muscle_skeletal,excluded_at_or_below_-1,ENSG00000277904.1,MIR7850,,,,,,,,,,,,,,,,,9,False
muscle_skeletal,raw,ENSG00000277904.1,MIR7850,0.2307692161498182,910.7052545213737,-0.9933479520221276,0.0030497859719251343,12.92307693755453,282.66453431733623,0.0,-1.0,-0.3837750031704788,-0.9947134811990125,0.050820554908067306,9.773936964654744,96.28224349104717,-0.3837750031704788,888.4681451462612,0.0,818,True
nerve_tibial,excluded_at_or_below_-1,ENSG00000277904.1,MIR7850,,,,,,,,,,,,,,,,,6,False
nerve_tibial,raw,ENSG00000277904.1,MIR7850,0.15384615384614936,753.4024698988145,-0.9885965312132392,0.004623666277376742,7.076923076923131,315.79213330746643,0.0,-1.0,0.043862410125486,-0.9925814602827518,0.07989408691793302,11.090652688442045,124.9901993395598,0.043862410125486,731.4410065085511,0.0,670,True
ovary,excluded_at_or_below_-1,ENSG00000277904.1,MIR7850,,,,,,,,,,,,,,,,,3,False
ovary,raw,ENSG00000277904.1,MIR7850,0.07692307691684289,226.10525845885593,-0.9927207024360827,0.003720353501636151,2.7692307693956226,265.84352349753533,0.0,-1.0,-0.293369550781363,-0.9896790584072904,0.0824500732974153,7.8622171839175055,59.97619662142,-0.293369550781363,225.44494974251248,0.0,193,True
pancreas,excluded_at_or_below_-1,ENSG00000277904.1,MIR7850,,,,,,,,,,,,,,,,,1,False
pancreas,raw,ENSG00000277904.1,MIR7850,0.025648164007426002,398.39676223793936,-0.9962914659404492,0.00040196917332091585,0.9743589763462692,1066.2791305881594,0.0,-1.0,-0.6932174804720564,-0.9991525344764421,0.016124131248850173,18.94736842105263,357.00277008310246,-0.6932174804720564,362.5495944816982,0.0,362,True
pituitary,excluded_at_or_below_-1,ENSG00000277904.1,MIR7850,0.21052636048224208,4.343890194733886,-0.5257039517643621,0.0028821849080872004,8.315790023522032,144.05788316423434,0.0,-0.5332319451289564,-0.232112186140064,-0.38705544249978474,0.10828274803631302,0.026457599370307144,-1.3823726948230481,-0.232112186140064,4.3438075951084825,0.0,10,True
pituitary,raw,ENSG00000277904.1,MIR7850,0.25641025641124376,309.537450559442,-0.9909222653846675,0.003496364711107272,11.435897435899879,306.92436115832794,0.0,-1.0,-0.232112186140064,-0.9804171067891305,0.10952262980735793,5.559058133660007,29.73922659683459,-0.232112186140064,309.26324047605465,0.0,313,True
prostate,excluded_at_or_below_-1,ENSG00000277904.1,MIR7850,,,,,,,,,,,,,,,,,5,False
prostate,raw,ENSG00000277904.1,MIR7850,0.12820512820512822,335.140510915093,-0.9907214319588573,0.002117650264056891,4.358974361587006,538.9624979601839,0.0,-1.0,-0.1836763671336055,-0.9886135498050146,0.08702500450977373,7.797709473083727,60.678287889345604,-0.1836763671336055,330.08390829194235,0.0,282,True
skin_not_sun_exposed_suprapubic,excluded_at_or_below_-1,ENSG00000277904.1,MIR7850,,,,,,,,,,,,,,,,,4,False
skin_not_sun_exposed_suprapubic,raw,ENSG00000277904.1,MIR7850,-0.25794175556108767,597.5858253158094,-0.9911076896575524,0.00853339864477961,2527.3603553648186,116.91114452063233,0.0,-1.0,-0.2856630321067439,-0.9962798108821872,0.04767846706618778,12.908736193658674,167.00091496358928,-0.2856630321067439,595.1580191429471,0.0,651,True
skin_sun_exposed_lower_leg,excluded_at_or_below_-1,ENSG00000277904.1,MIR7850,,,,,,,,,,,,,,,,,1,False
skin_sun_exposed_lower_leg,raw,ENSG00000277904.1,MIR7850,2.4358610619109253,718.3034245443861,-0.9925201084059831,0.006839807396892682,1328.4966512278615,122.74454918926934,0.0,-1.0,-0.3988692640001127,-0.9992027443819629,0.021891890198213082,27.40440344217054,749.0013280212487,-0.3988692640001127,715.1319134284151,0.0,754,True
small_intestine_terminal_ileum,excluded_at_or_below_-1,ENSG00000277904.1,MIR7850,0.21052636106076406,4.253136998665054,-0.518070548008805,0.003009162520587373,6.315789945378189,143.15063911653198,0.0,-0.5258806964990981,-0.2134747291815822,-0.3772800816174007,0.11403258187371781,0.12954604643725603,-1.3409655085160403,-0.2134747291815822,4.253057139427166,0.0,10,True
small_intestine_terminal_ileum,raw,ENSG00000277904.1,MIR7850,0.31497993677729014,188.66465476278188,-0.9901760832594394,0.008323550165855141,80.84613072799308,131.965515550852,0.0,-1.0,-0.2134747291815822,-0.9699169121554301,0.13595220560436963,4.426527883081232,18.225190832467472,-0.2134747291815822,187.57848087574592,0.0,207,True
spleen,excluded_at_or_below_-1,ENSG00000277904.1,MIR7850,,,,,,,,,,,,,,,,,5,False
spleen,raw,ENSG00000277904.1,MIR7850,0.1282051282051282,294.65392406660237,-0.9903273332907117,0.002454337424415953,6.358974359773162,408.2113659106875,0.0,-1.0,-0.2818852287295346,-0.987531797291805,0.09216900679859166,7.250240498126181,50.61701981612763,-0.2818852287295346,294.3266558895774,0.0,277,True
stomach,excluded_at_or_below_-1,ENSG00000277904.1,MIR7850,,,,,,,,,,,,,,,,,0,False
stomach,raw,ENSG00000277904.1,MIR7850,0.0,407.0,-0.9875,1.0001e-06,0.0,-17675.90193946968,0.0,-1.0,-1.0,-1.0,0.0,,,-1.0,3.3239244603585686e-187,0.0,407,True
testis,excluded_at_or_below_-1,ENSG00000277904.1,MIR7850,,,,,,,,,,,,,,,,,7,False
testis,raw,ENSG00000277904.1,MIR7850,0.17948718428298854,472.82843477849525,-0.9936567397147542,0.003324774142572196,7.743589752147262,257.02395938397905,0.0,-1.0,-0.3894010339870961,-0.991039034021209,0.06906081384732317,7.699321716062492,58.19688631210918,-0.3894010339870961,470.6279771813723,0.0,414,True
thyroid,excluded_at_or_below_-1,ENSG00000277904.1,MIR7850,0.1478191580968594,0.9977115700373708,-0.36403195381285225,0.08830091171229523,11.028730394846368,8.780462879562615,0.0,-0.5880076346766985,0.1842041104915572,-0.27941593933419273,0.20910780465237394,0.9578783868329847,0.12522856220296008,0.1842041104915572,0.9976968141311747,0.0,14,True
thyroid,raw,ENSG00000277904.1,MIR7850,0.35897435899133584,688.2910082970584,-0.9861452695537279,0.005718700222390046,22.97435897465099,289.42310343437646,0.0,-1.0,0.1842041104915572,-0.9852512034366646,0.1061024528519384,7.647346123877258,61.28004882226804,0.1842041104915572,688.2856532657123,0.0,684,True
uterus,excluded_at_or_below_-1,ENSG00000277904.1,MIR7850,,,,,,,,,,,,,,,,,1,False
uterus,raw,ENSG00000277904.1,MIR7850,0.025641025641023073,166.3958337250852,-0.991055671424555,0.003565801868680367,0.9743589743589793,314.3065262537183,0.0,-1.0,-0.1985623532489879,-0.9947618454460717,0.06479239352746817,12.247717295372576,148.00657894736852,-0.1985623532489879,164.08823140046485,0.0,153,True
vagina,excluded_at_or_below_-1,ENSG00000277904.1,MIR7850,,,,,,,,,,,,,,,,,0,False
vagina,raw,ENSG00000277904.1,MIR7850,0.0,170.0,-0.9875,1.0001e-06,0.0,-17675.90193946968,0.0,-1.0,-1.0,-1.0,0.0,,,-1.0,1.3883713962185667e-187,0.0,170,True
whole_blood,excluded_at_or_below_-1,ENSG00000277904.1,MIR7850,,,,,,,,,,,,,,,,,9,False
whole_blood,raw,ENSG00000277904.1,MIR7850,0.23076923245768308,893.2565243078014,-0.9896561706822069,0.0045251679348912105,10.9230769325199,294.25831403151443,0.0,-1.0,-0.0480952051685233,-0.9917255473344214,0.0786111284155451,9.597576747433516,92.16844732099072,-0.0480952051685233,867.0895858064865,0.0,803,True
adipose_subcutaneous,excluded_at_or_below_-1,ENSG00000278520.1,MIR7851,0.5443785855806909,30.198022500883184,-0.17673540082711198,0.7426511956806625,866.4355657243465,3.1880424110778494,0.0,-0.8044634147062348,1.4974130951714084,-0.04476211645839699,0.45092651290398683,0.5944405025182331,0.03255235096777609,1.4974130951714084,30.010434238705606,0.0,632,True
adipose_subcutaneous,raw,ENSG00000278520.1,MIR7851,-2.532573066982973,33.54894216510403,-0.29365141050684324,1.0377870543232224,5946.33390473632,2.4407200922997365,0.0,-1.0,1.4974130951714084,-0.15446730756541582,0.5223401422130405,0.2743451414713338,-0.2578843854611801,1.4974130951714084,31.842342191157616,0.0,714,True
adipose_visceral_omentum,excluded_at_or_below_-1,ENSG00000278520.1,MIR7851,2.53386935032535,24.425992930842927,-0.5863078331255852,0.31538989578101545,781.4433041654336,7.107788759608038,0.0,-0.8509631050808238,0.9988309434850472,-0.3998028555303824,0.3227947747075091,1.1529976163565008,1.1161146209768642,0.9988309434850472,24.425783048128537,0.0,362,True
adipose_visceral_omentum,raw,ENSG00000278520.1,MIR7851,9.282051314239782,338.5390115939908,-0.9826463672599359,0.011368317935725352,4485.897435941928,246.49487305276767,0.0,-1.0,0.9988309434850472,-0.6298613862044267,0.3866369740438206,0.9733649780320264,0.5290880562903308,0.9988309434850472,337.3690070198847,0.0,587,True
adrenal_gland,excluded_at_or_below_-1,ENSG00000278520.1,MIR7851,0.41800655707632794,10.141344400953804,-0.6425293492560847,0.6310452358128114,207.71720859575845,2.8947811215860173,0.0,-0.8259630916725729,0.649169361674391,-0.37284117927453786,0.32047177578456204,0.8263918354897413,0.20886727244529935,0.649169361674391,9.987685612926896,0.0,219,True
adrenal_gland,raw,ENSG00000278520.1,MIR7851,5.615384609397089,191.97898277977546,-0.989824835528103,0.01042169257570231,865.2307692763527,222.40992098909322,0.0,-1.0,0.649169361674391,-0.5344142991902501,0.38940378413626864,0.5782714495011676,-0.2695205524383617,0.649169361674391,190.74274215613391,0.0,295,True
artery_aorta,excluded_at_or_below_-1,ENSG00000278520.1,MIR7851,1.1373513519658434,17.884913425188163,-0.36577639157290764,0.5085380280463343,901.6655355934251,4.269988485149872,0.0,-0.810749787582546,1.169671706078557,-0.21861656341514518,0.37298412375901,1.0062833026039386,0.896212585131726,1.169671706078557,17.882819859842805,0.0,336,True
artery_aorta,raw,ENSG00000278520.1,MIR7851,8.615384588229599,198.7033493496902,-0.9773554260170454,0.00671329347700746,3263.2307692307695,452.28990798509045,0.0,-1.0,1.169671706078557,-0.44376094344806943,0.47375883544577807,0.5870992535906793,-0.08698619664300367,1.169671706078557,195.07275181782595,0.0,472,True
artery_coronary,excluded_at_or_below_-1,ENSG00000278520.1,MIR7851,0.7499343501539726,8.195369501079407,-0.6732616124696106,0.7637018226907613,124.95451185687094,2.6426412240459505,0.0,-0.7500122711394352,0.7538141653464716,-0.25255763673239895,0.36229050331183094,0.757973021729761,-0.15274396889282382,0.7538141653464716,7.945830917560981,0.0,193,True
artery_coronary,raw,ENSG00000278520.1,MIR7851,4.948717948717949,82.34960350720601,-0.9754226081577236,0.006600867298775837,637.897435897436,370.48314819136823,0.0,-1.0,0.7538141653464716,-0.46172993988564554,0.45540978346285377,0.5079576000139515,-0.5156709732675364,0.7538141653464716,79.87005336288948,0.0,268,True
artery_tibial,excluded_at_or_below_-1,ENSG00000278520.1,MIR7851,9.30502610133977,42.141973788910555,-0.605686208926042,0.09683828323734006,2659.816014713847,27.382656899795663,0.0,-0.7956238626132192,1.2693414072733795,-0.19739035458217857,0.41898507232584364,0.8397997826586272,0.0690181364337481,1.2693414072733795,42.14147498252307,0.0,512,True
artery_tibial,raw,ENSG00000278520.1,MIR7851,13.12820509526258,1360.0316112018581,-0.9869060553324623,0.010529105815459724,6858.358974358976,303.04717395868875,0.0,-1.0,1.2693414072733795,-0.40530225983513096,0.5038170163259953,0.6173881688875028,-0.27270206807368913,1.2693414072733795,1323.8769615893082,0.0,691,True
bladder,excluded_at_or_below_-1,ENSG00000278520.1,MIR7851,-0.05920751844372045,2.8931815067293005,-0.35143710007800866,0.8745070351512182,89.04134484317882,2.4729154016839976,0.0,-0.8607689000515284,1.177739237672264,-0.1486706899400671,0.44521671243012695,0.5489239788043206,-0.2653528537307599,1.177739237672264,2.757203481696333,0.0,67,True
bladder,raw,ENSG00000278520.1,MIR7851,1.7179487147438055,12.55966428112802,-0.9767680196864559,0.006182890523960781,109.8974358974359,492.80079790836834,0.0,-1.0,1.177739237672264,-0.25923293799979863,0.5050892300775535,0.3636668724333056,-0.46635950207050936,1.177739237672264,11.915918886594275,0.0,77,True
brain_amygdala,excluded_at_or_below_-1,ENSG00000278520.1,MIR7851,0.9099449970545586,7.290790463561106,-0.766500317936967,0.03654151973900795,35.98403168315586,29.69182585501466,0.0,-0.8179993449895692,0.0006995374707032,-0.5941503805477084,0.2137559658822753,0.9825623992469175,-0.15860929738901675,0.0006995374707032,7.28974082609393,0.0,59,True
brain_amygdala,raw,ENSG00000278520.1,MIR7851,1.5128205236262904,136.17952693553804,-0.9857205613241986,0.005060561382202676,165.74359002595796,275.6628319575807,0.0,-1.0,0.0006995374707032,-0.8677064776370983,0.2260831851254918,1.7606041886261887,2.345115809951733,0.0006995374707032,133.17310492035082,0.0,181,True
brain_anterior_cingulate_cortex_ba24,excluded_at_or_below_-1,ENSG00000278520.1,MIR7851,1.1360491058728603,8.79860547512884,-0.7822081342478396,0.06820096499144396,85.05509138487992,17.542512504142998,0.0,-0.8387365996225962,0.0637859312802833,-0.6390478419683612,0.18443022584208393,1.3364880219313324,1.6115984841512274,0.0637859312802833,8.797606527674434,0.0,87,True
brain_anterior_cingulate_cortex_ba24,raw,ENSG00000278520.1,MIR7851,2.230769244148425,145.60546501582232,-0.9873056456970656,0.005352334052181893,380.9230769270804,277.72331640091267,0.0,-1.0,0.0637859312802833,-0.8652238723229503,0.20790225747061883,1.6107667410669446,2.2733572194751206,0.0637859312802833,145.25486182069392,0.0,233,True
brain_caudate_basal_ganglia,excluded_at_or_below_-1,ENSG00000278520.1,MIR7851,0.7147330614684785,9.674708581382331,-0.7705666537322307,0.21007894854231451,195.1308923458577,6.696719918039494,0.0,-0.8856556318685803,0.2242193647976651,-0.6463433437005016,0.2012733937869204,1.6471538369074767,3.3104612414308807,0.2242193647976651,9.674698872466793,0.0,130,True
brain_caudate_basal_ganglia,raw,ENSG00000278520.1,MIR7851,3.333333654929227,238.24854236736718,-0.988485985482933,0.006338194356578537,696.6666666669291,270.5856363885685,0.0,-1.0,0.2242193647976651,-0.8467487822702173,0.2197568552025294,1.6737301488695986,3.146609348086364,0.2242193647976651,234.94794488391068,0.0,300,True
brain_cerebellar_hemisphere,excluded_at_or_below_-1,ENSG00000278520.1,MIR7851,-2.182192929927782,13.809220956435519,-1.2475532334761044,1.7769388715081913,228.46405081386513,1.8080239115361556,0.0,-0.7984213386531347,1.024202641664698,-0.18468561356587937,0.43744294346128376,0.6363586545865947,-0.3507143323499595,1.024202641664698,10.261047031282525,0.0,223,True
brain_cerebellar_hemisphere,raw,ENSG00000278520.1,MIR7851,5.717949151006797,3268269.4353310023,-1.0413546946058414,0.019986787732562263,699.8974431518252,146.15351090430363,0.0,-1.0,1.024202641664698,-0.34362776832198955,0.5085471991924264,0.4879459521247725,-0.5238325580859664,1.024202641664698,45188.12997559313,0.0,277,True
brain_cerebellum,excluded_at_or_below_-1,ENSG00000278520.1,MIR7851,0.5514821669792548,10.244438078563771,-0.2945415399632784,0.679993949403256,212.05180991957755,3.20771386165929,0.0,-0.82058067365347,1.247818168202088,-0.1353885423157014,0.4295985908572323,0.6839730399908261,0.11492727914003842,1.247818168202088,10.184681233765357,0.0,228,True
brain_cerebellum,raw,ENSG00000278520.1,MIR7851,-4.912841781779312,16.11479105566068,-0.7766416091815963,1.7453587016659204,1334.3187690441064,1.6403610735845373,0.0,-1.0,1.247818168202088,-0.2589044648420298,0.499972986964929,0.3862744241750941,-0.24810322573006616,1.247818168202088,11.917877441431688,0.0,266,True
brain_cortex,excluded_at_or_below_-1,ENSG00000278520.1,MIR7851,1.9101989992047643,14.436856426607802,-0.7426318780907468,0.06646352769439111,241.18631945901097,24.93641147906357,0.0,-0.8541986576682478,0.4292999425575916,-0.5678094442124537,0.22687939535145712,1.273505115502971,2.0123726075730115,0.4292999425575916,14.43678815758289,0.0,129,True
brain_cortex,raw,ENSG00000278520.1,MIR7851,,,,,,,,,,,,,,,,,270,False
brain_frontal_cortex_ba9,excluded_at_or_below_-1,ENSG00000278520.1,MIR7851,1.848240255870975,17.26231639536828,-0.7405085275034949,0.04455356235116253,175.43036030668372,41.94453175626091,0.0,-0.8900016529402834,0.5809172886632075,-0.5339624768204337,0.26185337335124914,1.363577212559124,2.2330793629715604,0.5809172886632075,17.261533979210054,0.0,111,True
brain_frontal_cortex_ba9,raw,ENSG00000278520.1,MIR7851,2.846153868582959,225.72160145318452,-0.9827387666688948,0.004083488080593465,591.076923076923,541.5330121438957,0.0,-1.0,0.5809172886632075,-0.8076945536322236,0.28456956448349585,1.6267105377249829,2.6241342520890987,0.5809172886632075,206.63984476812675,0.0,269,True
brain_hippocampus,excluded_at_or_below_-1,ENSG00000278520.1,MIR7851,1.5020432551186333,14.54078487093867,-0.7633211641098786,0.05163614731427087,125.67755951580791,33.41878329510491,0.0,-0.9109073251371416,0.4568744719679503,-0.5854815920588137,0.23574353835932318,1.4838221163353134,2.8396049714140306,0.4568744719679503,14.536959543491378,0.0,99,True
brain_hippocampus,raw,ENSG00000278520.1,MIR7851,2.5384615594874735,180.17493309402875,-0.9832505117894823,0.0036481584159874995,547.6923076923078,558.2664049392182,0.0,-1.0,0.4568744719679503,-0.8390693239757747,0.24982602658395686,1.7717322088798295,3.380041732565835,0.4568744719679503,179.14843779150615,0.0,255,True
brain_hypothalamus,excluded_at_or_below_-1,ENSG00000278520.1,MIR7851,1.386306478531582,9.217240854858698,-0.7138260855225403,0.11329813567720874,101.66731035991262,10.630749244355538,0.0,-0.902041380520116,0.1378444841022361,-0.5907841618892332,0.21125598839932186,1.114954103404717,0.6636718410672611,0.1378444841022361,9.216865149935815,0.0,126,True
brain_hypothalamus,raw,ENSG00000278520.1,MIR7851,3.2307595116714976,188.13804324244967,-0.9870730419513888,0.0020835807310100964,506.92307692676286,763.5286688051623,0.0,-1.0,0.1378444841022361,-0.7993727797589236,0.2525936947578399,1.1864019894251498,0.7607191105750659,0.1378444841022361,182.29607611462072,0.0,257,True
brain_nucleus_accumbens_basal_ganglia,excluded_at_or_below_-1,ENSG00000278520.1,MIR7851,1.8694902494519787,29.486889702838038,-0.7725731834000674,0.04828366357683295,257.65516144132596,40.98649076463261,0.0,-0.8734129709265015,0.6267755316226509,-0.6174251415332296,0.24523496039617676,2.0717229371779573,5.489525377619575,0.6267755316226509,29.48137640991159,0.0,142,True
brain_nucleus_accumbens_basal_ganglia,raw,ENSG00000278520.1,MIR7851,3.641025600169875,206.20210054958392,-0.9764266251913363,0.0051740883607412184,1530.9743589747006,438.19704560811533,0.0,-1.0,0.6267755316226509,-0.8093837547288372,0.25802635780098765,1.8870486851326953,4.853464792803828,0.6267755316226509,200.4668870961081,0.0,285,True
brain_putamen_basal_ganglia,excluded_at_or_below_-1,ENSG00000278520.1,MIR7851,0.9093340500199729,10.667638887620477,-0.7673122530551052,0.08327387186273975,145.4258889874913,14.74337695829246,0.0,-0.9153995878232076,0.10082967141402,-0.6764754807102984,0.16148015229439894,1.7531009882129405,4.486265450096196,0.10082967141402,10.667272408465639,0.0,98,True
brain_putamen_basal_ganglia,raw,ENSG00000278520.1,MIR7851,2.5128205523058056,167.66662153031535,-0.985280178397043,0.003227701869519961,565.7435897435898,475.87768075316393,0.0,-1.0,0.10082967141402,-0.87517557917169,0.18681037198805578,1.6314115515825884,3.0106545757478838,0.10082967141402,167.6616426445594,0.0,254,True
brain_spinal_cord_cervical_c-1,excluded_at_or_below_-1,ENSG00000278520.1,MIR7851,0.9919864591765196,5.920551584672608,-0.6662784392495773,0.33815862424593773,72.85111144862813,5.285559036546019,0.0,-0.8109079627740229,0.5975740790149509,-0.4032021648071046,0.33995989548540817,1.1399031163663467,0.5148480805544375,0.5975740790149509,5.920477244227111,0.0,113,True
brain_spinal_cord_cervical_c-1,raw,ENSG00000278520.1,MIR7851,,,,,,,,,,,,,,,,,204,False
brain_substantia_nigra,excluded_at_or_below_-1,ENSG00000278520.1,MIR7851,0.4372871601691591,4.153308199609585,-0.7080624596886413,0.21109305351171503,29.63286454145137,6.370144824692058,0.0,-0.8809227598974096,0.2427793071656216,-0.5879800688092159,0.2275640077658438,1.4967816198312667,2.3663876834722544,0.2427793071656216,4.153301314194112,0.0,66,True
brain_substantia_nigra,raw,ENSG00000278520.1,MIR7851,1.692307692307692,119.72746771140524,-0.985488484933704,0.005275910295193698,166.30769230769232,329.23853375508367,0.0,-1.0,0.2427793071656216,-0.851402647767258,0.24052806871115717,1.82937259139023,3.4315218048375886,0.2427793071656216,119.72687059159927,0.0,183,True
breast_mammary_tissue,excluded_at_or_below_-1,ENSG00000278520.1,MIR7851,1.8272264154480586,17.65201177512028,-0.19328723787091412,0.7741081592491204,465.4279802540123,3.0185178170548954,0.0,-0.8374573699255474,1.4589803779904766,0.0022094122302640917,0.5043895542600902,0.5946294403266296,-0.3274077560957158,1.4589803779904766,17.466543927658925,0.0,444,True
breast_mammary_tissue,raw,ENSG00000278520.1,MIR7851,-48.76920939433844,69.6938370594353,-1.080393277291225,4.144720121665206,4162.838323743345,0.8664557697057469,0.0,-1.0,1.4589803779904766,-0.1342782509139353,0.5814506331764764,0.35358324343833136,-0.4887867509410322,1.4589803779904766,21.78564808219685,0.0,514,True
cells_cultured_fibroblasts,excluded_at_or_below_-1,ENSG00000278520.1,MIR7851,-0.18459557861517323,26.47773129479232,-0.4772728243047972,0.6615867262691985,1210.0262517938595,3.1977475788501013,0.0,-0.7852708817574184,1.0186733385764803,-0.28082721322315307,0.3346034705326852,0.7527948632276231,0.2452356039477963,1.0186733385764803,26.318315320370274,0.0,505,True
cells_cultured_fibroblasts,raw,ENSG00000278520.1,MIR7851,-15.183881637533466,1640441672651.3118,-70.56733058027821,14.184472010121212,17530.429253843562,7.137234120938754,0.0,-1.0,1.0186733385764803,-0.4429719979719207,0.4208755560288089,0.3792808267940409,-0.39775693907051135,1.0186733385764803,44.44484906504829,0.0,652,True
cells_ebv-transformed_lymphocytes,excluded_at_or_below_-1,ENSG00000278520.1,MIR7851,0.271964546416366,14.491487501085738,-0.09704210554804792,0.6963811797854585,370.8984201851982,3.1104894524266724,0.0,-0.8294480433616416,1.434612216134704,-0.017686903442149817,0.445279854722505,0.42684393731069387,-0.1874689131836318,1.434612216134704,14.376601791254059,0.0,305,True
cells_ebv-transformed_lymphocytes,raw,ENSG00000278520.1,MIR7851,0.5339421778080201,14.942414947782387,-0.1169236178505828,0.7365251352838745,642.7021885130061,2.979128496523265,0.0,-1.0,1.434612216134704,-0.08377524632983392,0.49561194729669567,0.16541913414464623,-0.2657941493194875,1.434612216134704,14.765699565671625,0.0,327,True
cervix_ectocervix,excluded_at_or_below_-1,ENSG00000278520.1,MIR7851,0.4736844124011107,5.2018445969302345,-0.6703874333595068,0.013353815555233094,15.473685783815553,130.82828803477284,0.0,-0.6975183351156549,0.5649682967125824,-0.13000797865438826,0.4008870687027601,0.1872204286212217,-0.959662486477403,0.5649682967125824,5.199739830559853,0.0,22,True
cervix_ectocervix,raw,ENSG00000278520.1,MIR7851,0.5227360201349383,0.7639888468504868,-0.047981855045766235,0.08929366735836157,22.169201725024838,9.70777036401038,0.0,-1.0,0.5649682967125824,-0.20250731376652256,0.4550462865670266,-0.011549181349926687,-0.8370687169504296,0.5649682967125824,0.7638893509060249,0.0,24,True
cervix_endocervix,excluded_at_or_below_-1,ENSG00000278520.1,MIR7851,0.44736843124775916,12.085014592377147,-0.1685616128201005,0.012175702877901163,15.394738495845862,90.81366201594597,0.0,-0.6916857279942357,0.6133006146251401,-0.16326943558128806,0.3726402538342626,0.6679681043169695,-0.49108855574558596,0.6133006146251401,12.079583906302885,0.0,22,True
cervix_endocervix,raw,ENSG00000278520.1,MIR7851,0.31830578197510534,1.0393387839392452,-0.27816488468455686,0.22480215268139186,18.86463222291093,5.608142913552418,0.0,-1.0,0.6133006146251401,-0.1996490253386234,0.40371873969005706,0.3643124398304642,-0.3052121053616652,0.6133006146251401,1.0393386177178865,0.0,23,True
colon_sigmoid,excluded_at_or_below_-1,ENSG00000278520.1,MIR7851,1.1499365630226248,16.1640654490549,-0.6663562602389276,0.5704124411897076,396.08419831421566,3.8561056062639505,0.0,-0.7965544990926848,0.8889750354554709,-0.3512321255791027,0.3463936112098852,1.1537721165144703,1.1201369350027282,0.8889750354554709,16.154494217466354,0.0,289,True
colon_sigmoid,raw,ENSG00000278520.1,MIR7851,7.410256429465609,190.9951740976559,-0.9823328876098445,0.00892806064775069,2299.435897436068,296.4170102094827,0.0,-1.0,0.8889750354554709,-0.5525204875712666,0.4158839117782255,0.8445607114402013,0.3839057349787338,0.8889750354554709,187.26314232358715,0.0,419,True
colon_transverse,excluded_at_or_below_-1,ENSG00000278520.1,MIR7851,1.096954665853187,19.424063741911084,-0.6006891000428851,0.40783857175618815,667.6746677580807,5.097276260295581,0.0,-0.8678272343254461,0.8692910537022613,-0.44397533055419686,0.29401530868358955,1.1313666586900148,1.4597004250644465,0.8692910537022613,19.42400631423563,0.0,310,True
colon_transverse,raw,ENSG00000278520.1,MIR7851,7.948735404081263,279.03136338199084,-0.976687427657286,7.225433172211755e-05,3119.897435909319,36130.81377913342,,-1.0,0.8692910537022613,-0.6401510490016723,0.35584142908630634,0.8857444728632711,0.4893555683695716,0.8692910537022613,0.0,0.0,479,True
esophagus_gastroesophageal_junction,excluded_at_or_below_-1,ENSG00000278520.1,MIR7851,0.12406296330002449,13.706567341471297,-0.6263155907505438,0.741080567375127,422.8116221324763,2.876943309578619,0.0,-0.8143097596241615,0.8812691453136163,-0.3153403723931886,0.34658019584779814,0.7698341756311017,-0.011743831343237865,0.8812691453136163,13.487936423764985,0.0,276,True
esophagus_gastroesophageal_junction,raw,ENSG00000278520.1,MIR7851,7.076923088518408,155.19000811582063,-0.9806698712538642,0.008243861264851942,1660.7692307694372,319.4109319583079,0.0,-1.0,0.8812691453136163,-0.5311015949888835,0.42847627571251856,0.6287336202065937,-0.38311719138484346,0.8812691453136163,154.65152160781503,0.0,403,True
esophagus_mucosa,excluded_at_or_below_-1,ENSG00000278520.1,MIR7851,1.3945765269141717,19.954522684802903,-0.6230156140687347,0.3890004560589501,710.9116820313909,4.720038347456251,0.0,-0.8214306712641897,0.6753010748867763,-0.4424785589843857,0.2875096262153299,1.3152459461862722,1.806320493048502,0.6753010748867763,19.95409654718999,0.0,337,True
esophagus_mucosa,raw,ENSG00000278520.1,MIR7851,8.641025666168161,356.8818113825813,-0.9756528307461291,0.006378961435352074,3754.9743589746863,366.01591463768136,0.0,-1.0,0.6753010748867763,-0.6939988182047849,0.34985705472467293,1.1006989280796542,0.912459324286599,0.6753010748867763,350.97200276888225,0.0,614,True
esophagus_muscularis,excluded_at_or_below_-1,ENSG00000278520.1,MIR7851,1.248538593220128,21.641417210325095,-0.49728263211606705,0.47833082254955117,855.0187953697866,4.255636233737689,0.0,-0.8533369584164093,0.942105331848596,-0.34760452977936834,0.33215501112635865,0.9689216822420254,0.7199662013501555,0.942105331848596,21.638851643168017,0.0,399,True
esophagus_muscularis,raw,ENSG00000278520.1,MIR7851,10.23076923076923,329.3599704972676,-0.9815192776274934,0.006584244238678387,4142.923076923078,413.17058010317453,0.0,-1.0,0.942105331848596,-0.5359968046024385,0.40740846273523573,0.671740025472115,-0.014729591886422977,0.942105331848596,322.2489255675098,0.0,561,True
fallopian_tube,excluded_at_or_below_-1,ENSG00000278520.1,MIR7851,0.31393614910302253,0.8488326310558133,0.12297118515141142,0.43207813575247167,13.52390520385248,3.564842530797382,0.0,-0.716114962078956,1.2121210532755722,0.0670888684298773,0.4710934782423832,0.2815076969667718,-0.0772941636485962,1.2121210532755722,0.8473504597535806,0.0,26,True
fallopian_tube,raw,ENSG00000278520.1,MIR7851,0.4647695573299202,0.8979991321289028,0.1670588992352423,0.36167214942143316,28.073975256501896,4.086411060765771,0.00020649573511560213,-1.0,1.2121210532755722,-0.04329963520079967,0.554555148621808,-0.007050193997363679,-0.37890044975069204,1.2121210532755722,0.8979721158537411,0.00018542741217653091,29,True
heart_atrial_appendage,excluded_at_or_below_-1,ENSG00000278520.1,MIR7851,1.2436420642251556,17.03388564180144,-0.7078898633525407,0.2856343880049363,450.8662666689684,5.935106180418317,0.0,-0.8858835526208967,0.4908473476973827,-0.566864752067424,0.24095019804301232,1.3209775642134254,1.8263642286994672,0.4908473476973827,17.033668782889023,0.0,253,True
heart_atrial_appendage,raw,ENSG00000278520.1,MIR7851,6.487179487179483,229.37179012649446,-0.9841082037598311,0.007624857267661848,2381.743589747065,273.5660579005065,0.0,-1.0,0.4908473476973827,-0.7622923693558749,0.2799299237437104,1.2222528382523405,1.2938259522122841,0.4908473476973827,225.7761651018893,0.0,461,True
heart_left_ventricle,excluded_at_or_below_-1,ENSG00000278520.1,MIR7851,0.5133474155524085,12.836805527186486,-0.879374709779971,0.3882817686644561,243.74084029728047,3.8124465571713353,0.0,-0.8876014470508187,0.1673579277385142,-0.6357136425045653,0.20226392829856618,1.1839870521077769,1.221516448138094,0.1673579277385142,12.827817609174614,0.0,192,True
heart_left_ventricle,raw,ENSG00000278520.1,MIR7851,4.923076909682744,467.8445241767694,-0.9903533210527281,0.0063496739000767025,1200.7692307707498,257.8480367838559,0.0,-1.0,0.1673579277385142,-0.8452588923913198,0.2232106102975729,1.5133115864898203,1.909993854594009,0.1673579277385142,467.7341290325976,0.0,452,True
kidney_cortex,excluded_at_or_below_-1,ENSG00000278520.1,MIR7851,0.11083932021815629,58.15500980944106,-3.129871811835302,1.4003561965345577,65.83649628989849,3.647974832546795,0.0,-0.8930527479996123,0.482357838251531,-0.5348442569909706,0.31946850638892055,1.2277026539595017,1.0715640903983745,0.482357838251531,4.459360232027175,0.0,54,True
kidney_cortex,raw,ENSG00000278520.1,MIR7851,1.3846153820681775,52.29775332880325,-0.980434655664896,0.0038335806941899382,99.23076923076924,539.6263047154417,0.0,-1.0,0.482357838251531,-0.7584768257453116,0.3271898781750116,1.5681765577660989,2.144772716267391,0.482357838251531,52.105871199589764,0.0,104,True
kidney_medulla,excluded_at_or_below_-1,ENSG00000278520.1,MIR7851,,,,,,,,,,,,,,,,,4,False
kidney_medulla,raw,ENSG00000278520.1,MIR7851,0.10256410256410257,7.970254346820304,-0.9887843708048092,0.0015790013954641185,5.589743589753623,750.549473838216,0.0,-1.0,-0.150778925172725,-0.7838308023655872,0.3187866608831823,0.9167723670111396,-0.7455542750662407,-0.150778925172725,7.919486661672826,0.0,11,True
liver,excluded_at_or_below_-1,ENSG00000278520.1,MIR7851,0.7797261369618975,8.553640871013128,-0.7340019880364805,0.11587258382380829,67.1651330093483,10.678608526561375,0.0,-0.857846695487241,0.1409422173770858,-0.6264918809207519,0.20524358665396433,1.8508529417914958,3.5135572433448647,0.1409422173770858,8.553508928421389,0.0,97,True
liver,raw,ENSG00000278520.1,MIR7851,2.4871794964276503,167.03996737091302,-0.9847483018195622,0.0059720283290592546,475.74359023129216,266.57053710485087,0.0,-1.0,0.1409422173770858,-0.8617164597302021,0.21942320239065474,1.8924635503159752,4.028153874420464,0.1409422173770858,167.03908334350615,0.0,262,True
lung,excluded_at_or_below_-1,ENSG00000278520.1,MIR7851,1.5795028990163922,24.890020279802027,-0.3136439007539367,0.636275936166614,1647.5076292331187,4.271715655773267,0.0,-0.8577159693423865,1.608265173115956,-0.12627753236338468,0.45952725429543284,0.9639907588057831,0.7511721229158894,1.608265173115956,24.887280205460556,0.0,467,True
lung,raw,ENSG00000278520.1,MIR7851,-1.4155535607237633,6966220801054.417,-48.065285141318455,9.292732590766413,14148.366107656577,7.559564192743193,0.0,-1.0,1.608265173115956,-0.32445630399619313,0.5452426456385224,0.6496580750392615,0.09627076094515763,1.608265173115956,47.71075335182014,0.0,604,True
minor_salivary_gland,excluded_at_or_below_-1,ENSG00000278520.1,MIR7851,-0.32807094603696824,8.141713960792151,-0.5159537698238471,0.8967295307155854,225.03370377200162,2.753269955544095,0.0,-0.7881704070629805,1.2298493683000866,-0.20820120350128032,0.3949433206584521,0.7181061513070268,0.21234612329979097,1.2298493683000866,7.957788044577168,0.0,157,True
minor_salivary_gland,raw,ENSG00000278520.1,MIR7851,-1.3000797620571631,9.41918219763813,-0.6196977759427117,1.1713404535343852,675.3990439728252,2.2330439008950433,0.0,-1.0,1.2298493683000866,-0.31319109916961885,0.45573178275016346,0.4090348911059249,-0.1544337246256049,1.2298493683000866,8.64076382107933,0.0,181,True
muscle_skeletal,excluded_at_or_below_-1,ENSG00000278520.1,MIR7851,2.473833608778911,41.63731386234955,-0.7256929591979381,0.13971578967938017,680.1740475200169,16.530582349964437,0.0,-0.8546225261453404,0.9074291012423188,-0.5781119814282494,0.26567305843016714,2.2662433143085488,6.681560890039895,0.9074291012423188,41.63677360890623,0.0,311,True
muscle_skeletal,raw,ENSG00000278520.1,MIR7851,8.184873538241344,476.2317927157804,-0.9761628171617065,0.0172246816475914,7674.413413572044,154.65024500791395,0.0,-1.0,0.9074291012423188,-0.8396000320589067,0.2622508307002879,2.2941431890206836,7.214942196957709,0.9074291012423188,472.40729661348695,0.0,818,True
nerve_tibial,excluded_at_or_below_-1,ENSG00000278520.1,MIR7851,0.151198475174977,29.285081625061956,-0.10459571177301218,0.9238782909353191,1121.2287401735662,3.1170424090515434,0.0,-0.8052094272835917,1.9317076374998572,0.07505023492508915,0.5326639526472647,0.6524131452386648,0.12150025865436209,1.9317076374998572,29.05756755582131,0.0,607,True
nerve_tibial,raw,ENSG00000278520.1,MIR7851,-0.8875353150140332,31.43217253927266,-0.18499864433672455,1.0891989445128787,3837.1215450389477,2.748326874914839,0.0,-1.0,1.9317076374998572,-0.02603657820965805,0.5963336817450651,0.3827943133265272,-0.11791216805258875,1.9317076374998572,30.71225210271487,0.0,670,True
ovary,excluded_at_or_below_-1,ENSG00000278520.1,MIR7851,-0.5485924289908186,7.87665631426095,-0.10885024144011385,0.9507181430828949,174.81686490182253,2.3150922339849367,0.0,-0.719057935079219,1.4474919181319112,0.053037135957442215,0.4690166266225313,0.45140754561111723,-0.3119494314229492,1.4474919181319112,7.336504233658386,0.0,176,True
ovary,raw,ENSG00000278520.1,MIR7851,-0.13805752712096087,8.257126818054605,-0.09275779706685634,0.9094202490346576,438.56524213276344,2.3951985223416576,0.0,-1.0,1.4474919181319112,-0.03971743042222887,0.5385480519787131,0.1312426296996157,-0.3794603186338361,1.4474919181319112,7.78824792252892,0.0,193,True
pancreas,excluded_at_or_below_-1,ENSG00000278520.1,MIR7851,1.3997306049902483,16.177269745597627,-0.69324137538564,0.29094173230977494,346.46356399411843,5.979310971342592,0.0,-0.881742615325924,0.5368635665455495,-0.5416765940545348,0.2526129605267909,1.2345510139394922,1.48931248942388,0.5368635665455495,16.17709259361106,0.0,249,True
pancreas,raw,ENSG00000278520.1,MIR7851,6.3846153886740815,434.507016684187,-0.9940158573729251,0.011158667376280938,2145.2307736364746,194.01872738543673,0.0,-1.0,0.5368635665455495,-0.6847443975678983,0.2984398943496449,0.9294717703087239,0.6760851005246016,0.5368635665455495,431.97708301758036,0.0,362,True
pituitary,excluded_at_or_below_-1,ENSG00000278520.1,MIR7851,0.3867148302022651,12.947555745613126,-0.4377839155455571,0.7319582480290747,327.5293632926922,3.3930501584169774,0.0,-0.8024641895333178,1.3183660150647492,-0.19493237809066072,0.41232053251544937,0.866267333877349,0.5071603274670435,1.3183660150647492,12.906609192987375,0.0,256,True
pituitary,raw,ENSG00000278520.1,MIR7851,-20.749800036038593,19519.281250792403,-42.592578773983014,16.70971607547073,2643.3121293238855,3.716367972789635,0.0,-1.0,1.3183660150647492,-0.3415421367131282,0.485587053974644,0.5342766861578038,-0.03700959002472404,1.3183660150647492,20.222399950567162,0.0,313,True
prostate,excluded_at_or_below_-1,ENSG00000278520.1,MIR7851,-0.2786337447932249,8.321234285917336,-0.6139763732530347,0.9068660207797857,331.82620091872644,2.1631666022645972,0.0,-0.835167391626926,0.7731566178827782,-0.27536524019718156,0.37522164947473235,0.5929515667177921,-0.5176098046328708,0.7731566178827782,7.5193742108978725,0.0,195,True
prostate,raw,ENSG00000278520.1,MIR7851,5.000000005807543,96.8669382543042,-0.9778124198884912,5.664614994066238e-05,686.0,43714.253538950084,,-1.0,0.7731566178827782,-0.4989227724767745,0.45784204286780517,0.5799700341345804,-0.6364852671787866,0.7731566178827782,0.0,0.0,282,True
skin_not_sun_exposed_suprapubic,excluded_at_or_below_-1,ENSG00000278520.1,MIR7851,-0.304296858439106,30.978307313865525,-0.16042830714447182,0.8966319905116985,1433.1826120259316,3.363411455663635,0.0,-0.8531493039908123,1.972023529437426,-0.006306373419745546,0.502169580685982,0.5866621732901541,0.12808379992319185,1.972023529437426,30.87000754002832,0.0,589,True
skin_not_sun_exposed_suprapubic,raw,ENSG00000278520.1,MIR7851,-1.6920523021889142,33.077583560519244,-0.281019734803399,1.1145984426989104,3477.1229060438436,2.8586836468095123,0.0,-1.0,1.972023529437426,-0.10094386166548405,0.5597642844459807,0.36155354597880063,-0.146638613293395,1.972023529437426,32.52168544008905,0.0,651,True
skin_sun_exposed_lower_leg,excluded_at_or_below_-1,ENSG00000278520.1,MIR7851,1.6167241565122212,32.43030223602217,-0.11370280865302144,0.7627674632258781,1008.861307827121,3.4098213969293667,0.0,-0.8184928514998138,1.725411796233626,0.03486781803183214,0.5039028477961877,0.655826424106701,0.14387969204160944,1.725411796233626,32.333426389700215,0.0,688,True
skin_sun_exposed_lower_leg,raw,ENSG00000278520.1,MIR7851,0.9779290902220062,34.0650853383962,-0.16841576785440052,0.8910692129619593,4464.3590777660265,3.0056886569187613,0.0,-1.0,1.725411796233626,-0.05571742863938924,0.5633062915284718,0.37137513757848545,-0.08079637922878735,1.725411796233626,33.69301823333341,0.0,754,True
small_intestine_terminal_ileum,excluded_at_or_below_-1,ENSG00000278520.1,MIR7851,1.1976703567912494,6.047536604592844,-0.485271374396462,0.5064236524087713,87.46686255170954,3.907027866475868,0.0,-0.8123133197465815,0.9138181088661548,-0.24023676263198437,0.40262011130400593,0.8081034207842797,-0.08286189812955369,0.9138181088661548,6.044559735145386,0.0,151,True
small_intestine_terminal_ileum,raw,ENSG00000278520.1,MIR7851,3.8717948608840542,57.31436715329686,-0.9761373862980975,0.00019520766266855423,346.3589751276718,13692.089014359182,,-1.0,0.9138181088661548,-0.44577657563975676,0.4821867852971269,0.6361537390659284,-0.3271214239715041,0.9138181088661548,0.0,0.0,207,True
spleen,excluded_at_or_below_-1,ENSG00000278520.1,MIR7851,0.7769868950598763,10.060829514190564,-0.8169280126297632,0.6720772017365376,215.52088196425518,3.3797079097572715,0.0,-0.7724080062441929,0.789211749504173,-0.3386539139172474,0.3416555895151659,0.9479799281266555,0.2292520699462437,0.789211749504173,9.983490916998614,0.0,173,True
spleen,raw,ENSG00000278520.1,MIR7851,4.435897449422664,106.60858653609073,-0.9792862785850727,0.006316119993415175,793.5897435897446,395.9763112419208,0.0,-1.0,0.789211749504173,-0.5869571375728656,0.4191364239725575,0.826175681867071,-0.045409441696212305,0.789211749504173,106.50674424603511,0.0,277,True
stomach,excluded_at_or_below_-1,ENSG00000278520.1,MIR7851,0.4731909165131186,18.722916854710835,-0.5686574396893738,0.5276022734449508,182.34141417743996,4.258553809892453,0.0,-0.7853280692523145,1.0200861075841194,-0.36408390061221546,0.30857310591441217,1.1650335936069434,1.7302908369897922,1.0200861075841194,18.720749573737393,0.0,298,True
stomach,raw,ENSG00000278520.1,MIR7851,7.386872814972316,2135966389820.3562,-2.4449859668700746,0.2957589215191312,6847.927696731472,16.568737460642982,0.0,-1.0,1.0200861075841194,-0.5343906692443248,0.3861940079886214,0.6451077638360336,0.3192687946785653,1.0200861075841194,91.8344968688315,0.0,407,True
testis,excluded_at_or_below_-1,ENSG00000278520.1,MIR7851,-0.6867462224273261,19.680045229956182,-0.23366688824224938,0.7828516914882792,549.7129075012406,3.075982628371388,0.0,-0.7516594793092396,1.46907325488602,-0.09445588049039759,0.39844369212063974,0.4653298137872224,-0.22862155770444836,1.46907325488602,19.506449826150405,0.0,378,True
testis,raw,ENSG00000278520.1,MIR7851,-0.39895349796119234,21.16197119850721,-0.21594999501526194,0.7642935508933819,1698.087935686055,3.117889363502958,0.0,-1.0,1.46907325488602,-0.17319884740427605,0.4584554230817849,0.12725681179689116,-0.3177678469125369,1.46907325488602,20.9980293391118,0.0,414,True
thyroid,excluded_at_or_below_-1,ENSG00000278520.1,MIR7851,-0.5967005606257318,29.30722623981815,-0.22872216639323084,0.9405621906535578,797.2116393694367,3.195178263263526,0.0,-0.7669255253198126,1.896320293092764,-0.010159068218806494,0.48107511874889475,0.6620616417810151,0.2595560388128302,1.896320293092764,29.129362767835136,0.0,556,True
thyroid,raw,ENSG00000278520.1,MIR7851,-61.086572372421784,40176.8499501276,-61.96069516261513,24.953868865345665,12622.084631884281,3.618976191525302,0.0,-1.0,1.896320293092764,-0.195392458961486,0.5807917930371126,0.36728142700827365,-0.322842890238598,1.896320293092764,45.28944581219534,0.0,684,True
uterus,excluded_at_or_below_-1,ENSG00000278520.1,MIR7851,0.7372095162891107,4.560577891982086,-0.23577985142703164,0.6898624647843586,101.65961928880567,3.21804225127693,0.0,-0.7837748668258385,1.3340018408945071,-0.014260498700098725,0.4857116481287193,0.6806037143954724,-0.17825127819921782,1.3340018408945071,4.5348569196831034,0.0,121,True
uterus,raw,ENSG00000278520.1,MIR7851,2.949559413367635,2214291.003426312,-3.880525665164845,0.8338634966023724,698.9260817371862,8.843720285735444,0.0,-1.0,1.3340018408945071,-0.220428237534065,0.5899400414833151,0.4092239601598859,-0.5050994094732637,1.3340018408945071,14.546272361048981,0.0,153,True
vagina,excluded_at_or_below_-1,ENSG00000278520.1,MIR7851,0.06451781168813116,7.363970641035483,-1.4273320848438025,1.5408514727714646,152.0202336392869,2.03896979880357,0.0,-0.7376329949709528,0.7942203744262553,-0.1791761634488883,0.4009769195702309,0.5681439838634509,-0.6549320176435733,0.7942203744262553,5.105795880293288,0.0,130,True
vagina,raw,ENSG00000278520.1,MIR7851,3.3333333300466608,54.48850197336626,-0.9838115918587798,0.00991345019600771,308.66666666772187,253.64700193539386,0.0,-1.0,0.7942203744262553,-0.37231118381385575,0.49464480654268866,0.38093922677357234,-0.7700227681953535,0.7942203744262553,53.680631793461046,0.0,170,True
whole_blood,excluded_at_or_below_-1,ENSG00000278520.1,MIR7851,1.3384570328165348,12.622478968038983,-0.5911950596759007,0.14315086349727033,153.6067266427594,11.683232213266017,0.0,-0.7920621819412813,0.5914161273938274,-0.44338708634392526,0.2652317642452752,1.5391881854181055,2.347949401508216,0.5914161273938274,12.622475763211119,0.0,144,True
whole_blood,raw,ENSG00000278520.1,MIR7851,4.263257321198727,627.8870594512485,-0.9801206124744178,0.016081013911228015,1715.5461548109201,138.20574893834868,0.0,-1.0,0.5914161273938274,-0.9001839855959219,0.24123810872546272,2.750419197879008,8.11990616356691,0.5914161273938274,623.9099852191629,0.0,803,True
adipose_subcutaneous,excluded_at_or_below_-1,ENSG00000275455.1,MIR7852,,,,,,,,,,,,,,,,,0,False
adipose_subcutaneous,raw,ENSG00000275455.1,MIR7852,0.0,714.0,-0.9875,1.0001e-06,0.0,-17675.90193946968,0.0,-1.0,-1.0,-1.0,0.0,,,-1.0,5.83115986411798e-187,0.0,714,True
adipose_visceral_omentum,excluded_at_or_below_-1,ENSG00000275455.1,MIR7852,,,,,,,,,,,,,,,,,0,False
adipose_visceral_omentum,raw,ENSG00000275455.1,MIR7852,0.0,587.0,-0.9875,1.0001e-06,0.0,-17675.90193946968,0.0,-1.0,-1.0,-1.0,0.0,,,-1.0,4.793964762237051e-187,0.0,587,True
adrenal_gland,excluded_at_or_below_-1,ENSG00000275455.1,MIR7852,,,,,,,,,,,,,,,,,1,False
adrenal_gland,raw,ENSG00000275455.1,MIR7852,0.025641025641025644,313.4622947815288,-0.9944632177824845,0.000408922245005755,0.9743589743589764,1541.3842038240277,0.0,-1.0,-0.5487693665748523,-0.9984704046324571,0.026271663186417073,17.088107015130266,290.0034013605442,-0.5487693665748523,206.85708150240708,0.0,295,True
artery_aorta,excluded_at_or_below_-1,ENSG00000275455.1,MIR7852,,,,,,,,,,,,,,,,,0,False
artery_aorta,raw,ENSG00000275455.1,MIR7852,0.0,472.0,-0.9875,1.0001e-06,0.0,-17675.90193946968,0.0,-1.0,-1.0,-1.0,0.0,,,-1.0,3.8547723471480207e-187,0.0,472,True
artery_coronary,excluded_at_or_below_-1,ENSG00000275455.1,MIR7852,,,,,,,,,,,,,,,,,0,False
artery_coronary,raw,ENSG00000275455.1,MIR7852,0.0,268.0,-0.9875,1.0001e-06,0.0,-17675.90193946968,0.0,-1.0,-1.0,-1.0,0.0,,,-1.0,2.1887266716857407e-187,0.0,268,True
artery_tibial,excluded_at_or_below_-1,ENSG00000275455.1,MIR7852,,,,,,,,,,,,,,,,,0,False
artery_tibial,raw,ENSG00000275455.1,MIR7852,0.0,691.0,-0.9875,1.0001e-06,0.0,-17675.90193946968,0.0,-1.0,-1.0,-1.0,0.0,,,-1.0,5.643321381100175e-187,0.0,691,True
bladder,excluded_at_or_below_-1,ENSG00000275455.1,MIR7852,,,,,,,,,,,,,,,,,0,False
bladder,raw,ENSG00000275455.1,MIR7852,0.0,77.0,-0.9875,1.0001e-06,0.0,-17675.90193946968,0.0,-1.0,-1.0,-1.0,0.0,,,-1.0,6.288505735813509e-188,0.0,77,True
brain_amygdala,excluded_at_or_below_-1,ENSG00000275455.1,MIR7852,,,,,,,,,,,,,,,,,0,False
brain_amygdala,raw,ENSG00000275455.1,MIR7852,0.0,181.0,-0.9875,1.0001e-06,0.0,-17675.90193946968,0.0,-1.0,-1.0,-1.0,0.0,,,-1.0,1.478207192444474e-187,0.0,181,True
brain_anterior_cingulate_cortex_ba24,excluded_at_or_below_-1,ENSG00000275455.1,MIR7852,,,,,,,,,,,,,,,,,0,False
brain_anterior_cingulate_cortex_ba24,raw,ENSG00000275455.1,MIR7852,0.0,233.0,-0.9875,1.0001e-06,0.0,-17675.90193946968,0.0,-1.0,-1.0,-1.0,0.0,,,-1.0,1.9028855018760357e-187,0.0,233,True
brain_caudate_basal_ganglia,excluded_at_or_below_-1,ENSG00000275455.1,MIR7852,,,,,,,,,,,,,,,,,0,False
brain_caudate_basal_ganglia,raw,ENSG00000275455.1,MIR7852,0.0,300.0,-0.9875,1.0001e-06,0.0,-17675.90193946968,0.0,-1.0,-1.0,-1.0,0.0,,,-1.0,2.450067169797471e-187,0.0,300,True
brain_cerebellar_hemisphere,excluded_at_or_below_-1,ENSG00000275455.1,MIR7852,,,,,,,,,,,,,,,,,0,False
brain_cerebellar_hemisphere,raw,ENSG00000275455.1,MIR7852,0.0,277.0,-0.9875,1.0001e-06,0.0,-17675.90193946968,0.0,-1.0,-1.0,-1.0,0.0,,,-1.0,2.2622286867796648e-187,0.0,277,True
brain_cerebellum,excluded_at_or_below_-1,ENSG00000275455.1,MIR7852,,,,,,,,,,,,,,,,,0,False
brain_cerebellum,raw,ENSG00000275455.1,MIR7852,0.0,266.0,-0.9875,1.0001e-06,0.0,-17675.90193946968,0.0,-1.0,-1.0,-1.0,0.0,,,-1.0,2.1723928905537574e-187,0.0,266,True
brain_cortex,excluded_at_or_below_-1,ENSG00000275455.1,MIR7852,,,,,,,,,,,,,,,,,0,False
brain_cortex,raw,ENSG00000275455.1,MIR7852,0.0,270.0,-0.9875,1.0001e-06,0.0,-17675.90193946968,0.0,-1.0,-1.0,-1.0,0.0,,,-1.0,2.2050604528177237e-187,0.0,270,True
brain_frontal_cortex_ba9,excluded_at_or_below_-1,ENSG00000275455.1,MIR7852,,,,,,,,,,,,,,,,,0,False
brain_frontal_cortex_ba9,raw,ENSG00000275455.1,MIR7852,0.0,269.0,-0.9875,1.0001e-06,0.0,-17675.90193946968,0.0,-1.0,-1.0,-1.0,0.0,,,-1.0,2.196893562251732e-187,0.0,269,True
brain_hippocampus,excluded_at_or_below_-1,ENSG00000275455.1,MIR7852,,,,,,,,,,,,,,,,,1,False
brain_hippocampus,raw,ENSG00000275455.1,MIR7852,0.02564102564102562,295.56823715163523,-0.9949180285582897,0.0008701790850050976,0.9743589743589745,608.417164825325,0.0,-1.0,-0.6205531476977968,-0.9985119731282266,0.023761883608743865,15.874631869995401,250.0039370078737,-0.6205531476977968,295.48916436395206,0.0,255,True
brain_hypothalamus,excluded_at_or_below_-1,ENSG00000275455.1,MIR7852,,,,,,,,,,,,,,,,,0,False
brain_hypothalamus,raw,ENSG00000275455.1,MIR7852,0.0,257.0,-0.9875,1.0001e-06,0.0,-17675.90193946968,0.0,-1.0,-1.0,-1.0,0.0,,,-1.0,2.0988908754598334e-187,0.0,257,True
brain_nucleus_accumbens_basal_ganglia,excluded_at_or_below_-1,ENSG00000275455.1,MIR7852,,,,,,,,,,,,,,,,,0,False
brain_nucleus_accumbens_basal_ganglia,raw,ENSG00000275455.1,MIR7852,0.0,285.0,-0.9875,1.0001e-06,0.0,-17675.90193946968,0.0,-1.0,-1.0,-1.0,0.0,,,-1.0,2.3275638113075975e-187,0.0,285,True
brain_putamen_basal_ganglia,excluded_at_or_below_-1,ENSG00000275455.1,MIR7852,,,,,,,,,,,,,,,,,0,False
brain_putamen_basal_ganglia,raw,ENSG00000275455.1,MIR7852,0.0,254.0,-0.9875,1.0001e-06,0.0,-17675.90193946968,0.0,-1.0,-1.0,-1.0,0.0,,,-1.0,2.0743902037618585e-187,0.0,254,True
brain_spinal_cord_cervical_c-1,excluded_at_or_below_-1,ENSG00000275455.1,MIR7852,,,,,,,,,,,,,,,,,0,False
brain_spinal_cord_cervical_c-1,raw,ENSG00000275455.1,MIR7852,0.0,204.0,-0.9875,1.0001e-06,0.0,-17675.90193946968,0.0,-1.0,-1.0,-1.0,0.0,,,-1.0,1.6660456754622802e-187,0.0,204,True
brain_substantia_nigra,excluded_at_or_below_-1,ENSG00000275455.1,MIR7852,,,,,,,,,,,,,,,,,0,False
brain_substantia_nigra,raw,ENSG00000275455.1,MIR7852,0.0,183.0,-0.9875,1.0001e-06,0.0,-17675.90193946968,0.0,-1.0,-1.0,-1.0,0.0,,,-1.0,1.4945409735764572e-187,0.0,183,True
breast_mammary_tissue,excluded_at_or_below_-1,ENSG00000275455.1,MIR7852,,,,,,,,,,,,,,,,,0,False
breast_mammary_tissue,raw,ENSG00000275455.1,MIR7852,0.0,514.0,-0.9875,1.0001e-06,0.0,-17675.90193946968,0.0,-1.0,-1.0,-1.0,0.0,,,-1.0,4.1977817509196667e-187,0.0,514,True
cells_cultured_fibroblasts,excluded_at_or_below_-1,ENSG00000275455.1,MIR7852,,,,,,,,,,,,,,,,,0,False
cells_cultured_fibroblasts,raw,ENSG00000275455.1,MIR7852,0.0,652.0,-0.9875,1.0001e-06,0.0,-17675.90193946968,0.0,-1.0,-1.0,-1.0,0.0,,,-1.0,5.324812649026503e-187,0.0,652,True
cells_ebv-transformed_lymphocytes,excluded_at_or_below_-1,ENSG00000275455.1,MIR7852,,,,,,,,,,,,,,,,,0,False
cells_ebv-transformed_lymphocytes,raw,ENSG00000275455.1,MIR7852,0.0,327.0,-0.9875,1.0001e-06,0.0,-17675.90193946968,0.0,-1.0,-1.0,-1.0,0.0,,,-1.0,2.670573215079243e-187,0.0,327,True
cervix_ectocervix,excluded_at_or_below_-1,ENSG00000275455.1,MIR7852,,,,,,,,,,,,,,,,,0,False
cervix_ectocervix,raw,ENSG00000275455.1,MIR7852,0.0,24.0,-0.9875,1.0001e-06,0.0,-17675.90193946968,0.0,-1.0,-1.0,-1.0,0.0,,,-1.0,1.9600537358379766e-188,0.0,24,True
cervix_endocervix,excluded_at_or_below_-1,ENSG00000275455.1,MIR7852,,,,,,,,,,,,,,,,,0,False
cervix_endocervix,raw,ENSG00000275455.1,MIR7852,0.0,23.0,-0.9875,1.0001e-06,0.0,-17675.90193946968,0.0,-1.0,-1.0,-1.0,0.0,,,-1.0,1.878384830178061e-188,0.0,23,True
colon_sigmoid,excluded_at_or_below_-1,ENSG00000275455.1,MIR7852,,,,,,,,,,,,,,,,,2,False
colon_sigmoid,raw,ENSG00000275455.1,MIR7852,0.05263166885165313,388.46328461423735,-0.9945734778308205,0.004498126107590225,816.6999363264503,134.74943929362044,0.0,-1.0,-0.5659819362162077,-0.9979407925043862,0.029770081382408446,14.371077613818509,204.53563664805262,-0.5659819362162077,386.0576389529525,0.0,419,True
colon_transverse,excluded_at_or_below_-1,ENSG00000275455.1,MIR7852,,,,,,,,,,,,,,,,,0,False
colon_transverse,raw,ENSG00000275455.1,MIR7852,0.0,479.0,-0.9875,1.0001e-06,0.0,-17675.90193946968,0.0,-1.0,-1.0,-1.0,0.0,,,-1.0,3.911940581109962e-187,0.0,479,True
esophagus_gastroesophageal_junction,excluded_at_or_below_-1,ENSG00000275455.1,MIR7852,,,,,,,,,,,,,,,,,0,False
esophagus_gastroesophageal_junction,raw,ENSG00000275455.1,MIR7852,0.0,403.0,-0.9875,1.0001e-06,0.0,-17675.90193946968,0.0,-1.0,-1.0,-1.0,0.0,,,-1.0,3.2912568980946026e-187,0.0,403,True
esophagus_mucosa,excluded_at_or_below_-1,ENSG00000275455.1,MIR7852,,,,,,,,,,,,,,,,,0,False
esophagus_mucosa,raw,ENSG00000275455.1,MIR7852,0.0,614.0,-0.9875,1.0001e-06,0.0,-17675.90193946968,0.0,-1.0,-1.0,-1.0,0.0,,,-1.0,5.014470807518823e-187,0.0,614,True
esophagus_muscularis,excluded_at_or_below_-1,ENSG00000275455.1,MIR7852,,,,,,,,,,,,,,,,,0,False
esophagus_muscularis,raw,ENSG00000275455.1,MIR7852,0.0,561.0,-0.9875,1.0001e-06,0.0,-17675.90193946968,0.0,-1.0,-1.0,-1.0,0.0,,,-1.0,4.5816256075212706e-187,0.0,561,True
fallopian_tube,excluded_at_or_below_-1,ENSG00000275455.1,MIR7852,,,,,,,,,,,,,,,,,0,False
fallopian_tube,raw,ENSG00000275455.1,MIR7852,0.0,29.0,-0.9875,1.0001e-06,0.0,-17675.90193946968,0.0,-1.0,-1.0,-1.0,0.0,,,-1.0,2.368398264137555e-188,0.0,29,True
heart_atrial_appendage,excluded_at_or_below_-1,ENSG00000275455.1,MIR7852,,,,,,,,,,,,,,,,,0,False
heart_atrial_appendage,raw,ENSG00000275455.1,MIR7852,0.0,461.0,-0.9875,1.0001e-06,0.0,-17675.90193946968,0.0,-1.0,-1.0,-1.0,0.0,,,-1.0,3.7649365509221136e-187,0.0,461,True
heart_left_ventricle,excluded_at_or_below_-1,ENSG00000275455.1,MIR7852,,,,,,,,,,,,,,,,,0,False
heart_left_ventricle,raw,ENSG00000275455.1,MIR7852,0.0,452.0,-0.9875,1.0001e-06,0.0,-17675.90193946968,0.0,-1.0,-1.0,-1.0,0.0,,,-1.0,3.6914345358281893e-187,0.0,452,True
kidney_cortex,excluded_at_or_below_-1,ENSG00000275455.1,MIR7852,,,,,,,,,,,,,,,,,0,False
kidney_cortex,raw,ENSG00000275455.1,MIR7852,0.0,104.0,-0.9875,1.0001e-06,0.0,-17675.90193946968,0.0,-1.0,-1.0,-1.0,0.0,,,-1.0,8.493566188631232e-188,0.0,104,True
kidney_medulla,excluded_at_or_below_-1,ENSG00000275455.1,MIR7852,,,,,,,,,,,,,,,,,0,False
kidney_medulla,raw,ENSG00000275455.1,MIR7852,0.0,11.0,-0.9875,1.0001e-06,0.0,-17675.90193946968,0.0,-1.0,-1.0,-1.0,0.0,,,-1.0,8.983579622590726e-189,0.0,11,True
liver,excluded_at_or_below_-1,ENSG00000275455.1,MIR7852,,,,,,,,,,,,,,,,,0,False
liver,raw,ENSG00000275455.1,MIR7852,0.0,262.0,-0.9875,1.0001e-06,0.0,-17675.90193946968,0.0,-1.0,-1.0,-1.0,0.0,,,-1.0,2.1397253282897912e-187,0.0,262,True
lung,excluded_at_or_below_-1,ENSG00000275455.1,MIR7852,,,,,,,,,,,,,,,,,0,False
lung,raw,ENSG00000275455.1,MIR7852,0.0,604.0,-0.9875,1.0001e-06,0.0,-17675.90193946968,0.0,-1.0,-1.0,-1.0,0.0,,,-1.0,4.932801901858908e-187,0.0,604,True
minor_salivary_gland,excluded_at_or_below_-1,ENSG00000275455.1,MIR7852,,,,,,,,,,,,,,,,,0,False
minor_salivary_gland,raw,ENSG00000275455.1,MIR7852,0.0,181.0,-0.9875,1.0001e-06,0.0,-17675.90193946968,0.0,-1.0,-1.0,-1.0,0.0,,,-1.0,1.478207192444474e-187,0.0,181,True
muscle_skeletal,excluded_at_or_below_-1,ENSG00000275455.1,MIR7852,,,,,,,,,,,,,,,,,0,False
muscle_skeletal,raw,ENSG00000275455.1,MIR7852,0.0,818.0,-0.9875,1.0001e-06,0.0,-17675.90193946968,0.0,-1.0,-1.0,-1.0,0.0,,,-1.0,6.680516482981104e-187,0.0,818,True
nerve_tibial,excluded_at_or_below_-1,ENSG00000275455.1,MIR7852,,,,,,,,,,,,,,,,,0,False
nerve_tibial,raw,ENSG00000275455.1,MIR7852,0.0,670.0,-0.9875,1.0001e-06,0.0,-17675.90193946968,0.0,-1.0,-1.0,-1.0,0.0,,,-1.0,5.471816679214351e-187,0.0,670,True
ovary,excluded_at_or_below_-1,ENSG00000275455.1,MIR7852,,,,,,,,,,,,,,,,,0,False
ovary,raw,ENSG00000275455.1,MIR7852,0.0,193.0,-0.9875,1.0001e-06,0.0,-17675.90193946968,0.0,-1.0,-1.0,-1.0,0.0,,,-1.0,1.576209879236373e-187,0.0,193,True
pancreas,excluded_at_or_below_-1,ENSG00000275455.1,MIR7852,,,,,,,,,,,,,,,,,0,False
pancreas,raw,ENSG00000275455.1,MIR7852,0.0,362.0,-0.9875,1.0001e-06,0.0,-17675.90193946968,0.0,-1.0,-1.0,-1.0,0.0,,,-1.0,2.956414384888948e-187,0.0,362,True
pituitary,excluded_at_or_below_-1,ENSG00000275455.1,MIR7852,,,,,,,,,,,,,,,,,0,False
pituitary,raw,ENSG00000275455.1,MIR7852,0.0,313.0,-0.9875,1.0001e-06,0.0,-17675.90193946968,0.0,-1.0,-1.0,-1.0,0.0,,,-1.0,2.5562367471553613e-187,0.0,313,True
prostate,excluded_at_or_below_-1,ENSG00000275455.1,MIR7852,,,,,,,,,,,,,,,,,0,False
prostate,raw,ENSG00000275455.1,MIR7852,0.0,282.0,-0.9875,1.0001e-06,0.0,-17675.90193946968,0.0,-1.0,-1.0,-1.0,0.0,,,-1.0,2.3030631396096224e-187,0.0,282,True
skin_not_sun_exposed_suprapubic,excluded_at_or_below_-1,ENSG00000275455.1,MIR7852,,,,,,,,,,,,,,,,,0,False
skin_not_sun_exposed_suprapubic,raw,ENSG00000275455.1,MIR7852,0.0,651.0,-0.9875,1.0001e-06,0.0,-17675.90193946968,0.0,-1.0,-1.0,-1.0,0.0,,,-1.0,5.316645758460512e-187,0.0,651,True
skin_sun_exposed_lower_leg,excluded_at_or_below_-1,ENSG00000275455.1,MIR7852,,,,,,,,,,,,,,,,,0,False
skin_sun_exposed_lower_leg,raw,ENSG00000275455.1,MIR7852,0.0,754.0,-0.9875,1.0001e-06,0.0,-17675.90193946968,0.0,-1.0,-1.0,-1.0,0.0,,,-1.0,6.157835486757643e-187,0.0,754,True
small_intestine_terminal_ileum,excluded_at_or_below_-1,ENSG00000275455.1,MIR7852,,,,,,,,,,,,,,,,,0,False
small_intestine_terminal_ileum,raw,ENSG00000275455.1,MIR7852,0.0,207.0,-0.9875,1.0001e-06,0.0,-17675.90193946968,0.0,-1.0,-1.0,-1.0,0.0,,,-1.0,1.6905463471602549e-187,0.0,207,True
spleen,excluded_at_or_below_-1,ENSG00000275455.1,MIR7852,,,,,,,,,,,,,,,,,0,False
spleen,raw,ENSG00000275455.1,MIR7852,0.0,277.0,-0.9875,1.0001e-06,0.0,-17675.90193946968,0.0,-1.0,-1.0,-1.0,0.0,,,-1.0,2.2622286867796648e-187,0.0,277,True
stomach,excluded_at_or_below_-1,ENSG00000275455.1,MIR7852,,,,,,,,,,,,,,,,,0,False
stomach,raw,ENSG00000275455.1,MIR7852,0.0,407.0,-0.9875,1.0001e-06,0.0,-17675.90193946968,0.0,-1.0,-1.0,-1.0,0.0,,,-1.0,3.3239244603585686e-187,0.0,407,True
testis,excluded_at_or_below_-1,ENSG00000275455.1,MIR7852,,,,,,,,,,,,,,,,,0,False
testis,raw,ENSG00000275455.1,MIR7852,0.0,414.0,-0.9875,1.0001e-06,0.0,-17675.90193946968,0.0,-1.0,-1.0,-1.0,0.0,,,-1.0,3.3810926943205097e-187,0.0,414,True
thyroid,excluded_at_or_below_-1,ENSG00000275455.1,MIR7852,,,,,,,,,,,,,,,,,1,False
thyroid,raw,ENSG00000275455.1,MIR7852,2.2632542030166474,647.6820046396091,-0.9844530152428514,0.013522744660238747,1313.5101686420473,128.70673100368236,0.0,-1.0,0.2462438934307365,-0.9981780060037562,0.04765132623218643,26.096004754154293,679.0014641288435,0.2462438934307365,644.267181638202,0.0,684,True
uterus,excluded_at_or_below_-1,ENSG00000275455.1,MIR7852,,,,,,,,,,,,,,,,,0,False
uterus,raw,ENSG00000275455.1,MIR7852,0.0,153.0,-0.9875,1.0001e-06,0.0,-17675.90193946968,0.0,-1.0,-1.0,-1.0,0.0,,,-1.0,1.24953425659671e-187,0.0,153,True
vagina,excluded_at_or_below_-1,ENSG00000275455.1,MIR7852,,,,,,,,,,,,,,,,,0,False
vagina,raw,ENSG00000275455.1,MIR7852,0.0,170.0,-0.9875,1.0001e-06,0.0,-17675.90193946968,0.0,-1.0,-1.0,-1.0,0.0,,,-1.0,1.3883713962185667e-187,0.0,170,True
whole_blood,excluded_at_or_below_-1,ENSG00000275455.1,MIR7852,,,,,,,,,,,,,,,,,0,False
whole_blood,raw,ENSG00000275455.1,MIR7852,0.0,803.0,-0.9875,1.0001e-06,0.0,-17675.90193946968,0.0,-1.0,-1.0,-1.0,0.0,,,-1.0,6.55801312449123e-187,0.0,803,True
adipose_subcutaneous,excluded_at_or_below_-1,ENSG00000263572.2,MIR7853,,,,,,,,,,,,,,,,,0,False
adipose_subcutaneous,raw,ENSG00000263572.2,MIR7853,0.0,714.0,-0.9875,1.0001e-06,0.0,-17675.90193946968,0.0,-1.0,-1.0,-1.0,0.0,,,-1.0,5.83115986411798e-187,0.0,714,True
adipose_visceral_omentum,excluded_at_or_below_-1,ENSG00000263572.2,MIR7853,,,,,,,,,,,,,,,,,0,False
adipose_visceral_omentum,raw,ENSG00000263572.2,MIR7853,0.0,587.0,-0.9875,1.0001e-06,0.0,-17675.90193946968,0.0,-1.0,-1.0,-1.0,0.0,,,-1.0,4.793964762237051e-187,0.0,587,True
adrenal_gland,excluded_at_or_below_-1,ENSG00000263572.2,MIR7853,,,,,,,,,,,,,,,,,0,False
adrenal_gland,raw,ENSG00000263572.2,MIR7853,0.0,295.0,-0.9875,1.0001e-06,0.0,-17675.90193946968,0.0,-1.0,-1.0,-1.0,0.0,,,-1.0,2.409232716967513e-187,0.0,295,True
artery_aorta,excluded_at_or_below_-1,ENSG00000263572.2,MIR7853,,,,,,,,,,,,,,,,,0,False
artery_aorta,raw,ENSG00000263572.2,MIR7853,0.0,472.0,-0.9875,1.0001e-06,0.0,-17675.90193946968,0.0,-1.0,-1.0,-1.0,0.0,,,-1.0,3.8547723471480207e-187,0.0,472,True
artery_coronary,excluded_at_or_below_-1,ENSG00000263572.2,MIR7853,,,,,,,,,,,,,,,,,0,False
artery_coronary,raw,ENSG00000263572.2,MIR7853,0.0,268.0,-0.9875,1.0001e-06,0.0,-17675.90193946968,0.0,-1.0,-1.0,-1.0,0.0,,,-1.0,2.1887266716857407e-187,0.0,268,True
artery_tibial,excluded_at_or_below_-1,ENSG00000263572.2,MIR7853,,,,,,,,,,,,,,,,,1,False
artery_tibial,raw,ENSG00000263572.2,MIR7853,2.4513720956745058,654.6906929606014,-0.9930437247010554,0.0063992051686397895,1367.2666239842624,122.01768113197211,0.0,-1.0,-0.4409233119573652,-0.9991909165151337,0.021268279551225146,26.229781723746047,686.0014492753619,-0.4409233119573652,651.8386410480501,0.0,691,True
bladder,excluded_at_or_below_-1,ENSG00000263572.2,MIR7853,,,,,,,,,,,,,,,,,0,False
bladder,raw,ENSG00000263572.2,MIR7853,0.0,77.0,-0.9875,1.0001e-06,0.0,-17675.90193946968,0.0,-1.0,-1.0,-1.0,0.0,,,-1.0,6.288505735813509e-188,0.0,77,True
brain_amygdala,excluded_at_or_below_-1,ENSG00000263572.2,MIR7853,,,,,,,,,,,,,,,,,0,False
brain_amygdala,raw,ENSG00000263572.2,MIR7853,0.0,181.0,-0.9875,1.0001e-06,0.0,-17675.90193946968,0.0,-1.0,-1.0,-1.0,0.0,,,-1.0,1.478207192444474e-187,0.0,181,True
brain_anterior_cingulate_cortex_ba24,excluded_at_or_below_-1,ENSG00000263572.2,MIR7853,,,,,,,,,,,,,,,,,0,False
brain_anterior_cingulate_cortex_ba24,raw,ENSG00000263572.2,MIR7853,0.0,233.0,-0.9875,1.0001e-06,0.0,-17675.90193946968,0.0,-1.0,-1.0,-1.0,0.0,,,-1.0,1.9028855018760357e-187,0.0,233,True
brain_caudate_basal_ganglia,excluded_at_or_below_-1,ENSG00000263572.2,MIR7853,,,,,,,,,,,,,,,,,0,False
brain_caudate_basal_ganglia,raw,ENSG00000263572.2,MIR7853,0.0,300.0,-0.9875,1.0001e-06,0.0,-17675.90193946968,0.0,-1.0,-1.0,-1.0,0.0,,,-1.0,2.450067169797471e-187,0.0,300,True
brain_cerebellar_hemisphere,excluded_at_or_below_-1,ENSG00000263572.2,MIR7853,,,,,,,,,,,,,,,,,0,False
brain_cerebellar_hemisphere,raw,ENSG00000263572.2,MIR7853,0.0,277.0,-0.9875,1.0001e-06,0.0,-17675.90193946968,0.0,-1.0,-1.0,-1.0,0.0,,,-1.0,2.2622286867796648e-187,0.0,277,True
brain_cerebellum,excluded_at_or_below_-1,ENSG00000263572.2,MIR7853,,,,,,,,,,,,,,,,,0,False
brain_cerebellum,raw,ENSG00000263572.2,MIR7853,0.0,266.0,-0.9875,1.0001e-06,0.0,-17675.90193946968,0.0,-1.0,-1.0,-1.0,0.0,,,-1.0,2.1723928905537574e-187,0.0,266,True
brain_cortex,excluded_at_or_below_-1,ENSG00000263572.2,MIR7853,,,,,,,,,,,,,,,,,0,False
brain_cortex,raw,ENSG00000263572.2,MIR7853,0.0,270.0,-0.9875,1.0001e-06,0.0,-17675.90193946968,0.0,-1.0,-1.0,-1.0,0.0,,,-1.0,2.2050604528177237e-187,0.0,270,True
brain_frontal_cortex_ba9,excluded_at_or_below_-1,ENSG00000263572.2,MIR7853,,,,,,,,,,,,,,,,,0,False
brain_frontal_cortex_ba9,raw,ENSG00000263572.2,MIR7853,0.0,269.0,-0.9875,1.0001e-06,0.0,-17675.90193946968,0.0,-1.0,-1.0,-1.0,0.0,,,-1.0,2.196893562251732e-187,0.0,269,True
brain_hippocampus,excluded_at_or_below_-1,ENSG00000263572.2,MIR7853,,,,,,,,,,,,,,,,,1,False
brain_hippocampus,raw,ENSG00000263572.2,MIR7853,0.02631578949118141,333.4994886372288,-0.9928467431990312,0.0025899345288532046,0.9743795146897335,249.52275220782852,0.0,-1.0,-0.5358806887983696,-0.9981799242697976,0.029064278663616886,15.87463186999543,250.00393700787427,-0.5358806887983696,331.895258645022,0.0,255,True
brain_hypothalamus,excluded_at_or_below_-1,ENSG00000263572.2,MIR7853,,,,,,,,,,,,,,,,,0,False
brain_hypothalamus,raw,ENSG00000263572.2,MIR7853,0.0,257.0,-0.9875,1.0001e-06,0.0,-17675.90193946968,0.0,-1.0,-1.0,-1.0,0.0,,,-1.0,2.0988908754598334e-187,0.0,257,True
brain_nucleus_accumbens_basal_ganglia,excluded_at_or_below_-1,ENSG00000263572.2,MIR7853,,,,,,,,,,,,,,,,,0,False
brain_nucleus_accumbens_basal_ganglia,raw,ENSG00000263572.2,MIR7853,0.0,285.0,-0.9875,1.0001e-06,0.0,-17675.90193946968,0.0,-1.0,-1.0,-1.0,0.0,,,-1.0,2.3275638113075975e-187,0.0,285,True
brain_putamen_basal_ganglia,excluded_at_or_below_-1,ENSG00000263572.2,MIR7853,,,,,,,,,,,,,,,,,0,False
brain_putamen_basal_ganglia,raw,ENSG00000263572.2,MIR7853,0.0,254.0,-0.9875,1.0001e-06,0.0,-17675.90193946968,0.0,-1.0,-1.0,-1.0,0.0,,,-1.0,2.0743902037618585e-187,0.0,254,True
brain_spinal_cord_cervical_c-1,excluded_at_or_below_-1,ENSG00000263572.2,MIR7853,,,,,,,,,,,,,,,,,0,False
brain_spinal_cord_cervical_c-1,raw,ENSG00000263572.2,MIR7853,0.0,204.0,-0.9875,1.0001e-06,0.0,-17675.90193946968,0.0,-1.0,-1.0,-1.0,0.0,,,-1.0,1.6660456754622802e-187,0.0,204,True
brain_substantia_nigra,excluded_at_or_below_-1,ENSG00000263572.2,MIR7853,,,,,,,,,,,,,,,,,0,False
brain_substantia_nigra,raw,ENSG00000263572.2,MIR7853,0.0,183.0,-0.9875,1.0001e-06,0.0,-17675.90193946968,0.0,-1.0,-1.0,-1.0,0.0,,,-1.0,1.4945409735764572e-187,0.0,183,True
breast_mammary_tissue,excluded_at_or_below_-1,ENSG00000263572.2,MIR7853,,,,,,,,,,,,,,,,,0,False
breast_mammary_tissue,raw,ENSG00000263572.2,MIR7853,0.0,514.0,-0.9875,1.0001e-06,0.0,-17675.90193946968,0.0,-1.0,-1.0,-1.0,0.0,,,-1.0,4.1977817509196667e-187,0.0,514,True
cells_cultured_fibroblasts,excluded_at_or_below_-1,ENSG00000263572.2,MIR7853,,,,,,,,,,,,,,,,,0,False
cells_cultured_fibroblasts,raw,ENSG00000263572.2,MIR7853,0.0,652.0,-0.9875,1.0001e-06,0.0,-17675.90193946968,0.0,-1.0,-1.0,-1.0,0.0,,,-1.0,5.324812649026503e-187,0.0,652,True
cells_ebv-transformed_lymphocytes,excluded_at_or_below_-1,ENSG00000263572.2,MIR7853,,,,,,,,,,,,,,,,,0,False
cells_ebv-transformed_lymphocytes,raw,ENSG00000263572.2,MIR7853,0.0,327.0,-0.9875,1.0001e-06,0.0,-17675.90193946968,0.0,-1.0,-1.0,-1.0,0.0,,,-1.0,2.670573215079243e-187,0.0,327,True
cervix_ectocervix,excluded_at_or_below_-1,ENSG00000263572.2,MIR7853,,,,,,,,,,,,,,,,,0,False
cervix_ectocervix,raw,ENSG00000263572.2,MIR7853,0.0,24.0,-0.9875,1.0001e-06,0.0,-17675.90193946968,0.0,-1.0,-1.0,-1.0,0.0,,,-1.0,1.9600537358379766e-188,0.0,24,True
cervix_endocervix,excluded_at_or_below_-1,ENSG00000263572.2,MIR7853,,,,,,,,,,,,,,,,,0,False
cervix_endocervix,raw,ENSG00000263572.2,MIR7853,0.0,23.0,-0.9875,1.0001e-06,0.0,-17675.90193946968,0.0,-1.0,-1.0,-1.0,0.0,,,-1.0,1.878384830178061e-188,0.0,23,True
colon_sigmoid,excluded_at_or_below_-1,ENSG00000263572.2,MIR7853,,,,,,,,,,,,,,,,,0,False
colon_sigmoid,raw,ENSG00000263572.2,MIR7853,0.0,419.0,-0.9875,1.0001e-06,0.0,-17675.90193946968,0.0,-1.0,-1.0,-1.0,0.0,,,-1.0,3.4219271471504676e-187,0.0,419,True
colon_transverse,excluded_at_or_below_-1,ENSG00000263572.2,MIR7853,,,,,,,,,,,,,,,,,0,False
colon_transverse,raw,ENSG00000263572.2,MIR7853,0.0,479.0,-0.9875,1.0001e-06,0.0,-17675.90193946968,0.0,-1.0,-1.0,-1.0,0.0,,,-1.0,3.911940581109962e-187,0.0,479,True
esophagus_gastroesophageal_junction,excluded_at_or_below_-1,ENSG00000263572.2,MIR7853,,,,,,,,,,,,,,,,,0,False
esophagus_gastroesophageal_junction,raw,ENSG00000263572.2,MIR7853,0.0,403.0,-0.9875,1.0001e-06,0.0,-17675.90193946968,0.0,-1.0,-1.0,-1.0,0.0,,,-1.0,3.2912568980946026e-187,0.0,403,True
esophagus_mucosa,excluded_at_or_below_-1,ENSG00000263572.2,MIR7853,,,,,,,,,,,,,,,,,0,False
esophagus_mucosa,raw,ENSG00000263572.2,MIR7853,0.0,614.0,-0.9875,1.0001e-06,0.0,-17675.90193946968,0.0,-1.0,-1.0,-1.0,0.0,,,-1.0,5.014470807518823e-187,0.0,614,True
esophagus_muscularis,excluded_at_or_below_-1,ENSG00000263572.2,MIR7853,,,,,,,,,,,,,,,,,0,False
esophagus_muscularis,raw,ENSG00000263572.2,MIR7853,0.0,561.0,-0.9875,1.0001e-06,0.0,-17675.90193946968,0.0,-1.0,-1.0,-1.0,0.0,,,-1.0,4.5816256075212706e-187,0.0,561,True
fallopian_tube,excluded_at_or_below_-1,ENSG00000263572.2,MIR7853,,,,,,,,,,,,,,,,,0,False
fallopian_tube,raw,ENSG00000263572.2,MIR7853,0.0,29.0,-0.9875,1.0001e-06,0.0,-17675.90193946968,0.0,-1.0,-1.0,-1.0,0.0,,,-1.0,2.368398264137555e-188,0.0,29,True
heart_atrial_appendage,excluded_at_or_below_-1,ENSG00000263572.2,MIR7853,,,,,,,,,,,,,,,,,0,False
heart_atrial_appendage,raw,ENSG00000263572.2,MIR7853,0.0,461.0,-0.9875,1.0001e-06,0.0,-17675.90193946968,0.0,-1.0,-1.0,-1.0,0.0,,,-1.0,3.7649365509221136e-187,0.0,461,True
heart_left_ventricle,excluded_at_or_below_-1,ENSG00000263572.2,MIR7853,,,,,,,,,,,,,,,,,0,False
heart_left_ventricle,raw,ENSG00000263572.2,MIR7853,0.0,452.0,-0.9875,1.0001e-06,0.0,-17675.90193946968,0.0,-1.0,-1.0,-1.0,0.0,,,-1.0,3.6914345358281893e-187,0.0,452,True
kidney_cortex,excluded_at_or_below_-1,ENSG00000263572.2,MIR7853,,,,,,,,,,,,,,,,,0,False
kidney_cortex,raw,ENSG00000263572.2,MIR7853,0.0,104.0,-0.9875,1.0001e-06,0.0,-17675.90193946968,0.0,-1.0,-1.0,-1.0,0.0,,,-1.0,8.493566188631232e-188,0.0,104,True
kidney_medulla,excluded_at_or_below_-1,ENSG00000263572.2,MIR7853,,,,,,,,,,,,,,,,,0,False
kidney_medulla,raw,ENSG00000263572.2,MIR7853,0.0,11.0,-0.9875,1.0001e-06,0.0,-17675.90193946968,0.0,-1.0,-1.0,-1.0,0.0,,,-1.0,8.983579622590726e-189,0.0,11,True
liver,excluded_at_or_below_-1,ENSG00000263572.2,MIR7853,,,,,,,,,,,,,,,,,0,False
liver,raw,ENSG00000263572.2,MIR7853,0.0,262.0,-0.9875,1.0001e-06,0.0,-17675.90193946968,0.0,-1.0,-1.0,-1.0,0.0,,,-1.0,2.1397253282897912e-187,0.0,262,True
lung,excluded_at_or_below_-1,ENSG00000263572.2,MIR7853,,,,,,,,,,,,,,,,,0,False
lung,raw,ENSG00000263572.2,MIR7853,0.0,604.0,-0.9875,1.0001e-06,0.0,-17675.90193946968,0.0,-1.0,-1.0,-1.0,0.0,,,-1.0,4.932801901858908e-187,0.0,604,True
minor_salivary_gland,excluded_at_or_below_-1,ENSG00000263572.2,MIR7853,,,,,,,,,,,,,,,,,0,False
minor_salivary_gland,raw,ENSG00000263572.2,MIR7853,0.0,181.0,-0.9875,1.0001e-06,0.0,-17675.90193946968,0.0,-1.0,-1.0,-1.0,0.0,,,-1.0,1.478207192444474e-187,0.0,181,True
muscle_skeletal,excluded_at_or_below_-1,ENSG00000263572.2,MIR7853,,,,,,,,,,,,,,,,,0,False
muscle_skeletal,raw,ENSG00000263572.2,MIR7853,0.0,818.0,-0.9875,1.0001e-06,0.0,-17675.90193946968,0.0,-1.0,-1.0,-1.0,0.0,,,-1.0,6.680516482981104e-187,0.0,818,True
nerve_tibial,excluded_at_or_below_-1,ENSG00000263572.2,MIR7853,,,,,,,,,,,,,,,,,1,False
nerve_tibial,raw,ENSG00000263572.2,MIR7853,2.2971352503390854,633.593214118824,-0.9885508138614745,0.010064081011545043,1326.5158009794823,127.39285376188666,0.0,-1.0,-0.0819748661664552,-0.9986298132330842,0.03546640509094167,25.826372079103756,665.0014947683101,-0.0819748661664552,630.3495643901341,0.0,670,True
ovary,excluded_at_or_below_-1,ENSG00000263572.2,MIR7853,,,,,,,,,,,,,,,,,0,False
ovary,raw,ENSG00000263572.2,MIR7853,0.0,193.0,-0.9875,1.0001e-06,0.0,-17675.90193946968,0.0,-1.0,-1.0,-1.0,0.0,,,-1.0,1.576209879236373e-187,0.0,193,True
pancreas,excluded_at_or_below_-1,ENSG00000263572.2,MIR7853,,,,,,,,,,,,,,,,,0,False
pancreas,raw,ENSG00000263572.2,MIR7853,0.0,362.0,-0.9875,1.0001e-06,0.0,-17675.90193946968,0.0,-1.0,-1.0,-1.0,0.0,,,-1.0,2.956414384888948e-187,0.0,362,True
pituitary,excluded_at_or_below_-1,ENSG00000263572.2,MIR7853,,,,,,,,,,,,,,,,,0,False
pituitary,raw,ENSG00000263572.2,MIR7853,0.0,313.0,-0.9875,1.0001e-06,0.0,-17675.90193946968,0.0,-1.0,-1.0,-1.0,0.0,,,-1.0,2.5562367471553613e-187,0.0,313,True
prostate,excluded_at_or_below_-1,ENSG00000263572.2,MIR7853,,,,,,,,,,,,,,,,,0,False
prostate,raw,ENSG00000263572.2,MIR7853,0.0,282.0,-0.9875,1.0001e-06,0.0,-17675.90193946968,0.0,-1.0,-1.0,-1.0,0.0,,,-1.0,2.3030631396096224e-187,0.0,282,True
skin_not_sun_exposed_suprapubic,excluded_at_or_below_-1,ENSG00000263572.2,MIR7853,,,,,,,,,,,,,,,,,0,False
skin_not_sun_exposed_suprapubic,raw,ENSG00000263572.2,MIR7853,0.0,651.0,-0.9875,1.0001e-06,0.0,-17675.90193946968,0.0,-1.0,-1.0,-1.0,0.0,,,-1.0,5.316645758460512e-187,0.0,651,True
skin_sun_exposed_lower_leg,excluded_at_or_below_-1,ENSG00000263572.2,MIR7853,,,,,,,,,,,,,,,,,0,False
skin_sun_exposed_lower_leg,raw,ENSG00000263572.2,MIR7853,0.0,754.0,-0.9875,1.0001e-06,0.0,-17675.90193946968,0.0,-1.0,-1.0,-1.0,0.0,,,-1.0,6.157835486757643e-187,0.0,754,True
small_intestine_terminal_ileum,excluded_at_or_below_-1,ENSG00000263572.2,MIR7853,,,,,,,,,,,,,,,,,0,False
small_intestine_terminal_ileum,raw,ENSG00000263572.2,MIR7853,0.0,207.0,-0.9875,1.0001e-06,0.0,-17675.90193946968,0.0,-1.0,-1.0,-1.0,0.0,,,-1.0,1.6905463471602549e-187,0.0,207,True
spleen,excluded_at_or_below_-1,ENSG00000263572.2,MIR7853,,,,,,,,,,,,,,,,,0,False
spleen,raw,ENSG00000263572.2,MIR7853,0.0,277.0,-0.9875,1.0001e-06,0.0,-17675.90193946968,0.0,-1.0,-1.0,-1.0,0.0,,,-1.0,2.2622286867796648e-187,0.0,277,True
stomach,excluded_at_or_below_-1,ENSG00000263572.2,MIR7853,,,,,,,,,,,,,,,,,0,False
stomach,raw,ENSG00000263572.2,MIR7853,0.0,407.0,-0.9875,1.0001e-06,0.0,-17675.90193946968,0.0,-1.0,-1.0,-1.0,0.0,,,-1.0,3.3239244603585686e-187,0.0,407,True
testis,excluded_at_or_below_-1,ENSG00000263572.2,MIR7853,,,,,,,,,,,,,,,,,0,False
testis,raw,ENSG00000263572.2,MIR7853,0.0,414.0,-0.9875,1.0001e-06,0.0,-17675.90193946968,0.0,-1.0,-1.0,-1.0,0.0,,,-1.0,3.3810926943205097e-187,0.0,414,True
thyroid,excluded_at_or_below_-1,ENSG00000263572.2,MIR7853,,,,,,,,,,,,,,,,,0,False
thyroid,raw,ENSG00000263572.2,MIR7853,0.0,684.0,-0.9875,1.0001e-06,0.0,-17675.90193946968,0.0,-1.0,-1.0,-1.0,0.0,,,-1.0,5.586153147138233e-187,0.0,684,True
uterus,excluded_at_or_below_-1,ENSG00000263572.2,MIR7853,,,,,,,,,,,,,,,,,0,False
uterus,raw,ENSG00000263572.2,MIR7853,0.0,153.0,-0.9875,1.0001e-06,0.0,-17675.90193946968,0.0,-1.0,-1.0,-1.0,0.0,,,-1.0,1.24953425659671e-187,0.0,153,True
vagina,excluded_at_or_below_-1,ENSG00000263572.2,MIR7853,,,,,,,,,,,,,,,,,0,False
vagina,raw,ENSG00000263572.2,MIR7853,0.0,170.0,-0.9875,1.0001e-06,0.0,-17675.90193946968,0.0,-1.0,-1.0,-1.0,0.0,,,-1.0,1.3883713962185667e-187,0.0,170,True
whole_blood,excluded_at_or_below_-1,ENSG00000263572.2,MIR7853,,,,,,,,,,,,,,,,,0,False
whole_blood,raw,ENSG00000263572.2,MIR7853,0.0,803.0,-0.9875,1.0001e-06,0.0,-17675.90193946968,0.0,-1.0,-1.0,-1.0,0.0,,,-1.0,6.55801312449123e-187,0.0,803,True
adipose_subcutaneous,excluded_at_or_below_-1,ENSG00000277255.1,MIR7854,,,,,,,,,,,,,,,,,0,False
adipose_subcutaneous,raw,ENSG00000277255.1,MIR7854,0.0,714.0,-0.9875,1.0001e-06,0.0,-17675.90193946968,0.0,-1.0,-1.0,-1.0,0.0,,,-1.0,5.83115986411798e-187,0.0,714,True
adipose_visceral_omentum,excluded_at_or_below_-1,ENSG00000277255.1,MIR7854,,,,,,,,,,,,,,,,,2,False
adipose_visceral_omentum,raw,ENSG00000277255.1,MIR7854,1.513045495970707,540.60548531937,-0.9879242593689754,0.010996430903048882,1954.639078874884,122.9982970686036,0.0,-1.0,-0.0315324449403466,-0.9974071582211677,0.04600747816911727,18.73607588619876,364.2079037554917,-0.0315324449403466,538.0422613081156,0.0,587,True
adrenal_gland,excluded_at_or_below_-1,ENSG00000277255.1,MIR7854,,,,,,,,,,,,,,,,,3,False
adrenal_gland,raw,ENSG00000277255.1,MIR7854,0.07692307692307691,298.4512316693558,-0.9905916878674514,0.0030936976382089794,2.7692307692307696,356.58809245128276,0.0,-1.0,-0.2105286416760299,-0.9928279299895671,0.07140244708095543,9.971590478155974,98.63719220620847,-0.2105286416760299,297.41516867705195,0.0,295,True
artery_aorta,excluded_at_or_below_-1,ENSG00000277255.1,MIR7854,,,,,,,,,,,,,,,,,1,False
artery_aorta,raw,ENSG00000277255.1,MIR7854,1.0817429625553332,437.095436509107,-0.9875436405421082,0.011212143827584889,1137.830968826953,124.36160821346068,0.0,-1.0,-0.0015820608926366,-0.9978847077561285,0.04595591063982962,21.6564568464523,467.0021231422506,-0.0015820608926366,434.9379252609479,0.0,472,True
artery_coronary,excluded_at_or_below_-1,ENSG00000277255.1,MIR7854,,,,,,,,,,,,,,,,,0,False
artery_coronary,raw,ENSG00000277255.1,MIR7854,0.0,268.0,-0.9875,1.0001e-06,0.0,-17675.90193946968,0.0,-1.0,-1.0,-1.0,0.0,,,-1.0,2.1887266716857407e-187,0.0,268,True
artery_tibial,excluded_at_or_below_-1,ENSG00000277255.1,MIR7854,,,,,,,,,,,,,,,,,1,False
artery_tibial,raw,ENSG00000277255.1,MIR7854,2.3576289447324292,654.712233734399,-0.9891405464945151,0.00955220375188331,1327.5610384886022,127.31815722825085,0.0,-1.0,-0.1291792142627714,-0.9987397673144179,0.03312758393650734,26.229781723746058,686.0014492753622,-0.1291792142627714,651.3743635584162,0.0,691,True
bladder,excluded_at_or_below_-1,ENSG00000277255.1,MIR7854,,,,,,,,,,,,,,,,,1,False
bladder,raw,ENSG00000277255.1,MIR7854,0.025641025645154282,91.45801471145938,-0.9945740427706581,0.0028199277392617233,0.9743589744215767,263.69703664319394,0.0,-1.0,-0.468764781584206,-0.9931008413192755,0.06053987172632557,8.603090020146057,72.01315789473675,-0.468764781584206,91.33193618916684,0.0,77,True
brain_amygdala,excluded_at_or_below_-1,ENSG00000277255.1,MIR7854,,,,,,,,,,,,,,,,,0,False
brain_amygdala,raw,ENSG00000277255.1,MIR7854,0.0,181.0,-0.9875,1.0001e-06,0.0,-17675.90193946968,0.0,-1.0,-1.0,-1.0,0.0,,,-1.0,1.478207192444474e-187,0.0,181,True
brain_anterior_cingulate_cortex_ba24,excluded_at_or_below_-1,ENSG00000277255.1,MIR7854,,,,,,,,,,,,,,,,,2,False
brain_anterior_cingulate_cortex_ba24,raw,ENSG00000277255.1,MIR7854,0.05128205883336428,265.80004301288926,-0.9894956142330588,0.005365633191023115,1.8974358988042561,261.1365548047778,0.0,-1.0,0.0012762204668905,-0.9933595119317122,0.07457781384682627,11.88020370240027,145.80035031488873,0.0012762204668905,263.72593372671093,0.0,233,True
brain_caudate_basal_ganglia,excluded_at_or_below_-1,ENSG00000277255.1,MIR7854,,,,,,,,,,,,,,,,,0,False
brain_caudate_basal_ganglia,raw,ENSG00000277255.1,MIR7854,0.0,300.0,-0.9875,1.0001e-06,0.0,-17675.90193946968,0.0,-1.0,-1.0,-1.0,0.0,,,-1.0,2.450067169797471e-187,0.0,300,True
brain_cerebellar_hemisphere,excluded_at_or_below_-1,ENSG00000277255.1,MIR7854,,,,,,,,,,,,,,,,,0,False
brain_cerebellar_hemisphere,raw,ENSG00000277255.1,MIR7854,0.0,277.0,-0.9875,1.0001e-06,0.0,-17675.90193946968,0.0,-1.0,-1.0,-1.0,0.0,,,-1.0,2.2622286867796648e-187,0.0,277,True
brain_cerebellum,excluded_at_or_below_-1,ENSG00000277255.1,MIR7854,,,,,,,,,,,,,,,,,1,False
brain_cerebellum,raw,ENSG00000277255.1,MIR7854,0.025641025641304542,274.6729686207867,-0.9948936846656256,0.0019297241699567402,0.9743589749528228,317.0848781320869,0.0,-1.0,-0.5622246949604846,-0.9983542281765432,0.026841726137475794,16.217391084416313,261.0037735849056,-0.5622246949604846,274.66618544448784,0.0,266,True
brain_cortex,excluded_at_or_below_-1,ENSG00000277255.1,MIR7854,,,,,,,,,,,,,,,,,0,False
brain_cortex,raw,ENSG00000277255.1,MIR7854,0.0,270.0,-0.9875,1.0001e-06,0.0,-17675.90193946968,0.0,-1.0,-1.0,-1.0,0.0,,,-1.0,2.2050604528177237e-187,0.0,270,True
brain_frontal_cortex_ba9,excluded_at_or_below_-1,ENSG00000277255.1,MIR7854,,,,,,,,,,,,,,,,,0,False
brain_frontal_cortex_ba9,raw,ENSG00000277255.1,MIR7854,0.0,269.0,-0.9875,1.0001e-06,0.0,-17675.90193946968,0.0,-1.0,-1.0,-1.0,0.0,,,-1.0,2.196893562251732e-187,0.0,269,True
brain_hippocampus,excluded_at_or_below_-1,ENSG00000277255.1,MIR7854,,,,,,,,,,,,,,,,,1,False
brain_hippocampus,raw,ENSG00000277255.1,MIR7854,0.025641025629709626,325.51594204884316,-0.9926816446281037,0.0021775374570837474,0.974358974382207,319.12067070453594,0.0,-1.0,-0.5013151125303945,-0.9980443729903152,0.031228859013053126,15.874631869995401,250.00393700787401,-0.5013151125303945,323.4344680927026,0.0,255,True
brain_hypothalamus,excluded_at_or_below_-1,ENSG00000277255.1,MIR7854,,,,,,,,,,,,,,,,,0,False
brain_hypothalamus,raw,ENSG00000277255.1,MIR7854,0.0,257.0,-0.9875,1.0001e-06,0.0,-17675.90193946968,0.0,-1.0,-1.0,-1.0,0.0,,,-1.0,2.0988908754598334e-187,0.0,257,True
brain_nucleus_accumbens_basal_ganglia,excluded_at_or_below_-1,ENSG00000277255.1,MIR7854,,,,,,,,,,,,,,,,,0,False
brain_nucleus_accumbens_basal_ganglia,raw,ENSG00000277255.1,MIR7854,0.0,285.0,-0.9875,1.0001e-06,0.0,-17675.90193946968,0.0,-1.0,-1.0,-1.0,0.0,,,-1.0,2.3275638113075975e-187,0.0,285,True
brain_putamen_basal_ganglia,excluded_at_or_below_-1,ENSG00000277255.1,MIR7854,,,,,,,,,,,,,,,,,0,False
brain_putamen_basal_ganglia,raw,ENSG00000277255.1,MIR7854,0.0,254.0,-0.9875,1.0001e-06,0.0,-17675.90193946968,0.0,-1.0,-1.0,-1.0,0.0,,,-1.0,2.0743902037618585e-187,0.0,254,True
brain_spinal_cord_cervical_c-1,excluded_at_or_below_-1,ENSG00000277255.1,MIR7854,,,,,,,,,,,,,,,,,0,False
brain_spinal_cord_cervical_c-1,raw,ENSG00000277255.1,MIR7854,0.0,204.0,-0.9875,1.0001e-06,0.0,-17675.90193946968,0.0,-1.0,-1.0,-1.0,0.0,,,-1.0,1.6660456754622802e-187,0.0,204,True
brain_substantia_nigra,excluded_at_or_below_-1,ENSG00000277255.1,MIR7854,,,,,,,,,,,,,,,,,0,False
brain_substantia_nigra,raw,ENSG00000277255.1,MIR7854,0.0,183.0,-0.9875,1.0001e-06,0.0,-17675.90193946968,0.0,-1.0,-1.0,-1.0,0.0,,,-1.0,1.4945409735764572e-187,0.0,183,True
breast_mammary_tissue,excluded_at_or_below_-1,ENSG00000277255.1,MIR7854,,,,,,,,,,,,,,,,,0,False
breast_mammary_tissue,raw,ENSG00000277255.1,MIR7854,0.0,514.0,-0.9875,1.0001e-06,0.0,-17675.90193946968,0.0,-1.0,-1.0,-1.0,0.0,,,-1.0,4.1977817509196667e-187,0.0,514,True
cells_cultured_fibroblasts,excluded_at_or_below_-1,ENSG00000277255.1,MIR7854,,,,,,,,,,,,,,,,,0,False
cells_cultured_fibroblasts,raw,ENSG00000277255.1,MIR7854,0.0,652.0,-0.9875,1.0001e-06,0.0,-17675.90193946968,0.0,-1.0,-1.0,-1.0,0.0,,,-1.0,5.324812649026503e-187,0.0,652,True
cells_ebv-transformed_lymphocytes,excluded_at_or_below_-1,ENSG00000277255.1,MIR7854,,,,,,,,,,,,,,,,,2,False
cells_ebv-transformed_lymphocytes,raw,ENSG00000277255.1,MIR7854,0.051282051282130904,372.01732387765543,-0.9929419459228911,0.0028843554901296625,1.8974358994875091,314.99852570566713,0.0,-1.0,-0.3504875449926065,-0.9962033226339858,0.048524803559748524,12.710484699234035,159.90780029348144,-0.3504875449926065,359.56327711901463,0.0,327,True
cervix_ectocervix,excluded_at_or_below_-1,ENSG00000277255.1,MIR7854,,,,,,,,,,,,,,,,,0,False
cervix_ectocervix,raw,ENSG00000277255.1,MIR7854,0.0,24.0,-0.9875,1.0001e-06,0.0,-17675.90193946968,0.0,-1.0,-1.0,-1.0,0.0,,,-1.0,1.9600537358379766e-188,0.0,24,True
cervix_endocervix,excluded_at_or_below_-1,ENSG00000277255.1,MIR7854,,,,,,,,,,,,,,,,,0,False
cervix_endocervix,raw,ENSG00000277255.1,MIR7854,0.0,23.0,-0.9875,1.0001e-06,0.0,-17675.90193946968,0.0,-1.0,-1.0,-1.0,0.0,,,-1.0,1.878384830178061e-188,0.0,23,True
colon_sigmoid,excluded_at_or_below_-1,ENSG00000277255.1,MIR7854,,,,,,,,,,,,,,,,,0,False
colon_sigmoid,raw,ENSG00000277255.1,MIR7854,0.0,419.0,-0.9875,1.0001e-06,0.0,-17675.90193946968,0.0,-1.0,-1.0,-1.0,0.0,,,-1.0,3.4219271471504676e-187,0.0,419,True
colon_transverse,excluded_at_or_below_-1,ENSG00000277255.1,MIR7854,,,,,,,,,,,,,,,,,0,False
colon_transverse,raw,ENSG00000277255.1,MIR7854,0.0,479.0,-0.9875,1.0001e-06,0.0,-17675.90193946968,0.0,-1.0,-1.0,-1.0,0.0,,,-1.0,3.911940581109962e-187,0.0,479,True
esophagus_gastroesophageal_junction,excluded_at_or_below_-1,ENSG00000277255.1,MIR7854,,,,,,,,,,,,,,,,,0,False
esophagus_gastroesophageal_junction,raw,ENSG00000277255.1,MIR7854,0.0,403.0,-0.9875,1.0001e-06,0.0,-17675.90193946968,0.0,-1.0,-1.0,-1.0,0.0,,,-1.0,3.2912568980946026e-187,0.0,403,True
esophagus_mucosa,excluded_at_or_below_-1,ENSG00000277255.1,MIR7854,,,,,,,,,,,,,,,,,1,False
esophagus_mucosa,raw,ENSG00000277255.1,MIR7854,1.922847882348067,577.5916437363692,-0.9916269475108296,0.007588119123490564,1297.2597077051944,123.67509076698201,0.0,-1.0,-0.3280345833041113,-0.9989055937838829,0.027118317223745397,24.718447186693798,609.0016313213704,-0.3280345833041113,574.8817438316827,0.0,614,True
esophagus_muscularis,excluded_at_or_below_-1,ENSG00000277255.1,MIR7854,,,,,,,,,,,,,,,,,0,False
esophagus_muscularis,raw,ENSG00000277255.1,MIR7854,0.0,561.0,-0.9875,1.0001e-06,0.0,-17675.90193946968,0.0,-1.0,-1.0,-1.0,0.0,,,-1.0,4.5816256075212706e-187,0.0,561,True
fallopian_tube,excluded_at_or_below_-1,ENSG00000277255.1,MIR7854,,,,,,,,,,,,,,,,,0,False
fallopian_tube,raw,ENSG00000277255.1,MIR7854,0.0,29.0,-0.9875,1.0001e-06,0.0,-17675.90193946968,0.0,-1.0,-1.0,-1.0,0.0,,,-1.0,2.368398264137555e-188,0.0,29,True
heart_atrial_appendage,excluded_at_or_below_-1,ENSG00000277255.1,MIR7854,,,,,,,,,,,,,,,,,1,False
heart_atrial_appendage,raw,ENSG00000277255.1,MIR7854,1.336699570358803,425.6548894076754,-0.9930375826533464,0.006627715454292109,1194.6833425148393,117.90846938222394,0.0,-1.0,-0.4404592412286094,-0.9987862456425783,0.026060411242223403,21.40098534911521,456.0021739130435,-0.4404592412286094,423.92012746250344,0.0,461,True
heart_left_ventricle,excluded_at_or_below_-1,ENSG00000277255.1,MIR7854,,,,,,,,,,,,,,,,,1,False
heart_left_ventricle,raw,ENSG00000277255.1,MIR7854,0.6484138880132061,416.78670639360024,-0.9958308392248529,0.0040255844292314494,1178.9605201941113,116.31161713222161,0.0,-1.0,-0.6647477218486417,-0.9992582914200191,0.015768940711506255,21.189672420660486,447.0022172948998,-0.6647477218486417,415.16495952442847,0.0,452,True
kidney_cortex,excluded_at_or_below_-1,ENSG00000277255.1,MIR7854,,,,,,,,,,,,,,,,,1,False
kidney_cortex,raw,ENSG00000277255.1,MIR7854,0.025641025696692216,138.80909364009997,-0.9964328313052854,0.002113141400150862,0.9743589746526399,250.42305257369566,0.0,-1.0,-0.6222465457080433,-0.9963677552471927,0.037041773745418595,10.050358637275792,99.0097087378642,-0.6222465457080433,137.3573618136411,0.0,104,True
kidney_medulla,excluded_at_or_below_-1,ENSG00000277255.1,MIR7854,,,,,,,,,,,,,,,,,0,False
kidney_medulla,raw,ENSG00000277255.1,MIR7854,0.0,11.0,-0.9875,1.0001e-06,0.0,-17675.90193946968,0.0,-1.0,-1.0,-1.0,0.0,,,-1.0,8.983579622590726e-189,0.0,11,True
liver,excluded_at_or_below_-1,ENSG00000277255.1,MIR7854,,,,,,,,,,,,,,,,,1,False
liver,raw,ENSG00000277255.1,MIR7854,0.02564102564102564,282.1625381327592,-0.9923484232617775,0.0013649977731738743,0.9743589755299689,657.8791166449911,0.0,-1.0,-0.3573640382081298,-0.9975471909855271,0.03970218230913118,16.093595975344474,257.00383141762416,-0.3573640382081298,279.14067276969814,0.0,262,True
lung,excluded_at_or_below_-1,ENSG00000277255.1,MIR7854,,,,,,,,,,,,,,,,,0,False
lung,raw,ENSG00000277255.1,MIR7854,0.0,604.0,-0.9875,1.0001e-06,0.0,-17675.90193946968,0.0,-1.0,-1.0,-1.0,0.0,,,-1.0,4.932801901858908e-187,0.0,604,True
minor_salivary_gland,excluded_at_or_below_-1,ENSG00000277255.1,MIR7854,,,,,,,,,,,,,,,,,1,False
minor_salivary_gland,raw,ENSG00000277255.1,MIR7854,0.025641025643147217,209.50897798203388,-0.9926591482658472,0.0033039927074193652,0.974358974908873,292.32929236063745,0.0,-1.0,-0.3096973412076004,-0.996186173155843,0.05130979254192457,13.341872265748732,176.00555555555545,-0.3096973412076004,206.05000651988178,0.0,181,True
muscle_skeletal,excluded_at_or_below_-1,ENSG00000277255.1,MIR7854,,,,,,,,,,,,,,,,,1,False
muscle_skeletal,raw,ENSG00000277255.1,MIR7854,2.54847735048689,783.0895655834806,-0.9916484178503043,0.007555927204525267,1292.9107407395375,124.02665517848472,0.0,-1.0,-0.3289929301056933,-0.9991796979585643,0.023461212015836026,28.548226284485807,813.0012239902068,-0.3289929301056933,779.5287253153871,0.0,818,True
nerve_tibial,excluded_at_or_below_-1,ENSG00000277255.1,MIR7854,,,,,,,,,,,,,,,,,4,False
nerve_tibial,raw,ENSG00000277255.1,MIR7854,0.10256410256410255,703.7391746509484,-0.986500711634255,0.004090748900483956,5.58974358974359,395.27903720172833,0.0,-1.0,0.1568819639667136,-0.9949375790809091,0.06685014720303938,13.774979141953501,197.1889245708512,0.1568819639667136,703.7220145799138,0.0,670,True
ovary,excluded_at_or_below_-1,ENSG00000277255.1,MIR7854,,,,,,,,,,,,,,,,,0,False
ovary,raw,ENSG00000277255.1,MIR7854,0.0,193.0,-0.9875,1.0001e-06,0.0,-17675.90193946968,0.0,-1.0,-1.0,-1.0,0.0,,,-1.0,1.576209879236373e-187,0.0,193,True
pancreas,excluded_at_or_below_-1,ENSG00000277255.1,MIR7854,,,,,,,,,,,,,,,,,1,False
pancreas,raw,ENSG00000277255.1,MIR7854,0.025641025640958534,398.3969072493674,-0.9945711048197327,0.002275185698984095,0.9743589743591088,302.1189070137711,0.0,-1.0,-0.5085224379712845,-0.9986423271767163,0.025831487166249986,18.947368421052648,357.00277008310275,-0.5085224379712845,390.85283667308147,0.0,362,True
pituitary,excluded_at_or_below_-1,ENSG00000277255.1,MIR7854,,,,,,,,,,,,,,,,,0,False
pituitary,raw,ENSG00000277255.1,MIR7854,0.0,313.0,-0.9875,1.0001e-06,0.0,-17675.90193946968,0.0,-1.0,-1.0,-1.0,0.0,,,-1.0,2.5562367471553613e-187,0.0,313,True
prostate,excluded_at_or_below_-1,ENSG00000277255.1,MIR7854,,,,,,,,,,,,,,,,,3,False
prostate,raw,ENSG00000277255.1,MIR7854,0.07692307692354067,357.5507896123455,-0.9930521762476565,0.00321854793366776,4.769230771505617,297.5548290435069,0.0,-1.0,-0.315859915013928,-0.9928477490388047,0.06910686738406434,9.544346447018112,89.12274594686004,-0.315859915013928,357.23941025201816,0.0,282,True
skin_not_sun_exposed_suprapubic,excluded_at_or_below_-1,ENSG00000277255.1,MIR7854,,,,,,,,,,,,,,,,,2,False
skin_not_sun_exposed_suprapubic,raw,ENSG00000277255.1,MIR7854,0.04485984459308346,646.4023570206191,-0.9901035747111288,0.008058739960351833,10.76526728752663,137.5788366105845,0.0,-1.0,-0.2061257528381869,-0.9978921814574355,0.038466627975426534,18.60117106315937,351.14793600285634,-0.2061257528381869,642.5986687082668,0.0,651,True
skin_sun_exposed_lower_leg,excluded_at_or_below_-1,ENSG00000277255.1,MIR7854,,,,,,,,,,,,,,,,,0,False
skin_sun_exposed_lower_leg,raw,ENSG00000277255.1,MIR7854,0.0,754.0,-0.9875,1.0001e-06,0.0,-17675.90193946968,0.0,-1.0,-1.0,-1.0,0.0,,,-1.0,6.157835486757643e-187,0.0,754,True
small_intestine_terminal_ileum,excluded_at_or_below_-1,ENSG00000277255.1,MIR7854,,,,,,,,,,,,,,,,,1,False
small_intestine_terminal_ileum,raw,ENSG00000277255.1,MIR7854,0.06426256698207257,195.8095459097158,-0.9939762616196736,0.005458496048696564,105.87985432404722,123.60807862987795,0.0,-1.0,-0.5168812692226474,-0.9976660930880322,0.033579073022679116,14.283026792978168,202.00485436893211,-0.5168812692226474,194.87306036517737,0.0,207,True
spleen,excluded_at_or_below_-1,ENSG00000277255.1,MIR7854,,,,,,,,,,,,,,,,,1,False
spleen,raw,ENSG00000277255.1,MIR7854,0.025641025641448875,276.8072839991544,-0.990265044037025,0.003473414888904678,0.9743589743659508,319.33700009944937,0.0,-1.0,-0.2059493506828145,-0.9971333911576997,0.047709879611742334,16.55305479929325,272.00362318840547,-0.2059493506828145,272.0862532095272,0.0,277,True
stomach,excluded_at_or_below_-1,ENSG00000277255.1,MIR7854,,,,,,,,,,,,,,,,,0,False
stomach,raw,ENSG00000277255.1,MIR7854,0.0,407.0,-0.9875,1.0001e-06,0.0,-17675.90193946968,0.0,-1.0,-1.0,-1.0,0.0,,,-1.0,3.3239244603585686e-187,0.0,407,True
testis,excluded_at_or_below_-1,ENSG00000277255.1,MIR7854,,,,,,,,,,,,,,,,,0,False
testis,raw,ENSG00000277255.1,MIR7854,0.0,414.0,-0.9875,1.0001e-06,0.0,-17675.90193946968,0.0,-1.0,-1.0,-1.0,0.0,,,-1.0,3.3810926943205097e-187,0.0,414,True
thyroid,excluded_at_or_below_-1,ENSG00000277255.1,MIR7854,,,,,,,,,,,,,,,,,2,False
thyroid,raw,ENSG00000277255.1,MIR7854,0.06771650339730471,679.0763537726137,-0.9889253202818242,0.008899248526509735,12.037460696851126,139.35965693898265,0.0,-1.0,-0.1119741619376381,-0.9976048389307383,0.044418522149105265,18.606620833413164,346.5542042389995,-0.1119741619376381,674.9225271966314,0.0,684,True
uterus,excluded_at_or_below_-1,ENSG00000277255.1,MIR7854,,,,,,,,,,,,,,,,,1,False
uterus,raw,ENSG00000277255.1,MIR7854,0.025641025641025637,176.6479929092121,-0.9921169203442852,0.002656006302382195,0.9743589743589743,375.4787828721764,0.0,-1.0,-0.2869377025422449,-0.9953394621081193,0.0576476700012534,12.24771729537258,148.0065789473686,-0.2869377025422449,171.65216694575543,0.0,153,True
vagina,excluded_at_or_below_-1,ENSG00000277255.1,MIR7854,,,,,,,,,,,,,,,,,0,False
vagina,raw,ENSG00000277255.1,MIR7854,0.0,170.0,-0.9875,1.0001e-06,0.0,-17675.90193946968,0.0,-1.0,-1.0,-1.0,0.0,,,-1.0,1.3883713962185667e-187,0.0,170,True
whole_blood,excluded_at_or_below_-1,ENSG00000277255.1,MIR7854,,,,,,,,,,,,,,,,,0,False
whole_blood,raw,ENSG00000277255.1,MIR7854,0.0,803.0,-0.9875,1.0001e-06,0.0,-17675.90193946968,0.0,-1.0,-1.0,-1.0,0.0,,,-1.0,6.55801312449123e-187,0.0,803,True
adipose_subcutaneous,excluded_at_or_below_-1,ENSG00000284269.1,MIR7855,,,,,,,,,,,,,,,,,0,False
adipose_subcutaneous,raw,ENSG00000284269.1,MIR7855,0.0,714.0,-0.9875,1.0001e-06,0.0,-17675.90193946968,0.0,-1.0,-1.0,-1.0,0.0,,,-1.0,5.83115986411798e-187,0.0,714,True
adipose_visceral_omentum,excluded_at_or_below_-1,ENSG00000284269.1,MIR7855,,,,,,,,,,,,,,,,,0,False
adipose_visceral_omentum,raw,ENSG00000284269.1,MIR7855,0.0,587.0,-0.9875,1.0001e-06,0.0,-17675.90193946968,0.0,-1.0,-1.0,-1.0,0.0,,,-1.0,4.793964762237051e-187,0.0,587,True
adrenal_gland,excluded_at_or_below_-1,ENSG00000284269.1,MIR7855,,,,,,,,,,,,,,,,,0,False
adrenal_gland,raw,ENSG00000284269.1,MIR7855,0.0,295.0,-0.9875,1.0001e-06,0.0,-17675.90193946968,0.0,-1.0,-1.0,-1.0,0.0,,,-1.0,2.409232716967513e-187,0.0,295,True
artery_aorta,excluded_at_or_below_-1,ENSG00000284269.1,MIR7855,,,,,,,,,,,,,,,,,2,False
artery_aorta,raw,ENSG00000284269.1,MIR7855,0.05128205128194386,476.88070794542034,-0.9868362917720028,0.005074557397008097,1.8974358974484278,303.50630188533614,0.0,-1.0,0.1022213938906686,-0.9957272198276454,0.06585452559734926,15.462317473122312,239.0572317455461,0.1022213938906686,475.3999542549742,0.0,472,True
artery_coronary,excluded_at_or_below_-1,ENSG00000284269.1,MIR7855,,,,,,,,,,,,,,,,,0,False
artery_coronary,raw,ENSG00000284269.1,MIR7855,0.0,268.0,-0.9875,1.0001e-06,0.0,-17675.90193946968,0.0,-1.0,-1.0,-1.0,0.0,,,-1.0,2.1887266716857407e-187,0.0,268,True
artery_tibial,excluded_at_or_below_-1,ENSG00000284269.1,MIR7855,,,,,,,,,,,,,,,,,2,False
artery_tibial,raw,ENSG00000284269.1,MIR7855,2.133947792027306,635.2693120644316,-0.9895445026272806,0.00969664587609937,2892.419536663293,120.87479694063667,0.0,-1.0,-0.1607587149192446,-0.9978572995063736,0.040153729762455466,18.991692305086687,364.360986230176,-0.1607587149192446,632.4385736677025,0.0,691,True
bladder,excluded_at_or_below_-1,ENSG00000284269.1,MIR7855,,,,,,,,,,,,,,,,,0,False
bladder,raw,ENSG00000284269.1,MIR7855,0.0,77.0,-0.9875,1.0001e-06,0.0,-17675.90193946968,0.0,-1.0,-1.0,-1.0,0.0,,,-1.0,6.288505735813509e-188,0.0,77,True
brain_amygdala,excluded_at_or_below_-1,ENSG00000284269.1,MIR7855,,,,,,,,,,,,,,,,,0,False
brain_amygdala,raw,ENSG00000284269.1,MIR7855,0.0,181.0,-0.9875,1.0001e-06,0.0,-17675.90193946968,0.0,-1.0,-1.0,-1.0,0.0,,,-1.0,1.478207192444474e-187,0.0,181,True
brain_anterior_cingulate_cortex_ba24,excluded_at_or_below_-1,ENSG00000284269.1,MIR7855,,,,,,,,,,,,,,,,,0,False
brain_anterior_cingulate_cortex_ba24,raw,ENSG00000284269.1,MIR7855,0.0,233.0,-0.9875,1.0001e-06,0.0,-17675.90193946968,0.0,-1.0,-1.0,-1.0,0.0,,,-1.0,1.9028855018760357e-187,0.0,233,True
brain_caudate_basal_ganglia,excluded_at_or_below_-1,ENSG00000284269.1,MIR7855,,,,,,,,,,,,,,,,,0,False
brain_caudate_basal_ganglia,raw,ENSG00000284269.1,MIR7855,0.0,300.0,-0.9875,1.0001e-06,0.0,-17675.90193946968,0.0,-1.0,-1.0,-1.0,0.0,,,-1.0,2.450067169797471e-187,0.0,300,True
brain_cerebellar_hemisphere,excluded_at_or_below_-1,ENSG00000284269.1,MIR7855,,,,,,,,,,,,,,,,,0,False
brain_cerebellar_hemisphere,raw,ENSG00000284269.1,MIR7855,0.0,277.0,-0.9875,1.0001e-06,0.0,-17675.90193946968,0.0,-1.0,-1.0,-1.0,0.0,,,-1.0,2.2622286867796648e-187,0.0,277,True
brain_cerebellum,excluded_at_or_below_-1,ENSG00000284269.1,MIR7855,,,,,,,,,,,,,,,,,0,False
brain_cerebellum,raw,ENSG00000284269.1,MIR7855,0.0,266.0,-0.9875,1.0001e-06,0.0,-17675.90193946968,0.0,-1.0,-1.0,-1.0,0.0,,,-1.0,2.1723928905537574e-187,0.0,266,True
brain_cortex,excluded_at_or_below_-1,ENSG00000284269.1,MIR7855,,,,,,,,,,,,,,,,,0,False
brain_cortex,raw,ENSG00000284269.1,MIR7855,0.0,270.0,-0.9875,1.0001e-06,0.0,-17675.90193946968,0.0,-1.0,-1.0,-1.0,0.0,,,-1.0,2.2050604528177237e-187,0.0,270,True
brain_frontal_cortex_ba9,excluded_at_or_below_-1,ENSG00000284269.1,MIR7855,,,,,,,,,,,,,,,,,0,False
brain_frontal_cortex_ba9,raw,ENSG00000284269.1,MIR7855,0.0,269.0,-0.9875,1.0001e-06,0.0,-17675.90193946968,0.0,-1.0,-1.0,-1.0,0.0,,,-1.0,2.196893562251732e-187,0.0,269,True
brain_hippocampus,excluded_at_or_below_-1,ENSG00000284269.1,MIR7855,,,,,,,,,,,,,,,,,0,False
brain_hippocampus,raw,ENSG00000284269.1,MIR7855,0.0,255.0,-0.9875,1.0001e-06,0.0,-17675.90193946968,0.0,-1.0,-1.0,-1.0,0.0,,,-1.0,2.08255709432785e-187,0.0,255,True
brain_hypothalamus,excluded_at_or_below_-1,ENSG00000284269.1,MIR7855,,,,,,,,,,,,,,,,,0,False
brain_hypothalamus,raw,ENSG00000284269.1,MIR7855,0.0,257.0,-0.9875,1.0001e-06,0.0,-17675.90193946968,0.0,-1.0,-1.0,-1.0,0.0,,,-1.0,2.0988908754598334e-187,0.0,257,True
brain_nucleus_accumbens_basal_ganglia,excluded_at_or_below_-1,ENSG00000284269.1,MIR7855,,,,,,,,,,,,,,,,,0,False
brain_nucleus_accumbens_basal_ganglia,raw,ENSG00000284269.1,MIR7855,0.0,285.0,-0.9875,1.0001e-06,0.0,-17675.90193946968,0.0,-1.0,-1.0,-1.0,0.0,,,-1.0,2.3275638113075975e-187,0.0,285,True
brain_putamen_basal_ganglia,excluded_at_or_below_-1,ENSG00000284269.1,MIR7855,,,,,,,,,,,,,,,,,0,False
brain_putamen_basal_ganglia,raw,ENSG00000284269.1,MIR7855,0.0,254.0,-0.9875,1.0001e-06,0.0,-17675.90193946968,0.0,-1.0,-1.0,-1.0,0.0,,,-1.0,2.0743902037618585e-187,0.0,254,True
brain_spinal_cord_cervical_c-1,excluded_at_or_below_-1,ENSG00000284269.1,MIR7855,,,,,,,,,,,,,,,,,0,False
brain_spinal_cord_cervical_c-1,raw,ENSG00000284269.1,MIR7855,0.0,204.0,-0.9875,1.0001e-06,0.0,-17675.90193946968,0.0,-1.0,-1.0,-1.0,0.0,,,-1.0,1.6660456754622802e-187,0.0,204,True
brain_substantia_nigra,excluded_at_or_below_-1,ENSG00000284269.1,MIR7855,,,,,,,,,,,,,,,,,0,False
brain_substantia_nigra,raw,ENSG00000284269.1,MIR7855,0.0,183.0,-0.9875,1.0001e-06,0.0,-17675.90193946968,0.0,-1.0,-1.0,-1.0,0.0,,,-1.0,1.4945409735764572e-187,0.0,183,True
breast_mammary_tissue,excluded_at_or_below_-1,ENSG00000284269.1,MIR7855,,,,,,,,,,,,,,,,,0,False
breast_mammary_tissue,raw,ENSG00000284269.1,MIR7855,0.0,514.0,-0.9875,1.0001e-06,0.0,-17675.90193946968,0.0,-1.0,-1.0,-1.0,0.0,,,-1.0,4.1977817509196667e-187,0.0,514,True
cells_cultured_fibroblasts,excluded_at_or_below_-1,ENSG00000284269.1,MIR7855,,,,,,,,,,,,,,,,,0,False
cells_cultured_fibroblasts,raw,ENSG00000284269.1,MIR7855,0.0,652.0,-0.9875,1.0001e-06,0.0,-17675.90193946968,0.0,-1.0,-1.0,-1.0,0.0,,,-1.0,5.324812649026503e-187,0.0,652,True
cells_ebv-transformed_lymphocytes,excluded_at_or_below_-1,ENSG00000284269.1,MIR7855,,,,,,,,,,,,,,,,,0,False
cells_ebv-transformed_lymphocytes,raw,ENSG00000284269.1,MIR7855,0.0,327.0,-0.9875,1.0001e-06,0.0,-17675.90193946968,0.0,-1.0,-1.0,-1.0,0.0,,,-1.0,2.670573215079243e-187,0.0,327,True
cervix_ectocervix,excluded_at_or_below_-1,ENSG00000284269.1,MIR7855,,,,,,,,,,,,,,,,,0,False
cervix_ectocervix,raw,ENSG00000284269.1,MIR7855,0.0,24.0,-0.9875,1.0001e-06,0.0,-17675.90193946968,0.0,-1.0,-1.0,-1.0,0.0,,,-1.0,1.9600537358379766e-188,0.0,24,True
cervix_endocervix,excluded_at_or_below_-1,ENSG00000284269.1,MIR7855,,,,,,,,,,,,,,,,,0,False
cervix_endocervix,raw,ENSG00000284269.1,MIR7855,0.0,23.0,-0.9875,1.0001e-06,0.0,-17675.90193946968,0.0,-1.0,-1.0,-1.0,0.0,,,-1.0,1.878384830178061e-188,0.0,23,True
colon_sigmoid,excluded_at_or_below_-1,ENSG00000284269.1,MIR7855,,,,,,,,,,,,,,,,,0,False
colon_sigmoid,raw,ENSG00000284269.1,MIR7855,0.0,419.0,-0.9875,1.0001e-06,0.0,-17675.90193946968,0.0,-1.0,-1.0,-1.0,0.0,,,-1.0,3.4219271471504676e-187,0.0,419,True
colon_transverse,excluded_at_or_below_-1,ENSG00000284269.1,MIR7855,,,,,,,,,,,,,,,,,0,False
colon_transverse,raw,ENSG00000284269.1,MIR7855,0.0,479.0,-0.9875,1.0001e-06,0.0,-17675.90193946968,0.0,-1.0,-1.0,-1.0,0.0,,,-1.0,3.911940581109962e-187,0.0,479,True
esophagus_gastroesophageal_junction,excluded_at_or_below_-1,ENSG00000284269.1,MIR7855,,,,,,,,,,,,,,,,,0,False
esophagus_gastroesophageal_junction,raw,ENSG00000284269.1,MIR7855,0.0,403.0,-0.9875,1.0001e-06,0.0,-17675.90193946968,0.0,-1.0,-1.0,-1.0,0.0,,,-1.0,3.2912568980946026e-187,0.0,403,True
esophagus_mucosa,excluded_at_or_below_-1,ENSG00000284269.1,MIR7855,,,,,,,,,,,,,,,,,1,False
esophagus_mucosa,raw,ENSG00000284269.1,MIR7855,1.975836064677825,577.4340182061494,-0.9934879429403038,0.006055781103846094,1327.6787109393335,120.70202324724005,0.0,-1.0,-0.476631754437855,-0.999147608720583,0.021121423447320938,24.718447186693783,609.0016313213711,-0.476631754437855,574.9713460570947,0.0,614,True
esophagus_muscularis,excluded_at_or_below_-1,ENSG00000284269.1,MIR7855,,,,,,,,,,,,,,,,,0,False
esophagus_muscularis,raw,ENSG00000284269.1,MIR7855,0.0,561.0,-0.9875,1.0001e-06,0.0,-17675.90193946968,0.0,-1.0,-1.0,-1.0,0.0,,,-1.0,4.5816256075212706e-187,0.0,561,True
fallopian_tube,excluded_at_or_below_-1,ENSG00000284269.1,MIR7855,,,,,,,,,,,,,,,,,0,False
fallopian_tube,raw,ENSG00000284269.1,MIR7855,0.0,29.0,-0.9875,1.0001e-06,0.0,-17675.90193946968,0.0,-1.0,-1.0,-1.0,0.0,,,-1.0,2.368398264137555e-188,0.0,29,True
heart_atrial_appendage,excluded_at_or_below_-1,ENSG00000284269.1,MIR7855,,,,,,,,,,,,,,,,,0,False
heart_atrial_appendage,raw,ENSG00000284269.1,MIR7855,0.0,461.0,-0.9875,1.0001e-06,0.0,-17675.90193946968,0.0,-1.0,-1.0,-1.0,0.0,,,-1.0,3.7649365509221136e-187,0.0,461,True
heart_left_ventricle,excluded_at_or_below_-1,ENSG00000284269.1,MIR7855,,,,,,,,,,,,,,,,,0,False
heart_left_ventricle,raw,ENSG00000284269.1,MIR7855,0.0,452.0,-0.9875,1.0001e-06,0.0,-17675.90193946968,0.0,-1.0,-1.0,-1.0,0.0,,,-1.0,3.6914345358281893e-187,0.0,452,True
kidney_cortex,excluded_at_or_below_-1,ENSG00000284269.1,MIR7855,,,,,,,,,,,,,,,,,0,False
kidney_cortex,raw,ENSG00000284269.1,MIR7855,0.0,104.0,-0.9875,1.0001e-06,0.0,-17675.90193946968,0.0,-1.0,-1.0,-1.0,0.0,,,-1.0,8.493566188631232e-188,0.0,104,True
kidney_medulla,excluded_at_or_below_-1,ENSG00000284269.1,MIR7855,,,,,,,,,,,,,,,,,0,False
kidney_medulla,raw,ENSG00000284269.1,MIR7855,0.0,11.0,-0.9875,1.0001e-06,0.0,-17675.90193946968,0.0,-1.0,-1.0,-1.0,0.0,,,-1.0,8.983579622590726e-189,0.0,11,True
liver,excluded_at_or_below_-1,ENSG00000284269.1,MIR7855,,,,,,,,,,,,,,,,,0,False
liver,raw,ENSG00000284269.1,MIR7855,0.0,262.0,-0.9875,1.0001e-06,0.0,-17675.90193946968,0.0,-1.0,-1.0,-1.0,0.0,,,-1.0,2.1397253282897912e-187,0.0,262,True
lung,excluded_at_or_below_-1,ENSG00000284269.1,MIR7855,,,,,,,,,,,,,,,,,1,False
lung,raw,ENSG00000284269.1,MIR7855,1.8103699431864337,572.571612233055,-0.9947552763593093,0.0035320031102439317,944.5035840962238,165.90880920270405,0.0,-1.0,-0.5803974695104573,-0.9993052938236928,0.017073384829178168,24.51533516749859,599.0016583747928,-0.5803974695104573,567.2535793186148,0.0,604,True
minor_salivary_gland,excluded_at_or_below_-1,ENSG00000284269.1,MIR7855,,,,,,,,,,,,,,,,,0,False
minor_salivary_gland,raw,ENSG00000284269.1,MIR7855,0.0,181.0,-0.9875,1.0001e-06,0.0,-17675.90193946968,0.0,-1.0,-1.0,-1.0,0.0,,,-1.0,1.478207192444474e-187,0.0,181,True
muscle_skeletal,excluded_at_or_below_-1,ENSG00000284269.1,MIR7855,,,,,,,,,,,,,,,,,0,False
muscle_skeletal,raw,ENSG00000284269.1,MIR7855,0.0,818.0,-0.9875,1.0001e-06,0.0,-17675.90193946968,0.0,-1.0,-1.0,-1.0,0.0,,,-1.0,6.680516482981104e-187,0.0,818,True
nerve_tibial,excluded_at_or_below_-1,ENSG00000284269.1,MIR7855,,,,,,,,,,,,,,,,,0,False
nerve_tibial,raw,ENSG00000284269.1,MIR7855,0.0,670.0,-0.9875,1.0001e-06,0.0,-17675.90193946968,0.0,-1.0,-1.0,-1.0,0.0,,,-1.0,5.471816679214351e-187,0.0,670,True
ovary,excluded_at_or_below_-1,ENSG00000284269.1,MIR7855,,,,,,,,,,,,,,,,,1,False
ovary,raw,ENSG00000284269.1,MIR7855,-0.11415249292926853,182.2731031255634,-0.9875088305480806,0.010657984224064998,98.96740923329071,130.9932469050498,0.0,-1.0,-0.0003001117812122,-0.9948202078330632,0.07195997255615927,13.78423767690232,188.00520833333337,-0.0003001117812122,181.22713394282522,0.0,193,True
pancreas,excluded_at_or_below_-1,ENSG00000284269.1,MIR7855,,,,,,,,,,,,,,,,,1,False
pancreas,raw,ENSG00000284269.1,MIR7855,0.025641025641025647,398.39714638660604,-0.993046485912216,0.002166637537111781,0.9743589755051708,394.09204378253105,0.0,-1.0,-0.3892800974018864,-0.9983129284458615,0.032098725445404735,18.947368421052623,357.00277008310235,-0.3892800974018864,395.55133431931864,0.0,362,True
pituitary,excluded_at_or_below_-1,ENSG00000284269.1,MIR7855,,,,,,,,,,,,,,,,,0,False
pituitary,raw,ENSG00000284269.1,MIR7855,0.0,313.0,-0.9875,1.0001e-06,0.0,-17675.90193946968,0.0,-1.0,-1.0,-1.0,0.0,,,-1.0,2.5562367471553613e-187,0.0,313,True
prostate,excluded_at_or_below_-1,ENSG00000284269.1,MIR7855,,,,,,,,,,,,,,,,,0,False
prostate,raw,ENSG00000284269.1,MIR7855,0.0,282.0,-0.9875,1.0001e-06,0.0,-17675.90193946968,0.0,-1.0,-1.0,-1.0,0.0,,,-1.0,2.3030631396096224e-187,0.0,282,True
skin_not_sun_exposed_suprapubic,excluded_at_or_below_-1,ENSG00000284269.1,MIR7855,,,,,,,,,,,,,,,,,0,False
skin_not_sun_exposed_suprapubic,raw,ENSG00000284269.1,MIR7855,0.0,651.0,-0.9875,1.0001e-06,0.0,-17675.90193946968,0.0,-1.0,-1.0,-1.0,0.0,,,-1.0,5.316645758460512e-187,0.0,651,True
skin_sun_exposed_lower_leg,excluded_at_or_below_-1,ENSG00000284269.1,MIR7855,,,,,,,,,,,,,,,,,0,False
skin_sun_exposed_lower_leg,raw,ENSG00000284269.1,MIR7855,0.0,754.0,-0.9875,1.0001e-06,0.0,-17675.90193946968,0.0,-1.0,-1.0,-1.0,0.0,,,-1.0,6.157835486757643e-187,0.0,754,True
small_intestine_terminal_ileum,excluded_at_or_below_-1,ENSG00000284269.1,MIR7855,,,,,,,,,,,,,,,,,1,False
small_intestine_terminal_ileum,raw,ENSG00000284269.1,MIR7855,0.026316276728576397,200.4583171036515,-0.991936531219538,0.00562936195886225,31.399511109622605,160.03814451689436,0.0,-1.0,-0.3548950923023886,-0.996883551170543,0.0448378906113036,14.283026792978164,202.00485436893138,-0.3548950923023886,198.72447277893696,0.0,207,True
spleen,excluded_at_or_below_-1,ENSG00000284269.1,MIR7855,,,,,,,,,,,,,,,,,0,False
spleen,raw,ENSG00000284269.1,MIR7855,0.0,277.0,-0.9875,1.0001e-06,0.0,-17675.90193946968,0.0,-1.0,-1.0,-1.0,0.0,,,-1.0,2.2622286867796648e-187,0.0,277,True
stomach,excluded_at_or_below_-1,ENSG00000284269.1,MIR7855,,,,,,,,,,,,,,,,,0,False
stomach,raw,ENSG00000284269.1,MIR7855,0.0,407.0,-0.9875,1.0001e-06,0.0,-17675.90193946968,0.0,-1.0,-1.0,-1.0,0.0,,,-1.0,3.3239244603585686e-187,0.0,407,True
testis,excluded_at_or_below_-1,ENSG00000284269.1,MIR7855,,,,,,,,,,,,,,,,,2,False
testis,raw,ENSG00000284269.1,MIR7855,0.022067056584107073,399.792821715933,-0.9903299644913899,0.008522936732602952,155.5716991306447,127.07577540434615,0.0,-1.0,-0.2244917468177469,-0.9965884739013605,0.0492606324090853,14.489004997756679,209.8504619334106,-0.2244917468177469,397.76788939174463,0.0,414,True
thyroid,excluded_at_or_below_-1,ENSG00000284269.1,MIR7855,,,,,,,,,,,,,,,,,0,False
thyroid,raw,ENSG00000284269.1,MIR7855,0.0,684.0,-0.9875,1.0001e-06,0.0,-17675.90193946968,0.0,-1.0,-1.0,-1.0,0.0,,,-1.0,5.586153147138233e-187,0.0,684,True
uterus,excluded_at_or_below_-1,ENSG00000284269.1,MIR7855,,,,,,,,,,,,,,,,,0,False
uterus,raw,ENSG00000284269.1,MIR7855,0.0,153.0,-0.9875,1.0001e-06,0.0,-17675.90193946968,0.0,-1.0,-1.0,-1.0,0.0,,,-1.0,1.24953425659671e-187,0.0,153,True
vagina,excluded_at_or_below_-1,ENSG00000284269.1,MIR7855,,,,,,,,,,,,,,,,,0,False
vagina,raw,ENSG00000284269.1,MIR7855,0.0,170.0,-0.9875,1.0001e-06,0.0,-17675.90193946968,0.0,-1.0,-1.0,-1.0,0.0,,,-1.0,1.3883713962185667e-187,0.0,170,True
whole_blood,excluded_at_or_below_-1,ENSG00000284269.1,MIR7855,,,,,,,,,,,,,,,,,2,False
whole_blood,raw,ENSG00000284269.1,MIR7855,2.7642151925135883,746.1010808215925,-0.9881933718265893,0.010894991408073552,3085.60556030386,121.52501442041454,0.0,-1.0,-0.051974102542611,-0.997931943998876,0.04182779131283059,20.547936397944348,427.55105552946355,-0.051974102542611,742.7785234647274,0.0,803,True
adipose_subcutaneous,excluded_at_or_below_-1,ENSG00000278281.1,MIR7856,,,,,,,,,,,,,,,,,1,False
adipose_subcutaneous,raw,ENSG00000278281.1,MIR7856,2.401503603888644,677.8828099560468,-0.9874639654019135,0.011799458580282798,1373.0875400826778,119.39028552438985,0.0,-1.0,0.0086661569604145,-0.9985873023011759,0.03774838220135713,26.664609551323707,709.0014025245439,0.0086661569604145,675.1596313296727,0.0,714,True
adipose_visceral_omentum,excluded_at_or_below_-1,ENSG00000278281.1,MIR7856,,,,,,,,,,,,,,,,,2,False
adipose_visceral_omentum,raw,ENSG00000278281.1,MIR7856,0.012968212398878768,566.6906909544666,-0.9888030783641896,0.009806993592109849,345.80589689741606,127.82560303726962,0.0,-1.0,-0.1023847160692295,-0.9974507882087916,0.04450000081765866,18.00587555848387,331.86969013859454,-0.1023847160692295,563.7509823991409,0.0,587,True
adrenal_gland,excluded_at_or_below_-1,ENSG00000278281.1,MIR7856,,,,,,,,,,,,,,,,,0,False
adrenal_gland,raw,ENSG00000278281.1,MIR7856,0.0,295.0,-0.9875,1.0001e-06,0.0,-17675.90193946968,0.0,-1.0,-1.0,-1.0,0.0,,,-1.0,2.409232716967513e-187,0.0,295,True
artery_aorta,excluded_at_or_below_-1,ENSG00000278281.1,MIR7856,,,,,,,,,,,,,,,,,0,False
artery_aorta,raw,ENSG00000278281.1,MIR7856,0.0,472.0,-0.9875,1.0001e-06,0.0,-17675.90193946968,0.0,-1.0,-1.0,-1.0,0.0,,,-1.0,3.8547723471480207e-187,0.0,472,True
artery_coronary,excluded_at_or_below_-1,ENSG00000278281.1,MIR7856,,,,,,,,,,,,,,,,,1,False
artery_coronary,raw,ENSG00000278281.1,MIR7856,0.02564102564102564,275.9500296446122,-0.9915480518531613,0.0015077276963405644,0.9743589744469459,646.8640456453788,0.0,-1.0,-0.3019104586809752,-0.9973951882786605,0.04264260568694662,16.278935632231995,263.00374531835223,-0.3019104586809752,265.6563154151879,0.0,268,True
artery_tibial,excluded_at_or_below_-1,ENSG00000278281.1,MIR7856,,,,,,,,,,,,,,,,,0,False
artery_tibial,raw,ENSG00000278281.1,MIR7856,0.0,691.0,-0.9875,1.0001e-06,0.0,-17675.90193946968,0.0,-1.0,-1.0,-1.0,0.0,,,-1.0,5.643321381100175e-187,0.0,691,True
bladder,excluded_at_or_below_-1,ENSG00000278281.1,MIR7856,,,,,,,,,,,,,,,,,0,False
bladder,raw,ENSG00000278281.1,MIR7856,0.0,77.0,-0.9875,1.0001e-06,0.0,-17675.90193946968,0.0,-1.0,-1.0,-1.0,0.0,,,-1.0,6.288505735813509e-188,0.0,77,True
brain_amygdala,excluded_at_or_below_-1,ENSG00000278281.1,MIR7856,,,,,,,,,,,,,,,,,0,False
brain_amygdala,raw,ENSG00000278281.1,MIR7856,0.0,181.0,-0.9875,1.0001e-06,0.0,-17675.90193946968,0.0,-1.0,-1.0,-1.0,0.0,,,-1.0,1.478207192444474e-187,0.0,181,True
brain_anterior_cingulate_cortex_ba24,excluded_at_or_below_-1,ENSG00000278281.1,MIR7856,,,,,,,,,,,,,,,,,0,False
brain_anterior_cingulate_cortex_ba24,raw,ENSG00000278281.1,MIR7856,0.0,233.0,-0.9875,1.0001e-06,0.0,-17675.90193946968,0.0,-1.0,-1.0,-1.0,0.0,,,-1.0,1.9028855018760357e-187,0.0,233,True
brain_caudate_basal_ganglia,excluded_at_or_below_-1,ENSG00000278281.1,MIR7856,,,,,,,,,,,,,,,,,0,False
brain_caudate_basal_ganglia,raw,ENSG00000278281.1,MIR7856,0.0,300.0,-0.9875,1.0001e-06,0.0,-17675.90193946968,0.0,-1.0,-1.0,-1.0,0.0,,,-1.0,2.450067169797471e-187,0.0,300,True
brain_cerebellar_hemisphere,excluded_at_or_below_-1,ENSG00000278281.1,MIR7856,,,,,,,,,,,,,,,,,0,False
brain_cerebellar_hemisphere,raw,ENSG00000278281.1,MIR7856,0.0,277.0,-0.9875,1.0001e-06,0.0,-17675.90193946968,0.0,-1.0,-1.0,-1.0,0.0,,,-1.0,2.2622286867796648e-187,0.0,277,True
brain_cerebellum,excluded_at_or_below_-1,ENSG00000278281.1,MIR7856,,,,,,,,,,,,,,,,,0,False
brain_cerebellum,raw,ENSG00000278281.1,MIR7856,0.0,266.0,-0.9875,1.0001e-06,0.0,-17675.90193946968,0.0,-1.0,-1.0,-1.0,0.0,,,-1.0,2.1723928905537574e-187,0.0,266,True
brain_cortex,excluded_at_or_below_-1,ENSG00000278281.1,MIR7856,,,,,,,,,,,,,,,,,0,False
brain_cortex,raw,ENSG00000278281.1,MIR7856,0.0,270.0,-0.9875,1.0001e-06,0.0,-17675.90193946968,0.0,-1.0,-1.0,-1.0,0.0,,,-1.0,2.2050604528177237e-187,0.0,270,True
brain_frontal_cortex_ba9,excluded_at_or_below_-1,ENSG00000278281.1,MIR7856,,,,,,,,,,,,,,,,,1,False
brain_frontal_cortex_ba9,raw,ENSG00000278281.1,MIR7856,0.025641025643612876,281.3703981248949,-0.9911390643875915,0.003825832316265499,0.9743589744220121,283.74701238802726,0.0,-1.0,-0.2235262239221929,-0.9971134803863279,0.04734244167922334,16.30962082156674,264.00373134328345,-0.2235262239221929,280.4992139971585,0.0,269,True
brain_hippocampus,excluded_at_or_below_-1,ENSG00000278281.1,MIR7856,,,,,,,,,,,,,,,,,0,False
brain_hippocampus,raw,ENSG00000278281.1,MIR7856,0.0,255.0,-0.9875,1.0001e-06,0.0,-17675.90193946968,0.0,-1.0,-1.0,-1.0,0.0,,,-1.0,2.08255709432785e-187,0.0,255,True
brain_hypothalamus,excluded_at_or_below_-1,ENSG00000278281.1,MIR7856,,,,,,,,,,,,,,,,,0,False
brain_hypothalamus,raw,ENSG00000278281.1,MIR7856,0.0,257.0,-0.9875,1.0001e-06,0.0,-17675.90193946968,0.0,-1.0,-1.0,-1.0,0.0,,,-1.0,2.0988908754598334e-187,0.0,257,True
brain_nucleus_accumbens_basal_ganglia,excluded_at_or_below_-1,ENSG00000278281.1,MIR7856,,,,,,,,,,,,,,,,,0,False
brain_nucleus_accumbens_basal_ganglia,raw,ENSG00000278281.1,MIR7856,0.0,285.0,-0.9875,1.0001e-06,0.0,-17675.90193946968,0.0,-1.0,-1.0,-1.0,0.0,,,-1.0,2.3275638113075975e-187,0.0,285,True
brain_putamen_basal_ganglia,excluded_at_or_below_-1,ENSG00000278281.1,MIR7856,,,,,,,,,,,,,,,,,0,False
brain_putamen_basal_ganglia,raw,ENSG00000278281.1,MIR7856,0.0,254.0,-0.9875,1.0001e-06,0.0,-17675.90193946968,0.0,-1.0,-1.0,-1.0,0.0,,,-1.0,2.0743902037618585e-187,0.0,254,True
brain_spinal_cord_cervical_c-1,excluded_at_or_below_-1,ENSG00000278281.1,MIR7856,,,,,,,,,,,,,,,,,0,False
brain_spinal_cord_cervical_c-1,raw,ENSG00000278281.1,MIR7856,0.0,204.0,-0.9875,1.0001e-06,0.0,-17675.90193946968,0.0,-1.0,-1.0,-1.0,0.0,,,-1.0,1.6660456754622802e-187,0.0,204,True
brain_substantia_nigra,excluded_at_or_below_-1,ENSG00000278281.1,MIR7856,,,,,,,,,,,,,,,,,0,False
brain_substantia_nigra,raw,ENSG00000278281.1,MIR7856,0.0,183.0,-0.9875,1.0001e-06,0.0,-17675.90193946968,0.0,-1.0,-1.0,-1.0,0.0,,,-1.0,1.4945409735764572e-187,0.0,183,True
breast_mammary_tissue,excluded_at_or_below_-1,ENSG00000278281.1,MIR7856,,,,,,,,,,,,,,,,,2,False
breast_mammary_tissue,raw,ENSG00000278281.1,MIR7856,0.05263157891426635,549.6491990172129,-0.9911371428606331,0.004657283871403418,1.89750696067581,242.7684393085878,0.0,-1.0,-0.191652845043256,-0.9974171613801655,0.04233897282351784,16.99480194163706,296.5180414298324,-0.191652845043256,541.0857040087577,0.0,514,True
cells_cultured_fibroblasts,excluded_at_or_below_-1,ENSG00000278281.1,MIR7856,,,,,,,,,,,,,,,,,0,False
cells_cultured_fibroblasts,raw,ENSG00000278281.1,MIR7856,0.0,652.0,-0.9875,1.0001e-06,0.0,-17675.90193946968,0.0,-1.0,-1.0,-1.0,0.0,,,-1.0,5.324812649026503e-187,0.0,652,True
cells_ebv-transformed_lymphocytes,excluded_at_or_below_-1,ENSG00000278281.1,MIR7856,,,,,,,,,,,,,,,,,0,False
cells_ebv-transformed_lymphocytes,raw,ENSG00000278281.1,MIR7856,0.0,327.0,-0.9875,1.0001e-06,0.0,-17675.90193946968,0.0,-1.0,-1.0,-1.0,0.0,,,-1.0,2.670573215079243e-187,0.0,327,True
cervix_ectocervix,excluded_at_or_below_-1,ENSG00000278281.1,MIR7856,,,,,,,,,,,,,,,,,0,False
cervix_ectocervix,raw,ENSG00000278281.1,MIR7856,0.0,24.0,-0.9875,1.0001e-06,0.0,-17675.90193946968,0.0,-1.0,-1.0,-1.0,0.0,,,-1.0,1.9600537358379766e-188,0.0,24,True
cervix_endocervix,excluded_at_or_below_-1,ENSG00000278281.1,MIR7856,,,,,,,,,,,,,,,,,0,False
cervix_endocervix,raw,ENSG00000278281.1,MIR7856,0.0,23.0,-0.9875,1.0001e-06,0.0,-17675.90193946968,0.0,-1.0,-1.0,-1.0,0.0,,,-1.0,1.878384830178061e-188,0.0,23,True
colon_sigmoid,excluded_at_or_below_-1,ENSG00000278281.1,MIR7856,,,,,,,,,,,,,,,,,0,False
colon_sigmoid,raw,ENSG00000278281.1,MIR7856,0.0,419.0,-0.9875,1.0001e-06,0.0,-17675.90193946968,0.0,-1.0,-1.0,-1.0,0.0,,,-1.0,3.4219271471504676e-187,0.0,419,True
colon_transverse,excluded_at_or_below_-1,ENSG00000278281.1,MIR7856,,,,,,,,,,,,,,,,,0,False
colon_transverse,raw,ENSG00000278281.1,MIR7856,0.0,479.0,-0.9875,1.0001e-06,0.0,-17675.90193946968,0.0,-1.0,-1.0,-1.0,0.0,,,-1.0,3.911940581109962e-187,0.0,479,True
esophagus_gastroesophageal_junction,excluded_at_or_below_-1,ENSG00000278281.1,MIR7856,,,,,,,,,,,,,,,,,0,False
esophagus_gastroesophageal_junction,raw,ENSG00000278281.1,MIR7856,0.0,403.0,-0.9875,1.0001e-06,0.0,-17675.90193946968,0.0,-1.0,-1.0,-1.0,0.0,,,-1.0,3.2912568980946026e-187,0.0,403,True
esophagus_mucosa,excluded_at_or_below_-1,ENSG00000278281.1,MIR7856,,,,,,,,,,,,,,,,,0,False
esophagus_mucosa,raw,ENSG00000278281.1,MIR7856,0.0,614.0,-0.9875,1.0001e-06,0.0,-17675.90193946968,0.0,-1.0,-1.0,-1.0,0.0,,,-1.0,5.014470807518823e-187,0.0,614,True
esophagus_muscularis,excluded_at_or_below_-1,ENSG00000278281.1,MIR7856,,,,,,,,,,,,,,,,,0,False
esophagus_muscularis,raw,ENSG00000278281.1,MIR7856,0.0,561.0,-0.9875,1.0001e-06,0.0,-17675.90193946968,0.0,-1.0,-1.0,-1.0,0.0,,,-1.0,4.5816256075212706e-187,0.0,561,True
fallopian_tube,excluded_at_or_below_-1,ENSG00000278281.1,MIR7856,,,,,,,,,,,,,,,,,0,False
fallopian_tube,raw,ENSG00000278281.1,MIR7856,0.0,29.0,-0.9875,1.0001e-06,0.0,-17675.90193946968,0.0,-1.0,-1.0,-1.0,0.0,,,-1.0,2.368398264137555e-188,0.0,29,True
heart_atrial_appendage,excluded_at_or_below_-1,ENSG00000278281.1,MIR7856,,,,,,,,,,,,,,,,,0,False
heart_atrial_appendage,raw,ENSG00000278281.1,MIR7856,0.0,461.0,-0.9875,1.0001e-06,0.0,-17675.90193946968,0.0,-1.0,-1.0,-1.0,0.0,,,-1.0,3.7649365509221136e-187,0.0,461,True
heart_left_ventricle,excluded_at_or_below_-1,ENSG00000278281.1,MIR7856,,,,,,,,,,,,,,,,,0,False
heart_left_ventricle,raw,ENSG00000278281.1,MIR7856,0.0,452.0,-0.9875,1.0001e-06,0.0,-17675.90193946968,0.0,-1.0,-1.0,-1.0,0.0,,,-1.0,3.6914345358281893e-187,0.0,452,True
kidney_cortex,excluded_at_or_below_-1,ENSG00000278281.1,MIR7856,,,,,,,,,,,,,,,,,0,False
kidney_cortex,raw,ENSG00000278281.1,MIR7856,0.0,104.0,-0.9875,1.0001e-06,0.0,-17675.90193946968,0.0,-1.0,-1.0,-1.0,0.0,,,-1.0,8.493566188631232e-188,0.0,104,True
kidney_medulla,excluded_at_or_below_-1,ENSG00000278281.1,MIR7856,,,,,,,,,,,,,,,,,0,False
kidney_medulla,raw,ENSG00000278281.1,MIR7856,0.0,11.0,-0.9875,1.0001e-06,0.0,-17675.90193946968,0.0,-1.0,-1.0,-1.0,0.0,,,-1.0,8.983579622590726e-189,0.0,11,True
liver,excluded_at_or_below_-1,ENSG00000278281.1,MIR7856,,,,,,,,,,,,,,,,,0,False
liver,raw,ENSG00000278281.1,MIR7856,0.0,262.0,-0.9875,1.0001e-06,0.0,-17675.90193946968,0.0,-1.0,-1.0,-1.0,0.0,,,-1.0,2.1397253282897912e-187,0.0,262,True
lung,excluded_at_or_below_-1,ENSG00000278281.1,MIR7856,,,,,,,,,,,,,,,,,0,False
lung,raw,ENSG00000278281.1,MIR7856,0.0,604.0,-0.9875,1.0001e-06,0.0,-17675.90193946968,0.0,-1.0,-1.0,-1.0,0.0,,,-1.0,4.932801901858908e-187,0.0,604,True
minor_salivary_gland,excluded_at_or_below_-1,ENSG00000278281.1,MIR7856,,,,,,,,,,,,,,,,,1,False
minor_salivary_gland,raw,ENSG00000278281.1,MIR7856,0.025641025641025668,205.6324530371368,-0.994456913313181,0.002015028070070902,0.9743589746048361,348.6383734123012,0.0,-1.0,-0.4977030089376612,-0.997224878502418,0.03733544131342016,13.341872265748753,176.00555555555565,-0.4977030089376612,200.29335237723075,0.0,181,True
muscle_skeletal,excluded_at_or_below_-1,ENSG00000278281.1,MIR7856,,,,,,,,,,,,,,,,,1,False
muscle_skeletal,raw,ENSG00000278281.1,MIR7856,2.7678774273254017,784.3426152815524,-0.994325322372552,0.004520982294885754,1197.5050908830126,140.37159873867148,0.0,-1.0,-0.5455829757516973,-0.9994444779654666,0.015888318659852595,28.548226284485846,813.0012239902081,-0.5455829757516973,779.2664289320373,0.0,818,True
nerve_tibial,excluded_at_or_below_-1,ENSG00000278281.1,MIR7856,,,,,,,,,,,,,,,,,0,False
nerve_tibial,raw,ENSG00000278281.1,MIR7856,0.0,670.0,-0.9875,1.0001e-06,0.0,-17675.90193946968,0.0,-1.0,-1.0,-1.0,0.0,,,-1.0,5.471816679214351e-187,0.0,670,True
ovary,excluded_at_or_below_-1,ENSG00000278281.1,MIR7856,,,,,,,,,,,,,,,,,0,False
ovary,raw,ENSG00000278281.1,MIR7856,0.0,193.0,-0.9875,1.0001e-06,0.0,-17675.90193946968,0.0,-1.0,-1.0,-1.0,0.0,,,-1.0,1.576209879236373e-187,0.0,193,True
pancreas,excluded_at_or_below_-1,ENSG00000278281.1,MIR7856,,,,,,,,,,,,,,,,,0,False
pancreas,raw,ENSG00000278281.1,MIR7856,0.0,362.0,-0.9875,1.0001e-06,0.0,-17675.90193946968,0.0,-1.0,-1.0,-1.0,0.0,,,-1.0,2.956414384888948e-187,0.0,362,True
pituitary,excluded_at_or_below_-1,ENSG00000278281.1,MIR7856,,,,,,,,,,,,,,,,,0,False
pituitary,raw,ENSG00000278281.1,MIR7856,0.0,313.0,-0.9875,1.0001e-06,0.0,-17675.90193946968,0.0,-1.0,-1.0,-1.0,0.0,,,-1.0,2.5562367471553613e-187,0.0,313,True
prostate,excluded_at_or_below_-1,ENSG00000278281.1,MIR7856,,,,,,,,,,,,,,,,,0,False
prostate,raw,ENSG00000278281.1,MIR7856,0.0,282.0,-0.9875,1.0001e-06,0.0,-17675.90193946968,0.0,-1.0,-1.0,-1.0,0.0,,,-1.0,2.3030631396096224e-187,0.0,282,True
skin_not_sun_exposed_suprapubic,excluded_at_or_below_-1,ENSG00000278281.1,MIR7856,,,,,,,,,,,,,,,,,0,False
skin_not_sun_exposed_suprapubic,raw,ENSG00000278281.1,MIR7856,0.0,651.0,-0.9875,1.0001e-06,0.0,-17675.90193946968,0.0,-1.0,-1.0,-1.0,0.0,,,-1.0,5.316645758460512e-187,0.0,651,True
skin_sun_exposed_lower_leg,excluded_at_or_below_-1,ENSG00000278281.1,MIR7856,,,,,,,,,,,,,,,,,0,False
skin_sun_exposed_lower_leg,raw,ENSG00000278281.1,MIR7856,0.0,754.0,-0.9875,1.0001e-06,0.0,-17675.90193946968,0.0,-1.0,-1.0,-1.0,0.0,,,-1.0,6.157835486757643e-187,0.0,754,True
small_intestine_terminal_ileum,excluded_at_or_below_-1,ENSG00000278281.1,MIR7856,,,,,,,,,,,,,,,,,0,False
small_intestine_terminal_ileum,raw,ENSG00000278281.1,MIR7856,0.0,207.0,-0.9875,1.0001e-06,0.0,-17675.90193946968,0.0,-1.0,-1.0,-1.0,0.0,,,-1.0,1.6905463471602549e-187,0.0,207,True
spleen,excluded_at_or_below_-1,ENSG00000278281.1,MIR7856,,,,,,,,,,,,,,,,,0,False
spleen,raw,ENSG00000278281.1,MIR7856,0.0,277.0,-0.9875,1.0001e-06,0.0,-17675.90193946968,0.0,-1.0,-1.0,-1.0,0.0,,,-1.0,2.2622286867796648e-187,0.0,277,True
stomach,excluded_at_or_below_-1,ENSG00000278281.1,MIR7856,,,,,,,,,,,,,,,,,0,False
stomach,raw,ENSG00000278281.1,MIR7856,0.0,407.0,-0.9875,1.0001e-06,0.0,-17675.90193946968,0.0,-1.0,-1.0,-1.0,0.0,,,-1.0,3.3239244603585686e-187,0.0,407,True
testis,excluded_at_or_below_-1,ENSG00000278281.1,MIR7856,,,,,,,,,,,,,,,,,0,False
testis,raw,ENSG00000278281.1,MIR7856,0.0,414.0,-0.9875,1.0001e-06,0.0,-17675.90193946968,0.0,-1.0,-1.0,-1.0,0.0,,,-1.0,3.3810926943205097e-187,0.0,414,True
thyroid,excluded_at_or_below_-1,ENSG00000278281.1,MIR7856,,,,,,,,,,,,,,,,,0,False
thyroid,raw,ENSG00000278281.1,MIR7856,0.0,684.0,-0.9875,1.0001e-06,0.0,-17675.90193946968,0.0,-1.0,-1.0,-1.0,0.0,,,-1.0,5.586153147138233e-187,0.0,684,True
uterus,excluded_at_or_below_-1,ENSG00000278281.1,MIR7856,,,,,,,,,,,,,,,,,0,False
uterus,raw,ENSG00000278281.1,MIR7856,0.0,153.0,-0.9875,1.0001e-06,0.0,-17675.90193946968,0.0,-1.0,-1.0,-1.0,0.0,,,-1.0,1.24953425659671e-187,0.0,153,True
vagina,excluded_at_or_below_-1,ENSG00000278281.1,MIR7856,,,,,,,,,,,,,,,,,0,False
vagina,raw,ENSG00000278281.1,MIR7856,0.0,170.0,-0.9875,1.0001e-06,0.0,-17675.90193946968,0.0,-1.0,-1.0,-1.0,0.0,,,-1.0,1.3883713962185667e-187,0.0,170,True
whole_blood,excluded_at_or_below_-1,ENSG00000278281.1,MIR7856,,,,,,,,,,,,,,,,,0,False
whole_blood,raw,ENSG00000278281.1,MIR7856,0.0,803.0,-0.9875,1.0001e-06,0.0,-17675.90193946968,0.0,-1.0,-1.0,-1.0,0.0,,,-1.0,6.55801312449123e-187,0.0,803,True
