tissue,table,gene,genename,y0,A,x0,w,sumsquarevalue,rti_sigma_dist,rti,lti_sigma_dist,lti,min,max,mean,std,skew,kurt,left,right,maxheight,rightheight,leftheight,n_obs,fit_success
adipose_subcutaneous,excluded_at_or_below_-1,ENSG00000290660.2,ENSG00000290660,0.7565835556717612,589948371967.6329,-2.500553121405382,0.32676203981757174,45.914865917300496,16.45664635995961,0.0,-6.523868810572873,1.0,-0.9931763455329472,1.3018480690579302,-0.869680120864724,0.2928350527232764,4.368528961084246,21.957416884374265,-0.9931763455329472,1.3018480690579302,337.9401254306878,0.0,337.9401254306853,213,True
adipose_subcutaneous,raw,ENSG00000290660.2,ENSG00000290660,0.23017587470273726,590.6505868684819,-0.971239096155442,0.03422169473037694,2815.795830712619,93.93546178317963,0.0,1.1885460554639933,0.4949180728372258,-1.0,1.3018480690579302,-0.9611230612663674,0.17046174176575205,8.025299241667238,77.07706122282802,-1.0,1.3018480690579302,588.906127885653,0.0,291.4602858952002,714,True
adipose_visceral_omentum,excluded_at_or_below_-1,ENSG00000290660.2,ENSG00000290660,0.8509801648184581,69.74936335273276,-0.9757027032564154,0.03949346860714203,174.09605494327164,26.645402915244585,0.0,0.52256698079958,0.8725784717738997,-0.9902959607391862,-0.2316005311686032,-0.9385475916689331,0.0818202845688486,5.1100996462156845,33.96741884685456,-0.9902959607391862,-0.2316005311686032,69.73294386125316,0.0,60.847465586747425,215,True
adipose_visceral_omentum,raw,ENSG00000290660.2,ENSG00000290660,2.070633855750112,297367831661.1555,-1.4920826967265486,0.11102424079011128,1945.568727599066,16.055871771565652,0.0,-6.268090811225756,1.0,-1.0,-0.2316005311686032,-0.9774918776981613,0.05764398732334508,6.896637882003316,68.15839577800409,-1.0,-0.2316005311686032,874.5893754490063,0.0,874.5893754489784,587,True
adrenal_gland,excluded_at_or_below_-1,ENSG00000290660.2,ENSG00000290660,0.33746231346869426,61.92047564564247,-0.9802311285677032,0.03702091616252504,28.543932949355487,34.981941742368484,0.0,0.5072393908962054,0.8795822177502026,-0.9935095098987292,-0.0644829227073372,-0.9455382123710878,0.10247237404875388,6.212499663134122,44.37529995013598,-0.9935095098987292,-0.0644829227073372,61.899570919097066,0.0,54.44576186680535,136,True
adrenal_gland,raw,ENSG00000290660.2,ENSG00000290660,0.28847195434121076,77095992972.93005,-1.7444745596284201,0.1701225833077461,23.65721583821901,13.965617682335026,0.0,-6.188749304163137,1.0,-1.0,-0.0644829227073372,-0.9748921928219253,0.07457358277187674,8.419909525654532,86.72644665044972,-1.0,-0.0644829227073372,371.6706711112858,0.0,371.6706711112884,295,True
artery_aorta,excluded_at_or_below_-1,ENSG00000290660.2,ENSG00000290660,0.6423044156604018,8.888268073389053,-0.9696348917161746,0.030078125960211876,272.65584003333447,6.3024231000819,0.0,0.9742048561137852,0.6221744567956894,-0.9903547159017596,-0.835592141100266,-0.9532494782179974,0.030785585224149106,1.7832807994205653,3.4364387750777414,-0.9903547159017596,-0.835592141100266,8.888243130796031,0.0,5.530037841771038,128,True
artery_aorta,raw,ENSG00000290660.2,ENSG00000290660,3.3684210612601793,317.44944523909305,-0.9979438320177021,0.001146563830268646,1297.6181511972259,200.25048506531596,0.0,2.536152432439779,0.04067274867958121,-1.0,-0.835592141100266,-0.987321892398101,0.026238176542583515,2.7353654008460158,8.875558204050307,-1.0,-0.835592141100266,313.08695835689525,0.0,12.734107172104206,472,True
artery_coronary,excluded_at_or_below_-1,ENSG00000290660.2,ENSG00000290660,0.2693220556984033,18.466109161929037,-0.9658623371209438,0.03896396777674469,21.393180650814678,18.17235314962762,0.0,0.9373568322577205,0.6445230114787445,-0.9916880980803524,-0.4651833722257432,-0.9416946234773793,0.06328102284150448,5.133343313637123,34.066578649801464,-0.9916880980803524,-0.4651833722257432,18.464739717325084,0.0,11.900949648781546,91,True
artery_coronary,raw,ENSG00000290660.2,ENSG00000290660,1.7329785817400076,148508237772.72137,-1.2492580643847941,0.05646274511103187,804.7531239053628,19.63859641227732,0.0,-6.243127826864528,1.0,-1.0,-0.4651833722257432,-0.980202278867319,0.04598963452668507,6.245015432942407,59.41909019417313,-1.0,-0.4651833722257432,510.5985860357206,0.0,510.5985860357133,268,True
artery_tibial,excluded_at_or_below_-1,ENSG00000290660.2,ENSG00000290660,0.34848550556472574,27.274616812754655,-0.9706758783004115,0.02468408432610077,321.38253498912303,16.85145744141872,0.0,1.0294751879397024,0.5887203418323625,-0.9886446299987692,-0.676545764172755,-0.9587150695953403,0.032061779401906985,5.232114820984009,40.453888487127635,-0.9886446299987692,-0.676545764172755,27.271737540777917,0.0,16.05542664736925,144,True
artery_tibial,raw,ENSG00000290660.2,ENSG00000290660,3.6315749740151633,613.5700725362639,-0.9973600507283548,0.004025564670850395,2602.841909305842,112.70466435063734,0.0,0.9274356193982269,0.6506091224807875,-1.0,-0.676545764172755,-0.9913964833888986,0.022240123540233702,5.756711683158336,61.320796839190336,-1.0,-0.676545764172755,613.4337704064186,0.0,399.10560706420085,691,True
bladder,excluded_at_or_below_-1,ENSG00000290660.2,ENSG00000290660,0.16325870687557217,26.13339987621682,-1.0926774593842044,0.07552961733868843,39.09819742941228,4.421746982110765,0.0,-1.9622146165091836,1.0,-0.9878804732256028,-0.8565229870943831,-0.9579451656616113,0.032809817046868986,1.7290568308658611,2.4190155813243637,-0.9878804732256028,-0.8565229870943831,3.810199539907892,0.0,3.810199539907888,33,True
bladder,raw,ENSG00000290660.2,ENSG00000290660,0.8461524422627639,44.42672454291167,-0.9982799681499036,0.0004306839630924365,83.07692307699995,465.4797075106223,0.0,5.647975263936476,1.195314535013335e-07,-1.0,-0.8565229870943831,-0.9819764995692621,0.029867779973295223,2.2905879207649793,5.624486312249811,-1.0,-0.8565229870943831,43.97912952717168,0.0,5.256889276106236e-06,77,True
brain_amygdala,excluded_at_or_below_-1,ENSG00000290660.2,ENSG00000290660,0.1281930164655901,76103.44152060318,-9.863698193461909,3.1137595705978525,93.48868735970304,5.2369684014343605,0.0,-4.031346482132268,1.0,-0.987638717641576,1.666852011078404,-0.4740585428364653,0.4893686232838572,1.6392837030798044,3.2152052045000232,-0.987638717641576,1.666852011078404,22.42594190657147,0.0,22.425941906571587,180,True
brain_amygdala,raw,ENSG00000290660.2,ENSG00000290660,0.47295795250746875,31.52771369466469,-1.7862268426394696,1.154013289170598,169.97581899453948,4.2316591955204474,0.0,-0.9635007450924977,1.0,-1.0,1.666852011078404,-0.4769642967434462,0.48957068160854167,1.6390822531827427,3.2165385449857578,-1.0,1.666852011078404,19.81609404822675,0.0,19.81609404822675,181,True
brain_anterior_cingulate_cortex_ba24,excluded_at_or_below_-1,ENSG00000290660.2,ENSG00000290660,0.11173906937827516,30.83997599736279,-1.664348615848214,1.2692659155663197,120.2083560072706,3.847987306548814,0.0,-0.7568454434303558,1.0,-0.9850748836080518,1.7892451423240314,-0.4512383302964894,0.4530576484193875,1.3486821842113252,2.3299917354024116,-0.9850748836080518,1.7892451423240314,23.14069624135797,0.0,23.14069624135797,229,True
brain_anterior_cingulate_cortex_ba24,raw,ENSG00000290660.2,ENSG00000290660,0.04260048026212531,34.92819680625876,-1.848209846727144,1.3689466285866652,127.34966478722205,3.757734648390776,0.0,-0.8762575866221874,1.0,-1.0,1.7892451423240314,-0.46065913149311616,0.4547803536654769,1.3423059169036442,2.304375121500091,-1.0,1.7892451423240314,23.762759235678754,0.0,23.762759235678754,233,True
brain_caudate_basal_ganglia,excluded_at_or_below_-1,ENSG00000290660.2,ENSG00000290660,0.024144550674878428,839157093068.7001,-5.602454781946129,0.9604399232764073,139.02566277262508,8.589937660265823,0.0,-6.788809425914867,1.0,-0.9919463144536742,0.2312603561910469,-0.8913482121835262,0.11622341191145842,4.423426137970943,34.03259888835224,-0.9919463144536742,0.2312603561910469,82.40911808100557,0.0,82.40911808100499,264,True
brain_caudate_basal_ganglia,raw,ENSG00000290660.2,ENSG00000290660,0.13985405603800175,1728770495218.4668,-5.354699520297445,0.8970159534667492,151.48664745847793,8.806688649930232,0.0,-6.865513481519749,1.0,-1.0,0.2312603561910469,-0.904386426721503,0.11459630922955709,4.29859632166366,33.42697519347549,-1.0,0.2312603561910469,100.56393005918368,0.0,100.56393005918368,300,True
brain_cerebellar_hemisphere,excluded_at_or_below_-1,ENSG00000290660.2,ENSG00000290660,0.9013764965152377,15.225513024970631,-0.950244228847444,0.09026356968054206,251.4209459004206,6.090396261747605,0.0,0.6255837472900262,0.8222795159429117,-0.9901727259761052,-0.5615187053615249,-0.8975979227318372,0.08195743308364958,1.7970110869855511,3.547464685527653,-0.9901727259761052,-0.5615187053615249,15.225473055628736,0.0,12.519594614184243,203,True
brain_cerebellar_hemisphere,raw,ENSG00000290660.2,ENSG00000290660,5.14572400024217,14777761264.961246,-1.1053274388785368,0.02530820476425215,1552.7251525501702,30.387840364046465,0.0,-5.8856601619744255,1.0,-1.0,-0.5615187053615249,-0.9249544343486027,0.08352546741992953,1.7663972155490542,3.7049922187037385,-1.0,-0.5615187053615249,444.0297209623681,0.0,444.0297209623398,277,True
brain_cerebellum,excluded_at_or_below_-1,ENSG00000290660.2,ENSG00000290660,0.5744917332774883,23.281698393255894,-1.0187397042950965,0.17334381182982767,159.6060534564928,4.673405944587219,0.0,-0.2929384748319413,1.0,-0.9828334782412492,-0.4459082577464286,-0.8806317864085417,0.09272566678316661,1.6462772733774667,3.256025493113908,-0.9828334782412492,-0.4459082577464286,22.30346886699805,0.0,22.303468866998056,228,True
brain_cerebellum,raw,ENSG00000290660.2,ENSG00000290660,-0.023250958659644178,247.81315384160874,-1.5733802710133664,0.3992534100563864,396.2075312313713,3.993669614826866,0.0,-2.0309961924927404,1.0,-1.0,-0.4459082577464286,-0.8976843883501786,0.09548011735104471,1.553049647976199,3.0338691943694975,-1.0,-0.4459082577464286,31.42150270441294,0.0,31.421502704412944,266,True
brain_cortex,excluded_at_or_below_-1,ENSG00000290660.2,ENSG00000290660,0.4341009424398315,18.467359054606256,-0.7692356777573208,0.4490979996933105,117.6426609074067,4.877178518077402,0.0,0.6984318218858329,0.7835618006070496,-0.991029855437772,0.7795623078455756,-0.6062227149215632,0.27989175536754535,1.281771165173878,2.5290698503129407,-0.991029855437772,0.7795623078455756,18.46723189990582,0.0,14.47021747971815,269,True
brain_cortex,raw,ENSG00000290660.2,ENSG00000290660,0.5158453137642074,18.514057325638074,-0.7541785985682966,0.4264758833207828,144.8388232273512,5.085955093468709,0.0,0.8151550261630814,0.7173175747076059,-1.0,0.7795623078455756,-0.6076811493107427,0.2803969838305399,1.2754247088248194,2.5097808836391042,-1.0,0.7795623078455756,18.513953438767466,0.0,13.280384178946223,270,True
brain_frontal_cortex_ba9,excluded_at_or_below_-1,ENSG00000290660.2,ENSG00000290660,0.2847962657998954,26.59436768687777,-0.9632520170536816,0.44846233274419356,204.5317231904958,5.5423111005847385,0.0,0.06159674551396439,0.9981122752742178,-0.9827850076271062,0.7942744493107714,-0.6970159919737228,0.24311747895127264,1.926730937595542,6.382998887201008,-0.9827850076271062,0.7942744493107714,26.594160652400653,0.0,26.54395819777569,261,True
brain_frontal_cortex_ba9,raw,ENSG00000290660.2,ENSG00000290660,0.43678987819060777,25.29193971110786,-0.8928929468510534,0.38542806379031613,300.02861983124245,6.19055859654219,0.0,0.3929974524933958,0.9256862539036576,-1.0,0.7942744493107714,-0.7060266687923481,0.24495005562937047,1.8814883763125256,6.171878564711042,-1.0,0.7942744493107714,25.291849076174287,0.0,23.412317025620457,269,True
brain_hippocampus,excluded_at_or_below_-1,ENSG00000290660.2,ENSG00000290660,2.0870554034578173,16515890545742.613,-50.74760923676193,9.5744739629178,225.71983395811714,8.30851983745895,0.0,-7.349444599066027,1.0,-0.9905797273105038,5.5025279212001506,0.5669698266637129,1.4854791101753673,1.0637986997246527,0.22720138548682822,-0.9905797273105038,5.5025279212001506,30.803478792935135,0.0,30.803478792935127,255,True
brain_hippocampus,raw,ENSG00000290660.2,ENSG00000290660,2.0870554034578173,16515890545742.613,-50.74760923676193,9.5744739629178,225.71983395811714,8.30851983745895,0.0,-7.349444599066027,1.0,-0.9905797273105038,5.5025279212001506,0.5669698266637129,1.4854791101753673,1.0637986997246527,0.22720138548682822,-0.9905797273105038,5.5025279212001506,30.803478792935135,0.0,30.803478792935127,255,True
brain_hypothalamus,excluded_at_or_below_-1,ENSG00000290660.2,ENSG00000290660,0.7064858922591791,13.794396899032227,-0.8715171205830138,1.5823331294312557,335.8969259339628,3.167861035686452,0.0,0.1059372844054592,0.994369265033226,-0.9900480689607496,2.6729344386212137,0.03748062923736928,0.7749608147686439,0.8972906463463116,0.2095958071927102,-0.9900480689607496,2.6729344386212137,13.703048833662422,0.0,13.625890597443307,257,True
brain_hypothalamus,raw,ENSG00000290660.2,ENSG00000290660,0.7064858922591791,13.794396899032227,-0.8715171205830138,1.5823331294312557,335.8969259339628,3.167861035686452,0.0,0.1059372844054592,0.994369265033226,-0.9900480689607496,2.6729344386212137,0.03748062923736928,0.7749608147686439,0.8972906463463116,0.2095958071927102,-0.9900480689607496,2.6729344386212137,13.703048833662422,0.0,13.625890597443307,257,True
brain_nucleus_accumbens_basal_ganglia,excluded_at_or_below_-1,ENSG00000290660.2,ENSG00000290660,-0.16846345898776846,2645.753341896927,-4.23107555192507,1.6110397320334215,213.28322753879138,4.932970279454644,0.0,-2.8450639733120133,1.0,-0.9900437706350848,1.3884513205267628,-0.6699640176961545,0.29836572828092106,2.0806899117278017,8.325908376510945,-0.9900437706350848,1.3884513205267628,46.21105306413111,0.0,46.21105306413111,275,True
brain_nucleus_accumbens_basal_ganglia,raw,ENSG00000290660.2,ENSG00000290660,-0.2544364702022168,759167.5666372947,-8.214372899253352,2.3236289018034455,297.86967200673075,5.84449790504742,0.0,-4.390831939739764,1.0,-1.0,1.3884513205267628,-0.6815442276015525,0.2993130408099786,2.05734105570852,8.150214371037402,-1.0,1.3884513205267628,49.38700922646852,0.0,49.38700922646843,285,True
brain_putamen_basal_ganglia,excluded_at_or_below_-1,ENSG00000290660.2,ENSG00000290660,0.5045025878316532,387.219245735108,-1.3876321047597533,0.2947478114702344,309.06307084595267,7.736462822266164,0.0,-1.8986838335471932,1.0,-0.9919118829335192,0.2247873671320024,-0.8762703557509541,0.1551292166848195,3.609053879443399,17.40237423823992,-0.9919118829335192,0.2247873671320024,63.84708382611489,0.0,63.84708382611489,211,True
brain_putamen_basal_ganglia,raw,ENSG00000290660.2,ENSG00000290660,0.6680131569570223,1456841359334.3223,-4.3642226956214705,0.6953748221470465,88.80751950728501,9.33286633613577,0.0,-6.841963803494126,1.0,-1.0,0.2247873671320024,-0.8972167128482336,0.14878308896748982,3.722251811789335,19.060243640861437,-1.0,0.2247873671320024,99.58956694432034,0.0,99.58956694431964,254,True
brain_spinal_cord_cervical_c-1,excluded_at_or_below_-1,ENSG00000290660.2,ENSG00000290660,0.8453943115253487,17.907404643658005,-0.9647424688606591,0.065313250575414,117.03265844840989,12.358749510534832,0.0,0.5619003843273741,0.8539646772312821,-0.9906929628853468,-0.3939728729123314,-0.8990753307760687,0.10354005244582977,2.343217910828861,6.285941168230762,-0.9906929628853468,-0.3939728729123314,17.907394376472528,0.0,15.29228225875764,133,True
brain_spinal_cord_cervical_c-1,raw,ENSG00000290660.2,ENSG00000290660,1.8199253456440234,1628035444355.3403,-1.9969031953749024,0.20549366517282402,732.5063601324481,11.031414519076067,0.0,-6.860717667800444,1.0,-1.0,-0.3939728729123314,-0.9342010734961623,0.09640339563764337,2.627452240633363,8.456253584975697,-1.0,-0.3939728729123314,97.8730955710255,0.0,97.8730955710255,204,True
brain_substantia_nigra,excluded_at_or_below_-1,ENSG00000290660.2,ENSG00000290660,0.536726213613615,3041229014462.9946,-7.967338571963638,1.3880975150619614,192.24638972521817,8.3159081260428,0.0,-7.112021577144533,1.0,-0.9866535177660608,0.1950010578964893,-0.8104333827184835,0.1889349503852928,1.9960465421671767,5.4657520493747445,-0.9866535177660608,0.1950010578964893,31.587602725970047,0.0,31.587602725970047,166,True
brain_substantia_nigra,raw,ENSG00000290660.2,ENSG00000290660,0.868005106496093,1818680338453.229,-6.669780955643776,1.144082552586176,182.83124994708191,8.485635764952606,0.0,-7.008481254286196,1.0,-1.0,0.1950010578964893,-0.8280433963457283,0.18816729597807738,2.017914931990167,5.597921088551663,-1.0,0.1950010578964893,39.24079135448024,0.0,39.24079135448024,183,True
breast_mammary_tissue,excluded_at_or_below_-1,ENSG00000290660.2,ENSG00000290660,,,,,,,,,,,,,,,,,,,,,175,False
breast_mammary_tissue,raw,ENSG00000290660.2,ENSG00000290660,0.4220925580247715,466.4798412545956,-0.970266233299933,0.03623902427400868,49.175680190765725,92.03317720027188,0.0,1.1603484632954464,0.5113688257289303,-1.0,1.3880710301175077,-0.9750923486131017,0.11620225088059226,16.894019942173518,333.0211972307047,-1.0,1.3880710301175077,465.29643874217487,0.0,237.9380934954391,514,True
cells_cultured_fibroblasts,excluded_at_or_below_-1,ENSG00000290660.2,ENSG00000290660,0.36760615088355514,21.471307568851735,-0.9743714866304638,0.029010773074659883,70.7831134793218,12.225341158880715,0.0,0.6070851100901838,0.8317278747466604,-0.9868250571762572,-0.7235843300390321,-0.9578492172236629,0.030966868004369933,3.8256647493777027,23.13546677670343,-0.9868250571762572,-0.7235843300390321,21.47074502444946,0.0,17.85781712841278,137,True
cells_cultured_fibroblasts,raw,ENSG00000290660.2,ENSG00000290660,3.5128241861653686,532.0519521306073,-0.9967776960901075,0.0011730078100432282,1775.7435898147287,329.37015432621047,0.0,3.8849066923858637,0.0005281108730774393,-1.0,-0.7235843300390321,-0.9911431637417818,0.022263535023518063,4.613594491729527,36.661271763980565,-1.0,-0.7235843300390321,532.0276406470535,0.0,0.2809695818034452,652,True
cells_ebv-transformed_lymphocytes,excluded_at_or_below_-1,ENSG00000290660.2,ENSG00000290660,0.5148483577960764,22.921360892389572,-0.9920520579186741,0.05181772102960508,254.46758067434268,6.588151649687501,0.0,-0.0703313193815867,1.0,-0.9894750718224272,-0.7506578206074522,-0.9528650420403797,0.03747985596423549,2.5349878034178768,8.62950200206251,-0.9894750718224272,-0.7506578206074522,22.864740737814362,0.0,22.864740737814365,187,True
cells_ebv-transformed_lymphocytes,raw,ENSG00000290660.2,ENSG00000290660,4.789447461868068,872.8102769095301,-1.0024847189044868,0.004101826866281615,2488.3156526485363,86.8239997815562,0.0,-0.8566727187574954,1.0,-1.0,-0.7506578206074522,-0.9730451463655994,0.036702827124759606,2.4463993630280148,8.847603533553006,-1.0,-0.7506578206074522,604.725197335679,0.0,604.7251973356773,327,True
cervix_ectocervix,excluded_at_or_below_-1,ENSG00000290660.2,ENSG00000290660,0.289473811117783,8.855199088661657,-0.9527704201904276,0.011487150220166041,9.815791552689443,124.79032924164778,0.0,2.5282088655007326,0.040939133503137645,-0.973306155243929,0.0608567264884329,-0.7446793810582057,0.2996736576569734,1.513839894063098,1.2085640463754812,-0.973306155243929,0.0608567264884329,8.852975209532291,0.0,0.3624331340030104,18,True
cervix_ectocervix,raw,ENSG00000290660.2,ENSG00000290660,0.2973570318551085,7.427846938583719,-0.9734738571945694,0.025798260074772206,11.735970798419302,56.7001160226383,0.0,1.4541147660407392,0.3474194199199311,-1.0,0.0608567264884329,-0.8085095357936544,0.2813030163863489,1.8515005206468558,2.5244369026584925,-1.0,0.0608567264884329,7.4278294800475475,0.0,2.5805722092222823,24,True
cervix_endocervix,excluded_at_or_below_-1,ENSG00000290660.2,ENSG00000290660,0.13089405054781397,1.4302093673657965,-0.9233668964214212,0.06358867267486577,6.782631722989887,10.662040208701216,0.0,1.2405244032375382,0.46328450281794514,-0.9791458129312348,-0.4439591160719818,-0.8515911319627762,0.13917665465695966,1.8382939068328246,2.7567421510494095,-0.9791458129312348,-0.4439591160719818,1.4301572216915637,0.0,0.6625696774028697,16,True
cervix_endocervix,raw,ENSG00000290660.2,ENSG00000290660,0.3878053793593871,106747365928.51122,-1.3080703037586936,0.06497455351342446,18.985775284807538,18.807943955665422,0.0,-6.705351221073466,1.0,-1.0,-0.4439591160719818,-0.8967590483219313,0.13446953481228893,2.009273941329061,3.9468110494849755,-1.0,-0.4439591160719818,18.409435178584847,0.0,18.40943517858406,23,True
colon_sigmoid,excluded_at_or_below_-1,ENSG00000290660.2,ENSG00000290660,0.07604784624060454,335.146424255447,-1.0876953483426657,0.09580170233773742,5.148588327989868,21.35160365838782,0.0,-1.393307144667088,1.0,-0.9933098892508624,0.3587056992344541,-0.9478132035238247,0.11652213209511188,10.426026294386668,114.11164205594993,-0.9933098892508624,0.3587056992344541,126.96546546017862,0.0,126.96546546017856,137,True
colon_sigmoid,raw,ENSG00000290660.2,ENSG00000290660,0.2199915980028258,156343377031.29285,-1.7373594993421067,0.1689729024527496,37.69064024060411,17.54295386074781,0.0,-6.1713078794148055,1.0,-1.0,0.3587056992344541,-0.9829365367130405,0.07083988380409843,16.400669993160378,305.77541003778566,-1.0,0.3587056992344541,839.4946375282433,0.0,839.4946375282314,419,True
colon_transverse,excluded_at_or_below_-1,ENSG00000290660.2,ENSG00000290660,0.8856490926601271,17.810645076712312,-0.9705413892593914,0.026946611797229927,154.35235000896597,7.531841883215598,0.0,1.128042839660227,0.5292786419325965,-0.9920352663510252,-0.8270286803269734,-0.9586839073803131,0.02635472949710293,1.758911306565573,4.263035571099976,-0.9920352663510252,-0.8270286803269734,17.810643801682875,0.0,9.42679336329993,215,True
colon_transverse,raw,ENSG00000290660.2,ENSG00000290660,5.512820536086819,333.29337036951625,-0.9981370913520248,0.0005935279065815629,1997.7435897435894,407.70422557121015,0.0,4.438798321384283,5.5270900190982456e-05,-1.0,-0.8270286803269734,-0.9814551985109965,0.027094859877659572,1.8828231975526715,4.483898359371961,-1.0,-0.8270286803269734,317.60924261160653,0.0,0.01755454874811946,479,True
esophagus_gastroesophageal_junction,excluded_at_or_below_-1,ENSG00000290660.2,ENSG00000290660,0.5180209106733301,20.698496449714195,-0.9698851466516322,0.017741398968399335,107.8000010911019,22.68466093748439,0.0,1.9777634627792686,0.1414550799460637,-0.9946963149163536,-0.6853046342999916,-0.9536835261757578,0.045461119984279055,3.6802512643843954,15.996554862649216,-0.9946963149163536,-0.6853046342999916,20.698473912333718,0.0,2.92790428203068,103,True
esophagus_gastroesophageal_junction,raw,ENSG00000290660.2,ENSG00000290660,,,,,,,,,,,,,,,,,,,,,403,False
esophagus_mucosa,excluded_at_or_below_-1,ENSG00000290660.2,ENSG00000290660,0.6089215948166254,115.04815829517491,-0.981465131819067,0.26836341239237876,501.8912681847975,11.12817852891989,0.0,0.03910919195743824,0.9992371878602337,-0.988886554218662,1.130235705444349,-0.8111629425214043,0.17844074315262898,4.210728884859322,33.08363568206855,-0.988886554218662,1.130235705444349,115.04796717517077,0.0,114.96020718915412,557,True
esophagus_mucosa,raw,ENSG00000290660.2,ENSG00000290660,0.36741843011015396,159.59628080214065,-1.099338680573675,0.33475986710683364,274.63600006880284,9.41897355342208,0.0,-0.4196623405000508,1.0,-1.0,1.130235705444349,-0.8286934185414042,0.1785730355654022,3.9960428114823867,31.254961699632148,-1.0,1.130235705444349,146.14351838030004,0.0,146.1435183803,614,True
esophagus_muscularis,excluded_at_or_below_-1,ENSG00000290660.2,ENSG00000290660,0.08375611128972887,225407151619.53812,-2.280894601053534,0.2817372956045346,10.561378615189426,12.823901754199873,0.0,-6.477628602856124,1.0,-0.99043210440142,0.2738619756432974,-0.9497846951630164,0.10132349269770247,11.007430375536941,129.98268212413302,-0.99043210440142,0.2738619756432974,174.39764507061227,0.0,174.39764507061224,162,True
esophagus_muscularis,raw,ENSG00000290660.2,ENSG00000290660,1.358465915633954,441.9469844942214,-0.9840881695064458,0.02298977227030663,913.9236625968538,77.38267848602062,0.0,0.9788146755690313,0.620611430897978,-1.0,0.2738619756432974,-0.985499323736914,0.058910232458326876,17.668764708531228,371.03401289472083,-1.0,0.2738619756432974,441.06883591496495,0.0,273.7323613816919,561,True
fallopian_tube,excluded_at_or_below_-1,ENSG00000290660.2,ENSG00000290660,0.28947377528320734,6.317361052053257,-0.9537386714075918,0.008279096161274637,11.81579071010229,132.66460625651837,0.0,2.9967640698055975,0.011232792403270138,-0.9712823427219444,-0.1770928651318423,-0.7163809616653284,0.2440726798104647,0.7051588640132539,-0.5198671013789213,-0.9712823427219444,-0.1770928651318423,6.308651884907764,0.0,0.07086377696766777,15,True
fallopian_tube,raw,ENSG00000290660.2,ENSG00000290660,0.3157894467780195,29.6448186229303,-0.9822669731522048,0.008469391935280448,12.210528990041329,134.44744939606466,0.0,2.96104930102611,0.012479302974015467,-1.0,-0.1770928651318423,-0.8533004974131009,0.22492025795571707,1.5190474939686955,1.2856769628241151,-1.0,-0.1770928651318423,29.638217086058738,0.0,0.36986429062656884,29,True
heart_atrial_appendage,excluded_at_or_below_-1,ENSG00000290660.2,ENSG00000290660,1.0021025362131102,32.90494599357696,-0.9733537954883976,0.1280225220413154,604.8991235315191,5.36180284985895,0.0,0.2133577329013192,0.9774965469239499,-0.9926681308828408,-0.4879734103820624,-0.8984923314202303,0.07719754356072185,1.4603043896933707,2.9393297877064866,-0.9926681308828408,-0.4879734103820624,32.9049188016728,0.0,32.16444450544812,386,True
heart_atrial_appendage,raw,ENSG00000290660.2,ENSG00000290660,0.31395602898875025,1114878771282.918,-5.165916516543824,0.8585571302365634,1069.0877466668594,7.705498389979996,0.0,-6.862089230785418,1.0,-1.0,-0.4879734103820624,-0.9150065942043576,0.07996539423766821,1.3946094620584764,2.6350897021824613,-1.0,-0.4879734103820624,66.25309457893343,0.0,66.25309457893343,461,True
heart_left_ventricle,excluded_at_or_below_-1,ENSG00000290660.2,ENSG00000290660,1.1487103630771893,32.30582459412875,-0.9782762501639338,0.023665023003044548,357.0352489518076,12.16171406365078,0.0,0.993713566879974,0.6103524534542653,-0.9949047531314708,-0.7747657969125901,-0.9636550029134383,0.028638490850806577,2.4225271878146244,8.945191491229869,-0.9949047531314708,-0.7747657969125901,32.30535195122505,0.0,19.717650823133745,253,True
heart_left_ventricle,raw,ENSG00000290660.2,ENSG00000290660,6.041064869067956,56804099721.43174,-1.0824815530697383,0.019322948860668748,4400.676392426673,22.521189640941287,0.0,-6.036683729689467,1.0,-1.0,-0.7747657969125901,-0.9796564507457961,0.028009302275885762,2.383347428939184,8.918534568876547,-1.0,-0.7747657969125901,693.7412914482312,0.0,693.7412914481006,452,True
kidney_cortex,excluded_at_or_below_-1,ENSG00000290660.2,ENSG00000290660,0.21204698026357002,12.017594340881377,-0.9865806316657946,0.04353720191065814,29.6137148838149,11.703294579768661,0.0,0.19573464033083326,0.9810304499456802,-0.9926064107869436,-0.626289433295236,-0.9493856835889657,0.05843018331769589,3.3915697040388575,13.851209043326499,-0.9926064107869436,-0.626289433295236,12.017543332139745,0.0,11.789575942370762,67,True
kidney_cortex,raw,ENSG00000290660.2,ENSG00000290660,0.5352742815707284,806975150698.3888,-1.8132545946674998,0.16746678460978315,115.07728607542913,10.023612940252049,0.0,-6.867724128823007,1.0,-1.0,-0.626289433295236,-0.9673927000044299,0.052730709596727696,3.6995209761568923,17.85730395445095,-1.0,-0.626289433295236,46.235197456507414,0.0,46.23519745650626,104,True
kidney_medulla,excluded_at_or_below_-1,ENSG00000290660.2,ENSG00000290660,,,,,,,,,,,,,,,,,,,,,7,False
kidney_medulla,raw,ENSG00000290660.2,ENSG00000290660,0.17948717948717952,7.014144432586692,-0.9975586045121667,0.0002656538065577423,9.743589743589743,938.5639212441815,0.0,12.996819638118904,0.0,-1.0,-0.8212534940181837,-0.9590928923883827,0.05407608056808835,1.6179290114368707,1.8423075238872126,-1.0,-0.8212534940181837,6.728889181676898,0.0,0.0,11,True
liver,excluded_at_or_below_-1,ENSG00000290660.2,ENSG00000290660,0.10024038951745211,27.546043874573446,-0.9783628443853031,0.023279695846470504,5.185918433863753,47.84752190886922,0.0,0.9602852802281141,0.6307026423014711,-0.9941703220140996,-0.1907337431789121,-0.956062224673522,0.1096063865195732,6.733367165021571,44.52719674105346,-0.9941703220140996,-0.1907337431789121,27.54182596538567,0.0,17.37070241017601,52,True
liver,raw,ENSG00000290660.2,ENSG00000290660,0.20902357960010678,56540735082.00137,-1.344460460486716,0.08064805515617215,23.42961820288316,20.23131205990422,0.0,-6.040327370303784,1.0,-1.0,-0.1907337431789121,-0.9912795255077219,0.0515341195812945,14.43568166532117,221.02545834500026,-1.0,-0.1907337431789121,675.4977455922195,0.0,675.4977455922051,262,True
lung,excluded_at_or_below_-1,ENSG00000290660.2,ENSG00000290660,1.2819372164118252,82.2666009688555,-0.963763945020711,0.05377507168023378,613.2938806476401,19.721014747586644,0.0,0.6353616542486459,0.817267492528213,-0.9879233926523404,-0.2138779236486147,-0.9258684555321415,0.07392914012114626,4.97675885921556,37.751470047328255,-0.9879233926523404,-0.2138779236486147,82.26220917076294,0.0,67.2302294188208,351,True
lung,raw,ENSG00000290660.2,ENSG00000290660,1.9510084012019078,794267396461.3475,-2.3431941947713097,0.2892955880626633,3080.6352645264215,10.40910429837303,0.0,-6.566168049320328,1.0,-1.0,-0.2138779236486147,-0.9569202448539432,0.06717349777108574,4.771066265811516,39.78389763149872,-1.0,-0.2138779236486147,344.95176197840607,0.0,344.95176197840607,604,True
minor_salivary_gland,excluded_at_or_below_-1,ENSG00000290660.2,ENSG00000290660,0.11790968182483051,1025133232576.3744,-3.386606564959978,0.5063126207859451,34.648097772260776,16.71450429334474,0.0,-6.690622911365007,1.0,-0.9912492362837518,2.5974715821202405,-0.8952898449364186,0.34764399043989563,9.703244601854179,94.96631830156237,-0.9912492362837518,2.5974715821202405,195.1222396244793,0.0,195.1222396244793,106,True
minor_salivary_gland,raw,ENSG00000290660.2,ENSG00000290660,0.17034037705535374,160390400901.43192,-2.6279309586576605,0.3672838956431452,32.51570492263089,20.12022642345021,0.0,-6.268290190914244,1.0,-1.0,2.5974715821202405,-0.9386780307362452,0.2705087141502837,12.45299155899143,160.13862230561332,-1.0,2.5974715821202405,471.1354946574562,0.0,471.1354946574562,181,True
muscle_skeletal,excluded_at_or_below_-1,ENSG00000290660.2,ENSG00000290660,1.1615954381427156,54.62100171220798,-0.9760261277729094,0.01793897273768797,209.69133699627184,25.243958539873994,0.0,1.2113013862555126,0.48025008908924954,-0.9913912063744033,-0.6558123382245846,-0.9613252926105726,0.03486873879996765,4.044897659350163,26.18090578470496,-0.9913912063744033,-0.6558123382245846,54.61132196180912,0.0,26.22709223744052,231,True
muscle_skeletal,raw,ENSG00000290660.2,ENSG00000290660,4.782968677503621,129800073389.1442,-1.1257423315791606,0.029660833836460065,5781.025533210868,22.406024511388303,0.0,-5.99533080101996,1.0,-1.0,-0.6558123382245846,-0.9890784139279245,0.025411740025122535,4.986424808058926,43.095438586872106,-1.0,-0.6558123382245846,2032.995295969512,0.0,2032.995295969353,818,True
nerve_tibial,excluded_at_or_below_-1,ENSG00000290660.2,ENSG00000290660,1.7395910020501608,89.34619587850133,-0.9553797558690218,0.04947873549645155,1158.5299716683405,20.773015022139447,0.0,0.964983902946605,0.6278295479959825,-0.9891414058507324,-0.2285994851300441,-0.9246730006904942,0.06335159583097164,4.28368162034093,36.01084711349689,-0.9891414058507324,-0.2285994851300441,89.33633289512706,0.0,56.087989501166234,414,True
nerve_tibial,raw,ENSG00000290660.2,ENSG00000290660,1.827730982596747,2229260060624.0317,-2.6859070151579423,0.3541217958798554,5008.920206499962,9.813453100938238,0.0,-6.732803779593434,1.0,-1.0,-0.2285994851300441,-0.9534546601281559,0.06180048083415615,3.6533176084073005,29.874840701260744,-1.0,-0.2285994851300441,319.69501643743234,0.0,319.6950164374324,670,True
ovary,excluded_at_or_below_-1,ENSG00000290660.2,ENSG00000290660,0.6598492126131792,10.863916513783945,-0.9879293521120841,0.09262208845390475,93.20106908519483,5.2746874950194025,0.0,-0.057445113471000196,1.0,-0.984167058691402,-0.6424705156753965,-0.9110103191151369,0.06791451953998073,1.570802827305528,2.50094670559519,-0.984167058691402,-0.6424705156753965,10.845996278637504,0.0,10.845996278637505,126,True
ovary,raw,ENSG00000290660.2,ENSG00000290660,3.228381177460635,312.7421523249807,-0.9955583466541728,2.1780841935971412e-05,644.9232993322224,22925.725311582824,,288.39318606205103,,-1.0,-0.6424705156753965,-0.9419031098886386,0.06933235679680785,1.6494216436294145,2.9502971172398595,-1.0,-0.6424705156753965,0.0,0.0,0.0,193,True
pancreas,excluded_at_or_below_-1,ENSG00000290660.2,ENSG00000290660,0.4726327316235932,11.418867495341997,-0.9782782911705892,0.01311721267729968,88.41222952603636,9.343942327532506,0.0,1.6913802682142962,0.23921862776595398,-0.9939662998891068,-0.8916107028970076,-0.9725540008529058,0.01602097366072819,2.05432311582469,5.883548297846069,-0.9939662998891068,-0.8916107028970076,11.418796456615532,0.0,2.731588819090305,118,True
pancreas,raw,ENSG00000290660.2,ENSG00000290660,2.903086609353994,227.88085250134893,-0.9986848860071259,0.0014157655894522316,964.9666972326946,106.95680348675309,0.0,1.313672304684741,0.42244509394550683,-1.0,-0.8916107028970076,-0.9910535140901738,0.01578452699250664,2.273439935739598,6.744617351852606,-1.0,-0.8916107028970076,227.61400855184257,0.0,96.15442122599704,362,True
pituitary,excluded_at_or_below_-1,ENSG00000290660.2,ENSG00000290660,0.6882063934230224,18.260785249638154,-0.004397854476165877,1.1630216580208013,155.1873923960099,4.467322044703216,0.0,1.1648655155536407,0.5073773323304669,-0.9623605408169148,3.669440687013453,0.28232945158634076,0.8087983397957063,1.0170381035024658,1.398442703840142,-0.9623605408169148,3.669440687013453,18.259927860117713,0.0,9.264673486213297,313,True
pituitary,raw,ENSG00000290660.2,ENSG00000290660,0.6882063934230224,18.260785249638154,-0.004397854476165877,1.1630216580208013,155.1873923960099,4.467322044703216,0.0,1.1648655155536407,0.5073773323304669,-0.9623605408169148,3.669440687013453,0.28232945158634076,0.8087983397957063,1.0170381035024658,1.398442703840142,-0.9623605408169148,3.669440687013453,18.259927860117713,0.0,9.264673486213297,313,True
prostate,excluded_at_or_below_-1,ENSG00000290660.2,ENSG00000290660,0.22506662762455978,103.56155882005456,-0.9876383625788364,0.09654109869764371,17.909872884875426,33.39602521548577,0.0,-0.028095679594567855,1.0,-0.9857204147887126,1.2921368087376417,-0.9077865881973303,0.18681330506370167,10.333929805173314,118.11547791085034,-0.9857204147887126,1.2921368087376417,103.5206928356802,0.0,103.5206928356802,161,True
prostate,raw,ENSG00000290660.2,ENSG00000290660,0.2828433757589401,541.1313885142163,-1.0895213356572393,0.11807620086597077,31.362420242745195,28.52542022894876,0.0,-1.0722083373255658,1.0,-1.0,1.2921368087376417,-0.947353335814788,0.14819550306644833,12.488671790451795,183.66816772883428,-1.0,1.2921368087376417,304.5534947559126,0.0,304.5534947559124,282,True
skin_not_sun_exposed_suprapubic,excluded_at_or_below_-1,ENSG00000290660.2,ENSG00000290660,1.9753706569401952,36.80278379784141,-0.21961152016543373,1.106166878314995,620.033111631906,4.416753079939204,0.0,0.9486061911546999,0.6376539861819732,-0.961590509151429,3.235076015517781,0.14960882086530308,0.762219830959516,0.9850136455376306,0.8278374548403109,-0.961590509151429,3.235076015517781,36.80063314869925,0.0,23.466070421288535,649,True
skin_not_sun_exposed_suprapubic,raw,ENSG00000290660.2,ENSG00000290660,2.2049825608293165,36.99101392116171,-0.1875078183187692,1.0538154749243624,704.2927795642418,4.593085403797057,0.0,1.0903592611772697,0.551859022967317,-1.0,3.235076015517781,0.1460769965308475,0.7637050561047353,0.9796437767344909,0.820272680960489,-1.0,3.235076015517781,36.99003183586706,0.0,20.413282828471548,651,True
skin_sun_exposed_lower_leg,excluded_at_or_below_-1,ENSG00000290660.2,ENSG00000290660,0.7942380157040707,47.75908405885995,0.02056367203775003,1.3494383101493799,1004.9389838551995,4.598597850269274,0.0,1.0327983000660508,0.5866345161818407,-0.9649293467306568,4.408531852537218,0.3426169165933114,0.8331601003458213,0.8892458035731674,1.0094732918368408,-0.9649293467306568,4.408531852537218,47.75781881440859,0.0,28.01638493409059,754,True
skin_sun_exposed_lower_leg,raw,ENSG00000290660.2,ENSG00000290660,0.7942380157040707,47.75908405885995,0.02056367203775003,1.3494383101493799,1004.9389838551995,4.598597850269274,0.0,1.0327983000660508,0.5866345161818407,-0.9649293467306568,4.408531852537218,0.3426169165933114,0.8331601003458213,0.8892458035731674,1.0094732918368408,-0.9649293467306568,4.408531852537218,47.75781881440859,0.0,28.01638493409059,754,True
small_intestine_terminal_ileum,excluded_at_or_below_-1,ENSG00000290660.2,ENSG00000290660,0.21621789278060105,30.354151991582835,-0.971848292071939,0.063045911248397,50.00830797158761,17.87788931354112,0.0,0.39998931238026014,0.9231253419017248,-0.9896798921637364,-0.1748485651856953,-0.9338566257703149,0.08061715995600621,7.253650165793898,64.94584047287763,-0.9896798921637364,-0.1748485651856953,30.35398596432938,0.0,28.020533671401715,118,True
small_intestine_terminal_ileum,raw,ENSG00000290660.2,ENSG00000290660,0.527357193872656,1389172370872.2207,-2.3393296996546966,0.27905397221343714,215.66307615893155,10.96934242357066,0.0,-6.787569482408361,1.0,-1.0,-0.1748485651856953,-0.9622950813569912,0.06905596493965477,7.470941879038307,80.06604518626429,-1.0,-0.1748485651856953,137.5764179784037,0.0,137.57641797840222,207,True
spleen,excluded_at_or_below_-1,ENSG00000290660.2,ENSG00000290660,-0.47259433974950643,12.764198912088746,0.6308298050660743,1.2028264478286381,394.9499650985755,2.316042689495308,0.0,1.8144225526654896,0.13351885394190122,-0.9123850897342588,2.6006860384842225,0.6811743275719465,0.7322468711685893,0.18534428553890112,-0.5091236451661505,-0.9123850897342588,2.6006860384842225,11.890812265281502,0.0,1.5876476260986887,277,True
spleen,raw,ENSG00000290660.2,ENSG00000290660,-0.47259433974950643,12.764198912088746,0.6308298050660743,1.2028264478286381,394.9499650985755,2.316042689495308,0.0,1.8144225526654896,0.13351885394190122,-0.9123850897342588,2.6006860384842225,0.6811743275719465,0.7322468711685893,0.18534428553890112,-0.5091236451661505,-0.9123850897342588,2.6006860384842225,11.890812265281502,0.0,1.5876476260986887,277,True
stomach,excluded_at_or_below_-1,ENSG00000290660.2,ENSG00000290660,0.24616619258626166,10.917710880237099,-0.9791600952531768,0.032335059294446404,50.17486259244247,7.173139688776381,0.0,0.3849630512634561,0.9285982275539247,-0.9879620212281244,-0.8151509927137259,-0.9613369183820294,0.024590809583560788,2.604163067275545,10.97951775980906,-0.9879620212281244,-0.8151509927137259,10.9175016628862,0.0,10.137972693473154,104,True
stomach,raw,ENSG00000290660.2,ENSG00000290660,2.6743458500599866,337.1426894695609,-0.9976927277779231,9.822964152367502e-06,676.6689664911127,26280.559861829963,,332.17831378946096,,-1.0,-0.8151509927137259,-0.9901204902008134,0.02093989288745131,3.0983286528278633,14.496005819655998,-1.0,-0.8151509927137259,0.0,0.0,0.0,407,True
testis,excluded_at_or_below_-1,ENSG00000290660.2,ENSG00000290660,0.07350417170051796,28.151196884265417,3.3592136326869655,0.7823781682975671,314.8275310535402,3.238010523344573,0.003884455255943968,3.623533318927159,0.0,1.354584744762669,5.150561707394674,3.3383428526920995,0.5674882074016766,-0.13327826725440886,0.38555698886340517,1.354584744762669,5.150561707394674,28.111338326717636,0.10919723591483743,0.0,414,True
testis,raw,ENSG00000290660.2,ENSG00000290660,0.07350417170051796,28.151196884265417,3.3592136326869655,0.7823781682975671,314.8275310535402,3.238010523344573,0.003884455255943968,3.623533318927159,0.0,1.354584744762669,5.150561707394674,3.3383428526920995,0.5674882074016766,-0.13327826725440886,0.38555698886340517,1.354584744762669,5.150561707394674,28.111338326717636,0.10919723591483743,0.0,414,True
thyroid,excluded_at_or_below_-1,ENSG00000290660.2,ENSG00000290660,1.6557463912548986,74.6006332769677,-0.9047153505007761,0.28354861769158446,594.4776416344176,8.384077692173461,0.0,0.39367232119132317,0.9254390768510737,-0.9836463164221652,0.7762851033807865,-0.742030301387558,0.22226585743660207,2.2562224133638815,7.746668031720647,-0.9836463164221652,0.7762851033807865,74.60048617813695,0.0,69.03820506133636,623,True
thyroid,raw,ENSG00000290660.2,ENSG00000290660,1.2516616914287222,92.50480618201121,-1.0185106183743207,0.3642845235024535,242.7938540501001,6.967697740741888,0.0,-0.07186132230155229,1.0,-1.0,0.7762851033807865,-0.7650363710006558,0.22450706233662013,2.1667787568032346,7.3820402980514235,-1.0,0.7762851033807865,92.26626456640003,0.0,92.26626456640001,684,True
uterus,excluded_at_or_below_-1,ENSG00000290660.2,ENSG00000290660,0.14781071905940932,740753.59908445,-2.7062274378297686,0.5481048372563387,47.88858190953103,8.165382349809432,0.0,-4.442378006662635,1.0,-0.9845010033249678,0.4584187535616313,-0.8665457602271915,0.18860541641992926,4.514468115493965,25.602033993861596,-0.9845010033249678,0.4584187535616313,38.400179997714005,0.0,38.400179997714005,94,True
uterus,raw,ENSG00000290660.2,ENSG00000290660,0.36783589759799584,928831806411.8948,-3.444396216074435,0.5100751559234383,23.464860639749972,10.820785520321483,0.0,-6.777233198757904,1.0,-1.0,0.4584187535616313,-0.9180085062833726,0.1612814825206827,5.180726959901326,35.78437550538742,-1.0,0.4584187535616313,98.66680781379377,0.0,98.66680781379377,153,True
vagina,excluded_at_or_below_-1,ENSG00000290660.2,ENSG00000290660,0.14426220784214416,122.8614757795516,-1.3617955137484596,0.3456088794986788,46.12293667287173,8.746225561894502,0.0,-1.5345701967490664,1.0,-0.9867735932115436,0.7756279254786058,-0.8452469056762683,0.22135019058171537,4.763887317789791,28.038836720778622,-0.9867735932115436,0.7756279254786058,37.84900392543426,0.0,37.84900392543426,112,True
vagina,raw,ENSG00000290660.2,ENSG00000290660,0.8140552349040141,1636314917712.6892,-3.3797486694779364,0.4931284614063889,333.5535397279955,11.916955514178596,0.0,-6.82473859613941,1.0,-1.0,0.7756279254786058,-0.8980450202102472,0.19389591671508963,5.312677382606713,37.00934298104267,-1.0,0.7756279254786058,125.83095450632226,0.0,125.83095450632226,170,True
whole_blood,excluded_at_or_below_-1,ENSG00000290660.2,ENSG00000290660,0.10090691506274338,9.961261143523057,-0.9766795725585391,0.050027987537893046,44.77830208724403,7.072097568035534,0.0,0.3307081779296745,0.946788519980422,-0.9883784170925872,-0.7265032071114753,-0.9507159363054898,0.03626385863767468,3.2153753458531917,15.77920121947222,-0.9883784170925872,-0.7265032071114753,9.96121708496206,0.0,9.43116598107492,89,True
whole_blood,raw,ENSG00000290660.2,ENSG00000290660,2.3157894272226116,795.3187496933124,-0.9973085364539048,0.0021817400882770885,551.9544345074528,175.5372106772863,0.0,1.7446185592741972,0.2184143120854078,-1.0,-0.7265032071114753,-0.9945376317947554,0.019595034570999405,5.970636464585351,54.92185474932099,-1.0,-0.7265032071114753,794.9327535590687,0.0,173.62469052276296,803,True
adipose_subcutaneous,excluded_at_or_below_-1,ENSG00000290664.1,ENSG00000290664,,,,,,,,,,,,,,,,,,,,,0,False
adipose_subcutaneous,raw,ENSG00000290664.1,ENSG00000290664,0.0,714.0,-0.9875,1.0001e-06,0.0,-17675.90193946968,0.0,,,-1.0,-1.0,-1.0,0.0,,,,-1.0,5.83115986411798e-187,0.0,,714,True
adipose_visceral_omentum,excluded_at_or_below_-1,ENSG00000290664.1,ENSG00000290664,,,,,,,,,,,,,,,,,,,,,0,False
adipose_visceral_omentum,raw,ENSG00000290664.1,ENSG00000290664,0.0,587.0,-0.9875,1.0001e-06,0.0,-17675.90193946968,0.0,,,-1.0,-1.0,-1.0,0.0,,,,-1.0,4.793964762237051e-187,0.0,,587,True
adrenal_gland,excluded_at_or_below_-1,ENSG00000290664.1,ENSG00000290664,,,,,,,,,,,,,,,,,,,,,0,False
adrenal_gland,raw,ENSG00000290664.1,ENSG00000290664,0.0,295.0,-0.9875,1.0001e-06,0.0,-17675.90193946968,0.0,,,-1.0,-1.0,-1.0,0.0,,,,-1.0,2.409232716967513e-187,0.0,,295,True
artery_aorta,excluded_at_or_below_-1,ENSG00000290664.1,ENSG00000290664,,,,,,,,,,,,,,,,,,,,,0,False
artery_aorta,raw,ENSG00000290664.1,ENSG00000290664,0.0,472.0,-0.9875,1.0001e-06,0.0,-17675.90193946968,0.0,,,-1.0,-1.0,-1.0,0.0,,,,-1.0,3.8547723471480207e-187,0.0,,472,True
artery_coronary,excluded_at_or_below_-1,ENSG00000290664.1,ENSG00000290664,,,,,,,,,,,,,,,,,,,,,0,False
artery_coronary,raw,ENSG00000290664.1,ENSG00000290664,0.0,268.0,-0.9875,1.0001e-06,0.0,-17675.90193946968,0.0,,,-1.0,-1.0,-1.0,0.0,,,,-1.0,2.1887266716857407e-187,0.0,,268,True
artery_tibial,excluded_at_or_below_-1,ENSG00000290664.1,ENSG00000290664,,,,,,,,,,,,,,,,,,,,,0,False
artery_tibial,raw,ENSG00000290664.1,ENSG00000290664,0.0,691.0,-0.9875,1.0001e-06,0.0,-17675.90193946968,0.0,,,-1.0,-1.0,-1.0,0.0,,,,-1.0,5.643321381100175e-187,0.0,,691,True
bladder,excluded_at_or_below_-1,ENSG00000290664.1,ENSG00000290664,,,,,,,,,,,,,,,,,,,,,0,False
bladder,raw,ENSG00000290664.1,ENSG00000290664,0.0,77.0,-0.9875,1.0001e-06,0.0,-17675.90193946968,0.0,,,-1.0,-1.0,-1.0,0.0,,,,-1.0,6.288505735813509e-188,0.0,,77,True
brain_amygdala,excluded_at_or_below_-1,ENSG00000290664.1,ENSG00000290664,,,,,,,,,,,,,,,,,,,,,0,False
brain_amygdala,raw,ENSG00000290664.1,ENSG00000290664,0.0,181.0,-0.9875,1.0001e-06,0.0,-17675.90193946968,0.0,,,-1.0,-1.0,-1.0,0.0,,,,-1.0,1.478207192444474e-187,0.0,,181,True
brain_anterior_cingulate_cortex_ba24,excluded_at_or_below_-1,ENSG00000290664.1,ENSG00000290664,,,,,,,,,,,,,,,,,,,,,0,False
brain_anterior_cingulate_cortex_ba24,raw,ENSG00000290664.1,ENSG00000290664,0.0,233.0,-0.9875,1.0001e-06,0.0,-17675.90193946968,0.0,,,-1.0,-1.0,-1.0,0.0,,,,-1.0,1.9028855018760357e-187,0.0,,233,True
brain_caudate_basal_ganglia,excluded_at_or_below_-1,ENSG00000290664.1,ENSG00000290664,,,,,,,,,,,,,,,,,,,,,0,False
brain_caudate_basal_ganglia,raw,ENSG00000290664.1,ENSG00000290664,0.0,300.0,-0.9875,1.0001e-06,0.0,-17675.90193946968,0.0,,,-1.0,-1.0,-1.0,0.0,,,,-1.0,2.450067169797471e-187,0.0,,300,True
brain_cerebellar_hemisphere,excluded_at_or_below_-1,ENSG00000290664.1,ENSG00000290664,,,,,,,,,,,,,,,,,,,,,0,False
brain_cerebellar_hemisphere,raw,ENSG00000290664.1,ENSG00000290664,0.0,277.0,-0.9875,1.0001e-06,0.0,-17675.90193946968,0.0,,,-1.0,-1.0,-1.0,0.0,,,,-1.0,2.2622286867796648e-187,0.0,,277,True
brain_cerebellum,excluded_at_or_below_-1,ENSG00000290664.1,ENSG00000290664,,,,,,,,,,,,,,,,,,,,,0,False
brain_cerebellum,raw,ENSG00000290664.1,ENSG00000290664,0.0,266.0,-0.9875,1.0001e-06,0.0,-17675.90193946968,0.0,,,-1.0,-1.0,-1.0,0.0,,,,-1.0,2.1723928905537574e-187,0.0,,266,True
brain_cortex,excluded_at_or_below_-1,ENSG00000290664.1,ENSG00000290664,,,,,,,,,,,,,,,,,,,,,0,False
brain_cortex,raw,ENSG00000290664.1,ENSG00000290664,0.0,270.0,-0.9875,1.0001e-06,0.0,-17675.90193946968,0.0,,,-1.0,-1.0,-1.0,0.0,,,,-1.0,2.2050604528177237e-187,0.0,,270,True
brain_frontal_cortex_ba9,excluded_at_or_below_-1,ENSG00000290664.1,ENSG00000290664,,,,,,,,,,,,,,,,,,,,,0,False
brain_frontal_cortex_ba9,raw,ENSG00000290664.1,ENSG00000290664,0.0,269.0,-0.9875,1.0001e-06,0.0,-17675.90193946968,0.0,,,-1.0,-1.0,-1.0,0.0,,,,-1.0,2.196893562251732e-187,0.0,,269,True
brain_hippocampus,excluded_at_or_below_-1,ENSG00000290664.1,ENSG00000290664,,,,,,,,,,,,,,,,,,,,,0,False
brain_hippocampus,raw,ENSG00000290664.1,ENSG00000290664,0.0,255.0,-0.9875,1.0001e-06,0.0,-17675.90193946968,0.0,,,-1.0,-1.0,-1.0,0.0,,,,-1.0,2.08255709432785e-187,0.0,,255,True
brain_hypothalamus,excluded_at_or_below_-1,ENSG00000290664.1,ENSG00000290664,,,,,,,,,,,,,,,,,,,,,0,False
brain_hypothalamus,raw,ENSG00000290664.1,ENSG00000290664,0.0,257.0,-0.9875,1.0001e-06,0.0,-17675.90193946968,0.0,,,-1.0,-1.0,-1.0,0.0,,,,-1.0,2.0988908754598334e-187,0.0,,257,True
brain_nucleus_accumbens_basal_ganglia,excluded_at_or_below_-1,ENSG00000290664.1,ENSG00000290664,,,,,,,,,,,,,,,,,,,,,0,False
brain_nucleus_accumbens_basal_ganglia,raw,ENSG00000290664.1,ENSG00000290664,0.0,285.0,-0.9875,1.0001e-06,0.0,-17675.90193946968,0.0,,,-1.0,-1.0,-1.0,0.0,,,,-1.0,2.3275638113075975e-187,0.0,,285,True
brain_putamen_basal_ganglia,excluded_at_or_below_-1,ENSG00000290664.1,ENSG00000290664,,,,,,,,,,,,,,,,,,,,,0,False
brain_putamen_basal_ganglia,raw,ENSG00000290664.1,ENSG00000290664,0.0,254.0,-0.9875,1.0001e-06,0.0,-17675.90193946968,0.0,,,-1.0,-1.0,-1.0,0.0,,,,-1.0,2.0743902037618585e-187,0.0,,254,True
brain_spinal_cord_cervical_c-1,excluded_at_or_below_-1,ENSG00000290664.1,ENSG00000290664,,,,,,,,,,,,,,,,,,,,,0,False
brain_spinal_cord_cervical_c-1,raw,ENSG00000290664.1,ENSG00000290664,0.0,204.0,-0.9875,1.0001e-06,0.0,-17675.90193946968,0.0,,,-1.0,-1.0,-1.0,0.0,,,,-1.0,1.6660456754622802e-187,0.0,,204,True
brain_substantia_nigra,excluded_at_or_below_-1,ENSG00000290664.1,ENSG00000290664,,,,,,,,,,,,,,,,,,,,,0,False
brain_substantia_nigra,raw,ENSG00000290664.1,ENSG00000290664,0.0,183.0,-0.9875,1.0001e-06,0.0,-17675.90193946968,0.0,,,-1.0,-1.0,-1.0,0.0,,,,-1.0,1.4945409735764572e-187,0.0,,183,True
breast_mammary_tissue,excluded_at_or_below_-1,ENSG00000290664.1,ENSG00000290664,,,,,,,,,,,,,,,,,,,,,0,False
breast_mammary_tissue,raw,ENSG00000290664.1,ENSG00000290664,0.0,514.0,-0.9875,1.0001e-06,0.0,-17675.90193946968,0.0,,,-1.0,-1.0,-1.0,0.0,,,,-1.0,4.1977817509196667e-187,0.0,,514,True
cells_cultured_fibroblasts,excluded_at_or_below_-1,ENSG00000290664.1,ENSG00000290664,,,,,,,,,,,,,,,,,,,,,0,False
cells_cultured_fibroblasts,raw,ENSG00000290664.1,ENSG00000290664,0.0,652.0,-0.9875,1.0001e-06,0.0,-17675.90193946968,0.0,,,-1.0,-1.0,-1.0,0.0,,,,-1.0,5.324812649026503e-187,0.0,,652,True
cells_ebv-transformed_lymphocytes,excluded_at_or_below_-1,ENSG00000290664.1,ENSG00000290664,,,,,,,,,,,,,,,,,,,,,0,False
cells_ebv-transformed_lymphocytes,raw,ENSG00000290664.1,ENSG00000290664,0.0,327.0,-0.9875,1.0001e-06,0.0,-17675.90193946968,0.0,,,-1.0,-1.0,-1.0,0.0,,,,-1.0,2.670573215079243e-187,0.0,,327,True
cervix_ectocervix,excluded_at_or_below_-1,ENSG00000290664.1,ENSG00000290664,,,,,,,,,,,,,,,,,,,,,0,False
cervix_ectocervix,raw,ENSG00000290664.1,ENSG00000290664,0.0,24.0,-0.9875,1.0001e-06,0.0,-17675.90193946968,0.0,,,-1.0,-1.0,-1.0,0.0,,,,-1.0,1.9600537358379766e-188,0.0,,24,True
cervix_endocervix,excluded_at_or_below_-1,ENSG00000290664.1,ENSG00000290664,,,,,,,,,,,,,,,,,,,,,0,False
cervix_endocervix,raw,ENSG00000290664.1,ENSG00000290664,0.0,23.0,-0.9875,1.0001e-06,0.0,-17675.90193946968,0.0,,,-1.0,-1.0,-1.0,0.0,,,,-1.0,1.878384830178061e-188,0.0,,23,True
colon_sigmoid,excluded_at_or_below_-1,ENSG00000290664.1,ENSG00000290664,,,,,,,,,,,,,,,,,,,,,0,False
colon_sigmoid,raw,ENSG00000290664.1,ENSG00000290664,0.0,419.0,-0.9875,1.0001e-06,0.0,-17675.90193946968,0.0,,,-1.0,-1.0,-1.0,0.0,,,,-1.0,3.4219271471504676e-187,0.0,,419,True
colon_transverse,excluded_at_or_below_-1,ENSG00000290664.1,ENSG00000290664,,,,,,,,,,,,,,,,,,,,,0,False
colon_transverse,raw,ENSG00000290664.1,ENSG00000290664,0.0,479.0,-0.9875,1.0001e-06,0.0,-17675.90193946968,0.0,,,-1.0,-1.0,-1.0,0.0,,,,-1.0,3.911940581109962e-187,0.0,,479,True
esophagus_gastroesophageal_junction,excluded_at_or_below_-1,ENSG00000290664.1,ENSG00000290664,,,,,,,,,,,,,,,,,,,,,0,False
esophagus_gastroesophageal_junction,raw,ENSG00000290664.1,ENSG00000290664,0.0,403.0,-0.9875,1.0001e-06,0.0,-17675.90193946968,0.0,,,-1.0,-1.0,-1.0,0.0,,,,-1.0,3.2912568980946026e-187,0.0,,403,True
esophagus_mucosa,excluded_at_or_below_-1,ENSG00000290664.1,ENSG00000290664,,,,,,,,,,,,,,,,,,,,,0,False
esophagus_mucosa,raw,ENSG00000290664.1,ENSG00000290664,0.0,614.0,-0.9875,1.0001e-06,0.0,-17675.90193946968,0.0,,,-1.0,-1.0,-1.0,0.0,,,,-1.0,5.014470807518823e-187,0.0,,614,True
esophagus_muscularis,excluded_at_or_below_-1,ENSG00000290664.1,ENSG00000290664,,,,,,,,,,,,,,,,,,,,,0,False
esophagus_muscularis,raw,ENSG00000290664.1,ENSG00000290664,0.0,561.0,-0.9875,1.0001e-06,0.0,-17675.90193946968,0.0,,,-1.0,-1.0,-1.0,0.0,,,,-1.0,4.5816256075212706e-187,0.0,,561,True
fallopian_tube,excluded_at_or_below_-1,ENSG00000290664.1,ENSG00000290664,,,,,,,,,,,,,,,,,,,,,0,False
fallopian_tube,raw,ENSG00000290664.1,ENSG00000290664,0.0,29.0,-0.9875,1.0001e-06,0.0,-17675.90193946968,0.0,,,-1.0,-1.0,-1.0,0.0,,,,-1.0,2.368398264137555e-188,0.0,,29,True
heart_atrial_appendage,excluded_at_or_below_-1,ENSG00000290664.1,ENSG00000290664,,,,,,,,,,,,,,,,,,,,,0,False
heart_atrial_appendage,raw,ENSG00000290664.1,ENSG00000290664,0.0,461.0,-0.9875,1.0001e-06,0.0,-17675.90193946968,0.0,,,-1.0,-1.0,-1.0,0.0,,,,-1.0,3.7649365509221136e-187,0.0,,461,True
heart_left_ventricle,excluded_at_or_below_-1,ENSG00000290664.1,ENSG00000290664,,,,,,,,,,,,,,,,,,,,,0,False
heart_left_ventricle,raw,ENSG00000290664.1,ENSG00000290664,0.0,452.0,-0.9875,1.0001e-06,0.0,-17675.90193946968,0.0,,,-1.0,-1.0,-1.0,0.0,,,,-1.0,3.6914345358281893e-187,0.0,,452,True
kidney_cortex,excluded_at_or_below_-1,ENSG00000290664.1,ENSG00000290664,,,,,,,,,,,,,,,,,,,,,0,False
kidney_cortex,raw,ENSG00000290664.1,ENSG00000290664,0.0,104.0,-0.9875,1.0001e-06,0.0,-17675.90193946968,0.0,,,-1.0,-1.0,-1.0,0.0,,,,-1.0,8.493566188631232e-188,0.0,,104,True
kidney_medulla,excluded_at_or_below_-1,ENSG00000290664.1,ENSG00000290664,,,,,,,,,,,,,,,,,,,,,0,False
kidney_medulla,raw,ENSG00000290664.1,ENSG00000290664,0.0,11.0,-0.9875,1.0001e-06,0.0,-17675.90193946968,0.0,,,-1.0,-1.0,-1.0,0.0,,,,-1.0,8.983579622590726e-189,0.0,,11,True
liver,excluded_at_or_below_-1,ENSG00000290664.1,ENSG00000290664,,,,,,,,,,,,,,,,,,,,,0,False
liver,raw,ENSG00000290664.1,ENSG00000290664,0.0,262.0,-0.9875,1.0001e-06,0.0,-17675.90193946968,0.0,,,-1.0,-1.0,-1.0,0.0,,,,-1.0,2.1397253282897912e-187,0.0,,262,True
lung,excluded_at_or_below_-1,ENSG00000290664.1,ENSG00000290664,,,,,,,,,,,,,,,,,,,,,0,False
lung,raw,ENSG00000290664.1,ENSG00000290664,0.0,604.0,-0.9875,1.0001e-06,0.0,-17675.90193946968,0.0,,,-1.0,-1.0,-1.0,0.0,,,,-1.0,4.932801901858908e-187,0.0,,604,True
minor_salivary_gland,excluded_at_or_below_-1,ENSG00000290664.1,ENSG00000290664,,,,,,,,,,,,,,,,,,,,,0,False
minor_salivary_gland,raw,ENSG00000290664.1,ENSG00000290664,0.0,181.0,-0.9875,1.0001e-06,0.0,-17675.90193946968,0.0,,,-1.0,-1.0,-1.0,0.0,,,,-1.0,1.478207192444474e-187,0.0,,181,True
muscle_skeletal,excluded_at_or_below_-1,ENSG00000290664.1,ENSG00000290664,,,,,,,,,,,,,,,,,,,,,0,False
muscle_skeletal,raw,ENSG00000290664.1,ENSG00000290664,0.0,818.0,-0.9875,1.0001e-06,0.0,-17675.90193946968,0.0,,,-1.0,-1.0,-1.0,0.0,,,,-1.0,6.680516482981104e-187,0.0,,818,True
nerve_tibial,excluded_at_or_below_-1,ENSG00000290664.1,ENSG00000290664,,,,,,,,,,,,,,,,,,,,,0,False
nerve_tibial,raw,ENSG00000290664.1,ENSG00000290664,0.0,670.0,-0.9875,1.0001e-06,0.0,-17675.90193946968,0.0,,,-1.0,-1.0,-1.0,0.0,,,,-1.0,5.471816679214351e-187,0.0,,670,True
ovary,excluded_at_or_below_-1,ENSG00000290664.1,ENSG00000290664,,,,,,,,,,,,,,,,,,,,,0,False
ovary,raw,ENSG00000290664.1,ENSG00000290664,0.0,193.0,-0.9875,1.0001e-06,0.0,-17675.90193946968,0.0,,,-1.0,-1.0,-1.0,0.0,,,,-1.0,1.576209879236373e-187,0.0,,193,True
pancreas,excluded_at_or_below_-1,ENSG00000290664.1,ENSG00000290664,,,,,,,,,,,,,,,,,,,,,0,False
pancreas,raw,ENSG00000290664.1,ENSG00000290664,0.0,362.0,-0.9875,1.0001e-06,0.0,-17675.90193946968,0.0,,,-1.0,-1.0,-1.0,0.0,,,,-1.0,2.956414384888948e-187,0.0,,362,True
pituitary,excluded_at_or_below_-1,ENSG00000290664.1,ENSG00000290664,,,,,,,,,,,,,,,,,,,,,0,False
pituitary,raw,ENSG00000290664.1,ENSG00000290664,0.0,313.0,-0.9875,1.0001e-06,0.0,-17675.90193946968,0.0,,,-1.0,-1.0,-1.0,0.0,,,,-1.0,2.5562367471553613e-187,0.0,,313,True
prostate,excluded_at_or_below_-1,ENSG00000290664.1,ENSG00000290664,,,,,,,,,,,,,,,,,,,,,0,False
prostate,raw,ENSG00000290664.1,ENSG00000290664,0.0,282.0,-0.9875,1.0001e-06,0.0,-17675.90193946968,0.0,,,-1.0,-1.0,-1.0,0.0,,,,-1.0,2.3030631396096224e-187,0.0,,282,True
skin_not_sun_exposed_suprapubic,excluded_at_or_below_-1,ENSG00000290664.1,ENSG00000290664,,,,,,,,,,,,,,,,,,,,,0,False
skin_not_sun_exposed_suprapubic,raw,ENSG00000290664.1,ENSG00000290664,0.0,651.0,-0.9875,1.0001e-06,0.0,-17675.90193946968,0.0,,,-1.0,-1.0,-1.0,0.0,,,,-1.0,5.316645758460512e-187,0.0,,651,True
skin_sun_exposed_lower_leg,excluded_at_or_below_-1,ENSG00000290664.1,ENSG00000290664,,,,,,,,,,,,,,,,,,,,,0,False
skin_sun_exposed_lower_leg,raw,ENSG00000290664.1,ENSG00000290664,0.0,754.0,-0.9875,1.0001e-06,0.0,-17675.90193946968,0.0,,,-1.0,-1.0,-1.0,0.0,,,,-1.0,6.157835486757643e-187,0.0,,754,True
small_intestine_terminal_ileum,excluded_at_or_below_-1,ENSG00000290664.1,ENSG00000290664,,,,,,,,,,,,,,,,,,,,,0,False
small_intestine_terminal_ileum,raw,ENSG00000290664.1,ENSG00000290664,0.0,207.0,-0.9875,1.0001e-06,0.0,-17675.90193946968,0.0,,,-1.0,-1.0,-1.0,0.0,,,,-1.0,1.6905463471602549e-187,0.0,,207,True
spleen,excluded_at_or_below_-1,ENSG00000290664.1,ENSG00000290664,,,,,,,,,,,,,,,,,,,,,0,False
spleen,raw,ENSG00000290664.1,ENSG00000290664,0.0,277.0,-0.9875,1.0001e-06,0.0,-17675.90193946968,0.0,,,-1.0,-1.0,-1.0,0.0,,,,-1.0,2.2622286867796648e-187,0.0,,277,True
stomach,excluded_at_or_below_-1,ENSG00000290664.1,ENSG00000290664,,,,,,,,,,,,,,,,,,,,,0,False
stomach,raw,ENSG00000290664.1,ENSG00000290664,0.0,407.0,-0.9875,1.0001e-06,0.0,-17675.90193946968,0.0,,,-1.0,-1.0,-1.0,0.0,,,,-1.0,3.3239244603585686e-187,0.0,,407,True
testis,excluded_at_or_below_-1,ENSG00000290664.1,ENSG00000290664,,,,,,,,,,,,,,,,,,,,,0,False
testis,raw,ENSG00000290664.1,ENSG00000290664,0.0,414.0,-0.9875,1.0001e-06,0.0,-17675.90193946968,0.0,,,-1.0,-1.0,-1.0,0.0,,,,-1.0,3.3810926943205097e-187,0.0,,414,True
thyroid,excluded_at_or_below_-1,ENSG00000290664.1,ENSG00000290664,,,,,,,,,,,,,,,,,,,,,0,False
thyroid,raw,ENSG00000290664.1,ENSG00000290664,0.0,684.0,-0.9875,1.0001e-06,0.0,-17675.90193946968,0.0,,,-1.0,-1.0,-1.0,0.0,,,,-1.0,5.586153147138233e-187,0.0,,684,True
uterus,excluded_at_or_below_-1,ENSG00000290664.1,ENSG00000290664,,,,,,,,,,,,,,,,,,,,,0,False
uterus,raw,ENSG00000290664.1,ENSG00000290664,0.0,153.0,-0.9875,1.0001e-06,0.0,-17675.90193946968,0.0,,,-1.0,-1.0,-1.0,0.0,,,,-1.0,1.24953425659671e-187,0.0,,153,True
vagina,excluded_at_or_below_-1,ENSG00000290664.1,ENSG00000290664,,,,,,,,,,,,,,,,,,,,,0,False
vagina,raw,ENSG00000290664.1,ENSG00000290664,0.0,170.0,-0.9875,1.0001e-06,0.0,-17675.90193946968,0.0,,,-1.0,-1.0,-1.0,0.0,,,,-1.0,1.3883713962185667e-187,0.0,,170,True
whole_blood,excluded_at_or_below_-1,ENSG00000290664.1,ENSG00000290664,,,,,,,,,,,,,,,,,,,,,0,False
whole_blood,raw,ENSG00000290664.1,ENSG00000290664,0.0,803.0,-0.9875,1.0001e-06,0.0,-17675.90193946968,0.0,,,-1.0,-1.0,-1.0,0.0,,,,-1.0,6.55801312449123e-187,0.0,,803,True
adipose_subcutaneous,excluded_at_or_below_-1,ENSG00000290665.2,ENSG00000290665,0.6033978215737205,1739329794423.2397,-6.488511127783323,1.1277645376743193,335.62276605567587,7.704812991060015,0.0,-6.897468589401086,1.0,-0.988125131062916,-0.344308376574299,-0.8712187321029267,0.11283543954908709,1.6095465015462596,2.834679009989305,-0.988125131062916,-0.344308376574299,80.98194685348369,0.0,80.98194685348368,594,True
adipose_subcutaneous,raw,ENSG00000290665.2,ENSG00000290665,3.090299870384864,1404867166093.6475,-4.658094996376802,0.760440716140626,1646.9221034956192,8.022473564895389,0.0,-6.8030649155410865,1.0,-1.0,-0.344308376574299,-0.8928626426738634,0.11362726127452381,1.6442576322857716,3.0299343113622,-1.0,-0.344308376574299,125.21084478855924,0.0,125.21084478855927,714,True
adipose_visceral_omentum,excluded_at_or_below_-1,ENSG00000290665.2,ENSG00000290665,0.35787878842851173,357.90259789523117,-1.3789543782281644,0.2866862515715683,485.46553207642563,4.252862549276579,0.0,-1.9172388007109016,1.0,-0.9902959607391862,-0.5168234701810884,-0.907696992842392,0.07591658734759182,1.5975781506247768,3.207176382565989,-0.9902959607391862,-0.5168234701810884,56.91823779657572,0.0,56.918237796575724,438,True
adipose_visceral_omentum,raw,ENSG00000290665.2,ENSG00000290665,4.427052403203994,2242652151931.5537,-2.63201394414142,0.33698051904698495,3164.7769683451843,8.876866424613693,0.0,-6.849108845562073,1.0,-1.0,-0.5168234701810884,-0.9311265466183437,0.07690472409548159,1.6488046524832392,3.3660375706509615,-1.0,-0.5168234701810884,145.98942238340118,0.0,145.98942238340013,587,True
adrenal_gland,excluded_at_or_below_-1,ENSG00000290665.2,ENSG00000290665,1.5904341712623404,2976953503366.321,-4.988595376473939,0.7996211557351459,235.71896327697823,8.495235125844312,0.0,-7.0703962970246605,1.0,-0.9908692840686516,-0.1852404163004429,-0.8497668217046058,0.14510448803530765,1.5060157031834382,2.443820459395276,-0.9908692840686516,-0.1852404163004429,41.53989974872412,0.0,41.53989974872412,225,True
adrenal_gland,raw,ENSG00000290665.2,ENSG00000290665,3.197663216257682,326633394228.59436,-2.2337242337570977,0.26494064313213783,618.0877018906408,10.93450050811627,0.0,-6.585435601654585,1.0,-1.0,-0.1852404163004429,-0.8854153724865637,0.14191833047876964,1.713680097380492,3.1689800386750333,-1.0,-0.1852404163004429,124.97618867833113,0.0,124.97618867833025,295,True
artery_aorta,excluded_at_or_below_-1,ENSG00000290665.2,ENSG00000290665,0.7495412299356796,60.35667946907646,-1.1918196410242796,0.24700203944681026,391.3711602077653,3.7636432570360485,0.0,-1.1590021981739524,1.0,-0.9893920061259674,-0.5344736892019855,-0.8904974772173059,0.08839109171678837,1.359951628964,1.6779954225820042,-0.9893920061259674,-0.5344736892019855,30.78364719242636,0.0,30.783647192426347,316,True
artery_aorta,raw,ENSG00000290665.2,ENSG00000290665,7.10967973411936,135240466112.92883,-1.3095653170259967,0.0694360004729996,2815.419444212989,15.786408846759478,0.0,-6.304963805464691,1.0,-1.0,-0.5344736892019855,-0.9266889889844675,0.08879253529796131,1.5669080609982498,2.3676522763019294,-1.0,-0.5344736892019855,315.461285871872,0.0,315.46128587186416,472,True
artery_coronary,excluded_at_or_below_-1,ENSG00000290665.2,ENSG00000290665,0.20620065578370894,2425159976983.4585,-7.259508291785495,1.2477390058287512,162.6089864010113,7.815096439375184,0.0,-7.111949854796718,1.0,-0.9847436611611248,-0.3643681791712574,-0.8619447409070322,0.11592127450169888,1.604627372258813,3.222700204525837,-0.9847436611611248,-0.3643681791712574,25.071483467876977,0.0,25.071483467876977,205,True
artery_coronary,raw,ENSG00000290665.2,ENSG00000290665,3.073284340483411,1697674913589.506,-2.599992622849779,0.32728906389202683,647.2484844683788,9.660116262442564,0.0,-6.913555986329984,1.0,-1.0,-0.3643681791712574,-0.8943980294251552,0.1170769219700287,1.6563359686393884,3.3933680623665916,-1.0,-0.3643681791712574,70.9270968622962,0.0,70.92709686229544,268,True
artery_tibial,excluded_at_or_below_-1,ENSG00000290665.2,ENSG00000290665,0.8034952953179751,180.07337169903386,-1.3230165708470025,0.3023637001086684,398.3667192158194,3.6817091956789927,0.0,-1.5669008567953804,1.0,-0.9880078045832378,-0.5358545433088142,-0.8889989072228802,0.08866690324521427,1.366054327457004,1.7154202486286634,-0.9880078045832378,-0.5358545433088142,52.556029335156765,0.0,52.55602933515686,531,True
artery_tibial,raw,ENSG00000290665.2,ENSG00000290665,7.424321717112831,1431473517610.9236,-2.4934307331856043,0.31129752976513697,5365.284718937151,8.893198732386631,0.0,-6.784602495655297,1.0,-1.0,-0.5358545433088142,-0.9147010415851655,0.09074321847914743,1.4270502022884275,1.949650317517274,-1.0,-0.5358545433088142,144.64896601908828,0.0,144.64896601908828,691,True
bladder,excluded_at_or_below_-1,ENSG00000290665.2,ENSG00000290665,0.29000990764675794,8.027325897904293,-1.0950907791417328,0.18602894764628608,63.48227696036223,4.225453535439069,0.0,-0.8255369838175697,1.0,-0.9864977204774036,-0.539264774187445,-0.8853808688018122,0.09751062546056306,1.511086649666515,2.15372298589842,-0.9864977204774036,-0.539264774187445,5.708231022250711,0.0,5.708231022250709,60,True
bladder,raw,ENSG00000290665.2,ENSG00000290665,0.6838433392120711,1618805705520.561,-3.158375451534518,0.4275249250399176,107.74084206591931,8.663779874154887,0.0,-7.139709657789586,1.0,-1.0,-0.539264774187445,-0.9106863912741394,0.09834290321722067,1.5793455136333545,2.500191924701971,-1.0,-0.539264774187445,13.804255152074202,0.0,13.804255152074202,77,True
brain_amygdala,excluded_at_or_below_-1,ENSG00000290665.2,ENSG00000290665,0.22233755478704012,374689744188.3667,-2.833356249940965,0.37989865549194485,96.41257170077287,7.991026118246863,0.0,-6.854440422959603,1.0,-0.992055353022392,-0.6867355703677449,-0.9470563885817396,0.04923074152980647,2.2554747275527265,6.64076686290956,-0.992055353022392,-0.6867355703677449,23.51105180674756,0.0,23.51105180674739,127,True
brain_amygdala,raw,ENSG00000290665.2,ENSG00000290665,1.2163515206461852,863114457283.2222,-1.8587180137782622,0.17743915134994853,287.12276734495725,9.340855463547014,0.0,-6.844096424605997,1.0,-1.0,-0.6867355703677449,-0.9628517201650882,0.04781835804200247,2.342615941661027,7.4507724882739055,-1.0,-0.6867355703677449,58.14763515449828,0.0,58.147635154497245,181,True
brain_anterior_cingulate_cortex_ba24,excluded_at_or_below_-1,ENSG00000290665.2,ENSG00000290665,0.6281261832753521,16.164863999645554,-1.018172703290322,0.08339406577701289,213.09338241795461,4.379084534149066,0.0,-0.4039424868116787,1.0,-0.9943528169509658,-0.7599446156801826,-0.9436187651281173,0.04737975225109012,1.701153384144968,3.2466864856266717,-0.9943528169509658,-0.7599446156801826,14.8973131292734,0.0,14.8973131292734,165,True
brain_anterior_cingulate_cortex_ba24,raw,ENSG00000290665.2,ENSG00000290665,3.9006730083030785,176246057311.67267,-1.1435469413602863,0.03143994910511591,951.5858977835625,17.254977408547678,0.0,-6.456945290533541,1.0,-1.0,-0.7599446156801826,-0.96007337444695,0.047399146936613186,1.7914310746601234,3.7421107110395813,-1.0,-0.7599446156801826,155.87831425788642,0.0,155.87831425788366,233,True
brain_caudate_basal_ganglia,excluded_at_or_below_-1,ENSG00000290665.2,ENSG00000290665,0.4561853262239597,2973.516620188912,-1.81643121759964,0.3826636511048244,123.55202202154581,4.664584254369964,0.0,-3.0415287599830365,1.0,-0.9934420091788084,-0.5542690596663965,-0.9074085692271775,0.08323211156761949,1.5914267441858456,2.5281135147166154,-0.9934420091788084,-0.5542690596663965,29.082215912378217,0.0,29.082215912378217,234,True
brain_caudate_basal_ganglia,raw,ENSG00000290665.2,ENSG00000290665,2.19141650593521,627829634744.0454,-2.705722053028878,0.35577823174017265,576.4326562364697,8.5519959642822,0.0,-6.780221626358541,1.0,-1.0,-0.5542690596663965,-0.9277786839971984,0.08291257661690102,1.6991963620355541,3.020576168450221,-1.0,-0.5542690596663965,65.3547923412246,0.0,65.35479234122391,300,True
brain_cerebellar_hemisphere,excluded_at_or_below_-1,ENSG00000290665.2,ENSG00000290665,2.221882472964586,24.182517233000528,-0.9804832323221543,0.009676884364504272,474.2432817943552,28.622739913327734,0.0,1.8052882024994608,0.1960750081736815,-0.9928360803254478,-0.784629542535886,-0.9547313981778691,0.03752831015068808,2.054086569370246,4.7663337972047035,-0.9928360803254478,-0.784629542535886,24.175874026970817,0.0,4.740284697444196,166,True
brain_cerebellar_hemisphere,raw,ENSG00000290665.2,ENSG00000290665,4.256410235050544,427.0497845731804,-0.9984810847515055,0.0009963740001593644,1785.4358974358977,303.5323596233536,0.0,2.1558877933111167,0.09853301189675716,-1.0,-0.784629542535886,-0.9728715238177845,0.036549415082825866,2.1767731425617014,5.8828423704959185,-1.0,-0.784629542535886,424.25646814079414,0.0,41.80326762259376,277,True
brain_cerebellum,excluded_at_or_below_-1,ENSG00000290665.2,ENSG00000290665,0.8395915895114489,16.64052520479135,-0.9801672021210623,0.05619905469854522,166.92977380375285,6.754367127727619,0.0,0.2468430443178087,0.969994598565842,-0.9899764318715492,-0.7117572124528415,-0.9369209260418987,0.05392551774410039,2.1966398521374337,5.584075137861806,-0.9899764318715492,-0.7117572124528415,16.64050909006724,0.0,16.14120393475102,176,True
brain_cerebellum,raw,ENSG00000290665.2,ENSG00000290665,4.499658407997898,878.9703191602827,-1.005547235172205,0.005994168439472814,1591.4955745986867,69.31434089899635,0.0,-1.308767895567406,1.0,-1.0,-0.7117572124528415,-0.9582634698623089,0.053051644706691055,2.224686491116508,6.306824233612225,-1.0,-0.7117572124528415,373.27463227589055,0.0,373.274632275889,266,True
brain_cortex,excluded_at_or_below_-1,ENSG00000290665.2,ENSG00000290665,0.09046480895192739,14401304232.417318,-3.3358610164286797,0.5267332250310208,160.55790956905287,7.325763006024339,0.0,-6.296297587749273,1.0,-0.990763202075188,-0.6073319762311822,-0.9322725669864638,0.05900536638306248,1.9969080812460915,5.550570893944446,-0.990763202075188,-0.6073319762311822,35.4456767130707,0.0,35.44567671307044,217,True
brain_cortex,raw,ENSG00000290665.2,ENSG00000290665,0.7119667455545278,1502137638933.355,-3.184750517118029,0.44539882924924373,199.02091515955004,8.183722131865578,0.0,-6.936937434069819,1.0,-1.0,-0.6073319762311822,-0.9455672112446765,0.05934657255968933,1.9664715263703123,5.499295745557006,-1.0,-0.6073319762311822,53.37162428012395,0.0,53.37162428012358,270,True
brain_frontal_cortex_ba9,excluded_at_or_below_-1,ENSG00000290665.2,ENSG00000290665,0.8790846766494542,24.784261670411567,-1.005312873952962,0.07917565683918493,180.0530660961083,6.01972340122365,0.0,-0.22044661580502498,1.0,-0.9929710282312664,-0.6682947835011077,-0.9371620839330099,0.05252050265173071,1.7431859455087557,3.902014988524285,-0.9929710282312664,-0.6682947835011077,24.18930207932948,0.0,24.18930207932948,212,True
brain_frontal_cortex_ba9,raw,ENSG00000290665.2,ENSG00000290665,1.0318294952859273,713648341261.1248,-2.773093537596371,0.36682554841482956,457.6471377664086,8.114579142512035,0.0,-6.835764136551362,1.0,-1.0,-0.6682947835011077,-0.950477181389584,0.05323147095264258,1.7345397838576968,3.9168439952429743,-1.0,-0.6682947835011077,50.8942501304157,0.0,50.89425013041533,269,True
brain_hippocampus,excluded_at_or_below_-1,ENSG00000290665.2,ENSG00000290665,0.3431115279439538,563.0318274575004,-1.3152923160887122,0.1946048919783568,55.34638723664306,5.764044138507587,0.0,-2.3436769854834303,1.0,-0.9927872724891948,-0.5221227292757541,-0.933049097319004,0.07018766817874504,2.790178763263867,10.412388303977755,-0.9927872724891948,-0.5221227292757541,36.12280203420652,0.0,36.12280203420652,171,True
brain_hippocampus,raw,ENSG00000290665.2,ENSG00000290665,1.7666055792074888,709474526362.2245,-1.8632637609502658,0.18196472896016122,641.7020948304986,10.4232278798623,0.0,-6.709208568152556,1.0,-1.0,-0.5221227292757541,-0.9551035123198026,0.06550725035438694,2.991414693088712,12.51069356880623,-1.0,-0.5221227292757541,119.22954966326667,0.0,119.22954966326752,255,True
brain_hypothalamus,excluded_at_or_below_-1,ENSG00000290665.2,ENSG00000290665,0.14266905589553647,947964211220.4762,-4.140815487785738,0.639504201559615,180.60059408317426,7.809122025782233,0.0,-6.964182332114218,1.0,-0.9916278542426412,-0.609548019526251,-0.9268676924236637,0.06297388078051945,1.7708109703695143,4.269408623788778,-0.9916278542426412,-0.609548019526251,27.81889707695622,0.0,27.81889707695622,191,True
brain_hypothalamus,raw,ENSG00000290665.2,ENSG00000290665,2.0995657439698667,1801019665786.3845,-2.181650153561095,0.24137479431548897,617.9785627039663,9.210937561615536,0.0,-6.92328160396952,1.0,-1.0,-0.609548019526251,-0.9456487519568862,0.06299255164251409,1.8308509533363115,4.496106548205544,-1.0,-0.609548019526251,70.34839774611288,0.0,70.34839774611238,257,True
brain_nucleus_accumbens_basal_ganglia,excluded_at_or_below_-1,ENSG00000290665.2,ENSG00000290665,0.789224697053518,33.82737345562977,-1.0196819372274575,0.08679887977816982,215.26924953587218,5.8459806489677,0.0,-0.4639313414060971,1.0,-0.9912076517309584,-0.6608785817542007,-0.9379978811038925,0.05272645507467814,1.8678199465233338,4.221773606071472,-0.9912076517309584,-0.6608785817542007,30.376040410641316,0.0,30.376040410641263,234,True
brain_nucleus_accumbens_basal_ganglia,raw,ENSG00000290665.2,ENSG00000290665,0.28334428952392177,733615346108.6396,-3.3215092945254763,0.4793842121695792,382.6374746193911,7.849027863138098,0.0,-6.848598360456111,1.0,-1.0,-0.6608785817542007,-0.9490929971168799,0.05336335275170706,1.8293338691072332,4.23305957294954,-1.0,-0.6608785817542007,47.89252276826552,0.0,47.89252276826552,285,True
brain_putamen_basal_ganglia,excluded_at_or_below_-1,ENSG00000290665.2,ENSG00000290665,0.3473337634336571,19.230381600324495,-1.0644018162163136,0.14093185979948336,170.34419557951628,3.2278681122185895,0.0,-0.6996924407629913,1.0,-0.9946747540610764,-0.7427322548814181,-0.9318073354249516,0.05231551095906028,1.1637925817009362,1.0391021726515657,-0.9946747540610764,-0.7427322548814181,14.949871458314838,0.0,14.949871458314833,198,True
brain_putamen_basal_ganglia,raw,ENSG00000290665.2,ENSG00000290665,3.329315533864299,1695633859708.3323,-1.7412152020852483,0.15065819407849868,929.887615798289,9.372660640005908,0.0,-6.957713769487388,1.0,-1.0,-0.7427322548814181,-0.946841938638348,0.05416163887571339,1.229468289826315,1.1907545935293165,-1.0,-0.7427322548814181,52.15329140251975,0.0,52.1532914025179,254,True
brain_spinal_cord_cervical_c-1,excluded_at_or_below_-1,ENSG00000290665.2,ENSG00000290665,0.5378782364157224,1606816693058.6067,-4.897598096068869,0.7816714422363722,99.41118953163242,7.976343799811828,0.0,-7.068733720867631,1.0,-0.9905309957480112,-0.4888720537943688,-0.8947110190096061,0.09863020088706335,1.7301257192296196,3.116768587161939,-0.9905309957480112,-0.4888720537943688,22.662097237142977,0.0,22.662097237142977,160,True
brain_spinal_cord_cervical_c-1,raw,ENSG00000290665.2,ENSG00000290665,1.986313603509086,1113091184917.3374,-2.4429955601319104,0.2960849353620041,336.44934773639073,9.333632465413363,0.0,-6.892292203545145,1.0,-1.0,-0.4888720537943688,-0.9174204070663577,0.09748832089156956,1.8419117954852076,3.6992821922048327,-1.0,-0.4888720537943688,53.856128284142535,0.0,53.856128284142535,204,True
brain_substantia_nigra,excluded_at_or_below_-1,ENSG00000290665.2,ENSG00000290665,0.1954939538281168,881802459944.1687,-4.505620235385276,0.7075316534729877,131.17991387284073,7.741860884237322,0.0,-7.021280595240726,1.0,-0.9928705339099304,-0.6323639054214518,-0.9206852480787708,0.06748143411483036,1.466184074845971,2.337346579370143,-0.9928705339099304,-0.6323639054214518,17.30739194053317,0.0,17.30739194053317,142,True
brain_substantia_nigra,raw,ENSG00000290665.2,ENSG00000290665,1.8613144527027354,760424015465.0421,-2.096028815106246,0.2257518028681014,282.96510680853066,9.169073025101001,0.0,-6.866030726587759,1.0,-1.0,-0.6323639054214518,-0.9384552198206856,0.06802616112905847,1.5536867102312741,2.6278725730044066,-1.0,-0.6323639054214518,44.07765880140088,0.0,44.07765880140088,183,True
breast_mammary_tissue,excluded_at_or_below_-1,ENSG00000290665.2,ENSG00000290665,2.141995546543945,4412834318261.92,-4.90695870961551,0.7835957319030318,898.6440446132285,8.139907914679197,0.0,-7.07174033509996,1.0,-0.9886074144884682,-0.396750867086285,-0.8770479438339059,0.11279155337964475,1.6776121845207352,3.2813722116724744,-0.9886074144884682,-0.396750867086285,60.97636441456216,0.0,60.97636441456216,402,True
breast_mammary_tissue,raw,ENSG00000290665.2,ENSG00000290665,5.025120410043771,1783632703087.1516,-2.643083472542528,0.34050190096319083,1469.8900589807945,9.329739502924332,0.0,-6.82425244736569,1.0,-1.0,-0.396750867086285,-0.9038390533486969,0.11191834764458522,1.7847667217638739,3.743750278685927,-1.0,-0.396750867086285,137.61535497407854,0.0,137.61535497407758,514,True
cells_cultured_fibroblasts,excluded_at_or_below_-1,ENSG00000290665.2,ENSG00000290665,0.49483958484196905,316.894407631537,-1.3025736600527924,0.23732638670694425,361.2830656548409,4.513935384924819,0.0,-1.8570345220976396,1.0,-0.9909352308611348,-0.545067153796982,-0.9177114285608354,0.07171005776913457,1.8936085274659478,4.399201137872134,-0.9909352308611348,-0.545067153796982,56.49030105132725,0.0,56.49030105132722,398,True
cells_cultured_fibroblasts,raw,ENSG00000290665.2,ENSG00000290665,7.3204077626015795,275014923517.5057,-1.4250560846828244,0.09434012777376269,4472.310302375141,13.191547543600736,0.0,-6.37183872772788,1.0,-1.0,-0.545067153796982,-0.9497686327717983,0.06891084524243056,2.133355003893599,5.7060490626934985,-1.0,-0.545067153796982,419.86230588349326,0.0,419.86230588347985,652,True
cells_ebv-transformed_lymphocytes,excluded_at_or_below_-1,ENSG00000290665.2,ENSG00000290665,0.3865202463760128,440079689076.50104,-3.238765987305887,0.4730936506597602,120.12429238019945,8.890970105708023,0.0,-6.724396655313526,1.0,-0.9892688485510542,-0.2644899535235757,-0.9181900053975252,0.10584691088599654,3.4636705318365606,14.077269151150052,-0.9892688485510542,-0.2644899535235757,66.78419327825647,0.0,66.78419327825645,194,True
cells_ebv-transformed_lymphocytes,raw,ENSG00000290665.2,ENSG00000290665,1.9827307218330947,972148056139.8271,-1.816771480203182,0.17399680332997106,854.9286559657975,12.616654706514245,0.0,-6.638566241199005,1.0,-1.0,-0.2644899535235757,-0.9514644068719262,0.09084456114446632,4.091558733589728,21.040886405167523,-1.0,-0.2644899535235757,261.7770223169693,0.0,261.77702231696554,327,True
cervix_ectocervix,excluded_at_or_below_-1,ENSG00000290665.2,ENSG00000290665,0.21052630692631114,14.298454158242308,-0.9738780824203397,0.0036709966787808485,12.315790984791702,137.47688962096993,0.0,3.2380193821336962,0.0052944618550774,-0.9822832898896374,-0.6170174083076989,-0.8976497153292312,0.10597871759707772,1.3704893971308338,1.2061790723368535,-0.9822832898896374,-0.6170174083076989,14.280009309186129,0.0,0.0756049645776363,15,True
cervix_ectocervix,raw,ENSG00000290665.2,ENSG00000290665,0.23197434734906253,361420245693.1846,-1.5664544813784052,0.1154303091977636,20.892990831882845,11.632185642472683,0.0,-6.940010952061793,1.0,-1.0,-0.6170174083076989,-0.9360310720807695,0.09694596926680576,1.8845206049050394,3.108664877838998,-1.0,-0.6170174083076989,12.57148590889123,0.0,12.57148590889123,24,True
cervix_endocervix,excluded_at_or_below_-1,ENSG00000290665.2,ENSG00000290665,0.35897435896856245,5.884287550960261,-0.9805813947437266,0.0019585721107955607,12.974358976863906,208.75077154064977,0.0,1.3605972100556392,0.3966464493288761,-0.982465712516192,-0.6914783553410333,-0.875619656750887,0.09107724503627361,0.6046172386738765,-0.7708286671013438,-0.982465712516192,-0.6914783553410333,5.878979770519749,0.0,2.331876451652949,17,True
cervix_endocervix,raw,ENSG00000290665.2,ENSG00000290665,0.43589743659238767,9.49149469587703,-0.9974172469867001,0.0017429894020384372,21.589743589778518,248.23038471530162,0.0,2.0955746118692686,0.1112808356817637,-1.0,-0.6914783553410333,-0.908066702815873,0.095662570664019,0.8456155171256188,-0.4375583469285709,-1.0,-0.6914783553410333,9.491321427551354,0.0,1.0562021801821444,23,True
colon_sigmoid,excluded_at_or_below_-1,ENSG00000290665.2,ENSG00000290665,0.1273650280270796,124.48736124819605,-1.2576319550532578,0.26106988453945235,245.39688799866627,4.674495449872403,0.0,-1.4511140516545433,1.0,-0.9897500820472322,-0.3947000614214613,-0.9021071129144133,0.08622041634753808,2.2701424491466566,7.552760755802796,-0.9897500820472322,-0.3947000614214613,43.43591479740387,0.0,43.435914797403846,289,True
colon_sigmoid,raw,ENSG00000290665.2,ENSG00000290665,3.9746508794704734,1023696529655.4336,-2.0724028213349635,0.22603606904801662,2038.2935394684853,10.49668757155935,0.0,-6.709577903413749,1.0,-1.0,-0.3947000614214613,-0.9324796077142373,0.0847209059197352,2.2904280426633328,7.845528495022139,-1.0,-0.3947000614214613,171.60982143330318,0.0,171.60982143330196,419,True
colon_transverse,excluded_at_or_below_-1,ENSG00000290665.2,ENSG00000290665,0.9990033985716145,61.14833478518127,-1.0168997406218527,0.0938158431967911,604.9836979448673,9.371053243568953,0.0,-0.33071511876418686,1.0,-0.994960820963406,-0.3952445075803888,-0.9273103817353108,0.07569377844857501,2.696185775502422,10.547349105252826,-0.994960820963406,-0.3952445075803888,57.89415243313147,0.0,57.89415243313147,291,True
colon_transverse,raw,ENSG00000290665.2,ENSG00000290665,2.961563151676034,992780443232.301,-1.8227443077469137,0.17579393718200734,1183.8550137889265,11.483840740140197,0.0,-6.6187502085256105,1.0,-1.0,-0.3952445075803888,-0.9558399187577775,0.06883740292806356,3.0258420357605047,13.449075533976089,-1.0,-0.3952445075803888,304.85864513889254,0.0,304.85864513889254,479,True
esophagus_gastroesophageal_junction,excluded_at_or_below_-1,ENSG00000290665.2,ENSG00000290665,0.7954252950345584,1612501930004.1255,-3.7294125993974334,0.5578522038750979,333.3857260781772,8.136409192209115,0.0,-6.9521005228835735,1.0,-0.9870795448734724,-0.5199158725473396,-0.9166802904430452,0.07523033081985346,2.045687246301377,5.4392487547449875,-0.9870795448734724,-0.5199158725473396,51.56408998959104,0.0,51.56408998959104,277,True
esophagus_gastroesophageal_junction,raw,ENSG00000290665.2,ENSG00000290665,3.2168731069736642,464610936280.07086,-2.037910914771857,0.22179844491711806,1545.7810723729801,9.678918971371687,0.0,-6.617844830940659,1.0,-1.0,-0.5199158725473396,-0.942730621470778,0.07335730902539558,2.1657888851938742,6.230338276489874,-1.0,-0.5199158725473396,143.5281370406701,0.0,143.52813704066855,403,True
esophagus_mucosa,excluded_at_or_below_-1,ENSG00000290665.2,ENSG00000290665,1.2036250010649192,20.11663539394594,-0.9827734903225929,0.038905003057655166,685.2633413480239,5.824737398396649,0.0,0.32540551050087696,0.9484374716833138,-0.9917253931453678,-0.8225350140952833,-0.9567297100666775,0.030790590632710602,1.6248783632520776,2.9210504425177044,-0.9917253931453678,-0.8225350140952833,20.116534745803165,0.0,19.07927535333909,254,True
esophagus_mucosa,raw,ENSG00000290665.2,ENSG00000290665,6.657894520945767,329.8358812457458,-0.997785645628981,0.0018349226716790792,3274.7478874389226,135.06935401403763,0.0,1.7066495671612045,0.23446108406817384,-1.0,-0.8225350140952833,-0.9820999126334464,0.02908878260328252,2.1435217564660696,5.272945599240057,-1.0,-0.8225350140952833,327.908460737397,0.0,76.88177317961629,614,True
esophagus_muscularis,excluded_at_or_below_-1,ENSG00000290665.2,ENSG00000290665,0.16734808439556087,880618014988.756,-4.978483645735187,0.8319862347136199,225.60430297795932,8.241320594439655,0.0,-6.783493852701654,1.0,-0.9877331262437704,-0.1300891225417035,-0.9013856753491808,0.0866342714996311,2.7408815057095968,16.883580083644357,-0.9877331262437704,-0.1300891225417035,89.65579480612615,0.0,89.65579480612615,361,True
esophagus_muscularis,raw,ENSG00000290665.2,ENSG00000290665,4.354015719752566,1255974154469.4993,-2.100944661865316,0.23478555456763286,3209.731430033852,11.871303744910351,0.0,-6.6314593974889835,1.0,-1.0,-0.1300891225417035,-0.9365422973280825,0.08402323889805058,2.6823772615119577,15.521655166452582,-1.0,-0.1300891225417035,354.534526388911,0.0,354.5345263889085,561,True
fallopian_tube,excluded_at_or_below_-1,ENSG00000290665.2,ENSG00000290665,0.38794889033753316,105601306029.26572,-1.2960196136491096,0.06494486796781433,14.983283997056033,17.101957216539784,0.0,-6.778438683350589,1.0,-0.9847336685621328,-0.5106471755884661,-0.849550972810732,0.13286663033637308,0.8871725692635332,-0.020232562058289272,-0.9847336685621328,-0.5106471755884661,11.12640468466335,0.0,11.126404684663154,21,True
fallopian_tube,raw,ENSG00000290665.2,ENSG00000290665,0.38689474693371934,28.54637600465005,-1.0437655024761003,0.04336898110541938,12.678143280028277,17.384387389722026,0.0,-1.4271436770747712,1.0,-1.0,-0.5106471755884661,-0.8910541527250129,0.13150192869980315,1.2104547509900088,0.6204836605957125,-1.0,-0.5106471755884661,10.31047589450324,0.0,10.310475894503199,29,True
heart_atrial_appendage,excluded_at_or_below_-1,ENSG00000290665.2,ENSG00000290665,0.2841425884363981,619348307935.0305,-3.897024246454216,0.6054195083363115,165.53666586164337,7.97955984388948,0.0,-6.7804481634372635,1.0,-0.994339883478876,-0.4810046819683514,-0.9293725440877283,0.06504215547753193,2.1853878041951176,8.14910567683422,-0.994339883478876,-0.4810046819683514,64.36381049736849,0.0,64.36381049736849,321,True
heart_atrial_appendage,raw,ENSG00000290665.2,ENSG00000290665,3.6274055015067512,591192187851.168,-1.8724014735273786,0.18707950062748174,1942.2278183214476,10.518160496822118,0.0,-6.594854014248173,1.0,-1.0,-0.4810046819683514,-0.950821229180392,0.06324600420503847,2.286062207359545,8.540922732933682,-1.0,-0.4810046819683514,212.58826308372483,0.0,212.58826308372483,461,True
heart_left_ventricle,excluded_at_or_below_-1,ENSG00000290665.2,ENSG00000290665,3.9597224084077203,27.106767532418846,-0.9848803499140085,0.011416264181736418,968.1346818159741,20.04843416115917,0.0,1.385745964510208,0.3828554015073972,-0.9960668089047404,-0.823039007910558,-0.9547438066204003,0.03757814463571578,1.3153582264511392,1.3492935495297278,-0.9960668089047404,-0.823039007910558,27.105465456672537,0.0,10.37747386045925,275,True
heart_left_ventricle,raw,ENSG00000290665.2,ENSG00000290665,6.90429418744445,16548782661.508064,-1.045062150463823,0.011024593704991564,2853.7202436390116,28.4806994036759,0.0,-5.780485525446811,1.0,-1.0,-0.823039007910558,-0.9724658115500223,0.03670093759758997,1.6837182073112469,2.6084482627457595,-1.0,-0.823039007910558,918.343887798546,0.0,918.3438877983731,452,True
kidney_cortex,excluded_at_or_below_-1,ENSG00000290665.2,ENSG00000290665,0.5658601244025776,3364142070542.9453,-3.3732318075154084,0.4668739632928213,52.52241615302531,8.893133683327454,0.0,-7.211281145863709,1.0,-0.992573398796248,-0.4373438487966185,-0.8974902039119798,0.11426996593674317,2.143746368337253,4.815451720855037,-0.992573398796248,-0.4373438487966185,17.16555730108096,0.0,17.16555730108096,78,True
kidney_cortex,raw,ENSG00000290665.2,ENSG00000290665,1.0951650492918488,465101150778.3818,-1.8835330662141432,0.184091322134096,148.41461231927775,11.109814310203141,0.0,-6.787416324464016,1.0,-1.0,-0.4373438487966185,-0.9231176529339847,0.10840181323503849,2.3857517685497527,6.319920122465314,-1.0,-0.4373438487966185,46.109111026886914,0.0,46.109111026886914,104,True
kidney_medulla,excluded_at_or_below_-1,ENSG00000290665.2,ENSG00000290665,0.1148865407062809,812534614262.8499,-2.4142005665608766,0.2821637776201905,6.928808634443137,9.266972779387352,0.0,-7.313325727705143,1.0,-0.955046398336454,-0.5652548937816624,-0.8363049331922042,0.14729375408403625,0.9046366405374581,-0.9035229020085342,-0.955046398336454,-0.5652548937816624,1.9759665284775723,0.0,1.97596652847753,10,True
kidney_medulla,raw,ENSG00000290665.2,ENSG00000290665,0.113744658747219,0.8661983264908772,-0.9340586707494872,0.046711099938036696,8.982519151371179,11.165810780182666,0.0,1.9964231685978282,0.13630671535114045,-1.0,-0.5652548937816624,-0.8511863029020038,0.14819551883167334,0.9711661930451205,-0.6708846400433615,-1.0,-0.5652548937816624,0.8661939422700746,0.0,0.11806805112788925,11,True
liver,excluded_at_or_below_-1,ENSG00000290665.2,ENSG00000290665,0.8843113832791382,402128538155.1439,-3.5111670109891815,0.5209793569572282,227.39476806399708,7.941838235937588,0.0,-6.832230321460371,1.0,-0.9942551002553957,-0.585488819730586,-0.9161711738992552,0.08308172390328784,1.66176782143641,2.6594988725986557,-0.9942551002553957,-0.585488819730586,29.37301636539866,0.0,29.37301636539866,187,True
liver,raw,ENSG00000290665.2,ENSG00000290665,2.389930707784317,1159383806754.281,-1.8677088458794089,0.18006903013441677,590.5525007459046,10.070210016527799,0.0,-6.814751082502913,1.0,-1.0,-0.585488819730586,-0.9401679752639723,0.07975182240697366,1.9352882859620597,3.8751586751028944,-1.0,-0.585488819730586,95.43960323837673,0.0,95.43960323837504,262,True
lung,excluded_at_or_below_-1,ENSG00000290665.2,ENSG00000290665,0.11281650690901913,1772254640834.223,-6.262112557530123,1.0807906372882286,301.896139203315,7.946043331306485,0.0,-6.895743006898252,1.0,-0.9921486162316948,-0.1894729898882582,-0.8843375671430009,0.10214136957355988,1.832065831717494,5.608982373099263,-0.9921486162316948,-0.1894729898882582,83.69888320666776,0.0,83.69888320666776,457,True
lung,raw,ENSG00000290665.2,ENSG00000290665,3.7222537268729523,3555102926063.561,-3.2863538863296906,0.4704206750205483,1931.4991866946248,9.310073296864164,0.0,-6.873406816761711,1.0,-1.0,-0.1894729898882582,-0.9124871989807143,0.1017696612866951,1.893848546279591,5.641199595431301,-1.0,-0.1894729898882582,195.88827949777792,0.0,195.88827949777792,604,True
minor_salivary_gland,excluded_at_or_below_-1,ENSG00000290665.2,ENSG00000290665,0.1171992407177518,961266531661.0809,-4.889984961853897,0.7810892488319129,117.30273460436443,7.837447543448249,0.0,-7.060869662925047,1.0,-0.9901712930756552,-0.5612568423193696,-0.9108955927049467,0.07736249191759391,1.6668800288813976,3.4367948757027387,-0.9901712930756552,-0.5612568423193696,14.303422691775397,0.0,14.303422691775395,107,True
minor_salivary_gland,raw,ENSG00000290665.2,ENSG00000290665,2.2573033465314616,262156429556.0393,-1.282692196362117,0.061464275806519496,397.80856384284033,16.599295260133363,0.0,-6.504382144366521,1.0,-1.0,-0.5612568423193696,-0.9473250188918746,0.07385156457953282,2.0070961734010697,4.866222652536494,-1.0,-0.5612568423193696,170.49631471850114,0.0,170.49631471848963,181,True
muscle_skeletal,excluded_at_or_below_-1,ENSG00000290665.2,ENSG00000290665,1.205872719702219,2644411853678.1743,-6.46362924477851,1.1317225197156573,762.1501847850162,8.517688829044364,0.0,-6.836233720736339,1.0,-0.9929423148537176,0.3526398960606838,-0.8576795448907119,0.14687054834031193,2.402227282384615,9.572276711225895,-0.9929423148537176,0.3526398960606838,187.9961672573948,0.0,187.9961672573948,687,True
muscle_skeletal,raw,ENSG00000290665.2,ENSG00000290665,3.9778835456310353,5648353576244.75,-4.374597196734815,0.6947787087202915,3735.281964411315,9.622233274099907,0.0,-6.86895131251051,1.0,-1.0,0.3526398960606838,-0.880471696014571,0.1443601525641924,2.448017227600267,9.855679022366184,-1.0,0.3526398960606838,320.90308101178624,0.0,320.90308101178624,818,True
nerve_tibial,excluded_at_or_below_-1,ENSG00000290665.2,ENSG00000290665,-1.4571779835508598,1732213536501.7576,-16.97750455716578,3.2466457973920937,974.8072055545715,7.399898556181372,0.0,-6.962864324471184,1.0,-0.9926810493766164,0.0106294756033709,-0.7412073071787957,0.20957228332762745,1.0036905496159987,0.48450967050965366,-0.9926810493766164,0.0106294756033709,49.17407176178589,0.0,49.17407176178589,577,True
nerve_tibial,raw,ENSG00000290665.2,ENSG00000290665,6.665949837663516,5075728470438.599,-6.27603043654713,1.0621020360218008,2768.7812397154653,8.370833882487727,0.0,-7.025157231414101,1.0,-1.0,0.0106294756033709,-0.7771292779733807,0.21408624048871866,1.0732984354790698,0.6025204393633468,-1.0,0.0106294756033709,97.42105933763516,0.0,97.42105933763516,670,True
ovary,excluded_at_or_below_-1,ENSG00000290665.2,ENSG00000290665,-0.11831399266362642,927478615934.6948,-10.853077029771882,1.9758423030756982,204.22426087238983,7.527613259414496,0.0,-7.059580480480407,1.0,-0.9899148268197115,-0.3360114925225389,-0.8253337832751207,0.13939829409893206,1.086039055077746,0.996194575774946,-0.9899148268197115,-0.3360114925225389,13.509891656855164,0.0,13.50989165685516,156,True
ovary,raw,ENSG00000290665.2,ENSG00000290665,2.4483974262299415,3069420834652.5967,-3.1571018460929046,0.4303644361063151,434.37466020214606,9.270339052164488,0.0,-7.08841723485493,1.0,-1.0,-0.3360114925225389,-0.858819016533258,0.14296607565077493,1.1773289030378402,1.1158641152146354,-1.0,-0.3360114925225389,37.700770845550785,0.0,37.70077084555012,193,True
pancreas,excluded_at_or_below_-1,ENSG00000290665.2,ENSG00000290665,0.05340324644295731,258016100245.34766,-3.2668240233876342,0.4765323011218084,123.87272578530664,7.640628124438144,0.0,-6.751085180403128,1.0,-0.9919836161945168,-0.6922439182125772,-0.9432738883636865,0.04743443025972226,1.836456991308603,4.5243802512528895,-0.9919836161945168,-0.6922439182125772,32.656732311363,0.0,32.656732311363,215,True
pancreas,raw,ENSG00000290665.2,ENSG00000290665,4.374119946614327,469186705260.4103,-1.2438344564922499,0.05289345211888239,1811.6981864372754,14.747890123687228,0.0,-6.5194080085786466,1.0,-1.0,-0.6922439182125772,-0.9663090773430736,0.04595689833332828,2.061318596555303,5.56405505721667,-1.0,-0.6922439182125772,276.69788061400965,0.0,276.6978806139782,362,True
pituitary,excluded_at_or_below_-1,ENSG00000290665.2,ENSG00000290665,1.174605765993533,2971396701424.243,-5.729839905963611,0.9521620225582095,250.32038313324887,8.435272836014144,0.0,-7.043594320144417,1.0,-0.9875271518034354,-0.0505375303789593,-0.84684750464257,0.1522209200299731,1.961908146795076,5.07096310501492,-0.9875271518034354,-0.0505375303789593,50.09502744429635,0.0,50.09502744429635,247,True
pituitary,raw,ENSG00000290665.2,ENSG00000290665,2.600790422910552,3724298056444.0796,-3.3017296977937516,0.4672598106234993,570.8756598286644,9.840093139839881,0.0,-6.96643982968122,1.0,-1.0,-0.0505375303789593,-0.8791416410438172,0.14894674449240158,2.0818490079381924,5.696412497896963,-1.0,-0.0505375303789593,107.79783324046461,0.0,107.79783324046385,313,True
prostate,excluded_at_or_below_-1,ENSG00000290665.2,ENSG00000290665,0.21693611842021274,2566097133941.682,-5.473827026555326,0.8991673713449767,162.29876807966843,8.320908456264783,0.0,-7.051206045039635,1.0,-0.9906184270768874,-0.1833323071672969,-0.894256817249321,0.10142542936033089,2.725457673110302,13.035331499733427,-0.9906184270768874,-0.1833323071672969,41.00098607840058,0.0,41.00098607840058,188,True
prostate,raw,ENSG00000290665.2,ENSG00000290665,2.189769648229065,1258381991953.7844,-2.248592506707502,0.2612698206824602,793.274534182121,11.178937453969782,0.0,-6.758440191258229,1.0,-1.0,-0.1833323071672969,-0.9295045448328806,0.0966412066077546,2.800702541559742,13.679048419681994,-1.0,-0.1833323071672969,151.80411443496428,0.0,151.80411443496428,282,True
skin_not_sun_exposed_suprapubic,excluded_at_or_below_-1,ENSG00000290665.2,ENSG00000290665,1.7894833487302646,49.996961922297054,-0.9849517761524831,0.03530871846202805,870.3327277535684,11.569886693533402,0.0,0.20400609874042092,0.9794329320083968,-0.9900452034088836,-0.6960860186964242,-0.9525162427747437,0.039512545843064684,2.4131065331100494,8.514998362739304,-0.9900452034088836,-0.6960860186964242,49.99557559780086,0.0,48.96731319520155,319,True
skin_not_sun_exposed_suprapubic,raw,ENSG00000290665.2,ENSG00000290665,7.578711887027063,200955227425.17584,-1.1149936851558426,0.026401398358127135,8916.217384819829,22.43914868647889,0.0,-6.159735440096244,1.0,-1.0,-0.6960860186964242,-0.9767322295624319,0.03644346501965875,2.6618249654764354,10.478041666057441,-1.0,-0.6960860186964242,1158.843292627344,0.0,1158.8432926272822,651,True
skin_sun_exposed_lower_leg,excluded_at_or_below_-1,ENSG00000290665.2,ENSG00000290665,1.068516302244741,83.13449549706999,-1.052208181533683,0.09575350404274442,1778.9497502468432,4.96979847787074,0.0,-0.9233941570815971,1.0,-0.9896870542402983,-0.7157133045902837,-0.9434273389130314,0.04688622277540801,2.0584713587868286,5.228178638543401,-0.9896870542402983,-0.7157133045902837,54.27831024266573,0.0,54.27831024266572,409,True
skin_sun_exposed_lower_leg,raw,ENSG00000290665.2,ENSG00000290665,8.455481987712252,327.5765168174087,-0.9964931350235916,0.0034654264510189502,10616.525365729367,114.58406341962515,0.0,1.4311243020580589,0.3601555494218766,-1.0,-0.7157133045902837,-0.9693127077127716,0.04457047501164088,2.2998805141509275,6.850120310926847,-1.0,-0.7157133045902837,326.64780517765365,0.0,117.64401974120794,754,True
small_intestine_terminal_ileum,excluded_at_or_below_-1,ENSG00000290665.2,ENSG00000290665,0.26220384793021706,857189843890.1261,-4.421900197706676,0.6950065388787309,154.73704780138246,7.881471741137068,0.0,-6.983468404583136,1.0,-0.9899176921126288,-0.5485994871078558,-0.9145452074757693,0.07374220017107022,1.7336651393593863,4.0424061690204605,-0.9899176921126288,-0.5485994871078558,22.00448120770902,0.0,22.00448120770902,148,True
small_intestine_terminal_ileum,raw,ENSG00000290665.2,ENSG00000290665,2.0391791634392162,1313354848139.126,-1.9753228795637179,0.20058813118740254,353.6437846898283,10.05887815705792,0.0,-6.876353230905494,1.0,-1.0,-0.5485994871078558,-0.9389018874705983,0.07332000422114981,1.8387931985432548,4.434918915839923,-1.0,-0.5485994871078558,70.91550189752274,0.0,70.91550189752351,207,True
spleen,excluded_at_or_below_-1,ENSG00000290665.2,ENSG00000290665,1.0871488890840613,12.810575043598407,-0.9726613609511537,0.06757810424152784,180.45015401812321,6.112444353146205,0.0,0.3303799090371989,0.9468914894311321,-0.9884485436838364,-0.6805786001449907,-0.9195773170159945,0.06393332291326043,1.584380213546115,2.393765851763396,-0.9884485436838364,-0.6805786001449907,12.810515161564577,0.0,12.130167781713984,169,True
spleen,raw,ENSG00000290665.2,ENSG00000290665,4.2813220338143525,14432335144.560606,-1.0756994311352213,0.018403592799807817,1049.377823305911,30.362834259642323,0.0,-5.817079487678955,1.0,-1.0,-0.6805786001449907,-0.9509334533418883,0.06349910880760601,1.791941979189137,3.394193880756908,-1.0,-0.6805786001449907,647.7664011663127,0.0,647.7664011662943,277,True
stomach,excluded_at_or_below_-1,ENSG00000290665.2,ENSG00000290665,1.032191929006515,25.56587755285053,-0.9858045915960597,0.06957969211532171,254.76478191726318,6.715783430496705,0.0,0.11398568289206974,0.9935246883937165,-0.9914127182130016,-0.6553862192654865,-0.9326664425749775,0.05839863346693026,2.030774993059134,4.799919831931516,-0.9914127182130016,-0.6553862192654865,25.565877534105713,0.0,25.400330510584297,246,True
stomach,raw,ENSG00000290665.2,ENSG00000290665,5.558743661820725,356840546018.0882,-1.2020775271463764,0.044455290454405424,2684.739664103713,17.391366789732075,0.0,-6.428498759541964,1.0,-1.0,-0.6553862192654865,-0.9593020758561288,0.05607749286722042,2.229828120056692,6.1868467513946435,-1.0,-0.6553862192654865,379.083583771325,0.0,379.08358377131555,407,True
testis,excluded_at_or_below_-1,ENSG00000290665.2,ENSG00000290665,1.8596544123531646,25.52939009364004,1.4598693932078946,0.6862760049097013,324.7285338397438,2.8500171437617303,0.01720863920567668,4.670825924826856,0.0,-0.8067442503071243,2.8428984005544926,1.3205218850009885,0.6291026564919885,-0.6963686999481442,0.5883170140959733,-0.8067442503071243,2.8428984005544926,25.52892258476638,0.43931801807089554,0.0,414,True
testis,raw,ENSG00000290665.2,ENSG00000290665,1.8596544123531646,25.52939009364004,1.4598693932078946,0.6862760049097013,324.7285338397438,2.8500171437617303,0.01720863920567668,4.670825924826856,0.0,-0.8067442503071243,2.8428984005544926,1.3205218850009885,0.6291026564919885,-0.6963686999481442,0.5883170140959733,-0.8067442503071243,2.8428984005544926,25.52892258476638,0.43931801807089554,0.0,414,True
thyroid,excluded_at_or_below_-1,ENSG00000290665.2,ENSG00000290665,4.0513209957248435,3580672864546.487,-8.553469179519457,1.5329219526215936,1469.9136450127826,8.198381284347864,0.0,-6.980763734650987,1.0,-0.9867435734132342,0.3330801940067238,-0.7412286559480357,0.23264817523626893,1.2303595638486418,1.447001876691444,-0.9867435734132342,0.3330801940067238,93.77926010786909,0.0,93.7792601078691,594,True
thyroid,raw,ENSG00000290665.2,ENSG00000290665,7.377410257503844,2149542406165.4275,-4.593163421094331,0.7452557010869428,2820.8445413537274,9.348147920061361,0.0,-6.818465708512164,1.0,-1.0,0.3330801940067238,-0.7752775170075046,0.233785714716669,1.31411120121603,1.6218675401653595,-1.0,0.3330801940067238,172.52441982917628,0.0,172.52441982917628,684,True
uterus,excluded_at_or_below_-1,ENSG00000290665.2,ENSG00000290665,1.0997442565481281,1431280160111.2073,-5.461500776121591,0.8923487251193227,173.1541534376554,8.22615473246227,0.0,-7.094789117806773,1.0,-0.9847893424950772,-0.27091366576378,-0.8240767867686185,0.1582306377460971,1.463478569851461,2.1309329140617868,-0.9847893424950772,-0.27091366576378,16.80038559877131,0.0,16.80038559877131,126,True
uterus,raw,ENSG00000290665.2,ENSG00000290665,1.7166175533967298,1107261639821.586,-3.4493876053221775,0.4969815072830289,212.02233720385257,9.044684534736662,0.0,-6.969992082587635,1.0,-1.0,-0.27091366576378,-0.8551220596918035,0.15848328081745258,1.550357812834437,2.443781457844751,-1.0,-0.27091366576378,31.265530083830186,0.0,31.26553008383052,153,True
vagina,excluded_at_or_below_-1,ENSG00000290665.2,ENSG00000290665,0.5473642245150486,758303781502.4625,-3.926788355779443,0.5915519584837194,215.70022022277902,8.014707891513421,0.0,-7.02693586082694,1.0,-0.9874885348694952,-0.5743129757923195,-0.9010654673147227,0.09113158256110954,1.578604712532891,2.1332033868047304,-0.9874885348694952,-0.5743129757923195,14.36568061419315,0.0,14.36568061419315,103,True
vagina,raw,ENSG00000290665.2,ENSG00000290665,2.276708806693621,341470541026.99,-1.2891184528988944,0.06221379099171489,587.5810492952872,16.248609577855667,0.0,-6.5720997017589635,1.0,-1.0,-0.5743129757923195,-0.9400573125495086,0.08581124818801751,1.9914827126532642,3.971462037349613,-1.0,-0.5743129757923195,142.63372829805598,0.0,142.63372829804686,170,True
whole_blood,excluded_at_or_below_-1,ENSG00000290665.2,ENSG00000290665,0.6214051493495732,26.6125752122891,-0.9854109401900697,0.029514157391593444,181.25599217354977,9.873858216777519,0.0,0.0002510431085964307,1.0,-0.9854161793746004,-0.7793468680967147,-0.9605576585589916,0.02768618892105548,2.793401937889429,11.724855899689684,-0.9854161793746004,-0.7793468680967147,26.61257437369171,0.0,26.61257437369171,160,True
whole_blood,raw,ENSG00000290665.2,ENSG00000290665,4.1026263750666425,864.4991309200876,-0.9978995019021448,0.001195939952850328,2267.589743969832,258.44115173454804,0.0,2.483864587553846,0.04612615182632581,-1.0,-0.7793468680967147,-0.992141002950733,0.020012242281663834,3.996531484272347,23.816260520733827,-1.0,-0.7793468680967147,857.2536595384591,0.0,39.541812453544374,803,True
adipose_subcutaneous,excluded_at_or_below_-1,ENSG00000290667.2,ENSG00000290667,0.5600608551761337,52.0136282896727,-0.8911212897697967,0.38431383702697,585.2999738138492,4.7197543288253465,0.0,0.3095561726473442,0.9532170770949794,-0.975243464560607,0.3914762925160033,-0.7114095288198715,0.20021975277678147,1.2573587987522552,2.3816454246641223,-0.975243464560607,0.3914762925160033,52.01283997683083,0.0,49.57952729412358,667,True
adipose_subcutaneous,raw,ENSG00000290667.2,ENSG00000290667,0.4337821511042305,55.16745643715565,-0.9215111536628502,0.4081454235043851,728.4499780875686,4.549468269590432,0.0,0.27196186602303657,0.9636940837124809,-1.0,0.3914762925160033,-0.7304063805642217,0.20633472491009286,1.1697603982828824,2.0892166549753863,-1.0,0.3914762925160033,55.16560888352632,0.0,53.16277090545099,714,True
adipose_visceral_omentum,excluded_at_or_below_-1,ENSG00000290667.2,ENSG00000290667,1.216273186704316,87.79230329327775,-0.9302917701004653,0.20996278880397384,576.673829697093,11.509152002965452,0.0,0.3140520205549162,0.9518833460061615,-0.9769178524826656,0.7784272774361136,-0.8053039990057502,0.1643135241433363,3.1866693491697333,20.522180989574228,-0.9769178524826656,0.7784272774361136,87.79216735572665,0.0,83.56790201570199,513,True
adipose_visceral_omentum,raw,ENSG00000290667.2,ENSG00000290667,0.4573430892549153,133.74718454216335,-1.1258076685854486,0.34955016944526185,1162.4932331653458,7.7041727397308675,0.0,-0.5089939205191613,1.0,-1.0,0.7784272774361136,-0.8298482989607324,0.1666520134638281,2.9122421846079085,18.239445027408372,-1.0,0.7784272774361136,117.4971325949991,0.0,117.4971325949991,587,True
adrenal_gland,excluded_at_or_below_-1,ENSG00000290667.2,ENSG00000290667,0.19058927978636842,44.603723401926054,-1.0613161858147884,0.2021761368703653,489.6858780465982,6.1951460312485125,0.0,-0.5550345590402473,1.0,-0.9819683801071384,-0.1756573820314001,-0.8840089859189654,0.09706565610856455,2.803948928586511,13.60041921919077,-0.9819683801071384,-0.1756573820314001,38.23631252009519,0.0,38.23631252009518,237,True
adrenal_gland,raw,ENSG00000290667.2,ENSG00000290667,-0.0830591673672417,1302361759859.5784,-5.796585958454888,0.983954012334792,334.8370141867937,8.07882617099778,0.0,-6.894018247295071,1.0,-1.0,-0.1756573820314001,-0.9068139988569315,0.09846505415021319,2.540734945264065,11.986619517818301,-1.0,-0.1756573820314001,62.259810237630234,0.0,62.259810237630234,295,True
artery_aorta,excluded_at_or_below_-1,ENSG00000290667.2,ENSG00000290667,1.0115932648555372,29.587581099368823,-0.7841951254398046,0.3162045751450103,373.1455541224408,4.860572701141904,0.0,0.8178245175609481,0.7157544401937789,-0.967052835900871,0.3025822657676345,-0.6748588525643812,0.20927787184438706,1.1868319578921742,1.915724354869881,-0.967052835900871,0.3025822657676345,29.587264719196185,0.0,21.17721609595341,455,True
artery_aorta,raw,ENSG00000290667.2,ENSG00000290667,1.1649877885733215,30.38825398586514,-0.7756965759045258,0.30110102711199255,366.1486521269579,5.064468150570399,0.0,1.0535100045492656,0.5741052524306337,-1.0,0.3025822657676345,-0.6865694447389691,0.2142304513805241,1.1044440033233398,1.7304462081964447,-1.0,0.3025822657676345,30.38813775696889,0.0,17.445989497861497,472,True
artery_coronary,excluded_at_or_below_-1,ENSG00000290667.2,ENSG00000290667,0.8229686422701663,25.270995732302183,-0.8134161548590515,0.2709849458780634,136.93678567979143,8.282633206975255,0.0,0.8191556920676493,0.7149754435551521,-0.970378912667831,0.7736630324977365,-0.6856339477657731,0.24121006087879868,2.166928238648174,7.59053231594196,-0.970378912667831,0.7736630324977365,25.270971917751215,0.0,18.068124355963967,254,True
artery_coronary,raw,ENSG00000290667.2,ENSG00000290667,0.8318470164490308,25.643927922522682,-0.8234766837389114,0.2817692288254943,228.0058576298821,8.016122474130924,0.0,0.8859791715798573,0.6753911980529169,-1.0,0.7736630324977365,-0.7020560549720387,0.2450361794940163,2.0492215939139085,7.086912483789321,-1.0,0.7736630324977365,25.643508829226523,0.0,17.31940015045185,268,True
artery_tibial,excluded_at_or_below_-1,ENSG00000290667.2,ENSG00000290667,0.8016187455326819,34.83770008971245,-0.7162543535496357,0.49028102721106825,644.9455869059248,3.459744410633799,0.0,0.7336246442578713,0.7634704722438433,-0.97058810747754,0.4831734335003872,-0.563276865595341,0.27762234839755767,0.8658546283605671,0.6774019896262113,-0.97058810747754,0.4831734335003872,34.74999747815403,0.0,26.53059698511862,672,True
artery_tibial,raw,ENSG00000290667.2,ENSG00000290667,0.8577912503801544,35.45119554254455,-0.7100472162020869,0.4833185178350057,351.8540743744975,3.491421833518367,0.0,0.8484159910355978,0.6970600524807056,-1.0,0.4831734335003872,-0.5752851717511854,0.2829475804852034,0.8215069198077811,0.5995314234521891,-1.0,0.4831734335003872,35.37127612782521,0.0,24.65590359397137,691,True
bladder,excluded_at_or_below_-1,ENSG00000290667.2,ENSG00000290667,0.3074408447487506,2.8491983790511455,-0.6185280262234677,0.3311828247184324,56.58791406604442,2.7605395623198765,0.0,1.4440359051505955,0.33786979987403964,-0.95669469552065,0.0279396037870609,-0.5672721502574877,0.22436091463790858,0.429166608508864,-0.299748693840602,-0.95669469552065,0.0279396037870609,2.786106690202911,0.0,0.9413413098465804,75,True
bladder,raw,ENSG00000290667.2,ENSG00000290667,0.40106867537566393,2.943057079277407,-0.6153720796098071,0.31390923712955116,70.00772471323126,2.8982266205739236,0.0,1.7328130463987654,0.21100267072634882,-1.0,0.0279396037870609,-0.578511834666384,0.23197600874770669,0.3524774976740232,-0.3229000197461982,-1.0,0.0279396037870609,2.8989165205859635,0.0,0.6116791280563729,77,True
brain_amygdala,excluded_at_or_below_-1,ENSG00000290667.2,ENSG00000290667,0.15110848605688323,2.306749928545777,-0.9742739672729123,0.04464891439442512,49.40353159857212,2.5490950206560186,0.0,0.39772542618038875,0.9208835601262544,-0.9868307755078836,-0.8937950860143123,-0.9553606178814715,0.02187590313313267,0.7104948225287266,-0.19855659558921124,-0.9868307755078836,-0.8937950860143123,2.2172122457581227,0.0,2.0417943064292685,57,True
brain_amygdala,raw,ENSG00000290667.2,ENSG00000290667,1.4615384651179042,130.84592837990468,-0.9987995549066214,0.0004963226909826299,77.6923076923163,299.19797485641124,0.0,3.4205281418409648,0.002899293403458507,-1.0,-0.8937950860143123,-0.9859422940289717,0.02410768365089947,1.653021707157065,1.8109210860443934,-1.0,-0.8937950860143123,129.9698308174167,0.0,0.3768206731375541,181,True
brain_anterior_cingulate_cortex_ba24,excluded_at_or_below_-1,ENSG00000290667.2,ENSG00000290667,0.637966979618163,12.018973972318237,-0.9819026108272777,0.033811324968529434,65.12730721460613,9.66386269542162,0.0,0.09626602395338425,0.9953782618767659,-0.9842041598336768,-0.7508568828412897,-0.9457804755615576,0.04275740247589541,2.363115545427111,7.2585409714811675,-0.9842041598336768,-0.7508568828412897,12.018960483346667,0.0,11.96341199547914,92,True
brain_anterior_cingulate_cortex_ba24,raw,ENSG00000290667.2,ENSG00000290667,2.415171214422286,133.46512012880214,-0.9968870267590385,0.0022657997498144737,619.6500552814107,153.56130492536883,0.0,1.9429823738982428,0.15263812383431635,-1.0,-0.7508568828412897,-0.9785914324105721,0.037716803130699646,2.814588278871379,10.885670267735879,-1.0,-0.7508568828412897,132.41425202713467,0.0,20.21146299834597,233,True
brain_caudate_basal_ganglia,excluded_at_or_below_-1,ENSG00000290667.2,ENSG00000290667,0.5063173826509391,9.312857040626751,-0.9868886520773684,0.04927344994511796,273.3995774041433,4.299714787123033,0.0,0.019064712940586162,0.9998215572363154,-0.9875528970003344,-0.8370797498164684,-0.9518490524775333,0.03193451704267594,1.5319562191688036,2.161918752524497,-0.9875528970003344,-0.8370797498164684,9.311925734856798,0.0,9.310264089093446,130,True
brain_caudate_basal_ganglia,raw,ENSG00000290667.2,ENSG00000290667,3.333333356453169,243.30014433644348,-0.9979890111050905,4.148244222110768e-05,738.6666666666666,5485.6958134932365,0.0,68.55834942899544,0.0,-1.0,-0.8370797498164684,-0.9791345894069309,0.03179959746300223,1.90406355392809,3.822165060129838,-1.0,-0.8370797498164684,0.3107031184352631,0.0,0.0,300,True
brain_cerebellar_hemisphere,excluded_at_or_below_-1,ENSG00000290667.2,ENSG00000290667,0.7412196028925462,11.064696705817111,-0.9596960646450006,0.08386560112301401,79.6748824407452,5.22337888938908,0.0,0.38052466590024436,0.9301634507798163,-0.9822619137479516,-0.6499395878956227,-0.9071681302656043,0.06554487350644189,1.5988403439814205,2.762580981885222,-0.9822619137479516,-0.6499395878956227,11.064632144454315,0.0,10.291916417094907,158,True
brain_cerebellar_hemisphere,raw,ENSG00000290667.2,ENSG00000290667,4.051282032518142,266.19845920891294,-0.9954209000424099,0.00022189960109135693,843.897435897436,2201.8262078050657,0.0,29.183582267105372,0.0,-1.0,-0.6499395878956227,-0.9470489696099836,0.06755143276803192,1.689905112633162,3.217657978787095,-1.0,-0.6499395878956227,220.61824458584877,0.0,0.0,277,True
brain_cerebellum,excluded_at_or_below_-1,ENSG00000290667.2,ENSG00000290667,0.3670819229520825,22.862548593224137,-0.9372280145379804,0.09746391019460016,442.6691757212361,9.532749196958626,0.0,0.6699963698672342,0.7989704949279005,-0.9834024168778024,-0.2802558030136017,-0.893745398295177,0.07858061650472506,3.2640592620131987,19.910434735070623,-0.9834024168778024,-0.2802558030136017,22.86217578993405,0.0,18.266203906012272,183,True
brain_cerebellum,raw,ENSG00000290667.2,ENSG00000290667,1.026121104973356,2492333462806.2397,-3.746775488969446,0.5577744915710462,1724.7111969520818,8.78921361266238,0.0,-6.964332733024939,1.0,-1.0,-0.2802558030136017,-0.9269000296542008,0.08169230125217498,2.5900787808418633,14.540900189961718,-1.0,-0.2802558030136017,73.20580646483783,0.0,73.20580646483785,266,True
brain_cortex,excluded_at_or_below_-1,ENSG00000290667.2,ENSG00000290667,0.4835336303151658,8.190109548951716,-0.9831060598241271,0.056044911287806226,245.51631974283575,4.563859082419515,0.0,0.052310727664135755,0.9986340224395184,-0.985179120194456,-0.8022415254923805,-0.9434155933384759,0.03546172610016014,1.408323080341399,2.0081478613717945,-0.985179120194456,-0.8022415254923805,8.189852927950957,0.0,8.178665772627731,112,True
brain_cortex,raw,ENSG00000290667.2,ENSG00000290667,2.871798786872833,175.96818567912612,-0.9977554267941022,0.0006405182199433638,610.3589743595721,431.6792282315065,0.0,4.955840084925112,4.69313780294025e-06,-1.0,-0.8022415254923805,-0.9765279498292936,0.03604181261715816,1.8160239207748463,3.393367611896256,-1.0,-0.8022415254923805,174.08381870337354,0.0,0.0008169993504369977,270,True
brain_frontal_cortex_ba9,excluded_at_or_below_-1,ENSG00000290667.2,ENSG00000290667,2.1335485524783264,12.2307561488408,-0.9729024698187653,0.0077205210256768575,170.25918763841565,26.19449884346615,0.0,2.1713745442606935,0.09466514586691907,-0.9847565088901012,-0.8299006032982014,-0.9471345898616033,0.02964397637434339,1.1984044546246821,1.5927503213831269,-0.9847565088901012,-0.8299006032982014,12.23045880653666,0.0,1.1577981669401378,128,True
brain_frontal_cortex_ba9,raw,ENSG00000290667.2,ENSG00000290667,3.3732669576779855,127.76678050828484,-0.997874637604718,0.0015587851457101415,729.9504261466952,152.39506104901793,0.0,1.928242857995927,0.15703714363901328,-1.0,-0.8299006032982014,-0.974844711904406,0.03340788680056396,1.3741516504105618,1.602429810037794,-1.0,-0.8299006032982014,126.77568094458384,0.0,19.908490818428323,269,True
brain_hippocampus,excluded_at_or_below_-1,ENSG00000290667.2,ENSG00000290667,0.4490000490818593,4.64151329855994,-0.9738060566819314,0.04464938817355444,129.02410323877126,3.191376565148322,0.0,0.451272790337973,0.9025912286898495,-0.988053589391314,-0.8730482822859735,-0.95236702353646,0.025376783275469265,0.8364533758056333,0.01885217208467216,-0.988053589391314,-0.8730482822859735,4.612996786014063,0.0,4.16365043703076,104,True
brain_hippocampus,raw,ENSG00000290667.2,ENSG00000290667,2.6770563388223745,160.5038527063949,-0.9986209887807527,0.000739951527098649,330.6708775754962,239.99764590679357,0.0,2.6356001677177456,0.031643429394337355,-1.0,-0.8730482822859735,-0.980573217442321,0.028482535970946618,1.4068427441212488,1.1424507887361672,-1.0,-0.8730482822859735,157.3304827541402,0.0,4.978476022607422,255,True
brain_hypothalamus,excluded_at_or_below_-1,ENSG00000290667.2,ENSG00000290667,0.612192109767859,23.460937669205357,-0.9659897422529912,0.022766894901344748,166.17344135756014,22.55685977675666,0.0,1.497103604441401,0.326085467538767,-0.990091052921761,-0.602855298131244,-0.9475061770370377,0.046373293923423396,4.3607269130247985,26.434888796360408,-0.990091052921761,-0.602855298131244,23.459439980042482,0.0,7.649782454089797,116,True
brain_hypothalamus,raw,ENSG00000290667.2,ENSG00000290667,2.7487416099185444,54365049059.9651,-1.1344504655118446,0.03134445140852858,1511.2099640754707,23.98475843788687,0.0,-6.066198744907405,1.0,-1.0,-0.602855298131244,-0.9763062900244995,0.04063353403333574,4.203685173239648,29.52576365610522,-1.0,-0.602855298131244,555.3528610832662,0.0,555.352861083211,257,True
brain_nucleus_accumbens_basal_ganglia,excluded_at_or_below_-1,ENSG00000290667.2,ENSG00000290667,1.5196293002910828,13.983044529163555,-0.9734836304554917,0.014172040312700626,145.47445941022852,17.342664362022717,0.0,1.632075661620762,0.26402254965616584,-0.9898388986308684,-0.799690262178218,-0.9502706873042008,0.035246707190541,1.801700530305793,3.6921003158271235,-0.9898388986308684,-0.799690262178218,13.98144050716258,0.0,3.6914155705670613,131,True
brain_nucleus_accumbens_basal_ganglia,raw,ENSG00000290667.2,ENSG00000290667,3.3587098953691306,173.68987239833447,-0.997540184994349,0.00011676240057352568,816.9743617020579,2396.336858326669,0.0,29.79301320317277,0.0,-1.0,-0.799690262178218,-0.9771419650415799,0.03442469636818732,2.069838245336166,5.153797210464489,-1.0,-0.799690262178218,61.50748195548809,0.0,0.0,285,True
brain_putamen_basal_ganglia,excluded_at_or_below_-1,ENSG00000290667.2,ENSG00000290667,0.045428981170467855,20.342033211281866,-1.052224589546032,0.08347763405842352,63.336238857411054,4.054754096787638,0.0,-1.1290338471912305,1.0,-0.9855804299629132,-0.8128821820806774,-0.9545146148288408,0.0296964299986055,2.066077020526462,5.868292929249446,-0.9855804299629132,-0.8128821820806774,10.749094851301493,0.0,10.749094851301491,92,True
brain_putamen_basal_ganglia,raw,ENSG00000290667.2,ENSG00000290667,2.4368478136611325,157.92368445783364,-0.9976608675181756,0.001269368090334889,443.8997022599842,205.86347252059917,0.0,2.606046981306242,0.034002635585729114,-1.0,-0.8128821820806774,-0.9835249785994227,0.028231767373139652,2.35898905604456,7.4403954472309035,-1.0,-0.8128821820806774,155.6622681078211,0.0,5.292927376918293,254,True
brain_spinal_cord_cervical_c-1,excluded_at_or_below_-1,ENSG00000290667.2,ENSG00000290667,0.20696569888738006,123.67950447168249,-1.299371513744214,0.19951251123699743,65.76316487200913,4.28568544920699,0.0,-2.2477318215931623,1.0,-0.9822690390933216,-0.6947613692138868,-0.9238661686406611,0.05791182522056066,1.7517235487440024,3.3588839998571514,-0.9822690390933216,-0.6947613692138868,9.877496618639164,0.0,9.87749661863916,83,True
brain_spinal_cord_cervical_c-1,raw,ENSG00000290667.2,ENSG00000290667,2.128205140901718,161.09416596622248,-0.9970325409930848,0.0015381953822245478,328.3589743595228,277.90747234355297,0.0,2.728275498588884,0.024274753829670315,-1.0,-0.6947613692138868,-0.9690239803783083,0.05253978124865766,2.350527130743192,6.500978062477731,-1.0,-0.6947613692138868,160.54333135793823,0.0,3.897149847709141,204,True
brain_substantia_nigra,excluded_at_or_below_-1,ENSG00000290667.2,ENSG00000290667,0.4012479218083622,7.491730531511872,-0.9889492281025127,0.04919282002605429,41.6053447881354,5.545116982916364,0.0,-0.1810635518410077,1.0,-0.9826510091093033,-0.7960646815095014,-0.9441261804344818,0.037702101161671685,1.7694642277473203,3.3344788281819637,-0.9826510091093033,-0.7960646815095014,7.369925500264019,0.0,7.369925500264014,76,True
brain_substantia_nigra,raw,ENSG00000290667.2,ENSG00000290667,1.948717941744969,124.80117762180075,-0.9978302610562549,0.0009142216714821303,289.8974359594223,312.1120707546734,0.0,3.3563788048023455,0.0036488347268742076,-1.0,-0.7960646815095014,-0.9767955722022985,0.03671513997924457,2.09584116013166,5.120352240080333,-1.0,-0.7960646815095014,122.41659813598113,0.0,0.44667793442435677,183,True
breast_mammary_tissue,excluded_at_or_below_-1,ENSG00000290667.2,ENSG00000290667,1.2246927214430405,50.45257100001025,-0.9513763024971009,0.2744560608396562,380.31961044626456,6.539685189281052,0.0,0.1448491060817574,0.9895642278714459,-0.9794871311081876,0.3177787133618144,-0.7724197857256586,0.19353678109821323,2.065727394677211,5.625440115614799,-0.9794871311081876,0.3177787133618144,50.45256970526039,0.0,49.9260581845163,471,True
breast_mammary_tissue,raw,ENSG00000290667.2,ENSG00000290667,1.0788239739949887,57.42370851779864,-1.0096312010833695,0.31568201045082234,370.0223733692837,5.946620465182731,0.0,-0.04314650421350409,1.0,-1.0,0.3177787133618144,-0.7914585974256522,0.19569102742621075,1.9917082021212844,5.431312802882703,-1.0,0.3177787133618144,57.37028159742373,0.0,57.37028159742372,514,True
cells_cultured_fibroblasts,excluded_at_or_below_-1,ENSG00000290667.2,ENSG00000290667,0.9486559842066276,35.60421742740061,-0.961269528841218,0.05255730005646585,356.75019331595576,9.561860390039898,0.0,0.42828682323479006,0.912378337166076,-0.9771862189917562,-0.6059161515379519,-0.9279368788364158,0.047915718741169976,2.521724234306717,9.933029129946982,-0.9771862189917562,-0.6059161515379519,35.603709361313996,0.0,32.48405314401992,276,True
cells_cultured_fibroblasts,raw,ENSG00000290667.2,ENSG00000290667,5.757826617587839,368.2836412975639,-0.9950734121828474,0.0012425732780219918,6162.465954152325,442.91269226073956,0.0,5.607111814226928,1.5921611882468578e-07,-1.0,-0.6059161515379519,-0.9694947523908753,0.04732375321429956,2.3788446417033873,8.971937361626058,-1.0,-0.6059161515379519,344.46940506128453,0.0,5.484508172770575e-05,652,True
cells_ebv-transformed_lymphocytes,excluded_at_or_below_-1,ENSG00000290667.2,ENSG00000290667,3.586552900385183,26.973695822513427,-0.972088068890188,0.005419194524627003,722.213874927209,64.15696420634977,0.0,2.2784684150719525,0.07468871525357904,-0.9808190441035596,-0.726241841422022,-0.9283655392123881,0.04649882992077689,1.4691288622335428,2.562833350263271,-0.9808190441035596,-0.726241841422022,26.939113632756676,0.0,2.0120477873007725,184,True
cells_ebv-transformed_lymphocytes,raw,ENSG00000290667.2,ENSG00000290667,4.7179486964364905,301.2084909322311,-0.9964818488579076,0.0001090001446455922,1439.897435897436,3506.2071234333007,0.0,45.64596749671285,0.0,-1.0,-0.726241841422022,-0.9596919242051359,0.049802579484230135,1.5030050777602064,2.4993505096286297,-1.0,-0.726241841422022,60.565135105415095,0.0,0.0,327,True
cervix_ectocervix,excluded_at_or_below_-1,ENSG00000290667.2,ENSG00000290667,0.2915768040302789,1.4447306037802718,-0.7099996433181763,0.12624837389772012,16.536672942177134,9.482054295612842,0.0,1.9913500087179927,0.1376918325793664,-0.8877696118369284,0.1364735965666483,-0.5323278942127793,0.29922568814075645,1.0400500676859814,-0.19891046656354483,-0.8877696118369284,0.1364735965666483,1.4447302563878566,0.0,0.19892755658490185,24,True
cervix_ectocervix,raw,ENSG00000290667.2,ENSG00000290667,0.2915768040302789,1.4447306037802718,-0.7099996433181763,0.12624837389772012,16.536672942177134,9.482054295612842,0.0,1.9913500087179927,0.1376918325793664,-0.8877696118369284,0.1364735965666483,-0.5323278942127793,0.29922568814075645,1.0400500676859814,-0.19891046656354483,-0.8877696118369284,0.1364735965666483,1.4447302563878566,0.0,0.19892755658490185,24,True
cervix_endocervix,excluded_at_or_below_-1,ENSG00000290667.2,ENSG00000290667,0.4275489444517877,3.697003823509033,-0.5366170420508438,0.03171999317162597,15.012401768271662,45.085191121880406,0.0,17.77920792387327,0.0,-0.935394404216598,0.4746177477836859,-0.5028632617656973,0.3714650308631926,1.1016955692216925,0.627417723642504,-0.935394404216598,0.4746177477836859,3.6936126372492843,0.0,0.0,23,True
cervix_endocervix,raw,ENSG00000290667.2,ENSG00000290667,0.4275489444517877,3.697003823509033,-0.5366170420508438,0.03171999317162597,15.012401768271662,45.085191121880406,0.0,17.77920792387327,0.0,-0.935394404216598,0.4746177477836859,-0.5028632617656973,0.3714650308631926,1.1016955692216925,0.627417723642504,-0.935394404216598,0.4746177477836859,3.6936126372492843,0.0,0.0,23,True
colon_sigmoid,excluded_at_or_below_-1,ENSG00000290667.2,ENSG00000290667,0.328980722800014,62.329830560821186,-0.7622609085882416,0.2962294785900359,376.81658817378707,12.585550685392375,0.0,1.0155567237010112,0.5971073730634743,-0.9749853843991936,1.873982454151256,-0.6817779904302608,0.23241533859790614,4.000921288091853,36.530797418133766,-0.9749853843991936,1.873982454151256,62.32862124023915,0.0,37.21687929542747,402,True
colon_sigmoid,raw,ENSG00000290667.2,ENSG00000290667,0.18301982784385337,62.33740302612583,-0.7641261326344826,0.3117285934510177,699.925096354913,11.968260277771225,0.0,1.0700847764551393,0.5640938966251946,-1.0,1.873982454151256,-0.6946891459497967,0.23615964263149686,3.7230844460583583,33.50257956326442,-1.0,1.873982454151256,62.337019250973455,0.0,35.16393209328139,419,True
colon_transverse,excluded_at_or_below_-1,ENSG00000290667.2,ENSG00000290667,0.3770131036155967,80.69371931750848,-1.2094145993511052,0.3794525951891651,559.8798907789679,4.9672102367506,0.0,-0.8308554711625616,1.0,-0.9864848572330074,0.1233549803879077,-0.8229649484114175,0.14995172622203523,1.9534690771375038,6.138606525350047,-0.9864848572330074,0.1233549803879077,57.13941396374404,0.0,57.13941396374404,412,True
colon_transverse,raw,ENSG00000290667.2,ENSG00000290667,0.3015245837722385,2478425765701.1523,-8.37716628383911,1.5037344226965785,521.6081709782275,7.994465164635276,0.0,-6.937986158339032,1.0,-1.0,0.1233549803879077,-0.8477276800532444,0.152027468395281,1.8834416656223452,5.76117450340098,-1.0,0.1233549803879077,87.39546669137535,0.0,87.39546669137472,479,True
esophagus_gastroesophageal_junction,excluded_at_or_below_-1,ENSG00000290667.2,ENSG00000290667,2.4137719293496245,39.231555007304586,-0.9560673836144324,0.7754081403713671,452.3948142851716,6.653505457308618,0.0,0.035928513775081175,0.9993577188383486,-0.9757668567307092,2.6920254015694023,-0.26210151011846966,0.6858095229772264,1.5698886469073845,2.2236381537616783,-0.9757668567307092,2.6920254015694023,39.231439596773626,0.0,39.20624198217615,399,True
esophagus_gastroesophageal_junction,raw,ENSG00000290667.2,ENSG00000290667,2.9105320014220113,36.65015248531456,-0.7611184370098859,0.5598249662312651,624.7624198880748,8.723231624018961,0.0,0.6034556630365497,0.8335411712008706,-1.0,2.6920254015694023,-0.2694255646086089,0.686308117294348,1.570537115540492,2.2362899471142583,-1.0,2.6920254015694023,36.649889111808676,0.0,30.54919149463904,403,True
esophagus_mucosa,excluded_at_or_below_-1,ENSG00000290667.2,ENSG00000290667,0.9410230628643876,77.69968921008095,-0.940296681713181,0.20043818059897886,416.2629378287801,9.545874068967423,0.0,0.31272430954939123,0.9522780221134047,-0.9846194723459972,0.4126514737267419,-0.8304051192276904,0.13761744597488582,2.6030203200113937,13.93157479583141,-0.9846194723459972,0.4126514737267419,77.69968920227224,0.0,73.99170635236608,530,True
esophagus_mucosa,raw,ENSG00000290667.2,ENSG00000290667,0.3409594263703893,138.7297994182591,-1.138982855689638,0.3200892093485094,449.66992323699054,6.855408581159488,0.0,-0.6140520633409601,1.0,-1.0,0.4126514737267419,-0.8536070247405146,0.1405187832157302,2.3689230590335164,12.130568670018034,-1.0,0.4126514737267419,114.89264652873273,0.0,114.89264652873273,614,True
esophagus_muscularis,excluded_at_or_below_-1,ENSG00000290667.2,ENSG00000290667,3.652775472224565,26.289925627415037,-0.05226877386975074,0.9253591759622536,674.7756701126339,4.455814425608946,0.0,1.3355022262324212,0.409895683709129,-0.9261249384849766,2.8632942463316025,0.2960601419046974,0.7871902289720033,0.8540331758812516,0.22889035144423042,-0.9261249384849766,2.8632942463316025,26.288620467036964,0.0,10.775592060105922,560,True
esophagus_muscularis,raw,ENSG00000290667.2,ENSG00000290667,4.327052524444295,27.39512221542367,-0.05091875452196274,0.8111823182853276,792.0310433196196,5.080632869516596,0.0,1.6546262645198322,0.25438667906277773,-1.0,2.8632942463316025,0.2937498742720687,0.7883883253634849,0.8494844094083707,0.22654642917217815,-1.0,2.8632942463316025,27.395013083099798,0.0,6.968926401091105,561,True
fallopian_tube,excluded_at_or_below_-1,ENSG00000290667.2,ENSG00000290667,0.5789470637105764,11.625039337409863,-0.7312941224063868,0.011294740993496572,23.263160755164122,116.91783030125401,0.0,24.800750247469264,0.0,-0.92936749544031,0.2024804120128092,-0.5125975063550859,0.2926128256369444,0.7346785279469191,-0.3642053908651879,-0.92936749544031,0.2024804120128092,11.615078802909435,0.0,0.0,28,True
fallopian_tube,raw,ENSG00000290667.2,ENSG00000290667,0.48692764764209523,1.296202466662453,-0.7314122582388032,0.1247442563443243,29.504275569703516,10.58745082759673,0.0,3.044953236463214,0.009697772468627356,-1.0,0.2024804120128092,-0.5294044888945657,0.3012575191857272,0.6653602866313387,-0.355443122413178,-1.0,0.2024804120128092,1.2961881516503593,0.0,0.012570137771235834,29,True
heart_atrial_appendage,excluded_at_or_below_-1,ENSG00000290667.2,ENSG00000290667,0.9561839428648086,3543081774185.906,-9.880722020537402,1.8292835816635822,200.23528656739467,9.659451670326229,0.0,-6.876489891310921,1.0,-0.98599042388759,2.613767368144477,-0.7232463748855841,0.3553990896384649,3.7323881789399174,22.332447313913264,-0.98599042388759,2.613767368144477,191.13144962897655,0.0,191.13144962897792,426,True
heart_atrial_appendage,raw,ENSG00000290667.2,ENSG00000290667,0.9090037417687745,503616745861.017,-9.299063009149748,1.785005787130862,549.1666718477239,9.438225022731864,0.0,-6.575131322903666,1.0,-1.0,2.613767368144477,-0.7442580383975245,0.3494042476692776,3.7716070962282395,22.965058266607812,-1.0,2.613767368144477,206.21213779671524,0.0,206.21213779671524,461,True
heart_left_ventricle,excluded_at_or_below_-1,ENSG00000290667.2,ENSG00000290667,0.2517454620357515,21430.433583070673,-1.6280760608970384,0.3039552342971829,140.55069974901534,12.554344050195466,0.0,-2.9692682839535527,1.0,-0.989894769928628,1.0702141328565191,-0.9144656756969305,0.1312937531251471,10.684128595713688,153.86908282620973,-0.989894769928628,1.0702141328565191,260.9399357844756,0.0,260.93993578447567,337,True
heart_left_ventricle,raw,ENSG00000290667.2,ENSG00000290667,0.41064919178692605,885818629546.4238,-3.445057574973573,0.5276651893030204,88.96732081010121,12.101534489033407,0.0,-6.55308262399887,1.0,-1.0,1.0702141328565191,-0.9362277272342159,0.11930394273113515,11.064717759080224,176.23705417094948,-1.0,1.0702141328565191,419.193287845613,0.0,419.193287845613,452,True
kidney_cortex,excluded_at_or_below_-1,ENSG00000290667.2,ENSG00000290667,0.14234921003349732,11.786191816068587,-0.9797711243455901,0.07644893266772346,69.80295599174202,11.494580155955461,0.0,0.07973574963044258,0.9968291315567661,-0.9840814443120308,-0.3584021827892514,-0.9149632100098859,0.09984216822472104,3.7156560594577805,16.028072500354185,-0.9840814443120308,-0.3584021827892514,11.786156592078267,0.0,11.748784240073434,60,True
kidney_cortex,raw,ENSG00000290667.2,ENSG00000290667,0.6958618602151263,1329674455281.9387,-1.9904981304121983,0.20303981361235174,237.24941435447138,11.367879940183945,0.0,-6.89902076155625,1.0,-1.0,-0.3584021827892514,-0.9509403134672418,0.08655778126599974,4.173586161287929,22.454707483929568,-1.0,-0.3584021827892514,61.418526461685495,0.0,61.41852646168441,104,True
kidney_medulla,excluded_at_or_below_-1,ENSG00000290667.2,ENSG00000290667,,,,,,,,,,,,,,,,,,,,,8,False
kidney_medulla,raw,ENSG00000290667.2,ENSG00000290667,0.20512820512820512,3.16337694618595,-0.9974284879875982,0.00026177690222818964,6.3589743589746055,1057.670673634217,0.0,13.892238516044234,0.0,-1.0,-0.8016491800470316,-0.9337016009112056,0.06182923781205556,0.7157018992799273,-0.15809066616147582,-1.0,-0.8016491800470316,2.897387999350104,0.0,0.0,11,True
liver,excluded_at_or_below_-1,ENSG00000290667.2,ENSG00000290667,1.1504026733937078,1651450882797.001,-4.892783351225046,0.8192926697605034,98.56020431801709,13.723901399423083,0.0,-6.747839541894297,1.0,-0.9835749965002144,3.0578487995483057,-0.6920423293947521,0.560028264999153,3.505366081178117,14.373009704250801,-0.9835749965002144,3.0578487995483057,214.00643802414282,0.0,214.00643802414282,214,True
liver,raw,ENSG00000290667.2,ENSG00000290667,1.193799501986871,1517925396651.8035,-4.64705295079821,0.7709990879630347,107.23989998659229,14.132800832333366,0.0,-6.689647012862524,1.0,-1.0,3.0578487995483057,-0.7484620553071638,0.5198060681884135,3.8651643462113885,17.718969527961566,-1.0,3.0578487995483057,290.81201722940506,0.0,290.81201722940506,262,True
lung,excluded_at_or_below_-1,ENSG00000290667.2,ENSG00000290667,1.3080052315059127,28.67907220222816,3.7242174261268945,2.2496129832825575,447.6389236946891,2.2836026560061486,0.057932388381969284,2.859569313331293,0.0,-0.8245469366414924,7.356782068619463,3.605616054974372,1.6161554939276639,-0.2507726737495712,-0.318127637911954,-0.8245469366414924,7.356782068619463,28.198317034086593,1.6335958541366047,0.0,604,True
lung,raw,ENSG00000290667.2,ENSG00000290667,1.3080052315059127,28.67907220222816,3.7242174261268945,2.2496129832825575,447.6389236946891,2.2836026560061486,0.057932388381969284,2.859569313331293,0.0,-0.8245469366414924,7.356782068619463,3.605616054974372,1.6161554939276639,-0.2507726737495712,-0.318127637911954,-0.8245469366414924,7.356782068619463,28.198317034086593,1.6335958541366047,0.0,604,True
minor_salivary_gland,excluded_at_or_below_-1,ENSG00000290667.2,ENSG00000290667,0.3812699735851038,66.78890557525803,-3.168438928797693,1.8925088512117358,287.4758386812471,3.7401618105176366,0.0,-1.6436520008944842,1.0,-0.9688942187434612,1.8366674566135344,-0.3383958847856329,0.5838239403791448,1.5104923959501768,2.304506159831851,-0.9688942187434612,1.8366674566135344,17.23935209909178,0.0,17.239352099091786,175,True
minor_salivary_gland,raw,ENSG00000290667.2,ENSG00000290667,0.6394609541002215,19.255157008179516,-1.5086808922977286,1.186817095372263,353.38453880902694,3.9863236081957423,0.0,-0.6061451420042531,1.0,-1.0,1.8366674566135344,-0.36032751291428605,0.5861703778845766,1.507087683983605,2.317242311928739,-1.0,1.8366674566135344,16.01694339713069,0.0,16.016943397130696,181,True
muscle_skeletal,excluded_at_or_below_-1,ENSG00000290667.2,ENSG00000290667,0.7853883725657054,156.06579018705247,-1.01879353738604,0.10481987660940917,494.13406241036154,11.989250666952874,0.0,-0.4174217093170879,1.0,-0.987854722182426,-0.13016411889816,-0.9261480701941954,0.06786138670079553,4.8215697674652045,42.818675453526424,-0.987854722182426,-0.13016411889816,143.04470569061334,0.0,143.0447056906133,488,True
muscle_skeletal,raw,ENSG00000290667.2,ENSG00000290667,1.8896695328340134,1397087861006.9873,-2.58391003057902,0.3390007688310659,2260.23713027132,10.236321170840386,0.0,-6.607616420893388,1.0,-1.0,-0.13016411889816,-0.955941636008273,0.06371283819660925,4.3481039424825685,39.62805478037435,-1.0,-0.13016411889816,461.79159859860226,0.0,461.79159859860226,818,True
nerve_tibial,excluded_at_or_below_-1,ENSG00000290667.2,ENSG00000290667,1.099845318564128,47.449830477257926,-0.818293032634391,0.4057265249905531,303.0267409640031,5.116012516521255,0.0,0.510968158678136,0.877623411079454,-0.9648856979270526,0.6494499132423619,-0.6421431146670016,0.24970245743384548,1.4047400929115563,2.821097264922961,-0.9648856979270526,0.6494499132423619,47.44940832325022,0.0,41.64271158635269,632,True
nerve_tibial,raw,ENSG00000290667.2,ENSG00000290667,1.158830145207153,48.7569652411856,-0.815077114507228,0.4002911300732251,287.5730955330823,5.174119108576183,0.0,0.653325624800143,0.8078196791761448,-1.0,0.6494499132423619,-0.6624394753276791,0.2562638855815322,1.3091916980126648,2.5425763483925907,-1.0,0.6494499132423619,48.75683487413577,0.0,39.386730705668626,670,True
ovary,excluded_at_or_below_-1,ENSG00000290667.2,ENSG00000290667,0.18926553499177992,14.174474140629574,-1.0359715931599491,0.5556373185202254,158.4715085904814,3.603219977502542,0.0,-0.19282492064722398,1.0,-0.960211662196967,0.3797152165312687,-0.6553806136162169,0.25234821634824584,1.4125344522507453,2.5038434154204516,-0.960211662196967,0.3797152165312687,13.89190445275051,0.0,13.89190445275051,184,True
ovary,raw,ENSG00000290667.2,ENSG00000290667,0.4169993998281017,12.028058289444486,-0.8544694087734788,0.41281392534967104,170.0118129538439,4.22805658530027,0.0,0.4985571542393836,0.8831184313150079,-1.0,0.3797152165312687,-0.6714509476962897,0.25690860724037884,1.3506852398543163,2.3497114040074907,-1.0,0.3797152165312687,12.026466959881828,0.0,10.620794635872612,193,True
pancreas,excluded_at_or_below_-1,ENSG00000290667.2,ENSG00000290667,0.4520053673709957,37.53768830957726,-1.0637370973483928,0.16252909673130186,158.26885463271273,4.027824421377921,0.0,-0.6912820882504853,1.0,-0.9842912085666824,-0.6008376581008101,-0.9078005358371954,0.0697008261793379,1.7072410585903,3.622022416359676,-0.9842912085666824,-0.6008376581008101,29.54838026664715,0.0,29.548380266647143,294,True
pancreas,raw,ENSG00000290667.2,ENSG00000290667,0.3035830755500512,1046076804427.509,-4.681384011543502,0.7539766988928575,1663.159208361346,7.653769676708242,0.0,-6.905071741703941,1.0,-1.0,-0.6008376581008101,-0.9251197721992692,0.07241234002533413,1.578254919669992,3.271753956064992,-1.0,-0.6008376581008101,46.14344171211385,0.0,46.14344171211385,362,True
pituitary,excluded_at_or_below_-1,ENSG00000290667.2,ENSG00000290667,0.3684239322430836,35.45846081530187,-1.0447871116843317,0.27607476270681225,364.8042151398963,5.2690416574577466,0.0,-0.35072664680354476,1.0,-0.9763202419219132,-0.0161946388232964,-0.8252675351906602,0.14131785709853253,2.0726675020194607,6.134977621466536,-0.9763202419219132,-0.0161946388232964,33.343281822486645,0.0,33.343281822486645,277,True
pituitary,raw,ENSG00000290667.2,ENSG00000290667,0.3610709481195704,40.25808708729696,-1.07940724862962,0.2933246075127106,392.7479382258937,5.126094619964814,0.0,-0.3828482339582599,1.0,-1.0,-0.0161946388232964,-0.8453645598971657,0.14416689576418618,1.9424178199794324,5.675008566364868,-1.0,-0.0161946388232964,37.41315580986468,0.0,37.41315580986468,313,True
prostate,excluded_at_or_below_-1,ENSG00000290667.2,ENSG00000290667,0.030181526436347673,47.63738470514333,-1.1468884468717053,0.3851741328378186,275.147787969267,5.669450955955989,0.0,-0.6439541987775864,1.0,-0.9715015698817692,0.3972389138944641,-0.8007011496821929,0.16112642707715838,2.672982623106978,13.304101153679184,-0.9715015698817692,0.3972389138944641,38.71701672124508,0.0,38.717016721245095,248,True
prostate,raw,ENSG00000290667.2,ENSG00000290667,0.044550885782433505,50.08528490630726,-1.156359839929323,0.3879512300429662,163.77013934735697,5.6633933804004295,0.0,-0.5699845473206634,1.0,-1.0,0.3972389138944641,-0.824730089082212,0.16445968167932487,2.435561309888431,11.756731653378841,-1.0,0.3972389138944641,42.57579634253565,0.0,42.57579634253565,282,True
skin_not_sun_exposed_suprapubic,excluded_at_or_below_-1,ENSG00000290667.2,ENSG00000290667,1.3811332443740418,48.143612394840865,-0.6077232548666129,0.42340879068533893,795.0939180169415,6.060532871591727,0.0,1.226196940184597,0.4715281489391454,-0.9748407662518228,1.206771360616659,-0.4946597557775568,0.31002475149262004,1.2722984738031773,3.0558140247005516,-0.9748407662518228,1.206771360616659,48.14346735688456,0.0,22.70100004630395,645,True
skin_not_sun_exposed_suprapubic,raw,ENSG00000290667.2,ENSG00000290667,1.5155337297010991,49.0929595417685,-0.6032716816245942,0.40895916639851343,744.4472290050248,6.259273856994889,0.0,1.3719183099988088,0.3902093177654275,-1.0,1.206771360616659,-0.4993172695491922,0.3123518084818291,1.2382326609409986,2.958931322645208,-1.0,1.206771360616659,49.09256871415656,0.0,19.156377745303402,651,True
skin_sun_exposed_lower_leg,excluded_at_or_below_-1,ENSG00000290667.2,ENSG00000290667,2.2230003721295133,48.072224836752774,-0.4649143718250735,0.4983724322298767,775.2312037480974,5.295542468728526,0.0,1.4226401003036218,0.3635086002118107,-0.9662563373103568,1.401248172740162,-0.34203686988629795,0.38356809357137983,0.9187899852788841,0.9228468853381973,-0.9662563373103568,1.401248172740162,48.07211216646994,0.0,17.47462620285864,751,True
skin_sun_exposed_lower_leg,raw,ENSG00000290667.2,ENSG00000290667,2.3069840545832663,48.74214465934789,-0.45513812638993506,0.48746204135779153,793.6696909012085,5.3857048518500354,0.0,1.5807406236864165,0.2866849923981617,-1.0,1.401248172740162,-0.3446547603244161,0.38504055566752443,0.9051862010285793,0.9061440752772869,-1.0,1.401248172740162,48.74209785026341,0.0,13.973627951673219,754,True
small_intestine_terminal_ileum,excluded_at_or_below_-1,ENSG00000290667.2,ENSG00000290667,0.27888596988581,19.62159860432538,-0.9920253796540311,0.3294700575014383,176.5670959325281,5.183188315160584,0.0,-0.07673207792018316,1.0,-0.9741490681851004,0.2155046551811301,-0.7733534178110055,0.1768488497610537,1.930084410047115,5.954245469697716,-0.9741490681851004,0.2155046551811301,19.56389063479967,0.0,19.56389063479967,192,True
small_intestine_terminal_ileum,raw,ENSG00000290667.2,ENSG00000290667,0.35897321265827725,18.924979591065163,-0.9546504464233971,0.29820884940779957,183.7369576765001,5.549296132745508,0.0,0.21506388506899732,0.9771446066491866,-1.0,0.2155046551811301,-0.7897770831870197,0.1801875785740105,1.821186482820638,5.499468312466162,-1.0,0.2155046551811301,18.924869433877806,0.0,18.492334098853743,207,True
spleen,excluded_at_or_below_-1,ENSG00000290667.2,ENSG00000290667,0.3158201960803553,21.123267039585993,-0.9080293990685017,0.29130333434574585,63.56422787852056,5.271322517628121,0.0,0.32387269494675014,0.9489092294064295,-0.9747415268911316,0.177771124029421,-0.7657658315423733,0.17057993306901287,1.7735017549749517,5.35299529433629,-0.9747415268911316,0.177771124029421,21.1231486967747,0.0,20.04395075249391,250,True
spleen,raw,ENSG00000290667.2,ENSG00000290667,0.03108785831384879,25.569300256859673,-1.0242100204334479,0.3856126912824187,290.8953503241824,4.4082004421663745,0.0,-0.08878893256455717,1.0,-1.0,0.177771124029421,-0.7885973208866185,0.1763381510278999,1.609661363352664,4.635716361213943,-1.0,0.177771124029421,25.467169245341143,0.0,25.467169245341147,277,True
stomach,excluded_at_or_below_-1,ENSG00000290667.2,ENSG00000290667,1.3391823960480043,2989274951910.0933,-7.041441940324977,1.2229937916538214,302.18970906888956,8.380476243171202,0.0,-7.006748857519672,1.0,-0.9820951907119556,0.2058866733973536,-0.7999562423757726,0.20767524409373372,1.9775751497097735,4.199960407483227,-0.9820951907119556,0.2058866733973536,65.28494797834371,0.0,65.28494797834371,319,True
stomach,raw,ENSG00000290667.2,ENSG00000290667,2.201393063090165,3486674030387.56,-5.135988085478944,0.8418982983640544,347.66249361721987,8.973235540659832,0.0,-6.947597418433731,1.0,-1.0,0.2058866733973536,-0.8432089467269568,0.20144276722276006,2.138970812874447,5.137234978906598,-1.0,0.2058866733973536,115.05546934771667,0.0,115.05546934771667,407,True
testis,excluded_at_or_below_-1,ENSG00000290667.2,ENSG00000290667,2.620410045575211,23.37040940993386,0.719941870735514,0.540498592747762,352.7945087328356,3.708747147027804,0.0004691098819385809,3.8688647362940918,0.0,-0.7587003945737221,2.137388759352583,0.7070375694204664,0.5290480672865973,-0.032699655834812325,0.20818443160177624,-0.7587003945737221,2.137388759352583,23.35722090030321,0.010957103138954594,0.0,414,True
testis,raw,ENSG00000290667.2,ENSG00000290667,2.620410045575211,23.37040940993386,0.719941870735514,0.540498592747762,352.7945087328356,3.708747147027804,0.0004691098819385809,3.8688647362940918,0.0,-0.7587003945737221,2.137388759352583,0.7070375694204664,0.5290480672865973,-0.032699655834812325,0.20818443160177624,-0.7587003945737221,2.137388759352583,23.35722090030321,0.010957103138954594,0.0,414,True
thyroid,excluded_at_or_below_-1,ENSG00000290667.2,ENSG00000290667,0.5660547323619093,159.12699664036228,-1.24125637168482,0.5016737837697475,535.6638475810252,7.202148078466836,0.0,-0.7340218246723528,1.0,-0.9808717197832812,1.3136115591045927,-0.7480360764627687,0.23726923303756403,2.9525628191012623,15.198193179472934,-0.9808717197832812,1.3136115591045927,121.5479195806442,0.0,121.5479195806442,593,True
thyroid,raw,ENSG00000290667.2,ENSG00000290667,0.1704514092865977,2549176456435.059,-11.358770318094411,2.142834803291654,319.33583386319003,8.363432538418886,0.0,-6.836510892418562,1.0,-1.0,1.3136115591045927,-0.7815575926058799,0.23691602012812787,2.8375859888226023,14.521406149715798,-1.0,1.3136115591045927,180.88143279454687,0.0,180.88143279454556,684,True
uterus,excluded_at_or_below_-1,ENSG00000290667.2,ENSG00000290667,0.22654950021287765,15.462355328357484,-0.8353836561008375,0.4535381942914725,126.59775607642558,6.921884741668369,0.0,0.40195386910382397,0.9223944873968991,-0.9642902348752,1.3844643147827518,-0.6145364883654778,0.30020429761954454,2.5221539395901615,12.204435952876146,-0.9642902348752,1.3844643147827518,15.462337236298808,0.0,14.262374629033825,148,True
uterus,raw,ENSG00000290667.2,ENSG00000290667,0.2621742063753918,15.183075898035474,-0.7889088272569925,0.41214050047356354,193.58470543178265,7.457684381996786,0.0,0.7243355094861683,0.769256441182073,-1.0,1.3844643147827518,-0.6271333351509197,0.30312688041174507,2.426340051139743,11.623001499245383,-1.0,1.3844643147827518,15.183074779578757,0.0,11.679678071140042,153,True
vagina,excluded_at_or_below_-1,ENSG00000290667.2,ENSG00000290667,0.5677396179499579,13.640651736149941,-0.8382778342850113,0.3067638065395242,281.6077922022996,6.800835679252989,0.0,0.6027346700127147,0.8339012096456936,-0.9690198852919194,0.6369238581076593,-0.6699530454901401,0.27054452905727966,1.85326943582965,4.318391745100922,-0.9690198852919194,0.6369238581076593,13.64059439063808,0.0,11.374908162639356,157,True
vagina,raw,ENSG00000290667.2,ENSG00000290667,0.4436856455395183,14.654325536954182,-0.9241698816429791,0.39515798969758203,322.5236833602602,5.586929776064191,0.0,0.27138507789992444,0.9638477695065933,-1.0,0.6369238581076593,-0.6951919302467766,0.2744130914075436,1.782265080208619,4.147768246298253,-1.0,0.6369238581076593,14.654278775864961,0.0,14.124493911845255,170,True
whole_blood,excluded_at_or_below_-1,ENSG00000290667.2,ENSG00000290667,0.9366732405806218,93.37141289651923,-1.0004630942982429,0.14363013351476842,1413.295460438691,8.812058727303025,0.0,-0.23669565362556647,1.0,-0.9764238478667788,-0.1054941835075223,-0.8840735142923981,0.10135104173514778,3.4586196741460475,17.90833632924585,-0.9764238478667788,-0.1054941835075223,90.79214838984653,0.0,90.79214838984653,481,True
whole_blood,raw,ENSG00000290667.2,ENSG00000290667,5.494010303959883,2364318299410.3735,-2.511528985703066,0.31872729807027417,12976.604217821812,10.67573147768591,0.0,-6.70675152220571,1.0,-1.0,-0.1054941835075223,-0.9305596019609507,0.09684982165287111,3.2338969474486516,17.59550222586521,-1.0,-0.1054941835075223,403.93455025793315,0.0,403.9345502579302,803,True
adipose_subcutaneous,excluded_at_or_below_-1,ENSG00000290668.1,ENSG00000290668,0.12192539842296707,1.0786546773394634,-0.9104017384260035,0.009487432360096162,8.228976412553862,6.236906654673515,3.5611390211111986e-09,7.077344960498038,0.0,-0.9578810112800408,-0.8685606533191998,-0.907608016133996,0.021189776650608172,-0.4393228111469724,1.1822434449875683,-0.9578810112800408,-0.8685606533191998,1.078610885381672,3.841083312527971e-09,0.0,13,True
adipose_subcutaneous,raw,ENSG00000290668.1,ENSG00000290668,0.3333139975147332,964.9184211420313,-0.998775730281862,0.0007401898861963838,16.666666704126342,248.79011629347605,0.0,2.339100914078621,0.06586547118064402,-1.0,-0.8685606533191998,-0.9983177930108431,0.012663473040500748,7.683728037679042,59.15255468825207,-1.0,-0.8685606533191998,950.024667037133,0.0,62.57382232763499,714,True
adipose_visceral_omentum,excluded_at_or_below_-1,ENSG00000290668.1,ENSG00000290668,,,,,,,,,,,,,,,,,,,,,7,False
adipose_visceral_omentum,raw,ENSG00000290668.1,ENSG00000290668,0.17948191714215947,598.7812902790179,-0.9976242252890739,0.0010330536888467049,7.743589772285961,277.2305143227936,0.0,3.2523506315392754,0.005048978061404861,-1.0,-0.7951130819215524,-0.9987465860396237,0.012391967252452441,11.636226787022505,154.1128295299565,-1.0,-0.7951130819215524,598.5879780144536,0.0,3.0222575688156597,587,True
adrenal_gland,excluded_at_or_below_-1,ENSG00000290668.1,ENSG00000290668,,,,,,,,,,,,,,,,,,,,,6,False
adrenal_gland,raw,ENSG00000290668.1,ENSG00000290668,0.15789473408933968,288.742990484876,-0.998251320194122,0.000868065299314035,7.087468932988837,224.93191054065926,0.0,2.8488717377309674,0.01758776247018284,-1.0,-0.8601847710930725,-0.9982418124175542,0.012826042372856,7.911221965130287,66.61751140712863,-1.0,-0.8601847710930725,283.73872437437683,0.0,4.99032928788921,295,True
artery_aorta,excluded_at_or_below_-1,ENSG00000290668.1,ENSG00000290668,,,,,,,,,,,,,,,,,,,,,2,False
artery_aorta,raw,ENSG00000290668.1,ENSG00000290668,0.05263157894719148,504.8926592393941,-0.9987330013114757,0.000552891939094973,1.8975069252220718,286.3222847226097,0.0,3.240790111270936,0.005294305157519565,-1.0,-0.8867942620585828,-0.9995718787079572,0.006617621382962267,15.59248493884202,244.3364689925507,-1.0,-0.8867942620585828,499.7505694039725,0.0,2.6458320170688916,472,True
artery_coronary,excluded_at_or_below_-1,ENSG00000290668.1,ENSG00000290668,,,,,,,,,,,,,,,,,,,,,5,False
artery_coronary,raw,ENSG00000290668.1,ENSG00000290668,0.12820512820512822,276.90048227987063,-0.9971518922027353,0.0009324534721977913,6.3589743589743595,367.04613717492845,0.0,4.319607137607968,8.878450995103151e-05,-1.0,-0.7551421603124282,-0.997343885172722,0.02112538569383892,9.015199898927882,87.10930910276839,-1.0,-0.7551421603124282,276.84384781115745,0.0,0.024579445360871643,268,True
artery_tibial,excluded_at_or_below_-1,ENSG00000290668.1,ENSG00000290668,0.10390318125469056,91554388761.74902,-1.9948640760564704,0.2130634424280317,10.48070379603816,7.750710692431986,0.0,-7.142548737213945,1.0,-0.9187776474217894,-0.8271528156565755,-0.8890992457502933,0.027609211269245405,1.029039373102276,0.2808986642295941,-0.9187776474217894,-0.8271528156565755,0.7568009914467475,0.0,0.7568009914467475,11,True
artery_tibial,raw,ENSG00000290668.1,ENSG00000290668,0.2820512820513084,759.3701998958926,-0.9980864115256717,0.0007420035474425935,11.897436004445304,325.7890213280684,0.0,3.6471830660699376,0.0013195856555129415,-1.0,-0.8271528156565755,-0.9982345755473997,0.014282744213077844,8.460582236488083,74.17075920526592,-1.0,-0.8271528156565755,743.9357961924072,0.0,0.9816870052781368,691,True
bladder,excluded_at_or_below_-1,ENSG00000290668.1,ENSG00000290668,,,,,,,,,,,,,,,,,,,,,0,False
bladder,raw,ENSG00000290668.1,ENSG00000290668,0.0,77.0,-0.9875,1.0001e-06,0.0,-17675.90193946968,0.0,,,-1.0,-1.0,-1.0,0.0,,,,-1.0,6.288505735813509e-188,0.0,,77,True
brain_amygdala,excluded_at_or_below_-1,ENSG00000290668.1,ENSG00000290668,,,,,,,,,,,,,,,,,,,,,1,False
brain_amygdala,raw,ENSG00000290668.1,ENSG00000290668,0.025641025530856832,199.35744863814608,-0.9971869632463698,0.0013499484076488295,0.974358974907515,268.9928624830902,0.0,2.9469531619854235,0.01333452689928957,-1.0,-0.7404177623000782,-0.9985658439906081,0.01929459577520924,13.341872265748739,176.00555555555542,-1.0,-0.7404177623000782,194.46098824855687,0.0,2.5930452786628115,181,True
brain_anterior_cingulate_cortex_ba24,excluded_at_or_below_-1,ENSG00000290668.1,ENSG00000290668,,,,,,,,,,,,,,,,,,,,,6,False
brain_anterior_cingulate_cortex_ba24,raw,ENSG00000290668.1,ENSG00000290668,0.15384615382525274,293.0436799411291,-0.9986699708263272,0.0006519163781792059,5.076923114427604,285.1841657034474,0.0,2.8852554694412826,0.015570930520535188,-1.0,-0.8672073449783071,-0.9979620887220141,0.013387019411848304,7.18412607034195,54.7632998741677,-1.0,-0.8672073449783071,293.04367093565577,0.0,4.562962639621673,233,True
brain_caudate_basal_ganglia,excluded_at_or_below_-1,ENSG00000290668.1,ENSG00000290668,,,,,,,,,,,,,,,,,,,,,9,False
brain_caudate_basal_ganglia,raw,ENSG00000290668.1,ENSG00000290668,0.23076892815150052,429.52429250072754,-0.9981048625594983,0.0011670154870103728,12.923076930339704,252.09633060946075,0.0,2.296566841443108,0.07264795109259026,-1.0,-0.7900738198179407,-0.9970116074919232,0.019481477800209222,7.808271770705233,66.60555488612263,-1.0,-0.7900738198179407,423.13816756333046,0.0,30.74012090254975,300,True
brain_cerebellar_hemisphere,excluded_at_or_below_-1,ENSG00000290668.1,ENSG00000290668,,,,,,,,,,,,,,,,,,,,,3,False
brain_cerebellar_hemisphere,raw,ENSG00000290668.1,ENSG00000290668,0.07692307692264039,288.8841846110528,-0.997815671509721,0.0007032955518330041,2.7692307692333724,320.904216818035,0.0,4.392331172263838,6.473917837389345e-05,-1.0,-0.8382283826748846,-0.9985905992267244,0.013802967584664576,10.051254712016945,102.1865826622042,-1.0,-0.8382283826748846,288.5543048050575,0.0,0.018680768609329435,277,True
brain_cerebellum,excluded_at_or_below_-1,ENSG00000290668.1,ENSG00000290668,,,,,,,,,,,,,,,,,,,,,4,False
brain_cerebellum,raw,ENSG00000290668.1,ENSG00000290668,0.10256410256410224,338.63036031889584,-0.9984966171943328,0.00065097883358359,3.5897435897435934,315.36505158564586,0.0,3.266011494581649,0.004840926073506944,-1.0,-0.8533304422286796,-0.9982114653378635,0.014793848214542693,8.437554963124551,71.45971049937924,-1.0,-0.8533304422286796,337.69490084765226,0.0,1.6347560504037406,266,True
brain_cortex,excluded_at_or_below_-1,ENSG00000290668.1,ENSG00000290668,0.2105263573409319,7.3681177009672805,-0.930596616000232,0.0005772934150446412,6.315790567825649,109.87129984234745,0.0,41.97265026521208,0.0,-0.9477301913347927,-0.885746262709214,-0.9230954381852967,0.021075156792099668,0.6899521996982376,-0.8864323379712582,-0.9477301913347927,-0.885746262709214,7.325553801699653,0.0,0.0,11,True
brain_cortex,raw,ENSG00000290668.1,ENSG00000290668,0.28205128205057717,265.0448079804262,-0.9986554585738843,0.0005380359108587036,9.89743589745202,296.77891918703307,0.0,3.534092579341864,0.0019409013389268292,-1.0,-0.885746262709214,-0.9968668511853269,0.01576412595321601,5.184067325784444,26.775866698051953,-1.0,-0.885746262709214,264.96467755083967,0.0,0.5142702974267439,270,True
brain_frontal_cortex_ba9,excluded_at_or_below_-1,ENSG00000290668.1,ENSG00000290668,0.050220185920872906,115112033471.09781,-1.3776268563965561,0.08778508794819515,12.264909740150376,7.928745917909982,0.0,-7.060651587693711,1.0,-0.939347987427729,-0.885462393941064,-0.927712245906507,0.01432656618335767,2.1131604330612035,3.993317459707516,-0.939347987427729,-0.885462393941064,1.7181976582222016,0.0,1.7181976582222014,13,True
brain_frontal_cortex_ba9,raw,ENSG00000290668.1,ENSG00000290668,0.33333333325918885,262.0169842392649,-0.9986605379951407,0.0005889968439418815,20.666666668688606,271.794920810365,0.0,3.2161213647225737,0.005674824366248338,-1.0,-0.885462393941064,-0.9965065397649986,0.015824575982917782,4.529624552910307,19.94201046559927,-1.0,-0.885462393941064,262.01628949162006,0.0,1.486896423961025,269,True
brain_hippocampus,excluded_at_or_below_-1,ENSG00000290668.1,ENSG00000290668,,,,,,,,,,,,,,,,,,,,,8,False
brain_hippocampus,raw,ENSG00000290668.1,ENSG00000290668,0.009468875768155905,232.23882055462502,-0.9948070961176029,0.004824256969648032,238.2446777155738,120.63920699251074,0.0,1.5222810776437385,0.3153136967769499,-1.0,-0.5832748137020487,-0.996098923273348,0.029414823940430355,11.518573001251202,152.26733665229665,-1.0,-0.5832748137020487,231.20012428887458,0.0,72.90056588481512,255,True
brain_hypothalamus,excluded_at_or_below_-1,ENSG00000290668.1,ENSG00000290668,,,,,,,,,,,,,,,,,,,,,9,False
brain_hypothalamus,raw,ENSG00000290668.1,ENSG00000290668,0.23684210525151098,253.51518131065626,-0.9984512825064378,0.0006014303096136861,8.924515276988455,270.55305721525735,0.0,3.641680920749254,0.0013192223351699067,-1.0,-0.8833917092586362,-0.9974606636955585,0.014271926431066988,5.997919490857533,36.78925833277551,-1.0,-0.8833917092586362,253.46268166014173,0.0,0.3343736307781188,257,True
brain_nucleus_accumbens_basal_ganglia,excluded_at_or_below_-1,ENSG00000290668.1,ENSG00000290668,,,,,,,,,,,,,,,,,,,,,7,False
brain_nucleus_accumbens_basal_ganglia,raw,ENSG00000290668.1,ENSG00000290668,0.17948717948640225,339.00831941965083,-0.9988899328466859,0.0005359800076048854,5.743589743603843,281.8650773465135,0.0,2.9289749637808025,0.013752455982387925,-1.0,-0.8920644502468522,-0.9982479041353298,0.01143041253012918,6.822393864045794,47.849542127819426,-1.0,-0.8920644502468522,338.0234706386669,0.0,4.648652900972363,285,True
brain_putamen_basal_ganglia,excluded_at_or_below_-1,ENSG00000290668.1,ENSG00000290668,,,,,,,,,,,,,,,,,,,,,4,False
brain_putamen_basal_ganglia,raw,ENSG00000290668.1,ENSG00000290668,0.10256410256410252,338.9312132685933,-0.9983795777719492,0.0005260584657593675,3.5897435897436933,406.59691810761586,0.0,4.35621369265983,7.794230854028693e-05,-1.0,-0.8471338560414496,-0.998146819939357,0.014958578553863835,8.235900598069632,68.31207811460472,-1.0,-0.8471338560414496,329.32330132713156,0.0,0.02566821836154498,254,True
brain_spinal_cord_cervical_c-1,excluded_at_or_below_-1,ENSG00000290668.1,ENSG00000290668,,,,,,,,,,,,,,,,,,,,,3,False
brain_spinal_cord_cervical_c-1,raw,ENSG00000290668.1,ENSG00000290668,0.07692307692719452,227.47565916285976,-0.9983721195903622,0.0004447591574843218,2.7692307695184226,369.0621142976738,0.0,5.17621844202838,1.5445639851550042e-06,-1.0,-0.8823049573302454,-0.9984510671486415,0.01276545499826389,8.17178106476837,65.37375472797672,-1.0,-0.8823049573302454,223.89864188786993,0.0,0.000345825778585121,204,True
brain_substantia_nigra,excluded_at_or_below_-1,ENSG00000290668.1,ENSG00000290668,,,,,,,,,,,,,,,,,,,,,1,False
brain_substantia_nigra,raw,ENSG00000290668.1,ENSG00000290668,0.02564590917173612,204.91171103744782,-0.9992926246656184,5.7909974322440074e-05,0.9743589752890802,1403.6856927846295,0.0,17.274740720839837,0.0,-1.0,-0.9418137511852004,-0.9996820423562033,0.004301251280095517,13.416612631565934,178.00549450549468,-1.0,-0.9418137511852004,163.80382400938709,0.0,0.0,183,True
breast_mammary_tissue,excluded_at_or_below_-1,ENSG00000290668.1,ENSG00000290668,,,,,,,,,,,,,,,,,,,,,2,False
breast_mammary_tissue,raw,ENSG00000290668.1,ENSG00000290668,0.05656563961005538,453.2934915976379,-0.99830320807986,0.0020888412591995734,4029.231807141223,94.6881741104231,0.0,1.1487833914707077,0.5171427272355588,-1.0,-0.8584455726402527,-0.9995901505389299,0.006942714448268209,18.285160308514538,349.3561223224451,-1.0,-0.8584455726402527,453.10529337400357,0.0,234.32010714030017,514,True
cells_cultured_fibroblasts,excluded_at_or_below_-1,ENSG00000290668.1,ENSG00000290668,,,,,,,,,,,,,,,,,,,,,6,False
cells_cultured_fibroblasts,raw,ENSG00000290668.1,ENSG00000290668,-0.06968470772129677,595.3223075018597,-0.9981156240462715,0.0018488354445631839,2663.299160693354,114.30435941335604,0.0,1.4413992538974398,0.35527072854073394,-1.0,-0.8486827825192226,-0.9990362564163391,0.010260477153238008,11.135393175725271,128.99280814505272,-1.0,-0.8486827825192226,592.9809134991821,0.0,210.66876114960587,652,True
cells_ebv-transformed_lymphocytes,excluded_at_or_below_-1,ENSG00000290668.1,ENSG00000290668,,,,,,,,,,,,,,,,,,,,,8,False
cells_ebv-transformed_lymphocytes,raw,ENSG00000290668.1,ENSG00000290668,0.20512820512820484,353.6623259993445,-0.9988893167828399,0.00042686951920271166,8.358974358974365,327.1443133709292,0.0,3.6796800861810923,0.0011677754671781705,-1.0,-0.900143314429266,-0.9981366930864304,0.012043547667284946,6.572450377157203,42.935585428683545,-1.0,-0.900143314429266,347.5729108122927,0.0,0.4058871183022735,327,True
cervix_ectocervix,excluded_at_or_below_-1,ENSG00000290668.1,ENSG00000290668,,,,,,,,,,,,,,,,,,,,,0,False
cervix_ectocervix,raw,ENSG00000290668.1,ENSG00000290668,0.0,24.0,-0.9875,1.0001e-06,0.0,-17675.90193946968,0.0,,,-1.0,-1.0,-1.0,0.0,,,,-1.0,1.9600537358379766e-188,0.0,,24,True
cervix_endocervix,excluded_at_or_below_-1,ENSG00000290668.1,ENSG00000290668,,,,,,,,,,,,,,,,,,,,,0,False
cervix_endocervix,raw,ENSG00000290668.1,ENSG00000290668,0.0,23.0,-0.9875,1.0001e-06,0.0,-17675.90193946968,0.0,,,-1.0,-1.0,-1.0,0.0,,,,-1.0,1.878384830178061e-188,0.0,,23,True
colon_sigmoid,excluded_at_or_below_-1,ENSG00000290668.1,ENSG00000290668,,,,,,,,,,,,,,,,,,,,,4,False
colon_sigmoid,raw,ENSG00000290668.1,ENSG00000290668,0.10526315787871446,435.870998108408,-0.998712807241349,0.0005903751954134099,3.5900277021418256,268.7149383576986,0.0,3.083404368637063,0.008657071100558526,-1.0,-0.8865355247825234,-0.9990354745217882,0.009885322162460068,10.23639642125099,103.7384560082134,-1.0,-0.8865355247825234,433.9953835736732,0.0,3.7571288929114584,419,True
colon_transverse,excluded_at_or_below_-1,ENSG00000290668.1,ENSG00000290668,0.23930561935085845,3.9710449812072275,-0.9249382274719715,0.036586049696993035,29.832192206838513,9.03061136742231,0.0,1.6087336239055607,0.27417653271974235,-0.966556558592109,-0.6913141093944086,-0.9056153923332542,0.050114699680483134,2.085054750099229,5.799259392357268,-0.966556558592109,-0.6913141093944086,3.970930472661909,0.0,1.0887359486656099,45,True
colon_transverse,raw,ENSG00000290668.1,ENSG00000290668,1.1538461481277458,548.8215130035674,-0.9968636898500534,0.0014823936673549537,119.0769230777547,291.49636171126076,0.0,2.9920610479787313,0.011386558672132056,-1.0,-0.6913141093944086,-0.9911329700521846,0.03148103943644043,4.538214528357394,25.925678886258734,-1.0,-0.6913141093944086,548.3316482242401,0.0,6.243610484292185,479,True
esophagus_gastroesophageal_junction,excluded_at_or_below_-1,ENSG00000290668.1,ENSG00000290668,,,,,,,,,,,,,,,,,,,,,4,False
esophagus_gastroesophageal_junction,raw,ENSG00000290668.1,ENSG00000290668,0.10256410256408828,443.0759375306982,-0.9983139258252672,0.000697833672419414,3.589743592536636,306.6068112738528,0.0,3.4169588819168197,0.002977768220831003,-1.0,-0.8470209649933782,-0.9988675564274038,0.011573259008287796,10.578055172563388,114.92515585778473,-1.0,-0.8470209649933782,433.7716960738192,0.0,1.2916715716645821,403,True
esophagus_mucosa,excluded_at_or_below_-1,ENSG00000290668.1,ENSG00000290668,,,,,,,,,,,,,,,,,,,,,3,False
esophagus_mucosa,raw,ENSG00000290668.1,ENSG00000290668,0.07894736842090726,649.8716395037832,-0.9988336941913308,0.0007249402398693307,2.769406034986084,207.87019770874332,0.0,2.275229600707262,0.0762422557438563,-1.0,-0.89227731897471,-0.999590707850261,0.005965928036641487,15.109394306544452,235.38303819802078,-1.0,-0.89227731897471,640.5194132506161,0.0,48.8346449139582,614,True
esophagus_muscularis,excluded_at_or_below_-1,ENSG00000290668.1,ENSG00000290668,0.09938491202295605,692205527208.2911,-2.1616716749865037,0.24056706736598457,7.456963579752893,8.777224752602235,0.0,-7.316590639614863,1.0,-0.9170712835604702,-0.6686077739428262,-0.8534215709640016,0.07920088898343271,1.5113657793763007,1.0312476241857524,-0.9170712835604702,-0.6686077739428262,1.6436043393164128,0.0,1.6436043393163544,10,True
esophagus_muscularis,raw,ENSG00000290668.1,ENSG00000290668,-0.24248688213364347,511.2171245587441,-0.9959069516803585,0.004229835604545137,1734.6043341448485,109.43000612425833,0.0,1.3684797675979958,0.3931144060898862,-1.0,-0.6686077739428262,-0.9973871937783244,0.021854942870754988,10.379659687123496,124.75796606975452,-1.0,-0.6686077739428262,509.83164527594937,0.0,200.4221644384838,561,True
fallopian_tube,excluded_at_or_below_-1,ENSG00000290668.1,ENSG00000290668,,,,,,,,,,,,,,,,,,,,,0,False
fallopian_tube,raw,ENSG00000290668.1,ENSG00000290668,0.0,29.0,-0.9875,1.0001e-06,0.0,-17675.90193946968,0.0,,,-1.0,-1.0,-1.0,0.0,,,,-1.0,2.368398264137555e-188,0.0,,29,True
heart_atrial_appendage,excluded_at_or_below_-1,ENSG00000290668.1,ENSG00000290668,0.1583596724240704,0.6570121430814236,-0.9750771277062892,0.05206303810362255,11.709689848189472,3.2413414718230458,0.0,-0.45374474129002423,1.0,-0.9583729110422514,-0.8557499701649625,-0.9211967490015812,0.03181421242560165,0.8945932688350029,-0.1861183357216234,-0.9583729110422514,-0.8557499701649625,0.5893058186585612,0.0,0.5893058186585612,14,True
heart_atrial_appendage,raw,ENSG00000290668.1,ENSG00000290668,0.3589743589743589,569.2353637282984,-0.9983439054370069,0.00029855025686781767,12.974358995577308,675.4583944744693,0.0,7.844814525128406,4.373152512775891e-14,-1.0,-0.8557499701649625,-0.9976068427028679,0.014555513415135685,6.786610091560399,49.579099930779655,-1.0,-0.8557499701649625,563.6552712859051,0.0,2.4649504659635113e-11,461,True
heart_left_ventricle,excluded_at_or_below_-1,ENSG00000290668.1,ENSG00000290668,,,,,,,,,,,,,,,,,,,,,3,False
heart_left_ventricle,raw,ENSG00000290668.1,ENSG00000290668,0.07693446740248788,460.340615083502,-0.9989929306269898,0.0003962410261877336,2.769230774293452,301.8798038225631,0.0,3.5943051613412456,0.0015660247214641582,-1.0,-0.9144108233451994,-0.9995983714245872,0.005201052681335086,13.925759930224778,202.41929497983932,-1.0,-0.9144108233451994,460.2025790528125,0.0,0.7206886156782679,452,True
kidney_cortex,excluded_at_or_below_-1,ENSG00000290668.1,ENSG00000290668,,,,,,,,,,,,,,,,,,,,,2,False
kidney_cortex,raw,ENSG00000290668.1,ENSG00000290668,0.05128194325921372,116.0227348502861,-0.9992942352535785,0.0003627835032090171,1.8974358979210817,258.0321977844862,0.0,2.7512333593052367,0.022937648321180792,-1.0,-0.9331020934557742,-0.9989294135647392,0.007840223241518916,7.4233492405198005,54.89742346682879,-1.0,-0.9331020934557742,114.90656848411376,0.0,2.635686457682117,104,True
kidney_medulla,excluded_at_or_below_-1,ENSG00000290668.1,ENSG00000290668,,,,,,,,,,,,,,,,,,,,,0,False
kidney_medulla,raw,ENSG00000290668.1,ENSG00000290668,0.0,11.0,-0.9875,1.0001e-06,0.0,-17675.90193946968,0.0,,,-1.0,-1.0,-1.0,0.0,,,,-1.0,8.983579622590726e-189,0.0,,11,True
liver,excluded_at_or_below_-1,ENSG00000290668.1,ENSG00000290668,,,,,,,,,,,,,,,,,,,,,1,False
liver,raw,ENSG00000290668.1,ENSG00000290668,0.02564102564102357,281.5461025711263,-0.9992900723437854,0.0002755531776046663,0.9743589748024672,319.0036474909808,0.0,3.6435410705481384,0.001320643306470495,-1.0,-0.9371336406192052,-0.9997600520634321,0.003883896653228421,16.093595975344513,257.0038314176249,-1.0,-0.9371336406192052,279.28611277394623,0.0,0.36883733542507446,262,True
lung,excluded_at_or_below_-1,ENSG00000290668.1,ENSG00000290668,,,,,,,,,,,,,,,,,,,,,9,False
lung,raw,ENSG00000290668.1,ENSG00000290668,0.23075108715275494,843.0083094775529,-0.9986705992953764,0.00041389481403885194,6.923076935915365,425.66419468310784,0.0,4.542353377084899,3.399429164807575e-05,-1.0,-0.8740923832544224,-0.9985812177414795,0.011883618915205797,8.6194108639379,74.85382668999509,-1.0,-0.8740923832544224,820.4128211280961,0.0,0.02788935271324891,604,True
minor_salivary_gland,excluded_at_or_below_-1,ENSG00000290668.1,ENSG00000290668,,,,,,,,,,,,,,,,,,,,,3,False
minor_salivary_gland,raw,ENSG00000290668.1,ENSG00000290668,0.07692307692307691,185.7550431670163,-0.9975639490433522,0.0006277574724184334,2.76923076923077,457.0291259895714,0.0,5.487941526607737,2.8944086142635226e-07,-1.0,-0.7946925747430054,-0.9978787065061003,0.017910774180439806,9.531534790864976,96.9198475244885,-1.0,-0.7946925747430054,185.1178358609522,0.0,5.3580665876976075e-05,181,True
muscle_skeletal,excluded_at_or_below_-1,ENSG00000290668.1,ENSG00000290668,,,,,,,,,,,,,,,,,,,,,6,False
muscle_skeletal,raw,ENSG00000290668.1,ENSG00000290668,0.15789472692471254,810.7911935143068,-0.9982525614027541,0.0011827376839036476,10.252280929437417,165.4086806058186,0.0,2.089433183090292,0.11370475510853507,-1.0,-0.8599176698401232,-0.9992572176543523,0.008960630623375442,12.822372880635792,172.2409190379154,-1.0,-0.8599176698401232,803.755483004727,0.0,91.39082036219314,818,True
nerve_tibial,excluded_at_or_below_-1,ENSG00000290668.1,ENSG00000290668,0.203749133658478,2.73096490089807,-0.8962680581562124,0.013815785065916023,13.98142580182687,30.11597859932421,0.0,4.765450892629078,1.1714130895831983e-05,-0.942822869272761,-0.6020579767030254,-0.8615166405388465,0.0889032354430849,1.8552580041938282,2.7113092787112967,-0.942822869272761,-0.6020579767030254,2.730838107934262,0.0,3.198939505166809e-05,16,True
nerve_tibial,raw,ENSG00000290668.1,ENSG00000290668,0.4102567536847596,665.4797877852238,-0.9952405207319038,0.0015997235237339446,25.435897454744083,347.5876162376631,0.0,4.207552136924631,0.00014379832412795385,-1.0,-0.6020579767030254,-0.9966929346994351,0.02499839924446487,10.19873473967268,125.78061846864259,-1.0,-0.6020579767030254,662.3933344964639,0.0,0.09525105141411866,670,True
ovary,excluded_at_or_below_-1,ENSG00000290668.1,ENSG00000290668,,,,,,,,,,,,,,,,,,,,,7,False
ovary,raw,ENSG00000290668.1,ENSG00000290668,0.1794871793360585,207.16507484939115,-0.9975692764499202,0.0010922632400877088,5.743589747195351,285.9351233780763,0.0,3.147192073063356,0.0072575471173256904,-1.0,-0.7767282149402713,-0.9951896335171461,0.026122426267988406,5.84591200224936,36.01819647981932,-1.0,-0.7767282149402713,201.7078444724446,0.0,1.4639041851929684,193,True
pancreas,excluded_at_or_below_-1,ENSG00000290668.1,ENSG00000290668,1.5780433409675045,22.462529718748627,-0.9314693886802482,0.0529312973012778,295.32346345745646,14.298611120084411,0.0,0.831693983922393,0.7076145829923716,-0.9625980970295084,-0.396299838387903,-0.8701466842245736,0.09396200648483134,2.10760293460723,5.657154168882428,-0.9625980970295084,-0.396299838387903,22.46249077711447,0.0,15.894786044217849,182,True
pancreas,raw,ENSG00000290668.1,ENSG00000290668,4.666666691339113,254.35149691968977,-0.991004865800333,0.002375445583863612,2136.6666666667893,354.05564374587277,0.0,5.355222980879535,5.929256812444215e-07,-1.0,-0.396299838387903,-0.9347146312952277,0.09302514040155403,2.150335346729452,6.250474374576953,-1.0,-0.396299838387903,254.09477862169445,0.0,0.00015065931971491864,362,True
pituitary,excluded_at_or_below_-1,ENSG00000290668.1,ENSG00000290668,0.1222752004377206,0.6705238570618797,-0.9110663378875273,0.036251093568804654,10.792262878054746,4.706097157235181,0.0,1.2863346915548088,0.43721086694538114,-0.9440394619651272,-0.7904330948400318,-0.8922117984358268,0.04113072041427659,1.163592687715562,0.7604730998994946,-0.9440394619651272,-0.7904330948400318,0.6705075704547215,0.0,0.29315319617195,15,True
pituitary,raw,ENSG00000290668.1,ENSG00000290668,0.3846051908485816,334.76239923581306,-0.9976910774632101,0.0009058408277910487,13.230769234821848,323.5745629290595,0.0,3.6047277466618732,0.001544417822652759,-1.0,-0.7904330948400318,-0.9948344312349439,0.02465186720597001,5.262196300636682,29.653950454123553,-1.0,-0.7904330948400318,326.84897493376906,0.0,0.5047913822035157,313,True
prostate,excluded_at_or_below_-1,ENSG00000290668.1,ENSG00000290668,,,,,,,,,,,,,,,,,,,,,3,False
prostate,raw,ENSG00000290668.1,ENSG00000290668,0.07692307685672548,308.43102083774426,-0.9982780263718565,0.0007535726667006075,4.769230784799303,291.1732631653716,0.0,3.231590749743944,0.005517796131628073,-1.0,-0.8431245062576435,-0.9988608812387887,0.011590655175217245,11.08395501262935,130.47239357324293,-1.0,-0.8431245062576435,301.7761707184844,0.0,1.6651393874080582,282,True
skin_not_sun_exposed_suprapubic,excluded_at_or_below_-1,ENSG00000290668.1,ENSG00000290668,,,,,,,,,,,,,,,,,,,,,5,False
skin_not_sun_exposed_suprapubic,raw,ENSG00000290668.1,ENSG00000290668,-0.03425411094667979,639.2463456841199,-0.9985409856381969,0.0015842801415929797,218.76186803346664,108.65954555163752,0.0,1.3023945980188818,0.4282855651649518,-1.0,-0.8768145612903009,-0.9993255590167753,0.007883842491109544,12.231084911204814,155.1565737027686,-1.0,-0.8768145612903009,639.1499885300788,0.0,273.73871406277675,651,True
skin_sun_exposed_lower_leg,excluded_at_or_below_-1,ENSG00000290668.1,ENSG00000290668,0.20512821022869554,1.8071795879747352,-0.7884459947557506,0.0008027568276083789,6.358974358976694,3.4639067087790725,0.0024972383170859314,283.0013461995465,0.0,-0.9490874062995692,-0.786479760776206,-0.8710122575471194,0.054339769888597345,0.29487542667220024,-0.7937822320401757,-0.9490874062995692,-0.786479760776206,1.7950132052269359,0.004482575755767937,0.0,10,True
skin_sun_exposed_lower_leg,raw,ENSG00000290668.1,ENSG00000290668,0.2564102564102564,833.6157506499139,-0.9976309417008788,0.0008880626484105268,9.435897435897438,336.25202490976415,0.0,3.772655434463217,0.0008281802541015238,-1.0,-0.786479760776206,-0.9982892872353728,0.015915908775954474,10.272489140051901,112.4017201226487,-1.0,-0.786479760776206,816.958077687396,0.0,0.6765885483694393,754,True
small_intestine_terminal_ileum,excluded_at_or_below_-1,ENSG00000290668.1,ENSG00000290668,,,,,,,,,,,,,,,,,,,,,1,False
small_intestine_terminal_ileum,raw,ENSG00000290668.1,ENSG00000290668,-0.1738720042640942,195.68788877118877,-0.9984579980694229,0.0018170977969992827,167.06676074547113,99.55396669446024,0.0,1.2001115443698447,0.4868123459954884,-1.0,-0.8705428808791388,-0.9993746032892713,0.008997891779667769,14.283026792978184,202.0048543689326,-1.0,-0.8705428808791388,195.63754420469493,0.0,95.23877185908343,207,True
spleen,excluded_at_or_below_-1,ENSG00000290668.1,ENSG00000290668,,,,,,,,,,,,,,,,,,,,,5,False
spleen,raw,ENSG00000290668.1,ENSG00000290668,0.12820512820470922,322.49501684042366,-0.998222583783996,0.0004914363536519118,6.358974362975907,357.3254278666324,0.0,5.114896567939402,2.164187382252378e-06,-1.0,-0.8740527200448729,-0.9982313230452492,0.01349627318296985,7.840981395462731,61.4910257294744,-1.0,-0.8740527200448729,310.58879792359045,0.0,0.0006721723575351668,277,True
stomach,excluded_at_or_below_-1,ENSG00000290668.1,ENSG00000290668,,,,,,,,,,,,,,,,,,,,,6,False
stomach,raw,ENSG00000290668.1,ENSG00000290668,0.15384615380953115,440.66607865197557,-0.9979620243719836,0.0009659622083762271,7.076923077365386,270.5294623419756,0.0,2.98369102635143,0.011931160040832335,-1.0,-0.8131800057098355,-0.9982716170210362,0.014772626741600844,9.22780480704166,90.7197519156617,-1.0,-0.8131800057098355,430.8168842585982,0.0,5.14014519438207,407,True
testis,excluded_at_or_below_-1,ENSG00000290668.1,ENSG00000290668,2.0486738463231697,14.81175424790858,-0.9003477391297259,0.04287745070301478,329.40544860838986,15.471562465633125,0.0,2.1144268843462504,0.10694930375748368,-0.96445491283449,-0.4312664245610665,-0.8303885208108984,0.10563022369724183,1.6762851386094144,2.918665338599448,-0.96445491283449,-0.4312664245610665,14.811751712629235,0.0,1.5841065330944133,165,True
testis,raw,ENSG00000290668.1,ENSG00000290668,4.230769233854324,295.35108979936183,-0.9941440645537539,0.002891529422976297,1172.9230769273395,275.2969366691948,0.0,2.8640702261775153,0.016598857121075193,-1.0,-0.4312664245610665,-0.9324012220623146,0.10650497257423852,1.9690653846357054,4.342509302854042,-1.0,-0.4312664245610665,294.4582088188188,0.0,4.887669736311316,414,True
thyroid,excluded_at_or_below_-1,ENSG00000290668.1,ENSG00000290668,0.04816634326360824,1.1191772685391406,-0.9030207603328128,0.04593723028693077,18.546811887175792,4.947871256315062,0.0,1.123983803268653,0.5317013352896439,-0.9395305946204228,-0.7423013984352871,-0.887390469489076,0.04447973777790441,1.9679276901194236,4.380882217250153,-0.9395305946204228,-0.7423013984352871,1.1191710778461357,0.0,0.5950647565083403,18,True
thyroid,raw,ENSG00000290668.1,ENSG00000290668,0.4615384615384614,733.7424628652124,-0.9964749056891545,0.0009728289410274068,23.692307692307693,369.49519694051634,0.0,5.1244735562422425,1.999188545704681e-06,-1.0,-0.7423013984352871,-0.9970365913023442,0.019355772502900256,7.6042004207188105,67.47745107999819,-1.0,-0.7423013984352871,728.3725571218749,0.0,0.0014561540732036526,684,True
uterus,excluded_at_or_below_-1,ENSG00000290668.1,ENSG00000290668,,,,,,,,,,-0.8808071937658697,-0.8524966130918888,,,,,,,,,,3,False
uterus,raw,ENSG00000290668.1,ENSG00000290668,0.07692307692307691,167.47829656549766,-0.9982094325864124,0.0001599482857353398,2.769230769230771,1288.3479469217466,0.0,15.831646516234485,0.0,-1.0,-0.8524966130918888,-0.9974189208138405,0.018385925073142288,7.0193548808212345,47.7134851980974,-1.0,-0.8524966130918888,140.65663061514272,0.0,0.0,153,True
vagina,excluded_at_or_below_-1,ENSG00000290668.1,ENSG00000290668,,,,,,,,,,,,,,,,,,,,,0,False
vagina,raw,ENSG00000290668.1,ENSG00000290668,0.0,170.0,-0.9875,1.0001e-06,0.0,-17675.90193946968,0.0,,,-1.0,-1.0,-1.0,0.0,,,,-1.0,1.3883713962185667e-187,0.0,,170,True
whole_blood,excluded_at_or_below_-1,ENSG00000290668.1,ENSG00000290668,,,,,,,,,,,,,,,,,,,,,3,False
whole_blood,raw,ENSG00000290668.1,ENSG00000290668,0.07692307692307691,801.1157097221419,-0.9982524142596974,0.0003922602750021099,2.769230769230771,502.1111436237255,0.0,6.300560145512058,2.558048763939537e-09,-1.0,-0.8589818963409155,-0.99955503143423,0.0073440997564821996,16.760050374378427,284.1997593444498,-1.0,-0.8589818963409155,751.0688987821816,0.0,1.921270868163183e-06,803,True
adipose_subcutaneous,excluded_at_or_below_-1,ENSG00000290670.1,ENSG00000290670,0.7420098395167736,9.410597629707805,-0.7636180502374365,0.07229861117944349,57.35325567417574,16.563974173061798,0.0,2.4331427094036697,0.05181621229215901,-0.8880072113738111,0.0831793219465837,-0.6689594618352414,0.19429064311852554,1.9257504769363947,3.566527915319237,-0.8880072113738111,0.0831793219465837,9.410225710562095,0.0,0.48760225313561834,79,True
adipose_subcutaneous,raw,ENSG00000290670.1,ENSG00000290670,2.025641002460041,644.7551231820349,-0.9857315100718005,0.00536647600674561,336.97435906264855,281.68731094814467,0.0,3.7601383003817457,0.0008519705805481294,-1.0,0.0831793219465837,-0.9633722653851318,0.12218185853473452,4.370708340950861,23.06437952171655,-1.0,0.0831793219465837,643.8779138289198,0.0,0.548565040046944,714,True
adipose_visceral_omentum,excluded_at_or_below_-1,ENSG00000290670.1,ENSG00000290670,0.7054610307509177,4.612039113780676,-0.7446263804278179,0.1791455085571851,67.62685820998108,4.684053260786536,0.0,1.2823762321267413,0.4394360383065946,-0.9070713946592572,-0.1512739152566714,-0.662915054190689,0.16500699585637058,1.0316800163105813,0.7368393360356147,-0.9070713946592572,-0.1512739152566714,4.611944785862859,0.0,2.0266547455883304,98,True
adipose_visceral_omentum,raw,ENSG00000290670.1,ENSG00000290670,3.9523754196293486,469.43658965940205,-0.9894165096181318,0.008799144854049383,569.214525518168,134.70770669300504,0.0,1.7009966176878446,0.23669558497006338,-1.0,-0.1512739152566714,-0.943723467309519,0.1426071553078466,2.8002729103831663,7.879092680331185,-1.0,-0.1512739152566714,466.76172312383335,0.0,110.48043909643049,587,True
adrenal_gland,excluded_at_or_below_-1,ENSG00000290670.1,ENSG00000290670,0.44019087828606274,1.092025688344286,-0.8265121799165622,0.07232314689213276,29.982823563639723,7.48124580936642,0.0,1.5410823018152557,0.30499613844728807,-0.9053234179448726,-0.4439198657125942,-0.7429148583189515,0.1201384618163464,0.6665919100076095,-0.48369004045674924,-0.9053234179448726,-0.4439198657125942,1.0920134935398693,0.0,0.33305989866199265,29,True
adrenal_gland,raw,ENSG00000290670.1,ENSG00000290670,1.3680189206164874,263.0665853732033,-0.9930571549169355,0.005086955041619323,45.524391814028476,152.6644909663607,0.0,1.9301656094054145,0.1564314620888428,-1.0,-0.4439198657125942,-0.9747272233601683,0.08516492456923809,3.6945042243739974,13.725716404206963,-1.0,-0.4439198657125942,261.06641627643126,0.0,40.83900120041675,295,True
artery_aorta,excluded_at_or_below_-1,ENSG00000290670.1,ENSG00000290670,1.176995972236244,14.052455628194538,-0.7341750175393552,0.0729682379231801,144.97754886976077,23.778917354726318,0.0,2.7848174221650805,0.02070120730250739,-0.8778613925251652,0.4927299883663609,-0.6167313712876815,0.21328523418507478,2.6468455847267824,9.676131197995671,-0.8778613925251652,0.4927299883663609,14.051882569804361,0.0,0.29089093406801037,100,True
artery_aorta,raw,ENSG00000290670.1,ENSG00000290670,2.5641025941799853,394.0271085485553,-0.9830156249912212,0.0065972668487136316,661.5897435901904,316.34607313630676,0.0,3.640830973894774,0.00132948199257333,-1.0,0.4927299883663609,-0.9187990193406106,0.184775492659131,3.0886903891380233,13.32106084813947,-1.0,0.4927299883663609,392.1170969926372,0.0,0.5213126194318409,472,True
artery_coronary,excluded_at_or_below_-1,ENSG00000290670.1,ENSG00000290670,0.9098821675163831,5.6949523752078886,-0.7473623956158647,0.07146386741458989,60.45092530448821,17.023127338710715,0.0,2.9055864285189634,0.014681682432131473,-0.8941891895414418,0.1128602379967793,-0.6101109256592896,0.20136242059221668,1.3851010770489245,1.9161523169150527,-0.8941891895414418,0.1128602379967793,5.694601625193455,0.0,0.08360633263859008,65,True
artery_coronary,raw,ENSG00000290670.1,ENSG00000290670,,,,,,,,,,,,,,,,,,,,,268,False
artery_tibial,excluded_at_or_below_-1,ENSG00000290670.1,ENSG00000290670,2.1691807361741375,19.475348448924542,-0.7362956725446281,0.08423275572249479,452.90485244125,17.23578823690869,0.0,2.141212563150119,0.10102608796764131,-0.8638296176152089,0.2902946380503164,-0.6125606319439394,0.1908250528335503,1.6613213186024336,3.6927636730701314,-0.8638296176152089,0.2902946380503164,19.474976054384793,0.0,1.9674806440379862,186,True
artery_tibial,raw,ENSG00000290670.1,ENSG00000290670,4.892190500004146,489.85501966225183,-0.9838798429156238,0.011269864937524694,1975.9768583497735,159.89143097996276,0.0,2.022858739007828,0.13036242445570478,-1.0,0.2902946380503164,-0.89571096605148,0.19833178992368036,2.13826318672557,5.011832589297713,-1.0,0.2902946380503164,485.6885413895124,0.0,63.315535785891754,691,True
bladder,excluded_at_or_below_-1,ENSG00000290670.1,ENSG00000290670,0.2368420955484815,16.174169801125686,-0.8254960158137399,0.006000215808647028,14.868422029624679,146.63518357413514,0.0,3.759876448200445,0.0008516663186197495,-0.8414483943676517,-0.2033532433254173,-0.6928690553534852,0.18162379663002043,1.5445808815999558,1.553939598692459,-0.8414483943676517,-0.2033532433254173,16.173851169789266,0.0,0.013774724283678152,15,True
bladder,raw,ENSG00000290670.1,ENSG00000290670,,,,,,,,,,,,,,,,,,,,,77,False
brain_amygdala,excluded_at_or_below_-1,ENSG00000290670.1,ENSG00000290670,0.29823047149755977,5.140427942136724,-0.8373241180535583,0.21421704722203466,79.9034267371776,5.0850553266652545,0.0,0.5118089848586992,0.8772420149619847,-0.9148500394527006,-0.0670687860292913,-0.722270571953921,0.15571409909419326,1.5507051915315135,3.1298916405440496,-0.9148500394527006,-0.0670687860292913,5.140404203155771,0.0,4.509378540895424,76,True
brain_amygdala,raw,ENSG00000290670.1,ENSG00000290670,1.9487179487179487,110.53382856431298,-0.9892896961658869,0.0035932765062055816,253.89743589756537,362.96046696291035,0.0,4.215277313944959,0.00013894610890282776,-1.0,-0.0670687860292913,-0.8833843285552375,0.1702810493969026,1.654679666661423,2.991454795861456,-1.0,-0.0670687860292913,110.2184828895764,0.0,0.01531442932667959,181,True
brain_anterior_cingulate_cortex_ba24,excluded_at_or_below_-1,ENSG00000290670.1,ENSG00000290670,0.8853478972215311,9.555299508430059,-0.7886336425470308,0.22626952123188016,134.13988680299008,6.157762778960102,0.0,0.8434862550248531,0.7006599068571098,-0.923588670675798,0.1965881605282904,-0.6565728018919985,0.21200285543542688,1.3135622818741575,1.5733600906919936,-0.923588670675798,0.1965881605282904,9.555281586560804,0.0,6.695002706433151,145,True
brain_anterior_cingulate_cortex_ba24,raw,ENSG00000290670.1,ENSG00000290670,3.7179486942714477,138.9698465440935,-0.99021729151551,0.007317406753704418,763.8974360039946,229.3703797904894,0.0,1.8906751368583323,0.16753927275048502,-1.0,0.1965881605282904,-0.7862792114778533,0.23608784456619697,1.238182907256639,1.3628260073705931,-1.0,0.1965881605282904,138.86027791265636,0.0,23.264549975416685,233,True
brain_caudate_basal_ganglia,excluded_at_or_below_-1,ENSG00000290670.1,ENSG00000290670,0.5802914524393853,14.648751050954807,-0.8794600758999802,0.2677033297844038,311.3679890239255,6.176670908808448,0.0,0.24903974126617584,0.969468079674221,-0.9266020138359518,0.2897518545073552,-0.7101845982605866,0.1892758856709118,1.8409071993626023,5.144862334178292,-0.9266020138359518,0.2897518545073552,14.648711904299443,0.0,14.201458599562082,160,True
brain_caudate_basal_ganglia,raw,ENSG00000290670.1,ENSG00000290670,4.1025640807377375,207.55953130743526,-0.9865971170528393,0.004178071205240932,1457.5897435897439,432.02471600703376,0.0,4.536672044985187,3.440576858066028e-05,-1.0,0.2897518545073552,-0.8454317857389795,0.20006443158006568,1.743954124808465,4.290710568348239,-1.0,0.2897518545073552,204.794674797278,0.0,0.007046118187626682,300,True
brain_cerebellar_hemisphere,excluded_at_or_below_-1,ENSG00000290670.1,ENSG00000290670,0.9103613857804032,9.826824807231668,-0.7391914061636933,0.20370705096638458,214.57286025062513,7.96085036132348,0.0,1.0012239122573947,0.6057887645433964,-0.8834103388266885,0.4075104735500401,-0.5959252882851834,0.24080783805229908,1.4928351610977,2.331079529981621,-0.8834103388266885,0.4075104735500401,9.826817592392707,0.0,5.952975688688891,129,True
brain_cerebellar_hemisphere,raw,ENSG00000290670.1,ENSG00000290670,3.307692295643418,208.597553235244,-0.9791826482636669,0.005329708372543055,702.3076923077278,367.95263129616734,0.0,5.523788376467293,2.3769619853565336e-07,-1.0,0.4075104735500401,-0.8118208021255908,0.2601296253134702,1.6037477335479653,2.649443129531279,-1.0,0.4075104735500401,207.79671175406034,0.0,4.939248845214905e-05,277,True
brain_cerebellum,excluded_at_or_below_-1,ENSG00000290670.1,ENSG00000290670,1.2220304457290914,8.148400407989644,-0.7124418542468608,0.1251858765152879,70.92514185725473,10.487629640222679,0.0,1.8632796240258163,0.17624556957916343,-0.8773789607297999,0.2159208372237941,-0.5843212184707084,0.22053380653461113,1.2472329020132875,1.3179294280602845,-0.8773789607297999,0.2159208372237941,8.148168150030422,0.0,1.4360785366289102,113,True
brain_cerebellum,raw,ENSG00000290670.1,ENSG00000290670,2.8974358861675964,173.5135767453856,-0.9871516986394152,0.006174605458099569,441.58974359035415,275.5482124780168,0.0,2.942737339397289,0.01332491502349658,-1.0,0.2159208372237941,-0.8234146529593611,0.2508684051796697,1.460891504289188,1.7306836279098006,-1.0,0.2159208372237941,171.4898378433642,0.0,2.2850875166560356,266,True
brain_cortex,excluded_at_or_below_-1,ENSG00000290670.1,ENSG00000290670,2.494041156984947,13.497150149581762,-0.8240705109798305,0.02235342119712487,243.0080516314824,42.12331031593626,0.0,4.161311048747804,0.00017369816692206362,-0.8898452575102054,-0.158258696723656,-0.6964148488765041,0.16017200565204565,1.1802164646981474,0.9993559236959109,-0.8898452575102054,-0.158258696723656,13.496294669055334,0.0,0.002344281644254931,129,True
brain_cortex,raw,ENSG00000290670.1,ENSG00000290670,3.307692321518311,206.66086078993638,-0.9914287207973119,0.003060900992802878,520.3076923076924,384.9455930061713,0.0,3.960147461100422,0.0003939456745350403,-1.0,-0.158258696723656,-0.8549537611298853,0.1878525367986581,1.271968000780063,1.0917804842821441,-1.0,-0.158258696723656,206.23012960366665,0.0,0.08124346751616551,270,True
brain_frontal_cortex_ba9,excluded_at_or_below_-1,ENSG00000290670.1,ENSG00000290670,1.1816295242771204,8.136738447784413,-0.7615476831416248,0.15310716874537003,182.6294635983241,6.9923479682641485,0.0,1.532953331724456,0.30883000645767766,-0.9275099894606712,-0.0045342950739136,-0.6594240408625223,0.19093749045577535,1.2562730209386972,1.3517724320471585,-0.9275099894606712,-0.0045342950739136,8.136667948786739,0.0,2.5128472151677874,137,True
brain_frontal_cortex_ba9,raw,ENSG00000290670.1,ENSG00000290670,3.5128205010960234,211.16277605093364,-0.9910652977731762,0.004977890465774931,563.7435897436455,280.2724433796142,0.0,2.53833971474749,0.04052627609700626,-1.0,-0.0045342950739136,-0.8265468163500579,0.21816684508307296,1.3037453222026933,1.3483863983218098,-1.0,-0.0045342950739136,207.856877835888,0.0,8.423665219838897,269,True
brain_hippocampus,excluded_at_or_below_-1,ENSG00000290670.1,ENSG00000290670,1.5261873521061573,11.149362989733104,-0.842621279762694,0.044361942978100685,114.40671474510984,24.070824619835715,0.0,2.3588026481475426,0.06192884811480116,-0.9166136889417736,-0.0875524714639219,-0.7129137412923002,0.16061488860380244,1.0773499543100782,0.9226803072007557,-0.9166136889417736,-0.0875524714639219,11.147068659550193,0.0,0.6903251219425441,103,True
brain_hippocampus,raw,ENSG00000290670.1,ENSG00000290670,2.641025631061874,218.72100056054657,-0.9893655192799232,0.001248537278228017,480.97435906624156,1021.4803075455234,0.0,12.045637022927059,0.0,-1.0,-0.0875524714639219,-0.8840396680513998,0.17401559396322336,1.559430803526757,1.965533841225695,-1.0,-0.0875524714639219,218.6069670074289,0.0,0.0,255,True
brain_hypothalamus,excluded_at_or_below_-1,ENSG00000290670.1,ENSG00000290670,2.1566438626205793,12.057617760348904,-0.8124421365227441,0.09125096698276138,233.11436250790595,14.6192324848565,0.0,1.3034785357563055,0.42761685088362344,-0.8965480169878172,0.1308518158775049,-0.6393676189713385,0.2172623096802025,1.1729148338253665,0.8670473774397278,-0.8965480169878172,0.1308518158775049,12.057612285777466,0.0,5.15603819481985,155,True
brain_hypothalamus,raw,ENSG00000290670.1,ENSG00000290670,3.974358991318516,102.3068154057791,-0.9848218246523921,0.005042019871883957,864.9743592913499,312.93030049681227,0.0,4.257258395263716,0.00011600197052496893,-1.0,0.1308518158775049,-0.7824979803134533,0.24422991211098383,1.174805693302429,0.9263520822642,-1.0,0.1308518158775049,102.28419354235201,0.0,0.011865168004470128,257,True
brain_nucleus_accumbens_basal_ganglia,excluded_at_or_below_-1,ENSG00000290670.1,ENSG00000290670,0.9491176693310709,13.151625322171489,-0.7615192493612472,0.19774579089562433,210.0982006759588,6.551110565651271,0.0,1.2329967662485752,0.46760127595692336,-0.93392596868618,0.1545054406265775,-0.6682148017799798,0.2053323169676578,1.5625676902101264,2.6771795801698106,-0.93392596868618,0.1545054406265775,13.15160963014939,0.0,6.149709443945215,189,True
brain_nucleus_accumbens_basal_ganglia,raw,ENSG00000290670.1,ENSG00000290670,4.846153822476928,163.4717285012187,-0.9899625886928015,0.005749215856368554,1255.076923276824,281.5205150060588,0.0,2.4690398754176046,0.04768077960963208,-1.0,0.1545054406265775,-0.7799740264435656,0.22931670112304284,1.297322877407019,1.944519827813754,-1.0,0.1545054406265775,162.68047702168423,0.0,7.756731971660762,285,True
brain_putamen_basal_ganglia,excluded_at_or_below_-1,ENSG00000290670.1,ENSG00000290670,0.6540079635392791,11.739274969623251,-0.940683646396196,0.19515406308439756,92.55625038165887,6.196698495038301,0.0,-0.22739942704787686,1.0,-0.909303716722074,-0.0855717162104651,-0.7469337556661698,0.15717735086535087,1.5943367146947076,2.543585180325233,-0.909303716722074,-0.0855717162104651,11.439643247430448,0.0,11.43964324743045,107,True
brain_putamen_basal_ganglia,raw,ENSG00000290670.1,ENSG00000290670,2.7435897405400134,170.78937649175055,-0.9909035801759396,0.005680012337430247,591.4359002370946,225.41017948699326,0.0,2.264833158803642,0.07694910169557145,-1.0,-0.0855717162104651,-0.8933933537648825,0.16132536768028088,1.8504807513620025,3.697270553641423,-1.0,-0.0855717162104651,170.768280871115,0.0,13.14046581112934,254,True
brain_spinal_cord_cervical_c-1,excluded_at_or_below_-1,ENSG00000290670.1,ENSG00000290670,0.42826550860004403,3.9358384275271368,-0.8498497894184794,0.19912805256689484,55.60304466670696,4.443083656163071,0.0,0.22825032472768528,0.9742880494606793,-0.8819885298959198,-0.2242423002929153,-0.7070055984308706,0.15021095714636998,1.290354990692474,1.2384868315525672,-0.8819885298959198,-0.2242423002929153,3.9356264202922175,0.0,3.83443378843242,67,True
brain_spinal_cord_cervical_c-1,raw,ENSG00000290670.1,ENSG00000290670,1.7179487273978093,136.65165799829552,-0.9907121154197781,0.0040759789865502175,165.89743592375402,265.9366035199881,0.0,3.2225515348456346,0.005575097199485243,-1.0,-0.2242423002929153,-0.9037714465434723,0.16236880186282962,1.7925857320990881,2.868060651855874,-1.0,-0.2242423002929153,136.24590458634,0.0,0.7595841611006355,204,True
brain_substantia_nigra,excluded_at_or_below_-1,ENSG00000290670.1,ENSG00000290670,0.07873151215304804,2674164943073.784,-10.38899838158063,1.84481638035089,65.8313291002975,7.838351303239233,0.0,-7.28948549399768,1.0,-0.8799945073062616,-0.1640088440063963,-0.7106669010139208,0.15498537892966538,1.4138372437423095,2.0738910772157375,-0.8799945073062616,-0.1640088440063963,7.617849577738941,0.0,7.617849577738941,78,True
brain_substantia_nigra,raw,ENSG00000290670.1,ENSG00000290670,1.9999999922633371,114.83940606584322,-0.9910655192346033,0.004594136301613985,204.00000002108288,254.59296158627714,0.0,2.7503023510092697,0.023116914381997106,-1.0,-0.1640088440063963,-0.8766776955141301,0.17535058426639466,1.5162166516830746,2.1382591685098333,-1.0,-0.1640088440063963,113.14202381793298,0.0,2.6154944776050173,183,True
breast_mammary_tissue,excluded_at_or_below_-1,ENSG00000290670.1,ENSG00000290670,1.1619166772101135,6.736021878095561,-0.7376571658997598,0.12522252157733324,138.84342760806504,8.344162841963419,0.0,2.1015057533316517,0.1099063511865651,-0.9237364516194349,0.0011825251644452,-0.6118382276284173,0.21354655315448967,1.095282699332854,0.3338260602197236,-0.9237364516194349,0.0011825251644452,6.735775431790105,0.0,0.7403045001201605,110,True
breast_mammary_tissue,raw,ENSG00000290670.1,ENSG00000290670,2.820512836483062,552.8854977730992,-0.987501091401869,2.802722755206322e-05,357.7435897442465,49887.552268480926,,630.6769380418891,,-1.0,0.0011825251644452,-0.9169303599982994,0.18730359965588592,2.5533897493702162,6.377623209989423,-1.0,0.0011825251644452,0.0,0.0,0.0,514,True
cells_cultured_fibroblasts,excluded_at_or_below_-1,ENSG00000290670.1,ENSG00000290670,0.19997930561516292,21.863084034992227,-1.4392600036686671,0.4601833838861279,23.859379126734364,3.7388724862417306,0.0,-1.8530857612084888,1.0,-0.8362681367308572,-0.2226354156889748,-0.6787091501472317,0.14596503175473813,1.275658078699104,1.1078582669336505,-0.8362681367308572,-0.2226354156889748,3.9066990318977126,0.0,3.9066990318977126,45,True
cells_cultured_fibroblasts,raw,ENSG00000290670.1,ENSG00000290670,1.1800494364493292,603.8404309506122,-0.9902803907027334,0.006341171933517013,101.14417948602248,171.20083576568433,0.0,2.1676755390447653,0.09638796190780247,-1.0,-0.2226354156889748,-0.977825018031634,0.08990606460421098,4.6781269059287744,24.0870292751302,-1.0,-0.2226354156889748,597.811397981933,0.0,57.621822256732706,652,True
cells_ebv-transformed_lymphocytes,excluded_at_or_below_-1,ENSG00000290670.1,ENSG00000290670,0.06696622240530802,17.65210531411969,-1.3460201796969737,0.306512760779842,7.104232921702428,4.508370880884824,0.0,-2.2147323505368632,1.0,-0.8660051768622097,-0.3688882654755964,-0.749745289097861,0.1344847602652351,1.8757126414975074,3.008739017658147,-0.8660051768622097,-0.3688882654755964,1.5187490854247125,0.0,1.5187490854247152,13,True
cells_ebv-transformed_lymphocytes,raw,ENSG00000290670.1,ENSG00000290670,0.3333333347807004,324.3636201001046,-0.9926826524768122,0.003121105794551348,14.666666667213313,282.6493365810888,0.0,3.315585176880256,0.004102297023744479,-1.0,-0.3688882654755964,-0.990051035958019,0.05535227941380603,7.049565228646907,59.566377194614155,-1.0,-0.3688882654755964,324.2519544067118,0.0,1.3301778275059841,327,True
cervix_ectocervix,excluded_at_or_below_-1,ENSG00000290670.1,ENSG00000290670,0.28205128205128205,1.8570743339990212,-0.8719236310142207,0.0020709781457290007,7.897435897435898,438.4836891521817,0.0,27.761669308669134,0.0,-0.9125778942435542,-0.2298069368644399,-0.5633110917599682,0.24545941237852653,-0.04672725556258891,-1.5625813511084068,-0.9125778942435542,-0.2298069368644399,1.7954686815395888,0.0,0.0,12,True
cervix_ectocervix,raw,ENSG00000290670.1,ENSG00000290670,0.30769230769230527,12.495947008141632,-0.9912845424002645,0.003537125587770669,8.307692307692365,304.4539783702964,0.0,3.4846142818475143,0.002323291590661265,-1.0,-0.2298069368644399,-0.781655545879984,0.28028997173397535,0.8609227721853251,-0.8654893157487122,-1.0,-0.2298069368644399,12.41501113068205,0.0,0.028843690957879753,24,True
cervix_endocervix,excluded_at_or_below_-1,ENSG00000290670.1,ENSG00000290670,0.15163154076373847,0.9980353901770538,-0.9149345989654406,0.23294690250666447,11.821240442077634,5.546658263676824,0.0,-0.3596488579537406,1.0,-0.8556938381076539,-0.001298288181966,-0.5838718392960909,0.27800418378210306,1.094462599988921,-0.13877767727766788,-0.8556938381076539,-0.001298288181966,0.935531543708235,0.0,0.9355315437082349,13,True
cervix_endocervix,raw,ENSG00000290670.1,ENSG00000290670,0.3333333355135773,11.177841925737681,-0.9896636986869645,0.0056346768304253465,14.666666667322339,248.06387485599728,0.0,2.5942459419747252,0.03468071403109992,-1.0,-0.001298288181966,-0.7647971265586601,0.29435455627358587,1.3145673200728794,0.8752070946575086,-1.0,-0.001298288181966,11.138960899466475,0.0,0.38630711755799946,23,True
colon_sigmoid,excluded_at_or_below_-1,ENSG00000290670.1,ENSG00000290670,1.0532015682800695,11.217856541789716,-0.7484541314972785,0.09768315132558328,146.69076740865654,12.912720811581975,0.0,2.4007582144575146,0.056032846227197966,-0.9142803081077396,0.1434587270855345,-0.6541071651401864,0.17779359144569618,1.740317766661364,3.9480264257985302,-0.9142803081077396,0.1434587270855345,11.217825336899441,0.0,0.6285666821060516,115,True
colon_sigmoid,raw,ENSG00000290670.1,ENSG00000290670,3.105677644923319,283.72531083660533,-0.9857129158282536,0.011143054122269519,946.225667248804,143.30809436385906,0.0,1.813236118280165,0.1945570682013776,-1.0,0.1434587270855345,-0.9050652123893114,0.1802850737494474,2.1993995944370144,5.493273968214172,-1.0,0.1434587270855345,281.779174099433,0.0,54.82212999299124,419,True
colon_transverse,excluded_at_or_below_-1,ENSG00000290670.1,ENSG00000290670,0.6337275901592303,6.949788721415867,-0.8284960815937236,0.19196130155546454,70.09378534501283,5.510034094415054,0.0,0.48062522081966286,0.8909204217550704,-0.8937347735449642,-0.0805798230308919,-0.7015419252578932,0.16473098919856646,1.4185166591482017,1.9124071203842217,-0.8937347735449642,-0.0805798230308919,6.9497858076191985,0.0,6.191706102831499,105,True
colon_transverse,raw,ENSG00000290670.1,ENSG00000290670,2.763347000190075,353.0627885691914,-0.9885158426557296,0.009354336173491669,744.1444620988769,137.26419586663292,0.0,1.7362056235179868,0.22291776387566442,-1.0,-0.0805798230308919,-0.9345759961421269,0.14554054195637528,2.6176476712914063,7.37492956641206,-1.0,-0.0805798230308919,350.8621026194804,0.0,78.21339534464846,479,True
esophagus_gastroesophageal_junction,excluded_at_or_below_-1,ENSG00000290670.1,ENSG00000290670,0.6036131485848316,6.666863538754903,-0.777076572781781,0.1973116975692108,62.77146772737238,6.414242072094041,0.0,0.6310100774140008,0.8194856700664824,-0.865115376022298,0.1178412992693129,-0.6406287817529756,0.1922215569154503,1.530322187936909,2.4132203029806885,-0.865115376022298,0.1178412992693129,6.6668069161398575,0.0,5.46335273287673,94,True
esophagus_gastroesophageal_junction,raw,ENSG00000290670.1,ENSG00000290670,2.4614427063412196,287.2940439934141,-0.9860353937604912,0.01137552440549689,745.7365106625973,137.23476253243732,0.0,1.7360901206075685,0.22296820592706446,-1.0,0.1178412992693129,-0.9161764404088826,0.17805272848532788,2.4844073265830984,6.7032345116605345,-1.0,0.1178412992693129,285.49595856977385,0.0,63.656521681729984,403,True
esophagus_mucosa,excluded_at_or_below_-1,ENSG00000290670.1,ENSG00000290670,0.50680814038813,5.344008768001491,-0.7904537169697586,0.09860039817937982,59.35253031028244,8.766655191570171,0.0,1.4981939085687523,0.3255413450767385,-0.8949093097211938,-0.1792336611108239,-0.725222094969611,0.1315310894602177,1.5937526561476123,3.1968633511481714,-0.8949093097211938,-0.1792336611108239,5.343866145571078,0.0,1.7396493729392548,69,True
esophagus_mucosa,raw,ENSG00000290670.1,ENSG00000290670,1.7692307502928388,543.2407945646405,-0.9897267319108092,0.0031846829525643402,220.9230769232061,359.9134701970304,0.0,4.562022429871709,3.1667874731397796e-05,-1.0,-0.1792336611108239,-0.9691210497604288,0.09727673726189738,3.7080958716345833,15.75320148398356,-1.0,-0.1792336611108239,518.9129563277804,0.0,0.01643287049748743,614,True
esophagus_muscularis,excluded_at_or_below_-1,ENSG00000290670.1,ENSG00000290670,0.8500162914654057,6.138872777908801,-0.7511877318145957,0.11906805497237763,87.37506868421059,7.072605382465285,0.0,1.4807747099299602,0.3340923976015896,-0.875859824668654,-0.1557180029964078,-0.6733603229472129,0.15137723261853872,1.2833299758096133,1.3992700693515943,-0.875859824668654,-0.1557180029964078,6.1388163859433496,0.0,2.0509318848157387,101,True
esophagus_muscularis,raw,ENSG00000290670.1,ENSG00000290670,3.623422656158879,442.84352369497077,-0.9894558849225389,0.008170893997097216,610.6111180470192,144.30286581897073,0.0,1.8249692813376142,0.1904478301885853,-1.0,-0.1557180029964078,-0.9411932132222255,0.14096273812773766,2.6360570657719604,7.034601935517204,-1.0,-0.1557180029964078,439.80745474507836,0.0,83.76037545696441,561,True
fallopian_tube,excluded_at_or_below_-1,ENSG00000290670.1,ENSG00000290670,0.16676024075406634,0.4297828952872521,-0.4582002163262658,0.1195505756146202,11.127849507327529,5.66567246064835,0.0,4.287201513931499,0.00010194288536344291,-0.8206188936767558,0.0207475338125628,-0.5033351832521025,0.23611928142801925,0.6715587428072203,0.39397785599689383,-0.8206188936767558,0.0207475338125628,0.4297828271474373,0.0,4.381330147906759e-05,11,True
fallopian_tube,raw,ENSG00000290670.1,ENSG00000290670,0.2820512820512823,25.869275959481627,-0.9892494706431801,0.0032652791011369598,9.897435897812844,437.43625503870817,0.0,4.656124009065983,2.012003479333201e-05,-1.0,0.0207475338125628,-0.811609897095625,0.2829515605611032,1.2864654758112282,0.691914751385625,-1.0,0.0207475338125628,25.20658065925031,0.0,0.0005071572798850399,29,True
heart_atrial_appendage,excluded_at_or_below_-1,ENSG00000290670.1,ENSG00000290670,0.3199740868357918,5.405356664725793,-0.8307383145305499,0.0973204208438667,51.00711091607161,9.601715909323424,0.0,1.3662835524418255,0.3932377703451096,-0.9247603871887758,-0.1699873091798581,-0.7711227441313189,0.14092476766727605,2.2853191423183747,6.2254261473565435,-0.9247603871887758,-0.1699873091798581,5.405224038481252,0.0,2.1255382491081565,58,True
heart_atrial_appendage,raw,ENSG00000290670.1,ENSG00000290670,1.4871794871795005,402.0386030638268,-0.9895032598582709,0.003360905058149709,203.7435897435898,344.8388312011837,0.0,4.41685558273759,5.985182649121138e-05,-1.0,-0.1699873091798581,-0.9712041630360445,0.09074648193484351,4.356220633858264,24.571350111799592,-1.0,-0.1699873091798581,389.8960249013308,0.0,0.023335989232007748,461,True
heart_left_ventricle,excluded_at_or_below_-1,ENSG00000290670.1,ENSG00000290670,0.06382144526982457,7.177025416415088,-1.1765014641444524,0.24529191691814953,17.33257893936415,3.0433572174921975,0.0,-1.4792817683116066,1.0,-0.9199236245129754,-0.6486385263200705,-0.8422387920564979,0.0655630453993437,1.0532140292317307,0.6903913877678325,-0.9199236245129754,-0.6486385263200705,2.3331321884860583,0.0,2.3331321884860587,34,True
heart_left_ventricle,raw,ENSG00000290670.1,ENSG00000290670,0.8717948717721328,443.7488193193123,-0.9960507474675232,0.0017801286759269053,54.35897436066236,275.99975300946323,0.0,3.1374622341594876,0.007342505632625381,-1.0,-0.6486385263200705,-0.9881330064821259,0.04527350099430502,4.224854527303428,18.868422035978703,-1.0,-0.6486385263200705,440.3188715357838,0.0,3.2330437944027435,452,True
kidney_cortex,excluded_at_or_below_-1,ENSG00000290670.1,ENSG00000290670,0.5902909184432592,4.897091082090871,-0.8569089423862859,0.04125846178991229,32.650008840287256,23.43099358961768,0.0,3.259034606320229,0.004938798138092171,-0.9519884681060308,-0.1733298992785938,-0.7493172698772939,0.1616525268740167,1.8172177759417254,3.793638901026278,-0.9519884681060308,-0.1733298992785938,4.896993075973349,0.0,0.024185260285867427,42,True
kidney_cortex,raw,ENSG00000290670.1,ENSG00000290670,1.0769230769230769,67.90114346650323,-0.990836665512623,0.003553082043729655,94.7692307693178,325.38768931053215,0.0,3.647231262638401,0.0013181023868406902,-1.0,-0.1733298992785938,-0.8987627436042918,0.16024422774955477,2.055949618447179,5.066850994533636,-1.0,-0.1733298992785938,66.58418558805835,0.0,0.08776477394946314,104,True
kidney_medulla,excluded_at_or_below_-1,ENSG00000290670.1,ENSG00000290670,,,,,,,,,,,,,,,,,,,,,5,False
kidney_medulla,raw,ENSG00000290670.1,ENSG00000290670,0.12820512820512817,7.118976927538509,-0.9959818585262284,0.0017178862195812794,4.3589743589743595,310.9722197031238,0.0,3.307850137552691,0.0042613561859983756,-1.0,-0.6182348865595837,-0.8805387444021526,0.15369624279582797,0.7372308442906118,-1.0152533361865905,-1.0,-0.6182348865595837,7.028656476868441,0.0,0.029951608756960846,11,True
liver,excluded_at_or_below_-1,ENSG00000290670.1,ENSG00000290670,0.1752341574004221,3.8041813629367516,-0.8283500300461007,0.05783931257536425,25.97937993647107,15.492699969061514,0.0,1.5066102171829765,0.3214433184777478,-0.8899682336890199,-0.1947207536847409,-0.7772104066725187,0.13060323186939385,3.3339701512483644,12.35361166192829,-0.8899682336890199,-0.1947207536847409,3.804169497419941,0.0,1.2228248673024922,28,True
liver,raw,ENSG00000290670.1,ENSG00000290670,0.717948717948718,296.4879767671284,-0.9899519640027856,3.666809548394497e-05,73.8974358974359,30670.443828929296,,387.532229174419,,-1.0,-0.1947207536847409,-0.9761904251405746,0.08074849748366499,5.025457250003613,35.575475630692345,-1.0,-0.1947207536847409,0.0,0.0,0.0,262,True
lung,excluded_at_or_below_-1,ENSG00000290670.1,ENSG00000290670,1.254428977369337,9.96856906307325,-0.7355948526444587,0.0779801580155964,111.99229738352567,15.199016458269426,0.0,2.6353133809250306,0.031044526463487012,-0.8809068191909472,0.1024834522394662,-0.6239865005883659,0.19264720380853112,1.6917521068769465,3.2406427574619485,-0.8809068191909472,0.1024834522394662,9.967517032521078,0.0,0.30943684629135815,106,True
lung,raw,ENSG00000290670.1,ENSG00000290670,2.78947364310928,492.7924922825209,-0.9862177741222921,0.007165736080352535,495.94494052686355,214.86362635020078,0.0,2.7200291131829344,0.025133369977111544,-1.0,0.1024834522394662,-0.934010875931071,0.16417861470477005,2.9643739596179794,10.02630517002464,-1.0,0.1024834522394662,485.1061939984114,0.0,12.192353451950472,604,True
minor_salivary_gland,excluded_at_or_below_-1,ENSG00000290670.1,ENSG00000290670,0.11703248733905404,1.9726618103244384,-0.7586255924097491,0.23147287925748844,37.0672280783275,3.309780966364699,0.0,0.6911653254453745,0.7866413158733161,-0.8717527976497542,-0.2168937420161721,-0.6743713261683277,0.14011933139542396,1.0083876662536257,1.1042161604097718,-0.8717527976497542,-0.2168937420161721,1.9644050682067145,0.0,1.5452821877623408,42,True
minor_salivary_gland,raw,ENSG00000290670.1,ENSG00000290670,1.076923077834975,161.29251823617884,-0.9919039161205753,0.0042785979507561685,52.76923077584499,256.1656673074123,0.0,2.676014843219719,0.027957767568748796,-1.0,-0.2168937420161721,-0.9244397552434793,0.15320660428158578,2.034200141910775,3.5555867871790925,-1.0,-0.2168937420161721,160.7342030335207,0.0,4.493769488759235,181,True
muscle_skeletal,excluded_at_or_below_-1,ENSG00000290670.1,ENSG00000290670,0.8931145883549209,2.4428585202376722,-0.8430986233023521,0.03525930789230194,52.60713202969691,9.557947088852426,0.0,2.434568952398933,0.051636259488990845,-0.9037975294375956,-0.6047989716863182,-0.78589080973559,0.08113655434120792,0.6302560830327413,-0.8629302240880286,-0.9037975294375956,-0.6047989716863182,2.4427807359934732,0.0,0.126136059958467,56,True
muscle_skeletal,raw,ENSG00000290670.1,ENSG00000290670,1.4737028183764722,759.111411963002,-0.9950579561637448,0.002011684361083317,95.64957459771773,274.35196065684863,0.0,3.4742554817649323,0.0024557115876547974,-1.0,-0.6047989716863182,-0.985342158123708,0.0580540968753622,4.237234263173067,18.008102270275973,-1.0,-0.6047989716863182,739.7125653183282,0.0,1.8165207181860739,818,True
nerve_tibial,excluded_at_or_below_-1,ENSG00000290670.1,ENSG00000290670,5.56890376271962,32.44592412795345,-0.7281782077330077,0.08154849820559353,1215.4954799464845,23.34735261251499,0.0,2.774554981260503,0.021302248627998798,-0.8881687480096614,0.6181117680413468,-0.49030311387414865,0.29310041913321916,1.3468785852018896,1.7394647694005103,-0.8881687480096614,0.6181117680413468,32.44154326456496,0.0,0.6910778204977426,347,True
nerve_tibial,raw,ENSG00000290670.1,ENSG00000290670,9.168726242547985,304.62590278028625,-0.9797744078785832,0.012881120938142403,4429.49006830655,175.43133955237337,0.0,2.220560370676795,0.08586278228953564,-1.0,0.6181117680413468,-0.736022657484074,0.33074464338266113,1.3575617393127202,1.65187073852681,-1.0,0.6181117680413468,301.4623423479244,0.0,25.884395469513294,670,True
ovary,excluded_at_or_below_-1,ENSG00000290670.1,ENSG00000290670,0.2583569586444639,5.141205833877804,-0.5849445532582376,0.4466246283554454,83.37924954907731,3.159024470721114,0.0,0.7337376974642894,0.7623840742266175,-0.8166672118151733,0.4127110821707167,-0.4370826650179988,0.2619938691095255,0.7956733164386021,0.3601985613657841,-0.8166672118151733,0.4127110821707167,5.106205638537739,0.0,3.892889858547328,112,True
ovary,raw,ENSG00000290670.1,ENSG00000290670,2.8717948645340456,93.97028930390893,-0.9858123969149589,0.00807871146741258,270.3589744114821,244.81761471469088,0.0,2.4836015967850793,0.04577040506323662,-1.0,0.4127110821707167,-0.673332945502673,0.34243261026751054,0.7327531124198361,-0.3123213260991289,-1.0,0.4127110821707167,93.96832803350517,0.0,4.300968437208623,193,True
pancreas,excluded_at_or_below_-1,ENSG00000290670.1,ENSG00000290670,0.7508334443388317,7.6718876765884945,-0.8407842390650239,0.04997204202040755,42.8338159931629,11.459922095043128,0.0,2.753559207084389,0.022572032907044366,-0.9380828225768396,-0.4358413621751119,-0.788805214210701,0.09905874040883793,1.4432368667477236,1.7362093009001063,-0.9380828225768396,-0.4358413621751119,7.671883591666764,0.0,0.1731700088901159,84,True
pancreas,raw,ENSG00000290670.1,ENSG00000290670,3.1648169863570765,266.8984167214503,-0.9929489169247089,0.003901526394911586,427.9333880047691,201.938672170702,0.0,2.5558554025167486,0.03868113300530194,-1.0,-0.4358413621751119,-0.9509934751207152,0.10112561903608953,2.2469224482694172,4.988612232270303,-1.0,-0.4358413621751119,263.24180543229954,0.0,10.182491288482518,362,True
pituitary,excluded_at_or_below_-1,ENSG00000290670.1,ENSG00000290670,1.446085279349955,12.015258059872549,-0.7489536008911835,0.11491065317748073,199.84031014916306,13.18474282276376,0.0,1.6153767178950498,0.2712600770962223,-0.8802095856446688,0.3223608384913334,-0.5992806917376859,0.24060689565861115,1.5187828499640676,2.0611470925150703,-0.8802095856446688,0.3223608384913334,12.014732450372604,0.0,3.259117250778556,135,True
pituitary,raw,ENSG00000290670.1,ENSG00000290670,3.4615384486832124,221.27296198834128,-0.986687202081275,0.0066040047103788704,847.6923076924282,280.3258892087467,0.0,2.8508670413581916,0.01718672205654092,-1.0,0.3223608384913334,-0.8271657935609829,0.2537248758141491,1.7308115497203347,3.028906535491708,-1.0,0.3223608384913334,221.25011075920887,0.0,3.8025641585974164,313,True
prostate,excluded_at_or_below_-1,ENSG00000290670.1,ENSG00000290670,1.2306418765122806,8.905209565698552,-0.7471671850625208,0.09454494115415034,77.24559958134759,17.494833877591354,0.0,2.146613809660519,0.09987265791551429,-0.8906755502167066,0.4224214000469057,-0.5686218217672822,0.25610051807715245,1.3656546670270067,1.8180496934094048,-0.8906755502167066,0.4224214000469057,8.9041757434879,0.0,0.8892836980489871,94,True
prostate,raw,ENSG00000290670.1,ENSG00000290670,2.410256392908305,281.0996428125857,-0.9822486922569638,4.494502229310328e-05,363.4358974358974,44198.520633525746,,558.5521795127147,,-1.0,0.4224214000469057,-0.8562072739224275,0.25140951777546117,2.0328672874130365,4.23927365355801,-1.0,0.4224214000469057,0.0,0.0,0.0,282,True
skin_not_sun_exposed_suprapubic,excluded_at_or_below_-1,ENSG00000290670.1,ENSG00000290670,1.2943549171861886,10.869728285222545,-0.7592526096876534,0.07335813595222512,85.2531698924299,14.732958219023134,0.0,1.6218150276811074,0.2684521833349908,-0.8433794561947335,0.0049759204050467,-0.6535489328726602,0.17110781834053843,1.682802812189852,2.905815418981791,-0.8433794561947335,0.0049759204050467,10.869081305907327,0.0,2.9178286074163555,115,True
skin_not_sun_exposed_suprapubic,raw,ENSG00000290670.1,ENSG00000290670,3.719315133705069,527.6984903131323,-0.9874621788970888,0.009471165505552872,677.6970372007761,148.18867002440024,0.0,1.872119818405577,0.1745757353649119,-1.0,0.0049759204050467,-0.9387989666364913,0.15039729173697158,2.8781610753840483,9.233799608335893,-1.0,0.0049759204050467,524.0071819491394,0.0,91.4789391252662,651,True
skin_sun_exposed_lower_leg,excluded_at_or_below_-1,ENSG00000290670.1,ENSG00000290670,1.2909922735494173,20.53314996720012,-0.7665645191548646,0.05000245139023712,142.2268404361895,26.39166898836401,0.0,3.722518225710251,0.0009794019051148168,-0.8981818657725904,0.1665676334483734,-0.6716483172404489,0.17544733814951366,2.068212509835082,5.102715144360042,-0.8981818657725904,0.1665676334483734,20.5330986988594,0.0,0.020110155983573463,120,True
skin_sun_exposed_lower_leg,raw,ENSG00000290670.1,ENSG00000290670,3.076923082594803,681.6741429336731,-0.9872275520577007,0.006505996425635719,1074.7692313708847,250.80136735304646,0.0,2.7763570593936895,0.021566871126392727,-1.0,0.1665676334483734,-0.9477424377571007,0.1389667177891945,3.3635934742000773,13.919526062893215,-1.0,0.1665676334483734,669.8604268738263,0.0,14.446793499058167,754,True
small_intestine_terminal_ileum,excluded_at_or_below_-1,ENSG00000290670.1,ENSG00000290670,0.6540162324602461,12.373167045556993,-0.7936431354996739,0.027126002516864773,50.935945567688236,58.835380814009035,0.0,3.7239432224013553,0.0009748443102796733,-0.8650720171842852,0.3348771463758728,-0.6965378984971236,0.19896456879441476,3.2897317159548862,13.85290210315111,-0.8650720171842852,0.3348771463758728,12.365204007205751,0.0,0.012054148771871942,46,True
small_intestine_terminal_ileum,raw,ENSG00000290670.1,ENSG00000290670,1.179487182726562,174.58436196482648,-0.9848448501858472,0.005149948283685225,219.74358974358972,362.4053375472226,0.0,4.16171526903843,0.0001746913043363191,-1.0,0.3348771463758728,-0.9325639774438054,0.15697626900337405,3.736401322799663,21.043676776018618,-1.0,0.3348771463758728,173.2890832022647,0.0,0.030272095971848545,207,True
spleen,excluded_at_or_below_-1,ENSG00000290670.1,ENSG00000290670,0.2230208245345663,3.769426354834403,-0.8673442739931915,0.39088993675547784,58.02803822316938,3.131971743503557,0.0,-0.039363331292231914,1.0,-0.8564642128138276,-0.0016643870857938,-0.6121965249080111,0.191297087852322,1.0227802326217446,0.6056477940189242,-0.8564642128138276,-0.0016643870857938,3.7385673083802957,0.0,3.7385673083802957,68,True
spleen,raw,ENSG00000290670.1,ENSG00000290670,1.7435897545063492,234.7118039435292,-0.9892536231455809,0.0049129225665804094,163.43589743602175,284.2833512561481,0.0,3.093407577247874,0.008552714206899488,-1.0,-0.0016643870857938,-0.9047991469088259,0.19193856492804923,2.1311008160031033,4.103202770995314,-1.0,-0.0016643870857938,229.3570067781061,0.0,1.96162493032305,277,True
stomach,excluded_at_or_below_-1,ENSG00000290670.1,ENSG00000290670,0.08969778497693912,3.191366929353738,-0.7208761751104287,0.2339530310942683,50.97287644828882,3.4367817675333585,0.0,0.9416010190552975,0.6409331400189974,-0.8766450196120925,-0.1523301413878186,-0.6573504433570965,0.14330769343319777,0.9983688095375727,1.2203154873985556,-0.8766450196120925,-0.1523301413878186,3.1826715540025545,0.0,2.0398796727559994,64,True
stomach,raw,ENSG00000290670.1,ENSG00000290670,2.225065908583192,331.09364150267453,-0.9894160190813709,0.008594921837169844,281.9351317836605,137.73460928820012,0.0,1.7414945292803583,0.22087040703870411,-1.0,-0.1523301413878186,-0.9461189886360053,0.13705566343933273,2.6744026215114434,6.921181128969254,-1.0,-0.1523301413878186,329.0398228055556,0.0,72.67515959500601,407,True
testis,excluded_at_or_below_-1,ENSG00000290670.1,ENSG00000290670,1.141219990263131,18.053923547638977,-0.7006838120219763,0.2738779144967026,582.5640690225657,6.944540662845865,0.0,1.1321723714432237,0.5268143677919963,-0.9199413670275564,0.6442023950415676,-0.575552998183715,0.24435558051087095,1.4487240542513828,2.8643743048001653,-0.9199413670275564,0.6442023950415676,18.053921676860575,0.0,9.511065334361522,241,True
testis,raw,ENSG00000290670.1,ENSG00000290670,6.179487170379782,230.72532123029842,-0.9842891373446506,0.008501883222373587,2403.743589744084,270.8852557807028,0.0,2.6133639409802725,0.033144654870086575,-1.0,0.6442023950415676,-0.752918532759119,0.28040675597993886,1.255968173062806,1.7805822475405595,-1.0,0.6442023950415676,228.89564236260705,0.0,7.586667067375376,414,True
thyroid,excluded_at_or_below_-1,ENSG00000290670.1,ENSG00000290670,3.0611102663053305,21.380029661123984,-0.7160176281857769,0.12270337478196493,618.6020531716172,12.900285144486071,0.0,2.0578527955260806,0.12035284931384577,-0.8945659673714361,0.4032677223393011,-0.5674091869673633,0.2262651826126505,1.2877663695460535,1.8101348294802957,-0.8945659673714361,0.4032677223393011,21.37892596218895,0.0,2.573014654819192,263,True
thyroid,raw,ENSG00000290670.1,ENSG00000290670,6.743589765015338,430.3042106652077,-0.9834532056531623,0.005098887108560254,2631.435897436394,384.617172696592,0.0,4.589374206738215,2.6713667609988078e-05,-1.0,0.4032677223393011,-0.8336675675035328,0.2529646148534946,1.596868497837172,2.2976504638093367,-1.0,0.4032677223393011,429.9417990601879,0.0,0.011485322311734159,684,True
uterus,excluded_at_or_below_-1,ENSG00000290670.1,ENSG00000290670,-0.07025501113534344,4.637494921979603,-0.8378308607232592,0.7953871796014286,107.63719885930632,2.846979117518408,0.0,0.013946565053381772,0.9999011059053815,-0.8456747390016734,0.7633775783100298,-0.4133240990555809,0.32821306757063184,1.0422464618135003,1.1982235518279847,-0.8456747390016734,0.7633775783100298,4.556911837152358,0.0,4.556461185481966,79,True
uterus,raw,ENSG00000290670.1,ENSG00000290670,2.0256410256399033,83.20798865483744,-0.981383201230977,0.008994559334612974,264.9743589746165,274.32854303692443,0.0,2.9271171969267082,0.013943138617666773,-1.0,0.7633775783100298,-0.6970758419960189,0.3765635144911253,1.2060405727264831,1.0140362357615684,-1.0,0.7633775783100298,82.27798422448514,0.0,1.147213339224196,153,True
vagina,excluded_at_or_below_-1,ENSG00000290670.1,ENSG00000290670,0.17421518951888035,3.746438754499509,-0.8471698913926153,0.37399503424897773,20.940144744790505,4.494764752814595,0.0,-0.031142947310400286,1.0,-0.838934001173586,0.341490536137996,-0.577785148257771,0.24106668607723386,1.7037331023614852,3.3636074962859874,-0.838934001173586,0.341490536137996,3.744468712748768,0.0,3.744468712748768,48,True
vagina,raw,ENSG00000290670.1,ENSG00000290670,,,,,,,,,,-1.0,0.341490536137996,,,,,,,,,,170,False
whole_blood,excluded_at_or_below_-1,ENSG00000290670.1,ENSG00000290670,0.35257777386563977,1.9052370467410846,-0.7279118307966683,0.16868876231459562,36.678550768180784,3.6444372336605,0.0,1.2031563036370974,0.48423798403907664,-0.8714254790401303,-0.2931998306884205,-0.6626855444580382,0.13899905554764128,0.8971187624934929,0.2766727405351306,-0.8714254790401303,-0.2931998306884205,1.9027424391828978,0.0,0.9213801628955218,49,True
whole_blood,raw,ENSG00000290670.1,ENSG00000290670,1.2564102592173825,769.1516254267682,-0.9915385501207046,0.0025438485337443122,71.43589743913168,388.2306965414088,0.0,4.704013237386638,1.5767107065360385e-05,-1.0,-0.2931998306884205,-0.9794166770590833,0.08765763773157613,4.716154538849008,23.51576256485376,-1.0,-0.2931998306884205,764.3321704719793,0.0,0.012051307165330982,803,True
adipose_subcutaneous,excluded_at_or_below_-1,ENSG00000290672.2,ENSG00000290672,,,,,,,,,,,,,,,,,,,,,6,False
adipose_subcutaneous,raw,ENSG00000290672.2,ENSG00000290672,0.2182054086686772,662.4514054667317,-0.9764318444360607,0.02051309086995291,2074.629734920438,128.4933763226601,0.0,1.6248358401933156,0.26857874648913194,-1.0,0.8873575964393563,-0.9940992340744538,0.08062546367320335,19.192445740379235,421.6090781372766,-1.0,0.8873575964393563,658.8609931161941,0.0,176.95605964173214,714,True
adipose_visceral_omentum,excluded_at_or_below_-1,ENSG00000290672.2,ENSG00000290672,,,,,,,,,,,,,,,,,,,,,4,False
adipose_visceral_omentum,raw,ENSG00000290672.2,ENSG00000290672,0.5182875259840768,580.0205574324715,-0.9927294864974412,0.006056885108299112,20.976806781736023,134.84159209584828,0.0,1.6975819446611222,0.23795023058539647,-1.0,-0.415221214144145,-0.9969675709530396,0.0373507607086938,12.71811137683181,166.04339381495487,-1.0,-0.415221214144145,577.0131518258926,0.0,137.3004125277775,587,True
adrenal_gland,excluded_at_or_below_-1,ENSG00000290672.2,ENSG00000290672,0.050756656390809,2.184546182417485,-0.6123652606865173,0.21154191499941716,49.94047340354753,4.173449246320484,0.0,1.1298584419309594,0.5281199798840059,-0.781372562584586,0.0119106402163444,-0.5593728481198165,0.16625534438379683,1.723427641936336,3.801790657125565,-0.781372562584586,0.0119106402163444,2.1841728243885346,0.0,1.1535053080792652,38,True
adrenal_gland,raw,ENSG00000290672.2,ENSG00000290672,0.95890930701716,250.68146745589598,-0.9873644651808349,0.010081092070364462,120.80362081366675,140.18207518894368,0.0,1.7725604115482536,0.20918711975688242,-1.0,0.0119106402163444,-0.9432412482323833,0.15918733858029716,3.01479795441615,9.560095993490627,-1.0,0.0119106402163444,249.06751160841407,0.0,52.10171537837792,295,True
artery_aorta,excluded_at_or_below_-1,ENSG00000290672.2,ENSG00000290672,,,,,,,,,,,,,,,,,,,,,3,False
artery_aorta,raw,ENSG00000290672.2,ENSG00000290672,0.08135772010704673,437.08752992224197,-0.9917770690254534,0.0077801387364918075,1041.9786209381664,118.51058137846564,0.0,1.4947009173650498,0.32863564945042295,-1.0,-0.339804276939107,-0.996767639821925,0.043769813527019516,14.367289189801724,209.32911545227083,-1.0,-0.339804276939107,435.2295732738092,0.0,143.03195347286874,472,True
artery_coronary,excluded_at_or_below_-1,ENSG00000290672.2,ENSG00000290672,,,,,,,,,,,,,,,,,,,,,3,False
artery_coronary,raw,ENSG00000290672.2,ENSG00000290672,0.07692307692307691,271.6788358028962,-0.9915036654134468,0.0009970222666587437,2.7692307692309237,970.0231301727106,0.0,12.051517809156719,0.0,-1.0,-0.3076361890378682,-0.9934212246138702,0.0625931669424204,9.581596708762643,91.5514168293923,-1.0,-0.3076361890378682,230.3023324412298,0.0,0.0,268,True
artery_tibial,excluded_at_or_below_-1,ENSG00000290672.2,ENSG00000290672,,,,,,,,,,,,,,,,,,,,,6,False
artery_tibial,raw,ENSG00000290672.2,ENSG00000290672,-0.2652998219396885,631.0353891349995,-0.9902830093696203,0.00928101562212393,3007.9571432591633,117.41569450525789,0.0,1.4806461377112008,0.3355456769085866,-1.0,-0.2197226612159677,-0.9952152962320943,0.05269060792174179,11.487226319057536,135.9733456453213,-1.0,-0.2197226612159677,628.4161703818115,0.0,210.86232927106695,691,True
bladder,excluded_at_or_below_-1,ENSG00000290672.2,ENSG00000290672,,,,,,,,,,,,,,,,,,,,,2,False
bladder,raw,ENSG00000290672.2,ENSG00000290672,0.05128205128207283,75.28989197298965,-0.9943670900886705,0.0020380461237385792,1.8974358974367704,316.41295412947926,0.0,3.9087131048905834,0.00048792812180224927,-1.0,-0.5383792450971718,-0.9890293438287893,0.06792092169352947,6.0427642771549746,34.850420184090254,-1.0,-0.5383792450971718,74.26719068227045,0.0,0.03623705086112922,77,True
brain_amygdala,excluded_at_or_below_-1,ENSG00000290672.2,ENSG00000290672,,,,,,,,,,,,,,,,,,,,,2,False
brain_amygdala,raw,ENSG00000290672.2,ENSG00000290672,0.05128205128205289,222.55238621969724,-0.9965668466127989,0.0013973664751174156,3.8974359018408156,327.3209638356218,0.0,3.474544558169059,0.0024217650328858587,-1.0,-0.6731451558325836,-0.9963985884491464,0.03416560238273397,9.354858076710636,85.51411830701186,-1.0,-0.6731451558325836,219.68423644589382,0.0,0.5320236021008851,181,True
brain_anterior_cingulate_cortex_ba24,excluded_at_or_below_-1,ENSG00000290672.2,ENSG00000290672,,,,,,,,,,,,,,,,,,,,,9,False
brain_anterior_cingulate_cortex_ba24,raw,ENSG00000290672.2,ENSG00000290672,0.23076923076890363,322.61792685485085,-0.9911111790091328,0.004865810158522018,8.92307692320021,272.52629704936663,0.0,2.5834734174276544,0.03606840214802571,-1.0,-0.0534442947925619,-0.9842773009394125,0.088732944481104,7.040798110489267,58.32340920938676,-1.0,-0.0534442947925619,317.86900643811884,0.0,11.465027154603444,233,True
brain_caudate_basal_ganglia,excluded_at_or_below_-1,ENSG00000290672.2,ENSG00000290672,,,,,,,,,,,,,,,,,,,,,8,False
brain_caudate_basal_ganglia,raw,ENSG00000290672.2,ENSG00000290672,0.20713067677499084,291.006045935918,-0.9949340120539623,0.003951326018546699,11.295704370523143,143.51487063576727,0.0,1.813160652013292,0.19452743456942795,-1.0,-0.5939521112440855,-0.9910124234186025,0.05502941828676618,6.093056179675713,36.00835489390617,-1.0,-0.5939521112440855,289.0935512455683,0.0,56.236626874366095,300,True
brain_cerebellar_hemisphere,excluded_at_or_below_-1,ENSG00000290672.2,ENSG00000290672,,,,,,,,,,,,,,,,,,,,,4,False
brain_cerebellar_hemisphere,raw,ENSG00000290672.2,ENSG00000290672,0.10256410256878493,388.78498942035617,-0.9935300544215812,0.0034093261703442568,5.589743592221224,279.3262901444281,0.0,2.6837809959063006,0.027559835361542353,-1.0,-0.3201420624010845,-0.9922895863887062,0.06466381968833876,8.495558556732579,72.40207711246916,-1.0,-0.3201420624010845,384.9379121203275,0.0,10.608825482452081,277,True
brain_cerebellum,excluded_at_or_below_-1,ENSG00000290672.2,ENSG00000290672,,,,,,,,,,,,,,,,,,,,,4,False
brain_cerebellum,raw,ENSG00000290672.2,ENSG00000290672,0.1025641021511872,338.9932050460878,-0.9932814834412421,0.003853141009647956,5.589743590969153,252.27475303311533,0.0,2.46588879374856,0.0479965813885768,-1.0,-0.3059381977640946,-0.9914862300210192,0.06964738049568163,8.202907247739018,66.72777410440573,-1.0,-0.3059381977640946,337.74858359496614,0.0,16.21077738139238,266,True
brain_cortex,excluded_at_or_below_-1,ENSG00000290672.2,ENSG00000290672,0.12221790358825341,0.6925577131583843,-0.5783719305848825,0.07223348644336228,10.176633934637362,6.786795936086209,0.0,2.9636834848471656,0.012379550738814636,-0.7297473639146943,-0.2317241927280051,-0.5477660291203937,0.13954920399272833,1.122522151385775,0.5522740183453485,-0.7297473639146943,-0.2317241927280051,0.6925572937705542,0.0,0.008573548157768729,12,True
brain_cortex,raw,ENSG00000290672.2,ENSG00000290672,0.3076923076923077,261.3193413240772,-0.9901038617938006,0.0024757285558239736,16.307692307692307,433.210180048965,0.0,5.652983576653959,1.1754807364563095e-07,-1.0,-0.2317241927280051,-0.9799007124053509,0.09754087102578533,5.121293540099836,26.993527492541705,-1.0,-0.2317241927280051,255.71153175921893,0.0,3.0058397967269723e-05,270,True
brain_frontal_cortex_ba9,excluded_at_or_below_-1,ENSG00000290672.2,ENSG00000290672,0.2724268233904255,0.8892467352406808,-0.7139682219163568,0.015931446101677592,7.461306110516755,37.03154961504599,0.0,1.246917993376239,0.4598215795359007,-0.728015044357623,-0.2967991659473821,-0.5589381311707606,0.13647003517842599,0.6695697770185046,-0.4134437363957919,-0.728015044357623,-0.2967991659473821,0.8888151055912838,0.0,0.4086963657683525,13,True
brain_frontal_cortex_ba9,raw,ENSG00000290672.2,ENSG00000290672,0.33333333333333337,262.3439729880709,-0.9914378641711774,0.0014191802969455497,10.666666666666686,692.2076568365533,0.0,8.532170745368314,1.651838438715545e-16,-1.0,-0.2967991659473821,-0.9786847423985869,0.0990671747109588,4.8444503604558395,23.546958762716166,-1.0,-0.2967991659473821,247.33779253844799,0.0,4.085620730620576e-14,269,True
brain_hippocampus,excluded_at_or_below_-1,ENSG00000290672.2,ENSG00000290672,,,,,,,,,,,,,,,,,,,,,3,False
brain_hippocampus,raw,ENSG00000290672.2,ENSG00000290672,0.07894736826991151,261.92841521165997,-0.9916067984573648,0.004918727596170087,2.7693950588087413,212.9713277236162,0.0,2.413180893076496,0.054676005391082805,-1.0,-0.2508785416095688,-0.9931524486837866,0.06643039106674822,10.182359833673628,104.87397700304327,-1.0,-0.2508785416095688,260.5202399660728,0.0,14.24420604487118,255,True
brain_hypothalamus,excluded_at_or_below_-1,ENSG00000290672.2,ENSG00000290672,,,,,,,,,,,,,,,,,,,,,3,False
brain_hypothalamus,raw,ENSG00000290672.2,ENSG00000290672,0.07692307692307691,273.54972215343497,-0.9953540593045923,0.00033468394805131276,2.7692307692307763,1581.7600134131226,0.0,19.63151319231896,0.0,-1.0,-0.6210190223314858,-0.9966162194116056,0.03202362211172351,9.81717759683368,98.70286403923136,-1.0,-0.6210190223314858,179.58559322949935,0.0,0.0,257,True
brain_nucleus_accumbens_basal_ganglia,excluded_at_or_below_-1,ENSG00000290672.2,ENSG00000290672,,,,,,,,,,,,,,,,,,,,,5,False
brain_nucleus_accumbens_basal_ganglia,raw,ENSG00000290672.2,ENSG00000290672,0.12820512820384664,315.5472151113013,-0.995425819821971,0.0020848997172021044,10.358974358988776,284.3031991844926,0.0,3.10272364235721,0.008325860075073419,-1.0,-0.5762927586280453,-0.9935006693842295,0.04898558084554006,7.467073879247289,54.301188441639,-1.0,-0.5762927586280453,307.73845747706787,0.0,2.5621873366729986,285,True
brain_putamen_basal_ganglia,excluded_at_or_below_-1,ENSG00000290672.2,ENSG00000290672,,,,,,,,,,,,,,,,,,,,,3,False
brain_putamen_basal_ganglia,raw,ENSG00000290672.2,ENSG00000290672,0.07692308045459208,350.1287046723474,-0.9957467371584323,0.002601481241113674,4.76923077748095,247.96229198598783,0.0,2.3121527458362827,0.07036512641906402,-1.0,-0.5396138953670891,-0.9952401226705794,0.044447204603740575,9.487308988279414,89.99688493633083,-1.0,-0.5396138953670891,343.55017003117257,0.0,24.17395114553409,254,True
brain_spinal_cord_cervical_c-1,excluded_at_or_below_-1,ENSG00000290672.2,ENSG00000290672,,,,,,,,,,,,,,,,,,,,,0,False
brain_spinal_cord_cervical_c-1,raw,ENSG00000290672.2,ENSG00000290672,0.0,204.0,-0.9875,1.0001e-06,0.0,-17675.90193946968,0.0,,,-1.0,-1.0,-1.0,0.0,,,,-1.0,1.6660456754622802e-187,0.0,,204,True
brain_substantia_nigra,excluded_at_or_below_-1,ENSG00000290672.2,ENSG00000290672,,,,,,,,,,,,,,,,,,,,,1,False
brain_substantia_nigra,raw,ENSG00000290672.2,ENSG00000290672,0.02564102564136796,207.87676113339478,-0.9950446981228337,0.002077899752630926,0.9743589759772762,307.70528680499166,0.0,3.3725665116754167,0.00350283716664571,-1.0,-0.5429342415787604,-0.997502372904802,0.033787273084996454,13.416612631565929,178.00549450549457,-1.0,-0.5429342415787604,201.14478890308763,0.0,0.7045774424468269,183,True
breast_mammary_tissue,excluded_at_or_below_-1,ENSG00000290672.2,ENSG00000290672,,,,,,,,,,,,,,,,,,,,,5,False
breast_mammary_tissue,raw,ENSG00000290672.2,ENSG00000290672,0.12820512820512803,564.6029516265323,-0.9863030060810579,0.005184124353151258,6.358974358974361,331.6561496324197,0.0,3.7364988268722925,0.000945329711864732,-1.0,0.2294587203845592,-0.9942665522086885,0.06617532521185239,14.504717225308033,239.99566650404535,-1.0,0.2294587203845592,555.2329702546942,0.0,0.5248782237886663,514,True
cells_cultured_fibroblasts,excluded_at_or_below_-1,ENSG00000290672.2,ENSG00000290672,,,,,,,,,,,,,,,,,,,,,3,False
cells_cultured_fibroblasts,raw,ENSG00000290672.2,ENSG00000290672,0.07692307692310306,687.3644774727246,-0.9919075642569845,0.0002472717157897094,2.769230769230809,3683.484032781398,0.0,46.282820272653666,0.0,-1.0,-0.3478595639383711,-0.99749765022983,0.03736312608971044,15.240779772048981,235.5625103188614,-1.0,-0.3478595639383711,18.138529396299173,0.0,0.0,652,True
cells_ebv-transformed_lymphocytes,excluded_at_or_below_-1,ENSG00000290672.2,ENSG00000290672,,,,,,,,,,,,,,,,,,,,,4,False
cells_ebv-transformed_lymphocytes,raw,ENSG00000290672.2,ENSG00000290672,0.1025641003822911,422.6017085005879,-0.9956770851509291,0.0024494697202938555,5.589743591658533,255.8618645264418,0.0,2.4958564532925274,0.04458246771983794,-1.0,-0.5525149585738216,-0.9950849453841221,0.04435283017594006,8.94883435431907,78.54692976130441,-1.0,-0.5525149585738216,420.8157241393731,0.0,18.761003437443716,327,True
cervix_ectocervix,excluded_at_or_below_-1,ENSG00000290672.2,ENSG00000290672,,,,,,,,,,,,,,,,,,,,,0,False
cervix_ectocervix,raw,ENSG00000290672.2,ENSG00000290672,0.0,24.0,-0.9875,1.0001e-06,0.0,-17675.90193946968,0.0,,,-1.0,-1.0,-1.0,0.0,,,,-1.0,1.9600537358379766e-188,0.0,,24,True
cervix_endocervix,excluded_at_or_below_-1,ENSG00000290672.2,ENSG00000290672,,,,,,,,,,,,,,,,,,,,,0,False
cervix_endocervix,raw,ENSG00000290672.2,ENSG00000290672,0.0,23.0,-0.9875,1.0001e-06,0.0,-17675.90193946968,0.0,,,-1.0,-1.0,-1.0,0.0,,,,-1.0,1.878384830178061e-188,0.0,,23,True
colon_sigmoid,excluded_at_or_below_-1,ENSG00000290672.2,ENSG00000290672,,,,,,,,,,,,,,,,,,,,,2,False
colon_sigmoid,raw,ENSG00000290672.2,ENSG00000290672,0.05128205128205128,429.4889644821421,-0.9934383923607435,0.00210296798490391,1.8974358974358976,368.0694471176226,0.0,4.412580020723116,5.92556703326448e-05,-1.0,-0.4461106873352152,-0.9976964238604816,0.033665435613913795,14.829684910026788,222.05767322531983,-1.0,-0.4461106873352152,428.72423710569996,0.0,0.025404342057550114,419,True
colon_transverse,excluded_at_or_below_-1,ENSG00000290672.2,ENSG00000290672,,,,,,,,,,,,,,,,,,,,,0,False
colon_transverse,raw,ENSG00000290672.2,ENSG00000290672,0.0,479.0,-0.9875,1.0001e-06,0.0,-17675.90193946968,0.0,,,-1.0,-1.0,-1.0,0.0,,,,-1.0,3.911940581109962e-187,0.0,,479,True
esophagus_gastroesophageal_junction,excluded_at_or_below_-1,ENSG00000290672.2,ENSG00000290672,,,,,,,,,,,,,,,,,,,,,5,False
esophagus_gastroesophageal_junction,raw,ENSG00000290672.2,ENSG00000290672,0.13157893587743008,397.7925727816034,-0.9920714240146198,0.0030886782467929525,8.365179366871498,286.83190907631325,0.0,3.6302582505875867,0.0014136661829876208,-1.0,-0.3656232682187711,-0.9936155224070251,0.05791579134433837,9.205084937018665,84.85031005135593,-1.0,-0.3656232682187711,386.8790190311733,0.0,0.5469177861117933,403,True
esophagus_mucosa,excluded_at_or_below_-1,ENSG00000290672.2,ENSG00000290672,,,,,,,,,,,,,,,,,,,,,7,False
esophagus_mucosa,raw,ENSG00000290672.2,ENSG00000290672,0.1794871794871795,626.9596652507246,-0.9936440267845144,0.0015593432795790783,11.743589743589743,475.8317005979794,0.0,5.76441611102255,6.14561417455939e-08,-1.0,-0.4689814268211333,-0.9950116616752674,0.04677378537573521,9.383668781766557,87.26567417701229,-1.0,-0.4689814268211333,621.1531793899609,0.0,3.817367783831571e-05,614,True
esophagus_muscularis,excluded_at_or_below_-1,ENSG00000290672.2,ENSG00000290672,,,,,,,,,,,,,,,,,,,,,7,False
esophagus_muscularis,raw,ENSG00000290672.2,ENSG00000290672,0.17948717947966858,807.9156388545671,-0.9946860121668974,0.003029905201378965,7.74358974370293,265.468097667354,0.0,2.480313133374318,0.047111359335807464,-1.0,-0.4259295023136177,-0.9940789817280854,0.05360723419518676,9.202038198710321,84.81828250513533,-1.0,-0.4259295023136177,791.3356057260961,0.0,37.28089607658094,561,True
fallopian_tube,excluded_at_or_below_-1,ENSG00000290672.2,ENSG00000290672,,,,,,,,,,,,,,,,,,,,,0,False
fallopian_tube,raw,ENSG00000290672.2,ENSG00000290672,0.0,29.0,-0.9875,1.0001e-06,0.0,-17675.90193946968,0.0,,,-1.0,-1.0,-1.0,0.0,,,,-1.0,2.368398264137555e-188,0.0,,29,True
heart_atrial_appendage,excluded_at_or_below_-1,ENSG00000290672.2,ENSG00000290672,,,,,,,,,,,,,,,,,,,,,2,False
heart_atrial_appendage,raw,ENSG00000290672.2,ENSG00000290672,0.051282051308926005,473.2269195716067,-0.9936500649575342,0.0025855597801485654,1.8974358979725108,294.18547599369685,0.0,3.4731992376241223,0.0024017863205545754,-1.0,-0.4558005103564627,-0.9983543462515836,0.027222596241027464,18.268077910004525,348.88175680827743,-1.0,-0.4558005103564627,473.22031627304415,0.0,1.1365740822331072,461,True
heart_left_ventricle,excluded_at_or_below_-1,ENSG00000290672.2,ENSG00000290672,,,,,,,,,,,,,,,,,,,,,1,False
heart_left_ventricle,raw,ENSG00000290672.2,ENSG00000290672,0.9937824816578975,416.7793408067898,-0.9964342526774081,0.0031061020987322866,1150.237806320258,128.36751242382547,0.0,1.6234908136675112,0.2691700846355103,-1.0,-0.7144947985827819,-0.9993683513242982,0.013429035050261965,21.189672420660518,447.0022172949007,-1.0,-0.7144947985827819,414.51432192675986,0.0,111.57485511565648,452,True
kidney_cortex,excluded_at_or_below_-1,ENSG00000290672.2,ENSG00000290672,,,,,,,,,,,,,,,,,,,,,0,False
kidney_cortex,raw,ENSG00000290672.2,ENSG00000290672,0.0,104.0,-0.9875,1.0001e-06,0.0,-17675.90193946968,0.0,,,-1.0,-1.0,-1.0,0.0,,,,-1.0,8.493566188631232e-188,0.0,,104,True
kidney_medulla,excluded_at_or_below_-1,ENSG00000290672.2,ENSG00000290672,,,,,,,,,,,,,,,,,,,,,0,False
kidney_medulla,raw,ENSG00000290672.2,ENSG00000290672,0.0,11.0,-0.9875,1.0001e-06,0.0,-17675.90193946968,0.0,,,-1.0,-1.0,-1.0,0.0,,,,-1.0,8.983579622590726e-189,0.0,,11,True
liver,excluded_at_or_below_-1,ENSG00000290672.2,ENSG00000290672,0.20042738600846888,0.4137420612878651,-0.6614477251828966,0.02930360771137381,9.23239884199085,10.194030774087018,0.0,0.8075868350944299,0.7217343822422216,-0.6781815541024596,-0.4502194589935571,-0.5891376701389383,0.07199588275821926,0.49449426041135,-0.7871392332697167,-0.6781815541024596,-0.4502194589935571,0.41374199976458736,0.0,0.29861182660775587,11,True
liver,raw,ENSG00000290672.2,ENSG00000290672,0.44153044112877626,250.21350403123733,-0.9931261917047272,0.0029584133559795484,13.008395177368703,259.5262974161307,0.0,3.2858940744975804,0.004628528608235996,-1.0,-0.4502194589935571,-0.9827500548531616,0.08375204205769726,4.786345983356397,21.66691920155363,-1.0,-0.4502194589935571,244.51603551744626,0.0,1.131749465564948,262,True
lung,excluded_at_or_below_-1,ENSG00000290672.2,ENSG00000290672,,,,,,,,,,,,,,,,,,,,,5,False
lung,raw,ENSG00000290672.2,ENSG00000290672,0.13160542296103656,552.0193126710642,-0.9906642708051768,0.008938520858926657,2248.4916526853435,117.13771032024508,0.0,1.4770581229640785,0.33732172365759217,-1.0,-0.2502966948448273,-0.9952765783438291,0.05248052936484023,11.358357324386514,131.26220318259712,-1.0,-0.2502966948448273,549.7429566898728,0.0,185.4402417192489,604,True
minor_salivary_gland,excluded_at_or_below_-1,ENSG00000290672.2,ENSG00000290672,,,,,,,,,,,,,,,,,,,,,4,False
minor_salivary_gland,raw,ENSG00000290672.2,ENSG00000290672,0.10256410512148491,197.334767163231,-0.9904436760149216,0.0043745385686334605,3.589743590195096,281.47145642120523,0.0,3.0893962355328384,0.008700879362535633,-1.0,-0.1197776218598325,-0.9846170967088301,0.10580732185389079,7.080441261699709,50.26771802278724,-1.0,-0.1197776218598325,191.91417069157302,0.0,1.6698220471484473,181,True
muscle_skeletal,excluded_at_or_below_-1,ENSG00000290672.2,ENSG00000290672,0.37500255113222186,0.010692296421120056,-1.2858741625830588,0.0740485847467013,11.37500000026033,15.225375302406459,,-9.847161258417984,,-0.7702742741653361,-0.4886696077853127,-0.6331525780668227,0.08554324852802601,0.17044412748708646,-0.7344662054740683,-0.7702742741653361,-0.4886696077853127,0.0,0.0,0.0,15,True
muscle_skeletal,raw,ENSG00000290672.2,ENSG00000290672,0.3846153846156021,1056.3353534496994,-0.9948335017358214,0.0023375709805875944,13.23076926949939,306.2255005529073,0.0,3.12569413970996,0.007562019849737892,-1.0,-0.4886696077853127,-0.993272969035455,0.05050643909102344,7.7229700608310985,60.21547284625058,-1.0,-0.4886696077853127,1055.9498836574364,0.0,7.985113980545952,818,True
nerve_tibial,excluded_at_or_below_-1,ENSG00000290672.2,ENSG00000290672,-2.2202360093123814,2.7407264996701004,-1.5614159130229293,3.894861076557048,10.345729073934677,0.47027503220294753,0.0,-0.3462377345786496,1.0,-0.6078485653991612,-0.2662395924604989,-0.4484280678448185,0.10239482243054891,0.09457524191082539,-0.6687742058982171,-0.6078485653991612,-0.2662395924604989,0.1274587111208545,0.0,0.1274587111208545,12,True
nerve_tibial,raw,ENSG00000290672.2,ENSG00000290672,0.307692307692674,823.4262987542626,-0.9924252144288126,0.0033692041014883514,14.307692318234118,304.8142898004487,0.0,3.179494077580286,0.006408473041382781,-1.0,-0.2662395924604989,-0.9901210997225938,0.07437556459194876,7.618056785236222,57.72073887483397,-1.0,-0.2662395924604989,819.7644188224662,0.0,5.253438178308597,670,True
ovary,excluded_at_or_below_-1,ENSG00000290672.2,ENSG00000290672,,,,,,,,,,,,,,,,,,,,,3,False
ovary,raw,ENSG00000290672.2,ENSG00000290672,0.07692308895401524,214.1692192477818,-0.994617135276109,0.0027679003599485126,4.769230772700306,256.48859899685374,0.0,2.750286970983328,0.023046363204789515,-1.0,-0.4926173635480059,-0.9924175853376993,0.06058265469105609,7.864962506370894,60.02229312257448,-1.0,-0.4926173635480059,211.65858657584002,0.0,4.877960661639195,193,True
pancreas,excluded_at_or_below_-1,ENSG00000290672.2,ENSG00000290672,0.22301702959009587,1.159418899297607,-0.6615479000102306,0.1939862600322988,19.25897084166343,3.4093101900260065,0.0,0.93822632210894,0.6428825206763078,-0.7902434663180273,-0.1938962308073352,-0.5790260984566216,0.1516577976947841,0.9399316664393056,0.39961089322025023,-0.7902434663180273,-0.1938962308073352,1.1559473239969806,0.0,0.7431383294202115,31,True
pancreas,raw,ENSG00000290672.2,ENSG00000290672,0.8150058018694765,325.8629411504855,-0.9899274927961325,0.0076813438855681745,51.70956001092229,146.5574544699944,0.0,1.8544510579162574,0.18045320758594677,-1.0,-0.1938962308073352,-0.9639497487628599,0.12580301363911606,3.6865481572240646,13.587373334158627,-1.0,-0.1938962308073352,323.5217278203825,0.0,58.380533508935514,362,True
pituitary,excluded_at_or_below_-1,ENSG00000290672.2,ENSG00000290672,,,,,,,,,,,,,,,,,,,,,2,False
pituitary,raw,ENSG00000290672.2,ENSG00000290672,-0.07443279326169377,292.88128935049383,-0.9920209224259513,0.007283728900929409,338.65868097849403,122.67491700063636,0.0,1.5492229150657972,0.3026160098435873,-1.0,-0.36019920741052,-0.9966475090168582,0.0428750829286119,13.229552048178883,179.02182195445195,-1.0,-0.36019920741052,291.4918720616071,0.0,88.2101072251208,313,True
prostate,excluded_at_or_below_-1,ENSG00000290672.2,ENSG00000290672,,,,,,,,,,,,,,,,,,,,,2,False
prostate,raw,ENSG00000290672.2,ENSG00000290672,0.05128205127935177,318.7460005177009,-0.9952676364637204,0.0022860161650405915,1.8974358978406913,272.040407470573,0.0,2.9276138976768493,0.013975665661864374,-1.0,-0.5555258707445386,-0.9971378318833153,0.034100928712565114,11.92932965556113,141.70467362475318,-1.0,-0.5555258707445386,313.9929742960993,0.0,4.388260828936653,282,True
skin_not_sun_exposed_suprapubic,excluded_at_or_below_-1,ENSG00000290672.2,ENSG00000290672,0.21052636721609794,7.0796399605271185,-0.4914650317614861,0.0018475953134993249,8.315790898049428,79.03349185075639,0.0,71.09118890152703,0.0,-0.5843419146738159,-0.388211949597633,-0.48983596982210964,0.05949147649662755,0.3197061489501064,-0.39178875161184257,-0.5843419146738159,-0.388211949597633,7.053230423537162,0.0,0.0,11,True
skin_not_sun_exposed_suprapubic,raw,ENSG00000290672.2,ENSG00000290672,0.2820512820516464,769.3589518917954,-0.9935495192928404,0.002786204251281279,17.897435909409438,307.2555073746841,0.0,3.2741164958370472,0.004764650824655558,-1.0,-0.388211949597633,-0.9913797168479926,0.06621593730983712,7.6431973919507445,57.19554486201744,-1.0,-0.388211949597633,759.1271205955055,0.0,3.616975661163772,651,True
skin_sun_exposed_lower_leg,excluded_at_or_below_-1,ENSG00000290672.2,ENSG00000290672,,,,,,,,,,,,,,,,,,,,,5,False
skin_sun_exposed_lower_leg,raw,ENSG00000290672.2,ENSG00000290672,-0.4080286833168863,687.452174561999,-0.9923090869887933,0.007508899266546378,3944.810419704836,115.00671309958791,0.0,1.4484937274279175,0.3516103126138618,-1.0,-0.3816701802367599,-0.9965554614103928,0.0424083500312058,12.362801977542796,152.71852324929029,-1.0,-0.3816701802367599,684.8206688726843,0.0,240.79000946675802,754,True
small_intestine_terminal_ileum,excluded_at_or_below_-1,ENSG00000290672.2,ENSG00000290672,,,,,,,,,,,,,,,,,,,,,1,False
small_intestine_terminal_ileum,raw,ENSG00000290672.2,ENSG00000290672,0.026316030053083417,200.47798216283377,-0.9922235723747368,0.005436598992611814,31.183187439139168,159.8108084181282,0.0,2.0228693397113506,0.13037592097253003,-1.0,-0.3778699109683536,-0.9969945406326973,0.0432410303272365,14.28302679297815,202.00485436893226,-1.0,-0.3778699109683536,198.74797105505382,0.0,25.91194976772438,207,True
spleen,excluded_at_or_below_-1,ENSG00000290672.2,ENSG00000290672,,,,,,,,,,,,,,,,,,,,,2,False
spleen,raw,ENSG00000290672.2,ENSG00000290672,0.05263157893161958,311.45200125532,-0.9945975802002917,0.003256572200680843,3.8975070818991457,225.28668643632872,0.0,2.3460789073809796,0.06393627786777412,-1.0,-0.4758199501788815,-0.9962455803765378,0.04410559903731424,11.641919325542661,133.54341940524205,-1.0,-0.4758199501788815,310.7754008115377,0.0,19.86982238075535,277,True
stomach,excluded_at_or_below_-1,ENSG00000290672.2,ENSG00000290672,,,,,,,,,,,,,,,,,,,,,2,False
stomach,raw,ENSG00000290672.2,ENSG00000290672,0.051282051282051294,446.69166461939636,-0.9932239483593717,0.0019422815090647278,1.8974358974358976,425.205438845852,0.0,4.933777150631357,5.200456893134699e-06,-1.0,-0.4092466174969682,-0.9976260799715556,0.03465683813676876,15.142974041744717,235.27478612507423,-1.0,-0.4092466174969682,444.7686033284693,0.0,0.0023129999490294484,407,True
testis,excluded_at_or_below_-1,ENSG00000290672.2,ENSG00000290672,0.5520217480982992,9.884353636845429,-0.5680364056079523,0.3046670279582824,164.9824703242166,5.0565975561019885,0.0,0.48940844510628595,0.8871334862641507,-0.6734707052041256,0.521317133339565,-0.40371370818715424,0.22660898874153654,1.5536307651347465,2.806846291785245,-0.6734707052041256,0.521317133339565,9.884317487176576,0.0,8.768709031740665,145,True
testis,raw,ENSG00000290672.2,ENSG00000290672,3.8100066257357597,254.97863974456422,-0.9809898316745884,0.01395679054791344,1065.6781373974327,152.2257482819506,0.0,1.926262185887129,0.15763815498771536,-1.0,0.521317133339565,-0.7911557673602352,0.3146675159632021,1.3361200821005872,1.1219230236298223,-1.0,0.521317133339565,253.00007931790577,0.0,39.88246571542032,414,True
thyroid,excluded_at_or_below_-1,ENSG00000290672.2,ENSG00000290672,-83.23466556177834,83.6520826724847,-0.32440186899673396,6.889164814241344,9.286415788476994,0.019475478760585318,0.9021283329908066,0.062280010520657646,0.0,-0.6277911650161581,-0.2295295055944287,-0.41466129397509993,0.1161505131217518,0.07810172168424172,-0.7588879243219209,-0.6277911650161581,-0.2295295055944287,0.16207754540296548,0.14621474584961902,0.0,15,True
thyroid,raw,ENSG00000290672.2,ENSG00000290672,0.3846153847080624,673.0300533942677,-0.9900904620035216,0.003434980248272673,15.230769230916293,313.13007406842286,0.0,4.079849669737934,0.00024596708176017387,-1.0,-0.2295295055944287,-0.987163624867875,0.08738506182160581,6.89309738383469,47.08938975145572,-1.0,-0.2295295055944287,664.8198925134419,0.0,0.16352380885764367,684,True
uterus,excluded_at_or_below_-1,ENSG00000290672.2,ENSG00000290672,,,,,,,,,,-0.4338814036219321,-0.4338814036219321,,,,,,,,,,1,False
uterus,raw,ENSG00000290672.2,ENSG00000290672,0.025641025641953894,175.91912978110852,-0.9939453011782242,0.0026712704992119946,0.9743589749324209,296.5068344644592,0.0,3.2054549295423027,0.0059951803057826875,-1.0,-0.4338814036219321,-0.9962998784550453,0.045767975872415385,12.247717295372576,148.00657894736858,-1.0,-0.4338814036219321,172.31999111112447,0.0,1.0330894170020597,153,True
vagina,excluded_at_or_below_-1,ENSG00000290672.2,ENSG00000290672,,,,,,,,,,-0.5413261263731874,-0.3470354011759174,,,,,,,,,,2,False
vagina,raw,ENSG00000290672.2,ENSG00000290672,0.051282051285497905,234.16859617489322,-0.993726838055185,0.0032763375041312496,1.8974358984213793,279.1409003352078,0.0,2.707776805696529,0.025748799595014166,-1.0,-0.3470354011759174,-0.9934609501620534,0.061030375126812364,9.463781650091164,89.84384309268664,-1.0,-0.3470354011759174,232.61413511475106,0.0,5.989534748037271,170,True
whole_blood,excluded_at_or_below_-1,ENSG00000290672.2,ENSG00000290672,0.25641025641025644,1.7987306816191722,-0.5430222432460172,0.0010966162139300038,7.435897435897438,485.54470656148266,0.0,17.536369907921383,0.0,-0.5566203786946909,-0.1665188550945633,-0.3801823674733375,0.13992323058337072,0.3682841501803932,-1.2561980919890545,-0.5566203786946909,-0.1665188550945633,1.7896043305885772,0.0,0.0,11,True
whole_blood,raw,ENSG00000290672.2,ENSG00000290672,0.28205128205121544,831.4557328761963,-0.9904112571158044,0.003749563886911954,9.897435897437376,310.7454210719374,0.0,3.616561990121548,0.0014471934896320995,-1.0,-0.1665188550945633,-0.9915093474996347,0.07376420578872332,8.956760752358205,81.54519603581548,-1.0,-0.1665188550945633,830.1005747419786,0.0,1.2013161475064553,803,True
adipose_subcutaneous,excluded_at_or_below_-1,ENSG00000290673.1,ENSG00000290673,3.5231861345995377,65.3319980703015,-0.9743357482697204,0.010445938381624328,1277.5803050011189,30.152737083026928,0.0,2.228479106335645,0.08349347970502417,-0.9907961726701604,-0.7516157560515137,-0.9556052909142336,0.03239747210503611,2.3624582975430903,7.6345139457946125,-0.9907961726701604,-0.7516157560515137,65.3272403657874,0.0,5.454398617666106,341,True
adipose_subcutaneous,raw,ENSG00000290673.1,ENSG00000290673,8.833922278772485,355.62394302948434,-0.9968980841899698,0.0023175975479122015,9994.86981647728,149.6729211576615,0.0,1.8928098244822502,0.1679695882121094,-1.0,-0.7516157560515137,-0.9787974848764057,0.03151081111162667,2.3685362730095423,8.150666689412352,-1.0,-0.7516157560515137,353.0048002953534,0.0,59.29407094250842,714,True
adipose_visceral_omentum,excluded_at_or_below_-1,ENSG00000290673.1,ENSG00000290673,0.35843095074040726,101.40979906826342,-0.9943736972076721,0.055534843489593075,38.14315284854032,19.234895475020352,0.0,-0.09329311146153382,1.0,-0.9907101640034086,-0.2390373476174078,-0.9507189065534808,0.05826035943079119,8.022353511805074,87.61845483421935,-0.9907101640034086,-0.2390373476174078,100.96944253634615,0.0,100.96944253634616,260,True
adipose_visceral_omentum,raw,ENSG00000290673.1,ENSG00000290673,0.9459710815901521,315534281952.3959,-1.7970740211771963,0.17758605368709568,354.9349747768531,12.407486672941513,0.0,-6.347530493302257,1.0,-1.0,-0.2390373476174078,-0.9781719177238586,0.04583084981789753,8.595509686121613,120.43724900349945,-1.0,-0.2390373476174078,562.2583773649995,0.0,562.2583773649816,587,True
adrenal_gland,excluded_at_or_below_-1,ENSG00000290673.1,ENSG00000290673,0.4636694662074981,30.17523528808005,-0.9855813788919469,0.01949337335250513,31.54555103394599,20.66121402188508,0.0,0.3209330099800002,0.9498198979115271,-0.9900050862803736,-0.7007893435442011,-0.9656699179511284,0.03646946241465139,4.393128571569745,25.35216398953147,-0.9900050862803736,-0.7007893435442011,30.174749321599574,0.0,28.660577320147627,109,True
adrenal_gland,raw,ENSG00000290673.1,ENSG00000290673,2.193809009644228,146163963065.05887,-1.1427953623487497,0.03236684535935293,1668.3201090490231,19.312691722157588,0.0,-6.239197420555155,1.0,-1.0,-0.7007893435442011,-0.9873153256158407,0.02764196516913047,5.317245598925882,42.49782560435317,-1.0,-0.7007893435442011,515.0184044823806,0.0,515.0184044823642,295,True
artery_aorta,excluded_at_or_below_-1,ENSG00000290673.1,ENSG00000290673,1.9368642161598741,21.166025919755487,-0.9664006651090801,0.022593686905189758,698.8602188231514,10.080497712434848,0.0,1.151812321312349,0.5151463851221748,-0.9848021906308706,-0.805353129416484,-0.9468758508935812,0.032328125643661526,1.6789982144027793,2.987265439764025,-0.9848021906308706,-0.805353129416484,21.165356321710522,0.0,10.903256798951944,243,True
artery_aorta,raw,ENSG00000290673.1,ENSG00000290673,6.231000480041008,298.94956274201695,-0.9979569332674681,0.0007191330448132554,3074.9230790086494,378.76567282684346,0.0,4.017799908959142,0.00031766658519789175,-1.0,-0.805353129416484,-0.9726500673032632,0.03526182808736907,1.5866903392445701,2.8239674330591455,-1.0,-0.805353129416484,293.9545071857395,0.0,0.093379524501219,472,True
artery_coronary,excluded_at_or_below_-1,ENSG00000290673.1,ENSG00000290673,1.4131463146461387,17.344622175603376,-0.9700527678879969,0.019820506305144557,212.7352023263867,12.767877651851926,0.0,0.9596346888222417,0.6310026755039494,-0.983502253811834,-0.7911082249738468,-0.9473430295283677,0.03629746181059247,1.8948317889269206,3.631920909527338,-0.983502253811834,-0.7911082249738468,17.344549473223747,0.0,10.9444571230148,162,True
artery_coronary,raw,ENSG00000290673.1,ENSG00000290673,4.151887776833894,165.2754437239101,-0.998149299095743,0.0010929169753088807,1535.077072651436,267.9071709987188,0.0,2.3947714033418452,0.05739060652317935,-1.0,-0.7911082249738468,-0.9681700402372968,0.038208072357189045,1.7384766075123126,3.6059522422696118,-1.0,-0.7911082249738468,163.69796275616466,0.0,9.3947253691851,268,True
artery_tibial,excluded_at_or_below_-1,ENSG00000290673.1,ENSG00000290673,6.291563939725696,68.30815871088595,-0.9695942575284523,0.009438452193875997,2976.6980595398404,32.818596778201375,0.0,2.248955356610513,0.07977023899477843,-0.9846037710731468,-0.7505631543042937,-0.943714179629242,0.03523211514204311,1.9504291426988243,5.42019953854342,-0.9846037710731468,-0.7505631543042937,68.28798967515382,0.0,5.447349256859985,445,True
artery_tibial,raw,ENSG00000290673.1,ENSG00000290673,11.410256410256391,607.6096402275898,-0.9981263395411649,0.001275492572326466,12215.43589999212,274.4878501861281,0.0,2.077437446251822,0.11868443478762168,-1.0,-0.7505631543042937,-0.9637522575036362,0.039065823405376836,1.5283193435752742,3.6078365477620027,-1.0,-0.7505631543042937,591.6685413867094,0.0,70.22184641609597,691,True
bladder,excluded_at_or_below_-1,ENSG00000290673.1,ENSG00000290673,0.6689899044201424,6.607147046337006,-0.9799321944492363,0.004011295693099575,33.470922241699775,37.55045524756637,0.0,3.22507248612703,0.00551536675874944,-0.9890798364445704,-0.8734235429866268,-0.9608201190175922,0.026541966255169074,1.5797511655401546,2.0126863658606142,-0.9890798364445704,-0.8734235429866268,6.604972701790079,0.0,0.03642884688190051,43,True
bladder,raw,ENSG00000290673.1,ENSG00000290673,1.1025641015955714,44.76659861722039,-0.9986928487786944,0.0004955647766650178,127.58974363756033,357.486164356584,0.0,3.730271141713209,0.0009575038379139052,-1.0,-0.8734235429866268,-0.9781203262046294,0.027799624517306276,1.6202329791541865,2.617664259398963,-1.0,-0.8734235429866268,44.48632008413447,0.0,0.042595822215225176,77,True
brain_amygdala,excluded_at_or_below_-1,ENSG00000290673.1,ENSG00000290673,0.8448001812292508,13.210799694001537,-0.9462558957820882,0.14633180589074987,130.50389119521847,5.850011810609154,0.0,0.352165109457445,0.9398733685266506,-0.9826951987344285,-0.3409422320577876,-0.8465763097849464,0.12179034216878412,1.5775411633193916,2.570014301513324,-0.9826951987344285,-0.3409422320577876,13.210799106901884,0.0,12.416478257532741,170,True
brain_amygdala,raw,ENSG00000290673.1,ENSG00000290673,0.920472535784229,13.189000220266836,-0.9345424436921158,0.13473088759173696,121.09481215091404,6.230772207666296,0.0,0.6870804872222023,0.7897620236666393,-1.0,-0.3409422320577876,-0.8559004014554744,0.12360216629133446,1.5268685268894053,2.5014105881251725,-1.0,-0.3409422320577876,13.188786719827105,0.0,10.416002889558351,181,True
brain_anterior_cingulate_cortex_ba24,excluded_at_or_below_-1,ENSG00000290673.1,ENSG00000290673,0.7407467269222642,11.972897160709971,-0.9200084933087412,0.3444883967099566,202.0352436894854,3.3916542183485805,0.0,0.27920166930584234,0.9616546994556353,-0.988019250649038,-0.0938351663376183,-0.7382779290672951,0.18985189424314305,1.0072665974206616,0.6263312315209233,-0.988019250649038,-0.0938351663376183,11.934809571482027,0.0,11.477165711523789,229,True
brain_anterior_cingulate_cortex_ba24,raw,ENSG00000290673.1,ENSG00000290673,0.7966368029640659,11.755618539794789,-0.899363579976603,0.32740783927440986,223.82371650195347,3.4794194603579713,0.0,0.4346914551012927,0.9096394792771415,-1.0,-0.0938351663376183,-0.7427710118300881,0.19126690969226112,0.9944239024117691,0.6102741958049451,-1.0,-0.0938351663376183,11.727931419356628,0.0,10.66818942930159,233,True
brain_caudate_basal_ganglia,excluded_at_or_below_-1,ENSG00000290673.1,ENSG00000290673,0.5264717277655423,28.893684646869293,-1.0039826997850745,0.15755656394564566,289.40944142828494,5.694529106866135,0.0,-0.13258433797304187,1.0,-0.989211569540087,-0.3695591139578059,-0.888349436115072,0.09819604654139116,2.325549848198189,7.560853944584366,-0.989211569540087,-0.3695591139578059,28.640839445136972,0.0,28.640839445136972,254,True
brain_caudate_basal_ganglia,raw,ENSG00000290673.1,ENSG00000290673,0.10193479193185753,907706512641.8248,-5.54577587436419,0.9351245808997638,406.86238346811905,7.82812910051639,0.0,-6.874696724204009,1.0,-1.0,-0.3695591139578059,-0.9054691892440944,0.09890785757490199,2.2286856851944292,7.291365083056416,-1.0,-0.3695591139578059,49.52885167587994,0.0,49.52885167587994,300,True
brain_cerebellar_hemisphere,excluded_at_or_below_-1,ENSG00000290673.1,ENSG00000290673,0.9009514189115448,7.706939343452899,-0.9740945335692568,0.012884521042670278,96.05430037026093,7.746655075867481,0.0,1.8482887282011147,0.1812158407556846,-0.9909337972031568,-0.9035168337147628,-0.9661709274558544,0.017354018187031018,1.536551925228541,2.757150055007047,-0.9909337972031568,-0.9035168337147628,7.706791806356085,0.0,1.3965927567178391,114,True
brain_cerebellar_hemisphere,raw,ENSG00000290673.1,ENSG00000290673,2.923076911956353,175.7905379094502,-0.9989350664275006,0.00046112753413394197,456.7692308188109,292.6343555985316,0.0,3.266002113891826,0.004917446106228721,-1.0,-0.9035168337147628,-0.9860775658121567,0.02003633790622438,1.532108414362,2.3104896666329795,-1.0,-0.9035168337147628,172.5822999988858,0.0,0.8486641591335151,277,True
brain_cerebellum,excluded_at_or_below_-1,ENSG00000290673.1,ENSG00000290673,0.7277885995231167,24.00125169926711,-0.9715277232374762,0.013098222976317056,143.08021416696323,31.613467895737713,0.0,1.8539832415474087,0.17932151604836324,-0.9886990236253708,-0.678728769408909,-0.9546364571115888,0.037502776145784754,4.425318159397739,28.01324099383077,-0.9886990236253708,-0.678728769408909,24.0000030745827,0.0,4.303716936499549,99,True
brain_cerebellum,raw,ENSG00000290673.1,ENSG00000290673,2.5263140090111036,211.5590463901834,-0.9980314711377343,0.004080399798844001,1219.4736665952082,110.66616840222514,0.0,0.6822665307766201,0.7938464440628755,-1.0,-0.678728769408909,-0.9831165761430348,0.03166671107554597,4.288385211896815,32.00761372785882,-1.0,-0.678728769408909,211.161989354826,0.0,167.630194370571,266,True
brain_cortex,excluded_at_or_below_-1,ENSG00000290673.1,ENSG00000290673,1.313154970392314,13.582945288560156,-0.7768404987187647,0.22069553623850616,258.708558512687,4.3850895958384974,0.0,1.3289385650208307,0.4134870426059807,-0.9842284187887376,-0.0925239813580323,-0.7099678217121546,0.17879162675737975,0.929087876565034,0.695947760300994,-0.9842284187887376,-0.0925239813580323,13.581978319554617,0.0,5.615972048091185,269,True
brain_cortex,raw,ENSG00000290673.1,ENSG00000290673,1.3522626481491362,14.018290498218407,-0.7706204091130978,0.20994242883658168,384.3141356916916,4.5677911322747535,0.0,1.5451461153493389,0.3030682115994769,-1.0,-0.0925239813580323,-0.7110420149650726,0.17932975781112784,0.9195678797827819,0.6855451836989497,-1.0,-0.0925239813580323,14.01775644965397,0.0,4.248336377833661,270,True
brain_frontal_cortex_ba9,excluded_at_or_below_-1,ENSG00000290673.1,ENSG00000290673,1.4537626457132369,13.062806173681594,-0.7841518838187344,0.2577229158850901,284.66661857096244,4.347393499066467,0.0,1.0993291448294558,0.5464419644083246,-0.9844910124065596,0.0081067671301289,-0.6824275511907112,0.20774295437368623,1.037635423483213,0.736125720936176,-0.9844910124065596,0.0081067671301289,13.061772567079924,0.0,7.137500660209918,266,True
brain_frontal_cortex_ba9,raw,ENSG00000290673.1,ENSG00000290673,1.5305875655425107,13.38684250725832,-0.7796105737267859,0.2458218308332946,313.8830614457579,4.5317396871549,0.0,1.267900880010005,0.44761175003189935,-1.0,0.0081067671301289,-0.6859692513633054,0.20926152441466267,1.0155003392335173,0.7148261230310293,-1.0,0.0081067671301289,13.386376314499302,0.0,5.991899328718599,269,True
brain_hippocampus,excluded_at_or_below_-1,ENSG00000290673.1,ENSG00000290673,0.20583366851495233,18.45284775605668,-0.9138987893093629,0.3345109586158059,172.79588640085373,4.722636274625791,0.0,0.3224757986901235,0.9493353588769998,-0.9901755917812742,0.2031698270939061,-0.7577411776050343,0.18000926399584347,1.4601004807756524,3.571726515060866,-0.9901755917812742,0.2031698270939061,18.452528956232307,0.0,17.517638198853028,238,True
brain_hippocampus,raw,ENSG00000290673.1,ENSG00000290673,-0.08016553404253958,23.560406669258153,-1.067323020858729,0.447419649153141,230.7338662809576,4.015800870331584,0.0,-0.2127960391067973,1.0,-1.0,0.2031698270939061,-0.7738917657646986,0.1841216066392369,1.3845292593637,3.2422890592425704,-1.0,0.2031698270939061,23.02554848420212,0.0,23.02554848420212,255,True
brain_hypothalamus,excluded_at_or_below_-1,ENSG00000290673.1,ENSG00000290673,-0.4604282780626849,60.41880628050175,-2.5016734048134426,1.437985457981699,224.07053345761466,2.995096094479572,0.0,-1.4876192760142557,1.0,-0.989048336834205,0.5437680643606209,-0.5945363471504166,0.3216652615962553,1.0229865378888763,0.5722291063101728,-0.989048336834205,0.5437680643606209,19.30012908171947,0.0,19.30012908171947,251,True
brain_hypothalamus,raw,ENSG00000290673.1,ENSG00000290673,-0.32478746392321767,43.03560403108479,-2.1209530217746413,1.2823632989828895,219.94902889908877,2.938702864424643,0.0,-1.2362073738652382,1.0,-1.0,0.5437680643606209,-0.6040024246488503,0.3237386030207736,1.0216740893102059,0.5721468172041804,-1.0,0.5437680643606209,19.4703496308897,0.0,19.4703496308897,257,True
brain_nucleus_accumbens_basal_ganglia,excluded_at_or_below_-1,ENSG00000290673.1,ENSG00000290673,1.1384282400508845,15.89753645056418,-0.8345484383620071,0.39202379792915626,176.5471518871434,4.404244080252249,0.0,0.5556906380679804,0.8569241444136068,-0.9885873757651648,0.38631985005283,-0.6398855228143697,0.2683590674102239,1.1535352971177486,1.075597468028751,-0.9885873757651648,0.38631985005283,15.896554376403222,0.0,13.622141258123706,274,True
brain_nucleus_accumbens_basal_ganglia,raw,ENSG00000290673.1,ENSG00000290673,1.013906416649639,17.011876099159917,-0.8886488365894268,0.4388882683907432,205.33775271048938,4.108284814405675,0.0,0.35880276786313087,0.9376451157845094,-1.0,0.38631985005283,-0.6537846780741661,0.27213279600502505,1.1270037638085628,1.038509458391709,-1.0,0.38631985005283,17.008191021363896,0.0,15.947647239511802,285,True
brain_putamen_basal_ganglia,excluded_at_or_below_-1,ENSG00000290673.1,ENSG00000290673,0.7720036659935041,27.321949713228044,-0.9918368912424034,0.14226941642455582,167.21349066481284,7.619858331980679,0.0,-0.005299848849356941,1.0,-0.991303728201829,-0.2252816643857383,-0.8780735461146337,0.11783851881910344,2.4177086240935384,7.689200452056236,-0.991303728201829,-0.2252816643857383,27.321566001019317,0.0,27.321566001019317,210,True
brain_putamen_basal_ganglia,raw,ENSG00000290673.1,ENSG00000290673,0.6250377981017934,1733263002176.2427,-4.965166789159837,0.8065568416286232,142.0786543396009,8.310895750398327,0.0,-6.952507698004526,1.0,-1.0,-0.2252816643857383,-0.899194664110524,0.11665552454966682,2.409013431977273,7.944184578071329,-1.0,-0.2252816643857383,55.274615525209526,0.0,55.27461552520954,254,True
brain_spinal_cord_cervical_c-1,excluded_at_or_below_-1,ENSG00000290673.1,ENSG00000290673,0.9793672575536136,13.261496733002488,-0.9747315376613357,0.009471412296266185,123.95031116183054,24.15387111775457,0.0,2.183879795196996,0.09212960483672078,-0.9893576355125588,-0.8129658199551331,-0.9540591472471932,0.03596411407541442,2.0168516795069795,4.085094033989399,-0.9893576355125588,-0.8129658199551331,13.260083996398082,0.0,1.2216462986898808,89,True
brain_spinal_cord_cervical_c-1,raw,ENSG00000290673.1,ENSG00000290673,2.2820512963127766,134.45191405390395,-0.997949628702177,0.000684822507550296,579.8974360265748,382.00644439287333,0.0,4.234181653367038,0.00013300921973440763,-1.0,-0.8129658199551331,-0.979957176985295,0.03289863098564658,2.4509701630763794,7.135565983303692,-1.0,-0.8129658199551331,129.30210851110465,0.0,0.017198372563075548,204,True
brain_substantia_nigra,excluded_at_or_below_-1,ENSG00000290673.1,ENSG00000290673,0.253335876890168,401962250344.44385,-3.416100422417044,0.5032503725985441,75.50483155666443,8.558595900208887,0.0,-6.82039018418687,1.0,-0.9890526321951204,-0.370509084378243,-0.9180951463565196,0.0920730104044684,3.0342695171272003,11.842850295044574,-0.9890526321951204,-0.370509084378243,31.841208529799488,0.0,31.841208529799495,115,True
brain_substantia_nigra,raw,ENSG00000290673.1,ENSG00000290673,1.0040280633609662,1068990091191.3274,-2.1474382275909716,0.23846876979508994,236.21016542002383,10.537888444959748,0.0,-6.804759821753024,1.0,-1.0,-0.370509084378243,-0.9485297367814193,0.08297666994651492,3.3852525194454044,15.555902389797993,-1.0,-0.370509084378243,94.19408265889523,0.0,94.19408265889255,183,True
breast_mammary_tissue,excluded_at_or_below_-1,ENSG00000290673.1,ENSG00000290673,1.282763855315994,17.38782714329237,-0.9716979237623229,0.02484221236002356,411.61456689390104,7.597692558402869,0.0,1.035091641195742,0.58525709743662,-0.9898804437485694,-0.8382361206770115,-0.9565146216786254,0.027682030628798985,1.665585515219548,2.9636741743939075,-0.9898804437485694,-0.8382361206770115,17.387769635927295,0.0,10.176315588019405,223,True
breast_mammary_tissue,raw,ENSG00000290673.1,ENSG00000290673,5.717948717832208,308.0502447793899,-0.9981459124980805,0.0006060948179794976,2195.8974456219294,373.1208214310519,0.0,4.326180678763532,8.658958952037741e-05,-1.0,-0.8382361206770115,-0.9811337755531779,0.028230990881740674,1.8873951398704079,4.016971185730546,-1.0,-0.8382361206770115,306.9467354675842,0.0,0.02657839182875854,514,True
cells_cultured_fibroblasts,excluded_at_or_below_-1,ENSG00000290673.1,ENSG00000290673,2.1045403699038876,32.19849512058802,-0.973227302627501,0.010995909384707894,430.42312834451985,14.5481356231174,0.0,1.9839686227805438,0.13972757549000814,-0.988653218329788,-0.8601114442561493,-0.9634643297904534,0.019008297817683758,1.8794654748600015,4.526504127243165,-0.988653218329788,-0.8601114442561493,32.19833069434916,0.0,4.498994682746918,275,True
cells_cultured_fibroblasts,raw,ENSG00000290673.1,ENSG00000290673,7.0512620567015905,392.8826980569808,-0.9983622882293899,0.0004521754431413234,4475.897435913028,432.3901740399836,0.0,5.1220698345862585,2.0092339735854307e-06,-1.0,-0.8601114442561493,-0.9845900163993476,0.02186597646897809,1.6201168267599142,3.108810388581775,-1.0,-0.8601114442561493,392.8659305793663,0.0,0.0007893595747843207,652,True
cells_ebv-transformed_lymphocytes,excluded_at_or_below_-1,ENSG00000290673.1,ENSG00000290673,0.5396118263039267,861069915289.1881,-2.6438895921349235,0.33937568477803604,431.7220923138283,7.8480070369227315,0.0,-6.909387351295601,1.0,-0.985810412206918,-0.7605652957470499,-0.9472489741327798,0.03857409027076389,1.8317761168609275,4.450475144761445,-0.985810412206918,-0.7605652957470499,36.989798051313514,0.0,36.989798051313116,245,True
cells_ebv-transformed_lymphocytes,raw,ENSG00000290673.1,ENSG00000290673,1.3765472838553354,1050331897698.1207,-2.46451665287854,0.3008662931000394,3249.149238459878,8.009375507139783,0.0,-6.883919403139714,1.0,-1.0,-0.7605652957470499,-0.9604770601300645,0.040473506768061863,1.6456272266357403,3.82468477665312,-1.0,-0.7605652957470499,53.824293275630104,0.0,53.82429327563011,327,True
cervix_ectocervix,excluded_at_or_below_-1,ENSG00000290673.1,ENSG00000290673,,,,,,,,,,,,,,,,,,,,,6,False
cervix_ectocervix,raw,ENSG00000290673.1,ENSG00000290673,0.15384615384615383,21.18476025487448,-0.9976339063458188,0.0007838171353043398,7.076923077074177,384.1077301406567,0.0,4.269059178310574,0.00011436679779472569,-1.0,-0.7847451116846387,-0.9813955516339993,0.04696943429788609,3.3258583325350033,11.082472556624301,-1.0,-0.7847451116846387,20.428861563777627,0.0,0.002336383479640991,24,True
cervix_endocervix,excluded_at_or_below_-1,ENSG00000290673.1,ENSG00000290673,,,,,,,,,,,,,,,,,,,,,9,False
cervix_endocervix,raw,ENSG00000290673.1,ENSG00000290673,0.23076923076923073,14.303936954453611,-0.9987735010714833,0.000369539787188226,6.923076923076923,348.7241109553645,0.0,4.693760940174864,1.6447305830191057e-05,-1.0,-0.9076504647928572,-0.9780077084727835,0.03250142702211315,1.1128464253329764,-0.3124614711784388,-1.0,-0.9076504647928572,14.2989742311441,0.0,0.00023517960223765066,23,True
colon_sigmoid,excluded_at_or_below_-1,ENSG00000290673.1,ENSG00000290673,2.851741171635963,30.571336772506537,-0.9712623591834509,0.01210838608057975,591.3093822924311,19.534006002328237,0.0,1.8418764114368094,0.1833865174711387,-0.9870323611801548,-0.8040137252645005,-0.951359248471779,0.031029271503121056,1.8733963879275504,4.461884523662414,-0.9870323611801548,-0.8040137252645005,30.568428925280358,0.0,5.605837725171188,253,True
colon_sigmoid,raw,ENSG00000290673.1,ENSG00000290673,6.621425370295721,157.7595686427532,-0.9975586714023468,0.001772272342850332,3766.0599984855235,154.4423400055436,0.0,1.9480978907890738,0.15102906775032926,-1.0,-0.8040137252645005,-0.9706298087431028,0.03387901324158069,1.5834973374461547,3.407944610989671,-1.0,-0.8040137252645005,156.61842288406828,0.0,23.653934400707662,419,True
colon_transverse,excluded_at_or_below_-1,ENSG00000290673.1,ENSG00000290673,1.4219703210523582,63.391826634464124,-0.9744028919799834,0.029523430412261194,1583.1935465341317,21.086134551397137,0.0,0.9206000579200564,0.6545875201736313,-0.9936215393403712,-0.5342041535043629,-0.9495006525593673,0.052719248085525264,3.7256970421917215,18.99156265104062,-0.9936215393403712,-0.5342041535043629,63.391683913521405,0.0,41.495405172582664,295,True
colon_transverse,raw,ENSG00000290673.1,ENSG00000290673,1.535290642813372,1088513543683.5219,-1.9531366492420605,0.20203481629740513,1425.5458429100204,9.932315708448163,0.0,-6.671814298426356,1.0,-1.0,-0.5342041535043629,-0.9688991492797774,0.04810434073184166,3.8453973524581038,22.160581736306757,-1.0,-0.5342041535043629,234.92848383437305,0.0,234.92848383437558,479,True
esophagus_gastroesophageal_junction,excluded_at_or_below_-1,ENSG00000290673.1,ENSG00000290673,2.186620099579172,26.608347537337075,-0.9732193282802043,0.011813209807839922,352.300634940677,18.09041751362453,0.0,2.297377683310579,0.07144490890624086,-0.9924097852966512,-0.8221064389077795,-0.9561821471086988,0.028492449153059343,1.636967069571009,2.904445082577274,-0.9924097852966512,-0.8221064389077795,26.604530077288896,0.0,1.9007582278652508,217,True
esophagus_gastroesophageal_junction,raw,ENSG00000290673.1,ENSG00000290673,5.759576340843804,363.3917801646933,-0.9976962919215941,9.558311974452455e-05,2481.0799335124434,2597.964496356168,0.0,34.08483858800608,0.0,-1.0,-0.8221064389077795,-0.9764057715200686,0.03024151765267112,1.6345221052469239,3.02563348417997,-1.0,-0.8221064389077795,205.50019747534404,0.0,0.0,403,True
esophagus_mucosa,excluded_at_or_below_-1,ENSG00000290673.1,ENSG00000290673,2.113132887680607,53.670877680411785,-0.9761175690089849,0.01037098623980573,640.5509151446104,29.31524049717851,0.0,2.0258518419346965,0.12848674883558683,-0.990973940165074,-0.761137339783446,-0.9590179710099921,0.03442670126317957,3.0947189197230003,12.104803808438847,-0.990973940165074,-0.761137339783446,53.66506324587282,0.0,6.895249502518345,253,True
esophagus_mucosa,raw,ENSG00000290673.1,ENSG00000290673,6.487179484905339,357.6813324640999,-0.9970094903193767,5.010567514757049e-05,6681.743589743903,6657.401447871634,0.0,84.40599465608491,0.0,-1.0,-0.761137339783446,-0.9831132681848991,0.02991289147483168,3.363948408478837,16.473092106137834,-1.0,-0.761137339783446,4.947482707251538e-05,0.0,0.0,614,True
esophagus_muscularis,excluded_at_or_below_-1,ENSG00000290673.1,ENSG00000290673,4.284645972983305,39.6782821539164,-0.9751375915184622,0.00860304424649184,1229.6174902010262,23.477373260647557,0.0,2.401135966676369,0.0559911906026545,-0.9897443521328184,-0.8323183693538609,-0.9558141066424723,0.028290523919358025,1.840922169962744,3.964514256177617,-0.9897443521328184,-0.8323183693538609,39.671693965648856,0.0,2.2212653783608234,324,True
esophagus_muscularis,raw,ENSG00000290673.1,ENSG00000290673,8.307692308909198,345.57628931856624,-0.9984406470533913,0.0008352499987238756,5178.3076923077615,281.271928756568,0.0,2.640237161317081,0.031282554126979,-1.0,-0.8323183693538609,-0.9744808744245297,0.03064054240621976,1.620908856767698,3.3334059458319505,-1.0,-0.8323183693538609,338.4857541518823,0.0,10.588698925467929,561,True
fallopian_tube,excluded_at_or_below_-1,ENSG00000290673.1,ENSG00000290673,0.1076151669499262,3.561751834824598,-0.9687940218616795,0.012807975771888172,7.661078844959339,19.17339477302348,0.0,1.2554697974632263,0.45471626824542943,-0.9801643178170256,-0.7951481297195805,-0.9511788635958174,0.042261956270556615,2.7604239044220225,7.478574251592807,-0.9801643178170256,-0.7951481297195805,3.5616785868853795,0.0,1.6195531957181741,20,True
fallopian_tube,raw,ENSG00000290673.1,ENSG00000290673,0.15222399813624166,705448538145.1274,-2.1347417509474758,0.2242960901035984,63.02031097160983,8.446297331058929,0.0,-7.154681890530059,1.0,-1.0,-0.7951481297195805,-0.9663302507557362,0.04171739308105272,2.566808138274476,7.949733454706225,-1.0,-0.7951481297195805,5.404981746114358,0.0,5.4049817461142435,29,True
heart_atrial_appendage,excluded_at_or_below_-1,ENSG00000290673.1,ENSG00000290673,1.5411849330243765,34.18695933092298,-0.9814943254406233,0.006606528942594725,389.13057738394747,38.322924316180256,0.0,2.7030045365296873,0.025923406281784887,-0.9941214690189826,-0.8024679637963004,-0.9692400044641309,0.024442831246194615,3.466426135488219,16.832899183540043,-0.9941214690189826,-0.8024679637963004,34.16960492198739,0.0,0.8857925508807551,145,True
heart_atrial_appendage,raw,ENSG00000290673.1,ENSG00000290673,3.710526204197421,378.17811323127165,-0.998494963407476,0.002203521431694415,2161.815789199992,125.80955077357994,0.0,0.9659280506196607,0.6298654583004255,-1.0,-0.8024679637963004,-0.9903249471741844,0.01978559729409197,3.8716454318622593,23.81181854137573,-1.0,-0.8024679637963004,376.57070490251283,0.0,237.18887962593553,461,True
heart_left_ventricle,excluded_at_or_below_-1,ENSG00000290673.1,ENSG00000290673,0.6559656402878468,19.692649649213244,-0.9861441941871729,0.004178461467888622,55.21821285738609,28.87666731463605,0.0,2.276551054534289,0.07492464898268339,-0.9928705339099304,-0.9008246604862132,-0.980520242685956,0.013703159897264705,3.25486667910969,13.261106436653407,-0.9928705339099304,-0.9008246604862132,19.691271187479778,0.0,1.47536158174475,89,True
heart_left_ventricle,raw,ENSG00000290673.1,ENSG00000290673,2.282051268509004,434.79463582505144,-0.9989008213610086,0.0003251281596253557,871.8974358974358,426.60296485682886,0.0,4.781109518547977,1.1243994838109534e-05,-1.0,-0.9008246604862132,-0.9961643840686949,0.00983754549570948,4.263621527358114,26.759036381944664,-1.0,-0.9008246604862132,420.33250132210526,0.0,0.004726216475155365,452,True
kidney_cortex,excluded_at_or_below_-1,ENSG00000290673.1,ENSG00000290673,0.34479069442372556,3.006873032883121,-0.9827785411338252,0.009510873727888365,24.04703858357692,11.149793162183657,0.0,1.4630564774198347,0.3429345923041463,-0.9926178933955582,-0.9077939152760048,-0.9728441058144554,0.018044261764899105,1.7718620593155052,3.3543656390171384,-0.9926178933955582,-0.9077939152760048,3.0067179271313833,0.0,1.0311075865143686,36,True
kidney_cortex,raw,ENSG00000290673.1,ENSG00000290673,0.9230769230769231,85.43851989503557,-0.9990024120625937,0.000315086163827188,62.769230769230774,409.3746662579625,0.0,4.477512987571771,4.683302217401456e-05,-1.0,-0.9077939152760048,-0.9905998827819267,0.016708262711103684,2.324367507889822,6.3211731597025445,-1.0,-0.9077939152760048,80.85502826862357,0.0,0.0037866853317842786,104,True
kidney_medulla,excluded_at_or_below_-1,ENSG00000290673.1,ENSG00000290673,,,,,,,,,,,,,,,,,,,,,4,False
kidney_medulla,raw,ENSG00000290673.1,ENSG00000290673,0.10256410257100516,7.262470030932456,-0.9989982023884256,0.0003731135175631995,3.589743589784174,325.66489061117124,0.0,3.7971172373883624,0.0007409007121824538,-1.0,-0.9130776765812264,-0.9829778721037169,0.0293294210158499,1.540720967858646,1.006193831210851,-1.0,-0.9130776765812264,7.252268175170494,0.0,0.005373210655921959,11,True
liver,excluded_at_or_below_-1,ENSG00000290673.1,ENSG00000290673,1.0321070837484834,12.354734778714482,-0.9829245212061565,0.002066843798952195,59.1978549572249,43.24302140828174,0.0,8.989502424038172,0.0,-0.9960624926095776,-0.9197257420234088,-0.9741154821359708,0.015908535691661715,1.5076583870714777,1.850270075882702,-0.9960624926095776,-0.9197257420234088,12.354344368467004,0.0,0.0,65,True
liver,raw,ENSG00000290673.1,ENSG00000290673,1.7986556773894482,179.22203088773824,-0.9990819875067193,0.0012464804620770048,676.0312030309044,90.03484774603164,0.0,1.0415451809508496,0.5814975228928287,-1.0,-0.9197257420234088,-0.9935782684688477,0.013693865720688104,2.6284140112849697,7.506699519039316,-1.0,-0.9197257420234088,179.17550818315374,0.0,104.19011417156797,262,True
lung,excluded_at_or_below_-1,ENSG00000290673.1,ENSG00000290673,0.5346471372226779,663941826094.1132,-2.9912014017529023,0.42810798683680945,92.58133590953864,9.921673323055577,0.0,-6.6279656972718834,1.0,-0.98479648033417,0.0122683042356908,-0.9253927388868137,0.08647863721425732,5.430320622943655,45.104615769333726,-0.98479648033417,0.0122683042356908,191.80816447134038,0.0,191.80816447134038,361,True
lung,raw,ENSG00000290673.1,ENSG00000290673,1.002705757773288,443386962834.0816,-2.5131673898725504,0.3317662524976167,190.33052421076064,10.765125695039288,0.0,-6.450149250529423,1.0,-1.0,0.0122683042356908,-0.955408574069768,0.0761936829008448,5.602818227976092,52.85458550534006,-1.0,0.0122683042356908,409.7290362102537,0.0,409.7290362102537,604,True
minor_salivary_gland,excluded_at_or_below_-1,ENSG00000290673.1,ENSG00000290673,0.9331369432883656,14.807724247484394,-0.974641861624796,0.0040322057475127215,60.45660970591824,48.89524436185908,0.0,4.755077304567973,1.2306934746342064e-05,-0.988199538164945,-0.8352317395700382,-0.9600624821222654,0.028097450221016007,2.222360472807248,5.788610963025469,-0.988199538164945,-0.8352317395700382,14.807244007266421,0.0,0.0001822317857705924,65,True
minor_salivary_gland,raw,ENSG00000290673.1,ENSG00000290673,,,,,,,,,,,,,,,,,,,,,181,False
muscle_skeletal,excluded_at_or_below_-1,ENSG00000290673.1,ENSG00000290673,1.3069592314644334,33.87040860795471,-0.9821335835826268,0.005550923149129225,250.79676300883352,31.70331332720053,0.0,1.7190013137557838,0.2282244963303461,-0.9888808277328658,-0.8576950542584206,-0.9741133682258254,0.0151313868258743,3.592435934566633,21.995146493459114,-0.9888808277328658,-0.8576950542584206,33.86846934839843,0.0,7.729614358517996,150,True
muscle_skeletal,raw,ENSG00000290673.1,ENSG00000290673,3.846153842180204,668.8488889349901,-0.9982159664506087,6.221485045637593e-05,2623.0769230769233,3194.1984648596904,0.0,40.553090182973,0.0,-1.0,-0.8576950542584206,-0.9952530626330977,0.011925933908492314,3.868289180597229,25.593619367509056,-1.0,-0.8576950542584206,20.028027961015027,0.0,0.0,818,True
nerve_tibial,excluded_at_or_below_-1,ENSG00000290673.1,ENSG00000290673,3.0231884094103187,45.8490704787124,-0.9698930225232323,0.008476884875652447,466.9441536837656,23.04072916661023,0.0,3.0426494848934125,0.009766053207050793,-0.9881308545499062,-0.8317854454266727,-0.9566975528756831,0.024470121410665884,1.775568860052512,3.717763544028985,-0.9881308545499062,-0.8317854454266727,45.84837913512796,0.0,0.4477577100906971,297,True
nerve_tibial,raw,ENSG00000290673.1,ENSG00000290673,7.61445295651397,384.5626550112711,-0.9980811918571247,0.0008129831676590031,5815.230803083596,289.2774528703961,0.0,3.33783601825342,0.0038210251726656145,-1.0,-0.8317854454266727,-0.9808047361254895,0.02698832204692239,1.6763583211186162,3.2667168677928746,-1.0,-0.8317854454266727,383.2810790099262,0.0,1.464526651103343,670,True
ovary,excluded_at_or_below_-1,ENSG00000290673.1,ENSG00000290673,0.5234653012627593,276811244418.86316,-1.7606898789395515,0.16609379619594966,26.817687692844018,12.013913109400397,0.0,-6.661248474740968,1.0,-0.9783525601560676,-0.3497032439647097,-0.9146619330484563,0.1262864407066055,3.342415893149157,10.949423320056578,-0.9783525601560676,-0.3497032439647097,64.10267287953415,0.0,64.10267287953303,89,True
ovary,raw,ENSG00000290673.1,ENSG00000290673,0.7927467909401098,413898976743.0189,-1.7460984839373297,0.16029912327090134,471.7213920506909,12.319475281628021,0.0,-6.582335407206273,1.0,-1.0,-0.3497032439647097,-0.9606472126492882,0.09554420804689852,4.699785817212092,24.361983888678797,-1.0,-0.3497032439647097,161.63133903950995,0.0,161.63133903950765,193,True
pancreas,excluded_at_or_below_-1,ENSG00000290673.1,ENSG00000290673,0.4068485984168787,8.583800448449045,-0.9821325942343828,0.008342178431896713,36.02774752661371,11.02609994283107,0.0,1.8636800238225932,0.17611539521475236,-0.9931260903458194,-0.9170917152764164,-0.9771763112660119,0.01386891661110103,2.4328092186380816,6.659397799256563,-0.9931260903458194,-0.9170917152764164,8.58349339907774,0.0,1.5116853323017945,81,True
pancreas,raw,ENSG00000290673.1,ENSG00000290673,2.1185966834644385,272.1071897038495,-0.9989686176174792,0.0008945517201668739,401.6047575623907,129.4407278253606,0.0,1.630531718257235,0.26595325388572516,-1.0,-0.9170917152764164,-0.9948930420236104,0.011547925050283389,3.1465637393105372,12.925024475598734,-1.0,-0.9170917152764164,270.7819675454959,0.0,72.01534536230339,362,True
pituitary,excluded_at_or_below_-1,ENSG00000290673.1,ENSG00000290673,0.12885994670963277,16.990623352600426,-0.7089498909483176,0.5461064143677603,149.97051890750538,3.532799466521309,0.0,0.6963101317311837,0.7843058020484392,-0.9778339120360324,0.6552602260193687,-0.5404206808034754,0.3027967015681248,1.021130101167779,1.4705480388246883,-0.9778339120360324,0.6552602260193687,16.957445208161136,0.0,13.299822664679283,310,True
pituitary,raw,ENSG00000290673.1,ENSG00000290673,0.3411319311421261,17.093172996888175,-0.6738779269967441,0.49643650038947923,174.8763736614955,3.7863557590713133,0.0,0.9290337400021832,0.6492300641144788,-1.0,0.6552602260193687,-0.544825594405998,0.30465665603539843,1.0032742942455792,1.4271022487797431,-1.0,0.6552602260193687,17.079999596235133,0.0,11.088849232939008,313,True
prostate,excluded_at_or_below_-1,ENSG00000290673.1,ENSG00000290673,1.4916485234152068,22.73332454894395,-0.9739860754671378,0.009362311659427558,228.7672487212246,28.504097771626242,0.0,2.1493764375096833,0.0992702317581792,-0.9882152786206052,-0.7852845568217128,-0.952931064646971,0.034816057670618655,2.073895107470228,5.021971518828783,-0.9882152786206052,-0.7852845568217128,22.733324519339988,0.0,2.2567423936687785,133,True
prostate,raw,ENSG00000290673.1,ENSG00000290673,3.410248487279609,220.5073527401133,-0.9975747462093836,0.00040149670150038994,1307.4358974383454,747.7612241118383,0.0,8.542602691553967,1.4937880425673673e-16,-1.0,-0.7852845568217128,-0.9778008212696705,0.0335181314740735,2.2592015671652352,6.535535731785238,-1.0,-0.7852845568217128,211.0763575611705,0.0,3.1530333899354446e-14,282,True
skin_not_sun_exposed_suprapubic,excluded_at_or_below_-1,ENSG00000290673.1,ENSG00000290673,2.216130829618143,28.995431371627333,-0.974118330838826,0.007916685055525136,133.9060023191079,18.797925527698993,0.0,2.7890839065444983,0.020457724420683422,-0.9897314599085932,-0.8688886398929345,-0.9603414934680853,0.024450538351228398,1.6632365436195424,2.4628929152171386,-0.9897314599085932,-0.8688886398929345,28.99253854481954,0.0,0.59312136380596,223,True
skin_not_sun_exposed_suprapubic,raw,ENSG00000290673.1,ENSG00000290673,5.716316988417391,439.71751658238816,-0.9983601182395587,4.920869867109929e-06,2705.897539738099,37208.93369729099,,471.2872091588585,,-1.0,-0.8688886398929345,-0.9864149816334609,0.023641812316882442,2.1725331991793664,5.148433826882595,-1.0,-0.8688886398929345,0.0,0.0,0.0,651,True
skin_sun_exposed_lower_leg,excluded_at_or_below_-1,ENSG00000290673.1,ENSG00000290673,3.022948853478987,77.697357231327,-0.9750754196981163,0.007700483545973096,1047.8735373654436,40.103384345059624,0.0,2.1179470776496387,0.10615613681192797,-0.9866077773678557,-0.7567099199579183,-0.9588267171744083,0.031510265383899616,3.0570570624275755,12.081467604174856,-0.9866077773678557,-0.7567099199579183,77.69691964102998,0.0,8.248004831278552,303,True
skin_sun_exposed_lower_leg,raw,ENSG00000290673.1,ENSG00000290673,7.7711796480145345,451.3482497147437,-0.9970395361527193,0.0005986803128662373,11032.923225050086,567.7110059547705,0.0,6.993261735458794,2.4942721407681817e-11,-1.0,-0.7567099199579183,-0.9834542378035089,0.028394292448782603,3.1041505715003628,14.496458089443625,-1.0,-0.7567099199579183,434.3381637130359,0.0,1.0833575814217511e-08,754,True
small_intestine_terminal_ileum,excluded_at_or_below_-1,ENSG00000290673.1,ENSG00000290673,0.8933181537839429,955669365220.5424,-3.1329816844132226,0.4410673618644585,105.58956881089367,9.916970010992845,0.0,-6.8817191573701635,1.0,-0.9866992596145028,-0.0400599950625937,-0.8689965420709169,0.16567045136256484,2.373430285770153,6.00141816189395,-0.9866992596145028,-0.0400599950625937,49.731998425506454,0.0,49.731998425506454,128,True
small_intestine_terminal_ileum,raw,ENSG00000290673.1,ENSG00000290673,1.4572450272714326,361005410299.2053,-1.9892986292452721,0.2133582314580914,237.58509974368457,12.920240732798822,0.0,-6.5574200215030745,1.0,-1.0,-0.0400599950625937,-0.9189930308457845,0.14488183931288165,2.9794744404848723,10.107472876278889,-1.0,-0.0400599950625937,166.04853297431498,0.0,166.04853297431617,207,True
spleen,excluded_at_or_below_-1,ENSG00000290673.1,ENSG00000290673,1.183493349628715,17.886553443552696,-0.9514049549117188,0.08073904348774817,232.69052127738894,9.356310521192944,0.0,0.6623406751326641,0.803060485024991,-0.9892187292920924,-0.417242659941322,-0.8813560140803316,0.10890725423782217,1.895595111088949,3.7360244285024473,-0.9892187292920924,-0.417242659941322,17.886153846091876,0.0,14.363663382874151,181,True
spleen,raw,ENSG00000290673.1,ENSG00000290673,3.6583946451971237,247997584832.3562,-1.5227123249614662,0.11374113015961955,1229.3652398260897,13.744985572673334,0.0,-6.49920444910894,1.0,-1.0,-0.417242659941322,-0.9224745073954512,0.10456853754278353,2.129241726593965,5.137313939449948,-1.0,-0.417242659941322,166.81002813419383,0.0,166.8100281341897,277,True
stomach,excluded_at_or_below_-1,ENSG00000290673.1,ENSG00000290673,0.7081909704496221,15.793709184542422,-0.9725063670506288,0.026995584803086878,221.9210734685979,7.550290957584051,0.0,0.803452372309752,0.7241525923474427,-0.9878432774218836,-0.8283806669043112,-0.9569331286878207,0.02874216988832334,2.1133030177204253,4.960655456553139,-0.9878432774218836,-0.8283806669043112,15.79347683879363,0.0,11.436887194991701,178,True
stomach,raw,ENSG00000290673.1,ENSG00000290673,4.564662396179166,251.96394103434918,-0.997985122058595,0.00038325971444592717,1727.5897558128097,625.833897165125,0.0,7.434821881503878,9.93344933032767e-13,-1.0,-0.8283806669043112,-0.9811648572639611,0.028595185677881687,2.1609510566877663,5.936881528523918,-1.0,-0.8283806669043112,251.81531246481373,0.0,2.5013946469698567e-10,407,True
testis,excluded_at_or_below_-1,ENSG00000290673.1,ENSG00000290673,0.22486226636246393,21.02807225801674,-0.691031732191662,0.3294428133091791,693.2630230077223,3.5337607168282212,0.0,1.2871811494603465,0.4356435643823156,-0.9908821864647676,0.1321622344676825,-0.6416063282644324,0.20333739075956736,0.5615606620038918,0.11006811051442345,-0.9908821864647676,0.1321622344676825,20.987220129305246,0.0,9.14294738360682,403,True
testis,raw,ENSG00000290673.1,ENSG00000290673,0.010348927384413316,21.128892927096203,-0.7060730489416915,0.35590116241429504,465.5179775777855,3.3308227998346585,0.0,1.1679520171101776,0.5036449054203471,-1.0,0.1321622344676825,-0.6511288654361502,0.2087463749347752,0.5073463914607047,0.0374272903287749,-1.0,0.1321622344676825,21.046380913993254,0.0,10.599902524868732,414,True
thyroid,excluded_at_or_below_-1,ENSG00000290673.1,ENSG00000290673,0.5665185503816458,537251363389.49243,-2.4961079578524825,0.3245918858586168,201.175334591226,11.157283245890559,0.0,-6.57490631927567,1.0,-0.9870280718300088,0.0647242291654865,-0.9312807080376122,0.10442298358319509,5.816758830799666,40.89329819892652,-0.9870280718300088,0.0647242291654865,220.3099363600939,0.0,220.30993636009387,302,True
thyroid,raw,ENSG00000290673.1,ENSG00000290673,1.1320803428323947,501901692025.35645,-1.9700814463657377,0.21531606275204468,367.16216701187005,13.364770590496404,0.0,-6.371574514795029,1.0,-1.0,0.0647242291654865,-0.9696590260633902,0.0772763473265553,7.539521478419709,75.17372165298019,-1.0,0.0647242291654865,767.5389336434058,0.0,767.538933643395,684,True
uterus,excluded_at_or_below_-1,ENSG00000290673.1,ENSG00000290673,1.2635873188025883,11.998275376660578,-0.9689415018881496,0.007498482325082823,69.37843899772773,24.518924396016693,0.0,3.1456443017685762,0.0071009544736958365,-0.9856204242414528,-0.8389365817648698,-0.9492114510348034,0.03003117521246146,1.5302805168082578,2.361076733537396,-0.9856204242414528,-0.8389365817648698,11.99811981319818,0.0,0.08519810256346827,94,True
uterus,raw,ENSG00000290673.1,ENSG00000290673,2.4102646211391177,99.8343568395727,-0.9985730777808061,0.0007782483759292231,415.4358974402005,290.087463974338,0.0,2.5929675117231734,0.03506659068756491,-1.0,-0.8389365817648698,-0.9687965777599445,0.03416059824685195,1.2709289063511298,1.6896989641693283,-1.0,-0.8389365817648698,98.71911117399736,0.0,3.461742664578674,153,True
vagina,excluded_at_or_below_-1,ENSG00000290673.1,ENSG00000290673,0.3882664388415837,7.1169440368860455,-0.9687272007521325,0.02755544619239501,47.784076567063195,9.148124696692324,0.0,0.7929242904010365,0.730257792323667,-0.9841770473666174,-0.7904792581867777,-0.9446350190124149,0.043993056368613996,2.02375212942163,3.4188785456854776,-0.9841770473666174,-0.7904792581867777,7.116895655037345,0.0,5.19716850924547,72,True
vagina,raw,ENSG00000290673.1,ENSG00000290673,1.84617534626022,154.7695960445471,-0.9982812758120367,0.001304914095791807,289.07692323527294,225.2074926325426,0.0,1.8626843440765333,0.176530611313072,-1.0,-0.7904792581867777,-0.9765513021699639,0.039571657506453806,2.526784316768765,7.1429001696800345,-1.0,-0.7904792581867777,154.68673905269017,0.0,27.306944606996936,170,True
whole_blood,excluded_at_or_below_-1,ENSG00000290673.1,ENSG00000290673,1.2800585933149582,2277363267781.4277,-5.34114140659263,0.9063901988525656,329.97930501894587,9.409960747957875,0.0,-6.798007993475101,1.0,-0.9841984519035322,0.6898403492493101,-0.8478365599362281,0.1910026275248927,3.4472814821210966,16.28832918732017,-0.9841984519035322,0.6898403492493101,210.09989075008522,0.0,210.09989075008528,511,True
whole_blood,raw,ENSG00000290673.1,ENSG00000290673,3.6720250787397646,1278785462714.1455,-3.0202455811191387,0.4362730057321905,2502.420946091332,12.026537904839987,0.0,-6.548786339296976,1.0,-1.0,0.6898403492493101,-0.9031687199594178,0.16900841313419981,3.915153739480898,21.708704505677076,-1.0,0.6898403492493101,622.4296608114905,0.0,622.4296608114905,803,True
adipose_subcutaneous,excluded_at_or_below_-1,ENSG00000290674.2,ENSG00000290674,0.022285927618997205,14.202413120656345,-1.1400027765975702,0.22978306166071452,22.80570404052174,5.3729384683695915,0.0,-1.1674541115303192,1.0,-0.950313477022706,-0.2670014957267519,-0.8581738127654952,0.1133575827250768,3.5936394389729225,15.87057297726172,-0.950313477022706,-0.2670014957267519,7.18457432065761,0.0,7.184574320657609,42,True
adipose_subcutaneous,raw,ENSG00000290674.2,ENSG00000290674,1.105263164624087,893.9576334176057,-0.9921018707864718,0.002359868631636901,134.8005689269424,434.53553759048964,0.0,4.733162389382231,1.4434039328311108e-05,-1.0,-0.2670014957267519,-0.9916572831038527,0.04305918451517529,9.186010165735805,122.67009238161292,-1.0,-0.2670014957267519,845.7016016190136,0.0,0.012206890177784535,714,True
adipose_visceral_omentum,excluded_at_or_below_-1,ENSG00000290674.2,ENSG00000290674,0.4250502833870126,5.816022442543598,-0.9060641608555925,0.08168708242306295,34.1033043767199,9.967061649183785,0.0,1.0257148357717514,0.5909384094359325,-0.965310977999424,-0.3303518299072133,-0.8350838845854457,0.13230820054849493,1.998873346570243,3.9855275187479116,-0.965310977999424,-0.3303518299072133,5.816010921002767,0.0,3.436904242919388,62,True
adipose_visceral_omentum,raw,ENSG00000290674.2,ENSG00000290674,1.6315789638612437,675.4429107589089,-0.9928451859656358,0.0024072247114451054,201.50415527539394,389.20632737998307,0.0,4.203361238170822,0.0001507906505452947,-1.0,-0.3303518299072133,-0.9825812620856859,0.06630115536507651,5.560139110125982,37.91578212559805,-1.0,-0.3303518299072133,652.5344233183512,0.0,0.09839609019537288,587,True
adrenal_gland,excluded_at_or_below_-1,ENSG00000290674.2,ENSG00000290674,0.29085823655470316,0.5438717514354132,-0.9440572997987303,0.009319163759760789,14.39535188032728,9.478845009571865,0.0,2.995673396941053,0.011254081667750633,-0.9637977206938648,-0.8815950867017475,-0.9301745449958415,0.025135031583256178,0.4779225568125143,-0.9940571340371633,-0.9637977206938648,-0.8815950867017475,0.543868950857588,0.0,0.00612074558950515,16,True
adrenal_gland,raw,ENSG00000290674.2,ENSG00000290674,0.41025641024501314,281.3261148906746,-0.9985778927759881,0.0005861933802572625,23.43589743679419,282.2254165375371,0.0,3.430887128858657,0.002791434379976016,-1.0,-0.8815950867017475,-0.9962128566777406,0.016827964028642485,4.704916251142556,22.2252854075445,-1.0,-0.8815950867017475,280.1208179318864,0.0,0.7819388817220496,295,True
artery_aorta,excluded_at_or_below_-1,ENSG00000290674.2,ENSG00000290674,0.7139058685898658,3.540762624518818,-0.9142814375589579,0.02111429666539953,24.61052230815337,27.74557188192945,0.0,3.2642623819329484,0.004855221545577502,-0.9630170784547938,-0.5000383193673973,-0.8115190801052794,0.12709845016194954,1.135553331531172,0.3985053703315784,-0.9630170784547938,-0.5000383193673973,3.540748804141797,0.0,0.017191119881347028,40,True
artery_aorta,raw,ENSG00000290674.2,ENSG00000290674,1.0256410256410255,455.5481942888745,-0.9934516187931304,0.0012691293028052103,54.97435897435898,549.8192960802102,0.0,7.296978719090824,2.7687280163146328e-12,-1.0,-0.5000383193673973,-0.9840270406868881,0.06402270346531433,5.016695529034659,27.851289835593814,-1.0,-0.5000383193673973,450.87285910739985,0.0,1.2483443168065378e-09,472,True
artery_coronary,excluded_at_or_below_-1,ENSG00000290674.2,ENSG00000290674,0.21957288593474245,1.2975816672653162,-0.9190312582322337,0.03583498296181242,9.110317025941452,11.35825148736611,0.0,0.7109150438863466,0.7767134192704589,-0.9370452478889404,-0.6312227126524925,-0.8492972217220954,0.08626867024582928,1.1176006898339093,0.37394935822365527,-0.9370452478889404,-0.6312227126524925,1.29756055137773,0.0,1.0078326925710586,17,True
artery_coronary,raw,ENSG00000290674.2,ENSG00000290674,0.4358974358970254,283.8064366613147,-0.9960199581725931,0.0017840041551329265,17.58974358975793,289.1816202594182,0.0,3.1550538236900376,0.0070730627995264465,-1.0,-0.6312227126524925,-0.990440495407745,0.04242985639729832,5.361262052881141,31.8949437247785,-1.0,-0.6312227126524925,276.59983197097273,0.0,1.9564079818691518,268,True
artery_tibial,excluded_at_or_below_-1,ENSG00000290674.2,ENSG00000290674,0.18784727855564182,5.886627392709189,-0.9948802516809405,0.15028648846891332,21.22630412300986,5.7096374897769,0.0,-0.4536868912935188,1.0,-0.9466675831201417,-0.3881250970145241,-0.8401080940926632,0.12237413650072373,2.051376925727915,3.916918558845677,-0.9466675831201417,-0.3881250970145241,5.310931506027038,0.0,5.31093150602704,44,True
artery_tibial,raw,ENSG00000290674.2,ENSG00000290674,1.1282051194138212,733.9637449116146,-0.9936310159814208,0.0035781545767520273,136.35897515060043,239.31740910910176,0.0,2.5172483145734432,0.0422661010343472,-1.0,-0.3881250970145241,-0.9898187498409222,0.049595383592479315,7.085548348980429,61.6728725659834,-1.0,-0.3881250970145241,730.6685983581067,0.0,30.882512800828593,691,True
bladder,excluded_at_or_below_-1,ENSG00000290674.2,ENSG00000290674,,,,,,,,,,,,,,,,,,,,,6,False
bladder,raw,ENSG00000290674.2,ENSG00000290674,0.18228887156642307,66.4095139577005,-0.9989462067520083,0.0010463766627713705,28.038531206424764,113.4547837961231,0.0,1.4242373289365242,0.3638968265030655,-1.0,-0.9150010083727588,-0.9954906884579556,0.016003558316976196,3.468684090093523,11.055173775263315,-1.0,-0.9150010083727588,66.18800408460937,0.0,24.085604638961573,77,True
brain_amygdala,excluded_at_or_below_-1,ENSG00000290674.2,ENSG00000290674,0.05739944262031748,326447952682.37537,-1.7386873119477595,0.15244890759542734,6.107556796912137,8.459324496268616,0.0,-7.202042614754592,1.0,-0.9623239971789006,-0.8267919569863952,-0.9338510292131057,0.040211723606932724,2.1028650862763585,3.2824471527437726,-0.9623239971789006,-0.8267919569863952,1.7802867693333106,0.0,1.7802867693332793,10,True
brain_amygdala,raw,ENSG00000290674.2,ENSG00000290674,0.2564102563899539,213.24973635892493,-0.9982781359808636,0.0009400796196484993,9.43589743775394,257.9761065176545,0.0,2.5902949043143138,0.03492265836737667,-1.0,-0.8267919569863952,-0.9963453607300059,0.017621357233883105,6.443110276033684,50.21581142541745,-1.0,-0.8267919569863952,213.20827992557435,0.0,7.445799920936845,181,True
brain_anterior_cingulate_cortex_ba24,excluded_at_or_below_-1,ENSG00000290674.2,ENSG00000290674,0.25641025641092785,1.9957520269981919,-0.9623326628329505,0.00031869223934341377,11.435897435897793,348.7278175523938,0.0,4.940615392943179,5.125614397158956e-06,-0.9634460277625508,-0.8837470431966753,-0.930444405049745,0.026934931834634433,0.5440853700593854,-0.8606358189812111,-0.9634460277625508,-0.8837470431966753,1.9492425524269827,0.0,9.991065690273526e-06,12,True
brain_anterior_cingulate_cortex_ba24,raw,ENSG00000290674.2,ENSG00000290674,0.313957917758993,220.37878552869597,-0.9985474914727233,0.000984443449937846,12.427587576171799,164.91790455688272,0.0,2.086617833525413,0.11442023625398971,-1.0,-0.8837470431966753,-0.9964177375991286,0.016484863595152385,4.943775801607818,24.942252098972123,-1.0,-0.8837470431966753,218.38032482030704,0.0,24.98712835916199,233,True
brain_caudate_basal_ganglia,excluded_at_or_below_-1,ENSG00000290674.2,ENSG00000290674,0.24286677928830883,1.067994481094717,-0.9521318152090682,0.013400332425478192,22.141599706104884,5.044578667743567,0.0,3.005893258025183,0.01091129901120197,-0.9806140543593206,-0.904332081920691,-0.9470436538387715,0.019660058963728185,0.7672427210071149,0.10514409134358171,-0.9806140543593206,-0.904332081920691,1.0679798334131154,0.0,0.01165304730030417,23,True
brain_caudate_basal_ganglia,raw,ENSG00000290674.2,ENSG00000290674,1.157784927968884,266.08343109061053,-0.9988073735538557,0.001026891483447443,143.31644107022444,130.10940385660828,0.0,1.6424603009852428,0.26091642841753304,-1.0,-0.904332081920691,-0.9959400134609727,0.015087145159284067,3.9440507254482546,15.641564184758895,-1.0,-0.904332081920691,264.6814720451238,0.0,69.05974435430771,300,True
brain_cerebellar_hemisphere,excluded_at_or_below_-1,ENSG00000290674.2,ENSG00000290674,0.1341731991008229,22.18056802547215,-1.0838885369125681,0.10994949390301331,10.569037976992721,5.969555996657309,0.0,-1.5844252274771402,1.0,-0.960705761323884,-0.6197792410316872,-0.9033253087427218,0.07708977147344151,2.298660554564767,4.801322606097215,-0.960705761323884,-0.6197792410316872,6.321868900517949,0.0,6.32186890051798,34,True
brain_cerebellar_hemisphere,raw,ENSG00000290674.2,ENSG00000290674,0.87179487186695,281.0901269667796,-0.995951164355582,0.0018223402713755694,96.35897435965208,291.9254126711804,0.0,3.1420686740537747,0.00730707191002724,-1.0,-0.6197792410316872,-0.9881337924088538,0.04147960209822306,5.313131671533943,34.668818836867814,-1.0,-0.6197792410316872,276.2455718441295,0.0,2.018546258291648,277,True
brain_cerebellum,excluded_at_or_below_-1,ENSG00000290674.2,ENSG00000290674,0.37398290747099583,4.6097535376756085,-0.9214184914936988,0.03148527623081089,37.08211707672949,20.475202341094548,0.0,1.798272731544107,0.1985325205684046,-0.9614542507293776,-0.4655698002187153,-0.8663332256534645,0.10099230126151792,2.4928766439017713,6.635792475750353,-0.9614542507293776,-0.4655698002187153,4.609338458141716,0.0,0.9151035822477585,35,True
brain_cerebellum,raw,ENSG00000290674.2,ENSG00000290674,0.8974358974358977,269.0971162770513,-0.9941727670854228,0.002156254482838108,91.5897435897709,346.6926055358747,0.0,3.821882752936982,0.0006990563792985941,-1.0,-0.4655698002187153,-0.9824122665333508,0.057947211201790264,5.05761369231084,33.104864753011604,-1.0,-0.4655698002187153,259.1631055905997,0.0,0.18116962224194377,266,True
brain_cortex,excluded_at_or_below_-1,ENSG00000290674.2,ENSG00000290674,0.28649028238639823,2.8033594658750594,-0.948936715370573,0.007222952056039667,30.452019811323847,11.472143034697803,0.0,5.5213633753185505,2.399898949873397e-07,-0.9771365177236052,-0.8903439106313755,-0.9428330899278468,0.01958730997589685,1.2300570284627954,1.2189151678265686,-0.9771365177236052,-0.8903439106313755,2.803197597680881,0.0,6.727390970961977e-07,28,True
brain_cortex,raw,ENSG00000290674.2,ENSG00000290674,1.175549207907272,226.5005462794599,-0.9986389252810908,0.0013245050120894895,303.8898223842701,115.62982175009896,0.0,1.4532601306265622,0.3491096867823862,-1.0,-0.8903439106313755,-0.9940715796962212,0.018531093638543435,3.25028849609856,10.380134943632992,-1.0,-0.8903439106313755,225.6835891993106,0.0,78.788327137296,270,True
brain_frontal_cortex_ba9,excluded_at_or_below_-1,ENSG00000290674.2,ENSG00000290674,,,,,,,,,,,,,,,,,,,,,19,False
brain_frontal_cortex_ba9,raw,ENSG00000290674.2,ENSG00000290674,0.48717948717948517,249.68093026513955,-0.998180772066229,0.0006009740298426833,23.74358974359003,335.26374095119934,0.0,4.281011639822006,0.00010822256849004908,-1.0,-0.8557095026481378,-0.9947828607725736,0.02108153506739892,4.547300019612638,21.49347568618666,-1.0,-0.8557095026481378,241.76692100563346,0.0,0.02616463716716022,269,True
brain_hippocampus,excluded_at_or_below_-1,ENSG00000290674.2,ENSG00000290674,0.1895420639737138,0.3678212249902347,-0.9541639022492382,0.02562635320217278,14.649341455431538,3.1935899603699234,0.0,1.0935939649492572,0.5471631178940974,-0.9739804461936532,-0.896294237804766,-0.9419299833633794,0.02250651355456626,0.6203327551476173,-0.40433085755303155,-0.9739804461936532,-0.896294237804766,0.3655772158959356,0.0,0.20003036928066376,15,True
brain_hippocampus,raw,ENSG00000290674.2,ENSG00000290674,0.3846153846025663,242.9055464949907,-0.9987640220365317,0.0005167310277323367,13.230769231708063,280.4440817691179,0.0,3.3826821013675517,0.0032826589520902286,-1.0,-0.896294237804766,-0.9965841166684339,0.01467470111133945,4.615739881566625,21.766700431907644,-1.0,-0.896294237804766,242.37960179308598,0.0,0.7956495696301223,255,True
brain_hypothalamus,excluded_at_or_below_-1,ENSG00000290674.2,ENSG00000290674,0.15117497308273356,2.01856555955441,-0.9554605230340122,0.024953412851391996,16.798909808352093,10.437658621014178,0.0,1.8145930739733316,0.19275085091496216,-0.9874785232405376,-0.7712908815443594,-0.9356103845333681,0.04646829774795906,2.2495641671866142,5.318738745843355,-0.9874785232405376,-0.7712908815443594,2.0185309210410085,0.0,0.3890735526288167,22,True
brain_hypothalamus,raw,ENSG00000290674.2,ENSG00000290674,0.5641025666121647,317.342457272463,-0.9975732504824492,0.0007852725067141161,39.58974369084825,407.516616642051,0.0,4.370383594051202,7.335479649897778e-05,-1.0,-0.7712908815443594,-0.9944880484814556,0.02242607471240696,5.931003002896022,44.68886960077246,-1.0,-0.7712908815443594,307.9870638528602,0.0,0.02259232839324421,257,True
brain_nucleus_accumbens_basal_ganglia,excluded_at_or_below_-1,ENSG00000290674.2,ENSG00000290674,0.189620349851245,2.483680670647653,-0.960184414415347,0.011752040434761357,7.957889391073914,14.304284577451037,0.0,1.2881931256329158,0.4362061383210327,-0.9708892316388616,-0.8413165607777018,-0.9427458551071033,0.03317174616488508,1.937580308771159,3.022813060940149,-0.9708892316388616,-0.8413165607777018,2.483480962404689,0.0,1.0833096402043512,22,True
brain_nucleus_accumbens_basal_ganglia,raw,ENSG00000290674.2,ENSG00000290674,0.5641025642992431,302.71580277970696,-0.9983474719519398,0.0008759945749641011,37.58974363045935,253.51212283878937,0.0,2.6678562225849203,0.028622880461247065,-1.0,-0.8413165607777018,-0.9955803817977412,0.01776782618444199,5.241846726537425,32.858789501592774,-1.0,-0.8413165607777018,301.1519255386298,0.0,8.619835565366579,285,True
brain_putamen_basal_ganglia,excluded_at_or_below_-1,ENSG00000290674.2,ENSG00000290674,,,,,,,,,,,,,,,,,,,,,14,False
brain_putamen_basal_ganglia,raw,ENSG00000290674.2,ENSG00000290674,0.3589743587097895,259.32031330949286,-0.9987147870256297,0.0005329488739030613,12.974358974769311,301.2047985417563,0.0,3.410393956894575,0.003014757622267635,-1.0,-0.8852052277426183,-0.9968680806996736,0.014518476566823457,5.233107585984427,28.808437417090424,-1.0,-0.8852052277426183,256.44299560357985,0.0,0.77311347567307,254,True
brain_spinal_cord_cervical_c-1,excluded_at_or_below_-1,ENSG00000290674.2,ENSG00000290674,,,,,,,,,,,,,,,,,,,,,9,False
brain_spinal_cord_cervical_c-1,raw,ENSG00000290674.2,ENSG00000290674,0.23076923075392272,199.8929074102009,-0.9982302890763987,0.0006277322022608932,6.923076923342405,296.73960384194066,0.0,3.9869695717742957,0.0003535340874002232,-1.0,-0.8665153840763685,-0.9964334717931725,0.018075813145853516,5.552345828230057,31.69257342097262,-1.0,-0.8665153840763685,199.80646559933373,0.0,0.070638396472324,204,True
brain_substantia_nigra,excluded_at_or_below_-1,ENSG00000290674.2,ENSG00000290674,0.08337761630256492,0.8961298040076401,-0.964901428670312,0.01808332901977206,8.066368520060486,8.278974782208838,0.0,0.7334112953925611,0.7641900733837282,-0.9742794449150056,-0.8590394648790317,-0.9448253999599441,0.034056855560830816,1.6697366201198804,1.7408511180798447,-0.9742794449150056,-0.8590394648790317,0.8961232349538311,0.0,0.6848084806802321,11,True
brain_substantia_nigra,raw,ENSG00000290674.2,ENSG00000290674,0.2820512820512775,204.5067666838816,-0.9985073789521873,0.0006444194306721475,11.897435897435997,306.06993863052514,0.0,3.2756382393665855,0.004751783617158435,-1.0,-0.8590394648790317,-0.9966834939866633,0.015383814755638405,5.9943816181233345,41.89645299250872,-1.0,-0.8590394648790317,201.32758535989316,0.0,0.9566651217951634,183,True
breast_mammary_tissue,excluded_at_or_below_-1,ENSG00000290674.2,ENSG00000290674,0.26117657203663647,4.212902216822783,-0.9395545154773104,0.08976519139509742,25.924414727261272,9.632090023765203,0.0,0.4754741071937089,0.8931209076807642,-0.9697345571423304,-0.3281713216496247,-0.8398398363107505,0.15277500688336923,1.9391458322436104,3.0589003558082295,-0.9697345571423304,-0.3281713216496247,4.212883254700483,0.0,3.7626141163911875,39,True
breast_mammary_tissue,raw,ENSG00000290674.2,ENSG00000290674,0.99999999196123,495.7807471015762,-0.9925942019405891,0.0046805807922106835,134.00000163288854,200.7519771952656,0.0,2.2376240301726686,0.08254349355012633,-1.0,-0.3281713216496247,-0.9878477696811659,0.05942252515383661,7.242134516520088,61.39218740064854,-1.0,-0.3281713216496247,491.313819233447,0.0,40.55475906898377,514,True
cells_cultured_fibroblasts,excluded_at_or_below_-1,ENSG00000290674.2,ENSG00000290674,0.3510858210410483,992294587905.5813,-1.7560442166439172,0.15611400393133595,15.568472905966281,8.457618961266261,0.0,-7.318123137296656,1.0,-0.9482019397611784,-0.8224138266529819,-0.908341369132285,0.036664733505920026,0.8856372409722513,-0.09490531961354653,-0.9482019397611784,-0.8224138266529819,2.3296029713480837,0.0,2.3296029713480415,25,True
cells_cultured_fibroblasts,raw,ENSG00000290674.2,ENSG00000290674,0.6410256410256562,755.8978306109929,-0.998113790438423,0.000769466013725274,26.97435912765986,322.92169798489294,0.0,3.466693909645111,0.0025048970849083745,-1.0,-0.8224138266529819,-0.9964854819452563,0.018968908261029798,6.002669498505755,38.54253776374198,-1.0,-0.8224138266529819,741.31862040183,0.0,1.8569268512328345,652,True
cells_ebv-transformed_lymphocytes,excluded_at_or_below_-1,ENSG00000290674.2,ENSG00000290674,0.5612443295275086,4.578040249118905,-0.9480584640533107,0.006966650030899589,24.37855859494944,40.468762157440345,0.0,3.0037384216136256,0.01098938129475575,-0.9628553765738174,-0.7487026449353625,-0.9027529838854162,0.055610357895624414,1.0819714155551379,0.4400643780827225,-0.9628553765738174,-0.7487026449353625,4.576225674636007,0.0,0.05028988882942598,33,True
cells_ebv-transformed_lymphocytes,raw,ENSG00000290674.2,ENSG00000290674,0.8461538461540727,297.14906583465626,-0.996992833417729,0.001152169282548366,63.076923077022435,304.76020952346016,0.0,3.691103234028857,0.0011044799540813734,-1.0,-0.7487026449353625,-0.990186080942565,0.03412115001398554,4.1451223596022135,18.659420014381222,-1.0,-0.7487026449353625,296.0395500737784,0.0,0.3269697486717571,327,True
cervix_ectocervix,excluded_at_or_below_-1,ENSG00000290674.2,ENSG00000290674,,,,,,,,,,,,,,,,,,,,,2,False
cervix_ectocervix,raw,ENSG00000290674.2,ENSG00000290674,0.05128205129395566,25.927903018966678,-0.9965928486166241,0.001556927657914463,1.8974358975307917,290.6726117731529,0.0,3.0948385244072156,0.008417678221750574,-1.0,-0.6765872704573741,-0.9839020454821132,0.06670426250637365,4.344780641635555,17.45413875008095,-1.0,-0.6765872704573741,25.629094594441217,0.0,0.2157374714108097,24,True
cervix_endocervix,excluded_at_or_below_-1,ENSG00000290674.2,ENSG00000290674,,,,,,,,,,,,,,,,,,,,,0,False
cervix_endocervix,raw,ENSG00000290674.2,ENSG00000290674,0.0,23.0,-0.9875,1.0001e-06,0.0,-17675.90193946968,0.0,,,-1.0,-1.0,-1.0,0.0,,,,-1.0,1.878384830178061e-188,0.0,,23,True
colon_sigmoid,excluded_at_or_below_-1,ENSG00000290674.2,ENSG00000290674,0.45798118443464536,265628760920.53214,-1.7105511426103088,0.1523590425001492,26.45150330256923,10.137397438207593,0.0,-7.048858436139308,1.0,-0.9511486374843152,-0.618407630327048,-0.8621265983888937,0.08238163591467336,1.2842918699100223,1.5106629200610753,-0.9511486374843152,-0.618407630327048,4.315283005879988,0.0,4.315283005879988,26,True
colon_sigmoid,raw,ENSG00000290674.2,ENSG00000290674,0.6666666666666667,491.82342164964376,-0.995239107560757,1.895693385422303e-05,38.666666666666664,28112.150938073824,,355.1691802246361,,-1.0,-0.618407630327048,-0.9914446099238932,0.03892194729134581,5.6629920806156955,37.122113232808296,-1.0,-0.618407630327048,0.0,0.0,0.0,419,True
colon_transverse,excluded_at_or_below_-1,ENSG00000290674.2,ENSG00000290674,0.3361774865883576,9.023140392764747,-0.9395705737061154,0.012163419849736944,12.876365145707203,45.35241373900454,0.0,6.189055317900712,4.811854120264179e-09,-0.9928016275637456,-0.5495018710832809,-0.9061946071164668,0.08858959358912141,2.5858387441022437,7.0312395650161275,-0.9928016275637456,-0.5495018710832809,9.022964360180193,0.0,4.341718823352991e-08,31,True
colon_transverse,raw,ENSG00000290674.2,ENSG00000290674,0.18926084626865392,414.4283775040864,-0.9943932655656113,0.00544436232029426,1309.3799258361403,115.56384510169495,0.0,1.456390925376242,0.34763999788043115,-1.0,-0.5495018710832809,-0.9939290873081639,0.0320359523345383,8.653898176518494,95.06207110309475,-1.0,-0.5495018710832809,412.7948452818308,0.0,143.50399913882856,479,True
esophagus_gastroesophageal_junction,excluded_at_or_below_-1,ENSG00000290674.2,ENSG00000290674,0.3482214706821252,1.0065836705689157,-0.9293783896451597,0.020950453212932,19.432179267139258,10.110325012081766,0.0,1.40771931525424,0.3712688691732059,-0.9502326357334842,-0.7796019366618342,-0.8915287066538036,0.046803032230652956,0.7453367738128539,-0.36799966109969917,-0.9502326357334842,-0.7796019366618342,1.0065755462949064,0.0,0.3737101648103118,22,True
esophagus_gastroesophageal_junction,raw,ENSG00000290674.2,ENSG00000290674,0.564107422754726,415.27493832070496,-0.9974342547591216,0.0006392664208951563,23.58974359066424,481.8983267492445,0.0,5.6760555515551605,1.0095757045668542e-07,-1.0,-0.7796019366618342,-0.9940784901895376,0.02689220090294323,5.041581440624545,26.717131181637757,-1.0,-0.7796019366618342,415.1761938146452,0.0,4.191517983898052e-05,403,True
esophagus_mucosa,excluded_at_or_below_-1,ENSG00000290674.2,ENSG00000290674,0.5570765615155391,2.542702764128135,-0.9412356059448235,0.016932867642078516,23.487820989705845,13.787556543388067,0.0,2.234451044061499,0.08238852040793551,-0.9679894603756268,-0.7761524273723414,-0.9050324321473134,0.049574667299194124,0.8555656970049791,-0.1607065409470927,-0.9679894603756268,-0.7761524273723414,2.5425080846008923,0.0,0.20947347921548165,38,True
esophagus_mucosa,raw,ENSG00000290674.2,ENSG00000290674,0.9743589743382951,604.7413146240897,-0.9969782102756936,0.0009965540780966149,50.97435897473271,313.37468178350156,0.0,4.288232926522215,0.00010170556252582456,-1.0,-0.7761524273723414,-0.994122528373938,0.025938766311199367,5.132432667672849,28.399464382038477,-1.0,-0.7761524273723414,604.1113482636761,0.0,0.061441484503391486,614,True
esophagus_muscularis,excluded_at_or_below_-1,ENSG00000290674.2,ENSG00000290674,0.31958694099117935,4.188519644741156,-0.9296675512617206,0.006461889528437349,12.095008509888185,38.13357647814813,0.0,2.9264455759693884,0.013817502282006521,-0.9430392007254452,-0.755425863102177,-0.8910748328567754,0.0537351800140111,1.2018283057384325,0.5220596092227003,-0.9430392007254452,-0.755425863102177,4.1875871936989455,0.0,0.057861995605036465,23,True
esophagus_muscularis,raw,ENSG00000290674.2,ENSG00000290674,0.5897435897435899,708.0734707764495,-0.9973022823762966,0.0006844839941280921,65.43589743589745,499.74128758325384,0.0,5.573759041297377,1.8957642178585535e-07,-1.0,-0.755425863102177,-0.9955342623096359,0.024098915552821464,6.3964413766713095,45.75437850833115,-1.0,-0.755425863102177,670.2337605637498,0.0,0.00012706051808775154,561,True
fallopian_tube,excluded_at_or_below_-1,ENSG00000290674.2,ENSG00000290674,,,,,,,,,,,,,,,,,,,,,4,False
fallopian_tube,raw,ENSG00000290674.2,ENSG00000290674,0.10256410256410256,27.149261496744227,-0.9976806036500592,0.0006247902521602681,3.5897435902031853,448.0377095161738,0.0,5.249956706693191,1.0362444698850492e-06,-1.0,-0.79974048982723,-0.985263084326721,0.044199317368532484,3.2615490724455687,9.964830423820327,-1.0,-0.79974048982723,27.119000325789457,0.0,2.8101914116410165e-05,29,True
heart_atrial_appendage,excluded_at_or_below_-1,ENSG00000290674.2,ENSG00000290674,0.1882259551028522,1.2978878518741555,-0.9347484894586763,0.03840875220208977,26.585631907957303,4.424942351186763,0.0,1.1928756991906586,0.4908912291425231,-0.967145906904756,-0.8145710857078082,-0.9186794016364338,0.036766846015342684,1.1548439022700958,1.1186066249271223,-0.967145906904756,-0.8145710857078082,1.2978130934117054,0.0,0.6370850646221323,28,True
heart_atrial_appendage,raw,ENSG00000290674.2,ENSG00000290674,0.717948717948718,447.1749251982582,-0.9976808035736099,7.25370538723453e-06,35.89743593574788,35699.85718800397,,452.1604979683898,,-1.0,-0.8145710857078082,-0.9950607879518876,0.021387586158292084,4.962897742952692,27.10985545970995,-1.0,-0.8145710857078082,0.0,0.0,0.0,461,True
heart_left_ventricle,excluded_at_or_below_-1,ENSG00000290674.2,ENSG00000290674,0.05751987135181107,29645.467771878433,-1.4956297513038264,0.16739252770114366,11.351256055535593,5.481154910207478,0.0,-4.402130503554697,1.0,-0.97457425313436,-0.8468561858731827,-0.9444344629239305,0.03172870144950377,1.804302800152799,3.240958188312451,-0.97457425313436,-0.8468561858731827,1.8273058675617042,0.0,1.8273058675616949,17,True
heart_left_ventricle,raw,ENSG00000290674.2,ENSG00000290674,0.4358810585687926,477.2703802231969,-0.9983352070749667,0.0008149235699555669,23.58974360794732,262.87580099106106,0.0,2.889071834372483,0.015766154582230543,-1.0,-0.8468561858731827,-0.9979101457294398,0.012153969134054473,7.51015970392104,68.49047300199716,-1.0,-0.8468561858731827,466.19541171570955,0.0,7.350108926636153,452,True
kidney_cortex,excluded_at_or_below_-1,ENSG00000290674.2,ENSG00000290674,,,,,,,,,,,,,,,,,,,,,6,False
kidney_cortex,raw,ENSG00000290674.2,ENSG00000290674,0.15711785776579915,95.90045179186089,-0.9974123749577883,0.002052856695572311,10.929581377403386,140.9011782476136,0.0,1.7826156287113046,0.20551739454309892,-1.0,-0.792881789991349,-0.9927840637392608,0.033166886091196696,4.8988701307224165,23.429241504768424,-1.0,-0.792881789991349,95.26629321346871,0.0,19.578880369011166,104,True
kidney_medulla,excluded_at_or_below_-1,ENSG00000290674.2,ENSG00000290674,,,,,,,,,,,,,,,,,,,,,0,False
kidney_medulla,raw,ENSG00000290674.2,ENSG00000290674,0.0,11.0,-0.9875,1.0001e-06,0.0,-17675.90193946968,0.0,,,-1.0,-1.0,-1.0,0.0,,,,-1.0,8.983579622590726e-189,0.0,,11,True
liver,excluded_at_or_below_-1,ENSG00000290674.2,ENSG00000290674,,,,,,,,,,,,,,,,,,,,,5,False
liver,raw,ENSG00000290674.2,ENSG00000290674,0.12820472211773692,294.38465500547153,-0.9992837947825063,0.00038193267256018547,6.358974380487228,251.2747335339903,0.0,2.6519520449312823,0.029880638339679143,-1.0,-0.9314227354072556,-0.9988974054824541,0.008071044439230426,7.3882234601957615,53.87173004595681,-1.0,-0.9314227354072556,292.65867369235553,0.0,8.744827985571813,262,True
lung,excluded_at_or_below_-1,ENSG00000290674.2,ENSG00000290674,0.32977525782751616,4.335360847850118,-0.9701741611136683,0.1882507783156991,70.47476267170566,4.470149473880351,0.0,-0.06397718210101067,1.0,-0.961657940759544,-0.3751373575962349,-0.8192169022271122,0.1278630675161895,1.46313739662703,2.0500578198967343,-0.961657940759544,-0.3751373575962349,4.326298850557645,0.0,4.326298850557644,60,True
lung,raw,ENSG00000290674.2,ENSG00000290674,1.5384615387427731,645.9239699029195,-0.9935147458599001,0.0031725680857923647,157.69230769664745,275.6497781918882,0.0,2.890886534930042,0.015397822813059342,-1.0,-0.3751373575962349,-0.982041414128521,0.06729485203203382,4.934176971977271,28.63194338745552,-1.0,-0.3751373575962349,642.6488606235603,0.0,9.895393286895999,604,True
minor_salivary_gland,excluded_at_or_below_-1,ENSG00000290674.2,ENSG00000290674,0.2820512820513157,1.959170844346671,-0.9551779367638824,0.000488674238298275,7.897435897440159,316.72750848984157,0.0,3.49009627245963,0.002337599309497204,-0.9563839216185812,-0.845734371748381,-0.9035353378995522,0.03680542501808485,-0.005407563936927168,-1.1961150507763698,-0.9563839216185812,-0.845734371748381,1.8979344476079358,0.0,0.004436610254199225,13,True
minor_salivary_gland,raw,ENSG00000290674.2,ENSG00000290674,0.34281317711437054,158.22571878193443,-0.998098980347096,0.001959843926081033,116.0507859071511,109.94553853930809,0.0,1.3717662614341952,0.39126969548829205,-1.0,-0.845734371748381,-0.9930715988546639,0.026722626575118702,3.981675239529351,15.112444355907932,-1.0,-0.845734371748381,157.82857472386004,0.0,61.753538371555855,181,True
muscle_skeletal,excluded_at_or_below_-1,ENSG00000290674.2,ENSG00000290674,0.21318058458991174,2.9697179095356505,-0.9428710251697899,0.04483880106095076,26.826557163882953,5.881082902742759,0.0,0.8454476291998885,0.6995026815371879,-0.969676635766208,-0.7564064675420556,-0.9192112439266562,0.04289122238571797,1.7832546600877797,3.7719841665443807,-0.969676635766208,-0.7564064675420556,2.9697023494149017,0.0,2.0773147567830104,44,True
muscle_skeletal,raw,ENSG00000290674.2,ENSG00000290674,1.128205127634929,819.9819857493301,-0.9972154723174913,0.001070477921875056,86.35897442607612,318.1339414254052,0.0,3.6786529950190903,0.0011559021946343272,-1.0,-0.7564064675420556,-0.9956543945388422,0.02072251004711851,6.01636721809869,43.97373623521565,-1.0,-0.7564064675420556,817.2234528509838,0.0,0.9446303826571059,818,True
nerve_tibial,excluded_at_or_below_-1,ENSG00000290674.2,ENSG00000290674,0.7315047473326524,12.24553127273346,-0.9180712605314987,0.02291536965592231,73.83146481396363,46.33165041117946,0.0,1.3278555422520426,0.4142465906537775,-0.9395873182260036,-0.1673311147789969,-0.8440591164125935,0.12137566340456216,3.5863517342652704,16.58227668425956,-0.9395873182260036,-0.1673311147789969,12.24178082457576,0.0,5.071115970111297,53,True
nerve_tibial,raw,ENSG00000290674.2,ENSG00000290674,1.3965204501703479,570.7169982598864,-0.989624922527464,0.009621087558665397,2358.12943548621,120.86981311441363,0.0,1.5250433158273233,0.3139904616730199,-1.0,-0.1673311147789969,-0.9876643778654739,0.05402962494538122,7.740459491223257,89.03433896912044,-1.0,-0.1673311147789969,568.1625599261541,0.0,178.39762449653793,670,True
ovary,excluded_at_or_below_-1,ENSG00000290674.2,ENSG00000290674,0.315789527340986,6.773576969806953,-0.9031641879885146,0.002012729795356059,10.210527436226,133.5756308646663,0.0,18.812009561981473,0.0,-0.9299377200513708,-0.7130573616025092,-0.8340858729902725,0.0729582177446029,0.17242259963495354,-1.3957108919849692,-0.9299377200513708,-0.7130573616025092,6.772928041065334,0.0,0.0,15,True
ovary,raw,ENSG00000290674.2,ENSG00000290674,0.5853161810862622,166.71624167927612,-0.9964303979997212,0.003355451698426005,144.1794651205028,119.43250188097421,0.0,1.504470937083201,0.3238227018913792,-1.0,-0.7130573616025092,-0.9871051196624564,0.04869876808097533,4.000407729787038,15.474163176765355,-1.0,-0.7130573616025092,166.02459577302005,0.0,53.762533183643406,193,True
pancreas,excluded_at_or_below_-1,ENSG00000290674.2,ENSG00000290674,0.11613605893292996,1.321528375334294,-0.9607753602541419,0.018000579356022818,9.404938295488336,9.59677977746289,0.0,0.9196302887648046,0.6551850400840975,-0.9724807196365928,-0.838624363726701,-0.9417760365067367,0.03409352303624671,2.04321592199181,3.70047698963275,-0.9724807196365928,-0.838624363726701,1.3214988332830309,0.0,0.8658262660556306,15,True
pancreas,raw,ENSG00000290674.2,ENSG00000290674,0.3846153846153847,379.68582878156707,-0.99809050495601,0.00035677180663844997,17.230769230769234,632.1104287658351,0.0,7.569078436827809,3.641956007781898e-13,-1.0,-0.838624363726701,-0.9975874048276272,0.013420179791709466,7.371136333680026,66.57735614440138,-1.0,-0.838624363726701,378.02300768458946,0.0,1.3767431639166716e-10,362,True
pituitary,excluded_at_or_below_-1,ENSG00000290674.2,ENSG00000290674,0.42863691562349154,3.53822196510506,-0.9222493784057345,0.006424244309272259,15.279921730897994,37.14942555418213,0.0,8.016928119576653,1.1063986418916246e-14,-0.9586672902546431,-0.7534934054332267,-0.890467977542745,0.050363833303433685,1.0868736913776236,0.4831306622151619,-0.9586672902546431,-0.7534934054332267,3.5371845315289376,0.0,3.913536161803677e-14,25,True
pituitary,raw,ENSG00000290674.2,ENSG00000290674,0.6410256409911248,295.3235029869286,-0.9970978785212081,0.00108386511022881,30.974358988344587,317.8520522937095,0.0,3.7866516010424056,0.0007701117090480458,-1.0,-0.7534934054332267,-0.99125143590597,0.03285807561527462,4.259527047021713,19.40850602273543,-1.0,-0.7534934054332267,295.2082911550696,0.0,0.22734336162658286,313,True
prostate,excluded_at_or_below_-1,ENSG00000290674.2,ENSG00000290674,0.34210531967813357,17.545336782880295,-0.9300821954365884,0.0025578434302386413,18.552633825504692,158.0896728437422,0.0,4.59620604053145,2.587234009514687e-05,-0.9383952082216368,-0.6441503943064969,-0.8778724825482378,0.07442760357141082,1.9447783090734183,3.1905264625687773,-0.9383952082216368,-0.6441503943064969,17.5414969922445,0.0,0.0004538395759613456,20,True
prostate,raw,ENSG00000290674.2,ENSG00000290674,0.5128205128205128,322.86451540853994,-0.996038795395971,0.0010603990229173298,45.74358974358975,469.30008280601254,0.0,5.2829068617404005,9.008458992249442e-07,-1.0,-0.6441503943064969,-0.9913384739395914,0.03688957708357731,5.661488284883335,38.68448328760879,-1.0,-0.6441503943064969,311.87795779953154,0.0,0.00028095397934235766,282,True
skin_not_sun_exposed_suprapubic,excluded_at_or_below_-1,ENSG00000290674.2,ENSG00000290674,0.7825359816153482,6.153203577761997,-0.9227204721874658,0.07121956494938102,77.50524933806413,8.954371673958137,0.0,0.7859922637541825,0.7342710789565328,-0.9623029147318712,-0.4717797713047547,-0.8449064909212618,0.10489395160245349,1.1961298558526707,0.7910112847160247,-0.9623029147318712,-0.4717797713047547,6.153111783899304,0.0,4.518052028503898,81,True
skin_not_sun_exposed_suprapubic,raw,ENSG00000290674.2,ENSG00000290674,2.076923076881174,620.7819396830818,-0.9943104332556256,0.003061111697103773,264.7692322572475,241.40574471224897,0.0,2.628542585209885,0.03213958190336969,-1.0,-0.4717797713047547,-0.9807026509441202,0.06307710334050431,4.092489081889473,18.500544719434878,-1.0,-0.4717797713047547,610.3476681977821,0.0,19.616318871573313,651,True
skin_sun_exposed_lower_leg,excluded_at_or_below_-1,ENSG00000290674.2,ENSG00000290674,0.934201383230729,9.53093129263353,-0.9369517868475951,0.024653039851124076,64.18657548036123,20.493520636881357,0.0,0.905412608646587,0.6637761379990238,-0.9527352397266772,-0.5797019383147597,-0.8815537064812786,0.07183698668114698,1.6260985006375364,3.2010071743163078,-0.9527352397266772,-0.5797019383147597,9.530210133126353,0.0,6.325926076485773,74,True
skin_sun_exposed_lower_leg,raw,ENSG00000290674.2,ENSG00000290674,1.8974358848271875,857.9399864330114,-0.9957649819788567,0.002100384332387232,295.5897438423471,280.1401581982073,0.0,2.851487620643293,0.017157001830966703,-1.0,-0.5797019383147597,-0.9883752974530698,0.041757765000741354,4.627772970657321,25.86887332604673,-1.0,-0.5797019383147597,857.8182476571891,0.0,14.71758924569106,754,True
small_intestine_terminal_ileum,excluded_at_or_below_-1,ENSG00000290674.2,ENSG00000290674,0.19204352022774385,1.4469591401449757,-0.9126265042784714,0.031067462957097877,14.014618464049025,13.162078539034171,0.0,1.6464151623074574,0.2578720269681544,-0.9487949751713398,-0.6234817822014965,-0.868790777106692,0.07779294823535846,1.9156681433221934,3.7946917630939234,-0.9487949751713398,-0.6234817822014965,1.4468873630344934,0.0,0.3731117771003127,17,True
small_intestine_terminal_ileum,raw,ENSG00000290674.2,ENSG00000290674,0.43589743581734447,218.4100482441038,-0.9959953433030072,0.0018647580229276706,25.589743590281735,282.510504741284,0.0,3.0370910026406865,0.010088861592565876,-1.0,-0.6234817822014965,-0.9892243633372647,0.0421199073228862,5.108157087898699,31.865959228194484,-1.0,-0.6234817822014965,215.02120440262968,0.0,2.169319170684945,207,True
spleen,excluded_at_or_below_-1,ENSG00000290674.2,ENSG00000290674,0.1593013095394829,2.1899455736685267,-0.9295519578288864,0.00840183073693573,5.35059492442934,41.320649292799835,0.0,6.12478779589718,7.149809199178069e-09,-0.9659392699929892,-0.6840663320823573,-0.8999952029076277,0.0777960111810906,2.1480165016830157,3.635223351755725,-0.9659392699929892,-0.6840663320823573,2.189217305452914,0.0,1.565248602952707e-08,11,True
spleen,raw,ENSG00000290674.2,ENSG00000290674,0.28205128203269714,305.1675288493268,-0.9966116444173276,0.0015073410295928483,19.897435899375978,293.235446314124,0.0,3.1790141216101198,0.006532066171679664,-1.0,-0.6840663320823573,-0.9960286903681729,0.024536581478529544,9.043620581527984,99.31381231755941,-1.0,-0.6840663320823573,298.51717879186276,0.0,1.9499339652515737,277,True
stomach,excluded_at_or_below_-1,ENSG00000290674.2,ENSG00000290674,,,,,,,,,,,,,,,,,,,,,16,False
stomach,raw,ENSG00000290674.2,ENSG00000290674,0.41025641022795356,420.3806852376625,-0.9977788094855836,0.0010219930686145926,17.43589743688647,273.4905598729268,0.0,3.0736389967503857,0.008994930334772019,-1.0,-0.8001386058004794,-0.9953759222877936,0.025023785302904524,5.964887946462543,36.768994220218616,-1.0,-0.8001386058004794,415.1444406750572,0.0,3.7341953227400264,407,True
testis,excluded_at_or_below_-1,ENSG00000290674.2,ENSG00000290674,0.14423469617421456,3.248204190169931,-0.8975554921950843,0.07067386117839398,18.99281773126839,4.885054131424785,0.0,1.1509208137974611,0.5156571454485797,-0.9550715703786048,-0.6534299607202467,-0.8761148853986972,0.06038470691005668,1.577407594126973,3.1889779017822573,-0.9550715703786048,-0.6534299607202467,3.248175170844592,0.0,1.674944736514675,53,True
testis,raw,ENSG00000290674.2,ENSG00000290674,1.3589743557230751,368.04526137981713,-0.9958604205223598,0.001266872297230222,90.97435897435963,382.25620804919964,0.0,4.621025696591072,2.318634659212482e-05,-1.0,-0.6534299607202467,-0.9841403114157752,0.04665295103499085,3.4548726126585345,13.623403917488758,-1.0,-0.6534299607202467,366.2124541096257,0.0,0.008491128887338384,414,True
thyroid,excluded_at_or_below_-1,ENSG00000290674.2,ENSG00000290674,0.9960610975802849,13.192901443410301,-0.9199068229029663,0.00638627415582798,61.982937668213985,84.2128767896285,0.0,7.259202880074623,3.6165211052323405e-12,-0.9526877698393964,-0.5396201866136962,-0.8513126295425322,0.08527584651460178,1.5146717152439526,2.5930772670568354,-0.9526877698393964,-0.5396201866136962,13.159895721546944,0.0,4.759304061963121e-11,54,True
thyroid,raw,ENSG00000290674.2,ENSG00000290674,1.3846153789722961,785.9291323342937,-0.9951898260913059,0.0019986898206963317,161.23076929344157,322.34754792026524,0.0,3.403536210875557,0.003082091049852312,-1.0,-0.5396201866136962,-0.9882615233849368,0.04662854741131396,4.991063489683927,29.499970375108788,-1.0,-0.5396201866136962,778.2005416914873,0.0,2.398484924537579,684,True
uterus,excluded_at_or_below_-1,ENSG00000290674.2,ENSG00000290674,,,,,,,,,,-0.9552212132506824,-0.679545360389965,,,,,,,,,,7,False
uterus,raw,ENSG00000290674.2,ENSG00000290674,0.17948717948718082,165.88525897340043,-0.996524445114516,0.0014764575289963973,7.743589743589919,303.6159942309889,0.0,3.3290336899598527,0.004050730950193783,-1.0,-0.679545360389965,-0.9929264655883313,0.03784278003008676,6.162352441193384,40.16093428433316,-1.0,-0.679545360389965,160.6007732939369,0.0,0.6505505230068027,153,True
vagina,excluded_at_or_below_-1,ENSG00000290674.2,ENSG00000290674,0.062023993490416124,56.76480696592702,-1.5698466273383265,0.355902672528762,21.5736161475703,4.952002599291248,0.0,-2.525950052105757,1.0,-0.9341630232933568,-0.3236197445330758,-0.8128458633653439,0.15144420209728965,2.2740540266889337,4.915217011965928,-0.9341630232933568,-0.3236197445330758,2.3363496708447338,0.0,2.3363496708447338,16,True
vagina,raw,ENSG00000290674.2,ENSG00000290674,0.4102564102557127,187.7895752976445,-0.9930687297134879,0.003397813715640171,29.43589743592579,278.6332369550375,0.0,2.884883417398374,0.015620618960438494,-1.0,-0.3236197445330758,-0.9823854930226206,0.070990910471391,6.084845654348811,45.95921265763748,-1.0,-0.3236197445330758,187.39325916504274,0.0,2.92719869717184,170,True
whole_blood,excluded_at_or_below_-1,ENSG00000290674.2,ENSG00000290674,0.18272797136468646,1009249122693.7288,-5.704416131325738,0.9400549820403972,37.994591865345384,8.79439420561191,0.0,-7.149505134116802,1.0,-0.9520024229096152,0.1413870111218775,-0.7873831119006357,0.21040332913201887,2.8009290500352733,9.385884827217154,-0.9520024229096152,0.1413870111218775,8.024616479526042,0.0,8.024616479526042,34,True
whole_blood,raw,ENSG00000290674.2,ENSG00000290674,0.8684210521990348,929.5977425839664,-0.9906391755378035,0.011232948685485307,120.34210531869198,142.5206177790397,0.0,1.1785155688049955,0.49945914847648426,-1.0,0.1413870111218775,-0.9909975414752448,0.06047215479267721,11.436355360769896,173.45654984340325,-1.0,0.1413870111218775,929.3932499618006,0.0,464.19396122571305,803,True
adipose_subcutaneous,excluded_at_or_below_-1,ENSG00000290675.1,ENSG00000290675,,,,,,,,,,,,,,,,,,,,,0,False
adipose_subcutaneous,raw,ENSG00000290675.1,ENSG00000290675,0.0,714.0,-0.9875,1.0001e-06,0.0,-17675.90193946968,0.0,,,-1.0,-1.0,-1.0,0.0,,,,-1.0,5.83115986411798e-187,0.0,,714,True
adipose_visceral_omentum,excluded_at_or_below_-1,ENSG00000290675.1,ENSG00000290675,,,,,,,,,,,,,,,,,,,,,0,False
adipose_visceral_omentum,raw,ENSG00000290675.1,ENSG00000290675,0.0,587.0,-0.9875,1.0001e-06,0.0,-17675.90193946968,0.0,,,-1.0,-1.0,-1.0,0.0,,,,-1.0,4.793964762237051e-187,0.0,,587,True
adrenal_gland,excluded_at_or_below_-1,ENSG00000290675.1,ENSG00000290675,,,,,,,,,,,,,,,,,,,,,1,False
adrenal_gland,raw,ENSG00000290675.1,ENSG00000290675,0.02564102564096142,313.4644381016679,-0.9876039102285464,0.005154313190370679,0.9743589743854325,297.3576607823814,0.0,3.4011744392900503,0.0030962966335416476,-1.0,0.0961606314270451,-0.9962842012493999,0.06382093939071791,17.08810701513026,290.00340136054416,-1.0,0.0961606314270451,311.45057294178116,0.0,0.9643433605142542,295,True
artery_aorta,excluded_at_or_below_-1,ENSG00000290675.1,ENSG00000290675,,,,,,,,,,,,,,,,,,,,,0,False
artery_aorta,raw,ENSG00000290675.1,ENSG00000290675,0.0,472.0,-0.9875,1.0001e-06,0.0,-17675.90193946968,0.0,,,-1.0,-1.0,-1.0,0.0,,,,-1.0,3.8547723471480207e-187,0.0,,472,True
artery_coronary,excluded_at_or_below_-1,ENSG00000290675.1,ENSG00000290675,,,,,,,,,,,,,,,,,,,,,0,False
artery_coronary,raw,ENSG00000290675.1,ENSG00000290675,0.0,268.0,-0.9875,1.0001e-06,0.0,-17675.90193946968,0.0,,,-1.0,-1.0,-1.0,0.0,,,,-1.0,2.1887266716857407e-187,0.0,,268,True
artery_tibial,excluded_at_or_below_-1,ENSG00000290675.1,ENSG00000290675,,,,,,,,,,,,,,,,,,,,,0,False
artery_tibial,raw,ENSG00000290675.1,ENSG00000290675,0.0,691.0,-0.9875,1.0001e-06,0.0,-17675.90193946968,0.0,,,-1.0,-1.0,-1.0,0.0,,,,-1.0,5.643321381100175e-187,0.0,,691,True
bladder,excluded_at_or_below_-1,ENSG00000290675.1,ENSG00000290675,,,,,,,,,,,,,,,,,,,,,0,False
bladder,raw,ENSG00000290675.1,ENSG00000290675,0.0,77.0,-0.9875,1.0001e-06,0.0,-17675.90193946968,0.0,,,-1.0,-1.0,-1.0,0.0,,,,-1.0,6.288505735813509e-188,0.0,,77,True
brain_amygdala,excluded_at_or_below_-1,ENSG00000290675.1,ENSG00000290675,,,,,,,,,,,,,,,,,,,,,0,False
brain_amygdala,raw,ENSG00000290675.1,ENSG00000290675,0.0,181.0,-0.9875,1.0001e-06,0.0,-17675.90193946968,0.0,,,-1.0,-1.0,-1.0,0.0,,,,-1.0,1.478207192444474e-187,0.0,,181,True
brain_anterior_cingulate_cortex_ba24,excluded_at_or_below_-1,ENSG00000290675.1,ENSG00000290675,,,,,,,,,,,,,,,,,,,,,0,False
brain_anterior_cingulate_cortex_ba24,raw,ENSG00000290675.1,ENSG00000290675,0.0,233.0,-0.9875,1.0001e-06,0.0,-17675.90193946968,0.0,,,-1.0,-1.0,-1.0,0.0,,,,-1.0,1.9028855018760357e-187,0.0,,233,True
brain_caudate_basal_ganglia,excluded_at_or_below_-1,ENSG00000290675.1,ENSG00000290675,,,,,,,,,,,,,,,,,,,,,0,False
brain_caudate_basal_ganglia,raw,ENSG00000290675.1,ENSG00000290675,0.0,300.0,-0.9875,1.0001e-06,0.0,-17675.90193946968,0.0,,,-1.0,-1.0,-1.0,0.0,,,,-1.0,2.450067169797471e-187,0.0,,300,True
brain_cerebellar_hemisphere,excluded_at_or_below_-1,ENSG00000290675.1,ENSG00000290675,,,,,,,,,,,,,,,,,,,,,0,False
brain_cerebellar_hemisphere,raw,ENSG00000290675.1,ENSG00000290675,0.0,277.0,-0.9875,1.0001e-06,0.0,-17675.90193946968,0.0,,,-1.0,-1.0,-1.0,0.0,,,,-1.0,2.2622286867796648e-187,0.0,,277,True
brain_cerebellum,excluded_at_or_below_-1,ENSG00000290675.1,ENSG00000290675,,,,,,,,,,,,,,,,,,,,,0,False
brain_cerebellum,raw,ENSG00000290675.1,ENSG00000290675,0.0,266.0,-0.9875,1.0001e-06,0.0,-17675.90193946968,0.0,,,-1.0,-1.0,-1.0,0.0,,,,-1.0,2.1723928905537574e-187,0.0,,266,True
brain_cortex,excluded_at_or_below_-1,ENSG00000290675.1,ENSG00000290675,,,,,,,,,,,,,,,,,,,,,0,False
brain_cortex,raw,ENSG00000290675.1,ENSG00000290675,0.0,270.0,-0.9875,1.0001e-06,0.0,-17675.90193946968,0.0,,,-1.0,-1.0,-1.0,0.0,,,,-1.0,2.2050604528177237e-187,0.0,,270,True
brain_frontal_cortex_ba9,excluded_at_or_below_-1,ENSG00000290675.1,ENSG00000290675,,,,,,,,,,,,,,,,,,,,,0,False
brain_frontal_cortex_ba9,raw,ENSG00000290675.1,ENSG00000290675,0.0,269.0,-0.9875,1.0001e-06,0.0,-17675.90193946968,0.0,,,-1.0,-1.0,-1.0,0.0,,,,-1.0,2.196893562251732e-187,0.0,,269,True
brain_hippocampus,excluded_at_or_below_-1,ENSG00000290675.1,ENSG00000290675,,,,,,,,,,,,,,,,,,,,,0,False
brain_hippocampus,raw,ENSG00000290675.1,ENSG00000290675,0.0,255.0,-0.9875,1.0001e-06,0.0,-17675.90193946968,0.0,,,-1.0,-1.0,-1.0,0.0,,,,-1.0,2.08255709432785e-187,0.0,,255,True
brain_hypothalamus,excluded_at_or_below_-1,ENSG00000290675.1,ENSG00000290675,,,,,,,,,,,,,,,,,,,,,0,False
brain_hypothalamus,raw,ENSG00000290675.1,ENSG00000290675,0.0,257.0,-0.9875,1.0001e-06,0.0,-17675.90193946968,0.0,,,-1.0,-1.0,-1.0,0.0,,,,-1.0,2.0988908754598334e-187,0.0,,257,True
brain_nucleus_accumbens_basal_ganglia,excluded_at_or_below_-1,ENSG00000290675.1,ENSG00000290675,,,,,,,,,,,,,,,,,,,,,0,False
brain_nucleus_accumbens_basal_ganglia,raw,ENSG00000290675.1,ENSG00000290675,0.0,285.0,-0.9875,1.0001e-06,0.0,-17675.90193946968,0.0,,,-1.0,-1.0,-1.0,0.0,,,,-1.0,2.3275638113075975e-187,0.0,,285,True
brain_putamen_basal_ganglia,excluded_at_or_below_-1,ENSG00000290675.1,ENSG00000290675,,,,,,,,,,,,,,,,,,,,,0,False
brain_putamen_basal_ganglia,raw,ENSG00000290675.1,ENSG00000290675,0.0,254.0,-0.9875,1.0001e-06,0.0,-17675.90193946968,0.0,,,-1.0,-1.0,-1.0,0.0,,,,-1.0,2.0743902037618585e-187,0.0,,254,True
brain_spinal_cord_cervical_c-1,excluded_at_or_below_-1,ENSG00000290675.1,ENSG00000290675,,,,,,,,,,,,,,,,,,,,,0,False
brain_spinal_cord_cervical_c-1,raw,ENSG00000290675.1,ENSG00000290675,0.0,204.0,-0.9875,1.0001e-06,0.0,-17675.90193946968,0.0,,,-1.0,-1.0,-1.0,0.0,,,,-1.0,1.6660456754622802e-187,0.0,,204,True
brain_substantia_nigra,excluded_at_or_below_-1,ENSG00000290675.1,ENSG00000290675,,,,,,,,,,,,,,,,,,,,,0,False
brain_substantia_nigra,raw,ENSG00000290675.1,ENSG00000290675,0.0,183.0,-0.9875,1.0001e-06,0.0,-17675.90193946968,0.0,,,-1.0,-1.0,-1.0,0.0,,,,-1.0,1.4945409735764572e-187,0.0,,183,True
breast_mammary_tissue,excluded_at_or_below_-1,ENSG00000290675.1,ENSG00000290675,,,,,,,,,,,,,,,,,,,,,0,False
breast_mammary_tissue,raw,ENSG00000290675.1,ENSG00000290675,0.0,514.0,-0.9875,1.0001e-06,0.0,-17675.90193946968,0.0,,,-1.0,-1.0,-1.0,0.0,,,,-1.0,4.1977817509196667e-187,0.0,,514,True
cells_cultured_fibroblasts,excluded_at_or_below_-1,ENSG00000290675.1,ENSG00000290675,,,,,,,,,,,,,,,,,,,,,0,False
cells_cultured_fibroblasts,raw,ENSG00000290675.1,ENSG00000290675,0.0,652.0,-0.9875,1.0001e-06,0.0,-17675.90193946968,0.0,,,-1.0,-1.0,-1.0,0.0,,,,-1.0,5.324812649026503e-187,0.0,,652,True
cells_ebv-transformed_lymphocytes,excluded_at_or_below_-1,ENSG00000290675.1,ENSG00000290675,,,,,,,,,,,,,,,,,,,,,0,False
cells_ebv-transformed_lymphocytes,raw,ENSG00000290675.1,ENSG00000290675,0.0,327.0,-0.9875,1.0001e-06,0.0,-17675.90193946968,0.0,,,-1.0,-1.0,-1.0,0.0,,,,-1.0,2.670573215079243e-187,0.0,,327,True
cervix_ectocervix,excluded_at_or_below_-1,ENSG00000290675.1,ENSG00000290675,,,,,,,,,,,,,,,,,,,,,0,False
cervix_ectocervix,raw,ENSG00000290675.1,ENSG00000290675,0.0,24.0,-0.9875,1.0001e-06,0.0,-17675.90193946968,0.0,,,-1.0,-1.0,-1.0,0.0,,,,-1.0,1.9600537358379766e-188,0.0,,24,True
cervix_endocervix,excluded_at_or_below_-1,ENSG00000290675.1,ENSG00000290675,,,,,,,,,,,,,,,,,,,,,0,False
cervix_endocervix,raw,ENSG00000290675.1,ENSG00000290675,0.0,23.0,-0.9875,1.0001e-06,0.0,-17675.90193946968,0.0,,,-1.0,-1.0,-1.0,0.0,,,,-1.0,1.878384830178061e-188,0.0,,23,True
colon_sigmoid,excluded_at_or_below_-1,ENSG00000290675.1,ENSG00000290675,,,,,,,,,,,,,,,,,,,,,0,False
colon_sigmoid,raw,ENSG00000290675.1,ENSG00000290675,0.0,419.0,-0.9875,1.0001e-06,0.0,-17675.90193946968,0.0,,,-1.0,-1.0,-1.0,0.0,,,,-1.0,3.4219271471504676e-187,0.0,,419,True
colon_transverse,excluded_at_or_below_-1,ENSG00000290675.1,ENSG00000290675,,,,,,,,,,,,,,,,,,,,,0,False
colon_transverse,raw,ENSG00000290675.1,ENSG00000290675,0.0,479.0,-0.9875,1.0001e-06,0.0,-17675.90193946968,0.0,,,-1.0,-1.0,-1.0,0.0,,,,-1.0,3.911940581109962e-187,0.0,,479,True
esophagus_gastroesophageal_junction,excluded_at_or_below_-1,ENSG00000290675.1,ENSG00000290675,,,,,,,,,,,,,,,,,,,,,0,False
esophagus_gastroesophageal_junction,raw,ENSG00000290675.1,ENSG00000290675,0.0,403.0,-0.9875,1.0001e-06,0.0,-17675.90193946968,0.0,,,-1.0,-1.0,-1.0,0.0,,,,-1.0,3.2912568980946026e-187,0.0,,403,True
esophagus_mucosa,excluded_at_or_below_-1,ENSG00000290675.1,ENSG00000290675,,,,,,,,,,,,,,,,,,,,,0,False
esophagus_mucosa,raw,ENSG00000290675.1,ENSG00000290675,0.0,614.0,-0.9875,1.0001e-06,0.0,-17675.90193946968,0.0,,,-1.0,-1.0,-1.0,0.0,,,,-1.0,5.014470807518823e-187,0.0,,614,True
esophagus_muscularis,excluded_at_or_below_-1,ENSG00000290675.1,ENSG00000290675,,,,,,,,,,,,,,,,,,,,,0,False
esophagus_muscularis,raw,ENSG00000290675.1,ENSG00000290675,0.0,561.0,-0.9875,1.0001e-06,0.0,-17675.90193946968,0.0,,,-1.0,-1.0,-1.0,0.0,,,,-1.0,4.5816256075212706e-187,0.0,,561,True
fallopian_tube,excluded_at_or_below_-1,ENSG00000290675.1,ENSG00000290675,,,,,,,,,,,,,,,,,,,,,0,False
fallopian_tube,raw,ENSG00000290675.1,ENSG00000290675,0.0,29.0,-0.9875,1.0001e-06,0.0,-17675.90193946968,0.0,,,-1.0,-1.0,-1.0,0.0,,,,-1.0,2.368398264137555e-188,0.0,,29,True
heart_atrial_appendage,excluded_at_or_below_-1,ENSG00000290675.1,ENSG00000290675,,,,,,,,,,,,,,,,,,,,,0,False
heart_atrial_appendage,raw,ENSG00000290675.1,ENSG00000290675,0.0,461.0,-0.9875,1.0001e-06,0.0,-17675.90193946968,0.0,,,-1.0,-1.0,-1.0,0.0,,,,-1.0,3.7649365509221136e-187,0.0,,461,True
heart_left_ventricle,excluded_at_or_below_-1,ENSG00000290675.1,ENSG00000290675,,,,,,,,,,,,,,,,,,,,,0,False
heart_left_ventricle,raw,ENSG00000290675.1,ENSG00000290675,0.0,452.0,-0.9875,1.0001e-06,0.0,-17675.90193946968,0.0,,,-1.0,-1.0,-1.0,0.0,,,,-1.0,3.6914345358281893e-187,0.0,,452,True
kidney_cortex,excluded_at_or_below_-1,ENSG00000290675.1,ENSG00000290675,,,,,,,,,,,,,,,,,,,,,0,False
kidney_cortex,raw,ENSG00000290675.1,ENSG00000290675,0.0,104.0,-0.9875,1.0001e-06,0.0,-17675.90193946968,0.0,,,-1.0,-1.0,-1.0,0.0,,,,-1.0,8.493566188631232e-188,0.0,,104,True
kidney_medulla,excluded_at_or_below_-1,ENSG00000290675.1,ENSG00000290675,,,,,,,,,,,,,,,,,,,,,0,False
kidney_medulla,raw,ENSG00000290675.1,ENSG00000290675,0.0,11.0,-0.9875,1.0001e-06,0.0,-17675.90193946968,0.0,,,-1.0,-1.0,-1.0,0.0,,,,-1.0,8.983579622590726e-189,0.0,,11,True
liver,excluded_at_or_below_-1,ENSG00000290675.1,ENSG00000290675,,,,,,,,,,,,,,,,,,,,,0,False
liver,raw,ENSG00000290675.1,ENSG00000290675,0.0,262.0,-0.9875,1.0001e-06,0.0,-17675.90193946968,0.0,,,-1.0,-1.0,-1.0,0.0,,,,-1.0,2.1397253282897912e-187,0.0,,262,True
lung,excluded_at_or_below_-1,ENSG00000290675.1,ENSG00000290675,,,,,,,,,,,,,,,,,,,,,0,False
lung,raw,ENSG00000290675.1,ENSG00000290675,0.0,604.0,-0.9875,1.0001e-06,0.0,-17675.90193946968,0.0,,,-1.0,-1.0,-1.0,0.0,,,,-1.0,4.932801901858908e-187,0.0,,604,True
minor_salivary_gland,excluded_at_or_below_-1,ENSG00000290675.1,ENSG00000290675,,,,,,,,,,,,,,,,,,,,,0,False
minor_salivary_gland,raw,ENSG00000290675.1,ENSG00000290675,0.0,181.0,-0.9875,1.0001e-06,0.0,-17675.90193946968,0.0,,,-1.0,-1.0,-1.0,0.0,,,,-1.0,1.478207192444474e-187,0.0,,181,True
muscle_skeletal,excluded_at_or_below_-1,ENSG00000290675.1,ENSG00000290675,,,,,,,,,,,,,,,,,,,,,0,False
muscle_skeletal,raw,ENSG00000290675.1,ENSG00000290675,0.0,818.0,-0.9875,1.0001e-06,0.0,-17675.90193946968,0.0,,,-1.0,-1.0,-1.0,0.0,,,,-1.0,6.680516482981104e-187,0.0,,818,True
nerve_tibial,excluded_at_or_below_-1,ENSG00000290675.1,ENSG00000290675,,,,,,,,,,,,,,,,,,,,,0,False
nerve_tibial,raw,ENSG00000290675.1,ENSG00000290675,0.0,670.0,-0.9875,1.0001e-06,0.0,-17675.90193946968,0.0,,,-1.0,-1.0,-1.0,0.0,,,,-1.0,5.471816679214351e-187,0.0,,670,True
ovary,excluded_at_or_below_-1,ENSG00000290675.1,ENSG00000290675,,,,,,,,,,,,,,,,,,,,,1,False
ovary,raw,ENSG00000290675.1,ENSG00000290675,,,,,,,,,,,,,,,,,,,,,193,False
pancreas,excluded_at_or_below_-1,ENSG00000290675.1,ENSG00000290675,,,,,,,,,,,,,,,,,,,,,0,False
pancreas,raw,ENSG00000290675.1,ENSG00000290675,0.0,362.0,-0.9875,1.0001e-06,0.0,-17675.90193946968,0.0,,,-1.0,-1.0,-1.0,0.0,,,,-1.0,2.956414384888948e-187,0.0,,362,True
pituitary,excluded_at_or_below_-1,ENSG00000290675.1,ENSG00000290675,,,,,,,,,,,,,,,,,,,,,0,False
pituitary,raw,ENSG00000290675.1,ENSG00000290675,0.0,313.0,-0.9875,1.0001e-06,0.0,-17675.90193946968,0.0,,,-1.0,-1.0,-1.0,0.0,,,,-1.0,2.5562367471553613e-187,0.0,,313,True
prostate,excluded_at_or_below_-1,ENSG00000290675.1,ENSG00000290675,,,,,,,,,,,,,,,,,,,,,0,False
prostate,raw,ENSG00000290675.1,ENSG00000290675,0.0,282.0,-0.9875,1.0001e-06,0.0,-17675.90193946968,0.0,,,-1.0,-1.0,-1.0,0.0,,,,-1.0,2.3030631396096224e-187,0.0,,282,True
skin_not_sun_exposed_suprapubic,excluded_at_or_below_-1,ENSG00000290675.1,ENSG00000290675,,,,,,,,,,,,,,,,,,,,,0,False
skin_not_sun_exposed_suprapubic,raw,ENSG00000290675.1,ENSG00000290675,0.0,651.0,-0.9875,1.0001e-06,0.0,-17675.90193946968,0.0,,,-1.0,-1.0,-1.0,0.0,,,,-1.0,5.316645758460512e-187,0.0,,651,True
skin_sun_exposed_lower_leg,excluded_at_or_below_-1,ENSG00000290675.1,ENSG00000290675,,,,,,,,,,,,,,,,,,,,,0,False
skin_sun_exposed_lower_leg,raw,ENSG00000290675.1,ENSG00000290675,0.0,754.0,-0.9875,1.0001e-06,0.0,-17675.90193946968,0.0,,,-1.0,-1.0,-1.0,0.0,,,,-1.0,6.157835486757643e-187,0.0,,754,True
small_intestine_terminal_ileum,excluded_at_or_below_-1,ENSG00000290675.1,ENSG00000290675,,,,,,,,,,,,,,,,,,,,,0,False
small_intestine_terminal_ileum,raw,ENSG00000290675.1,ENSG00000290675,0.0,207.0,-0.9875,1.0001e-06,0.0,-17675.90193946968,0.0,,,-1.0,-1.0,-1.0,0.0,,,,-1.0,1.6905463471602549e-187,0.0,,207,True
spleen,excluded_at_or_below_-1,ENSG00000290675.1,ENSG00000290675,,,,,,,,,,,,,,,,,,,,,0,False
spleen,raw,ENSG00000290675.1,ENSG00000290675,0.0,277.0,-0.9875,1.0001e-06,0.0,-17675.90193946968,0.0,,,-1.0,-1.0,-1.0,0.0,,,,-1.0,2.2622286867796648e-187,0.0,,277,True
stomach,excluded_at_or_below_-1,ENSG00000290675.1,ENSG00000290675,,,,,,,,,,,,,,,,,,,,,0,False
stomach,raw,ENSG00000290675.1,ENSG00000290675,0.0,407.0,-0.9875,1.0001e-06,0.0,-17675.90193946968,0.0,,,-1.0,-1.0,-1.0,0.0,,,,-1.0,3.3239244603585686e-187,0.0,,407,True
testis,excluded_at_or_below_-1,ENSG00000290675.1,ENSG00000290675,,,,,,,,,,,,,,,,,,,,,0,False
testis,raw,ENSG00000290675.1,ENSG00000290675,0.0,414.0,-0.9875,1.0001e-06,0.0,-17675.90193946968,0.0,,,-1.0,-1.0,-1.0,0.0,,,,-1.0,3.3810926943205097e-187,0.0,,414,True
thyroid,excluded_at_or_below_-1,ENSG00000290675.1,ENSG00000290675,,,,,,,,,,,,,,,,,,,,,0,False
thyroid,raw,ENSG00000290675.1,ENSG00000290675,0.0,684.0,-0.9875,1.0001e-06,0.0,-17675.90193946968,0.0,,,-1.0,-1.0,-1.0,0.0,,,,-1.0,5.586153147138233e-187,0.0,,684,True
uterus,excluded_at_or_below_-1,ENSG00000290675.1,ENSG00000290675,,,,,,,,,,,,,,,,,,,,,0,False
uterus,raw,ENSG00000290675.1,ENSG00000290675,0.0,153.0,-0.9875,1.0001e-06,0.0,-17675.90193946968,0.0,,,-1.0,-1.0,-1.0,0.0,,,,-1.0,1.24953425659671e-187,0.0,,153,True
vagina,excluded_at_or_below_-1,ENSG00000290675.1,ENSG00000290675,,,,,,,,,,,,,,,,,,,,,0,False
vagina,raw,ENSG00000290675.1,ENSG00000290675,0.0,170.0,-0.9875,1.0001e-06,0.0,-17675.90193946968,0.0,,,-1.0,-1.0,-1.0,0.0,,,,-1.0,1.3883713962185667e-187,0.0,,170,True
whole_blood,excluded_at_or_below_-1,ENSG00000290675.1,ENSG00000290675,,,,,,,,,,,,,,,,,,,,,0,False
whole_blood,raw,ENSG00000290675.1,ENSG00000290675,0.0,803.0,-0.9875,1.0001e-06,0.0,-17675.90193946968,0.0,,,-1.0,-1.0,-1.0,0.0,,,,-1.0,6.55801312449123e-187,0.0,,803,True
adipose_subcutaneous,excluded_at_or_below_-1,ENSG00000290677.2,ENSG00000290677,1.218156935568767,63.73343085903346,-0.7488755034347259,0.29370826795953425,283.03989453323356,7.366003363855327,0.0,1.1060608448665117,0.5424381419455058,-0.9785856572947116,0.7809189684494946,-0.6680004850552551,0.2099709826552903,1.3288007584616626,3.7111408270316666,-0.9785856572947116,0.7809189684494946,63.733171327846634,0.0,34.57130303537171,702,True
adipose_subcutaneous,raw,ENSG00000290677.2,ENSG00000290677,1.255355129346941,64.4142337910757,-0.7455517915683095,0.2897734883133084,574.9999992885031,7.449803858692063,0.0,1.2418116970609911,0.4625365281779673,-1.0,0.7809189684494946,-0.6735803088358391,0.2125316953616337,1.2744012168382908,3.515888086277031,-1.0,0.7809189684494946,64.41304856870761,0.0,29.793387854328802,714,True
adipose_visceral_omentum,excluded_at_or_below_-1,ENSG00000290677.2,ENSG00000290677,0.6317171763058607,46.86450009978611,-1.0413739163368267,0.4447825550899718,696.102520749771,3.9455537179995774,0.0,-0.18284088156461112,1.0,-0.98386885724183,0.1995372944083095,-0.7374943555847298,0.20146386849331133,1.3382411370837182,2.3466409721515316,-0.98386885724183,0.1995372944083095,46.068134623360876,0.0,46.068134623360876,559,True
adipose_visceral_omentum,raw,ENSG00000290677.2,ENSG00000290677,0.2557211282840173,52.62918407091931,-1.119237223609375,0.5030488271711991,560.8983674371289,3.707450864323234,0.0,-0.33520980401909173,1.0,-1.0,0.1995372944083095,-0.7500159195432093,0.20441105650158117,1.3027935845584422,2.2305349987609793,-1.0,0.1995372944083095,49.69934457166751,0.0,49.69934457166751,587,True
adrenal_gland,excluded_at_or_below_-1,ENSG00000290677.2,ENSG00000290677,0.9634806787705327,29.44224586216171,-0.9677868859747651,0.12889563129278267,216.30416428259537,7.48462880117122,0.0,0.22396297905384077,0.9752453008590934,-0.988199538164945,-0.2856155506212489,-0.8809128950181504,0.09898483267735442,1.914348298086888,5.453712427542941,-0.988199538164945,-0.2856155506212489,29.44184960191083,0.0,28.713025472863706,264,True
adrenal_gland,raw,ENSG00000290677.2,ENSG00000290677,0.5120840460687813,45.590473644984144,-1.0800119141629947,0.20739058476756328,201.6660416428506,5.417054551824169,0.0,-0.5456078649257794,1.0,-1.0,-0.2856155506212489,-0.8934271331687854,0.10051412593959803,1.8356110853145136,5.140265681390984,-1.0,-0.2856155506212489,39.285453860415664,0.0,39.28545386041566,295,True
artery_aorta,excluded_at_or_below_-1,ENSG00000290677.2,ENSG00000290677,0.17882266450728382,49.92780295713064,-1.1059535481958616,0.45912974268767226,348.02375486697724,4.433312058509625,0.0,-0.40213327868236587,1.0,-0.975399469462684,0.3333378564644806,-0.7509124367396073,0.18759826131537827,1.4780457551604962,3.3751446415344537,-0.975399469462684,0.3333378564644806,46.04706014143035,0.0,46.04706014143035,434,True
artery_aorta,raw,ENSG00000290677.2,ENSG00000290677,0.011817632299108866,58.30225770465814,-1.1923763367573832,0.5115372200937787,577.3086013468469,4.218042440712178,0.0,-0.5318503010828203,1.0,-1.0,0.3333378564644806,-0.770966096493622,0.1922406516386948,1.4013267328158765,3.0615410876107063,-1.0,0.3333378564644806,50.60501519623159,0.0,50.60501519623159,472,True
artery_coronary,excluded_at_or_below_-1,ENSG00000290677.2,ENSG00000290677,-0.29622431253800624,3192128390021.172,-18.86404723953138,3.533852049393244,255.06604827996085,7.659999579183593,0.0,-7.1538205695171975,1.0,-0.9880035123319748,0.2768420373513636,-0.6970173738523664,0.24936040271965307,1.0513856922627445,0.5594364027693772,-0.9880035123319748,0.2768420373513636,24.030340269032052,0.0,24.030340269032052,249,True
artery_coronary,raw,ENSG00000290677.2,ENSG00000290677,0.6477570128211108,3747733275515.419,-14.889758032303671,2.7464039340913766,317.63027209378714,7.8097803630954346,0.0,-7.15229247363543,1.0,-1.0,0.2768420373513636,-0.718497485407609,0.25263634982012684,1.0721256553707987,0.6065459876910313,-1.0,0.2768420373513636,28.997017124948634,0.0,28.997017124948634,268,True
artery_tibial,excluded_at_or_below_-1,ENSG00000290677.2,ENSG00000290677,0.724634365303171,53.40906308255098,-0.9971120430309193,0.28832141497613595,407.5700282589637,4.427542320174184,0.0,-0.061934027754976945,1.0,-0.9844853033413904,-0.0944511574449797,-0.813864862170114,0.13817216514579175,1.341341892328711,2.2837131806858366,-0.9844853033413904,-0.0944511574449797,53.30377038667529,0.0,53.30377038667529,612,True
artery_tibial,raw,ENSG00000290677.2,ENSG00000290677,-0.955864667088217,490.2324326695359,-1.9038521882193404,0.6710171298399945,465.6351305337648,3.813433910551776,0.0,-1.9049290489278417,1.0,-1.0,-0.0944511574449797,-0.8351451456557306,0.14289487650101496,1.2709131121027557,2.043429506538816,-1.0,-0.0944511574449797,79.53727717407722,0.0,79.53727717407722,691,True
bladder,excluded_at_or_below_-1,ENSG00000290677.2,ENSG00000290677,-0.6852627291950216,3.573580839888156,-0.6747339754059712,0.5533639519636203,52.911607845132146,1.7745463068723897,0.0,0.7866235234409045,0.6643871194065425,-0.9825298509513716,0.0196236403317651,-0.5970515530950953,0.23563451431327298,0.3019927915701379,-0.46748302015973753,-0.9825298509513716,0.0196236403317651,2.833458022606453,0.0,1.8825130135988588,77,True
bladder,raw,ENSG00000290677.2,ENSG00000290677,-0.6852627291950216,3.573580839888156,-0.6747339754059712,0.5533639519636203,52.911607845132146,1.7745463068723897,0.0,0.7866235234409045,0.6643871194065425,-0.9825298509513716,0.0196236403317651,-0.5970515530950953,0.23563451431327298,0.3019927915701379,-0.46748302015973753,-0.9825298509513716,0.0196236403317651,2.833458022606453,0.0,1.8825130135988588,77,True
brain_amygdala,excluded_at_or_below_-1,ENSG00000290677.2,ENSG00000290677,0.04105730016686477,37.2167626147655,-1.137259684733274,0.15005169242285582,93.86942596336274,4.006563129191512,0.0,-1.3950467463249725,1.0,-0.9892416407372884,-0.7121530429009182,-0.9393023017782012,0.04532444265419973,1.7740085936627168,4.813352027462831,-0.9892416407372884,-0.7121530429009182,14.052727999925553,0.0,14.052727999925546,118,True
brain_amygdala,raw,ENSG00000290677.2,ENSG00000290677,2.9437006791339897,65413256169.92935,-1.100827700395612,0.022891812320934173,683.1155499593469,24.011596996933726,0.0,-6.2289476850187215,1.0,-1.0,-0.7121530429009182,-0.9604291249161752,0.04664707577348948,1.7391351199994967,4.4015015616091615,-1.0,-0.7121530429009182,245.69627957063915,0.0,245.69627957061036,181,True
brain_anterior_cingulate_cortex_ba24,excluded_at_or_below_-1,ENSG00000290677.2,ENSG00000290677,0.3824474567519949,12.275724713170591,-0.9813699637870784,0.043406563097314915,184.2688740672046,6.391099040338862,0.0,0.357767429739036,0.9380097625716349,-0.9923509463814418,-0.7852074808802214,-0.955029340781544,0.03528769002049236,2.234509121245416,6.189579300742876,-0.9923509463814418,-0.7852074808802214,12.275677498869854,0.0,11.514705336120873,132,True
brain_anterior_cingulate_cortex_ba24,raw,ENSG00000290677.2,ENSG00000290677,3.3846153678040594,241.99647026995763,-0.997325606405357,1.103331849687262e-05,967.2307692307692,27188.586101981407,,342.79475334098174,,-1.0,-0.7852074808802214,-0.9745230600135785,0.03466845139705233,2.245535162977324,6.844662380002514,-1.0,-0.7852074808802214,0.0,0.0,0.0,233,True
brain_caudate_basal_ganglia,excluded_at_or_below_-1,ENSG00000290677.2,ENSG00000290677,1.0518458508615751,15.222346723617592,-0.9712309239995675,0.051463165293729005,203.9600632845187,5.832715109994864,0.0,0.5568050011598227,0.856403479075961,-0.9914930319113168,-0.7589786943481973,-0.9397040288790619,0.04488079386081187,1.588072306695158,2.5980597631077655,-0.9914930319113168,-0.7589786943481973,15.222311823798517,0.0,13.036440805480188,212,True
brain_caudate_basal_ganglia,raw,ENSG00000290677.2,ENSG00000290677,5.4612837034352,536.4480242508147,-1.0006344477209206,0.0026659029265127085,1655.619942235077,128.19403154046685,0.0,-0.3365631068631168,1.0,-1.0,-0.7589786943481973,-0.957390847074537,0.04666468933989344,1.5540241510854524,2.6729502749266496,-1.0,-0.7589786943481973,506.90941329128935,0.0,506.90941329128924,300,True
brain_cerebellar_hemisphere,excluded_at_or_below_-1,ENSG00000290677.2,ENSG00000290677,0.5245568865395687,27.964198244446724,-1.0904822295865517,0.1619962592896449,225.79335381349682,3.624364941081386,0.0,-0.905954103632393,1.0,-0.9867064069093308,-0.6753161058997657,-0.9155978076010617,0.06236125327421713,1.2920783294303584,1.3953394593154362,-0.9867064069093308,-0.6753161058997657,18.512184520721544,0.0,18.512184520721576,209,True
brain_cerebellar_hemisphere,raw,ENSG00000290677.2,ENSG00000290677,5.358974329175693,137531.40041563916,-0.9963824119023319,0.00015897117856844323,1456.9743589743591,2856.2178909327936,0.0,32.182199294699785,0.0,-1.0,-0.6753161058997657,-0.9363174793813064,0.06523071666833494,1.3024871285451918,1.4967940434488352,-1.0,-0.6753161058997657,39971.54140763171,0.0,0.0,277,True
brain_cerebellum,excluded_at_or_below_-1,ENSG00000290677.2,ENSG00000290677,0.39480836535795516,108.11652263709576,-1.3323734156311469,0.301832599849351,410.24141717892775,4.561773328008206,0.0,-1.6277023092094074,1.0,-0.984976365538471,-0.3587638136940286,-0.8799687784602094,0.10285251890424237,1.8076631533380814,4.158940798750465,-0.984976365538471,-0.3587638136940286,28.74282720489577,0.0,28.74282720489577,207,True
brain_cerebellum,raw,ENSG00000290677.2,ENSG00000290677,1.26158288348827,2067408088938.8862,-4.131279593808223,0.6345475294181311,596.046976268081,8.407790958379813,0.0,-6.978670412926163,1.0,-1.0,-0.3587638136940286,-0.9065922448919675,0.10353559123218851,1.8192485782364467,4.289639791463338,-1.0,-0.3587638136940286,54.94758047648942,0.0,54.94758047648942,266,True
brain_cortex,excluded_at_or_below_-1,ENSG00000290677.2,ENSG00000290677,0.061911045551548055,32.31937593862158,-1.0496513968427899,0.11854154570416559,328.60624222962485,4.670426964166597,0.0,-0.7536007542968465,1.0,-0.9864834279907098,-0.6581690591245055,-0.9360741545883359,0.04550166611980452,2.059300491700795,7.39655546959019,-0.9864834279907098,-0.6581690591245055,24.32940044634171,0.0,24.329400446341655,189,True
brain_cortex,raw,ENSG00000290677.2,ENSG00000290677,4.417333191256499,168734575352.13858,-1.2228343621695794,0.04895000167664788,1876.095025063249,16.31373447222613,0.0,-6.437903296197773,1.0,-1.0,-0.6581690591245055,-0.9552519082118351,0.048045085391600614,1.7746266827423915,5.636839830642302,-1.0,-0.6581690591245055,168.7289078806252,0.0,168.72890788061437,270,True
brain_frontal_cortex_ba9,excluded_at_or_below_-1,ENSG00000290677.2,ENSG00000290677,0.6873808772107033,23.08479687913336,-0.9719011470778369,0.03733518751761846,139.28971513141354,12.289557279795169,0.0,0.6413268696101633,0.8141340446167914,-0.9888321535213076,-0.6474572739900061,-0.9459608216016611,0.04677741436302739,3.1787252700672544,14.548835555901942,-0.9888321535213076,-0.6474572739900061,23.08433924415735,0.0,18.79374647615195,160,True
brain_frontal_cortex_ba9,raw,ENSG00000290677.2,ENSG00000290677,3.408165722075713,237230315883.18265,-1.2495011500354851,0.054699503213280834,1948.930744048803,15.565381121056724,0.0,-6.450660234190163,1.0,-1.0,-0.6474572739900061,-0.9678577377556349,0.04477300667541691,3.0190673025075707,14.658598664911523,-1.0,-0.6474572739900061,218.50055939376446,0.0,218.50055939375906,269,True
brain_hippocampus,excluded_at_or_below_-1,ENSG00000290677.2,ENSG00000290677,0.2823066948118525,124.04544876341966,-1.245971158729651,0.1959199189587213,183.3328837030781,4.151535594180555,0.0,-1.8432706253580138,1.0,-0.9906112603751618,-0.670832764637854,-0.9297710887271463,0.05929768351442518,1.7994754653607685,3.78811012158787,-0.9906112603751618,-0.670832764637854,22.665302179360364,0.0,22.665302179360364,187,True
brain_hippocampus,raw,ENSG00000290677.2,ENSG00000290677,2.6776283795853737,975815546807.4133,-1.844915230647356,0.17478458219828083,1007.2778841622835,9.499712880232623,0.0,-6.836361441088456,1.0,-1.0,-0.670832764637854,-0.9484987983999074,0.05952447474695919,1.8382943413213,4.121163306974786,-1.0,-0.670832764637854,69.31217246485379,0.0,69.31217246485305,255,True
brain_hypothalamus,excluded_at_or_below_-1,ENSG00000290677.2,ENSG00000290677,-0.41177432134771846,488122639719.6995,-5.9780355476766065,1.0201249448470056,202.6183601796933,7.420674534081926,0.0,-6.916062968768074,1.0,-0.9892215932028436,-0.6252264662072007,-0.9057669938217705,0.07129473338768977,1.1700659065071064,1.3381951835470272,-0.9892215932028436,-0.6252264662072007,19.50449881152627,0.0,19.504498811526133,203,True
brain_hypothalamus,raw,ENSG00000290677.2,ENSG00000290677,3.4928384901663514,604936872831.1238,-1.9324184557044166,0.19399579747653742,642.7403979831907,9.529323130806553,0.0,-6.797254595289079,1.0,-1.0,-0.6252264662072007,-0.9255669250810095,0.07409644553964657,1.2096926404862964,1.34518980719802,-1.0,-0.6252264662072007,56.09546269102871,0.0,56.09546269102771,257,True
brain_nucleus_accumbens_basal_ganglia,excluded_at_or_below_-1,ENSG00000290677.2,ENSG00000290677,0.19995646492127309,385713509367.6828,-2.705211593959549,0.3569153891572988,119.56908872294551,7.93271771203977,0.0,-6.793888837298524,1.0,-0.9905883271688763,-0.7031737797296771,-0.9509515408080609,0.042850869686914796,2.5296443451507913,9.488672877195183,-0.9905883271688763,-0.7031737797296771,36.5861514211366,0.0,36.5861514211366,193,True
brain_nucleus_accumbens_basal_ganglia,raw,ENSG00000290677.2,ENSG00000290677,2.1503033543362498,921390493603.1193,-1.6966763710767854,0.1454536766653588,1261.2187690467233,9.659603463777657,0.0,-6.773628519741004,1.0,-1.0,-0.7031737797296771,-0.9667847276349325,0.042061003650931766,2.477142767519179,9.54427728694822,-1.0,-0.7031737797296771,100.29623032670254,0.0,100.29623032670253,285,True
brain_putamen_basal_ganglia,excluded_at_or_below_-1,ENSG00000290677.2,ENSG00000290677,2.143229125669479,19.34762792394785,-0.9798816183686159,0.011296272813439026,385.030701774763,24.815917496773217,0.0,1.7419003939538378,0.21936306776290462,-0.9937953458193136,-0.7816602311483244,-0.9512418600575479,0.037809100547893215,1.5849181025333243,2.928431100179668,-0.9937953458193136,-0.7816602311483244,19.34605283918782,0.0,4.243809499907492,156,True
brain_putamen_basal_ganglia,raw,ENSG00000290677.2,ENSG00000290677,3.990724857988435,396.1521199762373,-0.9979157977373906,0.0005378353530595179,1346.0033551021147,568.63416186606,0.0,5.480314913744328,3.119684418243265e-07,-1.0,-0.7816602311483244,-0.9700540557833759,0.037965424766691035,1.7475785684221585,3.552485579579228,-1.0,-0.7816602311483244,381.9296022016226,0.0,0.00011914998288542478,254,True
brain_spinal_cord_cervical_c-1,excluded_at_or_below_-1,ENSG00000290677.2,ENSG00000290677,0.565842515300926,15.78235683666228,-0.9966581411169351,0.1870976853846146,176.25692391824617,4.969384532443945,0.0,-0.060831315448613574,1.0,-0.9886102771859469,-0.339218297133117,-0.8601716921020253,0.11542665967498712,1.6655436848668788,3.288287317162644,-0.9886102771859469,-0.339218297133117,15.753114419109636,0.0,15.753114419109636,176,True
brain_spinal_cord_cervical_c-1,raw,ENSG00000290677.2,ENSG00000290677,0.06231963705573741,2021880079430.8394,-7.366658754054578,1.2721609589801917,152.96336358204837,7.812141641977913,0.0,-7.077575438412405,1.0,-1.0,-0.339218297133117,-0.8793638127939042,0.11752567728333614,1.622340399065216,3.218526459525097,-1.0,-0.339218297133117,26.703280781456,0.0,26.703280781456005,204,True
brain_substantia_nigra,excluded_at_or_below_-1,ENSG00000290677.2,ENSG00000290677,0.2835775704220308,528849220936.34503,-4.0558109318178746,0.621794259842283,146.17191420539154,7.6461911893116685,0.0,-6.978381421165889,1.0,-0.9875915156571314,-0.6939722974940239,-0.9211248919761132,0.06388910809017889,1.5317545172194371,2.176047447396728,-0.9875915156571314,-0.6939722974940239,13.97771302687001,0.0,13.977713026870008,129,True
brain_substantia_nigra,raw,ENSG00000290677.2,ENSG00000290677,3.02536071040485,73521283597.62234,-1.1927769043261365,0.042801942197264235,522.6041112021157,16.48093997008484,0.0,-6.369517330635256,1.0,-1.0,-0.6939722974940239,-0.9443995140159489,0.0645904007101257,1.6307479875061794,2.6967134751292923,-1.0,-0.6939722974940239,113.91644731310437,0.0,113.91644731310073,183,True
breast_mammary_tissue,excluded_at_or_below_-1,ENSG00000290677.2,ENSG00000290677,0.5653393311127369,46.12379213130762,-0.9236161698174011,0.3378803925591018,519.1561845477613,5.701088938843452,0.0,0.23685158446500626,0.9723409401966723,-0.9802041622299424,0.4384738425555599,-0.75194787539352,0.17916370139325227,1.4174391161973212,3.8460972380583573,-0.9802041622299424,0.4384738425555599,46.123762056128655,0.0,44.84802216306373,485,True
breast_mammary_tissue,raw,ENSG00000290677.2,ENSG00000290677,0.29979261655677125,50.41376356754919,-0.9898115629671996,0.39257026692132885,560.513311260227,5.145322408827846,0.0,0.03670330395668521,0.9993288603201528,-1.0,0.4384738425555599,-0.7659430341748193,0.1832132160466323,1.3399103192121442,3.4710075532010123,-1.0,0.4384738425555599,50.413562641704594,0.0,50.379728099413285,514,True
cells_cultured_fibroblasts,excluded_at_or_below_-1,ENSG00000290677.2,ENSG00000290677,1.506891408782196,54.564684844895496,-0.9417737111068812,0.16465687086214648,359.20158755001364,6.470941104695672,0.0,0.38042121886373903,0.9301999185066967,-0.9860661497980764,-0.1883621032840051,-0.8516255429033923,0.11480708048129744,1.7445272916221413,4.087009277953571,-0.9860661497980764,-0.1883621032840051,54.564444599903126,0.0,50.755841920193056,578,True
cells_cultured_fibroblasts,raw,ENSG00000290677.2,ENSG00000290677,0.9463830894445567,71.15418902887009,-1.0234594444312433,0.2240111533841226,469.9692027602001,5.272085643552794,0.0,-0.14810273497191717,1.0,-1.0,-0.1883621032840051,-0.8684655886474859,0.1179018688663453,1.6325101551765777,3.7422466925294726,-1.0,-0.1883621032840051,70.37802413616669,0.0,70.37802413616669,652,True
cells_ebv-transformed_lymphocytes,excluded_at_or_below_-1,ENSG00000290677.2,ENSG00000290677,0.8206249404407635,34.048459052261634,-0.8957183313387804,0.12472664815995131,295.4188180721009,9.390889893463525,0.0,1.0499452159326579,0.5762671080356735,-0.9883183112987436,-0.0674882458590464,-0.8487264087354739,0.10682081414547386,2.156959295974972,9.360519117952306,-0.9883183112987436,-0.0674882458590464,34.04817026524585,0.0,19.620840612659435,312,True
cells_ebv-transformed_lymphocytes,raw,ENSG00000290677.2,ENSG00000290677,0.8418496618602263,34.813093112996334,-0.8996712876199491,0.1277879799649257,190.6554280682983,9.209665450210473,0.0,1.110325288671449,0.5398944797214374,-1.0,-0.0674882458590464,-0.8556655642980668,0.10904258858099564,2.0027606755766922,8.515256163390625,-1.0,-0.0674882458590464,34.812064161440006,0.0,18.794841268469952,327,True
cervix_ectocervix,excluded_at_or_below_-1,ENSG00000290677.2,ENSG00000290677,0.14623934387320583,1.1766556499204717,-0.8581690063653465,0.39592402374108454,23.5651317779448,4.1189989966023814,0.0,0.406498901809845,0.9206849114974204,-0.9719726673773502,0.2949882676914466,-0.6025819767545637,0.31879465268330126,1.3253512227517155,1.23380054959883,-0.9719726673773502,0.2949882676914466,1.1764108700258127,0.0,1.0831037377543185,23,True
cervix_ectocervix,raw,ENSG00000290677.2,ENSG00000290677,0.14366015869230947,1.2048335714340621,-0.8396568865088555,0.3825080911393438,22.746883710201995,4.195023851054771,0.0,0.5928225075105635,0.838829880708648,-1.0,0.2949882676914466,-0.6191410610564569,0.32216798746579967,1.3014471314325613,1.2372474496193373,-1.0,0.2949882676914466,1.204650727246285,0.0,1.010497025831587,24,True
cervix_endocervix,excluded_at_or_below_-1,ENSG00000290677.2,ENSG00000290677,0.43084559096446595,3.561579087125521,-0.7025677862005231,0.02873830577348883,15.064962225336028,63.25072851782346,0.0,12.262469234821234,0.0,-0.9517540475859316,0.582753486981832,-0.520061907088911,0.35118481575637217,1.693720714722783,2.8085387581652013,-0.9517540475859316,0.582753486981832,3.5595063360698695,0.0,0.0,22,True
cervix_endocervix,raw,ENSG00000290677.2,ENSG00000290677,0.3415677404517062,2.6194754518152554,-0.7300169792685861,0.0795765461309575,22.659630265588863,23.330213334453173,0.0,4.798067622845544,1.0022357571918179e-05,-1.0,0.582753486981832,-0.540928780693741,0.3574068242645266,1.5989376410982659,2.672632269112344,-1.0,0.582753486981832,2.619385727583768,0.0,2.6252420380623587e-05,23,True
colon_sigmoid,excluded_at_or_below_-1,ENSG00000290677.2,ENSG00000290677,0.8094312546033932,74.12615812693161,-0.9523748645595621,0.33818640196069394,201.0119644151871,10.870336689789077,0.0,0.12041135939612607,0.9928087590692155,-0.981169302311269,1.6470911220714162,-0.702907914415384,0.3571537905071084,3.7628974472001495,17.185215671270754,-0.981169302311269,1.6470911220714162,74.12376943536913,0.0,73.59072755066147,403,True
colon_sigmoid,raw,ENSG00000290677.2,ENSG00000290677,0.8943043603559817,70.26653947047058,-0.9082596204539025,0.3063841607598207,393.16499839572145,11.795034272455055,0.0,0.4234569066807996,0.914254911118013,-1.0,1.6470911220714162,-0.7142527195928395,0.35486011051113703,3.7628834009614085,17.411944695290774,-1.0,1.6470911220714162,70.26569447221692,0.0,64.24075625434214,419,True
colon_transverse,excluded_at_or_below_-1,ENSG00000290677.2,ENSG00000290677,-0.7919971130788206,29.891337242091197,-0.8354073571937839,0.9065394536537997,492.52691907925,3.2637053350396923,0.0,0.2203773173261241,0.9758923262133469,-0.9766736681399724,1.2566936733953438,-0.4467258267716214,0.3693331078452444,0.7392486502109485,0.28936755538664505,-0.9766736681399724,1.2566936733953438,29.745938325107723,0.0,29.028832947488127,473,True
colon_transverse,raw,ENSG00000290677.2,ENSG00000290677,-0.47017826086712583,29.040615637428857,-0.7631477033720961,0.8314389648317123,609.3440844168857,3.435594420866511,0.0,0.40286749158814633,0.9218409209274285,-1.0,1.2566936733953438,-0.4536561921982816,0.37214111165778263,0.7282010882592584,0.2647368802918768,-1.0,1.2566936733953438,28.961181649619338,0.0,26.697602363031635,479,True
esophagus_gastroesophageal_junction,excluded_at_or_below_-1,ENSG00000290677.2,ENSG00000290677,2.1248518247671315,26.52802533449841,-0.9458197960658479,0.21836214580487406,353.44255557486406,5.081862051129297,0.0,0.23765886797483587,0.9721562913293035,-0.9825155977193548,-0.1611530868123577,-0.7907689646680457,0.16624443807073871,1.3457785424041706,1.4571320570351274,-0.9825155977193548,-0.1611530868123577,26.527900330961817,0.0,25.78926520250124,382,True
esophagus_gastroesophageal_junction,raw,ENSG00000290677.2,ENSG00000290677,2.4118079977134768,26.661883576710792,-0.9319656014867197,0.19813589078811883,296.58894705596674,5.501746846385896,0.0,0.4856019204933801,0.8887885663961714,-1.0,-0.1611530868123577,-0.8016718225885692,0.16840784149520488,1.3212972130137526,1.4529694919876324,-1.0,-0.1611530868123577,26.661643391599036,0.0,23.696563807785264,403,True
esophagus_mucosa,excluded_at_or_below_-1,ENSG00000290677.2,ENSG00000290677,0.4874240209870859,1217.5513956670407,-1.483863680925978,0.3099908400519354,206.1409243924943,5.538922935138343,0.0,-2.2631627001743646,1.0,-0.987786054980984,-0.2697504668190077,-0.9016470310780652,0.09218952754099907,2.6798103319650557,11.121799726256107,-0.987786054980984,-0.2697504668190077,94.0326013237679,0.0,94.03260132376792,459,True
esophagus_mucosa,raw,ENSG00000290677.2,ENSG00000290677,2.0845672980226513,1087422980884.0406,-3.430441906366213,0.5123877523928215,1010.9147025993527,8.723652506153897,0.0,-6.708130493930933,1.0,-1.0,-0.2697504668190077,-0.9264755492912574,0.09043450722088461,2.639999383646107,11.185147969632544,-1.0,-0.2697504668190077,184.07149413186826,0.0,184.07149413186826,614,True
esophagus_muscularis,excluded_at_or_below_-1,ENSG00000290677.2,ENSG00000290677,0.7376385562513206,59.644716240919806,-1.0290609184695596,0.2971904282614052,347.524639908092,5.459337590886556,0.0,-0.2193474505427858,1.0,-0.9829660679467924,0.118193583839568,-0.812531083939188,0.14623512010780054,1.6452286187756455,4.347416192954947,-0.9829660679467924,0.118193583839568,58.22696523785665,0.0,58.22696523785665,501,True
esophagus_muscularis,raw,ENSG00000290677.2,ENSG00000290677,-0.09431264769824785,193.0437134131175,-1.4974412262276418,0.5212686667117371,953.1836909231189,4.383253408750649,0.0,-1.3495691829174623,1.0,-1.0,0.118193583839568,-0.8325812353895423,0.14985411975518764,1.5591265731296668,3.937936191668621,-1.0,0.118193583839568,77.63985298334687,0.0,77.63985298334687,561,True
fallopian_tube,excluded_at_or_below_-1,ENSG00000290677.2,ENSG00000290677,0.3862737750915741,2.700529960423988,-0.6737903569644624,0.10881823741994053,16.69078068034677,16.039569059334536,0.0,3.9441096410502063,0.0004188604012342455,-0.9772742654413982,0.5603921459125181,-0.47372730411071146,0.41787135554487304,1.2136189645207909,0.35944715129071714,-0.9772742654413982,0.5603921459125181,2.700455520051032,0.0,0.0011311138826438083,29,True
fallopian_tube,raw,ENSG00000290677.2,ENSG00000290677,0.3862737750915741,2.700529960423988,-0.6737903569644624,0.10881823741994053,16.69078068034677,16.039569059334536,0.0,3.9441096410502063,0.0004188604012342455,-0.9772742654413982,0.5603921459125181,-0.47372730411071146,0.41787135554487304,1.2136189645207909,0.35944715129071714,-0.9772742654413982,0.5603921459125181,2.700455520051032,0.0,0.0011311138826438083,29,True
heart_atrial_appendage,excluded_at_or_below_-1,ENSG00000290677.2,ENSG00000290677,-0.3302986606482275,52.19269179498156,-1.2696476635656,0.5165372370435929,486.98115202758936,3.3371964633447067,0.0,-0.7714703139696238,1.0,-0.9878704588764168,-0.0507467234875281,-0.787061137878826,0.16516086426927107,1.220580160856307,1.6166202905346667,-0.9878704588764168,-0.0507467234875281,38.55966578989863,0.0,38.55966578989863,435,True
heart_atrial_appendage,raw,ENSG00000290677.2,ENSG00000290677,-0.7504575097991009,100.66595281185064,-1.6023910393119742,0.662134150027168,697.300683382575,3.314066243718161,0.0,-1.2866117502201988,1.0,-1.0,-0.0507467234875281,-0.7990707049398901,0.16779339815275515,1.1978396590867333,1.5475644884082547,-1.0,-0.0507467234875281,43.58215348519185,0.0,43.58215348519185,461,True
heart_left_ventricle,excluded_at_or_below_-1,ENSG00000290677.2,ENSG00000290677,0.3850329510996308,135.86979914983496,-1.0719951342522147,0.11990517664593708,95.22277607969458,8.65456553991614,0.0,-0.9359217482844329,1.0,-0.9926422942423174,-0.3382111871401918,-0.9366104252255028,0.06888007951268,4.14092363169006,25.445875961578547,-0.9926422942423174,-0.3382111871401918,87.68249762904898,0.0,87.68249762904892,323,True
heart_left_ventricle,raw,ENSG00000290677.2,ENSG00000290677,1.3145635162480591,1467225701416.7056,-2.4951016166978,0.3139286455781905,1392.7733554710444,9.716551009274998,0.0,-6.735266160772626,1.0,-1.0,-0.3382111871401918,-0.9547016976722066,0.06487466373620925,4.129188532363573,27.18488556989264,-1.0,-0.3382111871401918,206.95250600934173,0.0,206.95250600934173,452,True
kidney_cortex,excluded_at_or_below_-1,ENSG00000290677.2,ENSG00000290677,0.5049031505562356,6.644886813584067,-0.9753596706164686,0.07842267984047309,77.93056333289438,6.41391970585632,0.0,0.2478060972155467,0.9697674129213767,-0.989101313845969,-0.6196872424926518,-0.9085682198259597,0.0797749824960797,1.6980426875095276,2.8078264246529008,-0.989101313845969,-0.6196872424926518,6.6448541515107005,0.0,6.443963019750401,80,True
kidney_cortex,raw,ENSG00000290677.2,ENSG00000290677,0.7987018732412545,1809845255603.5754,-2.8694689444152233,0.37179399182700984,212.49875970523726,8.557620255246373,0.0,-7.1110033882889025,1.0,-1.0,-0.6196872424926518,-0.9296678614045845,0.07987210662934441,1.7595719681081463,3.2645600820391367,-1.0,-0.6196872424926518,18.93601947911416,0.0,18.936019479113828,104,True
kidney_medulla,excluded_at_or_below_-1,ENSG00000290677.2,ENSG00000290677,0.0339991039966564,0.6713935028341376,-0.979810574208816,0.15698308275666806,9.368623581268334,3.7409717366214603,0.0,-0.07309473394482371,1.0,-0.971696780809266,-0.5645484869644068,-0.8619058182117154,0.11632590452088075,1.7509217362564888,2.4681171641989064,-0.971696780809266,-0.5645484869644068,0.6689885181621769,0.0,0.6689885181621769,10,True
kidney_medulla,raw,ENSG00000290677.2,ENSG00000290677,0.03925000207821239,0.5849654782569246,-0.9343029596079979,0.12974212858854664,7.880701411858464,4.0303931779861335,0.0,0.7161100757394551,0.7737632787525995,-1.0,-0.5645484869644068,-0.8744598347379232,0.11794990926950392,1.6720174245012058,2.487605551066907,-1.0,-0.5645484869644068,0.5847892496143907,0.0,0.4524884471609033,11,True
liver,excluded_at_or_below_-1,ENSG00000290677.2,ENSG00000290677,0.9135968321766118,19.756975434715322,-0.9632347717327153,0.055336905336266395,188.15962201367054,8.27270626529948,0.0,0.7406947492213587,0.760097417961679,-0.992217491394909,-0.6395312126256765,-0.9307899876724779,0.05456652181210724,1.996040124487725,5.522994583929078,-0.992217491394909,-0.6395312126256765,19.756863148748725,0.0,15.01714066638615,206,True
liver,raw,ENSG00000290677.2,ENSG00000290677,0.41111578228468937,902087139765.6582,-3.444507531708243,0.5016533281244088,803.8100293425496,7.907523642698056,0.0,-6.891324169203229,1.0,-1.0,-0.6395312126256765,-0.9455829674066049,0.05609570307671384,1.8496225296024764,5.0175531338820765,-1.0,-0.6395312126256765,43.915173256681044,0.0,43.915173256681044,262,True
lung,excluded_at_or_below_-1,ENSG00000290677.2,ENSG00000290677,0.022124304990292755,25.784511064679762,0.623422677206037,1.759739926519606,497.06003095553075,2.583249542275554,0.0,1.116260708296344,0.519228223014474,-0.7655673516393421,3.837822171492963,0.9196113843077134,0.9843284818616175,0.43981203699611404,-0.4447938256438224,-0.7655673516393421,3.837822171492963,24.867630599512868,0.0,12.911975646765423,604,True
lung,raw,ENSG00000290677.2,ENSG00000290677,0.022124304990292755,25.784511064679762,0.623422677206037,1.759739926519606,497.06003095553075,2.583249542275554,0.0,1.116260708296344,0.519228223014474,-0.7655673516393421,3.837822171492963,0.9196113843077134,0.9843284818616175,0.43981203699611404,-0.4447938256438224,-0.7655673516393421,3.837822171492963,24.867630599512868,0.0,12.911975646765423,604,True
minor_salivary_gland,excluded_at_or_below_-1,ENSG00000290677.2,ENSG00000290677,0.4794646068101045,10.979519850813658,-0.900872853216889,0.1359956864777215,133.83918738286343,4.858099439897776,0.0,0.8516677114515429,0.695818267436295,-0.9827721774430036,-0.4337011431695822,-0.8510891109677723,0.09836828666595657,1.347654713281443,2.27066523348501,-0.9827721774430036,-0.4337011431695822,10.97937753704342,0.0,7.63965145535453,174,True
minor_salivary_gland,raw,ENSG00000290677.2,ENSG00000290677,0.506451240941288,11.274740889837242,-0.8959136221506828,0.1309231737471679,94.44564599458887,4.992753671977813,0.0,1.1243262976274977,0.5314969985346153,-1.0,-0.4337011431695822,-0.8568480956264772,0.10064297377265227,1.2552721925597263,2.0777470531654476,-1.0,-0.4337011431695822,11.27469180508712,0.0,5.992464853806627,181,True
muscle_skeletal,excluded_at_or_below_-1,ENSG00000290677.2,ENSG00000290677,1.9336690072780343,98.81244152932192,-0.9666772342768735,0.06569948398123941,988.292816822855,12.422410363895423,0.0,0.5758466614897338,0.8472587225309554,-0.9934290838693144,-0.3895748980910918,-0.9279092305353206,0.06414711450798288,2.820472216728291,12.789232109259883,-0.9934290838693144,-0.3895748980910918,98.80745011177942,0.0,83.71547395824734,625,True
muscle_skeletal,raw,ENSG00000290677.2,ENSG00000290677,0.5964858261505893,954333045671.8267,-3.3756293230213847,0.5048890710722539,1056.1220023488463,8.3640524378003,0.0,-6.654228424182434,1.0,-1.0,-0.3895748980910918,-0.944918421863784,0.06388145377829198,2.6592369495464117,12.043183963422901,-1.0,-0.3895748980910918,231.57364340329204,0.0,231.57364340329207,818,True
nerve_tibial,excluded_at_or_below_-1,ENSG00000290677.2,ENSG00000290677,0.6782841691964356,46.33677620204027,-0.289518828469555,0.4066612308893279,240.36812497491465,4.795827826288513,0.0,2.39371862652437,0.056977516385009204,-0.977839594840697,1.0895354380580191,-0.2697959280965845,0.2993560711655016,0.37878674775881926,0.46116898643435444,-0.977839594840697,1.0895354380580191,46.3356791564833,0.0,2.6400919183490568,668,True
nerve_tibial,raw,ENSG00000290677.2,ENSG00000290677,0.7416577292849135,46.71436537453817,-0.2905045405055054,0.40673588065582705,557.8751783631392,4.798374933518793,0.0,2.4669033369797213,0.04769185105523052,-1.0,1.0895354380580191,-0.2719756417440573,0.3015549858510485,0.3486757190946722,0.46395975851334326,-1.0,1.0895354380580191,46.7133788846294,0.0,2.227847508052296,670,True
ovary,excluded_at_or_below_-1,ENSG00000290677.2,ENSG00000290677,-0.04488075540992307,8.621903776126357,-0.45844514316852636,0.6062845614819937,152.43820231856915,2.7411863669845156,0.0,1.128118391759603,0.5179784752326486,-0.9420784377750602,0.7167231755816066,-0.35880666641062664,0.3440840478333538,0.522597959139632,-0.0643644464326738,-0.9420784377750602,0.7167231755816066,8.420537730291354,0.0,4.361657294175303,192,True
ovary,raw,ENSG00000290677.2,ENSG00000290677,0.15887166908428582,8.904556812266977,-0.4346774616292462,0.5478711858431001,132.74688650313936,2.9720971625161052,0.0,1.4592605370344525,0.33681732493188027,-1.0,0.7167231755816066,-0.36212891166238503,0.346276477601113,0.5057620582845882,-0.07253847914938572,-1.0,0.7167231755816066,8.797025475092752,0.0,2.962990587878344,193,True
pancreas,excluded_at_or_below_-1,ENSG00000290677.2,ENSG00000290677,0.5495300655783001,29.467024780422808,-0.9854467868634824,0.053100355186841836,390.3265433414639,9.05911738893278,0.0,0.1540774537318844,0.9882002742946431,-0.9912320287372192,-0.6452984784111002,-0.9480414841604994,0.04584787975275296,2.9174829548958408,12.406197924224898,-0.9912320287372192,-0.6452984784111002,29.46702372333182,0.0,29.119320926043258,202,True
pancreas,raw,ENSG00000290677.2,ENSG00000290677,3.7571466822515864,229452896175.2242,-1.2888063976398405,0.063811041891732,2465.6956894549776,14.261757838272985,0.0,-6.400677881664556,1.0,-1.0,-0.6452984784111002,-0.9710065740343119,0.04287262926607112,2.9579442997834,13.69025534296356,-1.0,-0.6452984784111002,291.37902979847826,0.0,291.37902979847826,362,True
pituitary,excluded_at_or_below_-1,ENSG00000290677.2,ENSG00000290677,0.9737670199249486,17.418581683253695,-0.7304799316635575,0.312326424058231,325.5282245974506,4.462521233229584,0.0,1.133618913489162,0.5259318787055277,-0.9808375515556512,0.255059548469658,-0.6403551446354634,0.22118902701091148,0.9160582522663201,0.8127113578467813,-0.9808375515556512,0.255059548469658,17.4176681070833,0.0,9.160506910227673,311,True
pituitary,raw,ENSG00000290677.2,ENSG00000290677,1.237275889229877,17.937684872083985,-0.7237562062766707,0.28397175741404806,243.43571971980106,4.874620377858169,0.0,1.3757273721953653,0.3881658984058812,-1.0,0.255059548469658,-0.6426531948294859,0.22233937905874707,0.9000070732926405,0.7910510822308914,-1.0,0.255059548469658,17.937536464201678,0.0,6.962739956815098,313,True
prostate,excluded_at_or_below_-1,ENSG00000290677.2,ENSG00000290677,0.8031822864890167,13.4145841706299,-0.8134036651148919,0.28358571023037893,304.11611494078284,3.6396761698064175,0.0,0.8676445728444147,0.6859098182344078,-0.9873884217062052,-0.0835562226316359,-0.7191318414045065,0.18445445484625858,0.99178954695629,0.9308381390780336,-0.9873884217062052,-0.0835562226316359,13.396725951251582,0.0,9.188945862159146,273,True
prostate,raw,ENSG00000290677.2,ENSG00000290677,0.7035169923786488,13.766771415704389,-0.8247717194220048,0.299486773966521,184.9242930491343,3.50011118794592,0.0,0.8274495986003744,0.7094780662393856,-1.0,-0.0835562226316359,-0.7280957188064902,0.18809496902042175,0.9418037706599819,0.8443665861539098,-1.0,-0.0835562226316359,13.73658960539179,0.0,9.745809029957412,282,True
skin_not_sun_exposed_suprapubic,excluded_at_or_below_-1,ENSG00000290677.2,ENSG00000290677,0.2630619258671752,69.45222898575206,-1.0497052116484176,0.21651986742250195,479.7147166965368,4.806280069971956,0.0,-0.41957216141796383,1.0,-0.9854675949394192,-0.3138509169126995,-0.8790550725307682,0.09100687240031613,1.7073243858033655,4.668342242448412,-0.9854675949394192,-0.3138509169126995,63.599667554737415,0.0,63.599667554737415,546,True
skin_not_sun_exposed_suprapubic,raw,ENSG00000290677.2,ENSG00000290677,-0.6557265190993062,587620728158.2816,-6.281168008883911,1.1138286144359257,1819.6018290417232,7.576624135051731,0.0,-6.70542965635418,1.0,-1.0,-0.3138509169126995,-0.8985623188967735,0.09447837247355532,1.5688452917914961,4.006962871130636,-1.0,-0.3138509169126995,101.08536204497747,0.0,101.0853620449764,651,True
skin_sun_exposed_lower_leg,excluded_at_or_below_-1,ENSG00000290677.2,ENSG00000290677,1.3626294803582069,59.741142737414755,-0.9683342239412082,0.16773603519027963,475.913718020832,5.523526882177257,0.0,0.14238362316962558,0.9899147746258045,-0.9852219593313452,-0.3132036806245024,-0.8680140980989713,0.0992096153241471,1.593466500138121,3.400693929365498,-0.9852219593313452,-0.3132036806245024,59.74112112190522,0.0,59.138618451283705,643,True
skin_sun_exposed_lower_leg,raw,ENSG00000290677.2,ENSG00000290677,-0.6635535125085771,3056.1680297555563,-2.0110381604828254,0.5477932635181524,1280.05455087044,4.383223942294325,0.0,-2.6101523582978072,1.0,-1.0,-0.3132036806245024,-0.8874443833920935,0.10286664369273314,1.4808361794251252,3.0244709089548367,-1.0,-0.3132036806245024,101.13312573730394,0.0,101.13312573730394,754,True
small_intestine_terminal_ileum,excluded_at_or_below_-1,ENSG00000290677.2,ENSG00000290677,0.9937110904402359,14.893682858796415,-0.7946370283717809,0.19152304581324364,171.80024809354927,6.808860612422367,0.0,1.3942616336759337,0.3783334312716466,-0.983458039460144,0.1274682021994178,-0.7143411831325757,0.19298804616756418,1.494903819340816,2.8951716005377346,-0.983458039460144,0.1274682021994178,14.893632623533708,0.0,5.634759134560844,207,True
small_intestine_terminal_ileum,raw,ENSG00000290677.2,ENSG00000290677,0.9937110904402359,14.893682858796415,-0.7946370283717809,0.19152304581324364,171.80024809354927,6.808860612422367,0.0,1.3942616336759337,0.3783334312716466,-0.983458039460144,0.1274682021994178,-0.7143411831325757,0.19298804616756418,1.494903819340816,2.8951716005377346,-0.983458039460144,0.1274682021994178,14.893632623533708,0.0,5.634759134560844,207,True
spleen,excluded_at_or_below_-1,ENSG00000290677.2,ENSG00000290677,1.0687972230090834,23.852511091845162,-0.8766474039503471,0.1916606058722583,188.08184969478003,7.516924177322186,0.0,0.7566657453975776,0.7510620656220167,-0.9791941614304058,0.142080092697231,-0.7741445071699696,0.17668755488035517,1.8220490974562529,4.469768646088492,-0.9791941614304058,0.142080092697231,23.852402838240806,0.0,17.914634945737593,267,True
spleen,raw,ENSG00000290677.2,ENSG00000290677,1.0883823531338737,23.94163959455355,-0.8673396736312361,0.1861935414662795,263.8972850626919,7.666942217368651,0.0,1.0076076283963054,0.601927734207824,-1.0,0.142080092697231,-0.7822981350699708,0.1785185666584272,1.7662964082428634,4.311219789320225,-1.0,0.142080092697231,23.94119230478089,0.0,14.410867638250553,277,True
stomach,excluded_at_or_below_-1,ENSG00000290677.2,ENSG00000290677,0.44959321201758734,54.01105729701006,-1.069192227932804,0.43680386828687284,342.2815321722086,5.993444701626518,0.0,-0.2776826209757946,1.0,-0.983425236139336,0.7819849207581657,-0.7410474896424138,0.22087373726595846,2.2317016063872446,8.913887526035701,-0.983425236139336,0.7819849207581657,51.96835392219282,0.0,51.96835392219282,388,True
stomach,raw,ENSG00000290677.2,ENSG00000290677,0.5036815190394023,53.61982329203421,-1.06005073434549,0.43005818821481867,304.95130237084595,6.057393806721703,0.0,-0.19747226135695603,1.0,-1.0,0.7819849207581657,-0.7531361817721289,0.22247194724045458,2.171103443514298,8.573001040926082,-1.0,0.7819849207581657,52.584488417721424,0.0,52.584488417721424,407,True
testis,excluded_at_or_below_-1,ENSG00000290677.2,ENSG00000290677,1.1957242471895901,24.121271706371743,-0.697505304305266,0.2164074423373765,439.26793585985394,4.65188581058654,0.0,1.6848573115394632,0.24185164189651284,-0.9553275110742684,0.0143410087970405,-0.6538253540685104,0.16604774916992898,0.7789703797592604,0.6402451378888165,-0.9553275110742684,0.0143410087970405,24.120693692176932,0.0,5.83362937313585,412,True
testis,raw,ENSG00000290677.2,ENSG00000290677,1.207447434202621,25.59280426512737,-0.6944031122819134,0.20837947040593502,487.91528740837464,4.810049408079828,0.0,2.0740011594617087,0.11639124243965653,-1.0,0.0143410087970405,-0.6554976953532036,0.16737937605630115,0.7439570300332624,0.6266481679543348,-1.0,0.0143410087970405,25.59219746981521,0.0,2.9787076602728266,414,True
thyroid,excluded_at_or_below_-1,ENSG00000290677.2,ENSG00000290677,1.793227772031595,41.98328492736991,-0.8746873542616689,0.31037289566988807,416.073049739114,4.4012746766762705,0.0,0.49078018753878966,0.886530041301039,-0.9823973013280928,0.0912462235116287,-0.7310576383971819,0.189494646877489,1.1709083493911963,1.5301055093711833,-0.9823973013280928,0.0912462235116287,41.98066269093653,0.0,37.21711862924095,664,True
thyroid,raw,ENSG00000290677.2,ENSG00000290677,2.1096874192634485,42.21898662134064,-0.8557776717244252,0.28708197160986915,817.9932816579319,4.665197291992484,0.0,0.710463187571793,0.7769469074095041,-1.0,0.0912462235116287,-0.7389214501399543,0.19212707897863684,1.1330850598475026,1.4493434271689063,-1.0,0.0912462235116287,42.21814657494405,0.0,32.80125841796393,684,True
uterus,excluded_at_or_below_-1,ENSG00000290677.2,ENSG00000290677,0.8594900521385965,9.218213196696258,-0.8099677954090011,0.39561092916429685,191.52934745806758,5.113064040957237,0.0,0.5758517222648482,0.8472182841808173,-0.971056078655118,0.6203564992649597,-0.5749363124516005,0.31992637263765084,1.260264762840474,1.3561452943811219,-0.971056078655118,0.6203564992649597,9.2181377614235,0.0,7.8097748575756185,151,True
uterus,raw,ENSG00000290677.2,ENSG00000290677,1.1170172658241113,9.448989638517535,-0.7576306826362676,0.2998002678797893,118.35900011405096,6.500221548175512,0.0,1.1433010989047423,0.5201929465572522,-1.0,0.6203564992649597,-0.5804927005241286,0.3214847056370698,1.24714355299764,1.3408896054569368,-1.0,0.6203564992649597,9.448864747270607,0.0,4.915232794503645,153,True
vagina,excluded_at_or_below_-1,ENSG00000290677.2,ENSG00000290677,1.788372986883142,13.592603749896687,-0.9259471147336051,0.22150925465099325,148.8884603676197,9.153385669128477,0.0,0.3521175306249239,0.9398933420768318,-0.9810995286500672,0.5077540539211649,-0.629839546424356,0.3259929804801798,1.1126710086699434,0.5181126417227779,-0.9810995286500672,0.5077540539211649,13.592542560819615,0.0,12.775540254810325,163,True
vagina,raw,ENSG00000290677.2,ENSG00000290677,1.6954921033796109,14.051208083965728,-0.9703111783758797,0.27587639532507024,152.20319793855958,7.57694363493325,0.0,0.15219255762071815,0.9884889838675804,-1.0,0.5077540539211649,-0.6450814474539414,0.3275840220595372,1.1311467092952323,0.5725089999262423,-1.0,0.5077540539211649,14.0511588124712,0.0,13.889415696701656,170,True
whole_blood,excluded_at_or_below_-1,ENSG00000290677.2,ENSG00000290677,3.4852888550239762,6205410971756.338,-9.370601022206689,1.6944876883626319,1395.2547517334515,8.513673905400893,0.0,-7.001747903809438,1.0,-0.9812205667433972,0.830344577005502,-0.711218087326287,0.2936098595297397,1.8055320681816878,3.8425056476317767,-0.9812205667433972,0.830344577005502,140.3582179557466,0.0,140.3582179557466,658,True
whole_blood,raw,ENSG00000290677.2,ENSG00000290677,6.629897180217636,2312436458666.9834,-5.28520212182049,0.8961095719044946,3709.012313664778,9.651374512633245,0.0,-6.762778959395361,1.0,-1.0,0.830344577005502,-0.7633642608476922,0.28805516082328486,1.9331910650602868,4.434395366324176,-1.0,0.830344577005502,270.89551736277093,0.0,270.89551736277093,803,True
adipose_subcutaneous,excluded_at_or_below_-1,ENSG00000290678.2,ENSG00000290678,1.2507927576032554,20.81878200381267,-0.9162859530742972,0.02354981364247247,255.68947641539984,19.418102180415243,0.0,3.0088624307788354,0.010818107055790047,-0.966390231102699,-0.5929311926575496,-0.8811793057902287,0.06639140757920564,2.1086014153888755,4.793314790658281,-0.966390231102699,-0.5929311926575496,20.816854395133845,0.0,0.22519895941135148,143,True
adipose_subcutaneous,raw,ENSG00000290678.2,ENSG00000290678,3.8654200190646746,560.3969250696476,-0.9949572299306368,0.004374636159668956,1546.5287660710703,129.96524821431908,0.0,1.6302050190528872,0.2659308772213243,-1.0,-0.5929311926575496,-0.9762025780504241,0.05605653397879341,3.0336736288126933,11.265075065926641,-1.0,-0.5929311926575496,558.0117331928433,0.0,148.39254970776437,714,True
adipose_visceral_omentum,excluded_at_or_below_-1,ENSG00000290678.2,ENSG00000290678,0.4387369127529103,12.709528836351149,-0.915026569373343,0.03397120529436477,67.65192198610919,16.44423483098319,0.0,1.5118242976765777,0.31894965506764905,-0.9513425084590909,-0.5200151706602136,-0.8810364087422629,0.08637123679472519,3.053520548904256,9.249789239646285,-0.9513425084590909,-0.5200151706602136,12.708456912034055,0.0,4.053357948535342,84,True
adipose_visceral_omentum,raw,ENSG00000290678.2,ENSG00000290678,2.1538462028071064,565.1031805341898,-0.9946515682150218,0.0018748316870503589,643.076923116771,358.0253284890678,0.0,4.034402031919909,0.0002978685208299863,-1.0,-0.5200151706602136,-0.9829762492919081,0.05286756741894165,5.064791865914476,34.15943790165707,-1.0,-0.5200151706602136,554.278257991961,0.0,0.16510204483628677,587,True
adrenal_gland,excluded_at_or_below_-1,ENSG00000290678.2,ENSG00000290678,0.35824542834001527,2.805321374452239,-0.9321245843899209,0.01917072942861976,38.48302920970504,6.750136520489592,0.0,2.3316308583734022,0.06599040288763947,-0.9637315958785466,-0.8406214024918452,-0.9223842638037361,0.025923877593730594,1.1425078313192338,1.1040805354405174,-0.9637315958785466,-0.8406214024918452,2.805306580710771,0.0,0.18512331148445005,45,True
adrenal_gland,raw,ENSG00000290678.2,ENSG00000290678,1.5201467313201815,226.96667344677664,-0.9980272865690475,0.0019921742802280727,600.181131749113,111.73999095793053,0.0,1.40039860790149,0.376251057878168,-1.0,-0.8406214024918452,-0.9881603114276885,0.02969840596265029,2.483398138257211,5.434334941105105,-1.0,-0.8406214024918452,226.2733347942648,0.0,85.13558158596351,295,True
artery_aorta,excluded_at_or_below_-1,ENSG00000290678.2,ENSG00000290678,0.3251387285262637,4.229872405320238,-0.8882147587165179,0.03810441185879111,72.3301849069271,6.749084027120447,0.0,1.4983973305933318,0.3254343885355759,-0.9285874085992084,-0.7063681944624975,-0.8699409369331762,0.0506999499275337,1.8139127780106028,3.1598794269470396,-0.9285874085992084,-0.7063681944624975,4.229860258884885,0.0,1.376541986941135,61,True
artery_aorta,raw,ENSG00000290678.2,ENSG00000290678,2.4156068780161726,388.9169941942997,-0.9963633933120842,0.003495503651790666,694.6156065179644,117.32648112842782,0.0,1.4713011375149523,0.33996319299874184,-1.0,-0.7063681944624975,-0.9831915193917876,0.04727644316254984,3.0798714325932144,10.079863588586287,-1.0,-0.7063681944624975,387.57924953298163,0.0,131.76267921128854,472,True
artery_coronary,excluded_at_or_below_-1,ENSG00000290678.2,ENSG00000290678,0.07713960625663784,2.966497404179423,-0.9033014752430136,0.05667675401459365,25.369484547475565,5.885282469407336,0.0,0.7790432230415384,0.7382637352184871,-0.9345228142923792,-0.6674398517232407,-0.8790909305188181,0.0499703994919343,2.340148549869404,7.07190415918147,-0.9345228142923792,-0.6674398517232407,2.966497229015906,0.0,2.1900573248085746,38,True
artery_coronary,raw,ENSG00000290678.2,ENSG00000290678,0.9743589741153684,231.580371891835,-0.9960268727483081,0.0017458086447464907,80.97435899750933,266.17591965292496,0.0,3.2184801360020336,0.00564584019760335,-1.0,-0.6674398517232407,-0.982856176715355,0.04616955262005549,3.0775702510495644,11.13234571103281,-1.0,-0.6674398517232407,231.00885713250042,0.0,1.3042390916010715,268,True
artery_tibial,excluded_at_or_below_-1,ENSG00000290678.2,ENSG00000290678,0.7277738021165984,12.371836626377013,-0.9021048867879559,0.022419159364702144,75.2016473948774,21.246672852312095,0.0,3.1098092522836374,0.007944570154713514,-0.9514038831176056,-0.5652869143691548,-0.8695947031802616,0.06861978583665751,2.216660391351068,5.3416755342632385,-0.9514038831176056,-0.5652869143691548,12.369483606573501,0.0,0.09827023029000193,80,True
artery_tibial,raw,ENSG00000290678.2,ENSG00000290678,2.0512820389160793,699.2782767652471,-0.9953982635450036,0.0022375954952970787,557.8974359012713,271.84060059716796,0.0,2.908406867461447,0.01473992148044943,-1.0,-0.5652869143691548,-0.9849024258385254,0.04777550687681032,4.062488398971374,20.46001932336142,-1.0,-0.5652869143691548,690.7854170589221,0.0,10.182122807288016,691,True
bladder,excluded_at_or_below_-1,ENSG00000290678.2,ENSG00000290678,0.1415771331019632,1.614979270345293,-0.9380745265082214,0.0035313648903059795,4.725066427236432,33.27183435327046,0.0,1.4231010089983767,0.3633831936879205,-0.941628083815438,-0.854993023970475,-0.9084357357939522,0.03555361688812382,0.48934125012891033,-1.5495324821933687,-0.941628083815438,-0.854993023970475,1.6144773007400075,0.0,0.5866739176795572,10,True
bladder,raw,ENSG00000290678.2,ENSG00000290678,0.2630689112427608,66.71437410698299,-0.998187283212936,0.00027557477163448537,13.438136088761885,734.8541460219631,0.0,9.302624655381285,0.0,-1.0,-0.854993023970475,-0.9881085371160977,0.033310412345449875,2.813526829446586,6.920354209391366,-1.0,-0.854993023970475,55.51312624114971,0.0,0.0,77,True
brain_amygdala,excluded_at_or_below_-1,ENSG00000290678.2,ENSG00000290678,0.27510731104644787,1.230323062080008,-0.9381742023219911,0.004905734006032918,9.457628311373547,12.04325462238983,0.0,8.531215022855172,1.3536876923394747e-16,-0.9677679445713376,-0.8963976239350386,-0.9290925653118695,0.01984320483694801,0.24644988858019337,-0.5520001542158974,-0.9677679445713376,-0.8963976239350386,1.230220638306657,0.0,1.6653345369377348e-16,17,True
brain_amygdala,raw,ENSG00000290678.2,ENSG00000290678,0.4358974358974358,247.28350105854534,-0.9989917211063093,0.0004460216437644083,25.58974358974359,325.2980335538866,0.0,3.19697868040077,0.0060604611991258404,-1.0,-0.8963976239350386,-0.9933401856922751,0.021569760408326717,3.166521931434608,8.85619249319587,-1.0,-0.8963976239350386,246.2059770973866,0.0,1.4921217711916257,181,True
brain_anterior_cingulate_cortex_ba24,excluded_at_or_below_-1,ENSG00000290678.2,ENSG00000290678,0.7029225311391074,5.652131515394059,-0.9342389135338411,0.001263101210678527,23.735186227919932,40.883967798431314,0.0,42.24331583890881,0.0,-0.9719684225690002,-0.8977235027094067,-0.9377797275423942,0.016608956288232272,0.12667772900783256,-0.3666803915324284,-0.9719684225690002,-0.8977235027094067,5.64353361178642,0.0,0.0,35,True
brain_anterior_cingulate_cortex_ba24,raw,ENSG00000290678.2,ENSG00000290678,0.897438531850862,240.9601514680354,-0.9988307599192137,0.00024366260206743683,73.58974359001425,586.8247863530585,0.0,6.786249370599007,1.010683803329002e-10,-1.0,-0.8977235027094067,-0.9906536071415614,0.023167596313447912,2.2646003123693474,3.6584444173375683,-1.0,-0.8977235027094067,238.2367936783818,0.0,2.4078206872779617e-08,233,True
brain_caudate_basal_ganglia,excluded_at_or_below_-1,ENSG00000290678.2,ENSG00000290678,0.21924271146765287,4.731115595328299,-0.9460316458092243,0.009808585734936011,12.511144591696917,20.011657117907916,0.0,3.4307543113561585,0.0027809842319051633,-0.9698263884801764,-0.8072364455922443,-0.9376466370263812,0.030058067875585834,3.0625124232464276,10.515021032917353,-0.9698263884801764,-0.8072364455922443,4.73070306589636,0.0,0.013156010632083187,29,True
brain_caudate_basal_ganglia,raw,ENSG00000290678.2,ENSG00000290678,0.7435769727287964,324.55278285998224,-0.998043490989367,0.001058801245867994,87.435897489726,254.8560576878961,0.0,2.6132587098293136,0.03291017426519108,-1.0,-0.8072364455922443,-0.9939725082458836,0.020621510811724773,4.464315882343844,26.460466295332555,-1.0,-0.8072364455922443,324.3622868990169,0.0,10.67481938690255,300,True
brain_cerebellar_hemisphere,excluded_at_or_below_-1,ENSG00000290678.2,ENSG00000290678,0.7467432718145043,10.679478099218812,-0.9205968084796564,0.010980124110610105,65.25377595339246,34.03493929730167,0.0,4.029510962756106,0.0002980827446145586,-0.95188241600974,-0.6563454482011142,-0.8986455164290174,0.050153246287250805,2.582948550130711,8.730469637741189,-0.95188241600974,-0.6563454482011142,10.675849231441449,0.0,0.0031822864399992934,58,True
brain_cerebellar_hemisphere,raw,ENSG00000290678.2,ENSG00000290678,1.5126809435170874,217.40950210497206,-0.9957041450558632,0.002202276932613773,277.77516984409596,217.92248944443423,0.0,2.7586250548315454,0.02262143073135742,-1.0,-0.6563454482011142,-0.9787777615627545,0.047182848808240065,2.786236970270961,10.220656288791998,-1.0,-0.6563454482011142,213.9268522479971,0.0,4.839331469705395,277,True
brain_cerebellum,excluded_at_or_below_-1,ENSG00000290678.2,ENSG00000290678,0.17632784065965018,4.874809845062612,-0.904449782255388,0.04263428440568592,40.90691845661273,14.912142321048002,0.0,1.5585233104433354,0.29687066220514907,-0.9514345714260086,-0.4548935527515596,-0.8714024361916165,0.09465847127931838,2.885354997608805,9.280244655185012,-0.9514345714260086,-0.4548935527515596,4.87462100454326,0.0,1.4471319656178867,35,True
brain_cerebellum,raw,ENSG00000290678.2,ENSG00000290678,0.8974358974358861,282.8156067546602,-0.99396337865205,0.0017112722754789346,129.5897436226944,445.49302281030333,0.0,4.988727921039201,4.0951503456620545e-06,-1.0,-0.4548935527515596,-0.9830792679199495,0.05519418849574318,5.20986044301917,36.77704876526854,-1.0,-0.4548935527515596,272.2713313613407,0.0,0.0011149920367382604,266,True
brain_cortex,excluded_at_or_below_-1,ENSG00000290678.2,ENSG00000290678,0.33136397061538175,16.761892921359543,-0.9376561338968243,0.01605111139899238,22.60682421283083,42.17494197567704,0.0,1.3743428057086373,0.3889189030513508,-0.9532547181996196,-0.4589768806999589,-0.9059700863303257,0.08153712303711406,3.82323395266887,16.979730689534147,-0.9532547181996196,-0.4589768806999589,16.761479892329888,0.0,6.518856373242212,49,True
brain_cortex,raw,ENSG00000290678.2,ENSG00000290678,1.256410187394082,282.1709314514494,-0.9942076121465222,0.001940609044437807,565.4358976052508,390.04793963015044,0.0,4.221186892018549,0.00014022799676026524,-1.0,-0.4589768806999589,-0.9829353119636517,0.050045821359557895,5.746092449832408,47.51006901266777,-1.0,-0.4589768806999589,271.9299646528978,0.0,0.03813219420236558,270,True
brain_frontal_cortex_ba9,excluded_at_or_below_-1,ENSG00000290678.2,ENSG00000290678,0.2850969584225855,4.344504056408557,-0.9359493308424606,0.022573880757571402,22.374861904436823,10.64439176527614,0.0,1.5584228101860695,0.29692096375741905,-0.9608251004030262,-0.7660420149749672,-0.9161601988879058,0.045365081522833965,2.0514948078431643,3.458029489578604,-0.9608251004030262,-0.7660420149749672,4.344280160494132,0.0,1.2899078520861529,45,True
brain_frontal_cortex_ba9,raw,ENSG00000290678.2,ENSG00000290678,1.3354613335537753,212.16022430032052,-0.9970887871601427,0.002682702547295532,264.7987790226138,121.7986239645549,0.0,1.5346750556565603,0.30935882227914385,-1.0,-0.7660420149749672,-0.9859747544608021,0.036341421916744665,3.2707529159915243,12.52365210671469,-1.0,-0.7660420149749672,211.23715077244958,0.0,65.34807618456729,269,True
brain_hippocampus,excluded_at_or_below_-1,ENSG00000290678.2,ENSG00000290678,0.3774803599458413,3.3878769778797166,-0.9328485394681066,0.015698523792198844,36.39318371269461,13.210176387228886,0.0,3.023152720958507,0.010361558191928704,-0.9664071448867818,-0.7862085454589519,-0.9139806881094695,0.03937916326023543,1.665456180366456,2.694793495967118,-0.9664071448867818,-0.7862085454589519,3.3876278483763684,0.0,0.03510110308354997,36,True
brain_hippocampus,raw,ENSG00000290678.2,ENSG00000290678,0.9833958390184864,209.44251928669817,-0.997339636702127,0.0024379067838454613,154.61801352478076,122.47574626448755,0.0,1.543259111309074,0.3053152127294252,-1.0,-0.7862085454589519,-0.9878560971448662,0.03338187388875571,3.145369601083223,10.869508674099544,-1.0,-0.7862085454589519,208.52012099233812,0.0,63.66436509914118,255,True
brain_hypothalamus,excluded_at_or_below_-1,ENSG00000290678.2,ENSG00000290678,0.3848675136320667,8.143082937033146,-0.930404908622891,0.014068827225560188,32.64685337711086,31.781136632844614,0.0,2.72038284236217,0.024719729286178382,-0.9574677209271012,-0.6142409767983896,-0.902409965319518,0.06512527326761153,2.622667919162996,8.089069657550354,-0.9574677209271012,-0.6142409767983896,8.142367949959949,0.0,0.2012771314714652,39,True
brain_hypothalamus,raw,ENSG00000290678.2,ENSG00000290678,1.0000000074850175,245.5617541390158,-0.9957072251866801,0.0015049826079771447,154.00000000000006,358.4591205232698,0.0,4.03386745403717,0.00029884509521537996,-1.0,-0.6142409767983896,-0.9851906173052964,0.04313104792370962,4.322504158404444,25.161191049854075,-1.0,-0.6142409767983896,240.5890609054378,0.0,0.07189886081406582,257,True
brain_nucleus_accumbens_basal_ganglia,excluded_at_or_below_-1,ENSG00000290678.2,ENSG00000290678,0.20995595625836957,2.2522746978830934,-0.9486687773316878,0.030946805909052043,41.18634503392731,5.646278653362313,0.0,0.6466958575011911,0.8113166002924727,-0.9628202263891374,-0.8251129762539371,-0.9286083854554006,0.030476847323291523,1.6224686515114715,2.5853242728573873,-0.9628202263891374,-0.8251129762539371,2.2522499345635687,0.0,1.8272877599190582,35,True
brain_nucleus_accumbens_basal_ganglia,raw,ENSG00000290678.2,ENSG00000290678,0.9210527644717739,244.92271952026414,-0.9978181216181381,0.0017628900627864922,82.11375477278196,138.5463359408877,0.0,1.7503314949775128,0.21747065590687925,-1.0,-0.8251129762539371,-0.9912326087401369,0.02573292226803288,3.291296950201912,11.72766381779717,-1.0,-0.8251129762539371,243.42378900321043,0.0,52.93753105786539,285,True
brain_putamen_basal_ganglia,excluded_at_or_below_-1,ENSG00000290678.2,ENSG00000290678,0.18892399622783612,0.6762444867668858,-0.9526409891238002,0.01600395608371991,13.110015174092103,5.132834334037832,0.0,1.147608481950148,0.517630778868408,-0.9656279072492462,-0.8945552392395266,-0.9400358514103286,0.021692209664286588,0.979255484220764,-0.15817583622942832,-0.9656279072492462,-0.8945552392395266,0.6762355509404356,0.0,0.3500403349318047,17,True
brain_putamen_basal_ganglia,raw,ENSG00000290678.2,ENSG00000290678,0.8097578448678566,230.77587925686717,-0.9987168303698232,0.0013111335944622922,73.2764166411129,112.3506677557433,0.0,1.3840511001212517,0.3843160473502717,-1.0,-0.8945552392395266,-0.9959866514723448,0.015974850153455494,4.256144919516123,18.464781949875917,-1.0,-0.8945552392395266,230.42797044281352,0.0,88.55716679952732,254,True
brain_spinal_cord_cervical_c-1,excluded_at_or_below_-1,ENSG00000290678.2,ENSG00000290678,0.19016275471286806,1.2407197528135971,-0.9353757360027072,0.02640317199558995,17.68589115008225,6.551935888082667,0.0,1.4145068437090031,0.36773102670135177,-0.9617843835203548,-0.8130519973823257,-0.9166594716493702,0.040297950738894986,1.4902937471905324,1.6276375701358496,-0.9617843835203548,-0.8130519973823257,1.2407057414587475,0.0,0.456245996140887,22,True
brain_spinal_cord_cervical_c-1,raw,ENSG00000290678.2,ENSG00000290678,0.5786825734040375,176.42171134170545,-0.9976661767696067,0.0019360659230704602,53.46128421472872,134.85278222438427,0.0,1.7047583066640555,0.2352355642887591,-1.0,-0.8130519973823257,-0.9910122959621869,0.028974908636132297,3.759374440789668,15.573342325314059,-1.0,-0.8130519973823257,175.37817455342713,0.0,41.255183855008276,204,True
brain_substantia_nigra,excluded_at_or_below_-1,ENSG00000290678.2,ENSG00000290678,0.2564102572016653,0.8275172981921103,-0.9570513347971231,0.0003419493641310907,7.435897438582284,225.22069372407793,0.0,2.382534706396328,0.05883832262289923,-0.9576274190955266,-0.9025941615262916,-0.9302926410269642,0.01774527811359771,-0.15315810982169706,-1.1031173693993668,-0.9576274190955266,-0.9025941615262916,0.8231645242729424,0.0,0.04843361985089889,11,True
brain_substantia_nigra,raw,ENSG00000290678.2,ENSG00000290678,0.35642790355047416,160.25604411966177,-0.9988232132959455,0.0013435025760067819,173.81892469346167,101.29376194531412,0.0,1.238723130580572,0.46468439997067346,-1.0,-0.9025941615262916,-0.9958099401710199,0.01712692850253822,4.048607702813238,15.197152462969008,-1.0,-0.9025941615262916,160.12457857289976,0.0,74.40739371470522,183,True
breast_mammary_tissue,excluded_at_or_below_-1,ENSG00000290678.2,ENSG00000290678,0.3709179952604404,11.715580449557748,-0.9227460281416688,0.0434597845094572,68.81420831034751,12.564477224217683,0.0,0.9507078681823653,0.6364063359507413,-0.9519619543510872,-0.5366307431756591,-0.8870496184717052,0.07804064776177833,2.696409547568852,7.732308529536242,-0.9519619543510872,-0.5366307431756591,11.715525402052684,0.0,7.4558345948581835,87,True
breast_mammary_tissue,raw,ENSG00000290678.2,ENSG00000290678,2.230770431087082,465.7589340283449,-0.9951064953817026,0.0029606676377488973,624.9231164950821,218.99878882790844,0.0,2.3374662223125022,0.06557078337180659,-1.0,-0.5366307431756591,-0.9808819393133043,0.053088435590450296,4.2501664862962985,23.909776994470576,-1.0,-0.5366307431756591,462.3948033051929,0.0,30.31958947977391,514,True
cells_cultured_fibroblasts,excluded_at_or_below_-1,ENSG00000290678.2,ENSG00000290678,0.28690946113429244,4.206989896040772,-0.9149236128171109,0.035205973371806865,41.538803457887596,7.012946654152557,0.0,1.2121262236414487,0.47968871728522683,-0.9450987466782096,-0.7403406362900756,-0.8968210331687143,0.03894781929330205,1.808949759755146,3.825137721261944,-0.9450987466782096,-0.7403406362900756,4.20696002670152,0.0,2.0180312588786755,57,True
cells_cultured_fibroblasts,raw,ENSG00000290678.2,ENSG00000290678,1.4615384697247789,641.7869635487875,-0.9968750207931756,0.00043197299826764,183.69230769230768,839.8543594952656,0.0,10.230704220283865,0.0,-1.0,-0.7403406362900756,-0.990979752899719,0.03132296934747262,3.85546456418754,16.340803870351376,-1.0,-0.7403406362900756,614.1896854854382,0.0,0.0,652,True
cells_ebv-transformed_lymphocytes,excluded_at_or_below_-1,ENSG00000290678.2,ENSG00000290678,0.47765358523532137,2.4207886305462,-0.9366443635077312,0.010591093993818508,28.252258633655934,11.079886046460492,0.0,1.3992888126030765,0.3756871147879649,-0.9471236855373611,-0.8536667159437046,-0.9179238746100509,0.026600041223693964,0.9927586221086735,-0.19860183206086246,-0.9471236855373611,-0.8536667159437046,2.420774185737484,0.0,0.9094536693929004,37,True
cells_ebv-transformed_lymphocytes,raw,ENSG00000290678.2,ENSG00000290678,0.9791904042763119,264.76706667802597,-0.9982009877900314,0.0019293759173077743,721.6359334374886,105.94219904953283,0.0,1.3186582476693258,0.42008224811613926,-1.0,-0.8536667159437046,-0.9907130989619937,0.0274990109490142,2.9936206301657102,8.261255627721452,-1.0,-0.8536667159437046,264.2050263588306,0.0,110.98784143640138,327,True
cervix_ectocervix,excluded_at_or_below_-1,ENSG00000290678.2,ENSG00000290678,,,,,,,,,,,,,,,,,,,,,2,False
cervix_ectocervix,raw,ENSG00000290678.2,ENSG00000290678,,,,,,,,,,,,,,,,,,,,,24,False
cervix_endocervix,excluded_at_or_below_-1,ENSG00000290678.2,ENSG00000290678,,,,,,,,,,,,,,,,,,,,,3,False
cervix_endocervix,raw,ENSG00000290678.2,ENSG00000290678,0.07692307692307693,20.349964743773548,-0.9983211192915252,6.872012121823298e-06,2.7692307692307754,27311.153440765524,,345.50228163765524,,-1.0,-0.8656094960265217,-0.9878628217546854,0.03420065044919807,2.7115320679858947,6.134945261652078,-1.0,-0.8656094960265217,0.0,0.0,0.0,23,True
colon_sigmoid,excluded_at_or_below_-1,ENSG00000290678.2,ENSG00000290678,0.21619891606191538,4.309147297766271,-0.9104067464909725,0.032124839021661446,82.1236193854116,8.7684874815041,0.0,1.8984473608376167,0.16496421590067603,-0.9535312911005346,-0.7112244897927025,-0.8951453999189886,0.04487153562577928,2.1225706933850894,5.362874063395015,-0.9535312911005346,-0.7112244897927025,4.309041772331065,0.0,0.7108376972558534,48,True
colon_sigmoid,raw,ENSG00000290678.2,ENSG00000290678,1.2307692100619758,405.35065472046807,-0.996822967876961,0.0014274260614862671,202.923076923407,282.95492985417894,0.0,3.147624971775232,0.0071933334350018,-1.0,-0.7112244897927025,-0.9879880171744904,0.036664494495947754,3.5498270256252873,14.70350584437438,-1.0,-0.7112244897927025,397.6537369104511,0.0,2.860455921271352,419,True
colon_transverse,excluded_at_or_below_-1,ENSG00000290678.2,ENSG00000290678,0.18346412896782968,8.905399737638945,-0.9197871029729976,0.042838308598548154,23.905880265496613,11.313400863533417,0.0,1.7528843341047011,0.21518195870948742,-0.9728841754660186,-0.5770899528495942,-0.9050964813921594,0.0571994465237102,3.3752885414260567,15.331743556575105,-0.9728841754660186,-0.5770899528495942,8.905128526280146,0.0,1.916222998844693,73,True
colon_transverse,raw,ENSG00000290678.2,ENSG00000290678,1.8717948568884768,519.8638474213435,-0.9955963864194279,0.0017590807714139686,390.3589743589744,336.4583843521364,0.0,3.5402865805244352,0.0019155456602357756,-1.0,-0.5770899528495942,-0.9855366245127926,0.04072701657910027,4.3024210119010995,28.003895312386206,-1.0,-0.5770899528495942,515.174236195447,0.0,0.98683977240948,479,True
esophagus_gastroesophageal_junction,excluded_at_or_below_-1,ENSG00000290678.2,ENSG00000290678,0.5316130317374494,7.516286507714861,-0.9141435813125347,0.030567507648313307,48.44210479922309,14.415819584421046,0.0,2.212889725010727,0.08643101622283299,-0.9619740684425218,-0.6025529650663852,-0.8815227679917416,0.07073401442324666,2.28283919436547,5.6329562607332235,-0.9619740684425218,-0.6025529650663852,7.516047613875272,0.0,0.6496196332464388,66,True
esophagus_gastroesophageal_junction,raw,ENSG00000290678.2,ENSG00000290678,1.6923076923076923,336.7912812760386,-0.9949383631308008,0.001407582749591936,274.3076928638544,394.23383938225635,0.0,5.085481127347331,2.4970758811113123e-06,-1.0,-0.6025529650663852,-0.9805967808621711,0.05230801259814951,3.6631513119752315,17.001858747089578,-1.0,-0.6025529650663852,326.61901666330635,0.0,0.0008155924688222349,403,True
esophagus_mucosa,excluded_at_or_below_-1,ENSG00000290678.2,ENSG00000290678,0.34539294176630003,8.270884019313177,-0.9217136043663567,0.024522384399238893,37.175623923247684,10.640122058705783,0.0,2.6428698507785944,0.030428595317636493,-0.9675408203698572,-0.7372144805278253,-0.9086965451473178,0.04052063244928441,2.370648131786623,6.6551377123292355,-0.9675408203698572,-0.7372144805278253,8.27081746513743,0.0,0.2516693575927069,76,True
esophagus_mucosa,raw,ENSG00000290678.2,ENSG00000290678,1.948697965560256,581.4709655868629,-0.9970933409215771,0.0013260101916511193,353.8974359162604,277.16544809152236,0.0,3.1000038429433125,0.008315274472377123,-1.0,-0.7372144805278253,-0.9886985951648146,0.03326406667481756,3.5239817498965254,15.067623974906684,-1.0,-0.7372144805278253,572.6131082751062,0.0,4.761435161788408,614,True
esophagus_muscularis,excluded_at_or_below_-1,ENSG00000290678.2,ENSG00000290678,0.26998868837619777,12.376808738598223,-0.9129000584764317,0.04090982548327521,93.84250459495766,16.916181954032417,0.0,1.2467737340995284,0.45968398608386657,-0.948966249069,-0.4235552593631113,-0.8832181730762526,0.07747034273302641,3.733006377776915,17.04688501124212,-0.948966249069,-0.4235552593631113,12.376730026509774,0.0,5.689384593269893,72,True
esophagus_muscularis,raw,ENSG00000290678.2,ENSG00000290678,1.8461538289687676,511.43493638248924,-0.9934172230099503,0.0028238212651923895,559.0769230805976,285.39572514870775,0.0,3.296756991017182,0.004377212916744463,-1.0,-0.4235552593631113,-0.9850119580418719,0.047847026609821826,5.332318277839086,42.952889542196566,-1.0,-0.4235552593631113,509.9231990608473,0.0,2.232042413476789,561,True
fallopian_tube,excluded_at_or_below_-1,ENSG00000290678.2,ENSG00000290678,,,,,,,,,,,,,,,,,,,,,7,False
fallopian_tube,raw,ENSG00000290678.2,ENSG00000290678,0.18420765675839756,21.69173188491864,-0.9982268036160687,0.0009886607539994485,7.759870491683174,200.36865930161372,0.0,2.536439688500095,0.040635733929632045,-1.0,-0.8581513333663141,-0.9755351642487019,0.046602460270582576,1.5675152961684762,0.9252846336451026,-1.0,-0.8581513333663141,21.397529587733843,0.0,0.8695043190785805,29,True
heart_atrial_appendage,excluded_at_or_below_-1,ENSG00000290678.2,ENSG00000290678,0.991510819743176,5.11145187753629,-0.9437691305564329,0.01666898878717199,72.55556452120476,7.839972454617199,0.0,2.2022134273965657,0.0884910435561533,-0.9697260806981316,-0.8513612959727659,-0.9302883035363205,0.027540153371371022,1.154538164094735,0.7562702537392187,-0.9697260806981316,-0.8513612959727659,5.111359590807025,0.0,0.45230954418126634,90,True
heart_atrial_appendage,raw,ENSG00000290678.2,ENSG00000290678,2.3075892689367343,385.43037988264604,-0.9982893985109693,0.0006994623486240452,276.3076927218555,297.0677631355339,0.0,3.458593347250191,0.0025300704064427798,-1.0,-0.8513612959727659,-0.9863903412543792,0.03019826097939092,2.2484611305220943,4.4615817291985715,-1.0,-0.8513612959727659,384.88121604766826,0.0,0.973776574717927,461,True
heart_left_ventricle,excluded_at_or_below_-1,ENSG00000290678.2,ENSG00000290678,0.4084773162646826,5.381258563611465,-0.9512184147505196,0.018879634675735852,66.41289047848352,8.874863962382115,0.0,1.5582389185110816,0.29700044751787313,-0.9720207760782082,-0.8327397112048779,-0.9389334962520479,0.028100654306217904,2.0147915961188585,4.293966573250505,-0.9720207760782082,-0.8327397112048779,5.38108297496046,0.0,1.5981840516940646,65,True
heart_left_ventricle,raw,ENSG00000290678.2,ENSG00000290678,2.04120728916218,379.801097809095,-0.9979146638619711,0.0016777123790133709,258.4014014846565,139.2328393913183,0.0,1.7578165872754818,0.2146192369526023,-1.0,-0.8327397112048779,-0.991218312514122,0.023921189141796754,3.2099884810265302,11.912697124867917,-1.0,-0.8327397112048779,377.50277643140106,0.0,81.01935782519689,452,True
kidney_cortex,excluded_at_or_below_-1,ENSG00000290678.2,ENSG00000290678,0.18421055927848315,6.866516273868836,-0.9587660408521534,0.0016867311828230704,7.710527176802399,132.9407859689145,0.0,3.034965045225537,0.010031888999502492,-0.9623858408008752,-0.8002076907352859,-0.9303237993359775,0.04618311795882557,2.2396024988901044,4.015167012770718,-0.9623858408008752,-0.8002076907352859,6.842388262999386,0.0,0.06864207954590848,11,True
kidney_cortex,raw,ENSG00000290678.2,ENSG00000290678,0.2820512824686447,97.84714944264937,-0.9977337353018895,0.0009960978855755918,17.897435897933626,280.43831353641036,0.0,3.2175374713735416,0.0056758241193632835,-1.0,-0.8002076907352859,-0.9926304018528438,0.025898038419595575,4.893963813268333,29.19081488846536,-1.0,-0.8002076907352859,97.38501790587183,0.0,0.5527402334947635,104,True
kidney_medulla,excluded_at_or_below_-1,ENSG00000290678.2,ENSG00000290678,,,,,,,,,,,,,,,,,,,,,1,False
kidney_medulla,raw,ENSG00000290678.2,ENSG00000290678,0.025641025641025498,13.975859854950944,-0.9994408554687012,0.0002654424231724772,0.9743589743589746,301.0486260875897,0.0,2.978987947890774,0.01185527312083652,-1.0,-0.9429351911704876,-0.9948122901064079,0.017205687238259312,2.8460498941515344,6.0999999999999694,-1.0,-0.9429351911704876,13.945117816102131,0.0,0.16532318041213384,11,True
liver,excluded_at_or_below_-1,ENSG00000290678.2,ENSG00000290678,0.07219385339794558,360008417886.4535,-2.140071363697975,0.23247297651279436,11.078745393865862,7.790094461772273,0.0,-7.2577396004872465,1.0,-0.9470207717853744,-0.859510566497627,-0.9224108364440051,0.02299648520456373,1.3710663411739605,1.61201009039406,-0.9470207717853744,-0.859510566497627,1.2886769969386833,0.0,1.2886769969386696,16,True
liver,raw,ENSG00000290678.2,ENSG00000290678,0.4102564102560805,247.5920643067616,-0.9981876622479032,0.0006238929309164886,23.435897435907016,314.3472539630434,0.0,4.108128977918266,0.0002186923092172616,-1.0,-0.859510566497627,-0.9952617304698629,0.01941398298111129,4.268264388872723,18.445867698424234,-1.0,-0.859510566497627,245.0017704965971,0.0,0.05358000295221821,262,True
lung,excluded_at_or_below_-1,ENSG00000290678.2,ENSG00000290678,0.7238974097878205,11.518398649346095,-0.902768669109434,0.036528091696422585,63.49757908216412,11.762128204370182,0.0,2.0062716036674564,0.1336485595825007,-0.954589182684285,-0.5989615857765962,-0.8747366844504246,0.0664102183760842,2.1662328563747253,5.271708304503749,-0.954589182684285,-0.5989615857765962,11.518153772506558,0.0,1.539384660745248,111,True
lung,raw,ENSG00000290678.2,ENSG00000290678,2.9199880299187413,489.63567288303466,-0.9949869692249408,0.002090258465898598,661.486968828736,267.9402942046613,0.0,3.3916839598279154,0.0032556263958106136,-1.0,-0.5989615857765962,-0.9769797549238363,0.056232546176805426,3.088753360091652,11.727464085712446,-1.0,-0.5989615857765962,477.83817486986084,0.0,1.555662575032283,604,True
minor_salivary_gland,excluded_at_or_below_-1,ENSG00000290678.2,ENSG00000290678,0.5489175260610718,4.004466249850245,-0.9258517515330404,0.04549418563512254,47.99005867480657,9.896489595258089,0.0,0.7330317129603635,0.7644086168824876,-0.9494328298886252,-0.6074891316560076,-0.8696399925110622,0.07580336697452723,1.4249295377242153,1.7539794454592155,-0.9494328298886252,-0.6074891316560076,4.004406374864629,0.0,3.061002738445687,51,True
minor_salivary_gland,raw,ENSG00000290678.2,ENSG00000290678,1.3076923170870047,153.5421157367688,-0.9954571641471585,0.0008652260896508346,140.3076923076923,634.1344301552546,0.0,7.425273176073919,1.0685242974855988e-12,-1.0,-0.6074891316560076,-0.9632687271716251,0.07109403367535345,2.276629547767846,5.41250566083527,-1.0,-0.6074891316560076,153.14370518855654,0.0,1.6363777000094615e-10,181,True
muscle_skeletal,excluded_at_or_below_-1,ENSG00000290678.2,ENSG00000290678,1.5294136215509395,55.218325150677806,-0.933018432377377,0.024541952619283047,346.51428385684073,29.631261928299587,0.0,2.1387838597205797,0.10156568917346066,-0.9701344193433554,-0.4188039985448983,-0.8973238355962619,0.08424843527860505,3.2328098544031105,12.562081652780268,-0.9701344193433554,-0.4188039985448983,55.210115158246346,0.0,5.607453395393417,233,True
muscle_skeletal,raw,ENSG00000290678.2,ENSG00000290678,5.956251260349224,618.1432457174307,-0.993444444862016,0.0027751799892170464,6620.987146658037,292.8330111298731,0.0,3.3406680002897207,0.0037999171244523676,-1.0,-0.4188039985448983,-0.9707536108727739,0.06454235808529812,4.044543322072221,23.343462643594435,-1.0,-0.4188039985448983,613.6746474430948,0.0,2.331912801661285,818,True
nerve_tibial,excluded_at_or_below_-1,ENSG00000290678.2,ENSG00000290678,0.6059673951920853,11.963865664640776,-0.8940495612242831,0.0330559834248275,55.77101890914828,15.156916114901502,0.0,2.4131272535034687,0.054390785180207166,-0.9504542631845418,-0.5397701361104792,-0.8714667589251206,0.06433631480781832,2.4964590860614373,8.361792102055839,-0.9504542631845418,-0.5397701361104792,11.963494296909841,0.0,0.6507038483078568,92,True
nerve_tibial,raw,ENSG00000290678.2,ENSG00000290678,2.3589743727625008,662.6624835680045,-0.9949981408557683,0.0020015984966680936,614.9743593760066,321.6377407129844,0.0,3.534023956666402,0.002010664548012268,-1.0,-0.5397701361104792,-0.9823506594344942,0.05022925413101092,3.6322600231664843,17.2155467843932,-1.0,-0.5397701361104792,639.6320655840983,0.0,1.2860855180417734,670,True
ovary,excluded_at_or_below_-1,ENSG00000290678.2,ENSG00000290678,0.5414916627965047,5.142661705771827,-0.8735087688096846,0.0037480546921775234,27.26111455138158,45.262093367564795,0.0,24.913922505114797,0.0,-0.9395375120138932,-0.7535517793296735,-0.8618271497556518,0.04739274031827857,0.8670609382187707,-0.002886131570088768,-0.9395375120138932,-0.7535517793296735,5.138517660840844,0.0,0.0,29,True
ovary,raw,ENSG00000290678.2,ENSG00000290678,0.743589494465828,183.85052960915277,-0.9971301154327122,0.0006113527701708323,47.435897435899854,563.4582899181639,0.0,6.638768769085143,2.689891618752893e-10,-1.0,-0.7535517793296735,-0.9792382763881551,0.05270584061343939,2.5023670473016892,5.37527178991899,-1.0,-0.7535517793296735,183.7999119934901,0.0,4.944018427988084e-08,193,True
pancreas,excluded_at_or_below_-1,ENSG00000290678.2,ENSG00000290678,0.4136499853050549,2.2382631861413937,-0.9471188363419781,0.011400852984454708,27.657371611881167,9.020808240741344,0.0,3.1300263331246896,0.007457658530764321,-0.9723519206588516,-0.8743965040931821,-0.9358586036779443,0.024115298354632414,1.1429455875581165,0.5675043150799732,-0.9723519206588516,-0.8743965040931821,2.2382214672688563,0.0,0.01669189141911742,35,True
pancreas,raw,ENSG00000290678.2,ENSG00000290678,0.9210822256362245,310.5795307690843,-0.9984319710685555,0.0013292841154467065,297.3601508156957,131.96023150619362,0.0,1.6682120513392453,0.25012792679142715,-1.0,-0.8743965040931821,-0.9937984837810167,0.020373567100503996,3.5109709864595997,12.43741774270763,-1.0,-0.8743965040931821,308.81953187267226,0.0,77.24438926001153,362,True
pituitary,excluded_at_or_below_-1,ENSG00000290678.2,ENSG00000290678,0.5772791225355252,16.22462832318066,-0.906905141055058,0.029884255522337384,36.849077672413536,23.68331553038655,0.0,1.909055473700902,0.16167708476918152,-0.9472460790154192,-0.4064444809701891,-0.8633591969600847,0.09602279368871572,2.411408522363057,6.208950544775245,-0.9472460790154192,-0.4064444809701891,16.223133066806387,0.0,2.622908860063768,85,True
pituitary,raw,ENSG00000290678.2,ENSG00000290678,2.179487166640268,225.86910061169124,-0.9926116947408751,0.0021229455215199568,773.7435897435905,390.47899021894926,0.0,4.921766194417551,5.748487262120683e-06,-1.0,-0.4064444809701891,-0.962893072656892,0.07866157428995214,3.177207215404706,13.022293293185093,-1.0,-0.4064444809701891,215.86176306559022,0.0,0.0012408785953614831,313,True
prostate,excluded_at_or_below_-1,ENSG00000290678.2,ENSG00000290678,0.1712539757221352,3.833782674170908,-0.9050739821313051,0.03505171247164706,60.38661053099372,8.239850101455005,0.0,2.273272454585071,0.07548292792009925,-0.9614177300403,-0.7008467959056107,-0.8913179347187993,0.04997546862147934,2.1270654368819035,5.07839194419495,-0.9614177300403,-0.7008467959056107,3.8336482724338135,0.0,0.28937499621913454,43,True
prostate,raw,ENSG00000290678.2,ENSG00000290678,1.1249905083696012,235.5810342051476,-0.9962629860402472,0.002784248513710614,147.29015250638002,150.05182927302977,0.0,1.8981552108711308,0.16629364526963875,-1.0,-0.7008467959056107,-0.9834279120315901,0.04364843386581722,3.1090786857374995,11.346213060142546,-1.0,-0.7008467959056107,233.82160486756962,0.0,38.883047016225255,282,True
skin_not_sun_exposed_suprapubic,excluded_at_or_below_-1,ENSG00000290678.2,ENSG00000290678,0.663378731421314,11.098449659233541,-0.9092434115923076,0.020735887415259575,58.15861044819318,16.1251796932491,0.0,2.8727333743817445,0.0161439747822872,-0.9513648262146368,-0.6728081803327799,-0.890671679326743,0.05171355875462725,1.9243860765560292,3.8657298894588275,-0.9513648262146368,-0.6728081803327799,11.097449259854148,0.0,0.1791569409987971,85,True
skin_not_sun_exposed_suprapubic,raw,ENSG00000290678.2,ENSG00000290678,2.179487198069959,594.4890183749811,-0.9955375508177412,0.0016187915352666954,541.7435903197586,281.9438097943664,0.0,3.8984983658885897,0.0005025215918046913,-1.0,-0.6728081803327799,-0.9857251808644747,0.04128631577405149,3.448714946446499,13.792916977552157,-1.0,-0.6728081803327799,592.5465525902938,0.0,0.29776743682605655,651,True
skin_sun_exposed_lower_leg,excluded_at_or_below_-1,ENSG00000290678.2,ENSG00000290678,0.7536611614596209,19.969421407103194,-0.9131711092552708,0.02509247559462415,37.418728312756606,21.977894214591544,0.0,2.7136413560177663,0.025175084835538396,-0.961319409703032,-0.5232160212306098,-0.8804250938135171,0.08201420604291763,2.505602375796802,6.486780592768417,-0.961319409703032,-0.5232160212306098,19.968937474118707,0.0,0.5027196949865003,111,True
skin_sun_exposed_lower_leg,raw,ENSG00000290678.2,ENSG00000290678,2.846153886220723,721.0383874497633,-0.9946414468662504,0.0017430420623678951,1149.0769231490426,382.4900413910469,0.0,4.347650971859568,7.979324197571411e-05,-1.0,-0.5232160212306098,-0.9823967976303719,0.052725803751367616,4.459579828270319,25.691673069552667,-1.0,-0.5232160212306098,710.3299890581259,0.0,0.05667953269952131,754,True
small_intestine_terminal_ileum,excluded_at_or_below_-1,ENSG00000290678.2,ENSG00000290678,0.32935527730150777,4.229324738235565,-0.9289262215958664,0.01881878747310219,18.857162157525742,15.353248994791644,0.0,2.22100104160519,0.08489125383541295,-0.9584808431124148,-0.724622191750635,-0.9051832230218011,0.05152074053208346,1.9551887459645076,3.457321800688675,-0.9584808431124148,-0.724622191750635,4.229161467529695,0.0,0.3590188196510109,37,True
small_intestine_terminal_ileum,raw,ENSG00000290678.2,ENSG00000290678,0.9981830840903092,162.23666153404062,-0.9965697194628722,0.003070054751338854,162.9673489137607,125.27199450653382,0.0,1.58015073061322,0.28832649628434054,-1.0,-0.724622191750635,-0.9830520736802253,0.04230833646518273,3.1138100875521793,11.313636369673471,-1.0,-0.724622191750635,161.46360325809943,0.0,46.55423500485263,207,True
spleen,excluded_at_or_below_-1,ENSG00000290678.2,ENSG00000290678,0.6230302417459924,3.2932096832203825,-0.8957255702918702,0.01745215027875429,40.2721613336371,11.993940875075078,0.0,5.312926137113345,7.422450600581513e-07,-0.9612899149084164,-0.7477139374271292,-0.8825858151423573,0.04916385866822268,0.9860945724793971,0.5238529698297949,-0.9612899149084164,-0.7477139374271292,3.2931909432005324,0.0,2.444354709418839e-06,44,True
spleen,raw,ENSG00000290678.2,ENSG00000290678,2.431038787379958,216.88931766696626,-0.9968702908060463,0.0029537676942916914,371.5502887853752,119.29180984030754,0.0,1.4984513497546625,0.3266375142238309,-1.0,-0.7477139374271292,-0.9813493713583529,0.04717256797030891,2.650536156931932,6.642304193546405,-1.0,-0.7477139374271292,216.07232399108588,0.0,70.57732680101482,277,True
stomach,excluded_at_or_below_-1,ENSG00000290678.2,ENSG00000290678,0.22830580429933486,2.9452270392231443,-0.9073678916039216,0.03077131508497388,62.68439391654549,6.061103658974897,0.0,2.3238420803307958,0.06719737166137486,-0.9579314548196411,-0.7754867278141768,-0.8960538687611088,0.04001580266033703,1.5003284439063933,2.255422331266894,-0.9579314548196411,-0.7754867278141768,2.9452269816534313,0.0,0.19791151211327493,44,True
stomach,raw,ENSG00000290678.2,ENSG00000290678,1.1578949653166215,349.60897549800706,-0.9971981341683348,0.0023302551214619475,265.5951185277336,134.55491414268425,0.0,1.700430404635194,0.2369548561712419,-1.0,-0.7754867278141768,-0.9887625804066064,0.034841997188013556,3.36891714507092,11.892451469685222,-1.0,-0.7754867278141768,347.57107374351716,0.0,82.35865378817921,407,True
testis,excluded_at_or_below_-1,ENSG00000290678.2,ENSG00000290678,0.8279678227069152,34.40637754343991,-0.9059454818946217,0.04631505099465449,346.8420366310262,27.38595575975545,0.0,1.9476041099663697,0.15009035286034136,-0.9697289061739977,-0.0090640127181839,-0.8428072865059293,0.15686258061407662,3.0329632719441424,10.00012335387804,-0.9697289061739977,-0.0090640127181839,34.404207575699004,0.0,5.1637396549170935,148,True
testis,raw,ENSG00000290678.2,ENSG00000290678,3.8133775156444756,300.720632311758,-0.9895832183348793,0.005319724892337261,2834.372330388831,260.6645243530973,0.0,2.7692322827282565,0.021800791394998728,-1.0,-0.0090640127181839,-0.9438055033885931,0.12019695267822227,4.071171501142128,21.204805415683015,-1.0,-0.0090640127181839,298.1709534705067,0.0,6.500362756658362,414,True
thyroid,excluded_at_or_below_-1,ENSG00000290678.2,ENSG00000290678,0.7298520782020103,18.425675024983416,-0.8983104127373474,0.03220496580529638,91.74299619941937,20.86023937591641,0.0,2.4152787024223676,0.05410834586289067,-0.9533119839931404,-0.4232737466595748,-0.8605596578982951,0.08971117148816184,2.5429001676297753,7.2622343891046786,-0.9533119839931404,-0.4232737466595748,18.42532922444423,0.0,0.9969640863138555,108,True
thyroid,raw,ENSG00000290678.2,ENSG00000290678,2.769230727881112,655.9132841888952,-0.9937650492364692,0.0026537965052172746,1090.9230769520655,304.0159770102954,0.0,3.322617960035337,0.004127421633808475,-1.0,-0.4232737466595748,-0.977983103878678,0.06204767402267141,4.094879295175395,22.148919446747794,-1.0,-0.4232737466595748,636.6600922454621,0.0,2.6277646381164157,684,True
uterus,excluded_at_or_below_-1,ENSG00000290678.2,ENSG00000290678,0.1817673613040225,1.2814432940709404,-0.8936263988267639,0.031953389023521996,32.52762495495671,5.233728815785448,0.0,1.6744584647776561,0.24612724444486705,-0.9314598803831048,-0.775373132598866,-0.8798172669512647,0.040579164338493935,1.3574316118766179,1.3375875378500242,-0.9314598803831048,-0.775373132598866,1.281438769176174,0.0,0.31539699318215375,25,True
uterus,raw,ENSG00000290678.2,ENSG00000290678,0.6410190085902783,147.1629863347505,-0.9976569035987383,0.0012224430823076,48.974358980494245,257.15448693942056,0.0,2.710669115454145,0.025525786115455376,-1.0,-0.775373132598866,-0.9803622985214484,0.047407421075203696,2.384778012661336,4.997278237124306,-1.0,-0.775373132598866,146.31229058281295,0.0,3.7347362354792906,153,True
vagina,excluded_at_or_below_-1,ENSG00000290678.2,ENSG00000290678,0.166499532465276,2.5552483868405385,-0.9130632570349058,0.03561275227658611,15.46151975700049,9.965223240349713,0.0,1.206344295952766,0.48305937569887347,-0.9434414415715808,-0.6621188197294552,-0.8788473035560869,0.07158778230903255,2.050414043956311,3.2030283432870865,-0.9434414415715808,-0.6621188197294552,2.5552034701657047,0.0,1.2343149930818405,27,True
vagina,raw,ENSG00000290678.2,ENSG00000290678,0.7079129730518684,134.841222678212,-0.9957830768410628,0.003662323824821647,103.19390253025932,128.84511044278256,0.0,1.6283731882023451,0.26702076347185555,-1.0,-0.6621188197294552,-0.9807581011530253,0.05254515155996982,3.57889391204737,15.06619263941569,-1.0,-0.6621188197294552,134.1189638082183,0.0,35.8125481121246,170,True
whole_blood,excluded_at_or_below_-1,ENSG00000290678.2,ENSG00000290678,1.294143421911067,20.346648997246355,-0.8967797386505695,0.030485692002718456,190.71178271999585,22.59442239431877,0.0,3.476605012594082,0.00237353001405063,-0.9717236597449204,-0.4097199193848801,-0.8447894540719446,0.10100838332399661,2.106821136484215,4.693324099665009,-0.9717236597449204,-0.4097199193848801,20.346359421201825,0.0,0.048292694762884336,130,True
whole_blood,raw,ENSG00000290678.2,ENSG00000290678,3.3333332731968883,722.6166864802761,-0.9932977266677333,0.002451339376710753,1178.6666666802537,336.6745778247846,0.0,3.8666395747869777,0.0005704590102226222,-1.0,-0.4097199193848801,-0.974872514357849,0.07009862686895844,3.8688712063603705,18.654346187757504,-1.0,-0.4097199193848801,718.019947128961,0.0,0.4096009483592895,803,True
adipose_subcutaneous,excluded_at_or_below_-1,ENSG00000290679.2,ENSG00000290679,0.08260287303757835,1.8282665695739122,-0.7544888561783074,0.0696264748356993,20.892571863038746,5.955268810636623,0.0,2.431037893512697,0.05208073206046595,-0.8741770017461252,-0.4612910075536419,-0.7443137812190508,0.07906524387772308,1.7246659425581123,4.776205276271289,-0.8741770017461252,-0.4612910075536419,1.8282432095855057,0.0,0.095216244739789,25,True
adipose_subcutaneous,raw,ENSG00000290679.2,ENSG00000290679,0.6410256405989129,690.099605559636,-0.9934057401000149,0.0027779313765403826,40.97435900796052,270.8936145293846,0.0,3.35706341169109,0.003612462836244632,-1.0,-0.4612910075536419,-0.9910474013031881,0.04921816740718064,5.957850428459144,38.703306583025494,-1.0,-0.4612910075536419,682.1598954292986,0.0,2.4642772706148426,714,True
adipose_visceral_omentum,excluded_at_or_below_-1,ENSG00000290679.2,ENSG00000290679,0.40604925359248467,2.167961906877019,-0.7873238600868957,0.012918397524531302,13.211766688148314,17.634379896849847,0.0,10.384458471992392,0.0,-0.8821826326142046,-0.6262393282543479,-0.7696872118495511,0.05802213917042224,0.3983266060118805,0.2147557010875123,-0.8821826326142046,-0.6262393282543479,2.1679618713071522,0.0,0.0,24,True
adipose_visceral_omentum,raw,ENSG00000290679.2,ENSG00000290679,0.6153846153846154,607.6086007883246,-0.9957391578246311,0.0014784324022081006,31.230769230769234,353.4498225907311,0.0,4.075763479302922,0.00024834588999151714,-1.0,-0.6262393282543479,-0.9905834635168471,0.047071883111882366,5.097328437566145,25.60886185645645,-1.0,-0.6262393282543479,604.4355347880453,0.0,0.15010908082943408,587,True
adrenal_gland,excluded_at_or_below_-1,ENSG00000290679.2,ENSG00000290679,0.28205128205129837,2.488954452111219,-0.8586640182485475,0.0008931485517651819,9.897435897436551,264.5211149338734,0.0,2.4763860127939687,0.04751866693324086,-0.8602279832958257,-0.6916053384279028,-0.7732485736421062,0.059148378119124115,-0.13715445326338566,-1.3749796289182294,-0.8602279832958257,-0.6916053384279028,2.440618616285483,0.0,0.11597494313833662,13,True
adrenal_gland,raw,ENSG00000290679.2,ENSG00000290679,0.6282572494129278,272.2573698554318,-0.9962605495110248,0.0039907658429445304,144.55663689735474,107.96111531402063,0.0,1.3251545706899885,0.41608555431071287,-1.0,-0.6916053384279028,-0.9900075642621945,0.048126028622155134,4.86279661954055,22.749438848240903,-1.0,-0.6916053384279028,271.9436549661551,0.0,113.1518264178739,295,True
artery_aorta,excluded_at_or_below_-1,ENSG00000290679.2,ENSG00000290679,0.08351708485972596,0.8694106347157772,-0.7280565151903344,0.09518612755230557,18.20976626888566,3.527807693704124,0.0,1.8654406129804175,0.17389329067060358,-0.8536132718589997,-0.4906112225929099,-0.7100214273742396,0.08165790646946747,0.8303642965952474,0.9888727541297757,-0.8536132718589997,-0.4906112225929099,0.8676846472836787,0.0,0.15088453858052087,19,True
artery_aorta,raw,ENSG00000290679.2,ENSG00000290679,0.48717981086543183,514.9674726340475,-0.9947017956651836,0.002973460342908463,23.74358996475438,239.75154967290624,0.0,2.519889812686207,0.04197900530915708,-1.0,-0.4906112225929099,-0.9883271337290479,0.059248216301935996,5.283016302268748,28.35776704317876,-1.0,-0.4906112225929099,512.7390616268435,0.0,21.52427579024548,472,True
artery_coronary,excluded_at_or_below_-1,ENSG00000290679.2,ENSG00000290679,0.2015912498688001,1.9753092565759431,-0.7838288439459192,0.02806022177641356,12.087962218308213,21.377202025829046,0.0,3.5751789050450213,0.0016767037645525392,-0.8547660175348769,-0.3596715272833675,-0.7158317071283548,0.13098333632450784,1.7589438912830564,2.1560887624188823,-0.8547660175348769,-0.3596715272833675,1.9752566276670953,0.0,0.003311920223566772,16,True
artery_coronary,raw,ENSG00000290679.2,ENSG00000290679,0.41025641025641024,287.77963140422224,-0.9925225327339338,0.0014365500056279885,25.435897435897438,623.011013444253,0.0,7.361202588454028,1.7115235985480876e-12,-1.0,-0.3596715272833675,-0.9830347287837824,0.07425635170360513,5.202702893869938,30.94419233855173,-1.0,-0.3596715272833675,287.7754081626859,0.0,4.925344021522449e-10,268,True
artery_tibial,excluded_at_or_below_-1,ENSG00000290679.2,ENSG00000290679,0.5516916404576577,4.717173605003213,-0.7844274865694727,0.010358152428580326,26.777685149640046,50.98672364198037,0.0,8.634221792049837,7.062981113855057e-17,-0.8476672883955476,-0.4109844158982249,-0.7092199448341857,0.10842058229995465,1.1537086388212057,0.49808087551092317,-0.8476672883955476,-0.4109844158982249,4.715670366641476,0.0,3.3306690738754696e-16,30,True
artery_tibial,raw,ENSG00000290679.2,ENSG00000290679,0.7690990010701952,796.855836188101,-0.9926487496053081,2.638864997765565e-05,70.92307760022801,31172.401398851176,,393.96627024788626,,-1.0,-0.4109844158982249,-0.9873756850145088,0.06332982333772377,5.5427152131764625,32.9158416100972,-1.0,-0.4109844158982249,0.0,0.0,0.0,691,True
bladder,excluded_at_or_below_-1,ENSG00000290679.2,ENSG00000290679,,,,,,,,,,,,,,,,,,,,,4,False
bladder,raw,ENSG00000290679.2,ENSG00000290679,0.10526409607895515,67.97724736187892,-0.9951019600717849,0.004022012787634732,27.841661564948723,136.10742104444896,0.0,1.7222407936700175,0.22835914524219889,-1.0,-0.6080134732281426,-0.9844656672884218,0.06902452824071088,4.419135470223271,18.37550411396911,-1.0,-0.6080134732281426,67.55567459980821,0.0,15.426956107872265,77,True
brain_amygdala,excluded_at_or_below_-1,ENSG00000290679.2,ENSG00000290679,,,,,,,,,,,,,,,,,,,,,2,False
brain_amygdala,raw,ENSG00000290679.2,ENSG00000290679,0.05128205128205128,224.35622745959907,-0.997773854670941,0.00020630550666569196,1.8974358974358982,1259.3496780787368,0.0,15.260110925064538,0.0,-1.0,-0.814059894970725,-0.9980061975272433,0.018923465214613674,9.368204274831731,85.8488539445239,-1.0,-0.814059894970725,209.91060122460948,0.0,0.0,181,True
brain_anterior_cingulate_cortex_ba24,excluded_at_or_below_-1,ENSG00000290679.2,ENSG00000290679,0.23684214890408223,4.273516890074247,-0.8737251951207199,0.0009059283301493966,8.868421454761307,144.78971298623293,0.0,3.7125564486935354,0.001016369328624926,-0.8761034144743133,-0.7809746329720141,-0.8393941989532248,0.03148346239251453,0.5363286921887278,-0.8762241378285034,-0.8761034144743133,-0.7809746329720141,4.273434801245938,0.0,0.004343388059864728,11,True
brain_anterior_cingulate_cortex_ba24,raw,ENSG00000290679.2,ENSG00000290679,0.29900564740600316,213.7029137997872,-0.9972886882565687,0.002628353340435217,82.95595248797157,116.39008576551801,0.0,1.4588502163666293,0.3461827153864141,-1.0,-0.7809746329720141,-0.992417751881912,0.034756124324546805,4.529891838424087,19.37241283081789,-1.0,-0.7809746329720141,212.99173976142683,0.0,73.73405882548755,233,True
brain_caudate_basal_ganglia,excluded_at_or_below_-1,ENSG00000290679.2,ENSG00000290679,0.05733141358959271,2.492330991133856,-0.9927264228730917,0.09892339393533366,9.885267488743253,3.4439603534902643,0.0,-1.4871827844943166,1.0,-0.8886988754371087,-0.7518234533284476,-0.8494796511396885,0.039144356795899504,1.4207293134320071,1.5314600297625907,-0.8886988754371087,-0.7518234533284476,0.8181576111973202,0.0,0.818157611197319,11,True
brain_caudate_basal_ganglia,raw,ENSG00000290679.2,ENSG00000290679,0.28205128205157776,333.2192244722232,-0.9973269047735867,0.0011333663888603333,17.89743590861223,306.3389862763132,0.0,3.3354858233530553,0.003944413220833469,-1.0,-0.7518234533284476,-0.9944809205417886,0.02922664661878148,5.497071888617401,30.866886216491608,-1.0,-0.7518234533284476,324.2526000887313,0.0,1.2789862426796588,300,True
brain_cerebellar_hemisphere,excluded_at_or_below_-1,ENSG00000290679.2,ENSG00000290679,0.19712405034439362,0.9950534727523812,-0.771956330519706,0.007684468108954869,6.025806357997525,26.428076868336287,0.0,5.599937523267245,1.5504544476382463e-07,-0.8023849322914756,-0.6283530450760607,-0.727433065942423,0.06274200999458612,0.2621320659998359,-1.5812980855725556,-0.8023849322914756,-0.6283530450760607,0.9949514241100967,0.0,1.5426268606955063e-07,11,True
brain_cerebellar_hemisphere,raw,ENSG00000290679.2,ENSG00000290679,0.28701427351138603,263.57470156222985,-0.9953592319308447,0.003680600811124318,16.929323479707662,141.01641377575055,0.0,1.7831428834637937,0.20530483727108464,-1.0,-0.6283530450760607,-0.9891760423298435,0.05464420108648283,5.081813621691312,25.0020781018568,-1.0,-0.6283530450760607,261.856579408409,0.0,53.76042242380627,277,True
brain_cerebellum,excluded_at_or_below_-1,ENSG00000290679.2,ENSG00000290679,0.20504804319776748,1.4336612120274497,-0.7322635383174181,0.023797020814730275,7.638784145880722,14.496010236912113,0.0,6.64911699625958,2.5106751409206804e-10,-0.8441484613371436,-0.488338669742771,-0.7026819084664498,0.08883075245184119,1.0839044695019826,0.9375579241034071,-0.8441484613371436,-0.488338669742771,1.433547721064637,0.0,3.5991726266004775e-10,15,True
brain_cerebellum,raw,ENSG00000290679.2,ENSG00000290679,0.384615385345972,259.17386220119363,-0.9931644350056923,0.0024000244761839375,19.230769231616694,297.46840124120644,0.0,4.027854222888288,0.0002999771932380856,-1.0,-0.488338669742771,-0.9832339422067546,0.07168249081886455,4.447602420639578,19.933076654242726,-1.0,-0.488338669742771,259.1736777519241,0.0,0.07774619241321429,266,True
brain_cortex,excluded_at_or_below_-1,ENSG00000290679.2,ENSG00000290679,0.0801165208544733,0.5866729649189387,-0.8266571095615601,0.03523063638685724,10.69272292473092,3.982473991314103,0.0,0.8707976627016983,0.6843383639524728,-0.8483502658410748,-0.7274464267898104,-0.8090930759813172,0.031976322655257766,1.26002426631302,1.2689430821547942,-0.8483502658410748,-0.7274464267898104,0.5864575444800827,0.0,0.40133539651708433,13,True
brain_cortex,raw,ENSG00000290679.2,ENSG00000290679,0.3420545872774896,251.27448379704396,-0.9965961009834517,0.0028085563188807,48.61175992871733,135.52696700226497,0.0,1.7139909646068994,0.23158381445345408,-1.0,-0.7274464267898104,-0.9908081851398413,0.041498356912422554,4.428094543386501,18.39112828073394,-1.0,-0.7274464267898104,249.75409422857916,0.0,57.83900581682142,270,True
brain_frontal_cortex_ba9,excluded_at_or_below_-1,ENSG00000290679.2,ENSG00000290679,0.10357234974307303,0.6221370137705721,-0.8394057825964084,0.037505497429587066,10.132137829941076,5.858888366023466,0.0,3.2326017631648565,0.005381094194192107,-0.9251356471267788,-0.6840257689983213,-0.8303720655844571,0.06160695812833042,0.9889351945062042,1.2139093760064865,-0.9251356471267788,-0.6840257689983213,0.6221369699930703,0.0,0.0033477776372219797,11,True
brain_frontal_cortex_ba9,raw,ENSG00000290679.2,ENSG00000290679,0.282051282051282,305.8242526666087,-0.9965765185057699,0.0012719367411921383,13.897435906041474,347.5121793156373,0.0,3.806426690006398,0.0007442379705759952,-1.0,-0.6840257689983213,-0.9930635417153494,0.0356978082844693,5.588954680748398,33.257781955254416,-1.0,-0.6840257689983213,293.45322222020275,0.0,0.2183990305641575,269,True
brain_hippocampus,excluded_at_or_below_-1,ENSG00000290679.2,ENSG00000290679,,,,,,,,,,,,,,,,,,,,,6,False
brain_hippocampus,raw,ENSG00000290679.2,ENSG00000290679,0.15384615384615397,259.45591266549746,-0.9977329755863902,0.000706060013663933,7.0769230769230775,381.838522617131,0.0,4.540770770066683,3.3332595270600314e-05,-1.0,-0.807096342146057,-0.9961347629408336,0.02557050887885912,6.64348141574541,42.91410295624843,-1.0,-0.807096342146057,259.3716575658021,0.0,0.00864553048630562,255,True
brain_hypothalamus,excluded_at_or_below_-1,ENSG00000290679.2,ENSG00000290679,0.21628459092364047,1.8223455409523046,-0.8430708311900315,0.0030044436008874044,6.3226076755171094,45.7005642910851,0.0,8.867275761257458,1.5237888860553876e-17,-0.8619090255243504,-0.7459816986894972,-0.822526637464765,0.031129919638121985,1.1940231191640178,1.0450300074611887,-0.8619090255243504,-0.7459816986894972,1.821484319096158,0.0,2.7755575615628914e-17,12,True
brain_hypothalamus,raw,ENSG00000290679.2,ENSG00000290679,0.30997621657705887,242.5151680848562,-0.9968406791357891,0.0027035939358480516,24.559668533127542,131.22095285324386,0.0,1.652598178599542,0.2565174783155002,-1.0,-0.7459816986894972,-0.9917133060294833,0.03806723669517269,4.524076921131954,19.33284371125386,-1.0,-0.7459816986894972,241.3099875535259,0.0,61.900229499575545,257,True
brain_nucleus_accumbens_basal_ganglia,excluded_at_or_below_-1,ENSG00000290679.2,ENSG00000290679,0.15922095847222892,0.67969446156593,-0.8324819409692976,0.026227162601549708,11.286410846793924,3.1706937551891023,0.006065150306869003,3.8996217447171833,0.0,-0.9048020037267316,-0.7736801426485966,-0.8320589130801128,0.03238947384489583,-0.15897247969780237,0.32425741503266936,-0.9048020037267316,-0.7736801426485966,0.6793487555972222,0.004120352313481568,0.0,16,True
brain_nucleus_accumbens_basal_ganglia,raw,ENSG00000290679.2,ENSG00000290679,0.5708556366508395,250.86365292635318,-0.9972017887436244,0.002838082585596134,363.55250002255667,111.38060076047778,0.0,1.394345721028494,0.3793946423229797,-1.0,-0.7736801426485966,-0.9905717284536205,0.039435684951298386,4.07804466365322,15.229626830137466,-1.0,-0.7736801426485966,250.13178632169124,0.0,94.89865960512603,285,True
brain_putamen_basal_ganglia,excluded_at_or_below_-1,ENSG00000290679.2,ENSG00000290679,,,,,,,,,,,,,,,,,,,,,9,False
brain_putamen_basal_ganglia,raw,ENSG00000290679.2,ENSG00000290679,0.23076923077007716,259.5933000709574,-0.997383269465778,0.0009486340211278827,10.923076931981475,335.61299221804205,0.0,3.9009941960261383,0.0004971299585694791,-1.0,-0.7722589241608719,-0.9947100356998309,0.02893518322600708,5.649587709608283,31.820273300064983,-1.0,-0.7722589241608719,259.01795849452014,0.0,0.1287655869751318,254,True
brain_spinal_cord_cervical_c-1,excluded_at_or_below_-1,ENSG00000290679.2,ENSG00000290679,,,,,,,,,,,,,,,,,,,,,8,False
brain_spinal_cord_cervical_c-1,raw,ENSG00000290679.2,ENSG00000290679,0.20512820513005386,209.26624955797467,-0.9960906321597711,0.0015059843528847788,8.358974360880314,319.2042606495491,0.0,3.6711410775062863,0.0011904384095180818,-1.0,-0.6561726489764408,-0.9914176532116279,0.04423169535913463,5.352733453133745,28.937722340513677,-1.0,-0.6561726489764408,208.17989493719836,0.0,0.247825343022677,204,True
brain_substantia_nigra,excluded_at_or_below_-1,ENSG00000290679.2,ENSG00000290679,,,,,,,,,,,,,,,,,,,,,9,False
brain_substantia_nigra,raw,ENSG00000290679.2,ENSG00000290679,0.23076923076923078,185.6257146805717,-0.9963599494695375,0.0009802904404796482,6.923076923080406,443.9198474028388,0.0,5.251309831588995,1.0277640048565657e-06,-1.0,-0.6886480208567491,-0.9911346274700867,0.040983110155353025,4.9159013775247615,25.08932529798191,-1.0,-0.6886480208567491,185.62525263544114,0.0,0.0001907789530511128,183,True
breast_mammary_tissue,excluded_at_or_below_-1,ENSG00000290679.2,ENSG00000290679,0.1637076859927902,1.3472361631963907,-0.7962601949867064,0.10060818538427735,29.894197191466056,2.706208292828469,0.0,0.9083412106033877,0.65305626452126,-0.8608802519144698,-0.6037385611561814,-0.7665888567341912,0.06139213047460227,0.5829215890419784,-0.16526958978435635,-0.8608802519144698,-0.6037385611561814,1.312624673263485,0.0,0.857217765839891,37,True
breast_mammary_tissue,raw,ENSG00000290679.2,ENSG00000290679,2.2120070403955614,464.16407774897743,-0.9950842965665145,0.0044429917594401725,253.01921409132893,124.56616544881945,0.0,1.5646786761349638,0.29523109960132504,-1.0,-0.6037385611561814,-0.9831980305431227,0.06253835601148959,3.7233851633640316,12.992528373781647,-1.0,-0.6037385611561814,462.25896605718606,0.0,136.47322284963417,514,True
cells_cultured_fibroblasts,excluded_at_or_below_-1,ENSG00000290679.2,ENSG00000290679,,,,,,,,,,,,,,,,,,,,,22,False
cells_cultured_fibroblasts,raw,ENSG00000290679.2,ENSG00000290679,0.5641025641025641,697.883312860064,-0.9955822609757471,0.0014792662773990774,25.589743593674026,370.00348793370466,0.0,4.223463036085983,0.00013535643986533293,-1.0,-0.6085589027059236,-0.991510922549821,0.04679024014640781,5.645171508159027,31.72046492112743,-1.0,-0.6085589027059236,690.0961048789261,0.0,0.09340895192134324,652,True
cells_ebv-transformed_lymphocytes,excluded_at_or_below_-1,ENSG00000290679.2,ENSG00000290679,0.2820512818467721,107642.72327771393,-0.8567537268479162,0.002430478390278449,11.897435903152754,128.91524025547264,0.0,-3.027862093608699,1.0,-0.8515500195839933,-0.6351989956850286,-0.785609404124739,0.06689988542629245,1.0977143611634228,0.02652743083523479,-0.8515500195839933,-0.6351989956850286,1099.486438231872,0.0,1099.4864382316666,14,True
cells_ebv-transformed_lymphocytes,raw,ENSG00000290679.2,ENSG00000290679,0.3589743552573405,338.2961990431452,-0.9960272117042215,0.002091021745456443,18.974359080465742,244.0377092634406,0.0,2.6869022766191346,0.02758608238592758,-1.0,-0.6351989956850286,-0.9908211977301111,0.04547362994608244,5.2496705481694,28.403978070840957,-1.0,-0.6351989956850286,331.8369762845999,0.0,9.154082166483928,327,True
cervix_ectocervix,excluded_at_or_below_-1,ENSG00000290679.2,ENSG00000290679,,,,,,,,,,,,,,,,,,,,,0,False
cervix_ectocervix,raw,ENSG00000290679.2,ENSG00000290679,0.0,24.0,-0.9875,1.0001e-06,0.0,-17675.90193946968,0.0,,,-1.0,-1.0,-1.0,0.0,,,,-1.0,1.9600537358379766e-188,0.0,,24,True
cervix_endocervix,excluded_at_or_below_-1,ENSG00000290679.2,ENSG00000290679,,,,,,,,,,,,,,,,,,,,,0,False
cervix_endocervix,raw,ENSG00000290679.2,ENSG00000290679,0.0,23.0,-0.9875,1.0001e-06,0.0,-17675.90193946968,0.0,,,-1.0,-1.0,-1.0,0.0,,,,-1.0,1.878384830178061e-188,0.0,,23,True
colon_sigmoid,excluded_at_or_below_-1,ENSG00000290679.2,ENSG00000290679,0.33460511288049133,0.9388704486013351,-0.7926057590229003,0.019360625435139528,9.368197350317427,14.679218837767772,0.0,5.716300687317552,8.025643756300517e-08,-0.8708620842529284,-0.591646819609555,-0.7580083412698764,0.07721025403627803,0.6167537048671613,-0.48195179007673783,-0.8708620842529284,-0.591646819609555,0.9388630178998548,0.0,7.53498011762943e-08,18,True
colon_sigmoid,raw,ENSG00000290679.2,ENSG00000290679,0.4615384615096923,426.5860974513672,-0.9954174353470361,0.002079027629560277,19.69230769336853,274.6562252202747,0.0,3.1171904550610634,0.007827365177823056,-1.0,-0.591646819609555,-0.9896041769519278,0.05153483711286473,5.219371156785351,27.661330705875532,-1.0,-0.591646819609555,423.0563472629217,0.0,3.311416520822841,419,True
colon_transverse,excluded_at_or_below_-1,ENSG00000290679.2,ENSG00000290679,0.31382023251071434,1.4246257246257388,-0.8223974427888889,0.020942928061939724,10.519498218573247,12.38528372982195,0.0,9.770147569539981,0.0,-0.9670824487508312,-0.6389851823767353,-0.7960196542988728,0.07608949948561856,-0.025099066693416102,0.09370974596919934,-0.9670824487508312,-0.6389851823767353,1.4246043075269417,0.0,0.0,19,True
colon_transverse,raw,ENSG00000290679.2,ENSG00000290679,0.48717948717948717,520.4716009641012,-0.996009880208762,0.0014805966515265207,19.743589745736166,341.0173657056689,0.0,3.8112213197593157,0.0007181486841899047,-1.0,-0.6389851823767353,-0.9919089215692664,0.0425004716552132,5.554869523329828,31.433289158721777,-1.0,-0.6389851823767353,508.1950246591508,0.0,0.3649595882708251,479,True
esophagus_gastroesophageal_junction,excluded_at_or_below_-1,ENSG00000290679.2,ENSG00000290679,0.2368421445126329,7.53248672805745,-0.7548060565236788,0.001898233199380534,8.868421901131917,77.1012739047866,0.0,76.66560663847422,0.0,-0.8577107405429688,-0.6513165965619121,-0.7702078720218265,0.05489887191366963,0.3405423603256547,0.2634722390212718,-0.8577107405429688,-0.6513165965619121,7.5023915061642095,0.0,0.0,12,True
esophagus_gastroesophageal_junction,raw,ENSG00000290679.2,ENSG00000290679,0.3076923076924216,451.67561418815336,-0.9962336973288733,0.0015550610515111074,12.307692318721237,313.6767147020015,0.0,3.42517505170212,0.0029235815814727577,-1.0,-0.6513165965619121,-0.9931575545018905,0.040147047224529976,5.990151388011338,35.74780076434602,-1.0,-0.6513165965619121,437.90326612311105,0.0,1.2802459233042582,403,True
esophagus_mucosa,excluded_at_or_below_-1,ENSG00000290679.2,ENSG00000290679,0.38923788844788104,1.8042620757930117,-0.8097757860659917,0.025439445813994304,15.566827793437337,14.787333330735411,0.0,4.395535701058165,6.376322394319747e-05,-0.8888444608868646,-0.5437752504966178,-0.7630734845161811,0.07943350538072673,0.9431069671378727,0.5406377465082723,-0.8888444608868646,-0.5437752504966178,1.8042023762668666,0.0,0.00011504176015675327,25,True
esophagus_mucosa,raw,ENSG00000290679.2,ENSG00000290679,0.6410256409020031,700.9845605326772,-0.9952139864246761,0.0021906304599747946,32.97435897979808,291.4370061928985,0.0,3.0897248219597837,0.008535989826278612,-1.0,-0.5437752504966178,-0.9903531549070106,0.049428163493391276,5.5072634886519625,31.766146411029098,-1.0,-0.5437752504966178,694.1930424662827,0.0,5.925624747965521,614,True
esophagus_muscularis,excluded_at_or_below_-1,ENSG00000290679.2,ENSG00000290679,0.13099098073308546,1.2773006514531495,-0.7622450671292336,0.07012952914281553,22.83743390340892,4.814488823524293,0.0,1.724303554567964,0.22613051062374362,-0.8477516692425799,-0.5234990649408939,-0.7462117410042971,0.0714102013813567,1.2312352372600242,2.1551574269870004,-0.8477516692425799,-0.5234990649408939,1.2772886907377021,0.0,0.28883394385044947,24,True
esophagus_muscularis,raw,ENSG00000290679.2,ENSG00000290679,0.6153846153856893,622.3485079918489,-0.9946409406859666,0.0015489624502152321,33.23076923083251,430.1558313360005,0.0,4.892858676086616,6.447890176615449e-06,-1.0,-0.5234990649408939,-0.9891427482782588,0.05340143599630278,5.151947135578734,27.33247823200454,-1.0,-0.5234990649408939,611.0781224951758,0.0,0.003940164623181253,561,True
fallopian_tube,excluded_at_or_below_-1,ENSG00000290679.2,ENSG00000290679,,,,,,,,,,,,,,,,,,,,,0,False
fallopian_tube,raw,ENSG00000290679.2,ENSG00000290679,0.0,29.0,-0.9875,1.0001e-06,0.0,-17675.90193946968,0.0,,,-1.0,-1.0,-1.0,0.0,,,,-1.0,2.368398264137555e-188,0.0,,29,True
heart_atrial_appendage,excluded_at_or_below_-1,ENSG00000290679.2,ENSG00000290679,0.09120092051455518,2.216586605618671,-0.8453750056764091,0.0323702373393704,6.191814950035699,23.014891549469304,0.0,1.3561943728766381,0.3987024700944747,-0.8764172293520676,-0.318582220189285,-0.7807858476442515,0.15455802744218397,2.481280869958879,4.98870413539671,-0.8764172293520676,-0.318582220189285,2.216383222585003,0.0,0.8836774655205926,12,True
heart_atrial_appendage,raw,ENSG00000290679.2,ENSG00000290679,0.30769230769909833,478.0496566058404,-0.9922188205443412,0.002925706862786882,18.30769231207641,325.6190934404013,0.0,3.76122763952155,0.0008506171900706749,-1.0,-0.318582220189285,-0.9942937747759891,0.042334525264847614,10.942817183759654,149.73052134407797,-1.0,-0.318582220189285,476.2039834330589,0.0,0.4050672942882907,461,True
heart_left_ventricle,excluded_at_or_below_-1,ENSG00000290679.2,ENSG00000290679,0.3898811986032024,6.3966288894747345,-0.7577029407354131,0.03003427968478437,11.489685808186792,-2.2986158350820847,1.0,7.194149998449656,0.0,-0.910488290060697,-0.8065196631283753,-0.8575578932819932,0.0324539611169151,0.13441591343103215,-1.188354279756086,-0.910488290060697,-0.8065196631283753,0.4556427301102152,0.4556427301102152,0.0,17,True
heart_left_ventricle,raw,ENSG00000290679.2,ENSG00000290679,1.0232306543478498,428.3562018709211,-0.9976049831045981,0.0021676750149714425,74.82758677644874,124.66603582840898,0.0,1.5625337526136982,0.29613621776448473,-1.0,-0.8065196631283753,-0.9946426641278626,0.0278101376483439,5.2354326060683345,26.622079753282456,-1.0,-0.8065196631283753,426.7229476728164,0.0,126.36811975713918,452,True
kidney_cortex,excluded_at_or_below_-1,ENSG00000290679.2,ENSG00000290679,,,,,,,,,,,,,,,,,,,,,2,False
kidney_cortex,raw,ENSG00000290679.2,ENSG00000290679,0.05128205128205131,126.08311567170242,-0.9979372015489953,0.00047406648662650264,1.897435901508018,538.2882567175326,0.0,6.153646435993565,6.1188741190622635e-09,-1.0,-0.8174945658369053,-0.9971943935208336,0.020769471516453294,7.6305332047937435,58.70532402029707,-1.0,-0.8174945658369053,123.36492500797,0.0,7.548544468313767e-07,104,True
kidney_medulla,excluded_at_or_below_-1,ENSG00000290679.2,ENSG00000290679,,,,,,,,,,,,,,,,,,,,,0,False
kidney_medulla,raw,ENSG00000290679.2,ENSG00000290679,0.0,11.0,-0.9875,1.0001e-06,0.0,-17675.90193946968,0.0,,,-1.0,-1.0,-1.0,0.0,,,,-1.0,8.983579622590726e-189,0.0,,11,True
liver,excluded_at_or_below_-1,ENSG00000290679.2,ENSG00000290679,,,,,,,,,,,,,,,,,,,,,8,False
liver,raw,ENSG00000290679.2,ENSG00000290679,0.205128156172616,299.6546528014269,-0.9969896765042914,0.001560371872934245,10.35897436106128,261.6496880805245,0.0,2.7283498175059995,0.024264670179267873,-1.0,-0.7082986154754481,-0.9942863021654237,0.033207188088749506,6.031877702089372,37.21139093535475,-1.0,-0.7082986154754481,298.69356437981946,0.0,7.247700824346232,262,True
lung,excluded_at_or_below_-1,ENSG00000290679.2,ENSG00000290679,0.3814295257456718,2.1476186350294677,-0.769672782468414,0.06925778279494911,30.049870373331864,6.918370756057939,0.0,1.8818710172388968,0.17021067420820973,-0.861832989121599,-0.4308618476376392,-0.7209892920204208,0.09767144438661565,1.2189856921432538,1.1823149588121824,-0.861832989121599,-0.4308618476376392,2.147616672393007,0.0,0.36554728174880563,39,True
lung,raw,ENSG00000290679.2,ENSG00000290679,1.0000000039654682,601.5277285307617,-0.9921623530785302,0.0028502676907498424,84.00000021397219,278.4997317752111,0.0,3.8887949400003685,0.0005237584159481762,-1.0,-0.4308618476376392,-0.9819844079284709,0.0728762993651807,4.359057089663757,19.835727955115104,-1.0,-0.4308618476376392,597.4016148194055,0.0,0.3128941234626943,604,True
minor_salivary_gland,excluded_at_or_below_-1,ENSG00000290679.2,ENSG00000290679,0.05737276672353444,1.112521280318588,-0.811953653641599,0.039169996717066335,12.35402614191177,9.730303562868038,0.0,0.9722022754675919,0.6234033839881566,-0.838881100069484,-0.5424498327518872,-0.7690597040097935,0.09112513664295609,1.7311484921560543,1.6454589149260297,-0.838881100069484,-0.5424498327518872,1.1124910770819325,0.0,0.693530702109506,11,True
minor_salivary_gland,raw,ENSG00000290679.2,ENSG00000290679,0.2820512820346736,182.69989586370602,-0.9937065095664611,0.0021146738384073775,21.897435897790146,301.7833298317106,0.0,4.208847418512207,0.00014341914372223102,-1.0,-0.5424498327518872,-0.9859649543873357,0.05935073224514062,4.75141847995357,24.70862731235761,-1.0,-0.5424498327518872,181.34217880790348,0.0,0.026007940005353447,181,True
muscle_skeletal,excluded_at_or_below_-1,ENSG00000290679.2,ENSG00000290679,0.27375443824396234,7.349486976152952,-0.8128718810849315,0.07139330975195902,81.10984475337273,8.853626030595189,0.0,2.113372819065796,0.1071911615835739,-0.9195606332701054,-0.3659169921998162,-0.7857721733195633,0.08456642289587084,2.189905266977391,7.226321598998785,-0.9195606332701054,-0.3659169921998162,7.34926021472766,0.0,0.7877757391966036,77,True
muscle_skeletal,raw,ENSG00000290679.2,ENSG00000290679,1.9743589834683601,888.7084177665482,-0.9931998215263482,0.0026215643753737497,408.974358974359,338.3902730028805,0.0,3.6683839292044995,0.0012318757133580212,-1.0,-0.3659169921998162,-0.9798342999335041,0.0677011266053552,3.840704650198833,17.358705921324944,-1.0,-0.3659169921998162,863.0444254213716,0.0,1.0631634672256147,818,True
nerve_tibial,excluded_at_or_below_-1,ENSG00000290679.2,ENSG00000290679,0.40047850024471243,0.7994870924994196,-0.7469595933746875,0.029801768026175582,22.67637588875402,6.933813011592483,0.0,3.100875975280363,0.008166502946682518,-0.812304452844269,-0.600843128078167,-0.7213555625165525,0.05410238291996618,0.4452775992300182,-0.5670017776127034,-0.812304452844269,-0.600843128078167,0.7994859621562822,0.0,0.006529004465780586,24,True
nerve_tibial,raw,ENSG00000290679.2,ENSG00000290679,0.6153846153666254,669.4058483780839,-0.9953878611160547,0.0019738018877010063,27.2307692317083,282.688204881064,0.0,3.3045613148241415,0.0042562950992418086,-1.0,-0.600843128078167,-0.9900187067170109,0.052784899785986536,5.295255841311214,27.15279983243343,-1.0,-0.600843128078167,668.9330469938413,0.0,2.8471764496407688,670,True
ovary,excluded_at_or_below_-1,ENSG00000290679.2,ENSG00000290679,,,,,,,,,,,,,,,,,,,,,8,False
ovary,raw,ENSG00000290679.2,ENSG00000290679,0.20512820535921653,219.51207808420477,-0.9930772053991622,0.003158538755164905,8.358974360552303,291.81415756532533,0.0,3.0996327013618976,0.008285353754761636,-1.0,-0.3413324120390804,-0.9854948124472518,0.07493839086971545,5.8061767728911065,36.892939425456305,-1.0,-0.3413324120390804,217.19851381413247,0.0,1.7995665219585697,193,True
pancreas,excluded_at_or_below_-1,ENSG00000290679.2,ENSG00000290679,,,,,,,,,,,,,,,,,,,,,9,False
pancreas,raw,ENSG00000290679.2,ENSG00000290679,0.23076922378664866,360.3303034125278,-0.9971435955016174,0.001137543981568784,10.923077046223842,264.0635010443645,0.0,3.5511294918598235,0.00182715472678804,-1.0,-0.7847401407780284,-0.9954629094539821,0.028705711315062873,6.258503986555593,37.73731169209656,-1.0,-0.7847401407780284,360.23482212166687,0.0,0.6582047579932524,362,True
pituitary,excluded_at_or_below_-1,ENSG00000290679.2,ENSG00000290679,0.3183131693367991,1.681247590953273,-0.7613956455360114,0.015016176568644226,11.506122857595773,17.817440402514087,0.0,9.078648061650306,0.0,-0.8577930963351397,-0.5722093456701765,-0.7491079263250832,0.0678314103207921,1.0080791713990385,0.9467977597529571,-0.8577930963351397,-0.5722093456701765,1.681186646403736,0.0,0.0,19,True
pituitary,raw,ENSG00000290679.2,ENSG00000290679,0.4871794871761224,296.6510935728856,-0.9948638257409493,0.0020480293288082083,23.743589743729633,291.85309482929335,0.0,3.5466519906177747,0.0018642459855710365,-1.0,-0.5722093456701765,-0.9847701297130244,0.06217761992951993,4.162644272830979,16.971702056260472,-1.0,-0.5722093456701765,295.3275598622338,0.0,0.5505632179016553,313,True
prostate,excluded_at_or_below_-1,ENSG00000290679.2,ENSG00000290679,0.07633247986559426,0.31332256542994813,-0.6321821789018954,0.24036406341678737,10.163892803359783,0.15909870242559906,0.9830107777675745,1.6419910774666093,0.0,-0.91126000559994,-0.605141276723596,-0.7354483343193682,0.08877235001272064,-0.3686652714102265,-0.5531698689289115,-0.91126000559994,-0.605141276723596,0.23193959810976283,0.22799912473297662,0.0,12,True
prostate,raw,ENSG00000290679.2,ENSG00000290679,0.315134867203088,268.9545523472482,-0.995064065783562,0.003027151124902593,14.847337379600882,182.1627245599413,0.0,2.3059519739348593,0.07083347724861365,-1.0,-0.605141276723596,-0.9887424823114624,0.05630365362051028,5.148773650147235,25.98066538241713,-1.0,-0.605141276723596,265.93680608330266,0.0,18.837228703270586,282,True
skin_not_sun_exposed_suprapubic,excluded_at_or_below_-1,ENSG00000290679.2,ENSG00000290679,0.2105263021490754,17.925120863488836,-0.7680866663329804,0.0032541185240596887,6.315790350413604,123.45256333912005,0.0,30.86314083484092,0.0,-0.8391030396541268,-0.4840211730489476,-0.732548867019652,0.09810586564525525,1.597664574196114,1.5445498891155367,-0.8391030396541268,-0.4840211730489476,17.901343128261164,0.0,0.0,14,True
skin_not_sun_exposed_suprapubic,raw,ENSG00000290679.2,ENSG00000290679,0.358974358974359,719.9941211597156,-0.994189762678227,0.0018231448029086702,20.974358974380937,395.7378138036047,0.0,4.507001532708006,3.93888611198766e-05,-1.0,-0.4840211730489476,-0.9942483627316054,0.04123119551172071,8.081814972451184,72.67881300633648,-1.0,-0.4840211730489476,709.626754080498,0.0,0.02795138966342553,651,True
skin_sun_exposed_lower_leg,excluded_at_or_below_-1,ENSG00000290679.2,ENSG00000290679,0.35580507904837333,2.497084779221887,-0.7559816109933458,0.025737480899613332,19.874298485120583,9.661740268451418,0.0,6.2168593507005285,4.049832988381088e-09,-0.8691231499033119,-0.5801461769171663,-0.7540957135768829,0.060868463656012645,0.8121427374303658,1.496846476533027,-0.8691231499033119,-0.5801461769171663,2.4968852659478378,0.0,1.011196831823824e-08,30,True
skin_sun_exposed_lower_leg,raw,ENSG00000290679.2,ENSG00000290679,0.7723345716076476,802.7626935851814,-0.9947581614256693,1.960999861637392e-05,52.92345263305551,29900.557520935225,,378.0254832552264,,-1.0,-0.5801461769171663,-0.990216009824014,0.04955759007759938,5.1926626796591,26.952957573794123,-1.0,-0.5801461769171663,0.0,0.0,0.0,754,True
small_intestine_terminal_ileum,excluded_at_or_below_-1,ENSG00000290679.2,ENSG00000290679,0.1586489814435969,2.255603735731308,-0.8137671589993667,0.016923479142999926,12.355547139836876,25.67030827871968,0.0,3.876817027253077,0.0005450384882146941,-0.8601598919270936,-0.5065781047377869,-0.7712893392159442,0.08890778471424313,2.032754290239405,3.723058088768285,-0.8601598919270936,-0.5065781047377869,2.25515043610209,0.0,0.0012291437843897912,14,True
small_intestine_terminal_ileum,raw,ENSG00000290679.2,ENSG00000290679,0.3589743573052536,210.01258951022393,-0.9931038202393968,0.00247896471457348,18.974359020214663,277.55589309549083,0.0,3.934170941874902,0.00044227013300537633,-1.0,-0.5065781047377869,-0.984531646130547,0.061752354197413456,4.518744547383399,22.940384403433423,-1.0,-0.5065781047377869,206.83196099246956,0.0,0.09147559889790224,207,True
spleen,excluded_at_or_below_-1,ENSG00000290679.2,ENSG00000290679,0.26315793321450903,9.871616669398916,-0.744947168172543,0.0025095101762266057,9.368422596214073,104.42358584005923,0.0,50.77903712953309,0.0,-0.8350541462174426,-0.5596483856718509,-0.7418531578731324,0.06563186795782881,1.400687590332499,2.4711231330820542,-0.8350541462174426,-0.5596483856718509,9.871486944830744,0.0,0.0,14,True
spleen,raw,ENSG00000290679.2,ENSG00000290679,0.358974358974359,278.13996329299675,-0.9942219633246575,0.0011427920854684822,22.974358974358974,537.7879801413328,0.0,7.150362637320079,7.967100320083667e-12,-1.0,-0.5596483856718509,-0.9869528671849238,0.058415120843177924,4.583157074996677,20.98548834742832,-1.0,-0.5596483856718509,275.884432379375,0.0,2.197998949515778e-09,277,True
stomach,excluded_at_or_below_-1,ENSG00000290679.2,ENSG00000290679,,,,,,,,,,,,,,,,,,,,,9,False
stomach,raw,ENSG00000290679.2,ENSG00000290679,0.23076923076924108,433.4923051220902,-0.9968972402348287,0.0011639447162982448,6.923076934016797,331.00151064963273,0.0,3.7699083807399885,0.0008284260226510385,-1.0,-0.7244720071173594,-0.9949334984954156,0.03407136530661363,6.679435247977256,43.26642873656739,-1.0,-0.7244720071173594,429.1268065789222,0.0,0.35549981358711086,407,True
testis,excluded_at_or_below_-1,ENSG00000290679.2,ENSG00000290679,0.4211985746573569,1.8786313684854545,-0.7741954132052551,0.030143056755679763,12.694894930334659,10.175047459429852,0.0,6.7152195760051665,1.6140925463287365e-10,-0.9173260196369404,-0.5573207902899826,-0.7486365389366559,0.07421134574740218,0.31716101212371867,0.4904852921839695,-0.9173260196369404,-0.5573207902899826,1.8786145720692948,0.0,3.032257778201597e-10,28,True
testis,raw,ENSG00000290679.2,ENSG00000290679,1.2815063786592225,384.4341429424359,-0.9944665387697418,0.002315075489820989,46.3645835981557,267.0398649858352,0.0,3.380233583355973,0.0033837350682145097,-1.0,-0.5573207902899826,-0.9829995726817061,0.06598455751957243,3.9365885175523494,14.859319778112631,-1.0,-0.5573207902899826,375.2370971914373,0.0,1.2697029246616802,414,True
thyroid,excluded_at_or_below_-1,ENSG00000290679.2,ENSG00000290679,0.09149156429935064,2.7761582189357257,-0.7063211178327544,0.08322958078221428,33.81807278152056,7.5753679981868824,0.0,2.051007113107884,0.12205337867125957,-0.8270274006369308,-0.2604940380088939,-0.6902239060662967,0.10173414949570724,2.4166187644621098,8.181956569412776,-0.8270274006369308,-0.2604940380088939,2.7761074457775443,0.0,0.3388332933115898,32,True
thyroid,raw,ENSG00000290679.2,ENSG00000290679,0.8205128205128205,953.2129838538643,-0.9926884186463623,0.0031301781730740936,91.74358974358974,330.8052021760633,0.0,3.3033702687134934,0.004274062861515317,-1.0,-0.2604940380088939,-0.9855075511609962,0.06895945937149232,5.289078506914511,31.937676354909826,-1.0,-0.2604940380088939,952.3200970358492,0.0,4.070275959015578,684,True
uterus,excluded_at_or_below_-1,ENSG00000290679.2,ENSG00000290679,,,,,,,,,,-0.7796353713215487,-0.6328638108020777,,,,,,,,,,5,False
uterus,raw,ENSG00000290679.2,ENSG00000290679,0.12446614302128858,146.6793933798221,-0.9954161816181554,0.003678093048714194,5.945325779208474,139.40008398043602,0.0,1.7624616988213822,0.2129342377988154,-1.0,-0.6328638108020777,-0.9904008955384339,0.05314618506585738,5.4880090826586105,28.931465847793557,-1.0,-0.6328638108020777,145.74893108205174,0.0,31.03493754994875,153,True
vagina,excluded_at_or_below_-1,ENSG00000290679.2,ENSG00000290679,,,,,,,,,,-0.7752089292388266,-0.537664930211986,,,,,,,,,,5,False
vagina,raw,ENSG00000290679.2,ENSG00000290679,0.12820598847012288,183.11033654466755,-0.9940819628069062,0.00042865858791891266,4.358974359003222,1505.793131843004,0.0,19.524555664997212,0.0,-1.0,-0.537664930211986,-0.9905467621795203,0.05607734561827674,6.11537737203741,37.785515409608735,-1.0,-0.537664930211986,127.92103613630557,0.0,0.0,170,True
whole_blood,excluded_at_or_below_-1,ENSG00000290679.2,ENSG00000290679,0.4026920080555333,6.133259668675411,-0.7250792857330239,0.07367674438467296,34.22282657925522,11.244380987093919,0.0,3.792922882913439,0.0007517328569516861,-0.9226804240266376,-0.1392771086135859,-0.6823370530838445,0.15573340910211,2.077301655401381,4.556008230878126,-0.9226804240266376,-0.1392771086135859,6.13324459730883,0.0,0.0046105614835184605,57,True
whole_blood,raw,ENSG00000290679.2,ENSG00000290679,1.461538462116562,814.5165022008997,-0.987931484402008,0.00436905586355143,185.69230890955956,274.69974417577777,0.0,3.9064408809179803,0.0004940188528211386,-1.0,-0.1392771086135859,-0.9774510735065742,0.09141263970596376,5.054232587788355,30.985510792279165,-1.0,-0.1392771086135859,800.6239716461207,0.0,0.39552333601372025,803,True
adipose_subcutaneous,excluded_at_or_below_-1,ENSG00000290683.2,ENSG00000290683,0.7311537658870264,63.155341200559924,2.3630478273201825,0.5100191753741937,417.71644460537743,4.478838233629808,3.252222626970658e-05,4.768645823468965,0.0,0.6432928516600054,3.978287168341045,2.364870880590645,0.39489311957524664,-0.09738403815798843,0.8392379480738654,0.6432928516600054,3.978287168341045,63.15451488723193,0.0020539254231161097,0.0,714,True
adipose_subcutaneous,raw,ENSG00000290683.2,ENSG00000290683,0.7311537658870264,63.155341200559924,2.3630478273201825,0.5100191753741937,417.71644460537743,4.478838233629808,3.252222626970658e-05,4.768645823468965,0.0,0.6432928516600054,3.978287168341045,2.364870880590645,0.39489311957524664,-0.09738403815798843,0.8392379480738654,0.6432928516600054,3.978287168341045,63.15451488723193,0.0020539254231161097,0.0,714,True
adipose_visceral_omentum,excluded_at_or_below_-1,ENSG00000290683.2,ENSG00000290683,0.49070835332393237,40.02478366242069,2.536646140070664,0.6745966101451829,457.08094285778554,2.7572120962388107,0.02224971295676725,4.29545915914505,0.0,0.4876612732349277,3.8518689487480513,2.523034662137175,0.5010724803752283,-0.23474640318233655,0.4225894859246142,0.4876612732349277,3.8518689487480513,40.02075489240248,0.8904503086690938,0.0,587,True
adipose_visceral_omentum,raw,ENSG00000290683.2,ENSG00000290683,0.49070835332393237,40.02478366242069,2.536646140070664,0.6745966101451829,457.08094285778554,2.7572120962388107,0.02224971295676725,4.29545915914505,0.0,0.4876612732349277,3.8518689487480513,2.523034662137175,0.5010724803752283,-0.23474640318233655,0.4225894859246142,0.4876612732349277,3.8518689487480513,40.02075489240248,0.8904503086690938,0.0,587,True
adrenal_gland,excluded_at_or_below_-1,ENSG00000290683.2,ENSG00000290683,1.1568760660271957,24.707511576906363,1.5427152854664763,0.38334235449269005,138.4424700766843,4.06688805073922,0.0002561164307410243,5.892890337633871,0.0,-0.0546350135966486,2.6451021401169794,1.508147312230434,0.3942137874246712,-0.7048454941146937,2.198936185452382,-0.0546350135966486,2.6451021401169794,24.70693779219767,0.006327852721878191,0.0,295,True
adrenal_gland,raw,ENSG00000290683.2,ENSG00000290683,1.1568760660271957,24.707511576906363,1.5427152854664763,0.38334235449269005,138.4424700766843,4.06688805073922,0.0002561164307410243,5.892890337633871,0.0,-0.0546350135966486,2.6451021401169794,1.508147312230434,0.3942137874246712,-0.7048454941146937,2.198936185452382,-0.0546350135966486,2.6451021401169794,24.70693779219767,0.006327852721878191,0.0,295,True
artery_aorta,excluded_at_or_below_-1,ENSG00000290683.2,ENSG00000290683,0.961068697274885,44.63211524562439,2.188779337198673,0.45016532480343474,502.7654002129562,4.868964522498255,6.764733019786533e-06,5.452722895286515,0.0,0.4530961005729137,3.7386435543462246,2.1605182103989744,0.3906183754227549,-0.25218386733491926,1.549045611758216,0.4530961005729137,3.7386435543462246,44.63082457742314,0.00030191561271919465,0.0,472,True
artery_aorta,raw,ENSG00000290683.2,ENSG00000290683,0.961068697274885,44.63211524562439,2.188779337198673,0.45016532480343474,502.7654002129562,4.868964522498255,6.764733019786533e-06,5.452722895286515,0.0,0.4530961005729137,3.7386435543462246,2.1605182103989744,0.3906183754227549,-0.25218386733491926,1.549045611758216,0.4530961005729137,3.7386435543462246,44.63082457742314,0.00030191561271919465,0.0,472,True
artery_coronary,excluded_at_or_below_-1,ENSG00000290683.2,ENSG00000290683,0.9301704803541829,18.516631959843288,2.3077173513254063,0.5673743999373138,273.32060531820434,4.608867687259809,0.0,3.4330797543355294,0.002734322661517163,0.9303853716458156,4.1567687308508114,2.344502443602583,0.4992070527369092,0.3341426246642004,0.7547776254616205,0.9303853716458156,4.1567687308508114,18.51604077415507,0.0,0.050628829890348004,268,True
artery_coronary,raw,ENSG00000290683.2,ENSG00000290683,0.9301704803541829,18.516631959843288,2.3077173513254063,0.5673743999373138,273.32060531820434,4.608867687259809,0.0,3.4330797543355294,0.002734322661517163,0.9303853716458156,4.1567687308508114,2.344502443602583,0.4992070527369092,0.3341426246642004,0.7547776254616205,0.9303853716458156,4.1567687308508114,18.51604077415507,0.0,0.050628829890348004,268,True
artery_tibial,excluded_at_or_below_-1,ENSG00000290683.2,ENSG00000290683,1.5302599699397665,49.44822480917594,1.8429699580651713,0.5986296538298064,1309.311004590066,3.873880167330208,0.00021284984459642555,3.99782768624149,0.0,0.1507091372383204,3.4827644030114118,1.8056496688420218,0.4939236169951463,-0.20568898520665646,0.6943458224549226,0.1507091372383204,3.4827644030114118,49.431293003509005,0.010521443033997269,0.0,691,True
artery_tibial,raw,ENSG00000290683.2,ENSG00000290683,1.5302599699397665,49.44822480917594,1.8429699580651713,0.5986296538298064,1309.311004590066,3.873880167330208,0.00021284984459642555,3.99782768624149,0.0,0.1507091372383204,3.4827644030114118,1.8056496688420218,0.4939236169951463,-0.20568898520665646,0.6943458224549226,0.1507091372383204,3.4827644030114118,49.431293003509005,0.010521443033997269,0.0,691,True
bladder,excluded_at_or_below_-1,ENSG00000290683.2,ENSG00000290683,0.8649325439598816,1.4868784387032956,2.634737526028488,1.4188562086608627,68.50832899230292,0.7159952638762502,0.7246079852437721,1.8550563591979312,0.0,0.7735913012340354,3.353083292574446,2.2006417810978833,0.7146589724615922,-0.2530963383321974,-0.8876454337116639,0.7735913012340354,3.353083292574446,1.2207925960489612,0.8845960634235519,0.0,77,True
bladder,raw,ENSG00000290683.2,ENSG00000290683,0.8649325439598816,1.4868784387032956,2.634737526028488,1.4188562086608627,68.50832899230292,0.7159952638762502,0.7246079852437721,1.8550563591979312,0.0,0.7735913012340354,3.353083292574446,2.2006417810978833,0.7146589724615922,-0.2530963383321974,-0.8876454337116639,0.7735913012340354,3.353083292574446,1.2207925960489612,0.8845960634235519,0.0,77,True
brain_amygdala,excluded_at_or_below_-1,ENSG00000290683.2,ENSG00000290683,1.083534106080348,9.489369742393148,-0.1515690307404764,0.47002699190643493,141.72435095669755,4.566488992358136,0.0,2.2643714360622638,0.07699368592975166,-0.9041538757516108,1.366145932373199,-0.06788055867312377,0.43387616978111604,0.6066661268522485,0.25404208701653586,-0.9041538757516108,1.366145932373199,9.488970837659783,0.0,0.7305908404713499,181,True
brain_amygdala,raw,ENSG00000290683.2,ENSG00000290683,1.083534106080348,9.489369742393148,-0.1515690307404764,0.47002699190643493,141.72435095669755,4.566488992358136,0.0,2.2643714360622638,0.07699368592975166,-0.9041538757516108,1.366145932373199,-0.06788055867312377,0.43387616978111604,0.6066661268522485,0.25404208701653586,-0.9041538757516108,1.366145932373199,9.488970837659783,0.0,0.7305908404713499,181,True
brain_anterior_cingulate_cortex_ba24,excluded_at_or_below_-1,ENSG00000290683.2,ENSG00000290683,0.7061799921374001,11.573471414226233,-0.13071200760280813,0.49853449502152397,107.7940647592921,3.510664943714797,0.0,2.0382824735163125,0.12342112217621284,-0.84924147916334,1.1068574949606895,-0.06481696879896758,0.37938163425211574,0.5778234619666437,0.21469814272267262,-0.84924147916334,1.1068574949606895,11.549083098398,0.0,1.425400796110614,233,True
brain_anterior_cingulate_cortex_ba24,raw,ENSG00000290683.2,ENSG00000290683,0.7061799921374001,11.573471414226233,-0.13071200760280813,0.49853449502152397,107.7940647592921,3.510664943714797,0.0,2.0382824735163125,0.12342112217621284,-0.84924147916334,1.1068574949606895,-0.06481696879896758,0.37938163425211574,0.5778234619666437,0.21469814272267262,-0.84924147916334,1.1068574949606895,11.549083098398,0.0,1.425400796110614,233,True
brain_caudate_basal_ganglia,excluded_at_or_below_-1,ENSG00000290683.2,ENSG00000290683,-0.16944788059745547,15.641019434828705,0.008535486847075436,0.739061093343512,275.38367881672247,3.167977521135647,0.0,1.7242013272613632,0.22102274481292652,-0.8925236968393111,1.6641050505623012,0.04711534539771692,0.47185661137412394,0.35699034955564607,-0.02658780513348047,-0.8925236968393111,1.6641050505623012,15.537508797896539,0.0,3.4341428420660876,300,True
brain_caudate_basal_ganglia,raw,ENSG00000290683.2,ENSG00000290683,-0.16944788059745547,15.641019434828705,0.008535486847075436,0.739061093343512,275.38367881672247,3.167977521135647,0.0,1.7242013272613632,0.22102274481292652,-0.8925236968393111,1.6641050505623012,0.04711534539771692,0.47185661137412394,0.35699034955564607,-0.02658780513348047,-0.8925236968393111,1.6641050505623012,15.537508797896539,0.0,3.4341428420660876,300,True
brain_cerebellar_hemisphere,excluded_at_or_below_-1,ENSG00000290683.2,ENSG00000290683,-0.07513853956500335,17.957520009429018,0.06654132421894546,0.6931731504844839,350.4526001922078,4.377842602874382,0.0,1.8434253364636761,0.18279251583185283,-0.8370088765125732,2.212329647919836,0.10477353852602629,0.4672868418207137,0.6097114359414189,1.3133631779411985,-0.8370088765125732,2.212329647919836,17.956050227452106,0.0,3.2822315954790837,277,True
brain_cerebellar_hemisphere,raw,ENSG00000290683.2,ENSG00000290683,-0.07513853956500335,17.957520009429018,0.06654132421894546,0.6931731504844839,350.4526001922078,4.377842602874382,0.0,1.8434253364636761,0.18279251583185283,-0.8370088765125732,2.212329647919836,0.10477353852602629,0.4672868418207137,0.6097114359414189,1.3133631779411985,-0.8370088765125732,2.212329647919836,17.956050227452106,0.0,3.2822315954790837,277,True
brain_cerebellum,excluded_at_or_below_-1,ENSG00000290683.2,ENSG00000290683,-0.7054298744918969,15.569527862143653,0.44544669847138313,0.5416813844439772,267.31353342466,2.754400641827772,0.0,2.503516967281042,0.02151686147044139,-0.513466843936023,1.5004553567641312,0.46380338648724484,0.34468196940358853,0.12796006391089534,-0.07496059684765699,-0.513466843936023,1.5004553567641312,15.218879331376476,0.0,0.3274625183085913,266,True
brain_cerebellum,raw,ENSG00000290683.2,ENSG00000290683,-0.7054298744918969,15.569527862143653,0.44544669847138313,0.5416813844439772,267.31353342466,2.754400641827772,0.0,2.503516967281042,0.02151686147044139,-0.513466843936023,1.5004553567641312,0.46380338648724484,0.34468196940358853,0.12796006391089534,-0.07496059684765699,-0.513466843936023,1.5004553567641312,15.218879331376476,0.0,0.3274625183085913,266,True
brain_cortex,excluded_at_or_below_-1,ENSG00000290683.2,ENSG00000290683,0.29218404524689784,24.619157398744893,0.3866436667431708,0.4374982403956822,187.43337529738892,7.262480245871975,0.0,2.1413847110845947,0.10098891714797147,-0.2758107659081884,2.6333498312249644,0.40581516864941586,0.3577249518053399,1.3254896212474125,5.858811319206017,-0.2758107659081884,2.6333498312249644,24.618671394335333,0.0,2.486212965735666,270,True
brain_cortex,raw,ENSG00000290683.2,ENSG00000290683,0.29218404524689784,24.619157398744893,0.3866436667431708,0.4374982403956822,187.43337529738892,7.262480245871975,0.0,2.1413847110845947,0.10098891714797147,-0.2758107659081884,2.6333498312249644,0.40581516864941586,0.3577249518053399,1.3254896212474125,5.858811319206017,-0.2758107659081884,2.6333498312249644,24.618671394335333,0.0,2.486212965735666,270,True
brain_frontal_cortex_ba9,excluded_at_or_below_-1,ENSG00000290683.2,ENSG00000290683,0.954843547781479,14.840274791902855,0.07517486205024107,0.5216534555818069,110.43688037378844,3.9215100226541777,0.0,2.483373492637373,0.04535853223339727,-0.8408539460462694,1.521681463912794,0.10458604041233138,0.4344023765342571,0.4466277085254928,0.533658993933487,-0.8408539460462694,1.521681463912794,14.833427745795639,0.0,0.6728225105394409,269,True
brain_frontal_cortex_ba9,raw,ENSG00000290683.2,ENSG00000290683,0.954843547781479,14.840274791902855,0.07517486205024107,0.5216534555818069,110.43688037378844,3.9215100226541777,0.0,2.483373492637373,0.04535853223339727,-0.8408539460462694,1.521681463912794,0.10458604041233138,0.4344023765342571,0.4466277085254928,0.533658993933487,-0.8408539460462694,1.521681463912794,14.833427745795639,0.0,0.6728225105394409,269,True
brain_hippocampus,excluded_at_or_below_-1,ENSG00000290683.2,ENSG00000290683,0.7339330607611518,12.717801052060677,-0.003487194071929941,0.6260101253693081,203.58813447926428,3.496121859037247,0.0,2.0363470484290493,0.123821563343485,-0.904888442793784,1.5440921401339538,0.07538622598317003,0.4678792324254312,0.46932647621277634,-0.07980017681188745,-0.904888442793784,1.5440921401339538,12.689478531179157,0.0,1.5712310697441927,255,True
brain_hippocampus,raw,ENSG00000290683.2,ENSG00000290683,0.7339330607611518,12.717801052060677,-0.003487194071929941,0.6260101253693081,203.58813447926428,3.496121859037247,0.0,2.0363470484290493,0.123821563343485,-0.904888442793784,1.5440921401339538,0.07538622598317003,0.4678792324254312,0.46932647621277634,-0.07980017681188745,-0.904888442793784,1.5440921401339538,12.689478531179157,0.0,1.5712310697441927,255,True
brain_hypothalamus,excluded_at_or_below_-1,ENSG00000290683.2,ENSG00000290683,0.9024590547852342,12.38401635794847,0.0694328381191166,0.6194328148951546,192.66301153930272,3.491292146388922,0.0,2.001369096172463,0.13301031382399456,-0.8071771208505889,1.5986367571015436,0.144004043267026,0.47119576619775105,0.45719400227087215,-0.037811777084738374,-0.8071771208505889,1.5986367571015436,12.356054352785838,0.0,1.6434826670903784,257,True
brain_hypothalamus,raw,ENSG00000290683.2,ENSG00000290683,0.9024590547852342,12.38401635794847,0.0694328381191166,0.6194328148951546,192.66301153930272,3.491292146388922,0.0,2.001369096172463,0.13301031382399456,-0.8071771208505889,1.5986367571015436,0.144004043267026,0.47119576619775105,0.45719400227087215,-0.037811777084738374,-0.8071771208505889,1.5986367571015436,12.356054352785838,0.0,1.6434826670903784,257,True
brain_nucleus_accumbens_basal_ganglia,excluded_at_or_below_-1,ENSG00000290683.2,ENSG00000290683,-0.81291147756498,13.242214310002092,-0.09309351134627909,0.723695401645176,212.35714090164527,2.2423549117924018,0.0,1.7019068636355619,0.1676120341077704,-0.9640101847620336,1.0543866017687131,-0.06856146958052199,0.4260266588526436,0.14907376407240705,-0.5654945542083012,-0.9640101847620336,1.0543866017687131,12.170361014658528,0.0,2.0398989654928243,285,True
brain_nucleus_accumbens_basal_ganglia,raw,ENSG00000290683.2,ENSG00000290683,-0.81291147756498,13.242214310002092,-0.09309351134627909,0.723695401645176,212.35714090164527,2.2423549117924018,0.0,1.7019068636355619,0.1676120341077704,-0.9640101847620336,1.0543866017687131,-0.06856146958052199,0.4260266588526436,0.14907376407240705,-0.5654945542083012,-0.9640101847620336,1.0543866017687131,12.170361014658528,0.0,2.0398989654928243,285,True
brain_putamen_basal_ganglia,excluded_at_or_below_-1,ENSG00000290683.2,ENSG00000290683,0.22752447673055332,17.09940417020415,-0.15692214018479378,0.5606051544688205,192.77660867674336,4.901809118092881,0.0,1.8980403815919504,0.16508302549938333,-0.9093199743032154,1.7861927690046897,-0.12386415026482965,0.40362505338537,0.6485868652015656,1.5175904745815876,-0.9093199743032154,1.7861927690046897,17.09925704205535,0.0,2.822797086294133,254,True
brain_putamen_basal_ganglia,raw,ENSG00000290683.2,ENSG00000290683,0.22752447673055332,17.09940417020415,-0.15692214018479378,0.5606051544688205,192.77660867674336,4.901809118092881,0.0,1.8980403815919504,0.16508302549938333,-0.9093199743032154,1.7861927690046897,-0.12386415026482965,0.40362505338537,0.6485868652015656,1.5175904745815876,-0.9093199743032154,1.7861927690046897,17.09925704205535,0.0,2.822797086294133,254,True
brain_spinal_cord_cervical_c-1,excluded_at_or_below_-1,ENSG00000290683.2,ENSG00000290683,0.16899963386954261,9.423215656523785,0.7782349331629478,1.0118388732154526,131.14690324547917,2.7672371420938746,0.0,1.8588273272037326,0.15943720510919548,-0.5517153645161506,2.758132585309438,0.8151290209306532,0.6673883594105966,0.1383237074716698,-0.43487094100803647,-0.5517153645161506,2.758132585309438,9.21836839365018,0.0,1.4697508923505285,204,True
brain_spinal_cord_cervical_c-1,raw,ENSG00000290683.2,ENSG00000290683,0.16899963386954261,9.423215656523785,0.7782349331629478,1.0118388732154526,131.14690324547917,2.7672371420938746,0.0,1.8588273272037326,0.15943720510919548,-0.5517153645161506,2.758132585309438,0.8151290209306532,0.6673883594105966,0.1383237074716698,-0.43487094100803647,-0.5517153645161506,2.758132585309438,9.21836839365018,0.0,1.4697508923505285,204,True
brain_substantia_nigra,excluded_at_or_below_-1,ENSG00000290683.2,ENSG00000290683,0.11758344802187913,10.182498743203038,0.34111727942582204,0.7712172091956002,182.018137760878,3.5400140309442296,0.0,2.0772765680631413,0.11392686358599717,-0.7916900137391585,2.2716034620620915,0.34326489499044294,0.5392242234817413,0.28729632347654427,0.21502973851644747,-0.7916900137391585,2.2716034620620915,10.163043698270837,0.0,1.1578436930314298,183,True
brain_substantia_nigra,raw,ENSG00000290683.2,ENSG00000290683,0.11758344802187913,10.182498743203038,0.34111727942582204,0.7712172091956002,182.018137760878,3.5400140309442296,0.0,2.0772765680631413,0.11392686358599717,-0.7916900137391585,2.2716034620620915,0.34326489499044294,0.5392242234817413,0.28729632347654427,0.21502973851644747,-0.7916900137391585,2.2716034620620915,10.163043698270837,0.0,1.1578436930314298,183,True
breast_mammary_tissue,excluded_at_or_below_-1,ENSG00000290683.2,ENSG00000290683,0.9739405233954503,28.69909145445958,2.5026144972113746,0.6049524004998894,257.56557750077997,2.817215989558119,0.013407531783225636,3.2218097240619943,0.0,1.1244340169912324,3.707723556376397,2.486370434212178,0.4546080028647975,-0.18490133331148872,-0.06978345719332735,1.1244340169912324,3.707723556376397,28.538909141913138,0.38263633137878905,0.0,514,True
breast_mammary_tissue,raw,ENSG00000290683.2,ENSG00000290683,0.9739405233954503,28.69909145445958,2.5026144972113746,0.6049524004998894,257.56557750077997,2.817215989558119,0.013407531783225636,3.2218097240619943,0.0,1.1244340169912324,3.707723556376397,2.486370434212178,0.4546080028647975,-0.18490133331148872,-0.06978345719332735,1.1244340169912324,3.707723556376397,28.538909141913138,0.38263633137878905,0.0,514,True
cells_cultured_fibroblasts,excluded_at_or_below_-1,ENSG00000290683.2,ENSG00000290683,2.387586954707672,61.71659644501175,2.1989638076149536,0.37263641588368923,808.7661097623338,4.283137312072912,0.00010384400936703112,6.836373264372545,0.0,0.3976222714723456,3.327543662294272,2.141238962363553,0.3925682997765397,-0.9700285841268727,2.9819270002466762,0.3976222714723456,3.327543662294272,61.715818435131546,0.006408818027671792,0.0,652,True
cells_cultured_fibroblasts,raw,ENSG00000290683.2,ENSG00000290683,2.387586954707672,61.71659644501175,2.1989638076149536,0.37263641588368923,808.7661097623338,4.283137312072912,0.00010384400936703112,6.836373264372545,0.0,0.3976222714723456,3.327543662294272,2.141238962363553,0.3925682997765397,-0.9700285841268727,2.9819270002466762,0.3976222714723456,3.327543662294272,61.715818435131546,0.006408818027671792,0.0,652,True
cells_ebv-transformed_lymphocytes,excluded_at_or_below_-1,ENSG00000290683.2,ENSG00000290683,0.5199774195046654,34.0794055927704,3.5242730286996116,0.5076080569368028,211.33335216420625,2.337228206080843,0.06513466191472907,8.715780623338024,0.0,0.3958908772258975,4.363181592350901,3.4255490288059622,0.4739574213014994,-1.975646297186451,8.499507878856477,0.3958908772258975,4.363181592350901,34.07874400641049,2.2197074693361465,0.0,327,True
cells_ebv-transformed_lymphocytes,raw,ENSG00000290683.2,ENSG00000290683,0.5199774195046654,34.0794055927704,3.5242730286996116,0.5076080569368028,211.33335216420625,2.337228206080843,0.06513466191472907,8.715780623338024,0.0,0.3958908772258975,4.363181592350901,3.4255490288059622,0.4739574213014994,-1.975646297186451,8.499507878856477,0.3958908772258975,4.363181592350901,34.07874400641049,2.2197074693361465,0.0,327,True
cervix_ectocervix,excluded_at_or_below_-1,ENSG00000290683.2,ENSG00000290683,0.2545837285118638,1.7826379070567604,2.1392838442506963,0.19828887553998828,8.956395386838912,7.104939437916411,0.0,5.831366535594282,4.1288479426883624e-08,1.321659728650923,3.135477410348379,2.2086417836639534,0.37878093694794424,0.4111856078889333,1.0062251136359635,1.321659728650923,3.135477410348379,1.7826378211489184,0.0,7.360240500409176e-08,24,True
cervix_ectocervix,raw,ENSG00000290683.2,ENSG00000290683,0.2545837285118638,1.7826379070567604,2.1392838442506963,0.19828887553998828,8.956395386838912,7.104939437916411,0.0,5.831366535594282,4.1288479426883624e-08,1.321659728650923,3.135477410348379,2.2086417836639534,0.37878093694794424,0.4111856078889333,1.0062251136359635,1.321659728650923,3.135477410348379,1.7826378211489184,0.0,7.360240500409176e-08,24,True
cervix_endocervix,excluded_at_or_below_-1,ENSG00000290683.2,ENSG00000290683,0.0474215751633414,0.8338052123335458,2.295056355154633,0.5270589393865158,25.203909922942096,1.0986741825123125,0.5104721413563265,2.279866780354209,0.0,1.4453797580926755,2.7045178854164384,2.210395231585932,0.3122516227427767,-0.4523214097948416,-0.15439896605888004,1.4453797580926755,2.7045178854164384,0.7718065390041199,0.39398573667824816,0.0,23,True
cervix_endocervix,raw,ENSG00000290683.2,ENSG00000290683,0.0474215751633414,0.8338052123335458,2.295056355154633,0.5270589393865158,25.203909922942096,1.0986741825123125,0.5104721413563265,2.279866780354209,0.0,1.4453797580926755,2.7045178854164384,2.210395231585932,0.3122516227427767,-0.4523214097948416,-0.15439896605888004,1.4453797580926755,2.7045178854164384,0.7718065390041199,0.39398573667824816,0.0,23,True
colon_sigmoid,excluded_at_or_below_-1,ENSG00000290683.2,ENSG00000290683,1.2386304720239132,27.140987740592163,1.864827602928791,0.5947214271012482,629.6493308210144,3.2372113043971695,0.0050998537278143,4.123984685615909,0.0,0.1305619143310883,3.2261771034588,1.8826062228621947,0.49163832167905136,-0.05983601527869728,0.36034786958393683,0.1305619143310883,3.2261771034588,27.13512308996558,0.13838515864506085,0.0,419,True
colon_sigmoid,raw,ENSG00000290683.2,ENSG00000290683,1.2386304720239132,27.140987740592163,1.864827602928791,0.5947214271012482,629.6493308210144,3.2372113043971695,0.0050998537278143,4.123984685615909,0.0,0.1305619143310883,3.2261771034588,1.8826062228621947,0.49163832167905136,-0.05983601527869728,0.36034786958393683,0.1305619143310883,3.2261771034588,27.13512308996558,0.13838515864506085,0.0,419,True
colon_transverse,excluded_at_or_below_-1,ENSG00000290683.2,ENSG00000290683,-0.08251072200011197,42.853759415197615,2.2764170675392936,0.6338781484252073,680.3948091694,3.2186388700530277,0.00562906255761909,5.68459620031779,0.0,-0.2715300105214546,3.719073892280143,2.2229337635588235,0.4627834271107284,-0.6802878494264946,2.1651465364831592,-0.2715300105214546,3.719073892280143,42.8527819016212,0.24122099009223286,0.0,479,True
colon_transverse,raw,ENSG00000290683.2,ENSG00000290683,-0.08251072200011197,42.853759415197615,2.2764170675392936,0.6338781484252073,680.3948091694,3.2186388700530277,0.00562906255761909,5.68459620031779,0.0,-0.2715300105214546,3.719073892280143,2.2229337635588235,0.4627834271107284,-0.6802878494264946,2.1651465364831592,-0.2715300105214546,3.719073892280143,42.8527819016212,0.24122099009223286,0.0,479,True
esophagus_gastroesophageal_junction,excluded_at_or_below_-1,ENSG00000290683.2,ENSG00000290683,1.2892008287100833,28.51151121682766,1.8966892944661715,0.5394804443549452,317.61736383017853,3.493685331663128,0.00221515852891681,4.638869722870936,0.0,0.1270983599826225,3.229426417987506,1.8532263985686348,0.46704809385845564,-0.28151142397575524,0.59341883720028,0.1270983599826225,3.229426417987506,28.510626394773606,0.06315555722314348,0.0,403,True
esophagus_gastroesophageal_junction,raw,ENSG00000290683.2,ENSG00000290683,1.2892008287100833,28.51151121682766,1.8966892944661715,0.5394804443549452,317.61736383017853,3.493685331663128,0.00221515852891681,4.638869722870936,0.0,0.1270983599826225,3.229426417987506,1.8532263985686348,0.46704809385845564,-0.28151142397575524,0.59341883720028,0.1270983599826225,3.229426417987506,28.510626394773606,0.06315555722314348,0.0,403,True
esophagus_mucosa,excluded_at_or_below_-1,ENSG00000290683.2,ENSG00000290683,1.9537329006228135,52.080970383324,1.9035879226439458,0.6000184624978276,539.0720481253799,3.944675179344576,0.0004178785841249894,5.800026331962302,0.0,-0.5572305666874525,3.5772233615461007,1.8488770942335628,0.5575034390111865,-0.6746876936833444,1.735359340978314,-0.5572305666874525,3.5772233615461007,52.079403488431964,0.021762867391819984,0.0,614,True
esophagus_mucosa,raw,ENSG00000290683.2,ENSG00000290683,1.9537329006228135,52.080970383324,1.9035879226439458,0.6000184624978276,539.0720481253799,3.944675179344576,0.0004178785841249894,5.800026331962302,0.0,-0.5572305666874525,3.5772233615461007,1.8488770942335628,0.5575034390111865,-0.6746876936833444,1.735359340978314,-0.5572305666874525,3.5772233615461007,52.079403488431964,0.021762867391819984,0.0,614,True
esophagus_muscularis,excluded_at_or_below_-1,ENSG00000290683.2,ENSG00000290683,1.1998568301433175,35.10385607339928,1.82435553857122,0.5930133604497845,621.0058802318188,2.8527942727739233,0.016751999700915152,3.993205243273234,0.0,0.1499096675349245,3.0205999838095767,1.8139046957892508,0.46695211404690673,-0.333026407329079,0.5106899361529198,0.1499096675349245,3.0205999838095767,35.09140554109989,0.5878512151291977,0.0,561,True
esophagus_muscularis,raw,ENSG00000290683.2,ENSG00000290683,1.1998568301433175,35.10385607339928,1.82435553857122,0.5930133604497845,621.0058802318188,2.8527942727739233,0.016751999700915152,3.993205243273234,0.0,0.1499096675349245,3.0205999838095767,1.8139046957892508,0.46695211404690673,-0.333026407329079,0.5106899361529198,0.1499096675349245,3.0205999838095767,35.09140554109989,0.5878512151291977,0.0,561,True
fallopian_tube,excluded_at_or_below_-1,ENSG00000290683.2,ENSG00000290683,0.3012780243830844,1.090889942810934,2.2933565440646215,0.3635219854186523,22.0651472522826,3.1152431934048694,0.0039059251364335873,3.3292188165422765,0.0,1.4375846392529064,3.0941262586671163,2.3398687912068548,0.38454608666460877,-0.12858139112875275,0.008337821104377863,1.4375846392529064,3.0941262586671163,1.0866019834673681,0.004244186000523786,0.0,29,True
fallopian_tube,raw,ENSG00000290683.2,ENSG00000290683,0.3012780243830844,1.090889942810934,2.2933565440646215,0.3635219854186523,22.0651472522826,3.1152431934048694,0.0039059251364335873,3.3292188165422765,0.0,1.4375846392529064,3.0941262586671163,2.3398687912068548,0.38454608666460877,-0.12858139112875275,0.008337821104377863,1.4375846392529064,3.0941262586671163,1.0866019834673681,0.004244186000523786,0.0,29,True
heart_atrial_appendage,excluded_at_or_below_-1,ENSG00000290683.2,ENSG00000290683,1.120219957338906,31.7322132128819,1.014667591371446,0.5718329458436651,354.4196008336793,4.394407299603374,0.0,3.245797947378857,0.005092300169376008,-0.2977609210156474,2.791532796335562,1.0512222574858423,0.4737829513448275,0.2421644458182218,0.6926364783391721,-0.2977609210156474,2.791532796335562,31.729600135827884,0.0,0.16157664814590933,461,True
heart_atrial_appendage,raw,ENSG00000290683.2,ENSG00000290683,1.120219957338906,31.7322132128819,1.014667591371446,0.5718329458436651,354.4196008336793,4.394407299603374,0.0,3.245797947378857,0.005092300169376008,-0.2977609210156474,2.791532796335562,1.0512222574858423,0.4737829513448275,0.2421644458182218,0.6926364783391721,-0.2977609210156474,2.791532796335562,31.729600135827884,0.0,0.16157664814590933,461,True
heart_left_ventricle,excluded_at_or_below_-1,ENSG00000290683.2,ENSG00000290683,0.7160591435854334,36.96823221619651,0.49450964183711477,0.5880422816366947,367.2023549687816,5.825886461150011,0.0,2.914088610084572,0.014322110556986041,-0.71719371100738,2.9169638300307756,0.5599591872952869,0.4966281662922506,0.9772511870427969,2.568579745529159,-0.71719371100738,2.9169638300307756,36.967919913877196,0.0,0.5294586360683551,452,True
heart_left_ventricle,raw,ENSG00000290683.2,ENSG00000290683,0.7160591435854334,36.96823221619651,0.49450964183711477,0.5880422816366947,367.2023549687816,5.825886461150011,0.0,2.914088610084572,0.014322110556986041,-0.71719371100738,2.9169638300307756,0.5599591872952869,0.4966281662922506,0.9772511870427969,2.568579745529159,-0.71719371100738,2.9169638300307756,36.967919913877196,0.0,0.5294586360683551,452,True
kidney_cortex,excluded_at_or_below_-1,ENSG00000290683.2,ENSG00000290683,0.7851718984281767,4.984180554303788,1.2114312167099694,0.7308738802288555,103.82126099973544,4.618270531603786,0.0,2.160815616721461,0.09683181543374589,0.0947090070868108,3.5981805685658905,1.4291417972506686,0.7338209937079774,0.7611598707115862,0.277220529642479,0.0947090070868108,3.5981805685658905,4.984062512270716,0.0,0.4826158212984498,104,True
kidney_cortex,raw,ENSG00000290683.2,ENSG00000290683,0.7851718984281767,4.984180554303788,1.2114312167099694,0.7308738802288555,103.82126099973544,4.618270531603786,0.0,2.160815616721461,0.09683181543374589,0.0947090070868108,3.5981805685658905,1.4291417972506686,0.7338209937079774,0.7611598707115862,0.277220529642479,0.0947090070868108,3.5981805685658905,4.984062512270716,0.0,0.4826158212984498,104,True
kidney_medulla,excluded_at_or_below_-1,ENSG00000290683.2,ENSG00000290683,0.06804222101296956,0.44068976800460447,1.905187813516619,0.9974890782161243,8.965283442996217,1.4776136865398364,0.3341315951234021,3.4869692512212556,0.0,-0.5542807114012918,2.9473949831840445,1.6695504253081381,0.9506229026399516,-0.9744745957211378,0.8378983372905271,-0.5542807114012918,2.9473949831840445,0.4396796699313106,0.14691086945747975,0.0,11,True
kidney_medulla,raw,ENSG00000290683.2,ENSG00000290683,0.06804222101296956,0.44068976800460447,1.905187813516619,0.9974890782161243,8.965283442996217,1.4776136865398364,0.3341315951234021,3.4869692512212556,0.0,-0.5542807114012918,2.9473949831840445,1.6695504253081381,0.9506229026399516,-0.9744745957211378,0.8378983372905271,-0.5542807114012918,2.9473949831840445,0.4396796699313106,0.14691086945747975,0.0,11,True
liver,excluded_at_or_below_-1,ENSG00000290683.2,ENSG00000290683,0.945757849539503,17.744039181304554,0.7173119086007873,0.5903170136305043,252.87972402168558,4.446163741319476,0.0,3.4883511656242794,0.0022275281019445282,-0.7387857398550477,2.5732169654605896,0.7726595139889475,0.5269239939686388,0.3698824456070726,0.8251402212941055,-0.7387857398550477,2.5732169654605896,17.742948381984313,0.0,0.03952291613222125,262,True
liver,raw,ENSG00000290683.2,ENSG00000290683,0.945757849539503,17.744039181304554,0.7173119086007873,0.5903170136305043,252.87972402168558,4.446163741319476,0.0,3.4883511656242794,0.0022275281019445282,-0.7387857398550477,2.5732169654605896,0.7726595139889475,0.5269239939686388,0.3698824456070726,0.8251402212941055,-0.7387857398550477,2.5732169654605896,17.742948381984313,0.0,0.03952291613222125,262,True
lung,excluded_at_or_below_-1,ENSG00000290683.2,ENSG00000290683,0.029994632953411534,45.18007543746816,3.36672994782647,0.6364453661498547,730.8938097149044,2.7546173981720865,0.022493391474964486,4.738470900419723,0.0,1.2342529815134813,4.606403732060677,3.3364972468736305,0.4593427525542452,-0.47961808528381616,1.0365769413228048,1.2342529815134813,4.606403732060677,45.179325207881924,1.0162362484756193,0.0,604,True
lung,raw,ENSG00000290683.2,ENSG00000290683,0.029994632953411534,45.18007543746816,3.36672994782647,0.6364453661498547,730.8938097149044,2.7546173981720865,0.022493391474964486,4.738470900419723,0.0,1.2342529815134813,4.606403732060677,3.3364972468736305,0.4593427525542452,-0.47961808528381616,1.0365769413228048,1.2342529815134813,4.606403732060677,45.179325207881924,1.0162362484756193,0.0,604,True
minor_salivary_gland,excluded_at_or_below_-1,ENSG00000290683.2,ENSG00000290683,0.734189396270577,12.135880405629187,2.3203199102613725,0.5541246221958622,158.1556071375487,3.0583236771152733,0.009305566058286899,4.957600413738444,0.0,0.3778067500487827,3.5186484351910963,2.220558192244927,0.5186336518836693,-0.6757220931170829,0.7979483435584585,0.3778067500487827,3.5186484351910963,12.1355916852393,0.11292855008339153,0.0,181,True
minor_salivary_gland,raw,ENSG00000290683.2,ENSG00000290683,0.734189396270577,12.135880405629187,2.3203199102613725,0.5541246221958622,158.1556071375487,3.0583236771152733,0.009305566058286899,4.957600413738444,0.0,0.3778067500487827,3.5186484351910963,2.220558192244927,0.5186336518836693,-0.6757220931170829,0.7979483435584585,0.3778067500487827,3.5186484351910963,12.1355916852393,0.11292855008339153,0.0,181,True
muscle_skeletal,excluded_at_or_below_-1,ENSG00000290683.2,ENSG00000290683,2.891023232666417,64.28062937348167,-0.018276528315193163,0.37779114173406253,977.865641300104,6.028718577981694,0.0,3.1400804716934143,0.007226126979598176,-0.8571134749410255,1.5922273838005832,0.07660354233754492,0.3563644260227117,0.9399403893206557,1.303527110050842,-0.8571134749410255,1.5922273838005832,64.28047613897078,0.0,0.4644988828892336,818,True
muscle_skeletal,raw,ENSG00000290683.2,ENSG00000290683,2.891023232666417,64.28062937348167,-0.018276528315193163,0.37779114173406253,977.865641300104,6.028718577981694,0.0,3.1400804716934143,0.007226126979598176,-0.8571134749410255,1.5922273838005832,0.07660354233754492,0.3563644260227117,0.9399403893206557,1.303527110050842,-0.8571134749410255,1.5922273838005832,64.28047613897078,0.0,0.4644988828892336,818,True
nerve_tibial,excluded_at_or_below_-1,ENSG00000290683.2,ENSG00000290683,0.8577239031405757,54.56330972395999,2.5639154281979843,0.507722568028513,837.8226399685832,2.7546541198457026,0.0225042040433417,5.8265327085764405,0.0,0.4721082017586477,3.552875017449475,2.5055159607257984,0.4017170023540984,-0.7204683539938961,1.4461436484770713,0.4721082017586477,3.552875017449475,54.56285102410552,1.2278935326329263,0.0,670,True
nerve_tibial,raw,ENSG00000290683.2,ENSG00000290683,0.8577239031405757,54.56330972395999,2.5639154281979843,0.507722568028513,837.8226399685832,2.7546541198457026,0.0225042040433417,5.8265327085764405,0.0,0.4721082017586477,3.552875017449475,2.5055159607257984,0.4017170023540984,-0.7204683539938961,1.4461436484770713,0.4721082017586477,3.552875017449475,54.56285102410552,1.2278935326329263,0.0,670,True
ovary,excluded_at_or_below_-1,ENSG00000290683.2,ENSG00000290683,0.6769755937924286,11.503695788108198,1.9437836564069668,0.5040823348875282,181.56017096214177,3.3100458955986842,0.0028411991828248715,3.6374393584766294,0.0,0.6472546358848434,3.1236165388171795,1.9435296241126543,0.4280392034750513,-0.11336667198099844,0.39942217875958885,0.6472546358848434,3.1236165388171795,11.488171453088714,0.03264018334466767,0.0,193,True
ovary,raw,ENSG00000290683.2,ENSG00000290683,0.6769755937924286,11.503695788108198,1.9437836564069668,0.5040823348875282,181.56017096214177,3.3100458955986842,0.0028411991828248715,3.6374393584766294,0.0,0.6472546358848434,3.1236165388171795,1.9435296241126543,0.4280392034750513,-0.11336667198099844,0.39942217875958885,0.6472546358848434,3.1236165388171795,11.488171453088714,0.03264018334466767,0.0,193,True
pancreas,excluded_at_or_below_-1,ENSG00000290683.2,ENSG00000290683,-0.045162963737022145,21.525654359903246,1.4545376323014056,0.69194406685584,309.23661984384967,3.1999782934989005,0.0,2.7085634323849255,0.019664689752306085,0.1292962072393277,3.020217705782339,1.462082020779688,0.4840885974147328,0.1649683267721853,0.013913909726698481,0.1292962072393277,3.020217705782339,21.396832025089925,0.0,0.42076206345560063,362,True
pancreas,raw,ENSG00000290683.2,ENSG00000290683,-0.045162963737022145,21.525654359903246,1.4545376323014056,0.69194406685584,309.23661984384967,3.1999782934989005,0.0,2.7085634323849255,0.019664689752306085,0.1292962072393277,3.020217705782339,1.462082020779688,0.4840885974147328,0.1649683267721853,0.013913909726698481,0.1292962072393277,3.020217705782339,21.396832025089925,0.0,0.42076206345560063,362,True
pituitary,excluded_at_or_below_-1,ENSG00000290683.2,ENSG00000290683,1.0233287940181464,26.349402149443556,1.7268558210842666,0.5118185664201277,231.17043836859483,5.012056934515503,0.0,4.698506230488166,1.2570975099386672e-05,0.0264176502261186,3.5407712460892355,1.7491770606393224,0.47244754564948066,0.3000579464334981,1.260739391702968,0.0264176502261186,3.5407712460892355,26.349208757241218,0.0,0.00033123524717582065,313,True
pituitary,raw,ENSG00000290683.2,ENSG00000290683,1.0233287940181464,26.349402149443556,1.7268558210842666,0.5118185664201277,231.17043836859483,5.012056934515503,0.0,4.698506230488166,1.2570975099386672e-05,0.0264176502261186,3.5407712460892355,1.7491770606393224,0.47244754564948066,0.3000579464334981,1.260739391702968,0.0264176502261186,3.5407712460892355,26.349208757241218,0.0,0.00033123524717582065,313,True
prostate,excluded_at_or_below_-1,ENSG00000290683.2,ENSG00000290683,-0.034563840330169585,16.501297782720165,2.1256052279631508,0.8496402466250794,235.6195926433562,2.657068587476886,0.022540703083036476,3.153835210568249,0.0,0.2308239888230236,3.721935845932454,2.076850123004544,0.5959636018105477,-0.3313328936973524,0.14139011798178602,0.2308239888230236,3.721935845932454,16.387100283627394,0.3693767618851879,0.0,282,True
prostate,raw,ENSG00000290683.2,ENSG00000290683,-0.034563840330169585,16.501297782720165,2.1256052279631508,0.8496402466250794,235.6195926433562,2.657068587476886,0.022540703083036476,3.153835210568249,0.0,0.2308239888230236,3.721935845932454,2.076850123004544,0.5959636018105477,-0.3313328936973524,0.14139011798178602,0.2308239888230236,3.721935845932454,16.387100283627394,0.3693767618851879,0.0,282,True
skin_not_sun_exposed_suprapubic,excluded_at_or_below_-1,ENSG00000290683.2,ENSG00000290683,-0.31080656195110506,46.81995470445024,1.8250583826495572,0.69955683010482,889.6748683513318,3.163830120289589,0.006222212494393412,3.906356864430735,0.0,-0.1072654884026913,3.390082950951663,1.791411978577973,0.4883814470795248,-0.28579632836952834,0.2104515385434591,-0.1072654884026913,3.390082950951663,46.797204954592104,0.2911821533711523,0.0,651,True
skin_not_sun_exposed_suprapubic,raw,ENSG00000290683.2,ENSG00000290683,-0.31080656195110506,46.81995470445024,1.8250583826495572,0.69955683010482,889.6748683513318,3.163830120289589,0.006222212494393412,3.906356864430735,0.0,-0.1072654884026913,3.390082950951663,1.791411978577973,0.4883814470795248,-0.28579632836952834,0.2104515385434591,-0.1072654884026913,3.390082950951663,46.797204954592104,0.2911821533711523,0.0,651,True
skin_sun_exposed_lower_leg,excluded_at_or_below_-1,ENSG00000290683.2,ENSG00000290683,2.079609809434668,43.18965796282228,1.582136543383501,0.6796727839037592,658.4494790433967,2.8773790840313653,0.014208944952638688,3.564093803110001,0.0,-0.130771338216091,2.965008483253997,1.5411930495081798,0.5388961244719923,-0.29315692641021385,0.14872636068368106,-0.130771338216091,2.965008483253997,43.11386074209454,0.6126024739801514,0.0,754,True
skin_sun_exposed_lower_leg,raw,ENSG00000290683.2,ENSG00000290683,2.079609809434668,43.18965796282228,1.582136543383501,0.6796727839037592,658.4494790433967,2.8773790840313653,0.014208944952638688,3.564093803110001,0.0,-0.130771338216091,2.965008483253997,1.5411930495081798,0.5388961244719923,-0.29315692641021385,0.14872636068368106,-0.130771338216091,2.965008483253997,43.11386074209454,0.6126024739801514,0.0,754,True
small_intestine_terminal_ileum,excluded_at_or_below_-1,ENSG00000290683.2,ENSG00000290683,3.083384608190569,7.920716814439837,2.4392554947501943,0.5497974413900942,244.1467905836056,5.703116903256625,0.0,3.788513870835013,0.0007643147648939452,0.9664120089609798,4.656430583990268,2.829466302936161,0.8016208341074198,0.3218020889744589,-0.7322359684031792,0.9664120089609798,4.656430583990268,7.92070870630252,0.0,0.006053914612651035,207,True
small_intestine_terminal_ileum,raw,ENSG00000290683.2,ENSG00000290683,3.083384608190569,7.920716814439837,2.4392554947501943,0.5497974413900942,244.1467905836056,5.703116903256625,0.0,3.788513870835013,0.0007643147648939452,0.9664120089609798,4.656430583990268,2.829466302936161,0.8016208341074198,0.3218020889744589,-0.7322359684031792,0.9664120089609798,4.656430583990268,7.92070870630252,0.0,0.006053914612651035,207,True
spleen,excluded_at_or_below_-1,ENSG00000290683.2,ENSG00000290683,-0.45129892959364576,15.83694320258023,3.4067460188532923,0.8489979340139637,170.0326122236138,2.4560669414093907,0.03359579265784908,2.8773486109153246,0.0,1.679381007584515,4.881202080183622,3.4227700980303197,0.5552355110390077,0.08548304798535619,-0.19352525107244256,1.679381007584515,4.881202080183622,15.584649304502033,0.5235786466793422,0.0,277,True
spleen,raw,ENSG00000290683.2,ENSG00000290683,-0.45129892959364576,15.83694320258023,3.4067460188532923,0.8489979340139637,170.0326122236138,2.4560669414093907,0.03359579265784908,2.8773486109153246,0.0,1.679381007584515,4.881202080183622,3.4227700980303197,0.5552355110390077,0.08548304798535619,-0.19352525107244256,1.679381007584515,4.881202080183622,15.584649304502033,0.5235786466793422,0.0,277,True
stomach,excluded_at_or_below_-1,ENSG00000290683.2,ENSG00000290683,0.6281532965619895,32.07321550658476,1.9712931053080638,0.6047575558313653,338.4717943706801,3.916528001291325,0.00042752399176445747,4.5042489645414365,0.0,0.045149369222607,3.646110802171006,1.9624695156519776,0.4841371566476852,-0.2919981141110132,1.105900123189297,0.045149369222607,3.646110802171006,32.07143922474051,0.01371130971899226,0.0,407,True
stomach,raw,ENSG00000290683.2,ENSG00000290683,0.6281532965619895,32.07321550658476,1.9712931053080638,0.6047575558313653,338.4717943706801,3.916528001291325,0.00042752399176445747,4.5042489645414365,0.0,0.045149369222607,3.646110802171006,1.9624695156519776,0.4841371566476852,-0.2919981141110132,1.105900123189297,0.045149369222607,3.646110802171006,32.07143922474051,0.01371130971899226,0.0,407,True
testis,excluded_at_or_below_-1,ENSG00000290683.2,ENSG00000290683,2.279737738509301,23.1010501103622,1.5119851029680553,0.49137816996724176,444.60921096988113,4.143980728554162,0.0,3.0222168133401235,0.010205511958956694,0.4618952109638123,2.951839535815913,1.545998294688678,0.4469240570227996,0.2685789297476829,0.0649920451676449,0.4618952109638123,2.951839535815913,23.096496652169265,0.0,0.23571157279371668,414,True
testis,raw,ENSG00000290683.2,ENSG00000290683,2.279737738509301,23.1010501103622,1.5119851029680553,0.49137816996724176,444.60921096988113,4.143980728554162,0.0,3.0222168133401235,0.010205511958956694,0.4618952109638123,2.951839535815913,1.545998294688678,0.4469240570227996,0.2685789297476829,0.0649920451676449,0.4618952109638123,2.951839535815913,23.096496652169265,0.0,0.23571157279371668,414,True
thyroid,excluded_at_or_below_-1,ENSG00000290683.2,ENSG00000290683,-0.15735037126350743,72.3177110788317,3.0302924713192465,0.5905790184320001,843.9626356619806,3.5255542132051234,0.0019996859633433883,6.976449245420332,0.0,0.1169103223125052,4.502572473477919,3.019879863061689,0.434304138470035,-0.6762864240399986,4.253611558081553,0.1169103223125052,4.502572473477919,72.31762866966793,0.14461254695301434,0.0,684,True
thyroid,raw,ENSG00000290683.2,ENSG00000290683,-0.15735037126350743,72.3177110788317,3.0302924713192465,0.5905790184320001,843.9626356619806,3.5255542132051234,0.0019996859633433883,6.976449245420332,0.0,0.1169103223125052,4.502572473477919,3.019879863061689,0.434304138470035,-0.6762864240399986,4.253611558081553,0.1169103223125052,4.502572473477919,72.31762866966793,0.14461254695301434,0.0,684,True
uterus,excluded_at_or_below_-1,ENSG00000290683.2,ENSG00000290683,0.1918867749224815,7.781897893150889,2.402172042305298,0.5843130865869106,157.56769508870195,2.7994922133851277,0.0,2.5249989234757124,0.021826503710711376,1.3589138287940594,3.558843127635717,2.3959822787095315,0.42197690465683535,-0.00523197116349146,-0.06941499828128395,1.3589138287940594,3.558843127635717,7.627275752652957,0.0,0.16647676251789867,153,True
uterus,raw,ENSG00000290683.2,ENSG00000290683,0.1918867749224815,7.781897893150889,2.402172042305298,0.5843130865869106,157.56769508870195,2.7994922133851277,0.0,2.5249989234757124,0.021826503710711376,1.3589138287940594,3.558843127635717,2.3959822787095315,0.42197690465683535,-0.00523197116349146,-0.06941499828128395,1.3589138287940594,3.558843127635717,7.627275752652957,0.0,0.16647676251789867,153,True
vagina,excluded_at_or_below_-1,ENSG00000290683.2,ENSG00000290683,0.6778633465507982,17.119332018788562,2.3277110987396776,0.4331915224913507,319.9889149419497,3.6000954815270996,0.0015333491773671856,8.411013435414294,0.0,-0.2486888260837565,3.4304659331226928,2.293765401996063,0.44471200061452615,-1.1459757212854413,5.391247811265796,-0.2486888260837565,3.4304659331226928,17.118599208714024,0.0262487900143602,0.0,170,True
vagina,raw,ENSG00000290683.2,ENSG00000290683,0.6778633465507982,17.119332018788562,2.3277110987396776,0.4331915224913507,319.9889149419497,3.6000954815270996,0.0015333491773671856,8.411013435414294,0.0,-0.2486888260837565,3.4304659331226928,2.293765401996063,0.44471200061452615,-1.1459757212854413,5.391247811265796,-0.2486888260837565,3.4304659331226928,17.118599208714024,0.0262487900143602,0.0,170,True
whole_blood,excluded_at_or_below_-1,ENSG00000290683.2,ENSG00000290683,1.8403212063860035,39.50367232808132,0.912360567486418,1.260720196911407,754.9172983512871,3.3462908674675336,0.0,1.9401764709816451,0.14911356242839044,-0.8172365228104393,3.8954577414926823,1.0584845553146045,0.8999958426297399,0.44851535298441314,-0.1978116428712715,-0.8172365228104393,3.8954577414926823,39.357381865443145,0.0,5.868719417810757,803,True
whole_blood,raw,ENSG00000290683.2,ENSG00000290683,1.8403212063860035,39.50367232808132,0.912360567486418,1.260720196911407,754.9172983512871,3.3462908674675336,0.0,1.9401764709816451,0.14911356242839044,-0.8172365228104393,3.8954577414926823,1.0584845553146045,0.8999958426297399,0.44851535298441314,-0.1978116428712715,-0.8172365228104393,3.8954577414926823,39.357381865443145,0.0,5.868719417810757,803,True
adipose_subcutaneous,excluded_at_or_below_-1,ENSG00000290685.2,ENSG00000290685,0.5958335833448121,10.652327369602167,-0.7826599504866061,0.03730515265181134,44.06898014306279,32.84378087549509,0.0,5.07541308515614,2.5489026894589425e-06,-0.9165428836943978,0.0837171596062933,-0.6944239920438032,0.15690875862753323,2.658749494781687,9.89187803720713,-0.9165428836943978,0.0837171596062933,10.651673515500951,0.0,2.7150079270898964e-05,52,True
adipose_subcutaneous,raw,ENSG00000290685.2,ENSG00000290685,1.3333333296066268,733.6847026237916,-0.9871037972955705,0.002008378423368649,246.66666666666669,754.0259855928458,0.0,9.080950360503689,1.2267961411137756e-18,-1.0,0.0837171596062933,-0.9777451646866636,0.08986196549140571,5.340777319518089,38.32714817460583,-1.0,0.0837171596062933,723.9820781419996,0.0,8.881784197001252e-16,714,True
adipose_visceral_omentum,excluded_at_or_below_-1,ENSG00000290685.2,ENSG00000290685,0.42963102132184017,11.095671280705504,-0.7858831061332201,0.16450636551851416,134.22858017393125,8.380208015037345,0.0,0.8098131116953117,0.7204400288982424,-0.880083455570322,0.1889325790802531,-0.6955338265343075,0.16723838430234497,2.3473944995173426,7.550557735730095,-0.880083455570322,0.1889325790802531,11.095609860393497,0.0,7.993721488465514,113,True
adipose_visceral_omentum,raw,ENSG00000290685.2,ENSG00000290685,2.897436638302823,513.922837260515,-0.9872156561939571,0.007042850939957628,765.5897477683978,236.1720842690414,0.0,2.5671127432174496,0.037643593528587434,-1.0,0.1889325790802531,-0.941388964903538,0.14064125820713516,3.142523781630784,13.054951911472504,-1.0,0.1889325790802531,506.0480937703985,0.0,19.04946874780945,587,True
adrenal_gland,excluded_at_or_below_-1,ENSG00000290685.2,ENSG00000290685,0.28373938075566263,2.840957991390068,-0.8171621524687757,0.04307688278606226,27.445903120274533,11.037268807316071,0.0,2.712339100731806,0.025263749854042106,-0.8997798819453744,-0.48096743100592,-0.776263055516437,0.09556571171567697,1.6353145894287975,2.128866237573936,-0.8997798819453744,-0.48096743100592,2.84093817327531,0.0,0.07177275136042677,32,True
adrenal_gland,raw,ENSG00000290685.2,ENSG00000290685,0.820512820477299,263.6423087452254,-0.9933255984971161,0.0025001946465764897,73.74358974546095,289.81098341716967,0.0,3.7753177093739927,0.0008120915616575208,-1.0,-0.48096743100592,-0.9757302297509356,0.07629201413579109,3.553771154764241,13.715886375735032,-1.0,-0.48096743100592,260.8586927122292,0.0,0.21184114313661528,295,True
artery_aorta,excluded_at_or_below_-1,ENSG00000290685.2,ENSG00000290685,1.017491513255388,3.642017676877825,-0.7665527525249768,0.05535934259591153,65.8982434226782,11.26428814700309,0.0,3.158210408363913,0.006825167979750241,-0.8901807933232918,-0.3256125697829753,-0.6781927310129855,0.1307666526942526,0.9939032190271064,0.3717889123791287,-0.8901807933232918,-0.3256125697829753,3.6419879364551626,0.0,0.02485717944653043,66,True
artery_aorta,raw,ENSG00000290685.2,ENSG00000290685,3.608682173333154,381.8915418810637,-0.9915987204332805,0.007481964274598326,730.369748117779,125.88226995415272,0.0,1.5879791814671274,0.2847899996673948,-1.0,-0.3256125697829753,-0.955001525946731,0.1218288980498924,2.8553483642108737,7.836609551600857,-1.0,-0.3256125697829753,380.0492766536143,0.0,108.23423337177626,472,True
artery_coronary,excluded_at_or_below_-1,ENSG00000290685.2,ENSG00000290685,0.42712799110429545,8.240012872608514,-0.756868361283174,0.0954789230701792,43.85075510431636,16.02739940726009,0.0,1.4607273138295718,0.34408667504777374,-0.8554876041856465,0.325202180066299,-0.6472272410729328,0.21790521698650808,2.2026681430539212,5.589571702355913,-0.8554876041856465,0.325202180066299,8.24000915070977,0.0,2.835277351030955,61,True
artery_coronary,raw,ENSG00000290685.2,ENSG00000290685,1.5641025500585963,214.4459836737915,-0.9847560612991476,0.006376503836284868,303.589743589891,290.52922395178507,0.0,3.38087852030372,0.0033003633230423903,-1.0,0.325202180066299,-0.9197047078561525,0.18064015697460542,3.0631655501560697,11.952228642809,-1.0,0.325202180066299,214.13589063139764,0.0,0.7067262395868814,268,True
artery_tibial,excluded_at_or_below_-1,ENSG00000290685.2,ENSG00000290685,2.451147990641819,30.526618992089897,-0.759304537101234,0.055381979270104985,486.99206580489863,37.16616258220357,0.0,3.106988375975241,0.008013824218149142,-0.8809772253068094,0.6961585559149277,-0.5996780029941772,0.22135840214800714,1.9585697605281922,6.482679302387796,-0.8809772253068094,0.6961585559149277,30.52353037750117,0.0,0.24461020696262992,174,True
artery_tibial,raw,ENSG00000290685.2,ENSG00000290685,4.461538415176342,548.1868595076072,-0.9764923997392053,0.008891513658995839,2077.6923152150416,266.0385798552031,0.0,3.7389322428838216,0.0009297697233618087,-1.0,0.6961585559149277,-0.8991953292633674,0.2062083788831306,2.551738375197944,8.497179303582397,-1.0,0.6961585559149277,543.1484475582097,0.0,0.5050029818305912,691,True
bladder,excluded_at_or_below_-1,ENSG00000290685.2,ENSG00000290685,0.31775994916940714,2.454351653870603,-0.835224109193268,0.037999633774889706,14.391024797606962,17.237424861013313,0.0,0.4276907496710897,0.9126963674820264,-0.8467160735534017,-0.3720579726434617,-0.7278416604318969,0.12090979876132577,1.3746699914591196,1.5951741470711402,-0.8467160735534017,-0.3720579726434617,2.4540874099176153,0.0,2.2398366645151824,22,True
bladder,raw,ENSG00000290685.2,ENSG00000290685,0.5641025641023113,57.454504331521065,-0.9915078457939027,0.002767289454590888,35.58974358975264,316.5676833575614,0.0,4.339885598921644,8.142348078479455e-05,-1.0,-0.3720579726434617,-0.9222404744091135,0.13912141864400895,1.7936248050433776,2.747044088807228,-1.0,-0.3720579726434617,57.37087466653608,0.0,0.004671336311017571,77,True
brain_amygdala,excluded_at_or_below_-1,ENSG00000290685.2,ENSG00000290685,0.7467578075199068,7.774178137458488,-0.03424592319533151,0.9276489197879872,187.79449151225128,3.3878766284003072,0.0,1.303698592131399,0.4256481323408628,-0.8894028972880161,2.1880210514169485,0.19848639890964112,0.6379362832907319,0.6323667344578289,-0.21854236179964603,-0.8894028972880161,2.1880210514169485,7.749108885798077,0.0,3.2983937245459356,180,True
brain_amygdala,raw,ENSG00000290685.2,ENSG00000290685,0.7884573774867856,8.155399792053977,-0.007904293773015323,0.8707729618877795,233.95090599310493,3.5663801484992455,0.0,1.6112526046704827,0.2718007363164594,-1.0,2.1880210514169485,0.19186492709246075,0.6423686959644044,0.6107461253277204,-0.21733288593707245,-1.0,2.1880210514169485,8.141239388696087,0.0,2.2127948603761585,181,True
brain_anterior_cingulate_cortex_ba24,excluded_at_or_below_-1,ENSG00000290685.2,ENSG00000290685,-8.63290820033564,16.863846910281218,0.5705762453509556,2.4563074006317924,143.34386848582164,1.1199587103599076,0.0,0.8431147341379693,0.3579565633583909,-0.8938058084950578,2.515800744572188,0.6358972348165729,0.8088052641781458,0.04618722990348564,-0.8208137133175106,-0.8938058084950578,2.515800744572188,7.856693975187984,0.0,2.812355174716865,231,True
brain_anterior_cingulate_cortex_ba24,raw,ENSG00000290685.2,ENSG00000290685,-8.34478867798173,16.89835423430338,0.5866795408087044,2.353984431054493,199.64809152842102,1.1589666158504315,0.0,0.9532364344255256,0.2534885265065321,-1.0,2.515800744572188,0.6218551984662161,0.819389350533771,0.026813961466661564,-0.8115299544980581,-1.0,2.515800744572188,8.265149888769022,0.0,2.095120666659687,233,True
brain_caudate_basal_ganglia,excluded_at_or_below_-1,ENSG00000290685.2,ENSG00000290685,-1.5957787294602601,13.402392562693475,-0.6417991595621075,1.5892452042645995,186.409097051736,1.9648526157035469,0.0,0.25733050327315826,0.9619060182530632,-0.9309784455757508,1.5662355246433948,-0.07491180779065972,0.574440532118109,0.5378085073893017,-0.49429763820625006,-0.9309784455757508,1.5662355246433948,11.45767521099935,0.0,11.02120674064921,285,True
brain_caudate_basal_ganglia,raw,ENSG00000290685.2,ENSG00000290685,-3.001819181167094,15.464804470600109,-0.7813332241477582,1.8582170672265497,270.709695734842,1.7866392585118385,0.0,0.16641840477344833,0.9827517155830653,-1.0,1.5662355246433948,-0.12116621740112672,0.5951584146243479,0.5045803172769792,-0.5203195598231969,-1.0,1.5662355246433948,12.3301251297187,0.0,12.117451624584916,300,True
brain_cerebellar_hemisphere,excluded_at_or_below_-1,ENSG00000290685.2,ENSG00000290685,1.2848502640354134,12.105433777848056,0.47883773045049305,0.7760768811469151,219.8820783405398,2.9409062125724685,0.0,2.54724055886669,0.026104078309099568,-0.9190094978980752,2.092716554642321,0.4241119095817907,0.6073687846788154,-0.15115648656422478,-0.4170723706242576,-0.9190094978980752,2.092716554642321,11.94514998903012,0.0,0.3118171307275821,271,True
brain_cerebellar_hemisphere,raw,ENSG00000290685.2,ENSG00000290685,1.991501334476094,11.913038316945823,0.48258519932864913,0.7245671224842043,247.51600738510575,3.1426620519017665,0.0,2.8937168568670497,0.008085054428970643,-1.0,2.092716554642321,0.3932647202045677,0.635618882055007,-0.22798651091022526,-0.4022616346284513,-1.0,2.092716554642321,11.827635225768082,0.0,0.09562707456634545,277,True
brain_cerebellum,excluded_at_or_below_-1,ENSG00000290685.2,ENSG00000290685,1.5156025612317798,10.386150954385016,0.39806398092092793,0.7017000407813742,285.5209522477796,2.5918327194215736,0.0,2.5251191084987767,0.00670585362652371,-0.8548416823780116,1.6840713940196963,0.33264197202130175,0.5475163884178205,-0.11129331344274482,-0.47599972607738295,-0.8548416823780116,1.6840713940196963,10.02488946264335,0.0,0.06722544135856623,262,True
brain_cerebellum,raw,ENSG00000290685.2,ENSG00000290685,1.5741859382178607,10.946101939988216,0.39618525787260195,0.7075945098048493,276.387089911025,2.5739968517192433,0.01637226112424131,2.7904457989836136,0.0,-1.0,1.6840713940196963,0.3126022431187258,0.5671443875089457,-0.18856836869557886,-0.4132419719522007,-1.0,1.6840713940196963,10.722965252994396,0.17555918714819052,0.0,266,True
brain_cortex,excluded_at_or_below_-1,ENSG00000290685.2,ENSG00000290685,2.7349003480324905,8.366196518137604,0.8798877515907941,0.8404159996072728,180.83396052434676,2.150646886883043,0.0883434833003416,2.9829993307690987,0.0,-0.8928009222396129,2.1579394556128824,0.7123947407612038,0.7149879840607448,-0.29804594421425057,-0.7107652616432008,-0.8928009222396129,2.1579394556128824,8.268406410110916,0.7304598236120712,0.0,270,True
brain_cortex,raw,ENSG00000290685.2,ENSG00000290685,2.7349003480324905,8.366196518137604,0.8798877515907941,0.8404159996072728,180.83396052434676,2.150646886883043,0.0883434833003416,2.9829993307690987,0.0,-0.8928009222396129,2.1579394556128824,0.7123947407612038,0.7149879840607448,-0.29804594421425057,-0.7107652616432008,-0.8928009222396129,2.1579394556128824,8.268406410110916,0.7304598236120712,0.0,270,True
brain_frontal_cortex_ba9,excluded_at_or_below_-1,ENSG00000290685.2,ENSG00000290685,-10.22589368066282,20.849345238960797,0.880021556622674,2.340832839478449,235.51564090074604,1.2810023090782223,0.0,1.066058934984817,0.22562815501673888,-0.8845392072017161,3.0003606286835147,0.8763203611262335,0.8318741654800996,-0.06285596133877569,-0.7801820813762332,-0.8845392072017161,3.0003606286835147,11.671071175473728,0.0,2.63332225639118,265,True
brain_frontal_cortex_ba9,raw,ENSG00000290685.2,ENSG00000290685,-7.802027908165818,18.739811468563595,0.861522252681586,2.172319069504903,221.72818330655812,1.39241710922114,0.0,1.211879991921082,0.1619522857753467,-1.0,3.0003606286835147,0.8484196866113453,0.8564173282512834,-0.11604483759470699,-0.7298929249020216,-1.0,3.0003606286835147,11.63168127885946,0.0,1.8837773705215977,269,True
brain_hippocampus,excluded_at_or_below_-1,ENSG00000290685.2,ENSG00000290685,1.1158325950377084,11.920197958148657,-0.37229170570679054,0.9030114879897111,148.18251041226893,4.0722554387036585,0.0,0.8690312345252922,0.6854233817448476,-0.927190349785265,2.22794742437719,-0.014021733776907686,0.6449664819940076,0.9408621121932922,0.5427791986478021,-0.927190349785265,2.22794742437719,11.917161861033668,0.0,8.168301383590418,240,True
brain_hippocampus,raw,ENSG00000290685.2,ENSG00000290685,0.7851673843230678,12.51124754778216,-0.5342572969875724,1.130517249908746,187.69975730660076,3.4553629140292728,0.0,0.5826179540645187,0.843503183567177,-1.0,2.22794742437719,-0.07202045531944254,0.667419983320417,0.86992318855408,0.44620092915570897,-1.0,2.22794742437719,12.479231649196642,0.0,10.52627162456964,255,True
brain_hypothalamus,excluded_at_or_below_-1,ENSG00000290685.2,ENSG00000290685,-0.46185466849327267,11.05750803401294,0.18684449855847599,1.4896852101099523,145.9979819820412,2.374770512094023,0.0,1.0269007263464545,0.5642387245159308,-0.8948583396765762,2.688348234200353,0.42471292273615974,0.7732259020574326,0.41345376803471046,-0.5267408404669953,-0.8948583396765762,2.688348234200353,10.398256236792731,0.0,5.867098836237753,255,True
brain_hypothalamus,raw,ENSG00000290685.2,ENSG00000290685,-0.08243541714061263,11.102948642156305,0.2218814429054321,1.3682142039928396,174.1167376287413,2.5493893991253884,0.0,1.2629610941956806,0.4282640104057806,-1.0,2.688348234200353,0.41362566263704564,0.7803472498883399,0.39416100899694073,-0.5261205703029694,-1.0,2.688348234200353,10.67226542142998,0.0,4.5705471894965415,257,True
brain_nucleus_accumbens_basal_ganglia,excluded_at_or_below_-1,ENSG00000290685.2,ENSG00000290685,-7.9542475969517055,18.723089180029106,0.23889133632328718,2.093952405613292,323.0617675002732,1.4281317950750811,0.0,0.7712179316235043,0.597631388839927,-0.903010909660906,2.353451744591641,0.37123232491719366,0.7140894915592932,0.1483444793459814,-0.7990915877357945,-0.903010909660906,2.353451744591641,11.97015366566028,0.0,7.153739559835891,282,True
brain_nucleus_accumbens_basal_ganglia,raw,ENSG00000290685.2,ENSG00000290685,-7.536318986938617,18.658253551432452,0.2816386507855877,1.981513124486534,320.9120192178184,1.4786609988878698,0.0,0.914710450112313,0.48580986944154203,-1.0,2.353451744591641,0.35679830044438104,0.7240098761420695,0.12885596700513618,-0.7950457230324659,-1.0,2.353451744591641,12.405202305715669,0.0,6.026569712535643,285,True
brain_putamen_basal_ganglia,excluded_at_or_below_-1,ENSG00000290685.2,ENSG00000290685,1.1227883920580348,9.561074613014462,-0.7505172387068741,0.9280005283666228,197.52026596146112,3.0433859441431688,0.0,0.28666587352230793,0.9593507559270869,-0.9386260853275932,1.2465388208101973,-0.24195290621227286,0.5146439449383238,0.8651385955466512,0.11219306097313586,-0.9386260853275932,1.2465388208101973,9.467883070049204,0.0,9.083020780280972,221,True
brain_putamen_basal_ganglia,raw,ENSG00000290685.2,ENSG00000290685,0.3421572521978844,3009283231341.237,-41.67633671468438,8.00490639700554,565.8982477821262,7.583113369202679,0.0,-7.186221074500031,1.0,-1.0,1.2465388208101973,-0.340439339657135,0.5436231881704728,0.8342911442542504,0.07453223914031382,-1.0,1.2465388208101973,17.409439693240664,0.0,17.409439693240664,254,True
brain_spinal_cord_cervical_c-1,excluded_at_or_below_-1,ENSG00000290685.2,ENSG00000290685,-0.388452486546198,10.08164636704396,-0.7926152862847533,1.0428457410411778,140.34859202748493,2.80318349840208,0.0,0.13377868672893822,0.9909138340671013,-0.8912641307091075,1.2744614625481092,-0.3143454099692342,0.41086825265998367,0.7758389073592581,0.3412884759908539,-0.8912641307091075,1.2744614625481092,9.8833817761999,0.0,9.793579729403161,174,True
brain_spinal_cord_cervical_c-1,raw,ENSG00000290685.2,ENSG00000290685,,,,,,,,,,,,,,,,,,,,,204,False
brain_substantia_nigra,excluded_at_or_below_-1,ENSG00000290685.2,ENSG00000290685,0.5810277108886341,8.322938919427074,-0.6056555191663143,1.0195893667985878,205.42513030329002,3.2991324361766425,0.0,0.39993134427107196,0.9228084356160446,-0.8939894433467659,1.7728822357266094,-0.11480028317163665,0.5757304385109625,0.9279394727068304,0.40413749786944786,-0.8939894433467659,1.7728822357266094,8.286889793151536,0.0,7.647211806140737,171,True
brain_substantia_nigra,raw,ENSG00000290685.2,ENSG00000290685,0.6129283424691665,8.561536183868405,-0.6107774088813924,1.0297641192636915,183.6229656522546,3.273568902261253,0.0,0.5345339353399831,0.8662427466020527,-1.0,1.7728822357266094,-0.17284616624234903,0.5982368669028368,0.8510284259988261,0.31859345617905177,-1.0,1.7728822357266094,8.521212628721672,0.0,7.381438631883959,183,True
breast_mammary_tissue,excluded_at_or_below_-1,ENSG00000290685.2,ENSG00000290685,0.3097542956856909,11.592893243101885,-0.7593783741866454,0.11900089708789433,172.63166663895123,14.984597397532387,0.0,1.4470297556407101,0.35101579038014186,-0.881140633873342,0.5015206726412234,-0.6840387175621883,0.19671722676880202,3.3937518076045246,15.737512911736683,-0.881140633873342,0.5015206726412234,11.592620962106865,0.0,4.069193009591341,78,True
breast_mammary_tissue,raw,ENSG00000290685.2,ENSG00000290685,1.9999999655922278,593.1081235654874,-0.9854748397916663,0.007593664052621866,712.0000000036118,276.9320852618499,0.0,2.705107629191885,0.02588214057372599,-1.0,0.5015206726412234,-0.9520525680347289,0.13668960280639644,4.451044045515084,30.23769795886315,-1.0,0.5015206726412234,590.3851815965495,0.0,15.28043226272661,514,True
cells_cultured_fibroblasts,excluded_at_or_below_-1,ENSG00000290685.2,ENSG00000290685,0.3190200349202752,0.7438688069162419,-0.8002356857894869,0.02937587093906155,13.482658229170779,7.699136321244123,0.0,2.549563769275372,0.03876886967393304,-0.8531949121961855,-0.6403101689279529,-0.7571874308859865,0.06541988417438553,0.5013494446727864,-1.1630134215856989,-0.8531949121961855,-0.6403101689279529,0.7438687887490372,0.0,0.028838952125517847,20,True
cells_cultured_fibroblasts,raw,ENSG00000290685.2,ENSG00000290685,0.5128205127559781,696.3214552745414,-0.9960875953182232,0.0018671570753521112,29.743589746473134,269.4713092054304,0.0,2.963315639321526,0.012697718832497238,-1.0,-0.6403101689279529,-0.9925517616836191,0.04336647356955027,6.041527263480545,36.78291541814415,-1.0,-0.6403101689279529,679.6136988040329,0.0,8.629543662127071,652,True
cells_ebv-transformed_lymphocytes,excluded_at_or_below_-1,ENSG00000290685.2,ENSG00000290685,,,,,,,,,,,,,,,,,,,,,7,False
cells_ebv-transformed_lymphocytes,raw,ENSG00000290685.2,ENSG00000290685,0.17948620079525926,398.9876277601368,-0.996637340380471,0.0017953954989125222,5.74358977933953,262.45675382471444,0.0,2.6487305122814,0.029960846056280126,-1.0,-0.6634389557706015,-0.9949624804329038,0.035265933769880166,7.273501015309583,53.68282909510554,-1.0,-0.6634389557706015,398.97853807084397,0.0,11.953734558900255,327,True
cervix_ectocervix,excluded_at_or_below_-1,ENSG00000290685.2,ENSG00000290685,0.2204361486754513,3.8031276462239068,-1.1506454373421982,0.3770798149338502,14.720546495464482,6.9908214526276735,0.0,-1.067569343665789,1.0,-0.8659933442997293,0.713357093625598,-0.37574242095415433,0.5301632358763364,0.9543568445608401,-0.5585789441185813,-0.8659933442997293,0.713357093625598,2.1510834408437405,0.0,2.15108344084374,18,True
cervix_ectocervix,raw,ENSG00000290685.2,ENSG00000290685,0.46153852766626896,8.876173636944756,-0.9863013459297905,0.011238565355015457,21.692307705704906,213.87783410881948,0.0,1.7237807282672815,0.2269944568424524,-1.0,0.713357093625598,-0.5318068157156158,0.5329116423196317,1.1853670865986305,0.12798632924353237,-1.0,0.713357093625598,8.850644213205877,0.0,2.009047175882465,24,True
cervix_endocervix,excluded_at_or_below_-1,ENSG00000290685.2,ENSG00000290685,0.31027678256450364,1.7743965353916173,-0.8327139993554995,0.07032674934241798,9.888153017018947,28.08408212011457,0.0,0.6312274921071093,0.8193926508157997,-0.8641040091790287,0.5638658781977626,-0.35067585093269704,0.45216002514937964,0.5737266010762073,-0.8241051729147482,-0.8641040091790287,0.5638658781977626,1.7743394175923537,0.0,1.4538806788279606,17,True
cervix_endocervix,raw,ENSG00000290685.2,ENSG00000290685,0.4358974358992988,8.882430652057703,-0.9855577026590676,0.007465879091539271,15.589743589743843,293.4973651517632,0.0,2.7357116986421306,0.024349397253483604,-1.0,0.5638658781977626,-0.5200647593850368,0.48340554515041484,0.7837331021281764,-0.5434195040206076,-1.0,0.5638658781977626,8.647447371172309,0.0,0.21056013126926693,23,True
colon_sigmoid,excluded_at_or_below_-1,ENSG00000290685.2,ENSG00000290685,0.8104146752093253,7.376705416360236,-0.7571035041868681,0.11064875785939669,93.48922871533142,6.392498798259527,0.0,1.9143698640514002,0.16002810627705344,-0.90688473467182,-0.2569512849858347,-0.7066401734528887,0.12546923324971773,1.123861171170809,1.0740254732367127,-0.90688473467182,-0.2569512849858347,7.376704076663454,0.0,1.1804799839546727,119,True
colon_sigmoid,raw,ENSG00000290685.2,ENSG00000290685,3.0512820607166025,347.4265052606008,-0.9907167658908135,1.2303204033193417e-05,427.89743589744745,84343.9718545976,,1067.0777745761175,,-1.0,-0.2569512849858347,-0.9166830086894839,0.148276992490698,1.7343796693770417,2.333496927400475,-1.0,-0.2569512849858347,0.0,0.0,0.0,419,True
colon_transverse,excluded_at_or_below_-1,ENSG00000290685.2,ENSG00000290685,1.3225957762966747,14.919871930213626,-0.8237608130956584,0.060068104444008896,125.0739207443734,19.446482246397814,0.0,2.7977842413166347,0.01996611210281742,-0.9425954788707508,0.002220041369531,-0.7236288484681538,0.1668363992869961,1.6546685011213418,3.168048238469882,-0.9425954788707508,0.002220041369531,14.918685950749767,0.0,0.2978681561193972,120,True
colon_transverse,raw,ENSG00000290685.2,ENSG00000290685,3.2260230672037715,346.47938493700667,-0.9874810553162213,0.009638063431889603,864.7754427956403,145.22094853593498,0.0,1.8369314005362856,0.18634599149841213,-1.0,0.002220041369531,-0.9307629683009988,0.14594805588175694,2.638074428123862,8.09000624389099,-1.0,0.002220041369531,344.0596351991733,0.0,64.1141338557718,479,True
esophagus_gastroesophageal_junction,excluded_at_or_below_-1,ENSG00000290685.2,ENSG00000290685,1.136356740908671,10.486671709049416,-0.7796821127600315,0.06407051043633323,88.61162140342569,18.746745650377814,0.0,3.360330066464046,0.0035319420252608895,-0.9319208327958032,0.069633432499137,-0.654182358975742,0.21353271495648257,1.620382093923348,2.398215668121976,-0.9319208327958032,0.069633432499137,10.486654224877993,0.0,0.03703825476122624,93,True
esophagus_gastroesophageal_junction,raw,ENSG00000290685.2,ENSG00000290685,2.4887322871173545,284.8980057438332,-0.9866370261861569,0.010936457329950793,933.1155121381006,136.5882902606738,0.0,1.727990905191854,0.22610670962655763,-1.0,0.069633432499137,-0.920195928994402,0.17809191476723193,2.8151237885359075,8.940853381103365,-1.0,0.069633432499137,283.1291579587603,0.0,64.01740230539308,403,True
esophagus_mucosa,excluded_at_or_below_-1,ENSG00000290685.2,ENSG00000290685,0.6887017493682511,5.455524417986044,-0.8014452060461796,0.050137093190131,57.10762936370741,11.045584090041489,0.0,2.783667020552064,0.020767787811810955,-0.900132544743115,-0.4098540817660847,-0.7467996852549407,0.11455354343585675,1.3396636205374672,1.0197378813656384,-0.900132544743115,-0.4098540817660847,5.455257730821732,0.0,0.11329363501244705,67,True
esophagus_mucosa,raw,ENSG00000290685.2,ENSG00000290685,2.8848908901486325,543.4155477943976,-0.9926232118311792,0.0038700021265343347,281.4967581675047,212.96112521996957,0.0,2.6956971944721544,0.02683652487363389,-1.0,-0.4098540817660847,-0.9723706496939432,0.08749520397628532,3.5964200888356492,13.79063786201321,-1.0,-0.4098540817660847,535.1109333248484,0.0,14.360517872325737,614,True
esophagus_muscularis,excluded_at_or_below_-1,ENSG00000290685.2,ENSG00000290685,1.7949643486398443,19.784922352081008,-0.8007083831985428,0.04507482072189687,204.5225969604242,30.40794168414185,0.0,4.271736039967668,0.00010904112410076324,-0.9368601931484536,0.1684751661620105,-0.6797965600302857,0.18327803725916325,1.867933811599489,4.648066226479561,-0.9368601931484536,0.1684751661620105,19.783360670730197,0.0,0.00215719988602725,129,True
esophagus_muscularis,raw,ENSG00000290685.2,ENSG00000290685,3.3702101431467586,420.31958138190004,-0.9854015989831623,0.01090954884032885,1083.7988951405719,149.57797013045953,0.0,1.8924024273721234,0.16811364253973515,-1.0,0.1684751661620105,-0.9263703319855736,0.16082745697067033,2.7533231701719227,9.300538175629491,-1.0,0.1684751661620105,417.1879922690487,0.0,70.13499300418876,561,True
fallopian_tube,excluded_at_or_below_-1,ENSG00000290685.2,ENSG00000290685,0.2986731512572622,2.692709766878521,-0.8062243508624657,0.04550798525687743,11.814593110288971,34.71191510659685,0.0,0.3907864567562336,0.9266602465613543,-0.8187994701979132,0.3107705379846297,-0.5138286081696907,0.3140741772847458,1.3076449298332207,1.1764037470150273,-0.8187994701979132,0.3107705379846297,2.692201597556764,0.0,2.494756196184823,17,True
fallopian_tube,raw,ENSG00000290685.2,ENSG00000290685,0.4358974358974358,18.02239475064484,-0.9856219908243816,0.003012424954090649,21.589743589751045,608.6046704371071,0.0,6.749902781303535,1.4085971891086552e-10,-1.0,0.3107705379846297,-0.715002977202922,0.3402189532535543,1.3309201938174875,1.4401822950336696,-1.0,0.3107705379846297,16.35081897241843,0.0,2.3031717644173e-09,29,True
heart_atrial_appendage,excluded_at_or_below_-1,ENSG00000290685.2,ENSG00000290685,1.5860762633933538,11.695524937983816,-0.8460599403641602,0.07401864192567288,141.89284462412064,13.568840883032875,0.0,1.7518162216428041,0.2155955770181472,-0.9377483961103902,-0.1358792424911211,-0.7476370364790134,0.15242017079102457,1.440995769874178,2.161108095991932,-0.9377483961103902,-0.1358792424911211,11.694600065664881,0.0,2.521304049153482,137,True
heart_atrial_appendage,raw,ENSG00000290685.2,ENSG00000290685,3.6426969839875247,297.79618247328267,-0.9892100166251948,0.00903038564218275,1255.4160800301036,133.6368126222175,0.0,1.6897773174990836,0.24127791158290118,-1.0,-0.1358792424911211,-0.9250027635523316,0.1421246666559068,2.274446527502178,5.59033899990899,-1.0,-0.1358792424911211,296.05387842897744,0.0,71.4312615033618,461,True
heart_left_ventricle,excluded_at_or_below_-1,ENSG00000290685.2,ENSG00000290685,0.8907663438226723,9.824196625153663,-0.8763141116382334,0.01880943593942655,68.91641080335711,29.26363420597867,0.0,4.2753790086846495,0.0001073696934687464,-0.933177848290341,-0.4870995915706106,-0.836996585547573,0.09262041921272468,1.8231669890162068,3.376598160131053,-0.933177848290341,-0.4870995915706106,9.82222967876642,0.0,0.001054609789788774,65,True
heart_left_ventricle,raw,ENSG00000290685.2,ENSG00000290685,1.6666666513835298,400.91711119198146,-0.9931949767959002,0.0019776123628864203,284.66666666666674,361.91468614981903,0.0,4.866351105054449,7.209094180284478e-06,-1.0,-0.4870995915706106,-0.9765592434968854,0.06705268185558123,3.634195804989037,15.673562767632173,-1.0,-0.4870995915706106,400.70897280373276,0.0,0.0028887487238271614,452,True
kidney_cortex,excluded_at_or_below_-1,ENSG00000290685.2,ENSG00000290685,0.11249783999142184,0.9568376853354493,-0.819155760553311,0.026669959274743856,6.534990024999205,10.24614640175066,0.0,7.196753382755283,5.665524295259476e-12,-0.9548757994040072,-0.6259287158351092,-0.8021281338515476,0.08346574552934025,0.41891706853914606,0.894334057832348,-0.9548757994040072,-0.6259287158351092,0.9568296226395778,0.0,5.420941473488483e-12,10,True
kidney_cortex,raw,ENSG00000290685.2,ENSG00000290685,,,,,,,,,,,,,,,,,,,,,104,False
kidney_medulla,excluded_at_or_below_-1,ENSG00000290685.2,ENSG00000290685,,,,,,,,,,,,,,,,,,,,,2,False
kidney_medulla,raw,ENSG00000290685.2,ENSG00000290685,0.051282056266324205,9.0081094053309,-0.9953320493678557,0.0018911258089539958,1.8974358989707725,266.571659287794,0.0,3.4907667492087153,0.0022745130049833208,-1.0,-0.6388649935938266,-0.9428327469857701,0.12889348213071974,1.7503056672466786,1.2237037329615044,-1.0,-0.6388649935938266,8.947626317801614,0.0,0.020351492423570976,11,True
liver,excluded_at_or_below_-1,ENSG00000290685.2,ENSG00000290685,0.15989289087830688,0.5798496394555546,-0.829001561665636,0.0662989745068271,8.720533421759058,8.058105027390415,0.0,1.2788364062489481,0.4414409304048682,-0.8889539935699295,-0.4512339358992603,-0.7335448853858982,0.1388979044410749,0.8192003728547818,-0.6121061454740371,-0.8889539935699295,-0.4512339358992603,0.5798495141400737,0.0,0.2559693090168049,12,True
liver,raw,ENSG00000290685.2,ENSG00000290685,0.3076923083104611,287.7503200192395,-0.9941334709791744,0.002636535319738677,16.307692311280384,291.20637215364945,0.0,3.1467528021318216,0.007216655423562913,-1.0,-0.4512339358992603,-0.9877959489489726,0.06267280667611853,5.953158879871042,38.117053894965416,-1.0,-0.4512339358992603,282.1475700235317,0.0,2.0361617914554144,262,True
lung,excluded_at_or_below_-1,ENSG00000290685.2,ENSG00000290685,2.825487644945082,20.59015591518028,-0.7417771040136565,0.09710117399099522,331.2878671795812,12.808711988699926,0.0,2.1282465527828176,0.10386333518060019,-0.8879044247492363,0.1376805709136446,-0.6154133762994968,0.20005002953033513,1.3482638527091988,1.5374807313140257,-0.8879044247492363,0.1376805709136446,20.589386559709077,0.0,2.1384823574140084,249,True
lung,raw,ENSG00000290685.2,ENSG00000290685,6.384615424482154,395.4231837569413,-0.9873468529999081,0.0044171704682514825,2225.230769232224,360.19190392939794,0.0,4.051066677830585,0.0002789579414637386,-1.0,0.1376805709136446,-0.8414535276466468,0.22881566946842247,1.5049776626721625,1.9251603135691324,-1.0,0.1376805709136446,387.159000838113,0.0,0.10800107789295854,604,True
minor_salivary_gland,excluded_at_or_below_-1,ENSG00000290685.2,ENSG00000290685,0.3285099244370007,5.8405823896842595,-0.7980096551214878,0.020528328110341065,11.897973786625622,44.113393549057946,0.0,5.264904302793079,9.56917002714222e-07,-0.8744335318773586,-0.1576719855292925,-0.7308977431251882,0.14933696766910964,2.517293337070343,6.850139091929378,-0.8744335318773586,-0.1576719855292925,5.84023498464065,0.0,5.588620156649071e-06,25,True
minor_salivary_gland,raw,ENSG00000290685.2,ENSG00000290685,0.6410256410256415,166.67699170462376,-0.9903114430144224,0.00316973087469318,62.974358974466895,371.4921108109622,0.0,4.322666254798376,8.781042938834052e-05,-1.0,-0.1576719855292925,-0.9628311799896668,0.10789866646603052,3.8737008171284257,19.30476505040627,-1.0,-0.1576719855292925,166.27886050796894,0.0,0.014601018139408728,181,True
muscle_skeletal,excluded_at_or_below_-1,ENSG00000290685.2,ENSG00000290685,1.6106742384013397,13.533391627845743,-0.8453685811865036,0.02537957334212081,103.52222038428206,32.79308454797132,0.0,3.3100486633441926,0.0041768457460158,-0.9047709409520014,-0.2568616423879366,-0.7477895195729914,0.13660037704446593,1.3698164771959649,1.505577278324738,-0.9047709409520014,-0.2568616423879366,13.533227153030607,0.0,0.0565262022640014,102,True
muscle_skeletal,raw,ENSG00000290685.2,ENSG00000290685,2.615384560899408,747.0723359390332,-0.9898500999650452,0.004006776597119047,519.2307820412695,258.71225725782193,0.0,3.582462345538614,0.001638671950996604,-1.0,-0.2568616423879366,-0.9685507713892973,0.09621867119352315,3.676722430115864,15.027054061337264,-1.0,-0.2568616423879366,744.7234476687981,0.0,1.2203574249443467,818,True
nerve_tibial,excluded_at_or_below_-1,ENSG00000290685.2,ENSG00000290685,0.7462886892993063,7.14761895686753,-0.7520323958237761,0.06447639569991553,63.260162514769696,10.449055540496634,0.0,2.080075458899835,0.11494361804636706,-0.8468665651048701,-0.2756422255945099,-0.6903672586129176,0.12112447220180261,1.4874228266963958,1.747275877181747,-0.8468665651048701,-0.2756422255945099,7.147308695064591,0.0,0.8215375207049825,86,True
nerve_tibial,raw,ENSG00000290685.2,ENSG00000290685,2.2631587377196842,562.2763911069388,-0.9909476468598861,0.006946949737833478,726.4401393839655,145.61709328099698,0.0,1.8428175048424242,0.18436486703428703,-1.0,-0.2756422255945099,-0.9602560958816582,0.11227874025062733,3.0511132997980157,9.525517473611758,-1.0,-0.2756422255945099,558.2706395439618,0.0,102.9254922286686,670,True
ovary,excluded_at_or_below_-1,ENSG00000290685.2,ENSG00000290685,0.3543848051825557,2.5694732396910327,-0.8331306745931188,0.10086647629857737,24.14036595714708,8.340791634478352,0.0,-0.33847468625354654,1.0,-0.8089895195179458,-0.2382373118829319,-0.6304274703797226,0.169317020508894,0.6999108304050184,-0.80170290835285,-0.8089895195179458,-0.2382373118829319,2.4264234847265356,0.0,2.426423484726535,26,True
ovary,raw,ENSG00000290685.2,ENSG00000290685,,,,,,,,,,,,,,,,,,,,,193,False
pancreas,excluded_at_or_below_-1,ENSG00000290685.2,ENSG00000290685,0.36846719467959593,1.7874629496066794,-0.8372067588503064,0.05053743725651788,20.96782701929185,6.012663434812267,0.0,2.811340013455322,0.01921979856982718,-0.9376710192116092,-0.6223420388631145,-0.8124796735829823,0.07201294423303206,0.8697103286602923,0.3721823747909454,-0.9376710192116092,-0.6223420388631145,1.7874580979542554,0.0,0.03435458459468721,35,True
pancreas,raw,ENSG00000290685.2,ENSG00000290685,0.9210585706377818,313.0770204413499,-0.9952803841245255,0.002692196349103082,208.66545934388162,195.9049034344683,0.0,2.479219163383518,0.046872523110759866,-1.0,-0.6223420388631145,-0.981869581700012,0.059733043255667514,3.4964673941389055,12.180584250152398,-1.0,-0.6223420388631145,309.051842626248,0.0,14.486039635921856,362,True
pituitary,excluded_at_or_below_-1,ENSG00000290685.2,ENSG00000290685,0.5698935831012071,10.820737249929216,-0.7195906199183146,0.24690472030995853,101.44272908598865,7.084168773424827,0.0,0.9602943786804691,0.630614513255606,-0.8872464968605943,0.5172202523349037,-0.5916647522323764,0.25090502574874685,1.9206714605789914,4.426206742945675,-0.8872464968605943,0.5172202523349037,10.82049779246248,0.0,6.823562948577085,135,True
pituitary,raw,ENSG00000290685.2,ENSG00000290685,3.4615384912558764,248.43824151387093,-0.9817705399300372,0.0012383348885619788,859.6923076923078,1711.8899966996846,0.0,20.818560394126838,0.0,-1.0,0.5172202523349037,-0.8238809634229098,0.26089543255159675,1.9243614841353396,4.613177121171705,-1.0,0.5172202523349037,211.2015750076161,0.0,0.0,313,True
prostate,excluded_at_or_below_-1,ENSG00000290685.2,ENSG00000290685,1.5718533990426773,9.968127685152187,-0.7809050650657547,0.07137395965418235,170.84162126767671,17.853160657312145,0.0,2.2702202200301653,0.07601317662785488,-0.8954808340314,0.1201262942406851,-0.6008811529686027,0.23883634106654156,1.1579156024503787,0.6931893951986341,-0.8954808340314,0.1201262942406851,9.967117499741656,0.0,0.757632262978446,112,True
prostate,raw,ENSG00000290685.2,ENSG00000290685,2.8717948709678778,188.98474103681463,-0.9878376581791045,0.005246293127852847,410.35897435942314,298.66757536170115,0.0,3.278533687340437,0.004780889821794867,-1.0,0.1201262942406851,-0.8414847132357571,0.24659276080652145,1.71096636371999,2.4876924761048134,-1.0,0.1201262942406851,183.16791522157874,0.0,0.8757056215622372,282,True
skin_not_sun_exposed_suprapubic,excluded_at_or_below_-1,ENSG00000290685.2,ENSG00000290685,2.232516966318801,28.82609974024079,-0.7698940365134544,0.07353550178065818,327.7105550587389,23.103525275134047,0.0,2.2819951407496344,0.07399707727474514,-0.8885519692336451,0.431430409250058,-0.631848672981228,0.22670156269659356,2.0568974684647685,5.10637740126584,-0.8885519692336451,0.431430409250058,28.82548781599169,0.0,2.1330018494021616,202,True
skin_not_sun_exposed_suprapubic,raw,ENSG00000290685.2,ENSG00000290685,5.35045973825443,420.7044410054713,-0.9821172668541956,0.014020663176127242,3140.403156969779,142.57943932433744,0.0,1.803766585745841,0.19789816073154357,-1.0,0.431430409250058,-0.8857656404642213,0.21199799254382193,2.4742631941372557,7.736791077575386,-1.0,0.431430409250058,417.8599460936497,0.0,82.69371477531521,651,True
skin_sun_exposed_lower_leg,excluded_at_or_below_-1,ENSG00000290685.2,ENSG00000290685,3.18942177444776,38.925860745369455,-0.7738637900489791,0.07072188376906946,796.0785792131452,27.133439465476034,0.0,2.2213609656615856,0.08483109986596453,-0.8849494394886929,0.5830231775123109,-0.6174593320879005,0.24843111873602566,1.8983365136483583,4.137076610146376,-0.8849494394886929,0.5830231775123109,38.920831453342934,0.0,3.301696939884908,259,True
skin_sun_exposed_lower_leg,raw,ENSG00000290685.2,ENSG00000290685,6.805451606326111,467.70890832292156,-0.9802128076308206,0.013992176897110565,4709.850109208954,157.9989695410162,0.0,1.9999258168010765,0.13650672800205055,-1.0,0.5830231775123109,-0.8685967732238278,0.23278854927975484,2.367178245991711,6.835232509917043,-1.0,0.5830231775123109,463.76402287223897,0.0,63.30690932735748,754,True
small_intestine_terminal_ileum,excluded_at_or_below_-1,ENSG00000290685.2,ENSG00000290685,0.5370331399602881,2.6914472185039364,-0.7964519567726109,0.05652829459998133,32.980699994454525,8.59872654384922,0.0,2.2879061483648604,0.07300297686314669,-0.8879030899061775,-0.452747610987845,-0.7469164020234038,0.10617829083025193,1.0861277510188736,0.43145239746955255,-0.8879030899061775,-0.452747610987845,2.6914412646392925,0.0,0.19648322437098054,46,True
small_intestine_terminal_ileum,raw,ENSG00000290685.2,ENSG00000290685,1.2105265468052666,155.31731532034664,-0.9931596282930407,0.004372108177532068,99.80245298390018,174.80308654526792,0.0,2.2126045483887284,0.08738381287199354,-1.0,-0.452747610987845,-0.9437592004496452,0.11656357433232559,2.088274840497588,3.695036376929427,-1.0,-0.452747610987845,153.71588517066817,0.0,13.43228014520658,207,True
spleen,excluded_at_or_below_-1,ENSG00000290685.2,ENSG00000290685,0.49996166916026874,6.911117097692202,-0.816957939857183,0.006584314374099026,15.500000963884046,105.53684127857146,0.0,8.557186963769025,1.28527318704279e-16,-0.8567986051049772,-0.3255981060132324,-0.6841067172671399,0.14637589065978834,0.9099293483669393,-0.11720348297752947,-0.8567986051049772,-0.3255981060132324,6.910425181619816,0.0,8.881784197001252e-16,25,True
spleen,raw,ENSG00000290685.2,ENSG00000290685,1.0468053416229737,249.76223362600985,-0.9915695757623186,0.004251687862170459,44.81445940576032,221.51811591171352,0.0,2.8041617070641913,0.019941108766985988,-1.0,-0.3255981060132324,-0.9714897759266373,0.10042989258932054,3.9343906058809472,16.056717359651405,-1.0,-0.3255981060132324,245.62841134720003,0.0,4.8981028669364886,277,True
stomach,excluded_at_or_below_-1,ENSG00000290685.2,ENSG00000290685,0.3298256254799812,4.120078395386695,-0.7814738853696411,0.17776615374596783,32.266131702662626,5.611829117438195,0.0,0.9031686032197926,0.6650741461108963,-0.895001865195466,-0.0760689138513196,-0.688666852761449,0.1720769134651879,1.6719755850392102,3.020031765420682,-0.895001865195466,-0.0760689138513196,4.12007742980934,0.0,2.7401569785412234,65,True
stomach,raw,ENSG00000290685.2,ENSG00000290685,1.6666666544402526,344.4327861538161,-0.988886378624852,0.003980116247763641,154.66666666667544,324.34199362370373,0.0,3.948888197585983,0.0004136301600195797,-1.0,-0.0760689138513196,-0.9502784899987572,0.13306924416810437,3.2968632424491786,12.619481823560346,-1.0,-0.0760689138513196,342.2626018473867,0.0,0.14157013477085223,407,True
testis,excluded_at_or_below_-1,ENSG00000290685.2,ENSG00000290685,0.6036060596979625,18.928691198407318,1.0756829025392713,1.0631581917850084,273.83992853990753,2.3059915479546813,0.033605407476218756,2.560571684531759,0.0,-0.849268769890305,2.8092497906131575,0.9902776194790097,0.7312404151037588,-0.23818707466593572,-0.48477459792931166,-0.849268769890305,2.8092497906131575,18.215182245828643,0.6121286216246571,0.0,408,True
testis,raw,ENSG00000290685.2,ENSG00000290685,1.4462618480965959,19.11598372830715,1.074508570871284,1.0105044469300015,287.95026321938326,2.42779194848664,0.03827961843693239,2.903300589224051,0.0,-1.0,2.8092497906131575,0.9614330162981545,0.7639751765865205,-0.3495413679544968,-0.3103175981228863,-1.0,2.8092497906131575,18.833442161165163,0.7209369797834377,0.0,414,True
thyroid,excluded_at_or_below_-1,ENSG00000290685.2,ENSG00000290685,1.1221925148473733,15.833818031637357,-0.7305588091647319,0.10376603911752638,165.49423801493913,14.13244543485281,0.0,2.1028622610043435,0.10959631262902976,-0.8848535305843105,0.306390577290355,-0.64052376901023,0.17655849582997019,1.918381238753643,5.689784775253797,-0.8848535305843105,0.306390577290355,15.832815854744567,0.0,1.7352182362144446,141,True
thyroid,raw,ENSG00000290685.2,ENSG00000290685,3.6153845986199116,561.8323036902226,-0.9825160981453185,0.005714999839776059,1211.2307692963286,318.9482680905503,0.0,4.326504255345702,8.616217921368768e-05,-1.0,0.306390577290355,-0.9258974436117579,0.166035059588858,2.6457478201295723,8.458815920252414,-1.0,0.306390577290355,561.8096606392874,0.0,0.048406744663983314,684,True
uterus,excluded_at_or_below_-1,ENSG00000290685.2,ENSG00000290685,0.7874057729059554,2.673044356754754,-0.7355880401513692,0.13988170831521116,45.705895901469276,7.818192438425984,0.0,1.2736149993292132,0.44439269716820673,-0.8615629611831661,0.037719572872056,-0.5619141525254451,0.2389298829043916,0.9433169223639518,-0.06049961300720019,-0.8615629611831661,0.037719572872056,2.673041873786993,0.0,1.187880287935759,58,True
uterus,raw,ENSG00000290685.2,ENSG00000290685,1.487179478154469,143.1120991182579,-0.9893447507245318,0.0035507462287691165,115.74358974358975,409.06564487526214,0.0,4.243839763524024,0.00012344731588548533,-1.0,0.037719572872056,-0.8339282408266392,0.2586094796284009,1.570300451253962,1.6817060804440533,-1.0,0.037719572872056,142.34253181111688,0.0,0.017571803488426685,153,True
vagina,excluded_at_or_below_-1,ENSG00000290685.2,ENSG00000290685,0.33585086787212054,7.895800694986591,-0.5994052810629698,0.4057953084315854,99.46325775546971,5.803501117225222,0.0,0.8535630177997072,0.6946948853381155,-0.844327177790225,1.0658548949854332,-0.43803408379772013,0.3118727450537851,1.5728394948609727,4.0274416887464755,-0.844327177790225,1.0658548949854332,7.895781438134584,0.0,5.485158980819726,109,True
vagina,raw,ENSG00000290685.2,ENSG00000290685,2.7948718081710084,94.17620817558957,-0.9812752690997995,0.01023301700593322,506.35897435897704,282.9155116534836,0.0,2.5877772288950784,0.03588762970768666,-1.0,1.0658548949854332,-0.6396806772585382,0.36775583343829793,1.1363899563697757,1.8885349713219277,-1.0,1.0658548949854332,92.22531957148638,0.0,3.3097481184545807,170,True
whole_blood,excluded_at_or_below_-1,ENSG00000290685.2,ENSG00000290685,0.34386655497452834,1.8374387225054805,-0.8130254716765373,0.10752603414670092,13.914985302967544,8.063809754053958,0.0,0.5638652146753225,0.8530221868426611,-0.8558974904016131,-0.1999147605107246,-0.6618344105105487,0.18066582171395829,1.0682680627404273,0.0597962383135644,-0.8558974904016131,-0.1999147605107246,1.8374345539161878,0.0,1.5673724413618562,29,True
whole_blood,raw,ENSG00000290685.2,ENSG00000290685,0.7435897434081572,806.1622796644124,-0.9908427561270025,0.004133483163836235,51.4358974466882,270.60497259241373,0.0,3.133023158882823,0.0074039292356064944,-1.0,-0.1999147605107246,-0.9877872950246648,0.07159110240366012,7.0382947670724265,55.17530489953673,-1.0,-0.1999147605107246,804.4127005580388,0.0,5.955814711154836,803,True
adipose_subcutaneous,excluded_at_or_below_-1,ENSG00000290686.2,ENSG00000290686,0.4029376745189623,12.696041637645285,-0.9597749662968832,0.004663685640731642,26.85759555517564,73.8226450575016,0.0,6.610689986081324,3.240476626359099e-10,-0.981575195614216,-0.7163282770021088,-0.9441021896668631,0.045791603858717944,4.011660619755039,17.462088287367813,-0.981575195614216,-0.7163282770021088,12.689942074116734,0.0,4.112146068102618e-09,32,True
adipose_subcutaneous,raw,ENSG00000290686.2,ENSG00000290686,0.8205135044166727,829.1607173648711,-0.9966224955305172,0.0003797894874016165,151.74358974360806,1043.725270042733,0.0,12.576737340461264,0.0,-1.0,-0.7163282770021088,-0.9974947760074785,0.015003875972598323,11.229768873858172,179.46925775399936,-1.0,-0.7163282770021088,807.0238497008471,0.0,0.0,714,True
adipose_visceral_omentum,excluded_at_or_below_-1,ENSG00000290686.2,ENSG00000290686,0.05151221991482447,84204821622.87068,-2.255629870289892,0.26130131988827826,7.882237522571197,8.256987259258858,0.0,-6.935040427159938,1.0,-0.9742567698547356,-0.73000338320927,-0.9316417748144612,0.06111657642318812,2.598872792895691,6.149659606655314,-0.9742567698547356,-0.73000338320927,3.031572928442748,0.0,3.0315729284427264,15,True
adipose_visceral_omentum,raw,ENSG00000290686.2,ENSG00000290686,0.38461538461538386,644.3097634924892,-0.9970299842140784,0.0011703658287243487,17.23076923076926,322.66205265664104,0.0,3.5888236838653893,0.0016371693508646307,-1.0,-0.73000338320927,-0.9982531969714087,0.014345498023019982,13.251036859914239,218.73591061479516,-1.0,-0.73000338320927,628.3758198439972,0.0,1.0287576330730248,587,True
adrenal_gland,excluded_at_or_below_-1,ENSG00000290686.2,ENSG00000290686,0.1720963507747435,1.9697908994207556,-0.966789915287826,0.005090368913378901,7.717199029033435,19.346038363542437,0.0,4.988331918445283,3.950410025769663e-06,-0.9847450886809168,-0.8971551197357581,-0.9557397538514842,0.022289685986884904,1.4247140002937175,1.4573910095381555,-0.9847450886809168,-0.8971551197357581,1.96971903518566,0.0,7.781197824546782e-06,15,True
adrenal_gland,raw,ENSG00000290686.2,ENSG00000290686,0.3846153846153594,340.1576059247563,-0.9989166331828307,0.00045671572002398364,19.23076933647287,315.1030414212694,0.0,3.3546295401996513,0.003649370307312148,-1.0,-0.8971551197357581,-0.9977494790093975,0.010886869245898914,5.806146397860729,38.450481326470616,-1.0,-0.8971551197357581,335.5731702805268,0.0,1.224630763552352,295,True
artery_aorta,excluded_at_or_below_-1,ENSG00000290686.2,ENSG00000290686,0.16896063196283098,0.5308281094434674,-0.9567551622130206,0.007728602837539372,8.672293400843731,9.38895463098278,0.0,0.9182122105537787,0.6560374184581852,-0.9617731437150796,-0.9054450183046436,-0.9395548050409664,0.020390220013858002,0.6331461086232303,-1.0993329907259266,-0.9617731437150796,-0.9054450183046436,0.5308178218433984,0.0,0.3482363535137399,11,True
artery_aorta,raw,ENSG00000290686.2,ENSG00000290686,0.2820512552217513,600.7268965033745,-0.9990901349112292,0.0005281664638602974,9.89743591329502,250.74328458323467,0.0,2.436246215000167,0.05168073459629651,-1.0,-0.9054450183046436,-0.9985913196090055,0.009600382675778287,7.325172520523508,56.01903246970153,-1.0,-0.9054450183046436,597.7441450769785,0.0,30.89185651821343,472,True
artery_coronary,excluded_at_or_below_-1,ENSG00000290686.2,ENSG00000290686,,,,,,,,,,,,,,,,,,,,,10,False
artery_coronary,raw,ENSG00000290686.2,ENSG00000290686,0.25640822767339844,265.7574948322397,-0.999159460205265,0.00035118615319109243,11.435897439045332,287.1980786987125,0.0,3.3848224556336532,0.0032521097280770067,-1.0,-0.927840678413336,-0.9981349655879266,0.009818909680944381,5.360257692683134,28.10214870314028,-1.0,-0.927840678413336,265.7415015128996,0.0,0.8642205222238915,268,True
artery_tibial,excluded_at_or_below_-1,ENSG00000290686.2,ENSG00000290686,0.20165165785032896,4.488757445015066,-0.9558804380885513,0.014642885901820309,14.163283942207375,12.241323668410393,0.0,1.8909061862956402,0.1673350638904311,-0.975459039421232,-0.8291327455667786,-0.9476838801836749,0.02476497612304253,2.9721890169457588,11.578550018607539,-0.975459039421232,-0.8291327455667786,4.488730527596279,0.0,0.7511220096222518,39,True
artery_tibial,raw,ENSG00000290686.2,ENSG00000290686,1.0000462969115913,722.9927206978483,-0.9980499951119239,0.0005738034889862259,130.00000008359274,416.3186000272638,0.0,4.806041462527886,9.709824492538719e-06,-1.0,-0.8291327455667786,-0.9970472812259962,0.013406850733407456,5.909517050572308,46.85334463578589,-1.0,-0.8291327455667786,718.2044191697504,0.0,0.0069736388599037635,691,True
bladder,excluded_at_or_below_-1,ENSG00000290686.2,ENSG00000290686,,,,,,,,,,,,,,,,,,,,,3,False
bladder,raw,ENSG00000290686.2,ENSG00000290686,0.0789477937051476,69.50491147567831,-0.9995591121169781,0.00043233268734957874,23.434129680769175,114.83016707779107,0.0,1.4421986629745904,0.354697918821627,-1.0,-0.96445491283449,-0.998770576396448,0.006171828542463862,4.832054974346856,21.59141122186485,-1.0,-0.96445491283449,69.26347505003935,0.0,24.567610450601865,77,True
brain_amygdala,excluded_at_or_below_-1,ENSG00000290686.2,ENSG00000290686,,,,,,,,,,,,,,,,,,,,,3,False
brain_amygdala,raw,ENSG00000290686.2,ENSG00000290686,0.07690630072808023,247.50658478745714,-0.999481595519581,0.0003357127542200567,2.7692307842157766,237.52217695355847,0.0,2.183815293842021,0.09368728240829978,-1.0,-0.9430974493517152,-0.9993562524839641,0.005340768328754536,8.946067382970526,82.65823523366706,-1.0,-0.9430974493517152,243.399808478986,0.0,22.80346659509671,181,True
brain_anterior_cingulate_cortex_ba24,excluded_at_or_below_-1,ENSG00000290686.2,ENSG00000290686,0.16927387788892395,0.522095781177695,-0.9753843966887271,0.00428415780820781,9.669425326637143,5.132709671511374,0.0,1.9035042228763348,0.16338044959515854,-0.9811507906028882,-0.9598355865220572,-0.9729882876796881,0.005861404939117678,0.8580951112056606,0.10392519409042222,-0.9811507906028882,-0.9598355865220572,0.5220947075257671,0.0,0.08530006804681264,14,True
brain_anterior_cingulate_cortex_ba24,raw,ENSG00000290686.2,ENSG00000290686,0.7054380833963929,207.69612518121517,-0.9995155895432728,0.0005413899410599768,181.78455429846355,103.65171971562678,0.0,1.2653723050668186,0.4494136960916086,-1.0,-0.9598355865220572,-0.9983769786588654,0.0065809669132382825,4.006552561954313,15.024386625351045,-1.0,-0.9598355865220572,207.53582657297082,0.0,93.26944289158588,233,True
brain_caudate_basal_ganglia,excluded_at_or_below_-1,ENSG00000290686.2,ENSG00000290686,,,,,,,,,,,,,,,,,,,,,8,False
brain_caudate_basal_ganglia,raw,ENSG00000290686.2,ENSG00000290686,0.205128205128205,341.2257134226346,-0.9996533264615749,0.00013731933917716122,10.35897435897436,326.8093675539054,0.0,3.570294051040453,0.0017652834165640975,-1.0,-0.9679203212186448,-0.999424508834217,0.0036394221351525825,6.651620353762783,45.08088449039238,-1.0,-0.9679203212186448,329.800654477948,0.0,0.5821916261217162,300,True
brain_cerebellar_hemisphere,excluded_at_or_below_-1,ENSG00000290686.2,ENSG00000290686,,,,,,,,,,,,,,,,,,,,,10,False
brain_cerebellar_hemisphere,raw,ENSG00000290686.2,ENSG00000290686,0.25640539566753756,279.5602853585362,-0.9993412553800146,0.0002889149232022541,11.435897547134383,279.24494735202836,0.0,3.224497943540455,0.005539955245108578,-1.0,-0.942293271493162,-0.9985765852874381,0.007682031161590563,5.6279998397744,31.86942288222361,-1.0,-0.942293271493162,278.74386739554217,0.0,1.5442285502197821,277,True
brain_cerebellum,excluded_at_or_below_-1,ENSG00000290686.2,ENSG00000290686,0.23684214468670847,4.265002566276475,-0.9770222201064295,0.0006170564636261491,8.868421432653742,144.69978252000826,0.0,3.7102505563267885,0.0010251048177464456,-0.9786410944747478,-0.9138861150195562,-0.95070217238539,0.02181330527664636,0.398986711146821,-1.0776623487338532,-0.9786410944747478,-0.9138861150195562,4.26492074316806,0.0,0.004371990801128323,11,True
brain_cerebellum,raw,ENSG00000290686.2,ENSG00000290686,0.2889048248653742,273.58561120702683,-0.9990874953392195,0.0006130820603431822,9.899367261952369,196.5364106617769,0.0,2.1049000622887686,0.10984664892961347,-1.0,-0.9138861150195562,-0.9979613680309747,0.010708088170793544,5.767264977117163,34.469652529316924,-1.0,-0.9138861150195562,271.777154107552,0.0,29.853809634342554,266,True
brain_cortex,excluded_at_or_below_-1,ENSG00000290686.2,ENSG00000290686,,,,,,,,,,,,,,,,,,,,,13,False
brain_cortex,raw,ENSG00000290686.2,ENSG00000290686,0.3333333333317719,259.98264244882307,-0.9992392308727935,0.0003014732023292188,24.666666666709943,294.75153083717294,0.0,3.5687749664566315,0.001721310744264523,-1.0,-0.9364059429895882,-0.9981442572838295,0.009065075115375252,5.4061253051042915,30.02682099207948,-1.0,-0.9364059429895882,259.09808747635026,0.0,0.4459883217914499,270,True
brain_frontal_cortex_ba9,excluded_at_or_below_-1,ENSG00000290686.2,ENSG00000290686,,,,,,,,,,,,,,,,,,,,,7,False
brain_frontal_cortex_ba9,raw,ENSG00000290686.2,ENSG00000290686,0.17948728186898347,278.4661975326307,-0.9994357356273401,3.117199220490141e-05,7.743589743590155,2050.4563116163613,0.0,25.599593485534015,0.0,-1.0,-0.9542397271440516,-0.9990583074237985,0.005867561539446013,6.265065217797476,38.55424832189028,-1.0,-0.9542397271440516,113.69249260253561,0.0,0.0,269,True
brain_hippocampus,excluded_at_or_below_-1,ENSG00000290686.2,ENSG00000290686,,,,,,,,,,,,,,,,,,,,,9,False
brain_hippocampus,raw,ENSG00000290686.2,ENSG00000290686,0.10866920348650602,231.06682024894698,-0.9985873102376641,0.0013743207015805092,251.9177776213092,115.58564200112737,0.0,1.453696374524244,0.34891665451451953,-1.0,-0.8862621672507275,-0.9988061777155477,0.008221191342593954,10.79954902905193,137.75615481498872,-1.0,-0.8862621672507275,230.21474719453232,0.0,80.32575941102128,255,True
brain_hypothalamus,excluded_at_or_below_-1,ENSG00000290686.2,ENSG00000290686,0.09786361113288608,4.167223829615437,-0.9754128856069998,0.005216317356804215,4.051014501595169,42.15699720279105,0.0,3.830308981782124,0.0006519136346430195,-0.9895409549136368,-0.8199170806801546,-0.9605839289339391,0.043852701415333206,2.806960973378705,6.592096992108427,-0.9895409549136368,-0.8199170806801546,4.167078058737739,0.0,0.0027165750031128977,13,True
brain_hypothalamus,raw,ENSG00000290686.2,ENSG00000290686,-0.010676164227291826,229.27191801717882,-0.9978508366557427,0.0025469850570872597,335.58303732207884,98.79772564996264,0.0,1.1933230392327248,0.4908080873713849,-1.0,-0.8199170806801546,-0.9980061909577479,0.012847089600653798,11.073604077498517,143.96005679473745,-1.0,-0.8199170806801546,229.20134760342796,0.0,112.4938750401826,257,True
brain_nucleus_accumbens_basal_ganglia,excluded_at_or_below_-1,ENSG00000290686.2,ENSG00000290686,0.2704613356271234,2.737231363448312,-0.969801901236044,0.0005137601368763422,9.311848942995947,20.53779613998927,0.0,45.18315150776452,0.0,-0.9862161845669004,-0.9623408633583465,-0.9736064885954371,0.006719480831081722,-0.18951988913787798,-0.6542772199107123,-0.9862161845669004,-0.9623408633583465,2.7366522120631296,0.0,0.0,15,True
brain_nucleus_accumbens_basal_ganglia,raw,ENSG00000290686.2,ENSG00000290686,0.8808516699532499,257.0244482515596,-0.9995493668915123,0.00051528124591467,265.03485723295313,102.12048420043666,0.0,1.23678371516574,0.4656139891720448,-1.0,-0.9623408633583465,-0.9986108678208125,0.006089537448808204,4.380177862763435,18.123585301045107,-1.0,-0.9623408633583465,256.91686966948294,0.0,119.6240885724033,285,True
brain_putamen_basal_ganglia,excluded_at_or_below_-1,ENSG00000290686.2,ENSG00000290686,,,,,,,,,,,,,,,,,,,,,6,False
brain_putamen_basal_ganglia,raw,ENSG00000290686.2,ENSG00000290686,0.15382696881598595,277.92312508586275,-0.9992524623372547,0.00030801816315935687,5.07692309127772,309.432494571802,0.0,3.432193381700472,0.0028373341994683693,-1.0,-0.9318575291138104,-0.9992571204942836,0.005535457171344021,9.221338778815426,95.80721007498926,-1.0,-0.9318575291138104,271.0380378430779,0.0,0.7690254941288721,254,True
brain_spinal_cord_cervical_c-1,excluded_at_or_below_-1,ENSG00000290686.2,ENSG00000290686,,,,,,,,,,,,,,,,,,,,,6,False
brain_spinal_cord_cervical_c-1,raw,ENSG00000290686.2,ENSG00000290686,0.15384615384615383,247.2505748298471,-0.9990067499937685,9.230449234349871e-05,7.0769230769230775,1255.6191661345763,0.0,15.21776019754973,0.0,-1.0,-0.9170535763073724,-0.9986083072336754,0.008681161777830801,7.00785541193359,52.64667889774129,-1.0,-0.9170535763073724,231.1837371592155,0.0,0.0,204,True
brain_substantia_nigra,excluded_at_or_below_-1,ENSG00000290686.2,ENSG00000290686,,,,,,,,,,,,,,,,,,,,,8,False
brain_substantia_nigra,raw,ENSG00000290686.2,ENSG00000290686,0.2828874859945804,169.34429550398792,-0.9993909645518508,0.0006094244450267247,43.98107425169755,113.45440783306537,0.0,1.4133108669455965,0.36927751779972734,-1.0,-0.9505002656014891,-0.9984335796304743,0.007677772996121033,4.992349004023376,24.042051212632284,-1.0,-0.9505002656014891,168.91859755070433,0.0,62.37784041373519,183,True
breast_mammary_tissue,excluded_at_or_below_-1,ENSG00000290686.2,ENSG00000290686,0.3851937601668746,3.638062973307551,-0.9579586519155986,0.0019961944150052534,15.04069153523756,53.79785396761799,0.0,11.354732711928937,0.0,-0.9739861138396624,-0.8820217648097913,-0.9482250913334445,0.021098372353039997,1.5415125711020834,2.650921692099068,-0.9739861138396624,-0.8820217648097913,3.6347378589931303,0.0,0.0,21,True
breast_mammary_tissue,raw,ENSG00000290686.2,ENSG00000290686,0.5384615383787804,704.5964354666469,-0.9989166585265407,0.0006539396164059111,31.692307695827324,252.79756711325328,0.0,2.342840479473779,0.06575602784471613,-1.0,-0.8820217648097913,-0.997884682719849,0.011072714061110987,6.002089611221162,40.774989764606964,-1.0,-0.8820217648097913,688.8188951343786,0.0,45.29399444842044,514,True
cells_cultured_fibroblasts,excluded_at_or_below_-1,ENSG00000290686.2,ENSG00000290686,0.1405814325070863,13.560025640332844,-1.0592024558576436,0.0593589058795386,26.807561765319903,3.519073661805618,0.0,-2.084534837771318,1.0,-0.9717080981948204,-0.911496078382546,-0.9530728277249115,0.016824876801393333,1.1857442050444111,0.7607372046936405,-0.9717080981948204,-0.911496078382546,1.5164233413397692,0.0,1.5164233413397692,23,True
cells_cultured_fibroblasts,raw,ENSG00000290686.2,ENSG00000290686,0.5897435897435881,793.7859975193259,-0.9990845004360323,0.00039474941734951694,43.4358974358975,313.7907972267475,0.0,3.279832326043398,0.004638986195744917,-1.0,-0.911496078382546,-0.9983445936160628,0.00919916425454539,6.118791706115217,40.29804693142401,-1.0,-0.911496078382546,789.5185156673575,0.0,3.6625654954660383,652,True
cells_ebv-transformed_lymphocytes,excluded_at_or_below_-1,ENSG00000290686.2,ENSG00000290686,0.08903329426650879,1.9721413936123533,-0.960966330295642,0.023910286396208614,20.688251506644566,9.754048370332821,0.0,1.5419723485681933,0.30457750068199113,-0.987036650543054,-0.796053408893746,-0.9417129402509566,0.048367992738678,1.9148863104528246,2.690985977247844,-0.987036650543054,-0.796053408893746,1.9721223516986768,0.0,0.6006640969194738,20,True
cells_ebv-transformed_lymphocytes,raw,ENSG00000290686.2,ENSG00000290686,0.5128205128119032,312.857536545493,-0.9975946139383651,0.0010036030792783565,49.74358974410712,283.99903451478383,0.0,3.389516893026376,0.003202158263984746,-1.0,-0.796053408893746,-0.9964350422171839,0.018221675241668314,7.400112100916738,64.50182229364093,-1.0,-0.796053408893746,312.70673019729645,0.0,1.001336440304926,327,True
cervix_ectocervix,excluded_at_or_below_-1,ENSG00000290686.2,ENSG00000290686,,,,,,,,,,,,,,,,,,,,,2,False
cervix_ectocervix,raw,ENSG00000290686.2,ENSG00000290686,0.05128205128201013,24.29064994248523,-0.9993714837952594,0.0002783915491901498,1.8974358974361483,288.2569533241406,0.0,3.1928273092386097,0.0062550382647384405,-1.0,-0.942627366827465,-0.9954893341458441,0.01531187024277084,3.036245978033006,7.269142535126537,-1.0,-0.942627366827465,23.74534246659815,0.0,0.14852802573788887,24,True
cervix_endocervix,excluded_at_or_below_-1,ENSG00000290686.2,ENSG00000290686,,,,,,,,,,,,,,,,,,,,,1,False
cervix_endocervix,raw,ENSG00000290686.2,ENSG00000290686,0.025641025641953447,53.099026038702696,-0.999747024581497,0.0001803489777743509,0.9743589751623571,262.9832249115869,0.0,1.983716637649453,0.14304456917386635,-1.0,-0.9662098297429608,-0.9985308621627375,0.0070457375520353305,4.47721504346783,18.045454545454618,-1.0,-0.9662098297429608,51.89340763339568,0.0,7.423070137882816,23,True
colon_sigmoid,excluded_at_or_below_-1,ENSG00000290686.2,ENSG00000290686,0.26460115496258585,1.735274918573071,-0.9677154646169044,0.005923645416944269,12.931625860287948,23.28182353554587,0.0,3.835351104458181,0.000639464862182243,-0.9837804074209968,-0.870196058104483,-0.9476480159488856,0.029813464438843848,1.2186232178624725,0.8037568615229542,-0.9837804074209968,-0.870196058104483,1.7351358192830983,0.0,0.0011095583875453396,17,True
colon_sigmoid,raw,ENSG00000290686.2,ENSG00000290686,0.4821511017552669,401.43595251629984,-0.9983781031817205,0.0006187816700809506,17.67996057275174,292.9575896733231,0.0,3.706813870037443,0.001068556850642621,-1.0,-0.870196058104483,-0.9978759338213151,0.011872882559238601,6.86153843778314,53.65253642086948,-1.0,-0.870196058104483,390.04407485799874,0.0,0.4167842682420506,419,True
colon_transverse,excluded_at_or_below_-1,ENSG00000290686.2,ENSG00000290686,0.4209258744355107,4.327514397263538,-0.9589522060719519,0.017510571210780358,34.18522509074202,9.413152674511897,0.0,2.5159211487003503,0.04221804209216247,-0.9901039483597996,-0.8424000214440526,-0.9486481314259642,0.0272411284023151,1.5151075492572106,3.069417053777687,-0.9901039483597996,-0.8424000214440526,4.327419185813008,0.0,0.18269516533708502,53,True
colon_transverse,raw,ENSG00000290686.2,ENSG00000290686,1.3589743531926795,467.1166361757391,-0.9982486738527384,0.0007082268169156512,126.97435908821032,311.2043665245502,0.0,3.4971129734714865,0.002246002372213452,-1.0,-0.8424000214440526,-0.9943180604709313,0.018459818983067255,3.9401141215270816,18.170484036130798,-1.0,-0.8424000214440526,459.5660959315785,0.0,1.0321865416511977,479,True
esophagus_gastroesophageal_junction,excluded_at_or_below_-1,ENSG00000290686.2,ENSG00000290686,0.14644362468133387,0.7405235021275735,-0.9630805379093178,0.010034107402192047,14.911588365291038,4.196837635731762,0.0,1.545226796388686,0.3029445095215916,-0.9740442084950328,-0.9333031968436376,-0.9589054933600443,0.011226979754144679,1.101145488501154,0.5610514639659532,-0.9740442084950328,-0.9333031968436376,0.7404113377147061,0.0,0.22430354954820714,18,True
esophagus_gastroesophageal_junction,raw,ENSG00000290686.2,ENSG00000290686,0.46149374132993815,410.86159139937337,-0.9992481566032246,0.00031815378078406707,25.6923077703326,293.1294930153676,0.0,3.3419911776005167,0.00378414604697449,-1.0,-0.9333031968436376,-0.998164513351069,0.008807322160581294,4.975987932014216,24.988223095766315,-1.0,-0.9333031968436376,407.7845267661693,0.0,1.5431162049795575,403,True
esophagus_mucosa,excluded_at_or_below_-1,ENSG00000290686.2,ENSG00000290686,0.2579451639820285,9.249429015044061,-0.9615774570980443,0.02889868456461364,22.27323356174146,15.698343938222939,0.0,0.8996965578085523,0.6672152446614557,-0.9799622666626968,-0.6407903413980216,-0.9373451838185424,0.05545732896823822,3.410722073300717,13.971383466643946,-0.9799622666626968,-0.6407903413980216,9.24864868676232,0.0,6.17083939632597,56,True
esophagus_mucosa,raw,ENSG00000290686.2,ENSG00000290686,0.42330658424463885,513.895291743298,-0.9955450025381543,0.004458932316974425,2336.0297478710295,112.51546725424872,0.0,1.412965567316545,0.3697574336656163,-1.0,-0.6407903413980216,-0.9942855542244925,0.024532772507646166,7.832790104947159,86.19444473682424,-1.0,-0.6407903413980216,512.1880065603622,0.0,189.38532286006787,614,True
esophagus_muscularis,excluded_at_or_below_-1,ENSG00000290686.2,ENSG00000290686,0.1842104376838137,16.50760640134122,-0.962262270676237,0.001099714266695827,5.710527136238442,117.99873676838699,0.0,34.50902224187187,0.0,-0.9890970183401102,-0.8705046339735236,-0.9518586262260451,0.030538137042443094,1.5550281716492718,1.9456538319215655,-0.9890970183401102,-0.8705046339735236,16.394788323633232,0.0,0.0,13,True
esophagus_muscularis,raw,ENSG00000290686.2,ENSG00000290686,0.25204647130345414,508.54553085906,-0.9983926022391975,0.001604274048306522,1644.9100543555228,112.73691011618209,0.0,1.4169672044839077,0.36771106679588067,-1.0,-0.8705046339735236,-0.9988844244936516,0.008516943058726408,9.953453966394596,117.94758102446552,-1.0,-0.8705046339735236,506.79902038929487,0.0,186.3556084384564,561,True
fallopian_tube,excluded_at_or_below_-1,ENSG00000290686.2,ENSG00000290686,,,,,,,,,,,,,,,,,,,,,0,False
fallopian_tube,raw,ENSG00000290686.2,ENSG00000290686,0.0,29.0,-0.9875,1.0001e-06,0.0,-17675.90193946968,0.0,,,-1.0,-1.0,-1.0,0.0,,,,-1.0,2.368398264137555e-188,0.0,,29,True
heart_atrial_appendage,excluded_at_or_below_-1,ENSG00000290686.2,ENSG00000290686,0.15258300581631354,0.785397877036261,-0.9783243606741933,0.005710175413205224,7.757112428499438,7.335480107819618,0.0,0.4793073195790929,0.8914892123412516,-0.9802596616389478,-0.9487058650875436,-0.9704467140093946,0.010177137008981572,1.238691073236478,0.26693578214201885,-0.9802596616389478,-0.9487058650875436,0.7853933131177366,0.0,0.700169666089417,13,True
heart_atrial_appendage,raw,ENSG00000290686.2,ENSG00000290686,0.3333333333333334,585.0412948429575,-0.9994249454029451,0.00012781337707876928,12.666666666666666,561.1901734583428,0.0,6.362792603148907,1.6771123756329366e-09,-1.0,-0.9487058650875436,-0.999166610156447,0.005166123845554918,6.784622134687209,49.34331226038171,-1.0,-0.9487058650875436,564.1442184550433,0.0,9.461332504123732e-07,461,True
heart_left_ventricle,excluded_at_or_below_-1,ENSG00000290686.2,ENSG00000290686,,,,,,,,,,,,,,,,,,,,,7,False
heart_left_ventricle,raw,ENSG00000290686.2,ENSG00000290686,-0.23415465151627354,415.3882969027141,-0.9992458675925249,0.0006065490399907624,905.8118494497257,139.32730643546958,0.0,1.758315005317473,0.21441685540609196,-1.0,-0.9394890909560992,-0.9995564290234306,0.0039520936347297135,10.917242727155646,137.34575021150573,-1.0,-0.9394890909560992,412.90235863766696,0.0,88.53322532884434,452,True
kidney_cortex,excluded_at_or_below_-1,ENSG00000290686.2,ENSG00000290686,,,,,,,,,,,,,,,,,,,,,6,False
kidney_cortex,raw,ENSG00000290686.2,ENSG00000290686,0.15385475282829855,108.3106170578076,-0.998617300843547,0.0001630880571290903,5.076923079806836,983.2763426180065,0.0,11.990037370982252,0.0,-1.0,-0.8852252131100097,-0.9969791559272158,0.014269778321627982,5.836394717177002,37.898244059474834,-1.0,-0.8852252131100097,101.54344231795879,0.0,0.0,104,True
kidney_medulla,excluded_at_or_below_-1,ENSG00000290686.2,ENSG00000290686,,,,,,,,,,,,,,,,,,,,,0,False
kidney_medulla,raw,ENSG00000290686.2,ENSG00000290686,0.0,11.0,-0.9875,1.0001e-06,0.0,-17675.90193946968,0.0,,,-1.0,-1.0,-1.0,0.0,,,,-1.0,8.983579622590726e-189,0.0,,11,True
liver,excluded_at_or_below_-1,ENSG00000290686.2,ENSG00000290686,0.03700701254836609,0.7580467250684149,-0.9699640730142631,0.030908370445256864,8.327509174783936,5.488456301423582,0.0,0.41763847169304924,0.9164894052828598,-0.9790917782906988,-0.8500110156752114,-0.9477696850808254,0.03716719567547999,1.9881073531299078,3.0214093784578475,-0.9790917782906988,-0.8500110156752114,0.758041806407044,0.0,0.6947372843335367,10,True
liver,raw,ENSG00000290686.2,ENSG00000290686,0.25641025640884757,277.5837870640246,-0.9983393759453285,0.0006853659620489192,9.43589745068097,306.067109244024,0.0,3.4266029977602184,0.002872079655600266,-1.0,-0.8500110156752114,-0.9980064765298025,0.012172363378742638,8.53746100158721,88.12928190995233,-1.0,-0.8500110156752114,272.60876273993654,0.0,0.782954081403765,262,True
lung,excluded_at_or_below_-1,ENSG00000290686.2,ENSG00000290686,0.4003477968825311,7.001838277011219,-0.9370443029751845,0.06942946129616313,72.73849743916684,5.138002623311077,0.0,0.9059503823546599,0.6634036419244871,-0.9815210699087368,-0.6847989817832714,-0.908447646890376,0.05551925620201465,1.4573996836373597,2.5821904381874052,-0.9815210699087368,-0.6847989817832714,7.001809038754285,0.0,4.645025616369384,111,True
lung,raw,ENSG00000290686.2,ENSG00000290686,2.8461538503475805,499.79447890254085,-0.996238198452624,0.0012769231551638032,421.0769230832871,344.92409530482024,0.0,4.166257574499745,0.00017078768455341815,-1.0,-0.6847989817832714,-0.9831749814649532,0.0426809888847971,3.1442985240645775,11.419480712325186,-1.0,-0.6847989817832714,497.9179313138466,0.0,0.08503825058671977,604,True
minor_salivary_gland,excluded_at_or_below_-1,ENSG00000290686.2,ENSG00000290686,,,,,,,,,,,,,,,,,,,,,6,False
minor_salivary_gland,raw,ENSG00000290686.2,ENSG00000290686,0.15384872314930925,197.72319294290853,-0.9993512892390751,4.765454315112083e-05,7.076923077180528,1560.5312632401858,0.0,19.251376584345554,0.0,-1.0,-0.9467663003792856,-0.998859694874073,0.006472499625442035,5.965327013548757,36.290623224238765,-1.0,-0.9467663003792856,144.744228577132,0.0,0.0,181,True
muscle_skeletal,excluded_at_or_below_-1,ENSG00000290686.2,ENSG00000290686,0.37513868047917076,2.034255547405364,-0.9716769839483295,0.00930714271405664,41.51488598627762,6.67695030034851,0.0,1.2351627620689232,0.46636224937416904,-0.9798057676112252,-0.9277350143665016,-0.9640460796894486,0.012732494593412112,1.161303294449383,0.5889214941688405,-0.9798057676112252,-0.9277350143665016,2.0342129562838753,0.0,0.9486801299986258,38,True
muscle_skeletal,raw,ENSG00000290686.2,ENSG00000290686,0.9743589743589743,918.1537657261638,-0.9991474012127849,0.00012510579997285118,74.97435897435898,807.2556669743838,0.0,9.63789663152921,0.0,-1.0,-0.9277350143665016,-0.9983297689831284,0.008041992203273786,5.256053046176979,29.288886067077527,-1.0,-0.9277350143665016,914.3131741226275,0.0,0.0,818,True
nerve_tibial,excluded_at_or_below_-1,ENSG00000290686.2,ENSG00000290686,0.15566394558073746,4.5629284383588145,-0.9545341418450239,0.017564478322054166,19.454793780046725,19.239949498749255,0.0,1.5853537767448467,0.28462679737690605,-0.9742241750799586,-0.715574705392495,-0.9369716249585305,0.049097876330995084,3.597390685784848,13.63132298048017,-0.9742241750799586,-0.715574705392495,4.5624864990942005,0.0,1.2986059203125544,27,True
nerve_tibial,raw,ENSG00000290686.2,ENSG00000290686,0.6922689457905892,778.8019987945817,-0.9971172987594293,0.0015322764473691057,88.30769247611764,259.84955561305446,0.0,2.660587257400368,0.02904588181318202,-1.0,-0.715574705392495,-0.9974600505580302,0.015733809229636075,10.831046418700694,162.7550698925456,-1.0,-0.715574705392495,778.4253760715543,0.0,22.610051473756066,670,True
ovary,excluded_at_or_below_-1,ENSG00000290686.2,ENSG00000290686,0.1835844970908583,106848811762.64798,-1.2046130014522956,0.04786394834255052,10.809632416745856,9.989844387369027,0.0,-7.031534215341199,1.0,-0.9666312712479732,-0.8665074929003956,-0.9333865915950592,0.03442829214905029,0.780673133934101,-0.7986156222205976,-0.9666312712479732,-0.8665074929003956,1.9609792920577862,0.0,1.9609792920577511,11,True
ovary,raw,ENSG00000290686.2,ENSG00000290686,0.2820512820440532,191.5343783497876,-0.9984848459219251,0.0006692281200662759,11.897435897600747,278.8946802633828,0.0,3.2018251804576097,0.005967965546249416,-1.0,-0.8665074929003956,-0.9962033808681122,0.017362843143187395,5.241583200729383,29.051269891050673,-1.0,-0.8665074929003956,190.67573447004852,0.0,1.1379462138230252,193,True
pancreas,excluded_at_or_below_-1,ENSG00000290686.2,ENSG00000290686,,,,,,,,,,,,,,,,,,,,,6,False
pancreas,raw,ENSG00000290686.2,ENSG00000290686,-0.33519449208306196,332.5383287794738,-0.9992513390749116,0.0006550020933372536,586.6937199656816,127.69707392138275,0.0,1.6164321376202868,0.2722901587064654,-1.0,-0.9401076192316412,-0.9994942751803448,0.004267378738316107,10.098440565973968,116.71150802425197,-1.0,-0.9401076192316412,330.7013563831914,0.0,90.04672481402248,362,True
pituitary,excluded_at_or_below_-1,ENSG00000290686.2,ENSG00000290686,,,,,,,,,,,,,,,,,,,,,10,False
pituitary,raw,ENSG00000290686.2,ENSG00000290686,0.25642338906119616,305.43971358176395,-0.9994525134000902,0.00021917716216443515,9.43589744275397,289.7276660180764,0.0,3.5325896510567,0.001961533269251282,-1.0,-0.9545500394542108,-0.9988421652643249,0.006509081560382398,5.618149450733993,30.446026914101438,-1.0,-0.9545500394542108,303.74436170922183,0.0,0.5958046708401327,313,True
prostate,excluded_at_or_below_-1,ENSG00000290686.2,ENSG00000290686,,,,,,,,,,,,,,,,,,,,,5,False
prostate,raw,ENSG00000290686.2,ENSG00000290686,0.12820512820430777,348.38721759034627,-0.9993408293646288,0.00032160905668864026,4.358974363026982,283.21779454036965,0.0,2.8985752517620096,0.014990528301632493,-1.0,-0.9349337198848404,-0.9990996388498994,0.006794485714917737,7.596694890926676,57.32693479691477,-1.0,-0.9349337198848404,348.2017434071622,0.0,5.21972808922284,282,True
skin_not_sun_exposed_suprapubic,excluded_at_or_below_-1,ENSG00000290686.2,ENSG00000290686,-0.012758758876023304,13.849954749507969,-0.998358667779588,0.08877539060230996,70.26681586240954,5.372851170808679,0.0,-0.38428773336523603,1.0,-0.9742355123093996,-0.6610850239487112,-0.9301919111873284,0.042925872383456194,3.11099619633135,15.21046223231495,-0.9742355123093996,-0.6610850239487112,12.864130465028248,0.0,12.864130465028245,97,True
skin_not_sun_exposed_suprapubic,raw,ENSG00000290686.2,ENSG00000290686,2.487179379299561,804.1520342348446,-0.9968317619876297,0.0017394432142114312,691.7435898418005,272.97102117381957,0.0,2.575861706386064,0.03686231173516413,-1.0,-0.6610850239487112,-0.9895984875348247,0.029849811415656412,4.326579166521225,28.866686506623093,-1.0,-0.6610850239487112,790.6237536221778,0.0,29.144219271246783,651,True
skin_sun_exposed_lower_leg,excluded_at_or_below_-1,ENSG00000290686.2,ENSG00000290686,0.5632081814622764,13.990898849285687,-0.9522983833576115,0.03799184021094001,327.5458579109828,9.96675751308437,0.0,1.2933682201114343,0.4332701677125226,-0.9870437995095592,-0.6845485406656129,-0.9320734513002542,0.044328738361541754,2.2449681132248753,7.3024791853691955,-0.9870437995095592,-0.6845485406656129,13.990802665625392,0.0,6.0617974173683224,135,True
skin_sun_exposed_lower_leg,raw,ENSG00000290686.2,ENSG00000290686,3.4615384800464906,755.0019289345472,-0.9968377345417874,0.0017279488262674136,1205.6923077363426,255.5883638731666,0.0,2.588108299762932,0.035114180818265985,-1.0,-0.6845485406656129,-0.9878380847818758,0.03207480759215451,3.723326322760968,18.794176012283923,-1.0,-0.6845485406656129,755.0003679952368,0.0,26.511219439642105,754,True
small_intestine_terminal_ileum,excluded_at_or_below_-1,ENSG00000290686.2,ENSG00000290686,0.500000059998214,15.218719134322685,-0.9572244448519234,0.0007700886391291997,13.500002654180113,106.4368809898196,0.0,45.61580613850462,0.0,-0.9820638432331916,-0.89926584862897,-0.9459366918847607,0.021661791510983085,0.6213166057838211,-0.4310063118238068,-0.9820638432331916,-0.89926584862897,15.174653942080983,0.0,0.0,25,True
small_intestine_terminal_ileum,raw,ENSG00000290686.2,ENSG00000290686,1.600148573445741,166.76501268854824,-0.9987547081947442,0.0012512178757005915,271.9040560823443,112.44923624845849,0.0,1.4075155049386154,0.37247408176467883,-1.0,-0.89926584862897,-0.9934706149619276,0.019145283242071178,3.043305407330789,8.68723828672963,-1.0,-0.89926584862897,166.27176467008664,0.0,61.931922868883255,207,True
spleen,excluded_at_or_below_-1,ENSG00000290686.2,ENSG00000290686,0.19010560292425527,0.9799248411680305,-0.9733606826373268,0.0015611837842233372,5.84905009560474,35.488853298333446,0.0,1.2071892408966918,0.4826372446860315,-0.9746933273789132,-0.9341836985069608,-0.9605130810269049,0.013442131477803876,0.8171695188392196,-0.45747506843761077,-0.9746933273789132,-0.9341836985069608,0.9797651480265027,0.0,0.4728711514829131,10,True
spleen,raw,ENSG00000290686.2,ENSG00000290686,0.25641025279212654,295.8299351182951,-0.9992883242520272,0.00034511872056278104,13.43589743983782,266.7831074238945,0.0,2.91627615318632,0.01456304513020056,-1.0,-0.9341836985069608,-0.998574479459455,0.007768267775287902,5.832305602052315,35.31901502981629,-1.0,-0.9341836985069608,289.0846521956225,0.0,4.209952836373136,277,True
stomach,excluded_at_or_below_-1,ENSG00000290686.2,ENSG00000290686,,,,,,,,,,,,,,,,,,,,,8,False
stomach,raw,ENSG00000290686.2,ENSG00000290686,0.20512813475669242,511.19340013228737,-0.9994649707719975,0.00033282859587727506,8.358974424274079,235.9729632643784,0.0,2.273379150348587,0.0759458335365708,-1.0,-0.9439298294624398,-0.9992237809855993,0.005731744514804975,7.788279615801259,62.1475894968155,-1.0,-0.9439298294624398,507.93654138597867,0.0,38.57566401923888,407,True
testis,excluded_at_or_below_-1,ENSG00000290686.2,ENSG00000290686,0.7544087856670952,30.519997862470568,-0.47546113029770165,0.43912850873329107,472.784358588531,5.961651162030312,0.0,1.4984048909553493,0.32543223310544206,-0.9407319513042264,1.3756956214290257,-0.3777146732422992,0.34450887894895665,1.4395509353779297,4.048264581920947,-0.9407319513042264,1.3756956214290257,30.51976483553358,0.0,9.932115224280636,413,True
testis,raw,ENSG00000290686.2,ENSG00000290686,0.7158109163020316,31.309110123672095,-0.4658895040253516,0.42916002510123213,525.9058344531142,6.068586327600764,0.0,1.7600574681553667,0.21248331379763147,-1.0,1.3756956214290257,-0.37921777789630334,0.3454480445052743,1.4232788970382892,4.005252370582582,-1.0,1.3756956214290257,31.30881657135522,0.0,6.652601096163754,414,True
thyroid,excluded_at_or_below_-1,ENSG00000290686.2,ENSG00000290686,1.1831277427673406,35.91866732993161,-0.947171105816547,0.16475905377580793,706.8934830394799,7.349728353815413,0.0,0.30486078371594705,0.9545947567341803,-0.982688071283987,-0.0909112584340428,-0.8426436870863053,0.12538595732888994,2.024518069738387,6.190022067017166,-0.982688071283987,-0.0909112584340428,35.91860692666598,0.0,34.28771384139135,339,True
thyroid,raw,ENSG00000290686.2,ENSG00000290686,7.6528066860769615,155830886400.30905,-1.4009508146521394,0.09232053383870448,5450.408289371249,20.067861727118252,0.0,-6.1419714157661796,1.0,-1.0,-0.0909112584340428,-0.9220120028103178,0.11823321443867771,2.320889962948289,7.656091390325951,-1.0,-0.0909112584340428,1002.3783033003783,0.0,1002.3783033003391,684,True
uterus,excluded_at_or_below_-1,ENSG00000290686.2,ENSG00000290686,0.055704317068666874,1.4333532850546968,-0.9488952754394768,0.009623746743251236,3.1329468559116345,14.255188343235249,0.0,4.236469760157824,0.00012668430052851688,-0.9777245224089278,-0.8518884823760325,-0.9414821658531528,0.033327007504967955,2.098119823115366,3.6327023453445264,-0.9777245224089278,-0.8518884823760325,1.433316555183372,0.0,0.00018157870522934882,10,True
uterus,raw,ENSG00000290686.2,ENSG00000290686,0.2564291176816298,169.26926610652882,-0.998240229967619,0.00022193306389226678,11.43589744977159,932.5903166077878,0.0,11.2136993145818,0.0,-1.0,-0.8518884823760325,-0.9961753049577224,0.01662303516170016,5.6492311064739145,38.653210877948425,-1.0,-0.8518884823760325,166.41971590006474,0.0,0.0,153,True
vagina,excluded_at_or_below_-1,ENSG00000290686.2,ENSG00000290686,,,,,,,,,,-0.9722486067133128,-0.9151071040927714,,,,,,,,,,9,False
vagina,raw,ENSG00000290686.2,ENSG00000290686,0.23076923076749908,162.45568387187072,-0.9988990462606087,0.0003895381365591104,8.923076923105912,304.2056474317907,0.0,3.9969994300063343,0.0003419334687038663,-1.0,-0.9151071040927714,-0.9974753554895616,0.011367692257261896,4.852389201631246,24.53223397241321,-1.0,-0.9151071040927714,161.30506794092682,0.0,0.05515560140055126,170,True
whole_blood,excluded_at_or_below_-1,ENSG00000290686.2,ENSG00000290686,0.22862345587985172,5729.107091980574,-1.229691032685665,0.09023453593794553,13.952921850260076,5.948000738283881,0.0,-4.0822406483812355,1.0,-0.9692218218858616,-0.850176155542938,-0.9262802605352493,0.042098744730988666,0.7880401164088345,-0.8478026988942373,-0.9692218218858616,-0.850176155542938,1.3783460282056876,0.0,1.3783460282056803,16,True
whole_blood,raw,ENSG00000290686.2,ENSG00000290686,0.4103132631842936,873.5573849632472,-0.9981941333617588,0.0002066857080895584,17.4358975619554,1012.7890972302378,0.0,12.356350689385632,0.0,-1.0,-0.850176155542938,-0.9985311135349489,0.011807136223233181,9.587289548785012,100.45619998353584,-1.0,-0.850176155542938,813.8310023657726,0.0,0.0,803,True
