tissue,table,gene,genename,y0,A,x0,w,sumsquarevalue,ti_fourparam_sigma_dist,truncationindex,min,max,mean,std,skew,kurt,right,maxheight,rightheight,n_obs,fit_success
adipose_subcutaneous,excluded_at_or_below_-1,ENSG00000200487.1,RNA5SP322,0.20298471217339642,1.3760279062812102,-0.565336448564826,0.11236415638965475,23.582550642565906,7.471415189093228,0.0,-0.8222505586167687,0.028293316483229,-0.4847529262217619,0.2033640759296331,1.0213019244244377,0.5767472153820385,0.028293316483229,1.3760269232164781,0.0,21,True
adipose_subcutaneous,raw,ENSG00000200487.1,RNA5SP322,0.5384615384610774,706.4331683079484,-0.9878137707298008,0.004722338699304318,43.69230769233204,304.29677222681676,0.0,-1.0,0.028293316483229,-0.9848456743006401,0.09353758703250636,6.915855359281175,52.16283317433229,0.028293316483229,705.5242191351471,0.0,714,True
adipose_visceral_omentum,excluded_at_or_below_-1,ENSG00000200487.1,RNA5SP322,0.20080486212181148,629139048705.0966,-4.186782296897235,0.6851310714423464,12.545032021239654,8.535589766272373,0.0,-0.6797602687801152,-0.0516234230526132,-0.5196827084312821,0.1726435228500239,1.299741041790935,0.9101166725142638,-0.0516234230526132,2.627073396605015,0.0,19,True
adipose_visceral_omentum,raw,ENSG00000200487.1,RNA5SP322,0.48717948718001247,807.5216456332853,-0.9909302228770246,0.004689294465002163,25.743589745568904,283.27937719738395,0.0,-1.0,-0.0516234230526132,-0.9844531029986276,0.09029730977056426,6.427237883340264,44.799821590811085,-0.0516234230526132,800.7656097453713,0.0,587,True
adrenal_gland,excluded_at_or_below_-1,ENSG00000200487.1,RNA5SP322,,,,,,,,,,,,,,,,,3,False
adrenal_gland,raw,ENSG00000200487.1,RNA5SP322,0.07692307692346494,417.90665211307567,-0.9956528286920171,0.0021511433914031494,4.7692307763770545,293.5428898367356,0.0,-1.0,-0.549148238178772,-0.995687022361579,0.042667793060770634,9.796185075726772,94.18242435407875,-0.549148238178772,415.33907378236745,0.0,295,True
artery_aorta,excluded_at_or_below_-1,ENSG00000200487.1,RNA5SP322,,,,,,,,,,,,,,,,,7,False
artery_aorta,raw,ENSG00000200487.1,RNA5SP322,0.17948717948722148,519.5376624293968,-0.9901452898181804,0.0036464264649186656,7.743589748159689,339.6808829443968,0.0,-1.0,-0.1143077259944097,-0.9911798454586576,0.07417026332031595,8.797549208789059,79.98455559714962,-0.1143077259944097,510.02791571674624,0.0,472,True
artery_coronary,excluded_at_or_below_-1,ENSG00000200487.1,RNA5SP322,,,,,,,,,,,,,,,,,4,False
artery_coronary,raw,ENSG00000200487.1,RNA5SP322,0.10256410256478456,301.4910503844175,-0.9919927216293913,0.003619458851798767,5.589743589991465,288.45099144363047,0.0,-1.0,-0.2537474367101516,-0.9927854431463135,0.06172375006499152,9.327530480273694,92.96549816915717,-0.2537474367101516,295.0404077203874,0.0,268,True
artery_tibial,excluded_at_or_below_-1,ENSG00000200487.1,RNA5SP322,0.23237485680286665,2.04906882915147,-0.538158986771543,0.06425703683982434,12.61284992944492,10.961529683965274,0.0,-0.7212218399057118,-0.0401044952409611,-0.48021091023807094,0.15922050216644226,1.5369884451911007,2.1404836407385304,-0.0401044952409611,2.0490687911239474,0.0,23,True
artery_tibial,raw,ENSG00000200487.1,RNA5SP322,0.589743589743591,852.126447565939,-0.9898399243596961,0.003719659232236787,45.43589743589743,361.0891860430631,0.0,-1.0,-0.0401044952409611,-0.9826987712524972,0.09754258070096107,6.077294924146891,39.47252814043318,-0.0401044952409611,834.0218792342347,0.0,691,True
bladder,excluded_at_or_below_-1,ENSG00000200487.1,RNA5SP322,,,,,,,,,,,,,,,,,0,False
bladder,raw,ENSG00000200487.1,RNA5SP322,0.0,77.0,-0.9875,1.0001e-06,0.0,-17675.90193946968,0.0,-1.0,-1.0,-1.0,0.0,,,-1.0,6.288505735813509e-188,0.0,77,True
brain_amygdala,excluded_at_or_below_-1,ENSG00000200487.1,RNA5SP322,,,,,,,,,,,,,,,,,2,False
brain_amygdala,raw,ENSG00000200487.1,RNA5SP322,0.05128205128205128,184.8140864095502,-0.9968834989245163,0.0009411892089224962,1.8974358974358974,390.2587994077431,0.0,-1.0,-0.7371579663300873,-0.9976041842788289,0.023240273450372245,9.959398145818918,100.51561899087334,-0.7371579663300873,184.39412218897135,0.0,181,True
brain_anterior_cingulate_cortex_ba24,excluded_at_or_below_-1,ENSG00000200487.1,RNA5SP322,,,,,,,,,,,,,,,,,5,False
brain_anterior_cingulate_cortex_ba24,raw,ENSG00000200487.1,RNA5SP322,0.12820511554359673,266.7555134652497,-0.9921894484639001,0.003950607586934772,4.358974361731174,265.7887421270853,0.0,-1.0,-0.2497082213661099,-0.9884274935452736,0.08415936481381213,7.643957307506926,58.555386703069175,-0.2497082213661099,265.27116285253044,0.0,233,True
brain_caudate_basal_ganglia,excluded_at_or_below_-1,ENSG00000200487.1,RNA5SP322,,,,,,,,,,,,,,,,,9,False
brain_caudate_basal_ganglia,raw,ENSG00000200487.1,RNA5SP322,0.23076923076923114,373.53234187913375,-0.9940940833933879,0.0023808708911800852,8.923076923076923,333.75860789926946,0.0,-1.0,-0.432201470162658,-0.9905149359401632,0.057818729002878405,6.750387314701625,48.79872222257167,-0.432201470162658,370.40091286994334,0.0,300,True
brain_cerebellar_hemisphere,excluded_at_or_below_-1,ENSG00000200487.1,RNA5SP322,,,,,,,,,,,,,,,,,2,False
brain_cerebellar_hemisphere,raw,ENSG00000200487.1,RNA5SP322,0.05128205128205126,314.85449296009955,-0.9955521411789743,0.0016595682647090604,1.8974358974359036,341.08195244362565,0.0,-1.0,-0.595295207572286,-0.997408652801131,0.030689922363259015,11.923262086876743,142.27339346500472,-0.595295207572286,305.9196805415907,0.0,277,True
brain_cerebellum,excluded_at_or_below_-1,ENSG00000200487.1,RNA5SP322,,,,,,,,,,,,,,,,,5,False
brain_cerebellum,raw,ENSG00000200487.1,RNA5SP322,0.12820513186614563,300.53070465720816,-0.9905633880344556,0.00444163483018365,6.358974360211277,279.9256152708588,0.0,-1.0,-0.1113981786715275,-0.9865900861235187,0.09946005037298045,7.585542626797571,57.60294170572154,-0.1113981786715275,296.18973745051704,0.0,266,True
brain_cortex,excluded_at_or_below_-1,ENSG00000200487.1,RNA5SP322,0.30769230714819107,2.8128255927377825,-0.7154520771420698,0.0020244217520504824,10.307692310500528,216.78673916350857,0.0,-0.7865444618702567,-0.4051256865633605,-0.6381143480504392,0.11996703151711562,0.33118350879505026,-1.0515208001482654,-0.4051256865633605,2.778400416459119,0.0,15,True
brain_cortex,raw,ENSG00000200487.1,RNA5SP322,0.3846153846137583,257.44227448331884,-0.9928602894643722,0.00281903060354569,13.230769230822142,294.8468333238883,0.0,-1.0,-0.4051256865633605,-0.9798952415583577,0.08744139329225539,4.518483989893916,20.091419293235482,-0.4051256865633605,256.30076454292305,0.0,270,True
brain_frontal_cortex_ba9,excluded_at_or_below_-1,ENSG00000200487.1,RNA5SP322,0.1483219979616595,2.16516576799303,-0.7045055083983719,0.04725060185816497,5.272192286011107,17.08070205332199,0.0,-0.7617352948782755,-0.1338183974466401,-0.6375717642299056,0.14613453175539803,2.5887142008787074,6.511633877737951,-0.1338183974466401,2.1649903150617296,0.0,17,True
brain_frontal_cortex_ba9,raw,ENSG00000200487.1,RNA5SP322,0.435897435898603,295.3025841114667,-0.9908858478307955,0.004278748442539624,27.589743589935466,283.2782596310762,0.0,-1.0,-0.1338183974466401,-0.9770956133528194,0.09529189887834334,4.906766437771013,28.700963875102488,-0.1338183974466401,292.2260395376851,0.0,269,True
brain_hippocampus,excluded_at_or_below_-1,ENSG00000200487.1,RNA5SP322,0.10330938611903967,3.2584868009206884,-0.7101649091166531,0.05307363880660058,3.9370686181569416,33.948535695730435,0.0,-0.7463773519179691,0.563880517590154,-0.5504465280143276,0.3598200031171859,2.7640973942467792,6.149235659802153,0.563880517590154,3.2573906682686307,0.0,12,True
brain_hippocampus,raw,ENSG00000200487.1,RNA5SP322,0.307692307691875,277.8535173678598,-0.9832456209809647,0.007596226212168035,32.30769230770291,288.033387468687,0.0,-1.0,0.563880517590154,-0.9788445424947919,0.1212667483147133,9.130555490329375,103.78854970042191,0.563880517590154,272.1964913554979,0.0,255,True
brain_hypothalamus,excluded_at_or_below_-1,ENSG00000200487.1,RNA5SP322,0.21088736165112174,1.3422293598701363,-0.701343126336448,0.07857095390780876,8.737852014871176,8.907609897011897,0.0,-0.9141525233775198,-0.2064536518836341,-0.63147918573564,0.1744347989258816,1.021071707989038,0.6367127056307185,-0.2064536518836341,1.3422247699427952,0.0,19,True
brain_hypothalamus,raw,ENSG00000200487.1,RNA5SP322,0.487179487179487,252.15443505193733,-0.990843095419147,0.003117259303198104,21.743589744196875,355.85560305879727,0.0,-1.0,-0.2064536518836341,-0.972755270540767,0.10711549067950883,4.477803268673705,21.653801258114594,-0.2064536518836341,251.8019389384973,0.0,257,True
brain_nucleus_accumbens_basal_ganglia,excluded_at_or_below_-1,ENSG00000200487.1,RNA5SP322,,,,,,,,,,,,,,,,,9,False
brain_nucleus_accumbens_basal_ganglia,raw,ENSG00000200487.1,RNA5SP322,0.2307692274514934,305.05171766826123,-0.9947832510744544,0.0028266426453905165,8.923076983601606,242.13241392626952,0.0,-1.0,-0.5108239501278135,-0.989751992233649,0.0595724239971866,6.085668583826727,37.33989740260061,-0.5108239501278135,301.2433675792481,0.0,285,True
brain_putamen_basal_ganglia,excluded_at_or_below_-1,ENSG00000200487.1,RNA5SP322,,,,,,,,,,,,,,,,,9,False
brain_putamen_basal_ganglia,raw,ENSG00000200487.1,RNA5SP322,0.23500442301974364,244.6003914737363,-0.9953974059713167,0.0032727339411509613,8.999331968379387,157.37052265486838,0.0,-1.0,-0.6312148917228928,-0.9901963165755442,0.05249777409486273,5.393368246638266,28.25926373023336,-0.6312148917228928,242.6487931815377,0.0,254,True
brain_spinal_cord_cervical_c-1,excluded_at_or_below_-1,ENSG00000200487.1,RNA5SP322,0.12920533628014932,0.7676047986490647,-0.608809378766323,0.24537262083994602,20.61954767572792,3.3224841352030237,0.0,-0.760672842269124,-0.0323429513153673,-0.5146784152218536,0.18489795760859914,0.8807493327386196,0.5075135521034739,-0.0323429513153673,0.7645280001672661,0.0,20,True
brain_spinal_cord_cervical_c-1,raw,ENSG00000200487.1,RNA5SP322,0.5138780932943883,183.47388638436848,-0.9879048471694584,0.005418666759927721,21.743783536056913,249.3913452654963,0.0,-1.0,-0.0323429513153673,-0.9524194524727309,0.15533947122809813,3.443574863991251,11.764283327667883,-0.0323429513153673,179.64442645810297,0.0,204,True
brain_substantia_nigra,excluded_at_or_below_-1,ENSG00000200487.1,RNA5SP322,0.06963506271003636,0.5843324258073611,-0.8583422992598044,0.4737827720426569,7.915275512045642,3.858189808230971,0.0,-0.8281232309031766,0.434209201478916,-0.44878760265128353,0.3763331538737662,1.3447441903081432,1.06061636738609,0.434209201478916,0.5816178609647793,0.0,10,True
brain_substantia_nigra,raw,ENSG00000200487.1,RNA5SP322,0.256410256416752,219.55687498738843,-0.9855890685177384,0.0071813478448432356,9.435897436034587,279.599040826988,0.0,-1.0,0.434209201478916,-0.9698791039700154,0.15094866205997162,6.431228278166849,47.53940892453193,0.434209201478916,219.54829387916476,0.0,183,True
breast_mammary_tissue,excluded_at_or_below_-1,ENSG00000200487.1,RNA5SP322,,,,,,,,,,,,,,,,,16,False
breast_mammary_tissue,raw,ENSG00000200487.1,RNA5SP322,0.4102564102564111,638.3687384937286,-0.98885528773346,0.002710656926696313,27.435897524079316,515.8134965336379,0.0,-1.0,-0.0001832339057922,-0.9830458846185205,0.10106463218413066,6.557239002845286,45.76165803131997,-0.0001832339057922,613.5944882904708,0.0,514,True
cells_cultured_fibroblasts,excluded_at_or_below_-1,ENSG00000200487.1,RNA5SP322,,,,,,,,,,,,,,,,,0,False
cells_cultured_fibroblasts,raw,ENSG00000200487.1,RNA5SP322,0.0,652.0,-0.9875,1.0001e-06,0.0,-17675.90193946968,0.0,-1.0,-1.0,-1.0,0.0,,,-1.0,5.324812649026503e-187,0.0,652,True
cells_ebv-transformed_lymphocytes,excluded_at_or_below_-1,ENSG00000200487.1,RNA5SP322,,,,,,,,,,,,,,,,,1,False
cells_ebv-transformed_lymphocytes,raw,ENSG00000200487.1,RNA5SP322,0.025641025637829187,369.3128064615982,-0.9911111713832351,0.004135717581702274,0.9743589743655888,280.09613297623156,0.0,-1.0,-0.1719997355030775,-0.9974678890993977,0.04578851925356585,18.00008520770561,322.0030674846623,-0.1719997355030775,361.7471959058425,0.0,327,True
cervix_ectocervix,excluded_at_or_below_-1,ENSG00000200487.1,RNA5SP322,,,,,,,,,,,,,,,,,2,False
cervix_ectocervix,raw,ENSG00000200487.1,RNA5SP322,0.0512820512920048,25.459148404882676,-0.9892358689800204,0.0049012486629273575,1.897435897447929,288.9445427287,0.0,-1.0,0.0121610143399131,-0.947076764992937,0.21098231191081565,4.1993836551121655,16.429923894500458,0.0121610143399131,25.047692737945884,0.0,24,True
cervix_endocervix,excluded_at_or_below_-1,ENSG00000200487.1,RNA5SP322,,,,,,,,,,,,,,,,,2,False
cervix_endocervix,raw,ENSG00000200487.1,RNA5SP322,0.0512820512821736,24.644256985660952,-0.992190270799105,0.003493156775994764,1.8974358974414958,295.3836608871929,0.0,-1.0,-0.2625823360436157,-0.9511120523609718,0.17037219421404287,3.407836798672314,10.41980403493131,-0.2625823360436157,24.285109653988105,0.0,23,True
colon_sigmoid,excluded_at_or_below_-1,ENSG00000200487.1,RNA5SP322,,,,,,,,,,,,,,,,,3,False
colon_sigmoid,raw,ENSG00000200487.1,RNA5SP322,0.07692307682207206,471.7977037490021,-0.99478440417299,0.002618744364357183,2.7692307698823293,262.67937690463754,0.0,-1.0,-0.5083726229512242,-0.9967447981191705,0.03844817485381424,11.756557518644035,136.74944194024786,-0.5083726229512242,466.0031920191426,0.0,419,True
colon_transverse,excluded_at_or_below_-1,ENSG00000200487.1,RNA5SP322,,,,,,,,,,,,,,,,,6,False
colon_transverse,raw,ENSG00000200487.1,RNA5SP322,0.15384615338424956,544.4914434030593,-0.9912396073785559,0.0043552303166665115,7.076923077936968,267.2219455435578,0.0,-1.0,-0.1682994592463352,-0.9931276416448519,0.06537414769637058,10.390541218605314,113.39335950932411,-0.1682994592463352,539.2216953722269,0.0,479,True
esophagus_gastroesophageal_junction,excluded_at_or_below_-1,ENSG00000200487.1,RNA5SP322,,,,,,,,,,,,,,,,,4,False
esophagus_gastroesophageal_junction,raw,ENSG00000200487.1,RNA5SP322,0.1025641025641025,457.95069840266945,-0.9923642172358365,0.0019228268635770281,5.589743589743589,485.702581120714,0.0,-1.0,-0.3319816586635237,-0.9947659481774259,0.053149053629871205,10.361367697607358,108.64249584689283,-0.3319816586635237,454.352561726905,0.0,403,True
esophagus_mucosa,excluded_at_or_below_-1,ENSG00000200487.1,RNA5SP322,,,,,,,,,,,,,,,,,5,False
esophagus_mucosa,raw,ENSG00000200487.1,RNA5SP322,0.1315620727182584,560.3332691129424,-0.9930678426842474,0.006492681413281776,2393.8331383599525,119.62271628326843,0.0,-1.0,-0.4438776727672119,-0.99651271145193,0.03922678003144597,11.539466059441681,135.38351849793207,-0.4438776727672119,557.843994989234,0.0,614,True
esophagus_muscularis,excluded_at_or_below_-1,ENSG00000200487.1,RNA5SP322,,,,,,,,,,,,,,,,,2,False
esophagus_muscularis,raw,ENSG00000200487.1,RNA5SP322,1.9795707115957084,520.8079913148164,-0.9859048444167318,0.012111770900537484,1472.526002912081,130.1239590276379,0.0,-1.0,0.1285177734579303,-0.9973967207916636,0.049640179499626895,21.376967892016967,473.9161676635205,0.1285177734579303,517.8946690598101,0.0,561,True
fallopian_tube,excluded_at_or_below_-1,ENSG00000200487.1,RNA5SP322,,,,,,,,,,,,,,,,,0,False
fallopian_tube,raw,ENSG00000200487.1,RNA5SP322,0.0,29.0,-0.9875,1.0001e-06,0.0,-17675.90193946968,0.0,-1.0,-1.0,-1.0,0.0,,,-1.0,2.368398264137555e-188,0.0,29,True
heart_atrial_appendage,excluded_at_or_below_-1,ENSG00000200487.1,RNA5SP322,,,,,,,,,,,,,,,,,5,False
heart_atrial_appendage,raw,ENSG00000200487.1,RNA5SP322,-0.3328576793470595,421.3074662989734,-0.9935811255777837,0.006120546157547228,1260.9309835658473,117.59017461148765,0.0,-1.0,-0.484664996831329,-0.9962937314123328,0.03681327752912917,10.625694360150932,119.35025949363705,-0.484664996831329,419.542228828208,0.0,461,True
heart_left_ventricle,excluded_at_or_below_-1,ENSG00000200487.1,RNA5SP322,,,,,,,,,,,,,,,,,6,False
heart_left_ventricle,raw,ENSG00000200487.1,RNA5SP322,0.15384615384615374,542.6345323382128,-0.9966823453091671,0.0010697454698244623,9.076923076930102,396.6386162004819,0.0,-1.0,-0.6966552672730066,-0.9961855258611428,0.03297984455229421,8.548312868834417,71.2986290530574,-0.6966552672730066,518.6855730315523,0.0,452,True
kidney_cortex,excluded_at_or_below_-1,ENSG00000200487.1,RNA5SP322,,,,,,,,,,,,,,,,,0,False
kidney_cortex,raw,ENSG00000200487.1,RNA5SP322,0.0,104.0,-0.9875,1.0001e-06,0.0,-17675.90193946968,0.0,-1.0,-1.0,-1.0,0.0,,,-1.0,8.493566188631232e-188,0.0,104,True
kidney_medulla,excluded_at_or_below_-1,ENSG00000200487.1,RNA5SP322,,,,,,,,,,,,,,,,,0,False
kidney_medulla,raw,ENSG00000200487.1,RNA5SP322,0.0,11.0,-0.9875,1.0001e-06,0.0,-17675.90193946968,0.0,-1.0,-1.0,-1.0,0.0,,,-1.0,8.983579622590726e-189,0.0,11,True
liver,excluded_at_or_below_-1,ENSG00000200487.1,RNA5SP322,,,,,,,,,,,,,,,,,4,False
liver,raw,ENSG00000200487.1,RNA5SP322,0.102564102564272,271.2459618537255,-0.991892366409876,0.0025559695266968237,3.5897435931691364,379.80464572303856,0.0,-1.0,-0.3054549524333134,-0.9928502024550481,0.06008274437971828,9.006852538911396,85.31750105346256,-0.3054549524333134,271.2426586488358,0.0,262,True
lung,excluded_at_or_below_-1,ENSG00000200487.1,RNA5SP322,0.34888874542108794,3.021248624136366,-0.4718501945892221,0.017251542661627196,10.172112795219663,27.950072149277883,0.0,-0.6554646157059987,-0.130896130148128,-0.45713481234075687,0.12327358736456412,0.7078866838510707,0.6862421262237914,-0.130896130148128,3.0203887641345037,0.0,21,True
lung,raw,ENSG00000200487.1,RNA5SP322,0.5384615384615389,674.9400397803503,-0.9903101167312593,0.0030580589256008093,31.692307692307693,397.439992193809,0.0,-1.0,-0.130896130148128,-0.9811255481111851,0.10203168676724042,5.501785001749212,30.020045793810937,-0.130896130148128,659.4090982406378,0.0,604,True
minor_salivary_gland,excluded_at_or_below_-1,ENSG00000200487.1,RNA5SP322,,,,,,,,,,,,,,,,,2,False
minor_salivary_gland,raw,ENSG00000200487.1,RNA5SP322,0.05128205128205129,206.8166446027233,-0.993598078680603,0.0020118089986008512,1.8974358974358982,398.5630288863552,0.0,-1.0,-0.4266167476023748,-0.9954056212827689,0.04664372204552078,10.996387796186585,125.40994604946675,-0.4266167476023748,202.3068657797577,0.0,181,True
muscle_skeletal,excluded_at_or_below_-1,ENSG00000200487.1,RNA5SP322,0.20512820499004025,34.86469399580619,-0.740033811922032,0.002995126519616499,8.358974362195744,169.5063629218189,0.0,-0.7393540281920525,-0.3810406468593567,-0.6019335830016761,0.10769704722311217,0.5753306665047268,-0.13068018251638724,-0.3810406468593567,33.11420534065866,0.0,10,True
muscle_skeletal,raw,ENSG00000200487.1,RNA5SP322,-0.5877211238003445,735.1228669457074,-0.9922938911924615,0.007472881675391692,5523.015511537934,115.67728029563939,0.0,-1.0,-0.3810406468593567,-0.9951336623838836,0.04520570897775833,9.772031558512111,99.30980511336416,-0.3810406468593567,732.1853428032418,0.0,818,True
nerve_tibial,excluded_at_or_below_-1,ENSG00000200487.1,RNA5SP322,0.4069043236351066,2.0244162516835895,-0.47361791101043493,0.10971970051576323,19.34945815800401,5.38470117170853,0.0,-0.748729310647817,-0.0558537093043326,-0.43866454679697314,0.14129398626254044,0.44490780750328723,0.4074038939464075,-0.0558537093043326,2.0244092790073154,0.0,39,True
nerve_tibial,raw,ENSG00000200487.1,RNA5SP322,0.9999999999999999,642.7162602861117,-0.9877047322325244,0.0034905788877327205,64.0,377.54091717213174,0.0,-1.0,-0.0558537093043326,-0.9673252497389282,0.13577059840548752,4.178221898348305,16.688344974979053,-0.0558537093043326,637.5242681160256,0.0,670,True
ovary,excluded_at_or_below_-1,ENSG00000200487.1,RNA5SP322,,,,,,,,,,,,,,,,,4,False
ovary,raw,ENSG00000200487.1,RNA5SP322,0.10256410256410255,203.98617557974404,-0.9932844536565706,0.0013667866361028187,5.589743589743713,580.3005375311681,0.0,-1.0,-0.4324448176047449,-0.9899189033532435,0.07039675964338044,6.972077757655155,47.476352455119006,-0.4324448176047449,203.23505167925876,0.0,193,True
pancreas,excluded_at_or_below_-1,ENSG00000200487.1,RNA5SP322,,,,,,,,,,,,,,,,,3,False
pancreas,raw,ENSG00000200487.1,RNA5SP322,0.03134311611478696,355.6145811155688,-0.9913317188882511,0.007093097546403131,14.937525138211367,136.75340212246147,0.0,-1.0,-0.3054344492924111,-0.9962633976217747,0.04387615297150935,13.121784432742798,185.00451524578085,-0.3054344492924111,353.47135300370803,0.0,362,True
pituitary,excluded_at_or_below_-1,ENSG00000200487.1,RNA5SP322,,,,,,,,,,,,,,,,,7,False
pituitary,raw,ENSG00000200487.1,RNA5SP322,0.179487179486667,350.50385869400657,-0.9929512716343935,0.003194105623916392,7.743589743596983,288.32932047702405,0.0,-1.0,-0.3417382380595608,-0.9887259568315059,0.07595546002841483,6.790907263984699,45.49281052630606,-0.3417382380595608,343.4594015062384,0.0,313,True
prostate,excluded_at_or_below_-1,ENSG00000200487.1,RNA5SP322,,,,,,,,,,,,,,,,,1,False
prostate,raw,ENSG00000200487.1,RNA5SP322,0.025641025641025612,296.9131903043826,-0.9935974970273921,0.0021675249741642164,0.9743589752648658,356.5860446612417,0.0,-1.0,-0.447068190700622,-0.9980392489031937,0.0329266100827712,16.70339961561302,277.0035587188612,-0.447068190700622,296.69225450044206,0.0,282,True
skin_not_sun_exposed_suprapubic,excluded_at_or_below_-1,ENSG00000200487.1,RNA5SP322,0.03799017028699912,1.2113215356720104,-0.5848270891040633,0.17284396560546517,18.993191078264154,4.014580282294445,0.0,-0.6688325269121849,-0.0941685388714518,-0.5196690450819261,0.12902059345003614,1.7359129995134028,3.6977455554924283,-0.0941685388714518,1.2109311151880804,0.0,21,True
skin_not_sun_exposed_suprapubic,raw,ENSG00000200487.1,RNA5SP322,0.5384615384615383,872.0396840059459,-0.9892318173810628,0.0009715777595963825,33.69230769230769,1302.840266924459,0.0,-1.0,-0.0941685388714518,-0.9845054530671589,0.08789598661509751,5.9945802347558095,37.85909360886224,-0.0941685388714518,841.805638328167,0.0,651,True
skin_sun_exposed_lower_leg,excluded_at_or_below_-1,ENSG00000200487.1,RNA5SP322,-0.012351378301608202,1.08105104153223,-0.6542781442222153,0.3152286630649182,18.547893844891306,2.3964581083971352,0.0,-0.6884515467214871,-0.1201068523464166,-0.5059222110484426,0.13793676289104662,0.8581180701661252,0.7325509607611314,-0.1201068523464166,1.019848828766988,0.0,23,True
skin_sun_exposed_lower_leg,raw,ENSG00000200487.1,RNA5SP322,0.5897435854637298,852.7924353155458,-0.987310984561462,0.0042947475894374665,29.435897641893582,285.5608669857,0.0,-1.0,-0.1201068523464166,-0.9849286616102311,0.08823119768140512,6.143479496760934,38.876425077320604,-0.1201068523464166,839.8350731446685,0.0,754,True
small_intestine_terminal_ileum,excluded_at_or_below_-1,ENSG00000200487.1,RNA5SP322,,,,,,,,,,,,,,,,,1,False
small_intestine_terminal_ileum,raw,ENSG00000200487.1,RNA5SP322,0.011324894260600713,195.95387901756015,-0.9952567801207688,0.00439463260680947,104.8904891403839,121.02588149556676,0.0,-1.0,-0.6191719374639133,-0.9981602509056229,0.02646938010540104,14.283026792978182,202.00485436893257,-0.6191719374639133,195.08589380133628,0.0,207,True
spleen,excluded_at_or_below_-1,ENSG00000200487.1,RNA5SP322,,,,,,,,,,,,,,,,,1,False
spleen,raw,ENSG00000200487.1,RNA5SP322,0.02564102564105364,276.725444699865,-0.9946365678811948,0.0017085070444369098,0.9743589744560818,356.6243628707029,0.0,-1.0,-0.5637997746319461,-0.9984252699445196,0.026208731466714895,16.553054799293268,272.00362318840604,-0.5637997746319461,270.1015747567964,0.0,277,True
stomach,excluded_at_or_below_-1,ENSG00000200487.1,RNA5SP322,,,,,,,,,,,,,,,,,0,False
stomach,raw,ENSG00000200487.1,RNA5SP322,0.0,407.0,-0.9875,1.0001e-06,0.0,-17675.90193946968,0.0,-1.0,-1.0,-1.0,0.0,,,-1.0,3.3239244603585686e-187,0.0,407,True
testis,excluded_at_or_below_-1,ENSG00000200487.1,RNA5SP322,,,,,,,,,,,,,,,,,9,False
testis,raw,ENSG00000200487.1,RNA5SP322,0.2307692306252155,493.828944350173,-0.9946416652591037,0.0029456418434980086,6.923076927722706,253.68553019060028,0.0,-1.0,-0.4662443052695189,-0.9917923185872493,0.05677414865438381,7.1599013785646415,51.984763565383915,-0.4662443052695189,493.8209294881765,0.0,414,True
thyroid,excluded_at_or_below_-1,ENSG00000200487.1,RNA5SP322,0.9177572155828111,9.88883569142563,-0.5013326629201525,0.15675708914635517,192.63364211078346,10.553213902499992,0.0,-0.7575852929064096,0.6684277866393844,-0.37088292462735295,0.25728620725096174,1.5993018216767174,2.8443351596585327,0.6684277866393844,9.888539273641058,0.0,113,True
thyroid,raw,ENSG00000200487.1,RNA5SP322,2.8992381901946476,553.1962127170262,-0.9791640266165864,0.016325896967415317,923.069425893387,142.72089871766244,0.0,-1.0,0.6684277866393844,-0.8960669159106593,0.25596664323453217,2.6599595454399703,7.300347835972092,0.6684277866393844,549.4903061124652,0.0,684,True
uterus,excluded_at_or_below_-1,ENSG00000200487.1,RNA5SP322,,,,,,,,,,,,,,,,,5,False
uterus,raw,ENSG00000200487.1,RNA5SP322,,,,,,,,,,,,,,,,,153,False
vagina,excluded_at_or_below_-1,ENSG00000200487.1,RNA5SP322,,,,,,,,,,,,,,,,,4,False
vagina,raw,ENSG00000200487.1,RNA5SP322,0.10256410256410256,202.42715658301233,-0.9886478028298018,0.003655244087178561,3.589743589743598,397.45205645102084,0.0,-1.0,0.0386258126499816,-0.9840209442795765,0.10932886994661742,7.364284681757234,56.57215236801977,0.0386258126499816,193.29530712199602,0.0,170,True
whole_blood,excluded_at_or_below_-1,ENSG00000200487.1,RNA5SP322,,,,,,,,,,,,,,,,,2,False
whole_blood,raw,ENSG00000200487.1,RNA5SP322,0.7817459467762745,763.6832995776799,-0.9949590243730653,0.0049973233200104016,1513.127436727913,113.99379298601019,0.0,-1.0,-0.5921458600943174,-0.9989966187585183,0.02009422731092833,19.96716693908176,396.749779352406,-0.5921458600943174,761.378645292771,0.0,803,True
adipose_subcutaneous,excluded_at_or_below_-1,ENSG00000212396.1,RNA5SP323,0.27728088291082553,3.2186404960708916,-0.6258669442581535,0.11596590708250187,46.46982664259728,8.731208981641835,0.0,-0.8161984613833682,0.090094630727691,-0.5608370306734631,0.17712566776805697,1.6852375744842127,3.3655820733735364,0.090094630727691,3.2186178263111467,0.0,40,True
adipose_subcutaneous,raw,ENSG00000212396.1,RNA5SP323,1.0256392048174545,876.4453835988306,-0.9893656447558695,0.005820991802726148,114.9743589972624,262.255542245722,0.0,-1.0,0.090094630727691,-0.9753970325307262,0.10922359325895128,5.0863680240064,29.365389653592516,0.090094630727691,874.3500190778876,0.0,714,True
adipose_visceral_omentum,excluded_at_or_below_-1,ENSG00000212396.1,RNA5SP323,0.3223058009501595,2.862305742770567,-0.6036129226274263,0.015316036872565119,8.190674335535661,46.74454622258002,0.0,-0.7058833451381972,-0.0973660497470756,-0.5425518144626138,0.14033956075697865,1.8449606037694848,3.6660570983039493,-0.0973660497470756,2.8609421936234756,0.0,18,True
adipose_visceral_omentum,raw,ENSG00000212396.1,RNA5SP323,0.46153846153846095,578.7557245010831,-0.9891772528524108,0.003448052741014135,23.69230769308621,365.77500207751655,0.0,-1.0,-0.0973660497470756,-0.985972628041443,0.0824742705576071,6.38563696695009,44.35934775462305,-0.0973660497470756,575.100966546201,0.0,587,True
adrenal_gland,excluded_at_or_below_-1,ENSG00000212396.1,RNA5SP323,0.1560919066441824,52.566043085144756,-1.28067460557948,0.2712257215967124,11.684710142979545,4.796562696115914,0.0,-0.7541514646390205,-0.3607632053134029,-0.6245869177507304,0.13480481519063708,1.0197847767759276,-0.43430126387133683,-0.3607632053134029,1.2129950373807432,0.0,14,True
adrenal_gland,raw,ENSG00000212396.1,RNA5SP323,0.3589743589743605,298.6667738767191,-0.991395991622562,0.0024590750753731576,16.974358974358978,362.67678372536517,0.0,-1.0,-0.3607632053134029,-0.9821837859271534,0.08483060334076907,5.153361649843938,27.659348689480456,-0.3607632053134029,298.44763416322695,0.0,295,True
artery_aorta,excluded_at_or_below_-1,ENSG00000212396.1,RNA5SP323,0.2072719624265581,1.0197184919346884,-0.5866158740676019,0.04825404191771381,7.355502156765133,12.591292251589353,0.0,-0.6083213516185062,-0.1569914097916137,-0.47321069156343126,0.1303830021709232,1.0927554728137638,0.3936208163607291,-0.1569914097916137,1.019709256260756,0.0,14,True
artery_aorta,raw,ENSG00000212396.1,RNA5SP323,0.3589743589750914,545.4969844014237,-0.9911262924145221,0.00397054145131795,16.974358975938202,297.0992440998809,0.0,-1.0,-0.1569914097916137,-0.9843748933938304,0.09204976688229624,6.096854540310581,37.783321070962714,-0.1569914097916137,539.1498527648176,0.0,472,True
artery_coronary,excluded_at_or_below_-1,ENSG00000212396.1,RNA5SP323,0.12792451558407855,0.5197020163230528,-0.602800969601566,0.09931396492680535,11.562841956586382,3.9965760747342074,0.0,-0.6905641740668456,-0.322139104467544,-0.5527130311786255,0.11022253854502043,1.020354758040497,0.18776777050276472,-0.322139104467544,0.5195233431265267,0.0,14,True
artery_coronary,raw,ENSG00000212396.1,RNA5SP323,0.35897435897435903,255.46435915738454,-0.9917427622148696,0.002552441375260172,14.974358974359662,371.002673510719,0.0,-1.0,-0.322139104467544,-0.9766342628227639,0.1026345705120375,4.447000115509513,19.26603255444229,-0.322139104467544,251.084470723635,0.0,268,True
artery_tibial,excluded_at_or_below_-1,ENSG00000212396.1,RNA5SP323,0.04238395624419878,1.0526549344274996,-0.8466802138699667,0.38301684500696453,11.320658474424096,3.5175074508048203,0.0,-0.6964249692351574,0.1059797251529628,-0.4846522049103233,0.2174207214722759,1.713167040706061,2.612291614620715,0.1059797251529628,0.9003412157829112,0.0,12,True
artery_tibial,raw,ENSG00000212396.1,RNA5SP323,0.3076922845980381,725.9213749447651,-0.9846772589280804,0.005775480476419408,14.307692909485917,267.0638235350066,0.0,-1.0,0.1059797251529628,-0.9910504000852733,0.07274776545430647,9.542956626458773,105.37175084604087,0.1059797251529628,719.3268926762604,0.0,691,True
bladder,excluded_at_or_below_-1,ENSG00000212396.1,RNA5SP323,,,,,,,,,,,,,,,,,3,False
bladder,raw,ENSG00000212396.1,RNA5SP323,0.07907701362077947,73.2333681840523,-0.9950921694922237,0.0038428676771988858,3.2702415178485746,142.781297337149,0.0,-1.0,-0.6071100096232894,-0.9864664884533306,0.06809624765169975,4.863098400681729,21.967661407913745,-0.6071100096232894,72.73840988147718,0.0,77,True
brain_amygdala,excluded_at_or_below_-1,ENSG00000212396.1,RNA5SP323,,,,,,,,,,,,,,,,,2,False
brain_amygdala,raw,ENSG00000212396.1,RNA5SP323,0.05128205128259557,248.4803027791459,-0.9968322898361597,0.0014841676361691957,1.8974359112524861,303.275204310849,0.0,-1.0,-0.6785555775583749,-0.9968435865775667,0.030180608647940206,9.576318109211586,91.04818336691564,-0.6785555775583749,248.17428912995732,0.0,181,True
brain_anterior_cingulate_cortex_ba24,excluded_at_or_below_-1,ENSG00000212396.1,RNA5SP323,,,,,,,,,,,,,,,,,0,False
brain_anterior_cingulate_cortex_ba24,raw,ENSG00000212396.1,RNA5SP323,0.0,233.0,-0.9875,1.0001e-06,0.0,-17675.90193946968,0.0,-1.0,-1.0,-1.0,0.0,,,-1.0,1.9028855018760357e-187,0.0,233,True
brain_caudate_basal_ganglia,excluded_at_or_below_-1,ENSG00000212396.1,RNA5SP323,,,,,,,,,,,,,,,,,1,False
brain_caudate_basal_ganglia,raw,ENSG00000212396.1,RNA5SP323,0.025641025641025637,313.7285566971592,-0.9958355489161911,0.0008674272121487762,0.9743589743589743,561.2039144587833,0.0,-1.0,-0.6516134597508949,-0.9988387115325029,0.02011410627948632,17.23378497259395,295.00334448160527,-0.6516134597508949,310.13100377140677,0.0,300,True
brain_cerebellar_hemisphere,excluded_at_or_below_-1,ENSG00000212396.1,RNA5SP323,,,,,,,,,,,,,,,,,1,False
brain_cerebellar_hemisphere,raw,ENSG00000212396.1,RNA5SP323,0.025641025652129362,276.80684979342567,-0.9928408433669049,0.002731407550566778,0.9743589743731771,299.0404459545888,0.0,-1.0,-0.4152750826238091,-0.9978890797206635,0.035132715322370396,16.553054799293257,272.0036231884056,-0.4152750826238091,272.89223192264654,0.0,277,True
brain_cerebellum,excluded_at_or_below_-1,ENSG00000212396.1,RNA5SP323,,,,,,,,,,,,,,,,,3,False
brain_cerebellum,raw,ENSG00000212396.1,RNA5SP323,0.07692307692306835,296.5211593977287,-0.994047031450825,0.0024671452990067985,2.769230769230821,308.8096226036233,0.0,-1.0,-0.4553177836446188,-0.9951938424165948,0.04604392579272098,9.85758175305347,98.94104148632557,-0.4553177836446188,288.3558621483899,0.0,266,True
brain_cortex,excluded_at_or_below_-1,ENSG00000212396.1,RNA5SP323,,,,,,,,,,,,,,,,,2,False
brain_cortex,raw,ENSG00000212396.1,RNA5SP323,-0.29138522625206736,250.5594256282669,-0.9961491580296479,0.0037405267987790022,330.59773752652956,115.63112352211151,0.0,-1.0,-0.6903104022609656,-0.9980660488875102,0.022816901998537906,12.064674969278286,147.54901237793425,-0.6903104022609656,249.59934649810117,0.0,270,True
brain_frontal_cortex_ba9,excluded_at_or_below_-1,ENSG00000212396.1,RNA5SP323,,,,,,,,,,,,,,,,,2,False
brain_frontal_cortex_ba9,raw,ENSG00000212396.1,RNA5SP323,0.051282051282052106,302.00240619936994,-0.9960270822613794,0.0014906996443195487,1.8974359020862825,337.4964206831481,0.0,-1.0,-0.640277563477765,-0.9974831943659233,0.029191499712889167,11.536274264474962,131.61123602764613,-0.640277563477765,294.8460188886017,0.0,269,True
brain_hippocampus,excluded_at_or_below_-1,ENSG00000212396.1,RNA5SP323,,,,,,,,,,,,,,,,,5,False
brain_hippocampus,raw,ENSG00000212396.1,RNA5SP323,0.12821304402288536,304.18752593956384,-0.9947919596976732,0.000726094179387128,4.358974361418106,851.5290989860491,0.0,-1.0,-0.5575946800201788,-0.9935018688218828,0.0469637452582894,7.361317859901131,54.308955776858916,-0.5575946800201788,303.3542825260819,0.0,255,True
brain_hypothalamus,excluded_at_or_below_-1,ENSG00000212396.1,RNA5SP323,,,,,,,,,,,,,,,,,0,False
brain_hypothalamus,raw,ENSG00000212396.1,RNA5SP323,0.0,257.0,-0.9875,1.0001e-06,0.0,-17675.90193946968,0.0,-1.0,-1.0,-1.0,0.0,,,-1.0,2.0988908754598334e-187,0.0,257,True
brain_nucleus_accumbens_basal_ganglia,excluded_at_or_below_-1,ENSG00000212396.1,RNA5SP323,,,,,,,,,,,,,,,,,1,False
brain_nucleus_accumbens_basal_ganglia,raw,ENSG00000212396.1,RNA5SP323,0.025641025296243753,300.27390645635694,-0.9977426586962196,0.0010910973460019685,0.9743589758264687,257.86833048871523,0.0,-1.0,-0.7987914829331576,-0.9992940052032743,0.011918563928011527,16.79296046344303,280.0035211267608,-0.7987914829331576,298.05299851953646,0.0,285,True
brain_putamen_basal_ganglia,excluded_at_or_below_-1,ENSG00000212396.1,RNA5SP323,,,,,,,,,,,,,,,,,0,False
brain_putamen_basal_ganglia,raw,ENSG00000212396.1,RNA5SP323,0.0,254.0,-0.9875,1.0001e-06,0.0,-17675.90193946968,0.0,-1.0,-1.0,-1.0,0.0,,,-1.0,2.0743902037618585e-187,0.0,254,True
brain_spinal_cord_cervical_c-1,excluded_at_or_below_-1,ENSG00000212396.1,RNA5SP323,,,,,,,,,,,,,,,,,1,False
brain_spinal_cord_cervical_c-1,raw,ENSG00000212396.1,RNA5SP323,-0.10197437871257493,192.83771364555608,-0.9938805575788748,0.005411591005081075,108.03751742341244,126.46752600843274,0.0,-1.0,-0.5099433755356886,-0.9975977616447826,0.034310826564168444,14.177620608140634,199.0049261083741,-0.5099433755356886,191.82558710930502,0.0,204,True
brain_substantia_nigra,excluded_at_or_below_-1,ENSG00000212396.1,RNA5SP323,,,,,,,,,,,,,,,,,1,False
brain_substantia_nigra,raw,ENSG00000212396.1,RNA5SP323,0.026315789467291434,212.05664955482294,-0.9932928680756916,0.005060021092467903,0.9743817006024835,192.34286758274132,0.0,-1.0,-0.305094852691599,-0.9962027041130688,0.05136886661861909,13.416612631565929,178.00549450549443,-0.305094852691599,211.5249957974026,0.0,183,True
breast_mammary_tissue,excluded_at_or_below_-1,ENSG00000212396.1,RNA5SP323,0.5134259329047824,5.486391532321693,-0.6539734468710297,0.01608771817814793,19.242579461882315,78.09723793577827,0.0,-0.7665892367732405,0.2344400062528921,-0.5172433320958137,0.2055651182696195,1.8909923615569644,4.615028916272004,0.2344400062528921,5.47750914956515,0.0,27,True
breast_mammary_tissue,raw,ENSG00000212396.1,RNA5SP323,0.6923076923699722,660.4103143290512,-0.9880147173524594,0.006227902197274068,44.30769231173852,277.59139349786784,0.0,-1.0,0.2344400062528921,-0.9746411867054221,0.11731734006349592,5.440906372528041,34.82271504430336,0.2344400062528921,657.9597652772966,0.0,514,True
cells_cultured_fibroblasts,excluded_at_or_below_-1,ENSG00000212396.1,RNA5SP323,-24.433657658378866,101.41855647032875,-7.3331536775720245,7.127993185035554,448.78516843667364,1.694305061987082,0.0,-0.713337638130505,1.2065713374742053,-0.10226993357944064,0.43714532086474,0.6261175529121206,-0.3071983005542003,1.2065713374742053,18.668252388184836,0.0,342,True
cells_cultured_fibroblasts,raw,ENSG00000212396.1,RNA5SP323,8.769230761481897,382.79011168741954,-0.9696168037549522,0.005722277685263525,2226.9230769230767,537.8268851802567,0.0,-1.0,1.2065713374742053,-0.5291047811106881,0.5490001434816171,0.8870293254594229,-0.26208985777029836,1.2065713374742053,373.16582028265844,0.0,652,True
cells_ebv-transformed_lymphocytes,excluded_at_or_below_-1,ENSG00000212396.1,RNA5SP323,0.056357768948784664,14.560363538405149,0.13327906221375904,0.6922029838863973,229.85889806456584,3.0462476872202995,0.0,-0.7249881832682086,1.6242997926419087,0.15960432448056217,0.4530191740362566,0.23595491197673102,-0.10288248705295899,1.6242997926419087,14.41970456588448,0.0,294,True
cells_ebv-transformed_lymphocytes,raw,ENSG00000212396.1,RNA5SP323,2.8857714932894205,13.798155027688809,0.13815867524792597,0.5689338948068463,1263.6380794886009,3.6941390607996967,0.0,-1.0,1.6242997926419087,0.042580034854083425,0.5539254159866058,-0.1698964440394139,-0.2998261275106029,1.6242997926419087,13.783104019716276,0.0,327,True
cervix_ectocervix,excluded_at_or_below_-1,ENSG00000212396.1,RNA5SP323,,,,,,,,,,,,,,,,,6,False
cervix_ectocervix,raw,ENSG00000212396.1,RNA5SP323,0.15384615384615385,28.410670794867237,-0.9899396963680468,0.002140378462825225,7.076923076923078,602.2721728989013,0.0,-1.0,-0.0784151417112353,-0.8698223157870077,0.2603206294360742,1.8573373357776903,2.2283258119834617,-0.0784151417112353,25.454512566366034,0.0,24,True
cervix_endocervix,excluded_at_or_below_-1,ENSG00000212396.1,RNA5SP323,,,,,,,,,,,,,,,,,0,False
cervix_endocervix,raw,ENSG00000212396.1,RNA5SP323,0.0,23.0,-0.9875,1.0001e-06,0.0,-17675.90193946968,0.0,-1.0,-1.0,-1.0,0.0,,,-1.0,1.878384830178061e-188,0.0,23,True
colon_sigmoid,excluded_at_or_below_-1,ENSG00000212396.1,RNA5SP323,0.25558419330809246,0.3436031354411796,-0.5555973052141681,0.14487579357509642,13.026152138246072,3.1166204024571575,0.0,-0.8452508989800361,-0.2363224332346861,-0.5417381882023924,0.1653112454305061,0.13340071351833283,-0.5703213587614533,-0.2363224332346861,0.3409310580265132,0.0,16,True
colon_sigmoid,raw,ENSG00000212396.1,RNA5SP323,0.41025641025640974,426.52271056365953,-0.991233041977335,0.0032417313503931102,15.435897435897456,329.3316767701061,0.0,-1.0,-0.2363224332346861,-0.9825007422702585,0.09333880590619553,5.651383834653219,32.46998885151823,-0.2363224332346861,425.51724127059236,0.0,419,True
colon_transverse,excluded_at_or_below_-1,ENSG00000212396.1,RNA5SP323,0.30261405300565386,6.50451224625825,-0.702175604898452,0.14634762475243396,30.078080022142395,9.352616453034802,0.0,-0.8289033648659115,0.2656649246644236,-0.6214121683166821,0.1825290714151447,2.256218836924764,7.0837528217791625,0.2656649246644236,6.504386970627511,0.0,67,True
colon_transverse,raw,ENSG00000212396.1,RNA5SP323,1.7179487289825994,466.71119783954055,-0.986822606544065,0.007363716048675655,265.89743651479495,240.54225361620252,0.0,-1.0,0.2656649246644236,-0.9470451258397029,0.14791944921612035,3.4289234924196768,14.752545524090145,0.2656649246644236,464.56768972619454,0.0,479,True
esophagus_gastroesophageal_junction,excluded_at_or_below_-1,ENSG00000212396.1,RNA5SP323,,,,,,,,,,,,,,,,,7,False
esophagus_gastroesophageal_junction,raw,ENSG00000212396.1,RNA5SP323,0.17948716728984598,489.0935213302579,-0.9959229992646383,0.0021765516665030616,7.743589746425454,261.31553221734725,0.0,-1.0,-0.5937441683839664,-0.9944670965731627,0.04238647596121732,7.7606950173964835,59.92264893884977,-0.5937441683839664,489.08746332327047,0.0,403,True
esophagus_mucosa,excluded_at_or_below_-1,ENSG00000212396.1,RNA5SP323,1.7708542143254562,13.583748866493845,-0.5834472587984364,0.1343098072985498,196.92889365467684,10.86052473295989,0.0,-0.7852000221366662,0.4479917139669456,-0.44886796692736963,0.24794939908506947,1.4503516049847869,2.0547424843426514,0.4479917139669456,13.583748849027115,0.0,174,True
esophagus_mucosa,raw,ENSG00000212396.1,RNA5SP323,4.46153846969983,530.4363465452554,-0.9787534114624777,0.007087488358390807,1221.6923093892792,284.6879182585509,0.0,-1.0,0.4479917139669456,-0.843816003656942,0.2813106472363499,1.8671113252558396,3.1995869801556127,0.4479917139669456,527.7017337484842,0.0,614,True
esophagus_muscularis,excluded_at_or_below_-1,ENSG00000212396.1,RNA5SP323,,,,,,,,,,,,,,,,,5,False
esophagus_muscularis,raw,ENSG00000212396.1,RNA5SP323,0.12820512820413002,619.5767341896432,-0.9939264997730279,0.0028504315098732825,4.358974359878538,275.3177076726713,0.0,-1.0,-0.439007292337775,-0.996069150905379,0.042372212981645695,11.081682004639749,124.7369613827581,-0.439007292337775,604.04282453183,0.0,561,True
fallopian_tube,excluded_at_or_below_-1,ENSG00000212396.1,RNA5SP323,,,,,,,,,,,,,,,,,1,False
fallopian_tube,raw,ENSG00000212396.1,RNA5SP323,0.025641025641015138,28.06758924201372,-0.9954453153506382,0.0016674976759621207,0.9743589743591856,311.6912509319309,0.0,-1.0,-0.6279304997844706,-0.9871700172339473,0.06909157166788941,5.102520385624567,24.03571428571426,-0.6279304997844706,27.63990917648417,0.0,29,True
heart_atrial_appendage,excluded_at_or_below_-1,ENSG00000212396.1,RNA5SP323,0.04864159412986095,1.4374984807010507,-0.7208107984219533,0.05911331518090053,4.820246536923182,12.206297168877633,0.0,-0.8759140992707698,-0.2105945828987436,-0.6885432046669114,0.168400433845052,2.223226892239529,4.3198897339838895,-0.2105945828987436,1.4374336175272693,0.0,11,True
heart_atrial_appendage,raw,ENSG00000212396.1,RNA5SP323,0.2895331602568259,419.44392988996134,-0.9901532250363857,0.008951779080417456,942.3107137424962,123.15567603627632,0.0,-1.0,-0.2105945828987436,-0.9925682760332669,0.05367341824297975,9.41330711327006,109.32294131246445,-0.2105945828987436,417.42589777708366,0.0,461,True
heart_left_ventricle,excluded_at_or_below_-1,ENSG00000212396.1,RNA5SP323,,,,,,,,,,,,,,,,,3,False
heart_left_ventricle,raw,ENSG00000212396.1,RNA5SP323,0.07692307692307691,482.1640436739605,-0.9937969945107094,0.0012589368810776622,2.7692307692307696,580.716481718345,0.0,-1.0,-0.4768415531712118,-0.9975205643468747,0.03163690152718994,13.663661086229189,196.52061005071255,-0.4768415531712118,479.7441004955029,0.0,452,True
kidney_cortex,excluded_at_or_below_-1,ENSG00000212396.1,RNA5SP323,,,,,,,,,,,,,,,,,1,False
kidney_cortex,raw,ENSG00000212396.1,RNA5SP323,0.025641025710102575,137.12865278601063,-0.9966946147929623,0.002005757029488676,0.9743589747531083,244.66462238078438,0.0,-1.0,-0.6496905983811997,-0.9966316403690499,0.03435066297402451,10.050358637275789,99.00970873786406,-0.6496905983811997,135.7235462360262,0.0,104,True
kidney_medulla,excluded_at_or_below_-1,ENSG00000212396.1,RNA5SP323,,,,,,,,,,,,,,,,,0,False
kidney_medulla,raw,ENSG00000212396.1,RNA5SP323,0.0,11.0,-0.9875,1.0001e-06,0.0,-17675.90193946968,0.0,-1.0,-1.0,-1.0,0.0,,,-1.0,8.983579622590726e-189,0.0,11,True
liver,excluded_at_or_below_-1,ENSG00000212396.1,RNA5SP323,,,,,,,,,,,,,,,,,8,False
liver,raw,ENSG00000212396.1,RNA5SP323,0.20548024889438352,355.50614071369847,-0.9914604711443724,0.0003902100850062977,12.358979192432198,2510.672093550201,0.0,-1.0,-0.2987153319991834,-0.9887654138910975,0.06758407098740443,6.8403291917580455,52.45073096074358,-0.2987153319991834,163.26772952775013,0.0,262,True
lung,excluded_at_or_below_-1,ENSG00000212396.1,RNA5SP323,0.915900152030714,4.679057924063386,-0.552087950775917,0.12374775200434111,79.90150220054659,7.641641931612719,0.0,-0.7615970950962718,0.116577684895387,-0.4558105911156127,0.20875591093973342,1.0617756816147361,0.3965132645358307,0.116577684895387,4.679052055193263,0.0,83,True
lung,raw,ENSG00000212396.1,RNA5SP323,3.3983727918981708,475.04730980864167,-0.9860667279378006,0.012254811058592297,2117.0633602544963,127.24591800297708,0.0,-1.0,0.116577684895387,-0.9252190050705231,0.20269980718856484,2.827204312870357,7.598752572550074,0.116577684895387,472.577476612104,0.0,604,True
minor_salivary_gland,excluded_at_or_below_-1,ENSG00000212396.1,RNA5SP323,0.29741909453098725,3.7048161790901624,-0.6372082231030961,0.010551673977789711,9.735347470664887,55.80764282067224,0.0,-0.7669034309656937,-0.2208184583743959,-0.5777650218554069,0.16387810664415386,1.0168610392658288,-0.11846555743169418,-0.2208184583743959,3.702910564056623,0.0,17,True
minor_salivary_gland,raw,ENSG00000212396.1,RNA5SP323,,,,,,,,,,,,,,,,,181,False
muscle_skeletal,excluded_at_or_below_-1,ENSG00000212396.1,RNA5SP323,,,,,,,,,,,,,,,,,8,False
muscle_skeletal,raw,ENSG00000212396.1,RNA5SP323,0.20512820512820498,892.5516997451814,-0.9965311841377347,0.0012435072038548681,12.358974405224785,346.9471373176567,0.0,-1.0,-0.6914632113151753,-0.9975093526819834,0.025216629792663127,10.140906273411828,102.16671167179285,-0.6914632113151753,881.816346013264,0.0,818,True
nerve_tibial,excluded_at_or_below_-1,ENSG00000212396.1,RNA5SP323,0.2279278244369001,1.002618371865456,-0.5712914284046983,0.11353347580668395,9.848134226727991,5.1288930216064115,0.0,-0.6555202911275095,-0.1595424059964404,-0.4891684066848097,0.13665749659259951,1.0247235339748608,0.07867344510186802,-0.1595424059964404,1.0026123782482546,0.0,23,True
nerve_tibial,raw,ENSG00000212396.1,RNA5SP323,0.5897435897421784,672.1923646215555,-0.9887639233480324,0.003693091884270511,33.43589743596078,317.53781189277356,0.0,-1.0,-0.1595424059964404,-0.9824639900802249,0.09631978574754656,5.72786627607943,33.44570273334231,-0.1595424059964404,672.1861077469327,0.0,670,True
ovary,excluded_at_or_below_-1,ENSG00000212396.1,RNA5SP323,,,,,,,,,,,,,,,,,4,False
ovary,raw,ENSG00000212396.1,RNA5SP323,0.10256410256410256,210.01874572567172,-0.9856584604582347,0.0018864398565446095,3.58974358974359,812.5325756921078,0.0,-1.0,0.09819045480345,-0.9834171019757394,0.11962745820755445,7.6002885228255685,58.8969101470044,0.09819045480345,203.86017293924448,0.0,193,True
pancreas,excluded_at_or_below_-1,ENSG00000212396.1,RNA5SP323,,,,,,,,,,,,,,,,,9,False
pancreas,raw,ENSG00000212396.1,RNA5SP323,0.23076923077092565,355.29496643540716,-0.9919469820990994,0.0031019419344455283,6.923076923112084,299.6021993034124,0.0,-1.0,-0.3347982668004811,-0.9913404201266673,0.05957892142189184,7.775340791382184,65.41187334475894,-0.3347982668004811,352.42460621742987,0.0,362,True
pituitary,excluded_at_or_below_-1,ENSG00000212396.1,RNA5SP323,0.3421053804545883,9.239183942845507,-0.650887583235867,0.005504878013686457,10.552633968541699,123.71948677195516,0.0,-0.7730353054228639,-0.1693049561730442,-0.5399048329983636,0.1490205496932615,1.0881996899464998,0.8569753610616182,-0.1693049561730442,9.227930868282586,0.0,17,True
pituitary,raw,ENSG00000212396.1,RNA5SP323,0.4358974358971403,313.2279351696476,-0.9905571951003866,0.003905276130572575,19.589743589753986,297.39921470035307,0.0,-1.0,-0.1693049561730442,-0.9750108056261093,0.10975711274578583,4.650569321784419,22.235242389012086,-0.1693049561730442,311.7909593560296,0.0,313,True
prostate,excluded_at_or_below_-1,ENSG00000212396.1,RNA5SP323,,,,,,,,,,,,,,,,,8,False
prostate,raw,ENSG00000212396.1,RNA5SP323,0.20512820512915353,339.92210836154146,-0.9915574932303546,0.004125182061494366,10.358974359326087,281.271982919122,0.0,-1.0,-0.1711028114127833,-0.9859745697598145,0.08691383112461071,6.692611390535073,47.02733411600638,-0.1711028114127833,339.5325096566107,0.0,282,True
skin_not_sun_exposed_suprapubic,excluded_at_or_below_-1,ENSG00000212396.1,RNA5SP323,0.7086899013766208,12.762225089189501,-0.5984355864794824,0.07822990896443727,52.47439919776424,17.719232885467097,0.0,-0.8250784708695698,0.3817374315360642,-0.5262808332790442,0.2368806970562856,2.1576720516224666,4.437369900400694,0.3817374315360642,12.760162764914966,0.0,87,True
skin_not_sun_exposed_suprapubic,raw,ENSG00000212396.1,RNA5SP323,2.2307697218765314,590.6068747439493,-0.9837158665663002,0.004413987914225306,562.9230769230865,437.4825238510766,0.0,-1.0,0.3817374315360642,-0.9366919085948953,0.18288363898758903,3.5905650607493618,15.416622718335432,0.3817374315360642,590.0385974099432,0.0,651,True
skin_sun_exposed_lower_leg,excluded_at_or_below_-1,ENSG00000212396.1,RNA5SP323,0.9770355446852591,7.695866301168909,-0.5964780858816408,0.09927402055985105,70.42604229428211,9.621089028442094,0.0,-0.8562213045197906,0.0788967057551959,-0.5064463603853511,0.18796305324516027,1.054524512026997,0.5557549570615401,0.0788967057551959,7.695589553944027,0.0,97,True
skin_sun_exposed_lower_leg,raw,ENSG00000212396.1,RNA5SP323,4.862852695200638,632.1598131452558,-0.9865347100315759,0.010849275474799658,1003.3175900162969,138.88001659501086,0.0,-1.0,0.0788967057551959,-0.9365056988824656,0.1784567666394691,2.9443173295264033,8.36065066781314,0.0788967057551959,628.2262826255405,0.0,754,True
small_intestine_terminal_ileum,excluded_at_or_below_-1,ENSG00000212396.1,RNA5SP323,0.38970415370899164,2.856600258613482,-0.6843955023757754,0.17504752828256082,38.14448314012971,5.450588973517999,0.0,-0.772484401380501,-0.009736347009258,-0.5625857929516591,0.17835002939227135,1.2798790530353468,1.1674177529513852,-0.009736347009258,2.8565944679004254,0.0,51,True
small_intestine_terminal_ileum,raw,ENSG00000212396.1,RNA5SP323,,,,,,,,,,,,,,,,,207,False
spleen,excluded_at_or_below_-1,ENSG00000212396.1,RNA5SP323,0.05922531892980871,1.5802293195967312,-0.6459450091983894,0.3116975395344088,21.857931148711028,4.7388035245772935,0.0,-0.7175032593344017,0.3985036075078108,-0.4671540563312346,0.24405873945822631,2.118544736864164,5.2551029844754105,0.3985036075078108,1.5801989204744467,0.0,22,True
spleen,raw,ENSG00000212396.1,RNA5SP323,0.5641025641025641,289.9782540887936,-0.9841108595444565,0.004403041678578262,45.58974358977198,444.0821308486759,0.0,-1.0,0.3985036075078108,-0.9576801055569932,0.1592680720013163,4.53705747275651,24.73261297455348,0.3985036075078108,286.91195528992733,0.0,277,True
stomach,excluded_at_or_below_-1,ENSG00000212396.1,RNA5SP323,0.4956620870500649,3.114740786209637,-0.6056770213265108,0.07350732034655552,41.7260941233353,12.129837668819176,0.0,-0.7795387844186226,0.0248019155162535,-0.5311769059248769,0.18188261454411062,1.4733057648216716,1.8945998269150657,0.0248019155162535,3.1145048223771736,0.0,40,True
stomach,raw,ENSG00000212396.1,RNA5SP323,1.0256410220097953,369.6021734751,-0.9870939516331442,0.0009668438613480033,74.97435897435898,1480.111645986733,0.0,-1.0,0.0248019155162535,-0.9539240202383172,0.15067920560909365,3.578164916909212,13.494599086763792,0.0248019155162535,192.53291989383712,0.0,407,True
testis,excluded_at_or_below_-1,ENSG00000212396.1,RNA5SP323,2.026120835155788,15.75286108493335,-0.7018345391674221,0.03041207424035824,285.92789368528395,55.86513392570416,0.0,-0.7467622197038312,0.499521921836344,-0.51615331580053,0.2109316585986475,1.8814865956379139,4.880948860251166,0.499521921836344,15.740684498550987,0.0,108,True
testis,raw,ENSG00000212396.1,RNA5SP323,2.86259089204865,300.635054349505,-0.9812559198504078,0.011009763863181324,627.5406659982923,190.20717724729235,0.0,-1.0,0.499521921836344,-0.8737791258610078,0.23827749682841298,2.0271709735171353,4.410181174757239,0.499521921836344,296.96342196292557,0.0,414,True
thyroid,excluded_at_or_below_-1,ENSG00000212396.1,RNA5SP323,0.4035909808101069,3.886467173816342,-0.5338555571763555,0.0192269895530377,11.521828493786291,39.28077176309573,0.0,-0.6741554038135097,0.0001875381655989,-0.4251909208789613,0.21913716472789252,0.9432130846146018,-0.6663650183570948,0.0001875381655989,3.8845882652297665,0.0,24,True
thyroid,raw,ENSG00000212396.1,RNA5SP323,0.6153846153846154,666.7107330316127,-0.9873234580188285,0.0016572029346569133,47.23076923077684,842.7160093617067,0.0,-1.0,0.0001875381655989,-0.979831260381718,0.11322492480763599,6.208691335584692,40.933493625882754,0.0001875381655989,562.9633303243754,0.0,684,True
uterus,excluded_at_or_below_-1,ENSG00000212396.1,RNA5SP323,,,,,,,,,,,,,,,,,4,False
uterus,raw,ENSG00000212396.1,RNA5SP323,0.10256409531780766,159.21608500229922,-0.9846027622648332,0.008298578300738614,3.5897436485402383,236.5771862357125,0.0,-1.0,0.4036276693901135,-0.9837509025107252,0.12447387226974083,9.68360654306958,101.10701242785755,0.4036276693901135,156.89452574220084,0.0,153,True
vagina,excluded_at_or_below_-1,ENSG00000212396.1,RNA5SP323,0.1621732940035935,2.572828348659676,-0.5484454872157647,0.15277130429858293,18.12748628471448,9.55745014789268,0.0,-0.6908645671943193,0.484004040712781,-0.423725551017442,0.27836851956453085,1.7885198591826486,2.6121417819126727,0.484004040712781,2.5727643574392274,0.0,28,True
vagina,raw,ENSG00000212396.1,RNA5SP323,,,,,,,,,,,,,,,,,170,False
whole_blood,excluded_at_or_below_-1,ENSG00000212396.1,RNA5SP323,0.20566375924495484,1.8814179904690183,-0.5357385853911487,0.03884479321960735,12.252530708619435,26.730586807837334,0.0,-0.698983691811197,0.1984815810784976,-0.44196246619866036,0.2513788850834381,1.4304755676560161,1.0976935864353088,0.1984815810784976,1.8814124592089558,0.0,14,True
whole_blood,raw,ENSG00000212396.1,RNA5SP323,0.3836306090235385,725.9247208242668,-0.9850510632023112,0.013722473497345858,3991.7540712628775,121.9727563967928,0.0,-1.0,0.1984815810784976,-0.9902708275551447,0.0797843142238758,9.686670065625458,106.96471638827758,0.1984815810784976,722.5024923466399,0.0,803,True
adipose_subcutaneous,excluded_at_or_below_-1,ENSG00000202047.1,RNA5SP324,0.44736853305521607,16.803039341637025,-0.5248049678430571,0.005615767426560595,25.394739672569422,101.97595255531132,0.0,-0.7713438238265033,-0.119863841630378,-0.5057976337338025,0.14437065700869045,1.2826449349948659,1.704936428322049,-0.119863841630378,16.73818755613954,0.0,24,True
adipose_subcutaneous,raw,ENSG00000202047.1,RNA5SP324,0.6153846153262345,758.347320552656,-0.9877542060129347,0.004029118410289675,61.23076923353034,304.6280101444068,0.0,-1.0,-0.119863841630378,-0.9833881557557582,0.0928285392384742,5.939262674584322,37.01945090470112,-0.119863841630378,747.1662063794049,0.0,714,True
adipose_visceral_omentum,excluded_at_or_below_-1,ENSG00000202047.1,RNA5SP324,0.11108876998935799,1.4414215766917913,-0.514212086255622,0.11847143676826148,20.978126925890223,3.538698051097517,0.0,-0.806479291612583,-0.2177684277044477,-0.5084519163046686,0.11559535345357481,-0.04075559411163813,1.1330874093125773,-0.2177684277044477,1.438655976916479,0.0,25,True
adipose_visceral_omentum,raw,ENSG00000202047.1,RNA5SP324,0.6410256410217032,573.039786894258,-0.9907584236186738,0.003737199359965728,38.974358974564666,292.51127127738965,0.0,-1.0,-0.2177684277044477,-0.9790652434542021,0.10206002580131636,4.903130460242516,23.260281469487175,-0.2177684277044477,572.6271301367749,0.0,587,True
adrenal_gland,excluded_at_or_below_-1,ENSG00000202047.1,RNA5SP324,,,,,,,,,,,,,,,,,7,False
adrenal_gland,raw,ENSG00000202047.1,RNA5SP324,0.17948717948717943,340.6229790758517,-0.9941395979030224,0.0023472380430057897,7.743589743688459,325.37398174367985,0.0,-1.0,-0.4541008028631325,-0.990877057346245,0.0602807897563121,6.8030479763578136,46.625751545315666,-0.4541008028631325,331.240072762527,0.0,295,True
artery_aorta,excluded_at_or_below_-1,ENSG00000202047.1,RNA5SP324,0.254550905627221,0.9301954277415281,-0.4541086117174812,0.029467598702634195,9.120016410010203,25.65018029395479,0.0,-0.6092761923839007,0.0803574969826337,-0.32565433343919736,0.207050274416356,0.6618834766232798,-0.5230987432762886,0.0803574969826337,0.9301235466966464,0.0,13,True
artery_aorta,raw,ENSG00000202047.1,RNA5SP324,0.3333333333756469,557.9645212462078,-0.9887022888511107,0.004984915901437039,12.666666671324425,303.2907431152283,0.0,-1.0,0.0803574969826337,-0.9814269202006558,0.11531608938023036,6.573824735231587,44.64267028423871,0.0803574969826337,552.8980183043876,0.0,472,True
artery_coronary,excluded_at_or_below_-1,ENSG00000202047.1,RNA5SP324,0.08762474226554325,1.0712766547095658,-0.4507303894691234,0.11163156522447619,8.030540020415675,3.150134834101721,0.0070008935892946055,-0.8800887660879251,-0.2020731204716225,-0.4671687231463222,0.14699632086312392,-1.0875015090238709,2.3437444364635382,-0.2020731204716225,1.071264892777747,0.007499811520284103,16,True
artery_coronary,raw,ENSG00000202047.1,RNA5SP324,0.7399163989292363,238.69709084114146,-0.990031652773357,0.00828925073348927,181.108993623103,134.43213129827012,0.0,-1.0,-0.2020731204716225,-0.968189177501273,0.13119258037720072,4.056664618656776,15.161946206662918,-0.2020731204716225,237.26219677645688,0.0,268,True
artery_tibial,excluded_at_or_below_-1,ENSG00000202047.1,RNA5SP324,0.31578953596000137,6.617185863183449,-0.5398476572695434,0.0037613652938607994,8.210527663736382,117.56273860719669,0.0,-0.6298089307870487,-0.2271675807849712,-0.4433728067514365,0.11301838402461752,0.38968099801924827,-0.6955742766464561,-0.2271675807849712,6.611312680938836,0.0,15,True
artery_tibial,raw,ENSG00000202047.1,RNA5SP324,0.38461538044378485,706.1924841323182,-0.989513274705297,0.00392757070581631,17.23076936251791,274.50037193786835,0.0,-1.0,-0.2271675807849712,-0.9879169205517679,0.08275549017871231,6.962192387671014,48.32543938111273,-0.2271675807849712,704.9458625385346,0.0,691,True
bladder,excluded_at_or_below_-1,ENSG00000202047.1,RNA5SP324,,,,,,,,,,,,,,,,,0,False
bladder,raw,ENSG00000202047.1,RNA5SP324,0.0,77.0,-0.9875,1.0001e-06,0.0,-17675.90193946968,0.0,-1.0,-1.0,-1.0,0.0,,,-1.0,6.288505735813509e-188,0.0,77,True
brain_amygdala,excluded_at_or_below_-1,ENSG00000202047.1,RNA5SP324,,,,,,,,,,,,,,,,,3,False
brain_amygdala,raw,ENSG00000202047.1,RNA5SP324,0.07694374424319633,200.03677288219023,-0.9965418964097092,0.00032518960421036304,4.769230785889155,1226.7974834700578,0.0,-1.0,-0.7144474527484135,-0.9953542122850699,0.035892940446728125,7.578204362338632,55.45589131582553,-0.7144474527484135,174.1350409735054,0.0,181,True
brain_anterior_cingulate_cortex_ba24,excluded_at_or_below_-1,ENSG00000202047.1,RNA5SP324,,,,,,,,,,,,,,,,,4,False
brain_anterior_cingulate_cortex_ba24,raw,ENSG00000202047.1,RNA5SP324,0.10256410259958786,234.2986086913515,-0.9910772297646377,0.003797058652265813,3.589743589910356,279.8173315061828,0.0,-1.0,-0.2397884230962849,-0.9915858551399666,0.06886520669529647,8.983609885891378,84.39274891863799,-0.2397884230962849,234.27410926575254,0.0,233,True
brain_caudate_basal_ganglia,excluded_at_or_below_-1,ENSG00000202047.1,RNA5SP324,,,,,,,,,,,,,,,,,7,False
brain_caudate_basal_ganglia,raw,ENSG00000202047.1,RNA5SP324,0.17948717948666446,338.016329668945,-0.9947060118666454,0.0024368628083667396,7.7435897443407775,285.5765730883139,0.0,-1.0,-0.5026226742327045,-0.9914804801130157,0.056485396305536784,6.764778403932007,45.70056243692696,-0.5026226742327045,332.5236365489004,0.0,300,True
brain_cerebellar_hemisphere,excluded_at_or_below_-1,ENSG00000202047.1,RNA5SP324,,,,,,,,,,,,,,,,,4,False
brain_cerebellar_hemisphere,raw,ENSG00000202047.1,RNA5SP324,0.10256410256410257,309.05815758436745,-0.9913643310951912,0.0009515698369816641,3.5897435897435903,1053.814574385151,0.0,-1.0,-0.2822930921842261,-0.9929923293771574,0.06086290270584971,9.297187122180592,90.38736124349055,-0.2822930921842261,288.692704956338,0.0,277,True
brain_cerebellum,excluded_at_or_below_-1,ENSG00000202047.1,RNA5SP324,,,,,,,,,,,,,,,,,4,False
brain_cerebellum,raw,ENSG00000202047.1,RNA5SP324,0.1025641024158407,334.38949924586746,-0.9943610295919353,0.003117022829839434,3.5897435906156123,258.0426485059971,0.0,-1.0,-0.4256174905215401,-0.9928390802784769,0.05861475492066966,8.206785150091124,66.69141423253551,-0.4256174905215401,333.9390313635957,0.0,266,True
brain_cortex,excluded_at_or_below_-1,ENSG00000202047.1,RNA5SP324,0.18862523566958425,0.9975947881984122,-0.6476846643814447,0.009525242594755167,5.918658529145296,24.92225808998766,0.0,-0.7542439332354429,-0.4798241936348036,-0.6428354389718665,0.07513070983981379,0.6994932094306687,0.49945408421995374,-0.4798241936348036,0.9972186696272428,0.0,10,True
brain_cortex,raw,ENSG00000202047.1,RNA5SP324,0.25641025640978904,270.53324935410205,-0.9930384411005532,0.0022769679113967827,11.43589743590654,318.7548430245262,0.0,-1.0,-0.4798241936348036,-0.9867716829248839,0.06895987702522136,5.23783091838125,26.762377706651076,-0.4798241936348036,270.5225751478261,0.0,270,True
brain_frontal_cortex_ba9,excluded_at_or_below_-1,ENSG00000202047.1,RNA5SP324,,,,,,,,,,,,,,,,,5,False
brain_frontal_cortex_ba9,raw,ENSG00000202047.1,RNA5SP324,0.12820512820512822,317.1573447770544,-0.9943537113086246,0.0021622018685480476,6.358974362349217,340.2705131546221,0.0,-1.0,-0.4741115364845176,-0.9923459147424539,0.056927462099668126,7.5398731330845115,56.40246962113242,-0.4741115364845176,307.5797059616694,0.0,269,True
brain_hippocampus,excluded_at_or_below_-1,ENSG00000202047.1,RNA5SP324,,,,,,,,,,,,,,,,,4,False
brain_hippocampus,raw,ENSG00000202047.1,RNA5SP324,0.10256410256055763,262.7684699961217,-0.9911630570011954,0.0038499133662256353,3.5897435898346854,280.76992891743095,0.0,-1.0,-0.2268231221192336,-0.9918047083085387,0.0678875175936744,8.855300496112086,82.30264933393204,-0.2268231221192336,262.0707646553008,0.0,255,True
brain_hypothalamus,excluded_at_or_below_-1,ENSG00000202047.1,RNA5SP324,,,,,,,,,,,,,,,,,6,False
brain_hypothalamus,raw,ENSG00000202047.1,RNA5SP324,0.15384615381601685,307.1302089996594,-0.9946850192465145,0.002816951795501745,7.07692307731618,261.70011094692273,0.0,-1.0,-0.4734083061467613,-0.9916050404151361,0.0559529306858416,6.911281348630395,48.78545257649753,-0.4734083061467613,307.0674408379961,0.0,257,True
brain_nucleus_accumbens_basal_ganglia,excluded_at_or_below_-1,ENSG00000202047.1,RNA5SP324,,,,,,,,,,,,,,,,,6,False
brain_nucleus_accumbens_basal_ganglia,raw,ENSG00000202047.1,RNA5SP324,0.15384615384615183,281.38767615051194,-0.9929965635755877,0.0024570973930804485,5.076923076923308,329.21906553833264,0.0,-1.0,-0.4210014072505278,-0.9925842971760561,0.05347287131934874,7.840769395384439,65.35731440363736,-0.4210014072505278,278.7780446751657,0.0,285,True
brain_putamen_basal_ganglia,excluded_at_or_below_-1,ENSG00000202047.1,RNA5SP324,,,,,,,,,,,,,,,,,7,False
brain_putamen_basal_ganglia,raw,ENSG00000202047.1,RNA5SP324,0.17948717948577153,263.2244698772803,-0.9940350332904443,0.0019348053648969286,7.743589743609155,315.74052432830433,0.0,-1.0,-0.5620660035488055,-0.9906612719557452,0.05702011272782292,6.221073354034663,38.349619462844295,-0.5620660035488055,262.2783975277344,0.0,254,True
brain_spinal_cord_cervical_c-1,excluded_at_or_below_-1,ENSG00000202047.1,RNA5SP324,0.1155034458874546,0.6901186214745372,-0.8264598717654323,0.33046612279009974,6.7567575892844,3.2851605489880895,0.0,-0.6185305567574347,-0.0588005180074604,-0.41760247819464125,0.17180905731201873,0.8524142674984644,-0.13840219207191629,-0.0588005180074604,0.4613752340596132,0.0,10,True
brain_spinal_cord_cervical_c-1,raw,ENSG00000202047.1,RNA5SP324,0.2564102564102564,201.4789991951417,-0.9888292811774695,0.0030034730467148963,7.435897435897438,437.9127995540666,0.0,-1.0,-0.0588005180074604,-0.9714511018722863,0.13114249438907902,4.757151857483228,22.640241057554704,-0.0588005180074604,200.82142086512437,0.0,204,True
brain_substantia_nigra,excluded_at_or_below_-1,ENSG00000202047.1,RNA5SP324,,,,,,,,,,,,,,,,,5,False
brain_substantia_nigra,raw,ENSG00000202047.1,RNA5SP324,0.12697226125765093,176.01899573485792,-0.9937897401201145,0.004988119073364244,10.0099458628389,139.2191465301927,0.0,-1.0,-0.5027453189229011,-0.9879867823844191,0.07231783686248748,5.906923229802841,33.29164471133393,-0.5027453189229011,174.8948325570549,0.0,183,True
breast_mammary_tissue,excluded_at_or_below_-1,ENSG00000202047.1,RNA5SP324,0.2182266811994621,1.9267355736032112,-0.5538596062959117,0.08663957307995498,34.221579095440234,10.696231332180599,0.0,-0.7903345348000843,0.1014282093784797,-0.4852938340186083,0.19734139395639827,1.4385277549154833,2.1800013186453198,0.1014282093784797,1.9267211905571142,0.0,22,True
breast_mammary_tissue,raw,ENSG00000202047.1,RNA5SP324,0.5641025641025668,627.2504323603927,-0.9886986776489776,0.004993202883748278,49.58974365463476,308.75417327014287,0.0,-1.0,0.1014282093784797,-0.9779697749969054,0.11166513679226464,5.691289862062606,35.83956017408939,0.1014282093784797,625.4372738197619,0.0,514,True
cells_cultured_fibroblasts,excluded_at_or_below_-1,ENSG00000202047.1,RNA5SP324,,,,,,,,,,,,,,,,,7,False
cells_cultured_fibroblasts,raw,ENSG00000202047.1,RNA5SP324,0.17948717948717904,732.0718707150443,-0.992277906962998,0.0030155939555684638,7.743589743589748,326.39495466687305,0.0,-1.0,-0.296290625685748,-0.994299562311769,0.055366634243815875,9.842666446810062,97.53682940557968,-0.296290625685748,712.0984061471358,0.0,652,True
cells_ebv-transformed_lymphocytes,excluded_at_or_below_-1,ENSG00000202047.1,RNA5SP324,0.8726001513826277,5.6265349115343435,-0.6259323946631593,0.062039643907658266,52.78537423044817,14.225170295916511,0.0,-0.772676639297502,-0.0018933363730139,-0.5233391717186312,0.1824103856296968,1.0581750626553426,0.2282497438668738,-0.0018933363730139,5.626531119962938,0.0,67,True
cells_ebv-transformed_lymphocytes,raw,ENSG00000202047.1,RNA5SP324,1.7179487175190657,305.2580322743515,-0.9896720717671876,0.005255583546787349,203.89743590229705,265.7992346201224,0.0,-1.0,-0.0018933363730139,-0.9023355489454076,0.2094382417318603,2.114398175968387,3.666498523003362,-0.0018933363730139,304.05543812639246,0.0,327,True
cervix_ectocervix,excluded_at_or_below_-1,ENSG00000202047.1,RNA5SP324,,,,,,,,,,,,,,,,,1,False
cervix_ectocervix,raw,ENSG00000202047.1,RNA5SP324,0.025641025641025644,33.873162344668614,-0.9954074003652618,0.0016785369728535267,0.9743589743589743,376.1767973113045,0.0,-1.0,-0.5489213254070371,-0.9812050552252932,0.09207604888364114,4.587317109255645,19.043478260869566,-0.5489213254070371,33.80688881419433,0.0,24,True
cervix_endocervix,excluded_at_or_below_-1,ENSG00000202047.1,RNA5SP324,,,,,,,,,,,,,,,,,0,False
cervix_endocervix,raw,ENSG00000202047.1,RNA5SP324,0.0,23.0,-0.9875,1.0001e-06,0.0,-17675.90193946968,0.0,-1.0,-1.0,-1.0,0.0,,,-1.0,1.878384830178061e-188,0.0,23,True
colon_sigmoid,excluded_at_or_below_-1,ENSG00000202047.1,RNA5SP324,,,,,,,,,,,,,,,,,9,False
colon_sigmoid,raw,ENSG00000202047.1,RNA5SP324,0.23076923076923067,472.10241845280916,-0.9934203595504868,0.0014518608991393228,14.92307697701385,548.8867774272604,0.0,-1.0,-0.4299218389564739,-0.9905138285055562,0.06490385031096452,6.880178328117676,46.82184192936279,-0.4299218389564739,470.58510262056274,0.0,419,True
colon_transverse,excluded_at_or_below_-1,ENSG00000202047.1,RNA5SP324,0.20136520568096064,0.9447250008782563,-0.7572282898782193,0.031194852686053126,8.424070394923408,19.88729390453023,0.0,-0.751892692399311,-0.3185525338382026,-0.5956477861717865,0.13391070469951516,0.7197287850675739,-0.18018434646924142,-0.3185525338382026,0.9174874226664048,0.0,10,True
colon_transverse,raw,ENSG00000202047.1,RNA5SP324,0.2564102564102564,479.00377460871636,-0.9918488048781506,0.002493393399899111,9.435897435897438,381.88306668271997,0.0,-1.0,-0.3185525338382026,-0.9915584088971146,0.06071853678875848,7.734399497739447,63.04330851589776,-0.3185525338382026,476.2969131755905,0.0,479,True
esophagus_gastroesophageal_junction,excluded_at_or_below_-1,ENSG00000202047.1,RNA5SP324,,,,,,,,,,,,,,,,,6,False
esophagus_gastroesophageal_junction,raw,ENSG00000202047.1,RNA5SP324,0.15384615815984953,558.0940051781005,-0.995030876863168,0.003937393893144591,9.076925047549917,207.0625833759525,0.0,-1.0,-0.4185359449978982,-0.9932195041151357,0.05590994448877809,8.325605191875518,69.13193315500068,-0.4185359449978982,557.6139771918553,0.0,403,True
esophagus_mucosa,excluded_at_or_below_-1,ENSG00000202047.1,RNA5SP324,0.0391472321874273,0.6471686044925131,-0.6436928782945784,0.17031554201022364,7.427468806206673,4.619612389524563,0.0,-0.7397346175575317,-0.0873470696185827,-0.5598231873810688,0.1772489502705737,1.7880450631872218,2.754014733543472,-0.0873470696185827,0.6471526969013037,0.0,11,True
esophagus_mucosa,raw,ENSG00000202047.1,RNA5SP324,0.2894736111088701,556.1724831394025,-0.9885957216741281,0.009272389323705532,2180.1479612173816,137.45735023754054,0.0,-1.0,-0.0873470696185827,-0.992114096190866,0.06266642679185626,9.226262613959573,97.88790403707509,-0.0873470696185827,552.6520028891304,0.0,614,True
esophagus_muscularis,excluded_at_or_below_-1,ENSG00000202047.1,RNA5SP324,0.3003426225788434,2.114589863084269,-0.5725279482516388,0.01922768125966421,12.06715942763911,36.07506859908946,0.0,-0.8051703528630583,-0.0820504568041211,-0.4586834410562898,0.1830899230402565,0.29127561888779063,-0.294757099696362,-0.0820504568041211,2.113891390085656,0.0,16,True
esophagus_muscularis,raw,ENSG00000202047.1,RNA5SP324,0.4102564102564104,678.4846907230502,-0.9898352569804911,0.00279321727710602,15.435897435897438,459.6139321663104,0.0,-1.0,-0.0820504568041211,-0.9845613815631029,0.09503281194311027,6.54754021720694,44.273560982604266,-0.0820504568041211,651.5153385953768,0.0,561,True
fallopian_tube,excluded_at_or_below_-1,ENSG00000202047.1,RNA5SP324,,,,,,,,,,,,,,,,,1,False
fallopian_tube,raw,ENSG00000202047.1,RNA5SP324,,,,,,,,,,,,,,,,,29,False
heart_atrial_appendage,excluded_at_or_below_-1,ENSG00000202047.1,RNA5SP324,0.19126534363746261,0.8154240486925682,-0.6264168702399308,0.030460676435688117,8.40598551952725,8.188460844134866,0.0,-0.7792416345000339,-0.4500460144400833,-0.6028919563118336,0.0888228970660247,0.06126375936679404,-0.12476371288184662,-0.4500460144400833,0.815422437034102,0.0,13,True
heart_atrial_appendage,raw,ENSG00000202047.1,RNA5SP324,0.33333333333351434,491.9233099976423,-0.9936707383566148,0.0017755407608403993,14.666666666894123,432.9956677762774,0.0,-1.0,-0.4500460144400833,-0.9888017254491406,0.06735526252846209,6.100740235638192,36.76627852970395,-0.4500460144400833,490.4397729581988,0.0,461,True
heart_left_ventricle,excluded_at_or_below_-1,ENSG00000202047.1,RNA5SP324,,,,,,,,,,,,,,,,,7,False
heart_left_ventricle,raw,ENSG00000202047.1,RNA5SP324,0.1794871785151059,490.17545250213857,-0.994994503689249,0.0022692038537347396,7.7435897450286015,281.6957291993834,0.0,-1.0,-0.5429941472457579,-0.995349735227471,0.03903532294530011,9.005147007590073,84.52818435414767,-0.5429941472457579,479.5992836738747,0.0,452,True
kidney_cortex,excluded_at_or_below_-1,ENSG00000202047.1,RNA5SP324,,,,,,,,,,,,,,,,,4,False
kidney_cortex,raw,ENSG00000202047.1,RNA5SP324,,,,,,,,,,,,,,,,,104,False
kidney_medulla,excluded_at_or_below_-1,ENSG00000202047.1,RNA5SP324,,,,,,,,,,,,,,,,,1,False
kidney_medulla,raw,ENSG00000202047.1,RNA5SP324,0.025641028286431954,13.695329188447127,-0.9962128410771026,0.0024305703730190813,0.9743589744506351,237.78249184236404,0.0,-1.0,-0.5875425417165959,-0.9625038674287815,0.12436060282815603,2.8460498941515415,6.099999999999994,-0.5875425417165959,13.423298146139938,0.0,11,True
liver,excluded_at_or_below_-1,ENSG00000202047.1,RNA5SP324,0.42443938927554115,2.756122881204603,-0.6206906137739618,0.1338983408831433,43.73192580932239,6.306505754912807,0.0,-0.7770248475707894,-0.0235879697179688,-0.5540371386548086,0.1661687703196575,1.1579834261771236,1.2162068833602753,-0.0235879697179688,2.756102507317694,0.0,50,True
liver,raw,ENSG00000202047.1,RNA5SP324,1.2820512863673839,244.71513089315744,-0.9898577699624884,0.005334011761671722,103.89743591002247,256.1883845544925,0.0,-1.0,-0.0235879697179688,-0.9148925837127497,0.18977095785046852,2.213758347529745,4.243005336549352,-0.0235879697179688,243.5917863308618,0.0,262,True
lung,excluded_at_or_below_-1,ENSG00000202047.1,RNA5SP324,0.9201620285170851,14.212089749625772,-0.4400493634307527,0.11664848266284215,96.75596164384217,22.464451350195052,0.0,-0.7558350778306566,1.4128844745507614,-0.2774042296764033,0.3640664738145662,2.344410346454654,7.041739614391165,1.4128844745507614,14.211427305914567,0.0,91,True
lung,raw,ENSG00000202047.1,RNA5SP324,2.3641822144968065,494.84024641838965,-0.9698459517491624,0.022935720792448187,818.7589881234787,146.9188483259651,0.0,-1.0,1.4128844745507614,-0.8911320942062129,0.29446361060031057,3.410387684905155,14.786143058893263,1.4128844745507614,491.2516533706049,0.0,604,True
minor_salivary_gland,excluded_at_or_below_-1,ENSG00000202047.1,RNA5SP324,0.2472008966873681,1.8723208599164756,-0.6572582494878452,0.14047686151235697,37.4173028103211,7.289667747216383,0.0,-0.7581427360031859,0.0668400577568235,-0.5354864753954507,0.20170202604209345,1.3506447580262684,1.1729406111724128,0.0668400577568235,1.872309631513287,0.0,29,True
minor_salivary_gland,raw,ENSG00000202047.1,RNA5SP324,,,,,,,,,,,,,,,,,181,False
muscle_skeletal,excluded_at_or_below_-1,ENSG00000202047.1,RNA5SP324,,,,,,,,,,,,,,,,,8,False
muscle_skeletal,raw,ENSG00000202047.1,RNA5SP324,-0.6119703999518381,743.6778974703898,-0.9935786074036991,0.006459294864513634,4678.355424336046,111.91718068725221,0.0,-1.0,-0.4824068228176755,-0.9966637034484392,0.03482639670584073,11.055534195981501,127.59720156994368,-0.4824068228176755,741.2057891113349,0.0,818,True
nerve_tibial,excluded_at_or_below_-1,ENSG00000202047.1,RNA5SP324,0.1681643343683937,2.506711545947591,-0.4631820102843844,0.1583579598102979,17.257918617908537,8.642355633680296,0.0,-0.5391976855004941,0.5045542938478682,-0.3318653429351438,0.22268900942907668,2.211774909492781,5.492715805579959,0.5045542938478682,2.506668802542078,0.0,27,True
nerve_tibial,raw,ENSG00000202047.1,RNA5SP324,0.6923076450506256,647.3544103546774,-0.9819600877600329,0.00866996627087982,68.30769508280656,242.47485324060136,0.0,-1.0,0.5045542938478682,-0.9730751705361923,0.13862738386199627,5.732353364630933,36.99353518345201,0.5045542938478682,645.5545570443468,0.0,670,True
ovary,excluded_at_or_below_-1,ENSG00000202047.1,RNA5SP324,,,,,,,,,,,,,,,,,7,False
ovary,raw,ENSG00000202047.1,RNA5SP324,0.1794871794976713,200.65107222111456,-0.9905759780647886,0.004160330395424519,5.743589743696898,284.4264287186337,0.0,-1.0,-0.1538509259626514,-0.9779956826204058,0.11584079816076963,5.284514658005445,27.284190893793486,-0.1538509259626514,198.16856159838764,0.0,193,True
pancreas,excluded_at_or_below_-1,ENSG00000202047.1,RNA5SP324,0.6216009025327571,6.378371402427452,-0.6493474905740353,0.00763596089282672,34.70258259497976,67.73074388178617,0.0,-0.7969103788165195,-0.2836394212386502,-0.6334631392833512,0.11286583601307075,1.6995743399990941,3.238769853341263,-0.2836394212386502,6.37484482436959,0.0,32,True
pancreas,raw,ENSG00000202047.1,RNA5SP324,1.5797273515086179,325.208285406451,-0.9910512438636091,0.006709818633049334,119.43377906223944,149.09961780660421,0.0,-1.0,-0.2836394212386502,-0.9675989515388597,0.10931717733167783,3.5098429968879468,12.440789807756461,-0.2836394212386502,322.81010372777234,0.0,362,True
pituitary,excluded_at_or_below_-1,ENSG00000202047.1,RNA5SP324,0.24185567456732468,0.6056333125120011,-0.4992477164904851,0.046929161861701915,13.71534279008778,7.2275781187145505,0.0,-0.7252218941751987,-0.2594082803362395,-0.49893025347862535,0.1273919665420024,0.20015476620630654,-0.4694898970020942,-0.2594082803362395,0.6056046967193217,0.0,14,True
pituitary,raw,ENSG00000202047.1,RNA5SP324,0.35897435897435903,302.8215575724848,-0.9907369118131464,4.827188185110808e-05,16.97435908161348,21425.617347517098,,-1.0,-0.2594082803362395,-0.9775879346603858,0.10694992886285638,4.828822988144065,22.632046263716212,-0.2594082803362395,0.0,0.0,313,True
prostate,excluded_at_or_below_-1,ENSG00000202047.1,RNA5SP324,,,,,,,,,,,,,,,,,8,False
prostate,raw,ENSG00000202047.1,RNA5SP324,0.20512820446225674,295.1565729158116,-0.9918496527482799,0.004087336198327905,8.358974369815607,253.79089104691445,0.0,-1.0,-0.2583474976414681,-0.9846873702799285,0.09189238110047974,6.093825439192244,36.750543564588675,-0.2583474976414681,290.47706260389776,0.0,282,True
skin_not_sun_exposed_suprapubic,excluded_at_or_below_-1,ENSG00000202047.1,RNA5SP324,0.15808460316911319,1.1508610003454414,-0.5204230287847881,0.056772921496406635,8.456112262214743,12.698079006110467,0.0,-0.7044767922761396,-0.0106647703790534,-0.4538793773108003,0.20475792510486185,1.3366647936955836,0.7174501009911238,-0.0106647703790534,1.1508564113578026,0.0,13,True
skin_not_sun_exposed_suprapubic,raw,ENSG00000202047.1,RNA5SP324,0.33336158422012957,716.1619640623611,-0.9878324592972492,0.0005844950651984879,14.666666697793056,2364.3036197604174,0.0,-1.0,-0.0106647703790534,-0.9890943654455306,0.08136248377973047,8.382392496282604,77.41466478955657,-0.0106647703790534,244.41598491971627,0.0,651,True
skin_sun_exposed_lower_leg,excluded_at_or_below_-1,ENSG00000202047.1,RNA5SP324,,,,,,,,,,,,,,,,,9,False
skin_sun_exposed_lower_leg,raw,ENSG00000202047.1,RNA5SP324,0.24623133671670647,681.5071749905179,-0.989523445863753,0.009953781284236652,4076.0266548701475,117.99943328042917,0.0,-1.0,-0.1589978578002704,-0.9935936112835875,0.059890503505245524,9.813416582842322,100.83033742401689,-0.1589978578002704,678.6206904633042,0.0,754,True
small_intestine_terminal_ileum,excluded_at_or_below_-1,ENSG00000202047.1,RNA5SP324,0.2775805572315186,0.9763315606005022,-0.5210970308411393,0.09820827962823718,10.078414924028081,9.20989736376205,0.0,-0.74177175410402,0.1184726916624039,-0.41256644712529333,0.2372283361963268,0.9155062638282461,-0.06076045896281013,0.1184726916624039,0.9763072601057972,0.0,19,True
small_intestine_terminal_ileum,raw,ENSG00000202047.1,RNA5SP324,,,,,,,,,,,,,,,,,207,False
spleen,excluded_at_or_below_-1,ENSG00000202047.1,RNA5SP324,0.3927143859742431,4.144260370639925,-0.4979950249684332,0.09726478229613655,34.153082426073055,16.197779722880643,0.0,-0.648579723427638,0.6160329834909584,-0.31032187691584384,0.3217634089407332,1.4644228076161963,1.1150986688422,0.6160329834909584,4.144052397174894,0.0,38,True
spleen,raw,ENSG00000202047.1,RNA5SP324,0.9911570620790042,237.19542664479317,-0.9798002069206186,0.007002973957714306,103.64701291151648,322.27007479859157,0.0,-1.0,0.6160329834909584,-0.9053871166888161,0.26529997194274285,3.1926547591319685,10.763899707659883,0.6160329834909584,228.98248498560784,0.0,277,True
stomach,excluded_at_or_below_-1,ENSG00000202047.1,RNA5SP324,,,,,,,,,,,,,,,,,7,False
stomach,raw,ENSG00000202047.1,RNA5SP324,0.17948717948717924,456.9487116715534,-0.9922607296138084,0.0027882324611270904,5.743589751867711,351.45436414065233,0.0,-1.0,-0.2993410088770173,-0.992690167542562,0.05846761812952023,8.727213926655828,81.10834258756803,-0.2993410088770173,445.26529601375864,0.0,407,True
testis,excluded_at_or_below_-1,ENSG00000202047.1,RNA5SP324,0.2180968411812053,1.202277225414291,-0.4528154759357204,0.0486227948290323,11.878839819337138,5.805755730430613,2.4115280661089195e-08,-0.6565250903891993,-0.2532048391698622,-0.47838751289331316,0.09422058127327887,-0.01607110298433282,0.6106825569857945,-0.2532048391698622,1.2022292245524009,2.8992095169044774e-08,19,True
testis,raw,ENSG00000202047.1,RNA5SP324,0.4871794871794869,399.67724941381437,-0.9909824158063599,0.0027827741545215588,25.743589743977786,374.9406157157148,0.0,-1.0,-0.2532048391698622,-0.9760612626690168,0.1110380181409713,4.559583292802579,19.47360836072032,-0.2532048391698622,395.3474324659493,0.0,414,True
thyroid,excluded_at_or_below_-1,ENSG00000202047.1,RNA5SP324,0.31168820086055843,0.4466591943064524,-0.5199059850890656,0.07647223654502762,12.88971878494128,4.873382972911457,0.0,-0.6080761431459193,-0.2563824937334683,-0.45630174828902975,0.10564710782506394,0.5387039753180431,-0.8313940650189449,-0.2563824937334683,0.44665532111345346,0.0,19,True
thyroid,raw,ENSG00000202047.1,RNA5SP324,0.4871794881835725,664.7711250365634,-0.9906301753673626,0.003784591314152779,21.743589770146848,274.37124469015725,0.0,-1.0,-0.2563824937334683,-0.9848972707858065,0.0910443424254206,6.084017497373949,36.444476166393386,-0.2563824937334683,650.2914703062006,0.0,684,True
uterus,excluded_at_or_below_-1,ENSG00000202047.1,RNA5SP324,,,,,,,,,,,,,,,,,2,False
uterus,raw,ENSG00000202047.1,RNA5SP324,0.05128205125267937,187.84238935143705,-0.9950643269747497,0.0026854296923100873,1.8974358975640662,258.24504856127004,0.0,-1.0,-0.5046865369790281,-0.9941497210111641,0.05129393567826026,8.723396591519618,74.94247718763383,-0.5046865369790281,187.82514502266477,0.0,153,True
vagina,excluded_at_or_below_-1,ENSG00000202047.1,RNA5SP324,,,,,,,,,,,,,,,,,4,False
vagina,raw,ENSG00000202047.1,RNA5SP324,0.10256410263302244,193.7534118151273,-0.9907117773034437,0.00414841381708444,3.589743590415572,294.7187059410195,0.0,-1.0,-0.1261923126284024,-0.9855565353883958,0.09817416472607728,7.116312035674203,51.23056269340582,-0.1261923126284024,190.55094808815784,0.0,170,True
whole_blood,excluded_at_or_below_-1,ENSG00000202047.1,RNA5SP324,1.3109159957794694,7.46954248512931,-0.41569801440432697,0.20598041887182375,150.85014986085483,6.574245939013152,0.0,-0.7017135488834594,0.5418418991657155,-0.29387704668562636,0.2739183624312063,1.0849473546085449,0.7221597546354048,0.5418418991657155,7.469501968562099,0.0,138,True
whole_blood,raw,ENSG00000202047.1,RNA5SP324,5.962791563584857,592.8853391053191,-0.9807421994761525,0.016476490942053224,5220.7457273848895,130.68675179234586,0.0,-1.0,0.5418418991657155,-0.8786488573382522,0.2896001930783276,2.439198570858306,5.402584045684037,0.5418418991657155,589.5388750556217,0.0,803,True
adipose_subcutaneous,excluded_at_or_below_-1,ENSG00000200626.1,RNA5SP325,,,,,,,,,,,,,,,,,0,False
adipose_subcutaneous,raw,ENSG00000200626.1,RNA5SP325,0.0,714.0,-0.9875,1.0001e-06,0.0,-17675.90193946968,0.0,-1.0,-1.0,-1.0,0.0,,,-1.0,5.83115986411798e-187,0.0,714,True
adipose_visceral_omentum,excluded_at_or_below_-1,ENSG00000200626.1,RNA5SP325,,,,,,,,,,,,,,,,,1,False
adipose_visceral_omentum,raw,ENSG00000200626.1,RNA5SP325,2.067858136335326,550.4537387138565,-0.9957209311310924,0.004142963519789574,1364.4543002399887,116.30189786954578,0.0,-1.0,-0.6550124745191452,-0.9994122870094023,0.014239159045366979,24.166127254581813,582.0017064846419,-0.6550124745191452,548.4928309467907,0.0,587,True
adrenal_gland,excluded_at_or_below_-1,ENSG00000200626.1,RNA5SP325,,,,,,,,,,,,,,,,,0,False
adrenal_gland,raw,ENSG00000200626.1,RNA5SP325,0.0,295.0,-0.9875,1.0001e-06,0.0,-17675.90193946968,0.0,-1.0,-1.0,-1.0,0.0,,,-1.0,2.409232716967513e-187,0.0,295,True
artery_aorta,excluded_at_or_below_-1,ENSG00000200626.1,RNA5SP325,,,,,,,,,,,,,,,,,1,False
artery_aorta,raw,ENSG00000200626.1,RNA5SP325,1.3826757535189262,436.4942017628954,-0.9902267066889956,0.008976322016102264,1193.7184679619336,121.98254893518043,0.0,-1.0,-0.2159768559452626,-0.9983389340168332,0.0360875903130816,21.656456846452297,467.00212314225075,-0.2159768559452626,434.4759250364956,0.0,472,True
artery_coronary,excluded_at_or_below_-1,ENSG00000200626.1,RNA5SP325,,,,,,,,,,,,,,,,,1,False
artery_coronary,raw,ENSG00000200626.1,RNA5SP325,0.025641025641025657,275.9434697084438,-0.9884229582056474,0.003434222191192842,0.9743589744097902,397.1927614170665,0.0,-1.0,-0.0238952293449951,-0.9963578180199439,0.059625088732230346,16.27893563223198,263.00374531835206,-0.0238952293449951,275.2669974853783,0.0,268,True
artery_tibial,excluded_at_or_below_-1,ENSG00000200626.1,RNA5SP325,,,,,,,,,,,,,,,,,0,False
artery_tibial,raw,ENSG00000200626.1,RNA5SP325,0.0,691.0,-0.9875,1.0001e-06,0.0,-17675.90193946968,0.0,-1.0,-1.0,-1.0,0.0,,,-1.0,5.643321381100175e-187,0.0,691,True
bladder,excluded_at_or_below_-1,ENSG00000200626.1,RNA5SP325,,,,,,,,,,,,,,,,,1,False
bladder,raw,ENSG00000200626.1,RNA5SP325,0.02564102564102682,89.61953413295959,-0.996386982485525,0.0014271845786150905,0.9743589749312971,328.81550274715056,0.0,-1.0,-0.6645556189516937,-0.9956435794669052,0.03822743503441144,8.60309002014607,72.0131578947369,-0.6645556189516937,86.8475659005427,0.0,77,True
brain_amygdala,excluded_at_or_below_-1,ENSG00000200626.1,RNA5SP325,0.16003538517471966,1581191710827.0957,-2.7076475014514694,0.364386953702978,10.555413680462618,9.404651436382336,0.0,-0.795390984280427,-0.2844404422636083,-0.6491820010237696,0.15914595496605347,1.2081384680364362,0.4537960684849702,-0.2844404422636083,1.7315675213307666,0.0,11,True
brain_amygdala,raw,ENSG00000200626.1,RNA5SP325,0.2820512800751992,183.6050696120195,-0.9922053239294789,0.004099984508763627,11.897435942148045,244.1303601230189,0.0,-1.0,-0.2844404422636083,-0.9786795691229915,0.09203878416822465,4.920563086964248,26.27230450891038,-0.2844404422636083,180.1214468920571,0.0,181,True
brain_anterior_cingulate_cortex_ba24,excluded_at_or_below_-1,ENSG00000200626.1,RNA5SP325,0.2060277263880436,1.436109401557437,-0.7138455351299965,0.12042834065351411,16.321563443826186,6.036182048143403,0.0,-0.862610584824925,-0.1998302496870871,-0.6532241087772896,0.1432247721847578,1.309814519655237,1.989933510456491,-0.1998302496870871,1.4360849254530617,0.0,26,True
brain_anterior_cingulate_cortex_ba24,raw,ENSG00000200626.1,RNA5SP325,0.6666666667067693,210.14238724309277,-0.9905040333257777,0.003742384434369239,44.66666666678025,298.7885418626563,0.0,-1.0,-0.1998302496870871,-0.9613039778034744,0.1190938277242483,3.36688118940598,11.922660436320292,-0.1998302496870871,209.82686178801882,0.0,233,True
brain_caudate_basal_ganglia,excluded_at_or_below_-1,ENSG00000200626.1,RNA5SP325,0.6485419901567759,3.351203713369241,-0.7624317000669868,0.0070509494023306045,18.431847023106265,66.82754120318945,0.0,-0.8523194864687944,-0.4292446735508728,-0.6784731166910268,0.11907425383148446,0.7699358150795677,-0.3642671018215111,-0.4292446735508728,3.348836021946881,0.0,30,True
brain_caudate_basal_ganglia,raw,ENSG00000200626.1,RNA5SP325,0.7900711856339672,247.9948386618479,-0.9928737686202493,0.006332945515315491,493.8372790755032,125.86432466022531,0.0,-1.0,-0.4292446735508728,-0.9678473116691028,0.103491378318305,3.360791358293909,10.89461492741977,-0.4292446735508728,246.71070461582116,0.0,300,True
brain_cerebellar_hemisphere,excluded_at_or_below_-1,ENSG00000200626.1,RNA5SP325,,,,,,,,,,,,,,,,,3,False
brain_cerebellar_hemisphere,raw,ENSG00000200626.1,RNA5SP325,0.07692307692315771,397.9364604671061,-0.9961024028505795,0.001877337602977448,2.7692307776236427,301.0894899616021,0.0,-1.0,-0.596412683839743,-0.9960879682219773,0.03777349961365679,9.679998728079175,92.94194844582775,-0.596412683839743,395.56916744592576,0.0,277,True
brain_cerebellum,excluded_at_or_below_-1,ENSG00000200626.1,RNA5SP325,,,,,,,,,,,,,,,,,3,False
brain_cerebellum,raw,ENSG00000200626.1,RNA5SP325,0.07692307655152975,302.1463243820113,-0.992674656385462,0.003623155385157866,2.7692307696838645,268.0709303792195,0.0,-1.0,-0.3058882608583685,-0.9941680362469042,0.05637965661338259,10.124809295214877,105.97390423528161,-0.3058882608583685,298.96708215670134,0.0,266,True
brain_cortex,excluded_at_or_below_-1,ENSG00000200626.1,RNA5SP325,0.02803771805426283,1.3422311781204992,-0.7190054898226133,0.0470402571107956,18.801783820359493,6.172420196826151,0.0,-0.7915364286765572,-0.5136954568970702,-0.7079809459170988,0.05840804650218502,2.132203390808366,5.463374435646784,-0.5136954568970702,1.3422132911854978,0.0,17,True
brain_cortex,raw,ENSG00000200626.1,RNA5SP325,0.4359416654852296,251.1905574479414,-0.9939212530387997,0.0022936508858403606,45.47624882106605,296.096427794513,0.0,-1.0,-0.5136954568970702,-0.9816136151132988,0.07247574143984681,3.8949320866404094,14.38556323259981,-0.5136954568970702,243.8237051633966,0.0,270,True
brain_frontal_cortex_ba9,excluded_at_or_below_-1,ENSG00000200626.1,RNA5SP325,0.13638603621319204,2.2126262729982358,-0.6722907022677297,0.07363176585228082,21.93380626033435,9.89010178612101,0.0,-0.8136072047970133,-0.1573574005753737,-0.6349839164700293,0.14296195847720852,1.9657089979087556,3.9694456520746204,-0.1573574005753737,2.2126262066117084,0.0,23,True
brain_frontal_cortex_ba9,raw,ENSG00000200626.1,RNA5SP325,0.5897435897482542,264.6172212335687,-0.9905534096614522,0.003957820639588209,45.43589743620599,297.7186698099757,0.0,-1.0,-0.1573574005753737,-0.9687904463896309,0.11015707874490274,3.976444118704626,17.6706230192717,-0.1573574005753737,261.9193743085914,0.0,269,True
brain_hippocampus,excluded_at_or_below_-1,ENSG00000200626.1,RNA5SP325,,,,,,,,,,,,,,,,,8,False
brain_hippocampus,raw,ENSG00000200626.1,RNA5SP325,0.20512820622007605,300.31670418453655,-0.9925358020304221,0.0035709169030337597,6.358974361459409,283.6552374824341,0.0,-1.0,-0.2763007798882322,-0.9872183887709074,0.0765299480609328,6.602875647790404,46.305909680753395,-0.2763007798882322,299.2287520274632,0.0,255,True
brain_hypothalamus,excluded_at_or_below_-1,ENSG00000200626.1,RNA5SP325,0.2572806044528337,1.0358658014351387,-0.7475755719400967,0.06528057775249148,11.812987849251073,12.059927247144373,0.0,-0.770380086082223,-0.1908852393813284,-0.5841846032035283,0.163642577616255,0.7886412552353538,-0.020518780466719733,-0.1908852393813284,1.0358241452347619,0.0,16,True
brain_hypothalamus,raw,ENSG00000200626.1,RNA5SP325,0.41025641025641035,257.56695969588463,-0.9903732822706501,0.0018658258362319901,21.43589745388624,605.9766197109412,0.0,-1.0,-0.1908852393813284,-0.9741126601216205,0.10817904779022888,4.52750370760322,21.188775369015907,-0.1908852393813284,255.40540952446247,0.0,257,True
brain_nucleus_accumbens_basal_ganglia,excluded_at_or_below_-1,ENSG00000200626.1,RNA5SP325,0.2575745328726082,1.9270035209945102,-0.6962352410862835,0.032889161691353044,16.259926886088166,12.300570842530592,0.0,-0.830227611704806,-0.4101713295953808,-0.6748630685911616,0.09684110424604121,1.1169218846726194,1.3108194655129717,-0.4101713295953808,1.9269988475534627,0.0,21,True
brain_nucleus_accumbens_basal_ganglia,raw,ENSG00000200626.1,RNA5SP325,0.5384615384615385,263.7927219343248,-0.9926260252360598,3.149736332549816e-05,33.6923076923077,26151.882033126145,,-1.0,-0.4101713295953808,-0.9760425418961909,0.08888946994505662,3.8136262576549202,14.321142181972736,-0.4101713295953808,0.0,0.0,285,True
brain_putamen_basal_ganglia,excluded_at_or_below_-1,ENSG00000200626.1,RNA5SP325,0.4210527752338479,8.806406784585322,-0.7278282505162781,0.005611695237939646,13.263160261649887,113.49821155809879,0.0,-0.8965614457013752,-0.2774596567895414,-0.6361668293657782,0.17739149846085253,0.7451385754089304,-0.5228887818314236,-0.2774596567895414,8.787071531706347,0.0,20,True
brain_putamen_basal_ganglia,raw,ENSG00000200626.1,RNA5SP325,0.5128205128195816,234.0294901787673,-0.9911306549939559,0.0033717875157167616,17.743589744264284,299.33179360457956,0.0,-1.0,-0.2774596567895414,-0.9713517188476991,0.109561013242975,4.293913821026,19.119934898638643,-0.2774596567895414,230.3297704643163,0.0,254,True
brain_spinal_cord_cervical_c-1,excluded_at_or_below_-1,ENSG00000200626.1,RNA5SP325,,,,,,,,,,,,,,,,,5,False
brain_spinal_cord_cervical_c-1,raw,ENSG00000200626.1,RNA5SP325,0.12820510026737267,235.71354586317523,-0.9927302739530993,0.0037673398768107826,4.358974361616092,262.2301073390581,0.0,-1.0,-0.2941724559803589,-0.9880131677363659,0.08018849663631557,7.1450578144824215,52.411447158653914,-0.2941724559803589,235.05236774647344,0.0,204,True
brain_substantia_nigra,excluded_at_or_below_-1,ENSG00000200626.1,RNA5SP325,,,,,,,,,,,,,,,,,2,False
brain_substantia_nigra,raw,ENSG00000200626.1,RNA5SP325,0.051282051293778955,183.33719670661966,-0.9963758246598462,0.0012959626229454224,1.89743589786721,325.3901854578887,0.0,-1.0,-0.6981934783393317,-0.9972367461465419,0.026854554213212204,9.920710032189143,99.32728571027414,-0.6981934783393317,182.3083177243968,0.0,183,True
breast_mammary_tissue,excluded_at_or_below_-1,ENSG00000200626.1,RNA5SP325,,,,,,,,,,,,,,,,,2,False
breast_mammary_tissue,raw,ENSG00000200626.1,RNA5SP325,0.05128205128205131,532.7860168543707,-0.9894286667990984,0.0020921459540781955,1.8974358974358976,587.1185171070393,0.0,-1.0,-0.1208627989476455,-0.9966331524429988,0.05392898125095887,15.94370084878249,252.26794206836337,-0.1208627989476455,522.1132691644548,0.0,514,True
cells_cultured_fibroblasts,excluded_at_or_below_-1,ENSG00000200626.1,RNA5SP325,,,,,,,,,,,,,,,,,1,False
cells_cultured_fibroblasts,raw,ENSG00000200626.1,RNA5SP325,2.3404156721801384,615.4868989820593,-0.9942782382710378,0.005378232572213554,1378.424062977964,119.56563515584378,0.0,-1.0,-0.5395719544241344,-0.9992938220159879,0.018031753908241414,25.475508554262657,647.0015360983099,-0.5395719544241344,613.0156584158153,0.0,652,True
cells_ebv-transformed_lymphocytes,excluded_at_or_below_-1,ENSG00000200626.1,RNA5SP325,,,,,,,,,,,,,,,,,0,False
cells_ebv-transformed_lymphocytes,raw,ENSG00000200626.1,RNA5SP325,0.0,327.0,-0.9875,1.0001e-06,0.0,-17675.90193946968,0.0,-1.0,-1.0,-1.0,0.0,,,-1.0,2.670573215079243e-187,0.0,327,True
cervix_ectocervix,excluded_at_or_below_-1,ENSG00000200626.1,RNA5SP325,,,,,,,,,,,,,,,,,0,False
cervix_ectocervix,raw,ENSG00000200626.1,RNA5SP325,0.0,24.0,-0.9875,1.0001e-06,0.0,-17675.90193946968,0.0,-1.0,-1.0,-1.0,0.0,,,-1.0,1.9600537358379766e-188,0.0,24,True
cervix_endocervix,excluded_at_or_below_-1,ENSG00000200626.1,RNA5SP325,,,,,,,,,,,,,,,,,0,False
cervix_endocervix,raw,ENSG00000200626.1,RNA5SP325,0.0,23.0,-0.9875,1.0001e-06,0.0,-17675.90193946968,0.0,-1.0,-1.0,-1.0,0.0,,,-1.0,1.878384830178061e-188,0.0,23,True
colon_sigmoid,excluded_at_or_below_-1,ENSG00000200626.1,RNA5SP325,,,,,,,,,,,,,,,,,9,False
colon_sigmoid,raw,ENSG00000200626.1,RNA5SP325,0.2307692307692393,514.3385507846803,-0.9940181179602057,0.0024698991626113842,10.923076930763484,324.5209008812818,0.0,-1.0,-0.427248060974208,-0.9914306116735275,0.05944166704581905,7.153041050553743,51.85568814789418,-0.427248060974208,509.31066897721246,0.0,419,True
colon_transverse,excluded_at_or_below_-1,ENSG00000200626.1,RNA5SP325,,,,,,,,,,,,,,,,,4,False
colon_transverse,raw,ENSG00000200626.1,RNA5SP325,0.10256410256410257,484.12402025849264,-0.9902232079217324,0.0012392533197383168,5.58974358974422,897.1047969026921,0.0,-1.0,-0.2041042459105814,-0.9959117426389337,0.04824887547265595,13.2531873031807,188.70786275565385,-0.2041042459105814,417.75942053376076,0.0,479,True
esophagus_gastroesophageal_junction,excluded_at_or_below_-1,ENSG00000200626.1,RNA5SP325,,,,,,,,,,,,,,,,,6,False
esophagus_gastroesophageal_junction,raw,ENSG00000200626.1,RNA5SP325,0.15384615384622088,542.6735223288531,-0.9937932380381174,0.0004664105362516822,5.076923076923077,1550.0450146173032,0.0,-1.0,-0.482585209974267,-0.993848239345111,0.050553750175769185,8.243212063298344,67.34234629735828,-0.482585209974267,482.299407146259,0.0,403,True
esophagus_mucosa,excluded_at_or_below_-1,ENSG00000200626.1,RNA5SP325,,,,,,,,,,,,,,,,,2,False
esophagus_mucosa,raw,ENSG00000200626.1,RNA5SP325,0.0526316049308569,609.6488711308251,-0.994762058072926,0.0033598829338122994,7.185781804257299,174.17562909625275,0.0,-1.0,-0.5809562940378815,-0.9988019078773853,0.02117827107561467,17.93104056912852,324.962540883911,-0.5809562940378815,603.4036790222789,0.0,614,True
esophagus_muscularis,excluded_at_or_below_-1,ENSG00000200626.1,RNA5SP325,,,,,,,,,,,,,,,,,8,False
esophagus_muscularis,raw,ENSG00000200626.1,RNA5SP325,0.20512820512820504,773.7368611468816,-0.994804257843412,0.001549616664119802,8.358974358974358,440.2023299066033,0.0,-1.0,-0.5124549973378243,-0.9944712080519509,0.04677827292686361,8.610148042527996,74.40437437921223,-0.5124549973378243,742.9689700202232,0.0,561,True
fallopian_tube,excluded_at_or_below_-1,ENSG00000200626.1,RNA5SP325,,,,,,,,,,,,,,,,,0,False
fallopian_tube,raw,ENSG00000200626.1,RNA5SP325,0.0,29.0,-0.9875,1.0001e-06,0.0,-17675.90193946968,0.0,-1.0,-1.0,-1.0,0.0,,,-1.0,2.368398264137555e-188,0.0,29,True
heart_atrial_appendage,excluded_at_or_below_-1,ENSG00000200626.1,RNA5SP325,,,,,,,,,,,,,,,,,3,False
heart_atrial_appendage,raw,ENSG00000200626.1,RNA5SP325,0.07692308989906241,537.7077138264351,-0.9954126960641736,0.0025075333904132652,4.76923078783197,249.72842485849569,0.0,-1.0,-0.5526207581780734,-0.9981909356013848,0.024378242612821396,15.397669367456743,256.7303689458459,-0.5526207581780734,536.746928237233,0.0,461,True
heart_left_ventricle,excluded_at_or_below_-1,ENSG00000200626.1,RNA5SP325,,,,,,,,,,,,,,,,,0,False
heart_left_ventricle,raw,ENSG00000200626.1,RNA5SP325,0.0,452.0,-0.9875,1.0001e-06,0.0,-17675.90193946968,0.0,-1.0,-1.0,-1.0,0.0,,,-1.0,3.6914345358281893e-187,0.0,452,True
kidney_cortex,excluded_at_or_below_-1,ENSG00000200626.1,RNA5SP325,,,,,,,,,,,,,,,,,5,False
kidney_cortex,raw,ENSG00000200626.1,RNA5SP325,0.1282051282051282,115.86436375266395,-0.9914887770472156,0.0008240908735873477,4.3589743589743595,1198.9313706582018,0.0,-1.0,-0.2928471949660406,-0.9855180078242688,0.08029989208775273,7.0169930017424464,53.80393954805607,-0.2928471949660406,105.88384426395521,0.0,104,True
kidney_medulla,excluded_at_or_below_-1,ENSG00000200626.1,RNA5SP325,,,,,,,,,,,,,,,,,1,False
kidney_medulla,raw,ENSG00000200626.1,RNA5SP325,0.025641028548545563,13.624876887513416,-0.9959382104808587,0.0026065593834183097,0.9743589744559462,237.28002852713115,0.0,-1.0,-0.5586036371811081,-0.9598730579255552,0.13308601084525848,2.846049894151541,6.099999999999998,-0.5586036371811081,13.368089354856483,0.0,11,True
liver,excluded_at_or_below_-1,ENSG00000200626.1,RNA5SP325,,,,,,,,,,,,,,,,,2,False
liver,raw,ENSG00000200626.1,RNA5SP325,0.05128205128205201,284.1021660870732,-0.9956401410837449,0.0015608792157007375,1.89743590014412,345.7886513347139,0.0,-1.0,-0.6139903441550174,-0.9972362824336719,0.03164114449192936,11.389543333424403,128.29175007997372,-0.6139903441550174,281.45206691753873,0.0,262,True
lung,excluded_at_or_below_-1,ENSG00000200626.1,RNA5SP325,,,,,,,,,,,,,,,,,2,False
lung,raw,ENSG00000200626.1,RNA5SP325,0.05128205474319143,617.4945572164394,-0.9913573851065418,0.0034403887635872307,1.8974358988401825,298.7253457714264,0.0,-1.0,-0.2646415973819778,-0.9979011386249491,0.03690990933884431,17.93425975638181,326.4956671380712,-0.2646415973819778,617.3687423940214,0.0,604,True
minor_salivary_gland,excluded_at_or_below_-1,ENSG00000200626.1,RNA5SP325,,,,,,,,,,,,,,,,,0,False
minor_salivary_gland,raw,ENSG00000200626.1,RNA5SP325,0.0,181.0,-0.9875,1.0001e-06,0.0,-17675.90193946968,0.0,-1.0,-1.0,-1.0,0.0,,,-1.0,1.478207192444474e-187,0.0,181,True
muscle_skeletal,excluded_at_or_below_-1,ENSG00000200626.1,RNA5SP325,,,,,,,,,,,,,,,,,1,False
muscle_skeletal,raw,ENSG00000200626.1,RNA5SP325,2.5695786466773263,783.0160886486536,-0.9948581433220132,0.004620884509371995,1295.5618698317153,124.75242729488065,0.0,-1.0,-0.587234730471877,-0.999495396981017,0.014431999207844949,28.548226284485832,813.0012239902078,-0.587234730471877,779.3113912881013,0.0,818,True
nerve_tibial,excluded_at_or_below_-1,ENSG00000200626.1,RNA5SP325,0.18473603003202171,3.742508347485959,-0.4860436826943226,0.13670794120423516,26.11683269477484,7.523549673799201,0.0,-0.776048661779221,0.2412361382734382,-0.43275588041446084,0.21551800669280557,1.8304297492333979,3.1998961395668557,0.2412361382734382,3.7424754680059307,0.0,43,True
nerve_tibial,raw,ENSG00000200626.1,RNA5SP325,1.1025640844307356,697.9291363613287,-0.9823851034196067,0.006361056646790653,117.58974522840603,272.03998506807545,0.0,-1.0,0.2412361382734382,-0.9635947803848086,0.14923207507344063,4.622191181740873,23.79583814249187,0.2412361382734382,679.7039376232749,0.0,670,True
ovary,excluded_at_or_below_-1,ENSG00000200626.1,RNA5SP325,,,,,,,,,,,,,,,,,0,False
ovary,raw,ENSG00000200626.1,RNA5SP325,0.0,193.0,-0.9875,1.0001e-06,0.0,-17675.90193946968,0.0,-1.0,-1.0,-1.0,0.0,,,-1.0,1.576209879236373e-187,0.0,193,True
pancreas,excluded_at_or_below_-1,ENSG00000200626.1,RNA5SP325,,,,,,,,,,,,,,,,,0,False
pancreas,raw,ENSG00000200626.1,RNA5SP325,0.0,362.0,-0.9875,1.0001e-06,0.0,-17675.90193946968,0.0,-1.0,-1.0,-1.0,0.0,,,-1.0,2.956414384888948e-187,0.0,362,True
pituitary,excluded_at_or_below_-1,ENSG00000200626.1,RNA5SP325,,,,,,,,,,,,,,,,,1,False
pituitary,raw,ENSG00000200626.1,RNA5SP325,0.025641025641025175,354.1943141860928,-0.997193969200981,0.00111099523115794,0.9743589745894259,322.48424393490495,0.0,-1.0,-0.7438528426075897,-0.9991816384747846,0.014478293352575564,17.606907880948487,308.0032051282055,-0.7438528426075897,344.26484368607254,0.0,313,True
prostate,excluded_at_or_below_-1,ENSG00000200626.1,RNA5SP325,,,,,,,,,,,,,,,,,2,False
prostate,raw,ENSG00000200626.1,RNA5SP325,0.0512820512793844,318.90146938039334,-0.995156812516157,0.0023392649855304808,1.8974358978248853,272.14516186291957,0.0,-1.0,-0.5449987422886413,-0.9970839209278783,0.03476211560306791,11.94822335365272,142.2954761992075,-0.5449987422886413,314.18390737508906,0.0,282,True
skin_not_sun_exposed_suprapubic,excluded_at_or_below_-1,ENSG00000200626.1,RNA5SP325,,,,,,,,,,,,,,,,,6,False
skin_not_sun_exposed_suprapubic,raw,ENSG00000200626.1,RNA5SP325,0.15789473682511201,690.8993276378146,-0.9900482533574528,0.005340273743514889,5.0775626346211915,237.91488389732393,0.0,-1.0,-0.0916474449701526,-0.9952186595989707,0.053317368897302014,12.646234179898157,175.47579781399565,-0.0916474449701526,680.3194364548834,0.0,651,True
skin_sun_exposed_lower_leg,excluded_at_or_below_-1,ENSG00000200626.1,RNA5SP325,,,,,,,,,,,,,,,,,4,False
skin_sun_exposed_lower_leg,raw,ENSG00000200626.1,RNA5SP325,0.1025641032214565,768.7132197488605,-0.993550188102117,0.002462861940867505,3.5897435941756246,310.3932294193317,0.0,-1.0,-0.4529983989104993,-0.9976033739410564,0.033210588988443514,14.076509404919275,200.18810477631212,-0.4529983989104993,768.2947264936068,0.0,754,True
small_intestine_terminal_ileum,excluded_at_or_below_-1,ENSG00000200626.1,RNA5SP325,,,,,,,,,,,,,,,,,3,False
small_intestine_terminal_ileum,raw,ENSG00000200626.1,RNA5SP325,0.07692307693665161,274.9817868331668,-0.9950989681306625,0.0027472170781303387,2.76923076978364,261.17391380519115,0.0,-1.0,-0.4877488369639298,-0.994125346471342,0.04964209520295877,8.654409669018126,75.5792058742643,-0.4877488369639298,273.0605930948895,0.0,207,True
spleen,excluded_at_or_below_-1,ENSG00000200626.1,RNA5SP325,,,,,,,,,,,,,,,,,2,False
spleen,raw,ENSG00000200626.1,RNA5SP325,0.05128205128205128,315.74921329563,-0.9951108111293865,0.00038681182757143394,1.8974358974358974,1454.2284678918197,0.0,-1.0,-0.5973542159884611,-0.997459078011295,0.030159624598915444,11.998377819497614,144.59214465875914,-0.5973542159884611,251.92579574053227,0.0,277,True
stomach,excluded_at_or_below_-1,ENSG00000200626.1,RNA5SP325,,,,,,,,,,,,,,,,,2,False
stomach,raw,ENSG00000200626.1,RNA5SP325,-0.21393913042708815,381.11345757122416,-0.9956472627619706,0.0032883593230892726,585.4464894028395,147.918951685566,0.0,-1.0,-0.6517029839215032,-0.9983335871815268,0.023751400549324335,14.17576018908407,199.10229324882087,-0.6517029839215032,378.3112830680273,0.0,407,True
testis,excluded_at_or_below_-1,ENSG00000200626.1,RNA5SP325,0.16132953894642776,1.875454309494927,-0.7038304866579885,0.005576245978172229,7.076848180606195,44.40440605435789,0.0,-0.7377965853397621,-0.5287438538737275,-0.6682812221702464,0.06514039970856599,1.070467977089647,0.06167047075134802,-0.5287438538737275,1.874686783987856,0.0,10,True
testis,raw,ENSG00000200626.1,RNA5SP325,0.2564102517969467,475.70301835077413,-0.9951065228238213,0.0024623668439233697,15.435897437733038,267.846528652439,0.0,-1.0,-0.5287438538737275,-0.9919874691345469,0.051888870152054976,6.569562498275827,43.04697522564677,-0.5287438538737275,473.3593658651491,0.0,414,True
thyroid,excluded_at_or_below_-1,ENSG00000200626.1,RNA5SP325,,,,,,,,,,,,,,,,,4,False
thyroid,raw,ENSG00000200626.1,RNA5SP325,0.10256410256130156,710.1750523946483,-0.9907308458181904,0.003060022382338828,3.5897435897659102,314.8057621842621,0.0,-1.0,-0.3095659185376125,-0.9965335587579855,0.045460262017257676,13.169858056232972,173.40880883340316,-0.3095659185376125,710.0003470949778,0.0,684,True
uterus,excluded_at_or_below_-1,ENSG00000200626.1,RNA5SP325,,,,,,,,,,,,,,,,,2,False
uterus,raw,ENSG00000200626.1,RNA5SP325,0.05128205128202389,151.6416674117714,-0.9907573303364212,0.0031257229631257454,1.897435897436004,322.7044673793209,0.0,-1.0,-0.2775094936389698,-0.9927609568751208,0.0660075626792218,9.634724942230184,95.4089895285339,-0.2775094936389698,149.0970420858405,0.0,153,True
vagina,excluded_at_or_below_-1,ENSG00000200626.1,RNA5SP325,,,,,,,,,,,,,,,,,1,False
vagina,raw,ENSG00000200626.1,RNA5SP325,0.025641025641025654,192.80530017661104,-0.9944974827027033,0.002088794158136627,0.9743589745254719,335.40636430816204,0.0,-1.0,-0.4991021103141696,-0.9970535418253774,0.03841711443765643,12.923076923076913,165.00591715976321,-0.4991021103141696,187.4357212850699,0.0,170,True
whole_blood,excluded_at_or_below_-1,ENSG00000200626.1,RNA5SP325,,,,,,,,,,,,,,,,,0,False
whole_blood,raw,ENSG00000200626.1,RNA5SP325,0.0,803.0,-0.9875,1.0001e-06,0.0,-17675.90193946968,0.0,-1.0,-1.0,-1.0,0.0,,,-1.0,6.55801312449123e-187,0.0,803,True
adipose_subcutaneous,excluded_at_or_below_-1,ENSG00000200079.1,RNA5SP326,,,,,,,,,,,,,,,,,0,False
adipose_subcutaneous,raw,ENSG00000200079.1,RNA5SP326,0.0,714.0,-0.9875,1.0001e-06,0.0,-17675.90193946968,0.0,-1.0,-1.0,-1.0,0.0,,,-1.0,5.83115986411798e-187,0.0,714,True
adipose_visceral_omentum,excluded_at_or_below_-1,ENSG00000200079.1,RNA5SP326,,,,,,,,,,,,,,,,,0,False
adipose_visceral_omentum,raw,ENSG00000200079.1,RNA5SP326,0.0,587.0,-0.9875,1.0001e-06,0.0,-17675.90193946968,0.0,-1.0,-1.0,-1.0,0.0,,,-1.0,4.793964762237051e-187,0.0,587,True
adrenal_gland,excluded_at_or_below_-1,ENSG00000200079.1,RNA5SP326,,,,,,,,,,,,,,,,,0,False
adrenal_gland,raw,ENSG00000200079.1,RNA5SP326,0.0,295.0,-0.9875,1.0001e-06,0.0,-17675.90193946968,0.0,-1.0,-1.0,-1.0,0.0,,,-1.0,2.409232716967513e-187,0.0,295,True
artery_aorta,excluded_at_or_below_-1,ENSG00000200079.1,RNA5SP326,,,,,,,,,,,,,,,,,0,False
artery_aorta,raw,ENSG00000200079.1,RNA5SP326,0.0,472.0,-0.9875,1.0001e-06,0.0,-17675.90193946968,0.0,-1.0,-1.0,-1.0,0.0,,,-1.0,3.8547723471480207e-187,0.0,472,True
artery_coronary,excluded_at_or_below_-1,ENSG00000200079.1,RNA5SP326,,,,,,,,,,,,,,,,,0,False
artery_coronary,raw,ENSG00000200079.1,RNA5SP326,0.0,268.0,-0.9875,1.0001e-06,0.0,-17675.90193946968,0.0,-1.0,-1.0,-1.0,0.0,,,-1.0,2.1887266716857407e-187,0.0,268,True
artery_tibial,excluded_at_or_below_-1,ENSG00000200079.1,RNA5SP326,,,,,,,,,,,,,,,,,1,False
artery_tibial,raw,ENSG00000200079.1,RNA5SP326,2.4208718476381064,654.6971358855444,-0.9924753911108998,0.006786866204270204,1349.8606641516799,124.20436831795584,0.0,-1.0,-0.3964137691693365,-0.999126503283892,0.022961502357611976,26.229781723746076,686.0014492753643,-0.3964137691693365,651.5513932958191,0.0,691,True
bladder,excluded_at_or_below_-1,ENSG00000200079.1,RNA5SP326,,,,,,,,,,,,,,,,,0,False
bladder,raw,ENSG00000200079.1,RNA5SP326,0.0,77.0,-0.9875,1.0001e-06,0.0,-17675.90193946968,0.0,-1.0,-1.0,-1.0,0.0,,,-1.0,6.288505735813509e-188,0.0,77,True
brain_amygdala,excluded_at_or_below_-1,ENSG00000200079.1,RNA5SP326,,,,,,,,,,,,,,,,,0,False
brain_amygdala,raw,ENSG00000200079.1,RNA5SP326,0.0,181.0,-0.9875,1.0001e-06,0.0,-17675.90193946968,0.0,-1.0,-1.0,-1.0,0.0,,,-1.0,1.478207192444474e-187,0.0,181,True
brain_anterior_cingulate_cortex_ba24,excluded_at_or_below_-1,ENSG00000200079.1,RNA5SP326,,,,,,,,,,,,,,,,,0,False
brain_anterior_cingulate_cortex_ba24,raw,ENSG00000200079.1,RNA5SP326,0.0,233.0,-0.9875,1.0001e-06,0.0,-17675.90193946968,0.0,-1.0,-1.0,-1.0,0.0,,,-1.0,1.9028855018760357e-187,0.0,233,True
brain_caudate_basal_ganglia,excluded_at_or_below_-1,ENSG00000200079.1,RNA5SP326,,,,,,,,,,,,,,,,,0,False
brain_caudate_basal_ganglia,raw,ENSG00000200079.1,RNA5SP326,0.0,300.0,-0.9875,1.0001e-06,0.0,-17675.90193946968,0.0,-1.0,-1.0,-1.0,0.0,,,-1.0,2.450067169797471e-187,0.0,300,True
brain_cerebellar_hemisphere,excluded_at_or_below_-1,ENSG00000200079.1,RNA5SP326,,,,,,,,,,,,,,,,,0,False
brain_cerebellar_hemisphere,raw,ENSG00000200079.1,RNA5SP326,0.0,277.0,-0.9875,1.0001e-06,0.0,-17675.90193946968,0.0,-1.0,-1.0,-1.0,0.0,,,-1.0,2.2622286867796648e-187,0.0,277,True
brain_cerebellum,excluded_at_or_below_-1,ENSG00000200079.1,RNA5SP326,,,,,,,,,,,,,,,,,0,False
brain_cerebellum,raw,ENSG00000200079.1,RNA5SP326,0.0,266.0,-0.9875,1.0001e-06,0.0,-17675.90193946968,0.0,-1.0,-1.0,-1.0,0.0,,,-1.0,2.1723928905537574e-187,0.0,266,True
brain_cortex,excluded_at_or_below_-1,ENSG00000200079.1,RNA5SP326,,,,,,,,,,,,,,,,,0,False
brain_cortex,raw,ENSG00000200079.1,RNA5SP326,0.0,270.0,-0.9875,1.0001e-06,0.0,-17675.90193946968,0.0,-1.0,-1.0,-1.0,0.0,,,-1.0,2.2050604528177237e-187,0.0,270,True
brain_frontal_cortex_ba9,excluded_at_or_below_-1,ENSG00000200079.1,RNA5SP326,,,,,,,,,,,,,,,,,0,False
brain_frontal_cortex_ba9,raw,ENSG00000200079.1,RNA5SP326,0.0,269.0,-0.9875,1.0001e-06,0.0,-17675.90193946968,0.0,-1.0,-1.0,-1.0,0.0,,,-1.0,2.196893562251732e-187,0.0,269,True
brain_hippocampus,excluded_at_or_below_-1,ENSG00000200079.1,RNA5SP326,,,,,,,,,,,,,,,,,0,False
brain_hippocampus,raw,ENSG00000200079.1,RNA5SP326,0.0,255.0,-0.9875,1.0001e-06,0.0,-17675.90193946968,0.0,-1.0,-1.0,-1.0,0.0,,,-1.0,2.08255709432785e-187,0.0,255,True
brain_hypothalamus,excluded_at_or_below_-1,ENSG00000200079.1,RNA5SP326,,,,,,,,,,,,,,,,,0,False
brain_hypothalamus,raw,ENSG00000200079.1,RNA5SP326,0.0,257.0,-0.9875,1.0001e-06,0.0,-17675.90193946968,0.0,-1.0,-1.0,-1.0,0.0,,,-1.0,2.0988908754598334e-187,0.0,257,True
brain_nucleus_accumbens_basal_ganglia,excluded_at_or_below_-1,ENSG00000200079.1,RNA5SP326,,,,,,,,,,,,,,,,,0,False
brain_nucleus_accumbens_basal_ganglia,raw,ENSG00000200079.1,RNA5SP326,0.0,285.0,-0.9875,1.0001e-06,0.0,-17675.90193946968,0.0,-1.0,-1.0,-1.0,0.0,,,-1.0,2.3275638113075975e-187,0.0,285,True
brain_putamen_basal_ganglia,excluded_at_or_below_-1,ENSG00000200079.1,RNA5SP326,,,,,,,,,,,,,,,,,0,False
brain_putamen_basal_ganglia,raw,ENSG00000200079.1,RNA5SP326,0.0,254.0,-0.9875,1.0001e-06,0.0,-17675.90193946968,0.0,-1.0,-1.0,-1.0,0.0,,,-1.0,2.0743902037618585e-187,0.0,254,True
brain_spinal_cord_cervical_c-1,excluded_at_or_below_-1,ENSG00000200079.1,RNA5SP326,,,,,,,,,,,,,,,,,0,False
brain_spinal_cord_cervical_c-1,raw,ENSG00000200079.1,RNA5SP326,0.0,204.0,-0.9875,1.0001e-06,0.0,-17675.90193946968,0.0,-1.0,-1.0,-1.0,0.0,,,-1.0,1.6660456754622802e-187,0.0,204,True
brain_substantia_nigra,excluded_at_or_below_-1,ENSG00000200079.1,RNA5SP326,,,,,,,,,,,,,,,,,0,False
brain_substantia_nigra,raw,ENSG00000200079.1,RNA5SP326,0.0,183.0,-0.9875,1.0001e-06,0.0,-17675.90193946968,0.0,-1.0,-1.0,-1.0,0.0,,,-1.0,1.4945409735764572e-187,0.0,183,True
breast_mammary_tissue,excluded_at_or_below_-1,ENSG00000200079.1,RNA5SP326,,,,,,,,,,,,,,,,,1,False
breast_mammary_tissue,raw,ENSG00000200079.1,RNA5SP326,1.699633937653325,477.90756198516164,-0.9947948254514996,0.0049038792213741715,1267.4396025744531,119.15193376179079,0.0,-1.0,-0.5816276011317778,-0.9991860459165989,0.018453615430076283,22.605352227243447,509.001949317739,-0.5816276011317778,475.927050791597,0.0,514,True
cells_cultured_fibroblasts,excluded_at_or_below_-1,ENSG00000200079.1,RNA5SP326,,,,,,,,,,,,,,,,,0,False
cells_cultured_fibroblasts,raw,ENSG00000200079.1,RNA5SP326,0.0,652.0,-0.9875,1.0001e-06,0.0,-17675.90193946968,0.0,-1.0,-1.0,-1.0,0.0,,,-1.0,5.324812649026503e-187,0.0,652,True
cells_ebv-transformed_lymphocytes,excluded_at_or_below_-1,ENSG00000200079.1,RNA5SP326,,,,,,,,,,,,,,,,,1,False
cells_ebv-transformed_lymphocytes,raw,ENSG00000200079.1,RNA5SP326,0.025641025641029356,369.2767735094732,-0.995955495318324,0.0015467112505654686,0.9743589808840629,332.10126605748036,0.0,-1.0,-0.6327396570568133,-0.9988768796851891,0.020309543372117843,18.000085207705638,322.00306748466295,-0.6327396570568133,359.9523040685242,0.0,327,True
cervix_ectocervix,excluded_at_or_below_-1,ENSG00000200079.1,RNA5SP326,,,,,,,,,,,,,,,,,0,False
cervix_ectocervix,raw,ENSG00000200079.1,RNA5SP326,0.0,24.0,-0.9875,1.0001e-06,0.0,-17675.90193946968,0.0,-1.0,-1.0,-1.0,0.0,,,-1.0,1.9600537358379766e-188,0.0,24,True
cervix_endocervix,excluded_at_or_below_-1,ENSG00000200079.1,RNA5SP326,,,,,,,,,,,,,,,,,0,False
cervix_endocervix,raw,ENSG00000200079.1,RNA5SP326,0.0,23.0,-0.9875,1.0001e-06,0.0,-17675.90193946968,0.0,-1.0,-1.0,-1.0,0.0,,,-1.0,1.878384830178061e-188,0.0,23,True
colon_sigmoid,excluded_at_or_below_-1,ENSG00000200079.1,RNA5SP326,,,,,,,,,,,,,,,,,1,False
colon_sigmoid,raw,ENSG00000200079.1,RNA5SP326,0.026316042422511846,402.1336489084538,-0.9928093610360689,0.005032021908447004,251.90014840165244,159.64420052912553,0.0,-1.0,-0.4247670681372171,-0.9986271290409002,0.028101967669047715,20.396136701456403,414.0023923444973,-0.4247670681372171,398.6646027384267,0.0,419,True
colon_transverse,excluded_at_or_below_-1,ENSG00000200079.1,RNA5SP326,,,,,,,,,,,,,,,,,0,False
colon_transverse,raw,ENSG00000200079.1,RNA5SP326,0.0,479.0,-0.9875,1.0001e-06,0.0,-17675.90193946968,0.0,-1.0,-1.0,-1.0,0.0,,,-1.0,3.911940581109962e-187,0.0,479,True
esophagus_gastroesophageal_junction,excluded_at_or_below_-1,ENSG00000200079.1,RNA5SP326,,,,,,,,,,,,,,,,,0,False
esophagus_gastroesophageal_junction,raw,ENSG00000200079.1,RNA5SP326,0.0,403.0,-0.9875,1.0001e-06,0.0,-17675.90193946968,0.0,-1.0,-1.0,-1.0,0.0,,,-1.0,3.2912568980946026e-187,0.0,403,True
esophagus_mucosa,excluded_at_or_below_-1,ENSG00000200079.1,RNA5SP326,,,,,,,,,,,,,,,,,0,False
esophagus_mucosa,raw,ENSG00000200079.1,RNA5SP326,0.0,614.0,-0.9875,1.0001e-06,0.0,-17675.90193946968,0.0,-1.0,-1.0,-1.0,0.0,,,-1.0,5.014470807518823e-187,0.0,614,True
esophagus_muscularis,excluded_at_or_below_-1,ENSG00000200079.1,RNA5SP326,,,,,,,,,,,,,,,,,1,False
esophagus_muscularis,raw,ENSG00000200079.1,RNA5SP326,1.9489542251509977,524.548465497149,-0.9946545471956593,0.005135489099756817,1333.6243558002757,117.08883127644083,0.0,-1.0,-0.5694652881459776,-0.9992325584458929,0.01817718978176376,23.62206141966201,556.0017857142848,-0.5694652881459776,522.58908906774,0.0,561,True
fallopian_tube,excluded_at_or_below_-1,ENSG00000200079.1,RNA5SP326,,,,,,,,,,,,,,,,,0,False
fallopian_tube,raw,ENSG00000200079.1,RNA5SP326,0.0,29.0,-0.9875,1.0001e-06,0.0,-17675.90193946968,0.0,-1.0,-1.0,-1.0,0.0,,,-1.0,2.368398264137555e-188,0.0,29,True
heart_atrial_appendage,excluded_at_or_below_-1,ENSG00000200079.1,RNA5SP326,,,,,,,,,,,,,,,,,0,False
heart_atrial_appendage,raw,ENSG00000200079.1,RNA5SP326,0.0,461.0,-0.9875,1.0001e-06,0.0,-17675.90193946968,0.0,-1.0,-1.0,-1.0,0.0,,,-1.0,3.7649365509221136e-187,0.0,461,True
heart_left_ventricle,excluded_at_or_below_-1,ENSG00000200079.1,RNA5SP326,,,,,,,,,,,,,,,,,0,False
heart_left_ventricle,raw,ENSG00000200079.1,RNA5SP326,0.0,452.0,-0.9875,1.0001e-06,0.0,-17675.90193946968,0.0,-1.0,-1.0,-1.0,0.0,,,-1.0,3.6914345358281893e-187,0.0,452,True
kidney_cortex,excluded_at_or_below_-1,ENSG00000200079.1,RNA5SP326,,,,,,,,,,,,,,,,,0,False
kidney_cortex,raw,ENSG00000200079.1,RNA5SP326,0.0,104.0,-0.9875,1.0001e-06,0.0,-17675.90193946968,0.0,-1.0,-1.0,-1.0,0.0,,,-1.0,8.493566188631232e-188,0.0,104,True
kidney_medulla,excluded_at_or_below_-1,ENSG00000200079.1,RNA5SP326,,,,,,,,,,,,,,,,,0,False
kidney_medulla,raw,ENSG00000200079.1,RNA5SP326,0.0,11.0,-0.9875,1.0001e-06,0.0,-17675.90193946968,0.0,-1.0,-1.0,-1.0,0.0,,,-1.0,8.983579622590726e-189,0.0,11,True
liver,excluded_at_or_below_-1,ENSG00000200079.1,RNA5SP326,,,,,,,,,,,,,,,,,0,False
liver,raw,ENSG00000200079.1,RNA5SP326,0.0,262.0,-0.9875,1.0001e-06,0.0,-17675.90193946968,0.0,-1.0,-1.0,-1.0,0.0,,,-1.0,2.1397253282897912e-187,0.0,262,True
lung,excluded_at_or_below_-1,ENSG00000200079.1,RNA5SP326,,,,,,,,,,,,,,,,,0,False
lung,raw,ENSG00000200079.1,RNA5SP326,0.0,604.0,-0.9875,1.0001e-06,0.0,-17675.90193946968,0.0,-1.0,-1.0,-1.0,0.0,,,-1.0,4.932801901858908e-187,0.0,604,True
minor_salivary_gland,excluded_at_or_below_-1,ENSG00000200079.1,RNA5SP326,,,,,,,,,,,,,,,,,0,False
minor_salivary_gland,raw,ENSG00000200079.1,RNA5SP326,0.0,181.0,-0.9875,1.0001e-06,0.0,-17675.90193946968,0.0,-1.0,-1.0,-1.0,0.0,,,-1.0,1.478207192444474e-187,0.0,181,True
muscle_skeletal,excluded_at_or_below_-1,ENSG00000200079.1,RNA5SP326,,,,,,,,,,,,,,,,,0,False
muscle_skeletal,raw,ENSG00000200079.1,RNA5SP326,0.0,818.0,-0.9875,1.0001e-06,0.0,-17675.90193946968,0.0,-1.0,-1.0,-1.0,0.0,,,-1.0,6.680516482981104e-187,0.0,818,True
nerve_tibial,excluded_at_or_below_-1,ENSG00000200079.1,RNA5SP326,,,,,,,,,,,,,,,,,2,False
nerve_tibial,raw,ENSG00000200079.1,RNA5SP326,1.6626332458712203,619.453159240634,-0.9839429920638589,0.014262955801862908,2328.4855732143897,126.00063418541085,0.0,-1.0,0.2868279326453846,-0.996821074697075,0.05939269264889937,19.33196956130232,383.50591201757373,0.2868279326453846,616.2996868867784,0.0,670,True
ovary,excluded_at_or_below_-1,ENSG00000200079.1,RNA5SP326,,,,,,,,,,,,,,,,,0,False
ovary,raw,ENSG00000200079.1,RNA5SP326,0.0,193.0,-0.9875,1.0001e-06,0.0,-17675.90193946968,0.0,-1.0,-1.0,-1.0,0.0,,,-1.0,1.576209879236373e-187,0.0,193,True
pancreas,excluded_at_or_below_-1,ENSG00000200079.1,RNA5SP326,,,,,,,,,,,,,,,,,0,False
pancreas,raw,ENSG00000200079.1,RNA5SP326,0.0,362.0,-0.9875,1.0001e-06,0.0,-17675.90193946968,0.0,-1.0,-1.0,-1.0,0.0,,,-1.0,2.956414384888948e-187,0.0,362,True
pituitary,excluded_at_or_below_-1,ENSG00000200079.1,RNA5SP326,,,,,,,,,,,,,,,,,0,False
pituitary,raw,ENSG00000200079.1,RNA5SP326,0.0,313.0,-0.9875,1.0001e-06,0.0,-17675.90193946968,0.0,-1.0,-1.0,-1.0,0.0,,,-1.0,2.5562367471553613e-187,0.0,313,True
prostate,excluded_at_or_below_-1,ENSG00000200079.1,RNA5SP326,,,,,,,,,,,,,,,,,0,False
prostate,raw,ENSG00000200079.1,RNA5SP326,0.0,282.0,-0.9875,1.0001e-06,0.0,-17675.90193946968,0.0,-1.0,-1.0,-1.0,0.0,,,-1.0,2.3030631396096224e-187,0.0,282,True
skin_not_sun_exposed_suprapubic,excluded_at_or_below_-1,ENSG00000200079.1,RNA5SP326,,,,,,,,,,,,,,,,,0,False
skin_not_sun_exposed_suprapubic,raw,ENSG00000200079.1,RNA5SP326,0.0,651.0,-0.9875,1.0001e-06,0.0,-17675.90193946968,0.0,-1.0,-1.0,-1.0,0.0,,,-1.0,5.316645758460512e-187,0.0,651,True
skin_sun_exposed_lower_leg,excluded_at_or_below_-1,ENSG00000200079.1,RNA5SP326,,,,,,,,,,,,,,,,,0,False
skin_sun_exposed_lower_leg,raw,ENSG00000200079.1,RNA5SP326,0.0,754.0,-0.9875,1.0001e-06,0.0,-17675.90193946968,0.0,-1.0,-1.0,-1.0,0.0,,,-1.0,6.157835486757643e-187,0.0,754,True
small_intestine_terminal_ileum,excluded_at_or_below_-1,ENSG00000200079.1,RNA5SP326,,,,,,,,,,,,,,,,,0,False
small_intestine_terminal_ileum,raw,ENSG00000200079.1,RNA5SP326,0.0,207.0,-0.9875,1.0001e-06,0.0,-17675.90193946968,0.0,-1.0,-1.0,-1.0,0.0,,,-1.0,1.6905463471602549e-187,0.0,207,True
spleen,excluded_at_or_below_-1,ENSG00000200079.1,RNA5SP326,,,,,,,,,,,,,,,,,0,False
spleen,raw,ENSG00000200079.1,RNA5SP326,0.0,277.0,-0.9875,1.0001e-06,0.0,-17675.90193946968,0.0,-1.0,-1.0,-1.0,0.0,,,-1.0,2.2622286867796648e-187,0.0,277,True
stomach,excluded_at_or_below_-1,ENSG00000200079.1,RNA5SP326,,,,,,,,,,,,,,,,,0,False
stomach,raw,ENSG00000200079.1,RNA5SP326,0.0,407.0,-0.9875,1.0001e-06,0.0,-17675.90193946968,0.0,-1.0,-1.0,-1.0,0.0,,,-1.0,3.3239244603585686e-187,0.0,407,True
testis,excluded_at_or_below_-1,ENSG00000200079.1,RNA5SP326,,,,,,,,,,,,,,,,,7,False
testis,raw,ENSG00000200079.1,RNA5SP326,0.17948717948761223,564.0608976085144,-0.9944179414333989,0.0026933027470149745,7.743589752030979,296.228946742935,0.0,-1.0,-0.4302639428892834,-0.9928349253461559,0.0554195354536905,7.82782039834436,61.331975711642286,-0.4302639428892834,562.8508228119623,0.0,414,True
thyroid,excluded_at_or_below_-1,ENSG00000200079.1,RNA5SP326,,,,,,,,,,,,,,,,,0,False
thyroid,raw,ENSG00000200079.1,RNA5SP326,0.0,684.0,-0.9875,1.0001e-06,0.0,-17675.90193946968,0.0,-1.0,-1.0,-1.0,0.0,,,-1.0,5.586153147138233e-187,0.0,684,True
uterus,excluded_at_or_below_-1,ENSG00000200079.1,RNA5SP326,,,,,,,,,,,,,,,,,0,False
uterus,raw,ENSG00000200079.1,RNA5SP326,0.0,153.0,-0.9875,1.0001e-06,0.0,-17675.90193946968,0.0,-1.0,-1.0,-1.0,0.0,,,-1.0,1.24953425659671e-187,0.0,153,True
vagina,excluded_at_or_below_-1,ENSG00000200079.1,RNA5SP326,,,,,,,,,,,,,,,,,0,False
vagina,raw,ENSG00000200079.1,RNA5SP326,0.0,170.0,-0.9875,1.0001e-06,0.0,-17675.90193946968,0.0,-1.0,-1.0,-1.0,0.0,,,-1.0,1.3883713962185667e-187,0.0,170,True
whole_blood,excluded_at_or_below_-1,ENSG00000200079.1,RNA5SP326,,,,,,,,,,,,,,,,,0,False
whole_blood,raw,ENSG00000200079.1,RNA5SP326,0.0,803.0,-0.9875,1.0001e-06,0.0,-17675.90193946968,0.0,-1.0,-1.0,-1.0,0.0,,,-1.0,6.55801312449123e-187,0.0,803,True
adipose_subcutaneous,excluded_at_or_below_-1,ENSG00000199364.1,RNA5SP327,,,,,,,,,,,,,,,,,1,False
adipose_subcutaneous,raw,ENSG00000199364.1,RNA5SP327,2.467744289504304,677.869980613735,-0.9948728214464114,0.004878801017226102,1394.3451054699342,118.30835553976446,0.0,-1.0,-0.5867287188080621,-0.999421188681804,0.015466288987318576,26.664609551323696,709.0014025245436,-0.5867287188080621,675.3519053251713,0.0,714,True
adipose_visceral_omentum,excluded_at_or_below_-1,ENSG00000199364.1,RNA5SP327,,,,,,,,,,,,,,,,,1,False
adipose_visceral_omentum,raw,ENSG00000199364.1,RNA5SP327,1.4863053953768564,546.6029994414349,-0.9936710353943379,0.004889966368540523,1523.8428786268523,144.64554944284265,0.0,-1.0,-0.4935260141942342,-0.9991371823069748,0.020904418576228948,24.166127254581802,582.0017064846414,-0.4935260141942342,542.7694393388839,0.0,587,True
adrenal_gland,excluded_at_or_below_-1,ENSG00000199364.1,RNA5SP327,,,,,,,,,,,,,,,,,0,False
adrenal_gland,raw,ENSG00000199364.1,RNA5SP327,0.0,295.0,-0.9875,1.0001e-06,0.0,-17675.90193946968,0.0,-1.0,-1.0,-1.0,0.0,,,-1.0,2.409232716967513e-187,0.0,295,True
artery_aorta,excluded_at_or_below_-1,ENSG00000199364.1,RNA5SP327,,,,,,,,,,,,,,,,,9,False
artery_aorta,raw,ENSG00000199364.1,RNA5SP327,0.2307692309188197,552.0115685724564,-0.9914984484543616,0.0013575671970273264,12.923076923081194,747.1565121974841,0.0,-1.0,-0.2742693120694731,-0.9893222224999763,0.07893769961240678,7.474727070180226,54.94023244605047,-0.2742693120694731,551.8849900893101,0.0,472,True
artery_coronary,excluded_at_or_below_-1,ENSG00000199364.1,RNA5SP327,,,,,,,,,,,,,,,,,5,False
artery_coronary,raw,ENSG00000199364.1,RNA5SP327,0.12820512820644336,366.1461530525955,-0.9918765758908445,0.0037646412458789617,6.358974362901769,306.2047422401078,0.0,-1.0,-0.176758525130185,-0.9893540339212813,0.07995403000568398,7.869172264613981,63.8133804137987,-0.176758525130185,365.7571903537138,0.0,268,True
artery_tibial,excluded_at_or_below_-1,ENSG00000199364.1,RNA5SP327,,,,,,,,,,,,,,,,,2,False
artery_tibial,raw,ENSG00000199364.1,RNA5SP327,0.05208338348359354,688.0791924680611,-0.9931683526305473,0.00514802024659579,3.0645009491289654,148.36821191407475,0.0,-1.0,-0.4530783837554173,-0.9984756592877757,0.02833434911835057,18.548174581817744,342.54534017343065,-0.4530783837554173,683.0655256201019,0.0,691,True
bladder,excluded_at_or_below_-1,ENSG00000199364.1,RNA5SP327,,,,,,,,,,,,,,,,,0,False
bladder,raw,ENSG00000199364.1,RNA5SP327,0.0,77.0,-0.9875,1.0001e-06,0.0,-17675.90193946968,0.0,-1.0,-1.0,-1.0,0.0,,,-1.0,6.288505735813509e-188,0.0,77,True
brain_amygdala,excluded_at_or_below_-1,ENSG00000199364.1,RNA5SP327,,,,,,,,,,,,,,,,,1,False
brain_amygdala,raw,ENSG00000199364.1,RNA5SP327,0.025641025643122237,209.20998841749173,-0.9930078713802288,0.0031422406818122414,0.9743589749603048,292.5005599578365,0.0,-1.0,-0.3431009666479028,-0.9963707235726403,0.0488269206166036,13.34187226574875,176.00555555555556,-0.3431009666479028,205.64113274344245,0.0,181,True
brain_anterior_cingulate_cortex_ba24,excluded_at_or_below_-1,ENSG00000199364.1,RNA5SP327,,,,,,,,,,,,,,,,,5,False
brain_anterior_cingulate_cortex_ba24,raw,ENSG00000199364.1,RNA5SP327,0.12820512821480004,260.11690751519455,-0.9954890572893833,0.002090402662353609,4.358974359939888,282.249055135179,0.0,-1.0,-0.5782860322304904,-0.9930874009143065,0.04834028572962738,7.16626805843454,51.139881832744855,-0.5782860322304904,255.26766256786797,0.0,233,True
brain_caudate_basal_ganglia,excluded_at_or_below_-1,ENSG00000199364.1,RNA5SP327,0.45690027072235273,3.076288483563689,-0.6967565634689467,0.08013229357283333,47.184404631450505,7.964042804727303,0.0,-0.8273563183239173,-0.2454972678190464,-0.6515129172643311,0.1281030858658887,1.3295640173044139,1.7581391800470136,-0.2454972678190464,3.076198125385592,0.0,48,True
brain_caudate_basal_ganglia,raw,ENSG00000199364.1,RNA5SP327,2.482661830600098,238.77221110982867,-0.9905787251149021,0.0076613439055214574,298.5627548128058,137.53517855021684,0.0,-1.0,-0.2454972678190464,-0.944242066762293,0.13768123405333735,2.5257117641107514,5.989509642098154,-0.2454972678190464,237.29253356866593,0.0,300,True
brain_cerebellar_hemisphere,excluded_at_or_below_-1,ENSG00000199364.1,RNA5SP327,,,,,,,,,,,,,,,,,0,False
brain_cerebellar_hemisphere,raw,ENSG00000199364.1,RNA5SP327,0.0,277.0,-0.9875,1.0001e-06,0.0,-17675.90193946968,0.0,-1.0,-1.0,-1.0,0.0,,,-1.0,2.2622286867796648e-187,0.0,277,True
brain_cerebellum,excluded_at_or_below_-1,ENSG00000199364.1,RNA5SP327,,,,,,,,,,,,,,,,,0,False
brain_cerebellum,raw,ENSG00000199364.1,RNA5SP327,0.0,266.0,-0.9875,1.0001e-06,0.0,-17675.90193946968,0.0,-1.0,-1.0,-1.0,0.0,,,-1.0,2.1723928905537574e-187,0.0,266,True
brain_cortex,excluded_at_or_below_-1,ENSG00000199364.1,RNA5SP327,,,,,,,,,,,,,,,,,8,False
brain_cortex,raw,ENSG00000199364.1,RNA5SP327,0.20516164491785072,289.80263429734,-0.9934324030345059,1.52725479952444e-05,8.35897440258492,48079.83962085867,,-1.0,-0.4742027210754135,-0.9891744009346469,0.06417521127450794,6.111465607696486,37.39307391184104,-0.4742027210754135,0.0,0.0,270,True
brain_frontal_cortex_ba9,excluded_at_or_below_-1,ENSG00000199364.1,RNA5SP327,,,,,,,,,,,,,,,,,3,False
brain_frontal_cortex_ba9,raw,ENSG00000199364.1,RNA5SP327,0.07692307692915651,280.2746988552512,-0.9948745348798314,0.0020715336067135956,2.7692307700479883,302.36742836113837,0.0,-1.0,-0.5519680983338513,-0.9959828334446944,0.03857459333244931,9.807516763572877,97.20693604812709,-0.5519680983338513,279.48121969042006,0.0,269,True
brain_hippocampus,excluded_at_or_below_-1,ENSG00000199364.1,RNA5SP327,,,,,,,,,,,,,,,,,7,False
brain_hippocampus,raw,ENSG00000199364.1,RNA5SP327,0.1842133478687177,243.06193883843457,-0.9958284726000963,0.0034342833436515697,35.01552974485685,135.82791456116104,0.0,-1.0,-0.6659832801967864,-0.9916301148647282,0.05006173871663129,5.835700931524053,32.252798149953314,-0.6659832801967864,241.58449964818703,0.0,255,True
brain_hypothalamus,excluded_at_or_below_-1,ENSG00000199364.1,RNA5SP327,,,,,,,,,,,,,,,,,1,False
brain_hypothalamus,raw,ENSG00000199364.1,RNA5SP327,0.025647642377376496,255.86180793528825,-0.9966669970712773,0.002388792503910776,1.0031910717621348,156.05359697661112,0.0,-1.0,-0.7330719697116853,-0.998961369531952,0.016650513056163194,15.93749999999999,252.0039062499998,-0.7330719697116853,253.8233919934727,0.0,257,True
brain_nucleus_accumbens_basal_ganglia,excluded_at_or_below_-1,ENSG00000199364.1,RNA5SP327,0.04490423471992828,1.607183372151598,-0.6499847684207616,0.10877566231434262,21.083787192609087,6.6926502045905005,0.0,-0.797461915190428,-0.1352128287280396,-0.6389402190219,0.13711478363979204,2.464588672539911,7.333383977080185,-0.1352128287280396,1.6071578430764102,0.0,20,True
brain_nucleus_accumbens_basal_ganglia,raw,ENSG00000199364.1,RNA5SP327,0.5128205128084362,300.62328172442284,-0.9907843976201324,0.004454895091269901,47.74358974408692,271.60256111959666,0.0,-1.0,-0.1352128287280396,-0.9746624715103089,0.09896515379443471,4.475752816235775,23.510043868916892,-0.1352128287280396,296.0216327373592,0.0,285,True
brain_putamen_basal_ganglia,excluded_at_or_below_-1,ENSG00000199364.1,RNA5SP327,0.11153744060591098,2.46328471690374,-1.0197038197437673,0.30679052191638684,14.961249983998785,2.9597791576529366,0.0,-0.7665426044045883,-0.3776280988675785,-0.6433713509173544,0.10712013432673102,1.1348687172181993,0.7701649920187079,-0.3776280988675785,1.215917201824987,0.0,21,True
brain_putamen_basal_ganglia,raw,ENSG00000199364.1,RNA5SP327,1.188792514968355,225.50127114306497,-0.992231168839581,0.00643614959071524,83.97009272708917,135.04658099998505,0.0,-1.0,-0.3776280988675785,-0.9705149542097025,0.10291288903988059,3.5671519159430423,12.323599175285802,-0.3776280988675785,224.1675847454893,0.0,254,True
brain_spinal_cord_cervical_c-1,excluded_at_or_below_-1,ENSG00000199364.1,RNA5SP327,,,,,,,,,,,,,,,,,4,False
brain_spinal_cord_cervical_c-1,raw,ENSG00000199364.1,RNA5SP327,0.10256410249805561,237.02351440645248,-0.9946631615910059,0.002856599357066659,5.5897435907519295,255.4224189618256,0.0,-1.0,-0.4787301107423041,-0.9920402648045266,0.057245304991240774,7.263546402616329,52.553955704722014,-0.4787301107423041,236.63676502121288,0.0,204,True
brain_substantia_nigra,excluded_at_or_below_-1,ENSG00000199364.1,RNA5SP327,,,,,,,,,,,,,,,,,1,False
brain_substantia_nigra,raw,ENSG00000199364.1,RNA5SP327,0.025641025660420345,204.67366317987563,-0.9968360028683881,0.0014508167558171044,0.974358976532185,282.4394483541981,0.0,-1.0,-0.7070863532550675,-0.9983993789795359,0.021652799822672777,13.416612631565934,178.00549450549448,-0.7070863532550675,199.59514538315975,0.0,183,True
breast_mammary_tissue,excluded_at_or_below_-1,ENSG00000199364.1,RNA5SP327,,,,,,,,,,,,,,,,,2,False
breast_mammary_tissue,raw,ENSG00000199364.1,RNA5SP327,0.05263157879752598,549.365120645652,-0.995178336771381,0.0019747498912516593,3.897506925200886,302.83781317842664,0.0,-1.0,-0.5723080189125445,-0.9983539036443927,0.02636479476189282,15.9404156880905,252.12806221127627,-0.5723080189125445,544.9986033841823,0.0,514,True
cells_cultured_fibroblasts,excluded_at_or_below_-1,ENSG00000199364.1,RNA5SP327,,,,,,,,,,,,,,,,,0,False
cells_cultured_fibroblasts,raw,ENSG00000199364.1,RNA5SP327,0.0,652.0,-0.9875,1.0001e-06,0.0,-17675.90193946968,0.0,-1.0,-1.0,-1.0,0.0,,,-1.0,5.324812649026503e-187,0.0,652,True
cells_ebv-transformed_lymphocytes,excluded_at_or_below_-1,ENSG00000199364.1,RNA5SP327,,,,,,,,,,,,,,,,,0,False
cells_ebv-transformed_lymphocytes,raw,ENSG00000199364.1,RNA5SP327,0.0,327.0,-0.9875,1.0001e-06,0.0,-17675.90193946968,0.0,-1.0,-1.0,-1.0,0.0,,,-1.0,2.670573215079243e-187,0.0,327,True
cervix_ectocervix,excluded_at_or_below_-1,ENSG00000199364.1,RNA5SP327,,,,,,,,,,,,,,,,,0,False
cervix_ectocervix,raw,ENSG00000199364.1,RNA5SP327,0.0,24.0,-0.9875,1.0001e-06,0.0,-17675.90193946968,0.0,-1.0,-1.0,-1.0,0.0,,,-1.0,1.9600537358379766e-188,0.0,24,True
cervix_endocervix,excluded_at_or_below_-1,ENSG00000199364.1,RNA5SP327,,,,,,,,,,,,,,,,,0,False
cervix_endocervix,raw,ENSG00000199364.1,RNA5SP327,0.0,23.0,-0.9875,1.0001e-06,0.0,-17675.90193946968,0.0,-1.0,-1.0,-1.0,0.0,,,-1.0,1.878384830178061e-188,0.0,23,True
colon_sigmoid,excluded_at_or_below_-1,ENSG00000199364.1,RNA5SP327,0.17978893806789345,1.3708093581207206,-0.39304779557588926,0.06773561759355615,13.3305035431253,12.246604945447734,0.0,-0.6495525408979381,0.1935194467946486,-0.4258744230546599,0.2014849984791786,1.8642092552829546,4.153840939002388,0.1935194467946486,1.3707735951480418,0.0,15,True
colon_sigmoid,raw,ENSG00000199364.1,RNA5SP327,0.38461538468101203,591.798049732088,-0.9886559064258117,0.005778735180285795,21.230769234934122,289.3104399957805,0.0,-1.0,0.1935194467946486,-0.9794465783909782,0.11298098519484902,6.130409656138945,42.10081183845275,0.1935194467946486,585.2184125577139,0.0,419,True
colon_transverse,excluded_at_or_below_-1,ENSG00000199364.1,RNA5SP327,,,,,,,,,,,,,,,,,8,False
colon_transverse,raw,ENSG00000199364.1,RNA5SP327,-0.3138634762112979,433.66522622947605,-0.9883027761884664,0.010672467342421867,1444.2440836505511,122.6504452428654,0.0,-1.0,-0.0627121113729857,-0.9917306080286313,0.06847197807505084,9.48957904325311,100.18503900593342,-0.0627121113729857,431.563144836475,0.0,479,True
esophagus_gastroesophageal_junction,excluded_at_or_below_-1,ENSG00000199364.1,RNA5SP327,,,,,,,,,,,,,,,,,1,False
esophagus_gastroesophageal_junction,raw,ENSG00000199364.1,RNA5SP327,0.025641025641025647,413.6187475014438,-0.9927037573730687,0.002117250111457978,0.9743589743589743,404.1261119519409,0.0,-1.0,-0.3876777002494601,-0.9984805898269218,0.030501946355005742,20.000062188958037,398.0024875621892,-0.3876777002494601,411.7998844845675,0.0,403,True
esophagus_mucosa,excluded_at_or_below_-1,ENSG00000199364.1,RNA5SP327,,,,,,,,,,,,,,,,,2,False
esophagus_mucosa,raw,ENSG00000199364.1,RNA5SP327,0.05128205128205128,666.892907692086,-0.9938778238316787,0.0019099448163506572,1.897435897998208,391.2934230220708,0.0,-1.0,-0.4654223876392594,-0.998364381388584,0.02869486764546661,17.54513671272116,307.095065085354,-0.4654223876392594,664.0436725027629,0.0,614,True
esophagus_muscularis,excluded_at_or_below_-1,ENSG00000199364.1,RNA5SP327,,,,,,,,,,,,,,,,,5,False
esophagus_muscularis,raw,ENSG00000199364.1,RNA5SP327,0.12820512828816172,567.325946935879,-0.9870100613442208,0.004404566695130795,6.35897436110962,345.6506353930858,0.0,-1.0,0.0895184894416158,-0.995483705121386,0.056622400428004135,15.56201410102629,267.64631066300365,0.0895184894416158,565.3877039204123,0.0,561,True
fallopian_tube,excluded_at_or_below_-1,ENSG00000199364.1,RNA5SP327,,,,,,,,,,,,,,,,,0,False
fallopian_tube,raw,ENSG00000199364.1,RNA5SP327,0.0,29.0,-0.9875,1.0001e-06,0.0,-17675.90193946968,0.0,-1.0,-1.0,-1.0,0.0,,,-1.0,2.368398264137555e-188,0.0,29,True
heart_atrial_appendage,excluded_at_or_below_-1,ENSG00000199364.1,RNA5SP327,0.548350291629281,5.56457407985999,-0.6474710028737222,0.1156540217191517,41.81187562074281,10.606292220145725,0.0,-0.8231730105771146,0.2199088493814271,-0.5300416817634118,0.24154548760831404,1.5595240278895035,1.747083857137767,0.2199088493814271,5.564561109792697,0.0,65,True
heart_atrial_appendage,raw,ENSG00000199364.1,RNA5SP327,1.7089173411264778,378.75792280827727,-0.9847894205730076,0.013332780406184342,470.92280842888255,127.78284649064742,0.0,-1.0,0.2199088493814271,-0.9337368965610017,0.18688420804762354,3.360608579985469,12.462365053549183,0.2199088493814271,376.821480373077,0.0,461,True
heart_left_ventricle,excluded_at_or_below_-1,ENSG00000199364.1,RNA5SP327,1.4597000200865997,14.857395338998053,-0.718009777977876,0.08295529951840762,119.97810367883817,22.476572963816043,0.0,-0.8394437575434367,0.6004267665224663,-0.5316181571438302,0.2711799967305531,1.4160772088587965,1.8973314219341848,0.6004267665224663,14.854493779229085,0.0,118,True
heart_left_ventricle,raw,ENSG00000199364.1,RNA5SP327,3.3140352441487186,312.03233396997837,-0.9800010948084921,0.015369941006245176,1078.657105303993,145.41776802776192,0.0,-1.0,0.6004267665224663,-0.877723324210115,0.24797593701699233,2.402696651987384,6.155630709398114,0.6004267665224663,309.821372737321,0.0,452,True
kidney_cortex,excluded_at_or_below_-1,ENSG00000199364.1,RNA5SP327,,,,,,,,,,,,,,,,,4,False
kidney_cortex,raw,ENSG00000199364.1,RNA5SP327,0.10256410832285812,119.11159855806841,-0.9907182732545989,0.004723474481820852,5.589743589985771,266.99026733023476,0.0,-1.0,-0.0989705569389037,-0.9817663944917682,0.10384193528172327,6.819942118135536,50.80155598841445,-0.0989705569389037,118.76117464209761,0.0,104,True
kidney_medulla,excluded_at_or_below_-1,ENSG00000199364.1,RNA5SP327,,,,,,,,,,,,,,,,,0,False
kidney_medulla,raw,ENSG00000199364.1,RNA5SP327,0.0,11.0,-0.9875,1.0001e-06,0.0,-17675.90193946968,0.0,-1.0,-1.0,-1.0,0.0,,,-1.0,8.983579622590726e-189,0.0,11,True
liver,excluded_at_or_below_-1,ENSG00000199364.1,RNA5SP327,,,,,,,,,,,,,,,,,0,False
liver,raw,ENSG00000199364.1,RNA5SP327,0.0,262.0,-0.9875,1.0001e-06,0.0,-17675.90193946968,0.0,-1.0,-1.0,-1.0,0.0,,,-1.0,2.1397253282897912e-187,0.0,262,True
lung,excluded_at_or_below_-1,ENSG00000199364.1,RNA5SP327,,,,,,,,,,,,,,,,,6,False
lung,raw,ENSG00000199364.1,RNA5SP327,0.15384615384615385,652.1617890218968,-0.983247363701151,0.0036192762520403177,9.076923079465669,550.497344701558,0.0,-1.0,0.4255935776530588,-0.9932633588020546,0.07605169594892533,13.976412051325328,224.03327033290608,0.4255935776530588,651.7318355691879,0.0,604,True
minor_salivary_gland,excluded_at_or_below_-1,ENSG00000199364.1,RNA5SP327,,,,,,,,,,,,,,,,,0,False
minor_salivary_gland,raw,ENSG00000199364.1,RNA5SP327,0.0,181.0,-0.9875,1.0001e-06,0.0,-17675.90193946968,0.0,-1.0,-1.0,-1.0,0.0,,,-1.0,1.478207192444474e-187,0.0,181,True
muscle_skeletal,excluded_at_or_below_-1,ENSG00000199364.1,RNA5SP327,0.09134306262438666,0.7371015672058479,-0.6532584642850604,0.09146671730283962,7.865001795460934,5.876639097643302,0.0,-0.7565124858305212,-0.2731766284603607,-0.6093240612538975,0.13116542697217098,1.459860421034936,1.4956985054736984,-0.2731766284603607,0.7371014657800559,0.0,13,True
muscle_skeletal,raw,ENSG00000199364.1,RNA5SP327,-0.00663888433288749,735.1184114620987,-0.9909174942959941,0.00758069688673658,4909.0269500586755,133.8978304897145,0.0,-1.0,-0.2731766284603607,-0.9937912136874091,0.05140711918673326,9.147701129678666,91.80800190324682,-0.2731766284603607,730.6978025368475,0.0,818,True
nerve_tibial,excluded_at_or_below_-1,ENSG00000199364.1,RNA5SP327,,,,,,,,,,,,,,,,,2,False
nerve_tibial,raw,ENSG00000199364.1,RNA5SP327,0.0448752003784956,664.7430677313457,-0.9914642832460497,0.006993806515435522,15.083639519425148,136.7397273178024,0.0,-1.0,-0.3152360096115012,-0.9982107200669059,0.033055820203643255,18.76079012660146,356.1421351303519,-0.3152360096115012,660.886703704085,0.0,670,True
ovary,excluded_at_or_below_-1,ENSG00000199364.1,RNA5SP327,,,,,,,,,,,,,,,,,2,False
ovary,raw,ENSG00000199364.1,RNA5SP327,0.05128205128205129,201.1502125116718,-0.9893770641604439,0.0002459031695630217,1.897435897435907,4852.202100518573,0.0,-1.0,-0.1456771396061292,-0.9925154625032104,0.07456064537542677,10.142252918655206,103.65102491163506,-0.1456771396061292,0.23392983873893922,0.0,193,True
pancreas,excluded_at_or_below_-1,ENSG00000199364.1,RNA5SP327,,,,,,,,,,,,,,,,,3,False
pancreas,raw,ENSG00000199364.1,RNA5SP327,0.07692307692307698,369.0059271663989,-0.9952473611156287,0.0014741438360379821,2.7692307692311573,379.02580402561745,0.0,-1.0,-0.6001595415884824,-0.9968499889875659,0.03453513380101026,10.875446664459883,116.47945928547479,-0.6001595415884824,367.9195227968965,0.0,362,True
pituitary,excluded_at_or_below_-1,ENSG00000199364.1,RNA5SP327,,,,,,,,,,,,,,,,,5,False
pituitary,raw,ENSG00000199364.1,RNA5SP327,0.12820512821132105,381.8091340493942,-0.9936503156930165,0.003268872454037999,6.358974359642649,269.5067160752223,0.0,-1.0,-0.3707012054622983,-0.9917286903597756,0.06625142212750001,8.098440865186985,64.9894786606061,-0.3707012054622983,381.732906306607,0.0,313,True
prostate,excluded_at_or_below_-1,ENSG00000199364.1,RNA5SP327,,,,,,,,,,,,,,,,,1,False
prostate,raw,ENSG00000199364.1,RNA5SP327,0.025641025641025605,296.91239365169986,-0.9929470832156583,0.0023886190165957385,0.9743589751048896,356.46094827835924,0.0,-1.0,-0.3908814388283426,-0.9978400051022281,0.03627248246631186,16.703399615613016,277.00355871886114,-0.3908814388283426,296.6903697347344,0.0,282,True
skin_not_sun_exposed_suprapubic,excluded_at_or_below_-1,ENSG00000199364.1,RNA5SP327,,,,,,,,,,,,,,,,,3,False
skin_not_sun_exposed_suprapubic,raw,ENSG00000199364.1,RNA5SP327,0.07894736841285586,661.8358698460106,-0.9937212423869602,0.0029579491194651566,4.769390614560265,253.64303629949427,0.0,-1.0,-0.4632050489051268,-0.997813686060275,0.032674083839140125,15.25020345260334,235.11188415168812,-0.4632050489051268,661.8334167376318,0.0,651,True
skin_sun_exposed_lower_leg,excluded_at_or_below_-1,ENSG00000199364.1,RNA5SP327,,,,,,,,,,,,,,,,,2,False
skin_sun_exposed_lower_leg,raw,ENSG00000199364.1,RNA5SP327,1.8597545332868541,699.096590293506,-0.9951441561232948,0.004781870480573152,2882.496885140382,114.36214823973737,0.0,-1.0,-0.6084522198326583,-0.9991075509713782,0.017547957304845162,20.087620430673013,410.40123907592834,-0.6084522198326583,696.7010162230218,0.0,754,True
small_intestine_terminal_ileum,excluded_at_or_below_-1,ENSG00000199364.1,RNA5SP327,,,,,,,,,,,,,,,,,0,False
small_intestine_terminal_ileum,raw,ENSG00000199364.1,RNA5SP327,0.0,207.0,-0.9875,1.0001e-06,0.0,-17675.90193946968,0.0,-1.0,-1.0,-1.0,0.0,,,-1.0,1.6905463471602549e-187,0.0,207,True
spleen,excluded_at_or_below_-1,ENSG00000199364.1,RNA5SP327,,,,,,,,,,,,,,,,,0,False
spleen,raw,ENSG00000199364.1,RNA5SP327,0.0,277.0,-0.9875,1.0001e-06,0.0,-17675.90193946968,0.0,-1.0,-1.0,-1.0,0.0,,,-1.0,2.2622286867796648e-187,0.0,277,True
stomach,excluded_at_or_below_-1,ENSG00000199364.1,RNA5SP327,,,,,,,,,,,,,,,,,2,False
stomach,raw,ENSG00000199364.1,RNA5SP327,0.05128205128197626,432.78760743738087,-0.9934704384632717,0.002644694753239007,1.8974358974365353,305.0081564640746,0.0,-1.0,-0.4230802989838778,-0.9975219924357848,0.03567232747916439,14.591471242161921,214.7553072143278,-0.4230802989838778,430.0049935731723,0.0,407,True
testis,excluded_at_or_below_-1,ENSG00000199364.1,RNA5SP327,,,,,,,,,,,,,,,,,4,False
testis,raw,ENSG00000199364.1,RNA5SP327,0.10256410256410263,457.8509092825522,-0.9928921788501767,0.0011176205636493398,3.589743589748173,748.1646622728115,0.0,-1.0,-0.4016347946763554,-0.9950933970002122,0.050863971033849,10.580034888254417,112.24290704162428,-0.4016347946763554,453.00883974826854,0.0,414,True
thyroid,excluded_at_or_below_-1,ENSG00000199364.1,RNA5SP327,,,,,,,,,,,,,,,,,2,False
thyroid,raw,ENSG00000199364.1,RNA5SP327,0.051282051277702245,764.1300240708739,-0.9936292859020144,0.002905198335843043,1.8974358974533456,283.1566054275249,0.0,-1.0,-0.4119447930092876,-0.99836193566141,0.03030839286353589,18.48052911434801,340.3689080792089,-0.4119447930092876,743.5237676875887,0.0,684,True
uterus,excluded_at_or_below_-1,ENSG00000199364.1,RNA5SP327,,,,,,,,,,,,,,,,,0,False
uterus,raw,ENSG00000199364.1,RNA5SP327,0.0,153.0,-0.9875,1.0001e-06,0.0,-17675.90193946968,0.0,-1.0,-1.0,-1.0,0.0,,,-1.0,1.24953425659671e-187,0.0,153,True
vagina,excluded_at_or_below_-1,ENSG00000199364.1,RNA5SP327,,,,,,,,,,,,,,,,,0,False
vagina,raw,ENSG00000199364.1,RNA5SP327,0.0,170.0,-0.9875,1.0001e-06,0.0,-17675.90193946968,0.0,-1.0,-1.0,-1.0,0.0,,,-1.0,1.3883713962185667e-187,0.0,170,True
whole_blood,excluded_at_or_below_-1,ENSG00000199364.1,RNA5SP327,,,,,,,,,,,,,,,,,1,False
whole_blood,raw,ENSG00000199364.1,RNA5SP327,2.710154547418946,767.8108351654433,-0.9901383991551961,0.008754065357766284,1319.1331809521914,126.2750394199881,0.0,-1.0,-0.2084884577685783,-0.999014306921256,0.02793183575999779,28.284293289435286,798.0012468827935,-0.2084884577685783,764.0687692086793,0.0,803,True
adipose_subcutaneous,excluded_at_or_below_-1,ENSG00000222740.1,RNA5SP328,,,,,,,,,,,,,,,,,5,False
adipose_subcutaneous,raw,ENSG00000222740.1,RNA5SP328,0.13157756613844493,649.0720480342928,-0.9931190021198539,0.006411376099250122,3621.881446135841,120.11538986129958,0.0,-1.0,-0.4485725770264712,-0.9967398558448962,0.03934734362138525,12.231561114967382,150.1781117388855,-0.4485725770264712,646.0644376223303,0.0,714,True
adipose_visceral_omentum,excluded_at_or_below_-1,ENSG00000222740.1,RNA5SP328,,,,,,,,,,,,,,,,,7,False
adipose_visceral_omentum,raw,ENSG00000222740.1,RNA5SP328,0.1794871794840148,647.9628544741566,-0.9932292519142634,0.0030049632954555127,5.743589745037449,289.44565950223705,0.0,-1.0,-0.3782064533960333,-0.9943644910598053,0.05265077317064776,9.57066999585032,92.14319763529618,-0.3782064533960333,630.5737705520527,0.0,587,True
adrenal_gland,excluded_at_or_below_-1,ENSG00000222740.1,RNA5SP328,,,,,,,,,,,,,,,,,0,False
adrenal_gland,raw,ENSG00000222740.1,RNA5SP328,0.0,295.0,-0.9875,1.0001e-06,0.0,-17675.90193946968,0.0,-1.0,-1.0,-1.0,0.0,,,-1.0,2.409232716967513e-187,0.0,295,True
artery_aorta,excluded_at_or_below_-1,ENSG00000222740.1,RNA5SP328,,,,,,,,,,,,,,,,,3,False
artery_aorta,raw,ENSG00000222740.1,RNA5SP328,0.07902003900451564,438.6332419583161,-0.9852048172213507,0.012791560785293131,924.7080179440785,129.2900005644817,0.0,-1.0,0.1842231568506749,-0.9939729006449478,0.07749814573746905,13.314030755193196,180.82268203081793,0.1842231568506749,436.18912578294845,0.0,472,True
artery_coronary,excluded_at_or_below_-1,ENSG00000222740.1,RNA5SP328,,,,,,,,,,,,,,,,,2,False
artery_coronary,raw,ENSG00000222740.1,RNA5SP328,0.0512820512753714,294.056765455554,-0.9939667454413117,0.0028567906905602367,3.8974358976395935,271.80841869243545,0.0,-1.0,-0.4448984994591013,-0.9958606363150307,0.0478267975265961,11.445861992786412,129.00783727985007,-0.4448984994591013,286.7314805503097,0.0,268,True
artery_tibial,excluded_at_or_below_-1,ENSG00000222740.1,RNA5SP328,,,,,,,,,,,,,,,,,2,False
artery_tibial,raw,ENSG00000222740.1,RNA5SP328,0.05263157894145298,745.1294220354205,-0.9934304537505276,0.003666838036582104,1.8975071750935515,231.84087050355865,0.0,-1.0,-0.3923027704816573,-0.9982655912065509,0.03221839858337873,18.512412093764578,340.77857990820263,-0.3923027704816573,732.3426371142456,0.0,691,True
bladder,excluded_at_or_below_-1,ENSG00000222740.1,RNA5SP328,,,,,,,,,,,,,,,,,1,False
bladder,raw,ENSG00000222740.1,RNA5SP328,0.02564102562727104,88.31052657360176,-0.9966264001913916,0.0017552976304591485,0.9743589744633602,258.6115757835311,0.0,-1.0,-0.6756421455782393,-0.9957875603321849,0.03696400806911517,8.603090020146059,72.01315789473675,-0.6756421455782393,87.86661451942985,0.0,77,True
brain_amygdala,excluded_at_or_below_-1,ENSG00000222740.1,RNA5SP328,,,,,,,,,,,,,,,,,2,False
brain_amygdala,raw,ENSG00000222740.1,RNA5SP328,0.051282051282046076,183.16652081325404,-0.995952476884386,0.0015176255568569216,1.897435897435948,315.23435622685884,0.0,-1.0,-0.6576671371465628,-0.9969024981767667,0.030103211917619988,10.007179608434425,101.68680908236311,-0.6576671371465628,182.99113706373808,0.0,181,True
brain_anterior_cingulate_cortex_ba24,excluded_at_or_below_-1,ENSG00000222740.1,RNA5SP328,,,,,,,,,,,,,,,,,0,False
brain_anterior_cingulate_cortex_ba24,raw,ENSG00000222740.1,RNA5SP328,0.0,233.0,-0.9875,1.0001e-06,0.0,-17675.90193946968,0.0,-1.0,-1.0,-1.0,0.0,,,-1.0,1.9028855018760357e-187,0.0,233,True
brain_caudate_basal_ganglia,excluded_at_or_below_-1,ENSG00000222740.1,RNA5SP328,,,,,,,,,,,,,,,,,4,False
brain_caudate_basal_ganglia,raw,ENSG00000222740.1,RNA5SP328,0.10256405114248232,309.30340050275976,-0.9951218242184159,0.002131778980870821,5.58974359192908,279.4720775698641,0.0,-1.0,-0.5738469075049808,-0.9957864384604158,0.03710127894297711,9.090043370089889,84.54193919130788,-0.5738469075049808,308.5973406079732,0.0,300,True
brain_cerebellar_hemisphere,excluded_at_or_below_-1,ENSG00000222740.1,RNA5SP328,,,,,,,,,,,,,,,,,0,False
brain_cerebellar_hemisphere,raw,ENSG00000222740.1,RNA5SP328,0.0,277.0,-0.9875,1.0001e-06,0.0,-17675.90193946968,0.0,-1.0,-1.0,-1.0,0.0,,,-1.0,2.2622286867796648e-187,0.0,277,True
brain_cerebellum,excluded_at_or_below_-1,ENSG00000222740.1,RNA5SP328,,,,,,,,,,,,,,,,,2,False
brain_cerebellum,raw,ENSG00000222740.1,RNA5SP328,0.051282053979956915,300.9564141635268,-0.9929154270676765,0.003619647552612537,1.8974358996464524,259.6518164294664,0.0,-1.0,-0.328342489234141,-0.995119329647732,0.056214414560101685,11.42311506928581,128.64920825851615,-0.328342489234141,298.04652953166556,0.0,266,True
brain_cortex,excluded_at_or_below_-1,ENSG00000222740.1,RNA5SP328,,,,,,,,,,,,,,,,,0,False
brain_cortex,raw,ENSG00000222740.1,RNA5SP328,0.0,270.0,-0.9875,1.0001e-06,0.0,-17675.90193946968,0.0,-1.0,-1.0,-1.0,0.0,,,-1.0,2.2050604528177237e-187,0.0,270,True
brain_frontal_cortex_ba9,excluded_at_or_below_-1,ENSG00000222740.1,RNA5SP328,,,,,,,,,,,,,,,,,1,False
brain_frontal_cortex_ba9,raw,ENSG00000222740.1,RNA5SP328,0.025641025653171327,281.26450455012724,-0.9960826731996855,0.0016243869881569688,0.974358975617258,294.31906997829117,0.0,-1.0,-0.6580233585676368,-0.9987287113701399,0.020850683824054854,16.30962082156674,264.0037313432836,-0.6580233585676368,280.5990018013076,0.0,269,True
brain_hippocampus,excluded_at_or_below_-1,ENSG00000222740.1,RNA5SP328,,,,,,,,,,,,,,,,,1,False
brain_hippocampus,raw,ENSG00000222740.1,RNA5SP328,0.025681358767374034,325.5071575902874,-0.9961669924020968,9.611482037566821e-06,0.9743590378029232,44498.12421014609,,-1.0,-0.6937424273077315,-0.9987989899110108,0.019178593134867448,15.87463186999542,250.00393700787438,-0.6937424273077315,0.0,0.0,255,True
brain_hypothalamus,excluded_at_or_below_-1,ENSG00000222740.1,RNA5SP328,,,,,,,,,,,,,,,,,1,False
brain_hypothalamus,raw,ENSG00000222740.1,RNA5SP328,0.025648648734744265,255.86567521367252,-0.9942583554957009,0.004112437277555903,1.0021999586903707,156.1032125733128,0.0,-1.0,-0.5403207836798234,-0.9982113649170421,0.02867400169520911,15.9375,252.00390625000006,-0.5403207836798234,253.805444658053,0.0,257,True
brain_nucleus_accumbens_basal_ganglia,excluded_at_or_below_-1,ENSG00000222740.1,RNA5SP328,,,,,,,,,,,,,,,,,4,False
brain_nucleus_accumbens_basal_ganglia,raw,ENSG00000222740.1,RNA5SP328,0.10256410256410256,343.407242760974,-0.9962483697290846,0.00118508661133577,5.589743589743589,404.3948625295201,0.0,-1.0,-0.6573724389449683,-0.9956733613972824,0.036580885706072916,8.423432374217139,69.7014252696399,-0.6573724389449683,328.1822818248886,0.0,285,True
brain_putamen_basal_ganglia,excluded_at_or_below_-1,ENSG00000222740.1,RNA5SP328,,,,,,,,,,,,,,,,,2,False
brain_putamen_basal_ganglia,raw,ENSG00000222740.1,RNA5SP328,0.05128205127959917,275.60122652508215,-0.9957828828304683,0.0019652449208744675,1.897435897743919,273.6303949737202,0.0,-1.0,-0.6155356852172484,-0.9972413186030502,0.031175139938635178,11.295372119588883,126.7517170385969,-0.6155356852172484,270.22683587395915,0.0,254,True
brain_spinal_cord_cervical_c-1,excluded_at_or_below_-1,ENSG00000222740.1,RNA5SP328,,,,,,,,,,,,,,,,,0,False
brain_spinal_cord_cervical_c-1,raw,ENSG00000222740.1,RNA5SP328,0.0,204.0,-0.9875,1.0001e-06,0.0,-17675.90193946968,0.0,-1.0,-1.0,-1.0,0.0,,,-1.0,1.6660456754622802e-187,0.0,204,True
brain_substantia_nigra,excluded_at_or_below_-1,ENSG00000222740.1,RNA5SP328,,,,,,,,,,,,,,,,,0,False
brain_substantia_nigra,raw,ENSG00000222740.1,RNA5SP328,0.0,183.0,-0.9875,1.0001e-06,0.0,-17675.90193946968,0.0,-1.0,-1.0,-1.0,0.0,,,-1.0,1.4945409735764572e-187,0.0,183,True
breast_mammary_tissue,excluded_at_or_below_-1,ENSG00000222740.1,RNA5SP328,,,,,,,,,,,,,,,,,9,False
breast_mammary_tissue,raw,ENSG00000222740.1,RNA5SP328,0.23076923076923034,506.6264578066912,-0.9904795264451358,0.003188285401203629,8.923076923076934,340.4697092156732,0.0,-1.0,-0.2229047892725919,-0.9910014455338825,0.07013664514847591,8.219730342259192,69.69164348858796,-0.2229047892725919,497.10205825080294,0.0,514,True
cells_cultured_fibroblasts,excluded_at_or_below_-1,ENSG00000222740.1,RNA5SP328,,,,,,,,,,,,,,,,,5,False
cells_cultured_fibroblasts,raw,ENSG00000222740.1,RNA5SP328,0.13157894736110828,722.1907958424513,-0.9897404871546447,0.004213693966511046,4.359476031302531,234.4748332848017,0.0,-1.0,-0.2911153172383357,-0.996025933322933,0.04645602671533498,12.181797191479161,152.96602391868032,-0.2911153172383357,715.9830143376439,0.0,652,True
cells_ebv-transformed_lymphocytes,excluded_at_or_below_-1,ENSG00000222740.1,RNA5SP328,,,,,,,,,,,,,,,,,0,False
cells_ebv-transformed_lymphocytes,raw,ENSG00000222740.1,RNA5SP328,0.0,327.0,-0.9875,1.0001e-06,0.0,-17675.90193946968,0.0,-1.0,-1.0,-1.0,0.0,,,-1.0,2.670573215079243e-187,0.0,327,True
cervix_ectocervix,excluded_at_or_below_-1,ENSG00000222740.1,RNA5SP328,,,,,,,,,,,,,,,,,0,False
cervix_ectocervix,raw,ENSG00000222740.1,RNA5SP328,0.0,24.0,-0.9875,1.0001e-06,0.0,-17675.90193946968,0.0,-1.0,-1.0,-1.0,0.0,,,-1.0,1.9600537358379766e-188,0.0,24,True
cervix_endocervix,excluded_at_or_below_-1,ENSG00000222740.1,RNA5SP328,,,,,,,,,,,,,,,,,0,False
cervix_endocervix,raw,ENSG00000222740.1,RNA5SP328,0.0,23.0,-0.9875,1.0001e-06,0.0,-17675.90193946968,0.0,-1.0,-1.0,-1.0,0.0,,,-1.0,1.878384830178061e-188,0.0,23,True
colon_sigmoid,excluded_at_or_below_-1,ENSG00000222740.1,RNA5SP328,,,,,,,,,,,,,,,,,0,False
colon_sigmoid,raw,ENSG00000222740.1,RNA5SP328,0.0,419.0,-0.9875,1.0001e-06,0.0,-17675.90193946968,0.0,-1.0,-1.0,-1.0,0.0,,,-1.0,3.4219271471504676e-187,0.0,419,True
colon_transverse,excluded_at_or_below_-1,ENSG00000222740.1,RNA5SP328,,,,,,,,,,,,,,,,,0,False
colon_transverse,raw,ENSG00000222740.1,RNA5SP328,0.0,479.0,-0.9875,1.0001e-06,0.0,-17675.90193946968,0.0,-1.0,-1.0,-1.0,0.0,,,-1.0,3.911940581109962e-187,0.0,479,True
esophagus_gastroesophageal_junction,excluded_at_or_below_-1,ENSG00000222740.1,RNA5SP328,,,,,,,,,,,,,,,,,5,False
esophagus_gastroesophageal_junction,raw,ENSG00000222740.1,RNA5SP328,0.12820512820512822,455.18221545982226,-0.9927861207390722,0.0008814300368070792,4.3589743589743595,955.8750605248015,0.0,-1.0,-0.3970225018641824,-0.994744889184913,0.049660821902518124,10.127231721553228,106.3487453893888,-0.3970225018641824,439.05721460402424,0.0,403,True
esophagus_mucosa,excluded_at_or_below_-1,ENSG00000222740.1,RNA5SP328,,,,,,,,,,,,,,,,,1,False
esophagus_mucosa,raw,ENSG00000222740.1,RNA5SP328,2.2496541090533273,577.4034991336611,-0.9938178421159772,0.005764808004110534,1360.6946873379118,120.41547154155467,0.0,-1.0,-0.5029640611660506,-0.9991904952136255,0.02005873803324203,24.718447186693794,609.0016313213699,-0.5029640611660506,574.9819088980774,0.0,614,True
esophagus_muscularis,excluded_at_or_below_-1,ENSG00000222740.1,RNA5SP328,,,,,,,,,,,,,,,,,1,False
esophagus_muscularis,raw,ENSG00000222740.1,RNA5SP328,1.8031182919601292,524.4630123582757,-0.9925444651003604,0.006928877988136442,1303.489178002023,120.72755076827941,0.0,-1.0,-0.4010450683075086,-0.9989323441502806,0.02528789703671846,23.62206141966201,556.0017857142846,-0.4010450683075086,522.1957823105839,0.0,561,True
fallopian_tube,excluded_at_or_below_-1,ENSG00000222740.1,RNA5SP328,,,,,,,,,,,,,,,,,0,False
fallopian_tube,raw,ENSG00000222740.1,RNA5SP328,0.0,29.0,-0.9875,1.0001e-06,0.0,-17675.90193946968,0.0,-1.0,-1.0,-1.0,0.0,,,-1.0,2.368398264137555e-188,0.0,29,True
heart_atrial_appendage,excluded_at_or_below_-1,ENSG00000222740.1,RNA5SP328,,,,,,,,,,,,,,,,,2,False
heart_atrial_appendage,raw,ENSG00000222740.1,RNA5SP328,0.051282051282051565,492.16173584865845,-0.9956986543123924,0.0015189712227906076,1.8974359040544968,346.2764191633099,0.0,-1.0,-0.6237718606268416,-0.9985044200002466,0.022776425462005468,15.27182675248114,233.09019551323135,-0.6237718606268416,490.22783430079664,0.0,461,True
heart_left_ventricle,excluded_at_or_below_-1,ENSG00000222740.1,RNA5SP328,,,,,,,,,,,,,,,,,1,False
heart_left_ventricle,raw,ENSG00000222740.1,RNA5SP328,0.9968458585024987,416.77774370415733,-0.9965306208555729,0.002960223405266412,1147.917839152256,131.0852471075472,0.0,-1.0,-0.7221437623942905,-0.9993852738106068,0.01306925805631211,21.1896724206605,447.0022172949002,-0.7221437623942905,414.4337613389148,0.0,452,True
kidney_cortex,excluded_at_or_below_-1,ENSG00000222740.1,RNA5SP328,,,,,,,,,,,,,,,,,0,False
kidney_cortex,raw,ENSG00000222740.1,RNA5SP328,0.0,104.0,-0.9875,1.0001e-06,0.0,-17675.90193946968,0.0,-1.0,-1.0,-1.0,0.0,,,-1.0,8.493566188631232e-188,0.0,104,True
kidney_medulla,excluded_at_or_below_-1,ENSG00000222740.1,RNA5SP328,,,,,,,,,,,,,,,,,0,False
kidney_medulla,raw,ENSG00000222740.1,RNA5SP328,0.0,11.0,-0.9875,1.0001e-06,0.0,-17675.90193946968,0.0,-1.0,-1.0,-1.0,0.0,,,-1.0,8.983579622590726e-189,0.0,11,True
liver,excluded_at_or_below_-1,ENSG00000222740.1,RNA5SP328,,,,,,,,,,,,,,,,,1,False
liver,raw,ENSG00000222740.1,RNA5SP328,0.025641025638938428,281.69537530478163,-0.9956665779177817,0.0019691440497970783,0.9743589745983796,277.13693091781465,0.0,-1.0,-0.6097824703010375,-0.998510620115653,0.02410771949507637,16.093595975344503,257.0038314176248,-0.6097824703010375,277.98588911378505,0.0,262,True
lung,excluded_at_or_below_-1,ENSG00000222740.1,RNA5SP328,,,,,,,,,,,,,,,,,2,False
lung,raw,ENSG00000222740.1,RNA5SP328,0.034777223938951156,571.1873363568724,-0.9916971974123315,0.007785127678833655,982.6946588966757,119.67830310587753,0.0,-1.0,-0.3328781230838613,-0.998174399006739,0.03239307313471844,18.362739879806856,345.9500424573495,-0.3328781230838613,568.7726289396717,0.0,604,True
minor_salivary_gland,excluded_at_or_below_-1,ENSG00000222740.1,RNA5SP328,,,,,,,,,,,,,,,,,2,False
minor_salivary_gland,raw,ENSG00000222740.1,RNA5SP328,0.05128205128276463,231.94510703932815,-0.9942355295732956,0.0027464507328539586,1.8974358987704334,292.11529994760673,0.0,-1.0,-0.4269377034424907,-0.9939390183297515,0.057556806496392235,9.383688092152562,86.2370076562801,-0.4269377034424907,231.9269794907184,0.0,181,True
muscle_skeletal,excluded_at_or_below_-1,ENSG00000222740.1,RNA5SP328,,,,,,,,,,,,,,,,,1,False
muscle_skeletal,raw,ENSG00000222740.1,RNA5SP328,2.6607592854828344,782.9946561366887,-0.9952986262956234,0.004611018893973163,1428.6731779121335,115.2837559779595,0.0,-1.0,-0.6194179310981016,-0.9995347407470636,0.013306739986121727,28.54822628448586,813.001223990209,-0.6194179310981016,780.6253729822167,0.0,818,True
nerve_tibial,excluded_at_or_below_-1,ENSG00000222740.1,RNA5SP328,,,,,,,,,,,,,,,,,0,False
nerve_tibial,raw,ENSG00000222740.1,RNA5SP328,0.0,670.0,-0.9875,1.0001e-06,0.0,-17675.90193946968,0.0,-1.0,-1.0,-1.0,0.0,,,-1.0,5.471816679214351e-187,0.0,670,True
ovary,excluded_at_or_below_-1,ENSG00000222740.1,RNA5SP328,,,,,,,,,,,,,,,,,7,False
ovary,raw,ENSG00000222740.1,RNA5SP328,0.17948717948717946,199.51367185390697,-0.9892326867898272,0.0010378992201656102,5.743589743593186,1189.1967166194665,0.0,-1.0,-0.1164745845893996,-0.9774330033250613,0.11916039809144188,5.324544867855233,27.818020486232463,-0.1164745845893996,166.37972876623647,0.0,193,True
pancreas,excluded_at_or_below_-1,ENSG00000222740.1,RNA5SP328,,,,,,,,,,,,,,,,,0,False
pancreas,raw,ENSG00000222740.1,RNA5SP328,0.0,362.0,-0.9875,1.0001e-06,0.0,-17675.90193946968,0.0,-1.0,-1.0,-1.0,0.0,,,-1.0,2.956414384888948e-187,0.0,362,True
pituitary,excluded_at_or_below_-1,ENSG00000222740.1,RNA5SP328,,,,,,,,,,,,,,,,,2,False
pituitary,raw,ENSG00000222740.1,RNA5SP328,0.0620471469659029,291.4801416962096,-0.992740309574655,0.006719746427469119,387.8443559928253,121.05389966137996,0.0,-1.0,-0.4175432308422422,-0.9967715844183013,0.04079378763036895,12.814596758601894,165.50715851249115,-0.4175432308422422,290.1584028394375,0.0,313,True
prostate,excluded_at_or_below_-1,ENSG00000222740.1,RNA5SP328,,,,,,,,,,,,,,,,,0,False
prostate,raw,ENSG00000222740.1,RNA5SP328,0.0,282.0,-0.9875,1.0001e-06,0.0,-17675.90193946968,0.0,-1.0,-1.0,-1.0,0.0,,,-1.0,2.3030631396096224e-187,0.0,282,True
skin_not_sun_exposed_suprapubic,excluded_at_or_below_-1,ENSG00000222740.1,RNA5SP328,,,,,,,,,,,,,,,,,4,False
skin_not_sun_exposed_suprapubic,raw,ENSG00000222740.1,RNA5SP328,-0.09253834685045725,601.4698657368615,-0.9927481231420269,0.0057261073273331626,2089.285736910867,141.53101947137108,0.0,-1.0,-0.4196933673383581,-0.9968593780864518,0.04010997578400048,12.774936531199222,162.4332935554377,-0.4196933673383581,597.4256295655916,0.0,651,True
skin_sun_exposed_lower_leg,excluded_at_or_below_-1,ENSG00000222740.1,RNA5SP328,,,,,,,,,,,,,,,,,0,False
skin_sun_exposed_lower_leg,raw,ENSG00000222740.1,RNA5SP328,0.0,754.0,-0.9875,1.0001e-06,0.0,-17675.90193946968,0.0,-1.0,-1.0,-1.0,0.0,,,-1.0,6.157835486757643e-187,0.0,754,True
small_intestine_terminal_ileum,excluded_at_or_below_-1,ENSG00000222740.1,RNA5SP328,,,,,,,,,,,,,,,,,0,False
small_intestine_terminal_ileum,raw,ENSG00000222740.1,RNA5SP328,0.0,207.0,-0.9875,1.0001e-06,0.0,-17675.90193946968,0.0,-1.0,-1.0,-1.0,0.0,,,-1.0,1.6905463471602549e-187,0.0,207,True
spleen,excluded_at_or_below_-1,ENSG00000222740.1,RNA5SP328,,,,,,,,,,,,,,,,,2,False
spleen,raw,ENSG00000222740.1,RNA5SP328,0.05128205128205243,316.2477569302236,-0.9933064130138782,0.002502041446803431,1.8974358994634837,341.2098161718992,0.0,-1.0,-0.3896344324639956,-0.9958364796026014,0.04899411713253823,11.701409159178144,135.39524842630303,-0.3896344324639956,306.6503716900478,0.0,277,True
stomach,excluded_at_or_below_-1,ENSG00000222740.1,RNA5SP328,,,,,,,,,,,,,,,,,1,False
stomach,raw,ENSG00000222740.1,RNA5SP328,0.026315789458651075,411.5481760849041,-0.9914309039689179,0.004837846565616199,0.9743824212008169,211.1027874080005,0.0,-1.0,-0.2692748433665455,-0.9982046064947581,0.03622070126787409,20.099812512911328,402.0024630541882,-0.2692748433665455,411.53262714422675,0.0,407,True
testis,excluded_at_or_below_-1,ENSG00000222740.1,RNA5SP328,,,,,,,,,,,,,,,,,3,False
testis,raw,ENSG00000222740.1,RNA5SP328,0.07692307692307754,466.01055439881,-0.9945057473278126,0.0022486969803346673,2.7692307741864743,313.10118201249225,0.0,-1.0,-0.4966533003824905,-0.9965445728236243,0.04053072019508235,11.651773694755557,134.0218067323353,-0.4966533003824905,452.34610197168735,0.0,414,True
thyroid,excluded_at_or_below_-1,ENSG00000222740.1,RNA5SP328,,,,,,,,,,,,,,,,,4,False
thyroid,raw,ENSG00000222740.1,RNA5SP328,0.10256410256410255,705.8182193489004,-0.9921381159860628,0.002204302827141558,3.589743591879313,420.3559852078967,0.0,-1.0,-0.3369387095790198,-0.9968567349597313,0.04144989319254865,13.395463183544159,181.51232270064955,-0.3369387095790198,703.9574661483335,0.0,684,True
uterus,excluded_at_or_below_-1,ENSG00000222740.1,RNA5SP328,,,,,,,,,,,,,,,,,1,False
uterus,raw,ENSG00000222740.1,RNA5SP328,0.02564102564180874,175.62153129439403,-0.9943052703281942,0.002499223312772996,0.9743589750051845,297.5964860304486,0.0,-1.0,-0.4683874772343651,-0.996525408347937,0.04297832516203503,12.24771729537257,148.0065789473682,-0.4683874772343651,171.81970751231307,0.0,153,True
vagina,excluded_at_or_below_-1,ENSG00000222740.1,RNA5SP328,,,,,,,,,,,,,,,,,0,False
vagina,raw,ENSG00000222740.1,RNA5SP328,0.0,170.0,-0.9875,1.0001e-06,0.0,-17675.90193946968,0.0,-1.0,-1.0,-1.0,0.0,,,-1.0,1.3883713962185667e-187,0.0,170,True
whole_blood,excluded_at_or_below_-1,ENSG00000222740.1,RNA5SP328,,,,,,,,,,,,,,,,,1,False
whole_blood,raw,ENSG00000222740.1,RNA5SP328,2.7272204591500437,767.7898787946625,-0.9950545242437988,0.004729395320503515,1401.4478146416927,117.91424823056815,0.0,-1.0,-0.6007271689986953,-0.9995027735603969,0.014090032228104973,28.28429328943524,798.001246882792,-0.6007271689986953,765.1126430701655,0.0,803,True
adipose_subcutaneous,excluded_at_or_below_-1,ENSG00000202147.1,RNA5SP329,0.15390710599417057,3.8449241093825237,-0.6097873079458419,0.005728258259549768,7.076924630973559,213.6359511816544,0.0,-0.7194700269521692,0.2555430314405034,-0.5208413095441673,0.2779390825765372,2.4803489146106017,4.561180343815344,0.2555430314405034,3.799495951176001,0.0,10,True
adipose_subcutaneous,raw,ENSG00000202147.1,RNA5SP329,0.2564102564102547,759.8593973573682,-0.9858030472515295,0.005405882272111936,25.435897435897466,324.744116079149,0.0,-1.0,0.2555430314405034,-0.9932890939712069,0.06442131897744134,13.094770691443253,213.43032622848733,0.2555430314405034,754.003030215098,0.0,714,True
adipose_visceral_omentum,excluded_at_or_below_-1,ENSG00000202147.1,RNA5SP329,,,,,,,,,,,,,,,,,4,False
adipose_visceral_omentum,raw,ENSG00000202147.1,RNA5SP329,0.1025641025629868,629.7358717268828,-0.9846163904161374,0.006587579928864798,3.5897435897525485,292.3533920673547,0.0,-1.0,0.3772015053808195,-0.9941482940203017,0.07870071456689343,15.064408668849097,237.73666268517294,0.3772015053808195,622.4515320928446,0.0,587,True
adrenal_gland,excluded_at_or_below_-1,ENSG00000202147.1,RNA5SP329,,,,,,,,,,,,,,,,,2,False
adrenal_gland,raw,ENSG00000202147.1,RNA5SP329,-0.06499016843265598,273.9984949573028,-0.995445512817817,0.004313469101170444,374.79979574989153,118.42397718247753,0.0,-1.0,-0.6342425233929656,-0.9978454205469681,0.026420498958630217,12.423903188193313,155.3911335262392,-0.6342425233929656,272.8447952022847,0.0,295,True
artery_aorta,excluded_at_or_below_-1,ENSG00000202147.1,RNA5SP329,,,,,,,,,,,,,,,,,7,False
artery_aorta,raw,ENSG00000202147.1,RNA5SP329,0.17948717948724302,648.5225726255271,-0.9927941542472611,0.003326504754553041,5.743589750891458,307.3046492641341,0.0,-1.0,-0.2699539806895786,-0.9915820444071182,0.07054961266524967,8.63281173042807,75.20780513558675,-0.2699539806895786,647.8544052449158,0.0,472,True
artery_coronary,excluded_at_or_below_-1,ENSG00000202147.1,RNA5SP329,,,,,,,,,,,,,,,,,2,False
artery_coronary,raw,ENSG00000202147.1,RNA5SP329,0.05128205128207357,301.09047068812697,-0.9954260820982394,0.0018132292333685844,1.897435900578647,321.6807926887495,0.0,-1.0,-0.5829841195578322,-0.9970257244917652,0.034402323687312414,11.483393472890727,130.1571021998934,-0.5829841195578322,292.9928337341333,0.0,268,True
artery_tibial,excluded_at_or_below_-1,ENSG00000202147.1,RNA5SP329,,,,,,,,,,,,,,,,,6,False
artery_tibial,raw,ENSG00000202147.1,RNA5SP329,0.15384615384615388,739.5590310657,-0.984140899924424,0.003674560940829853,7.076923079834263,513.5523155279687,0.0,-1.0,0.3502256553964169,-0.9936313371085612,0.0729637632078711,13.286271075392582,200.00237848007325,0.3502256553964169,739.2070868761941,0.0,691,True
bladder,excluded_at_or_below_-1,ENSG00000202147.1,RNA5SP329,,,,,,,,,,,,,,,,,0,False
bladder,raw,ENSG00000202147.1,RNA5SP329,0.0,77.0,-0.9875,1.0001e-06,0.0,-17675.90193946968,0.0,-1.0,-1.0,-1.0,0.0,,,-1.0,6.288505735813509e-188,0.0,77,True
brain_amygdala,excluded_at_or_below_-1,ENSG00000202147.1,RNA5SP329,,,,,,,,,,,,,,,,,1,False
brain_amygdala,raw,ENSG00000202147.1,RNA5SP329,0.025641025720852858,202.11082460019148,-0.9969909903140003,0.00144647355409683,0.9743589759904573,270.94363350686854,0.0,-1.0,-0.7198667914334953,-0.9984523027151022,0.020822137409691948,13.34187226574875,176.00555555555567,-0.7198667914334953,198.1690235216604,0.0,181,True
brain_anterior_cingulate_cortex_ba24,excluded_at_or_below_-1,ENSG00000202147.1,RNA5SP329,,,,,,,,,,,,,,,,,1,False
brain_anterior_cingulate_cortex_ba24,raw,ENSG00000202147.1,RNA5SP329,0.021797498724702036,220.39818618364626,-0.9970361659042372,0.002802102942897733,140.837980182999,118.75137425620716,0.0,-1.0,-0.7617438563621782,-0.9989774414436146,0.015608678941161792,15.16589299529797,228.00431034482787,-0.7617438563621782,219.49523488049843,0.0,233,True
brain_caudate_basal_ganglia,excluded_at_or_below_-1,ENSG00000202147.1,RNA5SP329,,,,,,,,,,,,,,,,,1,False
brain_caudate_basal_ganglia,raw,ENSG00000202147.1,RNA5SP329,0.025641025641025644,313.72981173375945,-0.9964870119535598,0.0008030623520808833,0.9743589743589748,513.5626227876542,0.0,-1.0,-0.7048600478445306,-0.9990162001594818,0.017039913082557354,17.233784972593956,295.00334448160527,-0.7048600478445306,311.74723839312793,0.0,300,True
brain_cerebellar_hemisphere,excluded_at_or_below_-1,ENSG00000202147.1,RNA5SP329,,,,,,,,,,,,,,,,,6,False
brain_cerebellar_hemisphere,raw,ENSG00000202147.1,RNA5SP329,0.15384615385016678,288.056637688107,-0.9908806486420355,0.0036865031020159545,7.07692307730246,304.45164682279676,0.0,-1.0,-0.197250909621044,-0.9903374637307467,0.06990780661561456,8.232459597514351,74.73119076667838,-0.197250909621044,286.60877155764064,0.0,277,True
brain_cerebellum,excluded_at_or_below_-1,ENSG00000202147.1,RNA5SP329,,,,,,,,,,,,,,,,,2,False
brain_cerebellum,raw,ENSG00000202147.1,RNA5SP329,0.0910319963120846,249.07339711504537,-0.9929262311629956,0.006255027723754506,224.49521460923873,126.4811976245846,0.0,-1.0,-0.43350336977572,-0.996734096720795,0.03930655605183546,12.786393014318456,169.36646072639766,-0.43350336977572,247.76695979863808,0.0,266,True
brain_cortex,excluded_at_or_below_-1,ENSG00000202147.1,RNA5SP329,,,,,,,,,,,,,,,,,3,False
brain_cortex,raw,ENSG00000202147.1,RNA5SP329,0.0769230769229879,292.8397490549605,-0.9806010530992207,0.005899593400672113,2.7692307692313,332.92534650944157,0.0,-1.0,0.4082444716797353,-0.989835407795724,0.1064082190346887,11.414446585298782,134.6275233035032,0.4082444716797353,289.91563506448665,0.0,270,True
brain_frontal_cortex_ba9,excluded_at_or_below_-1,ENSG00000202147.1,RNA5SP329,,,,,,,,,,,,,,,,,3,False
brain_frontal_cortex_ba9,raw,ENSG00000202147.1,RNA5SP329,0.07894021316017268,266.4728107408013,-0.9950360021956985,4.6713923256787765e-05,2.7693894539776096,11866.94323487288,,-1.0,-0.6030503146618517,-0.9961615867914804,0.03661199108994463,9.602580848959601,91.79341783005357,-0.6030503146618517,0.0,0.0,269,True
brain_hippocampus,excluded_at_or_below_-1,ENSG00000202147.1,RNA5SP329,,,,,,,,,,,,,,,,,1,False
brain_hippocampus,raw,ENSG00000202147.1,RNA5SP329,0.026315789483679294,299.55422721875505,-0.9960943758169577,0.0015300465543032827,0.9743811580545746,239.22012493936003,0.0,-1.0,-0.7372806169747084,-0.9989697279097047,0.016452125938934112,15.874631869995413,250.00393700787382,-0.7372806169747084,299.3313200135501,0.0,255,True
brain_hypothalamus,excluded_at_or_below_-1,ENSG00000202147.1,RNA5SP329,,,,,,,,,,,,,,,,,1,False
brain_hypothalamus,raw,ENSG00000202147.1,RNA5SP329,0.02564827898211074,255.86381592824054,-0.9954740961574856,0.0032421452543242297,1.002674172680572,156.07872570526985,0.0,-1.0,-0.6376569224930076,-0.9985901047567822,0.022602340175079928,15.937500000000018,252.00390625000034,-0.6376569224930076,253.80366811853676,0.0,257,True
brain_nucleus_accumbens_basal_ganglia,excluded_at_or_below_-1,ENSG00000202147.1,RNA5SP329,,,,,,,,,,,,,,,,,1,False
brain_nucleus_accumbens_basal_ganglia,raw,ENSG00000202147.1,RNA5SP329,0.025641025215147255,300.2673741294313,-0.996590443390667,0.0016580069245813222,0.974358975809523,256.47175016745234,0.0,-1.0,-0.6959060566396489,-0.9989330037075074,0.0180129706082841,16.792960463443002,280.0035211267596,-0.6959060566396489,298.0069102531373,0.0,285,True
brain_putamen_basal_ganglia,excluded_at_or_below_-1,ENSG00000202147.1,RNA5SP329,,,,,,,,,,,,,,,,,2,False
brain_putamen_basal_ganglia,raw,ENSG00000202147.1,RNA5SP329,0.052631578944786976,284.18091298699596,-0.9968861260014656,0.0017388132456190258,1.8975069409492742,239.32939564129472,0.0,-1.0,-0.7026242589969036,-0.997811547531061,0.024674444404147892,11.218874614340468,124.47919128299347,-0.7026242589969036,282.4692309440246,0.0,254,True
brain_spinal_cord_cervical_c-1,excluded_at_or_below_-1,ENSG00000202147.1,RNA5SP329,,,,,,,,,,,,,,,,,3,False
brain_spinal_cord_cervical_c-1,raw,ENSG00000202147.1,RNA5SP329,0.07692307692307274,295.9253253081264,-0.9918263407381558,0.004026610907927804,2.7692307692308273,297.186053298831,0.0,-1.0,-0.1456651697979863,-0.9906753087875232,0.07941115472234658,8.924775121661247,81.70140067251151,-0.1456651697979863,293.2468775734952,0.0,204,True
brain_substantia_nigra,excluded_at_or_below_-1,ENSG00000202147.1,RNA5SP329,,,,,,,,,,,,,,,,,1,False
brain_substantia_nigra,raw,ENSG00000202147.1,RNA5SP329,0.025641025573367306,209.63004535897844,-0.9965233046073426,0.001792447768768777,0.9743589745119954,259.25661652522774,0.0,-1.0,-0.6679279946815921,-0.9981853988780414,0.024547468981990703,13.416612631565929,178.00549450549465,-0.6679279946815921,208.15871600694737,0.0,183,True
breast_mammary_tissue,excluded_at_or_below_-1,ENSG00000202147.1,RNA5SP329,0.06913838937121089,3840126969559.342,-7.615949507787515,1.3325111406928976,9.176445170297292,10.095766053232927,0.0,-0.6380306877190134,1.8965605527071323,-0.25929915782906604,0.7073716191004227,2.632357134314155,5.594050314691172,1.8965605527071323,4.729558684936855,0.0,12,True
breast_mammary_tissue,raw,ENSG00000202147.1,RNA5SP329,0.31578947320679024,572.8057004441649,-0.9698271075024648,0.016572252138820295,22.310249374371736,244.60672394620346,0.0,-1.0,1.8965605527071323,-0.9827073733345307,0.15252309176204784,14.461830439407432,252.01040616822033,1.8965605527071323,570.0112434502989,0.0,514,True
cells_cultured_fibroblasts,excluded_at_or_below_-1,ENSG00000202147.1,RNA5SP329,,,,,,,,,,,,,,,,,1,False
cells_cultured_fibroblasts,raw,ENSG00000202147.1,RNA5SP329,2.3384956373861208,615.486183881137,-0.9944184117128578,0.005260675295688882,1380.6617683069264,119.26899825028367,0.0,-1.0,-0.5507545342543705,-0.9993109732120465,0.017593810282748562,25.47550855426266,647.0015360983103,-0.5507545342543705,613.0449479240198,0.0,652,True
cells_ebv-transformed_lymphocytes,excluded_at_or_below_-1,ENSG00000202147.1,RNA5SP329,,,,,,,,,,,,,,,,,5,False
cells_ebv-transformed_lymphocytes,raw,ENSG00000202147.1,RNA5SP329,0.12820487126162985,392.62778952495785,-0.9960299631826807,0.002217474255556385,4.358974363403086,250.45498534825052,0.0,-1.0,-0.6033187794110046,-0.9948131281442372,0.041997780028297634,8.08318539380046,64.34437785520144,-0.6033187794110046,392.6268676887709,0.0,327,True
cervix_ectocervix,excluded_at_or_below_-1,ENSG00000202147.1,RNA5SP329,,,,,,,,,,,,,,,,,0,False
cervix_ectocervix,raw,ENSG00000202147.1,RNA5SP329,0.0,24.0,-0.9875,1.0001e-06,0.0,-17675.90193946968,0.0,-1.0,-1.0,-1.0,0.0,,,-1.0,1.9600537358379766e-188,0.0,24,True
cervix_endocervix,excluded_at_or_below_-1,ENSG00000202147.1,RNA5SP329,,,,,,,,,,,,,,,,,0,False
cervix_endocervix,raw,ENSG00000202147.1,RNA5SP329,0.0,23.0,-0.9875,1.0001e-06,0.0,-17675.90193946968,0.0,-1.0,-1.0,-1.0,0.0,,,-1.0,1.878384830178061e-188,0.0,23,True
colon_sigmoid,excluded_at_or_below_-1,ENSG00000202147.1,RNA5SP329,,,,,,,,,,,,,,,,,7,False
colon_sigmoid,raw,ENSG00000202147.1,RNA5SP329,0.17948717948717946,599.9092822381593,-0.9934433075708133,0.0005341150004542006,5.743589743589743,1440.8803089027663,0.0,-1.0,-0.449256907920789,-0.9935432740912405,0.051579006834368744,8.29464450741511,69.75484200132983,-0.449256907920789,570.0764471844162,0.0,419,True
colon_transverse,excluded_at_or_below_-1,ENSG00000202147.1,RNA5SP329,,,,,,,,,,,,,,,,,7,False
colon_transverse,raw,ENSG00000202147.1,RNA5SP329,0.17948717948717952,622.8026889247018,-0.9961904325697098,0.0009247385687395526,11.743589743589741,519.8680192686405,0.0,-1.0,-0.6562544986607969,-0.9958772626120446,0.034089824237086536,8.244358462655745,66.9123648407836,-0.6562544986607969,592.2233553041623,0.0,479,True
esophagus_gastroesophageal_junction,excluded_at_or_below_-1,ENSG00000202147.1,RNA5SP329,,,,,,,,,,,,,,,,,7,False
esophagus_gastroesophageal_junction,raw,ENSG00000202147.1,RNA5SP329,0.17410103743918143,367.2916858441412,-0.9775104661906124,0.018811634090362482,821.8153378104594,133.59619749469687,0.0,-1.0,0.7995639799891228,-0.9857826356425315,0.12575487601211308,10.655617504445587,125.78496414818767,0.7995639799891228,365.08722801656376,0.0,403,True
esophagus_mucosa,excluded_at_or_below_-1,ENSG00000202147.1,RNA5SP329,,,,,,,,,,,,,,,,,3,False
esophagus_mucosa,raw,ENSG00000202147.1,RNA5SP329,2.055432728717358,568.378558630608,-0.9862230944136812,0.01204710278341228,1822.1640747356346,127.96918963841787,0.0,-1.0,0.103893717998333,-0.9970138634944561,0.04923767244943685,19.64692310613501,416.4105452780466,0.103893717998333,565.3768346667299,0.0,614,True
esophagus_muscularis,excluded_at_or_below_-1,ENSG00000202147.1,RNA5SP329,,,,,,,,,,,,,,,,,4,False
esophagus_muscularis,raw,ENSG00000202147.1,RNA5SP329,0.10256410262326139,608.9397655753813,-0.9956958855973663,0.0020762756973894524,3.5897435918289964,265.4173657433796,0.0,-1.0,-0.6060237449672214,-0.9973435172492247,0.03141166964661819,11.755854085232201,136.5061255280077,-0.6060237449672214,596.3628483546718,0.0,561,True
fallopian_tube,excluded_at_or_below_-1,ENSG00000202147.1,RNA5SP329,,,,,,,,,,,,,,,,,0,False
fallopian_tube,raw,ENSG00000202147.1,RNA5SP329,0.0,29.0,-0.9875,1.0001e-06,0.0,-17675.90193946968,0.0,-1.0,-1.0,-1.0,0.0,,,-1.0,2.368398264137555e-188,0.0,29,True
heart_atrial_appendage,excluded_at_or_below_-1,ENSG00000202147.1,RNA5SP329,,,,,,,,,,,,,,,,,5,False
heart_atrial_appendage,raw,ENSG00000202147.1,RNA5SP329,0.12820512821186913,500.441490582299,-0.9901286486747868,0.0038814815771809953,4.358974362097882,318.6865919579656,0.0,-1.0,-0.1154544350406341,-0.9954588455766039,0.05026362666023171,13.855171616540527,216.88650525422696,-0.1154544350406341,493.29295031593097,0.0,461,True
heart_left_ventricle,excluded_at_or_below_-1,ENSG00000202147.1,RNA5SP329,,,,,,,,,,,,,,,,,5,False
heart_left_ventricle,raw,ENSG00000202147.1,RNA5SP329,-0.3610338252983891,411.95305850967935,-0.9946499676105995,0.005160170313483864,1294.2301690019694,116.31419714551333,0.0,-1.0,-0.5702437229555624,-0.9968279378739523,0.031538094696941764,10.75020804070699,121.90817391172645,-0.5702437229555624,410.2936081753846,0.0,452,True
kidney_cortex,excluded_at_or_below_-1,ENSG00000202147.1,RNA5SP329,,,,,,,,,,,,,,,,,3,False
kidney_cortex,raw,ENSG00000202147.1,RNA5SP329,0.0769230769230769,104.57678649209157,-0.9930951905454988,0.0015707421738316507,2.7692307700383334,512.4570752353201,0.0,-1.0,-0.4239181144893018,-0.9862170733549187,0.08321364557459225,6.131767631802288,36.76319082077477,-0.4239181144893018,103.32117017377203,0.0,104,True
kidney_medulla,excluded_at_or_below_-1,ENSG00000202147.1,RNA5SP329,,,,,,,,,,,,,,,,,0,False
kidney_medulla,raw,ENSG00000202147.1,RNA5SP329,0.0,11.0,-0.9875,1.0001e-06,0.0,-17675.90193946968,0.0,-1.0,-1.0,-1.0,0.0,,,-1.0,8.983579622590726e-189,0.0,11,True
liver,excluded_at_or_below_-1,ENSG00000202147.1,RNA5SP329,,,,,,,,,,,,,,,,,3,False
liver,raw,ENSG00000202147.1,RNA5SP329,0.07692307692308323,372.9823083482461,-0.9957184973039365,0.0019468329799905858,2.7692307761417636,314.05458036092534,0.0,-1.0,-0.5633850571283348,-0.9956513888873522,0.0411551950170886,9.592840307261222,91.93425233934774,-0.5633850571283348,372.1514710674413,0.0,262,True
lung,excluded_at_or_below_-1,ENSG00000202147.1,RNA5SP329,,,,,,,,,,,,,,,,,9,False
lung,raw,ENSG00000202147.1,RNA5SP329,0.10502937799310283,590.6658429578292,-0.9689361006191501,0.023644746929663573,33.89538515950453,146.84494417937944,0.0,-1.0,1.4862175164877938,-0.9839465352257164,0.15876674555000064,12.05121489883982,157.4793129133738,1.4862175164877938,586.4145005471216,0.0,604,True
minor_salivary_gland,excluded_at_or_below_-1,ENSG00000202147.1,RNA5SP329,,,,,,,,,,,,,,,,,0,False
minor_salivary_gland,raw,ENSG00000202147.1,RNA5SP329,0.0,181.0,-0.9875,1.0001e-06,0.0,-17675.90193946968,0.0,-1.0,-1.0,-1.0,0.0,,,-1.0,1.478207192444474e-187,0.0,181,True
muscle_skeletal,excluded_at_or_below_-1,ENSG00000202147.1,RNA5SP329,,,,,,,,,,,,,,,,,5,False
muscle_skeletal,raw,ENSG00000202147.1,RNA5SP329,0.1282051282055179,862.6845188033296,-0.9949360522679022,0.002169702291610213,4.358974360310419,288.34557178679063,0.0,-1.0,-0.5525530455375468,-0.9978545272892544,0.027710411593030147,13.157413673763074,175.55771314527433,-0.5525530455375468,857.7109525068307,0.0,818,True
nerve_tibial,excluded_at_or_below_-1,ENSG00000202147.1,RNA5SP329,,,,,,,,,,,,,,,,,7,False
nerve_tibial,raw,ENSG00000202147.1,RNA5SP329,0.1794869820113645,732.3360760209221,-0.99409056173072,0.002781605001591511,11.743589752980611,273.08169447113386,0.0,-1.0,-0.4569684272849513,-0.9953922623280202,0.046093994971352865,10.216620709366758,104.43718142391748,-0.4569684272849513,714.5219388752103,0.0,670,True
ovary,excluded_at_or_below_-1,ENSG00000202147.1,RNA5SP329,,,,,,,,,,,,,,,,,3,False
ovary,raw,ENSG00000202147.1,RNA5SP329,0.07692307692307693,231.44201581138904,-0.9924700987730691,0.0016680569721943658,2.76923076923077,554.6425771411525,0.0,-1.0,-0.3382722870057451,-0.991232418879437,0.07128048865201948,8.231160334684699,67.33862250733239,-0.3382722870057451,228.03471020943417,0.0,193,True
pancreas,excluded_at_or_below_-1,ENSG00000202147.1,RNA5SP329,,,,,,,,,,,,,,,,,3,False
pancreas,raw,ENSG00000202147.1,RNA5SP329,0.07692307692307691,361.67749426450433,-0.9916756814754442,0.0012793835986189878,2.7692307692307696,736.8177636820745,0.0,-1.0,-0.3251055204283863,-0.9966301110780182,0.04106339704419064,13.978552890541925,209.70464535131381,-0.3251055204283863,321.7793718991239,0.0,362,True
pituitary,excluded_at_or_below_-1,ENSG00000202147.1,RNA5SP329,,,,,,,,,,,,,,,,,8,False
pituitary,raw,ENSG00000202147.1,RNA5SP329,0.20512820512881902,343.044533154744,-0.9931646279749538,0.003046477513619977,6.358974359384365,289.57255314820526,0.0,-1.0,-0.3693718040345489,-0.9881112341922544,0.07457526521252128,6.291656622298632,38.88347766725598,-0.3693718040345489,333.247837479023,0.0,313,True
prostate,excluded_at_or_below_-1,ENSG00000202147.1,RNA5SP329,,,,,,,,,,,,,,,,,2,False
prostate,raw,ENSG00000202147.1,RNA5SP329,-0.13730753672268556,263.96906728136247,-0.9876999133949871,0.010668232840041866,265.99548169985354,128.88354837798818,0.0,-1.0,-0.0154565832999538,-0.9945713498944169,0.0669492308059288,13.031028630185741,175.59370691356048,-0.0154565832999538,262.50881013758533,0.0,282,True
skin_not_sun_exposed_suprapubic,excluded_at_or_below_-1,ENSG00000202147.1,RNA5SP329,0.2551766668782349,2.7890861107190053,-0.6630185259502636,0.01081283928101866,9.02104704158963,36.45632852563704,0.0,-0.7533742327279489,-0.3842795634542066,-0.6175164637712982,0.08390809271917249,1.3305887215209287,2.045744473127928,-0.3842795634542066,2.7878952527290863,0.0,16,True
skin_not_sun_exposed_suprapubic,raw,ENSG00000202147.1,RNA5SP329,0.41025641025641024,859.053777034559,-0.9935031730471554,0.0021799627633731634,33.43589743589744,395.2233981607497,0.0,-1.0,-0.3842795634542066,-0.9905994829805541,0.060622137620117825,6.634119761566259,44.77246439353675,-0.3842795634542066,839.668437023193,0.0,651,True
skin_sun_exposed_lower_leg,excluded_at_or_below_-1,ENSG00000202147.1,RNA5SP329,0.039192177943692376,2.69270011150372,-0.5724187930783308,0.09383603870169666,13.697172575369832,18.464835631279676,0.0,-0.6612492863551735,0.6527618140216016,-0.4753193224907088,0.33138890256562537,3.1003950394641113,8.14835599872937,0.6527618140216016,2.6923411199989338,0.0,14,True
skin_sun_exposed_lower_leg,raw,ENSG00000202147.1,RNA5SP329,0.3589743587223633,751.5256621068366,-0.9804099622476571,0.008470815354459206,38.97435898155353,272.6601370751277,0.0,-1.0,0.6527618140216016,-0.9902579184547347,0.08318157630503609,12.767956653948529,213.37863438709792,0.6527618140216016,750.730412323551,0.0,754,True
small_intestine_terminal_ileum,excluded_at_or_below_-1,ENSG00000202147.1,RNA5SP329,,,,,,,,,,,,,,,,,5,False
small_intestine_terminal_ileum,raw,ENSG00000202147.1,RNA5SP329,0.1282051221465453,218.56577782551116,-0.992947968553696,0.0026268657738973186,6.358974431725354,268.03833985449586,0.0,-1.0,-0.4950735599145019,-0.9900014393766249,0.06411589885857617,6.334607388007038,38.8120690143543,-0.4950735599145019,215.57312521863037,0.0,207,True
spleen,excluded_at_or_below_-1,ENSG00000202147.1,RNA5SP329,0.115060921632094,0.7333212340055625,-0.6447897102388996,0.3287724323536827,9.335569190202833,7.641613371529709,0.0,-0.7759177301335529,1.1317112950607826,-0.22150755649123674,0.5805526502052863,1.295229085193182,0.6439442651483951,1.1317112950607826,0.7333191386348468,0.0,11,True
spleen,raw,ENSG00000202147.1,RNA5SP329,0.2820512820512821,283.21749705166536,-0.9733724497127603,7.460368762705673e-05,11.897435897435894,39904.70278992211,,-1.0,1.1317112950607826,-0.9690851376223957,0.1881665184617327,7.934316314908097,71.62371682139596,1.1317112950607826,0.0,0.0,277,True
stomach,excluded_at_or_below_-1,ENSG00000202147.1,RNA5SP329,,,,,,,,,,,,,,,,,5,False
stomach,raw,ENSG00000202147.1,RNA5SP329,0.1282051282058213,528.0256057320158,-0.9719966066895742,0.014045325817868838,4.358974359056365,281.86636552364865,0.0,-1.0,1.8273719230782983,-0.9876853204160047,0.15171494512651368,16.465055447626604,293.530227505285,1.8273719230782983,527.7558051175569,0.0,407,True
testis,excluded_at_or_below_-1,ENSG00000202147.1,RNA5SP329,,,,,,,,,,,,,,,,,7,False
testis,raw,ENSG00000202147.1,RNA5SP329,0.1794871794871795,444.92380597658655,-0.9909462497028415,0.0021928213966078986,5.743589743589743,495.13545153550103,0.0,-1.0,-0.2232095787828938,-0.991554007208629,0.06796170132321502,8.623040022115475,77.45826549283483,-0.2232095787828938,444.87080460226485,0.0,414,True
thyroid,excluded_at_or_below_-1,ENSG00000202147.1,RNA5SP329,,,,,,,,,,,,,,,,,8,False
thyroid,raw,ENSG00000202147.1,RNA5SP329,0.21049750330893918,621.992785583904,-0.9885220283547035,0.010698436659568392,2941.9174916945944,120.11727468243166,0.0,-1.0,-0.0798423995484362,-0.993488975168761,0.06276912753514621,10.502558582451782,118.45400505426413,-0.0798423995484362,619.1438815033581,0.0,684,True
uterus,excluded_at_or_below_-1,ENSG00000202147.1,RNA5SP329,,,,,,,,,,,,,,,,,6,False
uterus,raw,ENSG00000202147.1,RNA5SP329,0.15385112206382892,148.30761830897947,-0.9907852408889878,2.4543832333609562e-05,9.076923077885722,41956.59698642647,,-1.0,-0.2626238732411742,-0.9781272778407526,0.10981130568245864,4.939088127364816,23.221425856993655,-0.2626238732411742,0.0,0.0,153,True
vagina,excluded_at_or_below_-1,ENSG00000202147.1,RNA5SP329,,,,,,,,,,,,,,,,,0,False
vagina,raw,ENSG00000202147.1,RNA5SP329,0.0,170.0,-0.9875,1.0001e-06,0.0,-17675.90193946968,0.0,-1.0,-1.0,-1.0,0.0,,,-1.0,1.3883713962185667e-187,0.0,170,True
whole_blood,excluded_at_or_below_-1,ENSG00000202147.1,RNA5SP329,0.509018438982625,11.742497315620344,-0.4563280130658556,0.2770628401840337,58.278548806526004,9.170802181230751,0.0,-0.6782184903754493,1.3403514748850531,-0.3173827187792658,0.3141450638587863,2.3018951129350556,7.675662200299277,1.3403514748850531,11.742455488935304,0.0,120,True
whole_blood,raw,ENSG00000202147.1,RNA5SP329,3.076923091709501,778.5632960509515,-0.9723179002000293,0.004271801773799377,842.7692307692308,765.6273789645738,0.0,-1.0,1.3403514748850531,-0.8979899455211854,0.2719277963740419,3.2063484616208897,12.839746165176088,1.3403514748850531,773.8630291740175,0.0,803,True
adipose_subcutaneous,excluded_at_or_below_-1,ENSG00000252496.1,RNA5SP33,0.6429548085642259,8.822007367251063,-0.4850451606466624,0.12395815900301906,29.617601629415166,14.38088930018395,0.0,-0.797505796456484,0.7754635842176638,-0.3600827304050401,0.2794318597090107,1.6945306029472182,3.318910235482722,0.7754635842176638,8.822006762811714,0.0,75,True
adipose_subcutaneous,raw,ENSG00000252496.1,RNA5SP33,1.923076943525886,704.4252950847577,-0.9805346049345036,0.008605241127660665,324.76923077084086,288.5865041734968,0.0,-1.0,0.7754635842176638,-0.9327817994122941,0.21599465603200074,3.696271693057919,15.384132854791766,0.7754635842176638,688.9408595217485,0.0,714,True
adipose_visceral_omentum,excluded_at_or_below_-1,ENSG00000252496.1,RNA5SP33,0.1786421610919337,2.1778617635974618,-0.4846347102740464,0.25158138249296597,27.482694297798645,4.874583965074336,0.0,-0.7019576003589811,0.3825289244414795,-0.38517504174125367,0.2512013164819228,1.4974348195937779,2.0843362127915226,0.3825289244414795,2.1778465494303427,0.0,39,True
adipose_visceral_omentum,raw,ENSG00000252496.1,RNA5SP33,1.0000000026745497,620.0445587492084,-0.984106979108711,0.003922150825787139,68.00000004907947,492.769175759275,0.0,-1.0,0.3825289244414795,-0.9591513230458414,0.16606663532566532,4.608165819055674,23.44952631888419,0.3825289244414795,617.2541887193701,0.0,587,True
adrenal_gland,excluded_at_or_below_-1,ENSG00000252496.1,RNA5SP33,0.16715614790193753,1.9546260169355443,-0.6260578426801385,0.17455575740175097,18.709536733259696,5.662486733362252,0.0,-0.776477360776204,0.0728604019312448,-0.5422230999633164,0.1910043439834852,1.7599606961387373,3.2206013425722384,0.0728604019312448,1.9546248901512793,0.0,32,True
adrenal_gland,raw,ENSG00000252496.1,RNA5SP33,0.8308472707946448,258.29165830476325,-0.9865950177739131,0.010205579106485825,65.27801391823266,146.81148493812768,0.0,-1.0,0.0728604019312448,-0.9503428447417834,0.15550501198812802,3.535414379589239,13.803952137159396,0.0728604019312448,256.43262226046727,0.0,295,True
artery_aorta,excluded_at_or_below_-1,ENSG00000252496.1,RNA5SP33,0.17205621087143302,12.086801879964025,-0.9482028612882202,0.3835295139292088,13.85369620008433,5.025216101790539,0.0,-0.4666559381627647,0.4146172531468708,-0.22956559702574278,0.2717074393027869,1.3149769029143137,0.324880501491696,0.4146172531468708,2.498399271285055,0.0,21,True
artery_aorta,raw,ENSG00000252496.1,RNA5SP33,0.5384615384615384,516.8512025676437,-0.984478095201566,0.005827648113485255,45.69230769230769,339.52283634094465,0.0,-1.0,0.4146172531468708,-0.9657221981727555,0.16858891353965674,5.382718965865094,30.791866761943695,0.4146172531468708,501.5718483793228,0.0,472,True
artery_coronary,excluded_at_or_below_-1,ENSG00000252496.1,RNA5SP33,0.046930314726046474,2196978791423.7324,-9.29335481119467,1.6558174723054702,11.438837991312788,8.387450083685495,0.0,-0.5889404406618399,0.5270052575857305,-0.36726757709161123,0.2888812822669209,2.2730102697307952,4.73159524106564,0.5270052575857305,2.18782621669245,0.0,14,True
artery_coronary,raw,ENSG00000252496.1,RNA5SP33,0.3589791175864947,336.204138854536,-0.9809218991477081,1.782974573273972e-05,16.974358975242154,119605.24104431208,,-1.0,0.5270052575857305,-0.9669468137286662,0.15478621341224016,5.714942145746629,39.23044019717553,0.5270052575857305,0.0,0.0,268,True
artery_tibial,excluded_at_or_below_-1,ENSG00000252496.1,RNA5SP33,0.3803683726642106,2.9985431600367414,-0.4686400887564736,0.054273599209586174,23.497075738508947,15.74340021775472,0.0,-0.7014390403124834,0.1355480030199449,-0.37629689039314645,0.1957492973431743,0.9449343245245552,0.3276906609455934,0.1355480030199449,2.9982337174054203,0.0,29,True
artery_tibial,raw,ENSG00000252496.1,RNA5SP33,0.7435897436471476,733.7056169321825,-0.9874382337535893,0.00506324750759219,53.43589744115664,313.66082025855604,0.0,-1.0,0.1355480030199449,-0.9738243268037645,0.1312184257798965,5.3236133532188346,29.279739901476226,0.1355480030199449,719.4826568167525,0.0,691,True
bladder,excluded_at_or_below_-1,ENSG00000252496.1,RNA5SP33,,,,,,,,,,,,,,,,,3,False
bladder,raw,ENSG00000252496.1,RNA5SP33,,,,,,,,,,,,,,,,,77,False
brain_amygdala,excluded_at_or_below_-1,ENSG00000252496.1,RNA5SP33,,,,,,,,,,,,,,,,,0,False
brain_amygdala,raw,ENSG00000252496.1,RNA5SP33,0.0,181.0,-0.9875,1.0001e-06,0.0,-17675.90193946968,0.0,-1.0,-1.0,-1.0,0.0,,,-1.0,1.478207192444474e-187,0.0,181,True
brain_anterior_cingulate_cortex_ba24,excluded_at_or_below_-1,ENSG00000252496.1,RNA5SP33,,,,,,,,,,,,,,,,,4,False
brain_anterior_cingulate_cortex_ba24,raw,ENSG00000252496.1,RNA5SP33,0.10256410256410257,279.0971176916243,-0.994901641221504,0.0021608487372386737,3.589743592489822,313.9807595825046,0.0,-1.0,-0.5151544899336822,-0.9932858152541086,0.051548679247784085,7.727580159132479,59.27282256068168,-0.5151544899336822,275.62386284527804,0.0,233,True
brain_caudate_basal_ganglia,excluded_at_or_below_-1,ENSG00000252496.1,RNA5SP33,0.04500879928971875,0.6398285807892153,-0.654500201331929,0.11068366324607769,5.281198665886903,5.803020964903321,0.0,-0.773990951082155,-0.2003257856860425,-0.6067842014718698,0.15782772882551332,1.795740955315055,2.6394606649184036,-0.2003257856860425,0.6398259675876965,0.0,10,True
brain_caudate_basal_ganglia,raw,ENSG00000252496.1,RNA5SP33,0.2564102564102564,415.20542699554096,-0.9918768085565912,0.0031221940310354043,9.435897435897438,358.5370354073079,0.0,-1.0,-0.2003257856860425,-0.9868928067157291,0.07581956699954957,6.644392399032557,50.117472949451546,-0.2003257856860425,414.66095319217084,0.0,300,True
brain_cerebellar_hemisphere,excluded_at_or_below_-1,ENSG00000252496.1,RNA5SP33,0.1341736516876658,0.943795935244249,-0.4123505761816286,0.17352519977301292,15.35210177696003,5.558137829627495,0.0,-0.7228686286257997,0.2696376347316005,-0.38686636832508203,0.23012552471499753,1.1830524673132286,2.0862485112943663,0.2696376347316005,0.94378165843262,0.0,17,True
brain_cerebellar_hemisphere,raw,ENSG00000252496.1,RNA5SP33,0.4358974370695925,292.9301756194011,-0.9864109095477526,0.006560387031540974,27.589743590498877,270.7646481493643,0.0,-1.0,0.2696376347316005,-0.9623708601499148,0.15749354505990518,4.565153785013173,22.291368058687862,0.2696376347316005,287.80591160849576,0.0,277,True
brain_cerebellum,excluded_at_or_below_-1,ENSG00000252496.1,RNA5SP33,0.3424188861880777,2.3391125021424166,-0.43318952303715874,0.189099746662513,36.51219080741206,7.9125442925094305,0.0,-0.6692844322118968,0.6248261550607621,-0.29202672659400386,0.29746077022462164,1.2794063960475424,1.271423893972588,0.6248261550607621,2.3390885060944897,0.0,37,True
brain_cerebellum,raw,ENSG00000252496.1,RNA5SP33,,,,,,,,,,,,,,,,,266,False
brain_cortex,excluded_at_or_below_-1,ENSG00000252496.1,RNA5SP33,0.23076922969565433,8.984625250279015,-0.6651921306763328,0.004004958663058832,8.923076950958531,206.13560690149652,0.0,-0.6698822198491378,-0.0814298145805128,-0.5391473306445188,0.1636124993883608,1.5406576253804183,1.9602813326630617,-0.0814298145805128,8.957094066190992,0.0,15,True
brain_cortex,raw,ENSG00000252496.1,RNA5SP33,0.3846153846157054,294.12268896967225,-0.9900154246940874,0.003943069726902913,31.230769232812065,325.8715116379397,0.0,-1.0,-0.0814298145805128,-0.9743970739246953,0.11215292251635063,4.7869304884424375,24.587387734163805,-0.0814298145805128,283.6727670711036,0.0,270,True
brain_frontal_cortex_ba9,excluded_at_or_below_-1,ENSG00000252496.1,RNA5SP33,,,,,,,,,,,,,,,,,5,False
brain_frontal_cortex_ba9,raw,ENSG00000252496.1,RNA5SP33,0.12820512820627816,327.0654562343086,-0.9942084866615973,0.002676514762548146,4.358974361548307,294.1714486254493,0.0,-1.0,-0.4374649749921271,-0.9919970528079738,0.059195476043907624,7.490082641615561,55.9797234978655,-0.4374649749921271,325.9452788674274,0.0,269,True
brain_hippocampus,excluded_at_or_below_-1,ENSG00000252496.1,RNA5SP33,,,,,,,,,,,,,,,,,6,False
brain_hippocampus,raw,ENSG00000252496.1,RNA5SP33,0.15384615384614875,326.94459104616635,-0.9931737231746272,0.003137242486779348,5.076923076923139,302.2047185946787,0.0,-1.0,-0.3227732206582331,-0.9902933177586192,0.06689500145248621,7.575469850288201,60.76894782960218,-0.3227732206582331,326.884021257002,0.0,255,True
brain_hypothalamus,excluded_at_or_below_-1,ENSG00000252496.1,RNA5SP33,,,,,,,,,,,,,,,,,3,False
brain_hypothalamus,raw,ENSG00000252496.1,RNA5SP33,0.0769230769230773,259.2905319600746,-0.992149064748278,0.0008261267348032525,2.769230769230769,1078.0996509651468,0.0,-1.0,-0.3623665706885908,-0.9939042862442998,0.05798076350314495,9.810803782815317,97.05626912864916,-0.3623665706885908,205.23283587818912,0.0,257,True
brain_nucleus_accumbens_basal_ganglia,excluded_at_or_below_-1,ENSG00000252496.1,RNA5SP33,,,,,,,,,,,,,,,,,8,False
brain_nucleus_accumbens_basal_ganglia,raw,ENSG00000252496.1,RNA5SP33,0.20512819589735645,288.273307642127,-0.9933426455284899,0.002593274158631167,8.35897450440035,264.00514087064505,0.0,-1.0,-0.5092306784386107,-0.9891451196128311,0.06477226450868108,5.9398062557684534,34.21692380676791,-0.5092306784386107,287.8203218700099,0.0,285,True
brain_putamen_basal_ganglia,excluded_at_or_below_-1,ENSG00000252496.1,RNA5SP33,,,,,,,,,,,,,,,,,8,False
brain_putamen_basal_ganglia,raw,ENSG00000252496.1,RNA5SP33,0.20512821240114726,353.3700529204297,-0.9916053673561169,0.004819784675253829,6.358974361176451,262.75430189607323,0.0,-1.0,-0.0961117931673498,-0.9859402538669626,0.08559278701065745,7.129481370772983,57.248369263137505,-0.0961117931673498,346.8186369297523,0.0,254,True
brain_spinal_cord_cervical_c-1,excluded_at_or_below_-1,ENSG00000252496.1,RNA5SP33,,,,,,,,,,,,,,,,,2,False
brain_spinal_cord_cervical_c-1,raw,ENSG00000252496.1,RNA5SP33,0.05128205128363976,276.86144251591816,-0.9927226834139103,0.004017267924432765,3.8974358975669077,265.93572804452805,0.0,-1.0,-0.2372957106720725,-0.9925310527498346,0.07524669524973031,9.950392029766132,97.01043773433068,-0.2372957106720725,274.6167710430099,0.0,204,True
brain_substantia_nigra,excluded_at_or_below_-1,ENSG00000252496.1,RNA5SP33,,,,,,,,,,,,,,,,,3,False
brain_substantia_nigra,raw,ENSG00000252496.1,RNA5SP33,0.0769230769230777,228.5551954643965,-0.9949096783081963,0.0023222847020506346,2.7692307709878508,300.2291895746445,0.0,-1.0,-0.5019023471606265,-0.993594109439672,0.05079210973582418,8.10708420578739,66.28526051719338,-0.5019023471606265,228.12303285783295,0.0,183,True
breast_mammary_tissue,excluded_at_or_below_-1,ENSG00000252496.1,RNA5SP33,0.6100496199153801,4.984239016591074,-0.48226918953728987,0.14586187924612287,28.514620892417824,13.635102703533251,0.0,-0.7537098871610362,0.924054266103958,-0.28675628330562525,0.3395796241883972,1.4725652480150853,2.135946379578604,0.924054266103958,4.984224297443606,0.0,55,True
breast_mammary_tissue,raw,ENSG00000252496.1,RNA5SP33,1.4102564054102305,463.68829430673395,-0.9749028939677611,0.009094380029806755,165.43589743898826,295.2956618633834,0.0,-1.0,0.924054266103958,-0.9236801470463217,0.24666382270080503,3.7691856897739036,15.83805237933716,0.924054266103958,461.6758758063241,0.0,514,True
cells_cultured_fibroblasts,excluded_at_or_below_-1,ENSG00000252496.1,RNA5SP33,0.480630914417007,5.8233507524695645,-0.4490805527081019,0.1537249744945683,70.94427709023529,7.842948299568328,0.0,-0.8715878092296936,0.4034477070903888,-0.36237718519372625,0.22203674743839513,1.2013889676326872,1.8610643393914854,0.4034477070903888,5.8230826365861486,0.0,69,True
cells_cultured_fibroblasts,raw,ENSG00000252496.1,RNA5SP33,2.0277760465034373,571.0969031337485,-0.9824680287107882,0.013744763740380863,379.1790339122068,142.5983645042997,0.0,-1.0,0.4034477070903888,-0.9325215119300109,0.2090005353265816,3.2382204364879184,10.431334909607832,0.4034477070903888,567.2425444058614,0.0,652,True
cells_ebv-transformed_lymphocytes,excluded_at_or_below_-1,ENSG00000252496.1,RNA5SP33,0.46327035186080445,2.7867471108841055,-0.6758395108787721,0.15735166812387155,50.56325803558194,4.666718031555917,0.0,-0.6728806291735638,-0.1565997818403456,-0.5186779724730867,0.1388855732015962,1.0508961327436306,0.054224386727013574,-0.1565997818403456,2.7857098900552715,0.0,48,True
cells_ebv-transformed_lymphocytes,raw,ENSG00000252496.1,RNA5SP33,1.2307692238980337,304.9241823869616,-0.9897597787768724,0.0009897625661190125,112.92307712244197,1190.4533548025536,0.0,-1.0,-0.1565997818403456,-0.9293472253171503,0.178563388334978,2.4141068221566457,4.738662515053124,-0.1565997818403456,262.2879276833525,0.0,327,True
cervix_ectocervix,excluded_at_or_below_-1,ENSG00000252496.1,RNA5SP33,,,,,,,,,,,,,,,,,0,False
cervix_ectocervix,raw,ENSG00000252496.1,RNA5SP33,0.0,24.0,-0.9875,1.0001e-06,0.0,-17675.90193946968,0.0,-1.0,-1.0,-1.0,0.0,,,-1.0,1.9600537358379766e-188,0.0,24,True
cervix_endocervix,excluded_at_or_below_-1,ENSG00000252496.1,RNA5SP33,,,,,,,,,,,,,,,,,0,False
cervix_endocervix,raw,ENSG00000252496.1,RNA5SP33,0.0,23.0,-0.9875,1.0001e-06,0.0,-17675.90193946968,0.0,-1.0,-1.0,-1.0,0.0,,,-1.0,1.878384830178061e-188,0.0,23,True
colon_sigmoid,excluded_at_or_below_-1,ENSG00000252496.1,RNA5SP33,0.2509794081825553,1.1235877609783649,-0.5458401645293209,0.13331638011056693,16.23441502359916,7.6051077561609075,0.0,-0.7937731423744461,0.1710851028969342,-0.4249586701370672,0.24936523426514778,1.0755413237976037,0.5530753232697387,0.1710851028969342,1.123586734811599,0.0,21,True
colon_sigmoid,raw,ENSG00000252496.1,RNA5SP33,0.5384615384615385,463.6310618476163,-0.9867318950164173,0.003492353899533566,27.692307694174595,468.8529708898781,0.0,-1.0,0.1710851028969342,-0.9711793128230988,0.13695028208801252,5.386432420593189,31.555724391492312,0.1710851028969342,457.05648701890624,0.0,419,True
colon_transverse,excluded_at_or_below_-1,ENSG00000252496.1,RNA5SP33,-358.9659753368239,359.9181963453354,-0.7098901887301186,8.507211625278378,19.977683162646095,0.06440701078352819,0.0,-0.7467670614619685,-0.3224493626305393,-0.5703121060699424,0.11498496402564777,0.19367556255212762,-0.9371188386967835,-0.3224493626305393,0.7457440138982747,0.0,29,True
colon_transverse,raw,ENSG00000252496.1,RNA5SP33,1.9015134871530965,443.5196314103941,-0.9915537702092772,0.006782266514107761,118.70737234205116,139.51921910959447,0.0,-1.0,-0.3224493626305393,-0.9739854928518337,0.10629119067981263,4.1089326928476595,15.970843579421867,-0.3224493626305393,440.8369582775813,0.0,479,True
esophagus_gastroesophageal_junction,excluded_at_or_below_-1,ENSG00000252496.1,RNA5SP33,0.24041330468755842,2.2102801736420865,-0.5428144603641387,0.07859051706426667,11.248390333703469,9.16180152918616,0.0,-0.8342436715508192,-0.0336758560003855,-0.4881048878226302,0.17521764325363187,1.0115868579925882,1.255930822095543,-0.0336758560003855,2.210278387913532,0.0,25,True
esophagus_gastroesophageal_junction,raw,ENSG00000252496.1,RNA5SP33,0.6410256410256404,400.46125672630984,-0.9890573883626487,0.004662085704191647,42.974358975994924,289.8088122002404,0.0,-1.0,-0.0336758560003855,-0.9682447200882526,0.1308350540746629,4.386560347574043,19.862737670632082,-0.0336758560003855,398.21069643109996,0.0,403,True
esophagus_mucosa,excluded_at_or_below_-1,ENSG00000252496.1,RNA5SP33,0.07167405047784899,2.0558130363667324,-0.4634810949785432,0.18904077329107413,26.561552877946536,3.7082916577540406,0.0,-0.7937268735112962,0.0322137146471912,-0.4661384004335037,0.15512564116099808,0.579345965081863,1.4836091587839029,0.0322137146471912,2.0536635274457846,0.0,36,True
esophagus_mucosa,raw,ENSG00000252496.1,RNA5SP33,0.9230769259984577,623.2666959248812,-0.9856699943645771,0.005143791111645363,58.76923097165513,279.8529168387268,0.0,-1.0,0.0322137146471912,-0.968698668429326,0.1308832673366641,4.293530664234505,18.224146458222325,0.0322137146471912,616.3298205419364,0.0,614,True
esophagus_muscularis,excluded_at_or_below_-1,ENSG00000252496.1,RNA5SP33,0.14958377758332994,1.3990533274420898,-0.5109005787456828,0.2000086383660748,39.53672095464967,3.3275131650668635,0.0,-0.8219980397642186,-0.0402988287713519,-0.48282517872856406,0.16833998717751222,0.5541147377345363,0.283090942043394,-0.0402988287713519,1.3935298906219002,0.0,31,True
esophagus_muscularis,raw,ENSG00000252496.1,RNA5SP33,0.7948717948717946,556.767687683396,-0.9873026230833689,0.0031115450805312057,44.35897436219134,430.4181925290296,0.0,-1.0,-0.0402988287713519,-0.971421712193557,0.1245243457938359,4.561175441227304,20.91039619889,-0.0402988287713519,555.9401865562093,0.0,561,True
fallopian_tube,excluded_at_or_below_-1,ENSG00000252496.1,RNA5SP33,,,,,,,,,,,,,,,,,4,False
fallopian_tube,raw,ENSG00000252496.1,RNA5SP33,0.10256418373716503,46.1734075759238,-0.9954240367984035,0.003803288536747679,5.589743591069675,223.3349208430172,0.0,-1.0,-0.3948024850772013,-0.9354414540421229,0.16697477459816149,2.255257439617482,3.4310901780169116,-0.3948024850772013,45.45648540463645,0.0,29,True
heart_atrial_appendage,excluded_at_or_below_-1,ENSG00000252496.1,RNA5SP33,0.10714462162676552,0.7142098775473253,-0.7046149407841196,0.19790245892092648,16.708051765522953,3.554548378424515,0.0,-0.7999363943687534,-0.2071979429841653,-0.6050126001052488,0.16766355534318647,1.2285157788638483,0.8983870879726905,-0.2071979429841653,0.7129190766661905,0.0,17,True
heart_atrial_appendage,raw,ENSG00000252496.1,RNA5SP33,0.4358974358974359,568.6960084944784,-0.99010905886348,3.828389218197746e-05,17.589743589743588,28920.871288275343,,-1.0,-0.2071979429841653,-0.9854343041253563,0.08081416336437303,6.340712084757815,44.491357990981925,-0.2071979429841653,0.0,0.0,461,True
heart_left_ventricle,excluded_at_or_below_-1,ENSG00000252496.1,RNA5SP33,0.17788029921868795,0.7245673675405018,-0.6544631319638355,0.1609474884214521,13.080886276475187,3.7930380980342027,0.0,-0.80221636787456,-0.2227886157464392,-0.5901608818427174,0.1507156351975301,0.858849941903212,0.2312977555118687,-0.2227886157464392,0.7240212122318997,0.0,20,True
heart_left_ventricle,raw,ENSG00000252496.1,RNA5SP33,0.5128205129691333,474.59328138595725,-0.9913759795849254,0.0035359648930003884,19.743589747923416,307.3974733065463,0.0,-1.0,-0.2227886157464392,-0.981865525745253,0.08986694485727804,5.38610836635816,30.512478092505823,-0.2227886157464392,466.6774758307457,0.0,452,True
kidney_cortex,excluded_at_or_below_-1,ENSG00000252496.1,RNA5SP33,,,,,,,,,,,,,,,,,3,False
kidney_cortex,raw,ENSG00000252496.1,RNA5SP33,0.07692307402491695,106.22582864941371,-0.9949024273755268,0.0026379060898881054,2.7692307868932184,241.49895721706423,0.0,-1.0,-0.54443894230222,-0.9896538429576679,0.06228918750178023,6.125522131895895,36.93491309453849,-0.54443894230222,105.44775310652233,0.0,104,True
kidney_medulla,excluded_at_or_below_-1,ENSG00000252496.1,RNA5SP33,,,,,,,,,,,,,,,,,1,False
kidney_medulla,raw,ENSG00000252496.1,RNA5SP33,0.02564102812152881,13.713601854841883,-0.9962512680827713,0.002402269330039431,0.9743589744463342,238.17999675460294,0.0,-1.0,-0.5916642124528209,-0.9628785647684382,0.12311787234257002,2.8460498941515406,6.099999999999998,-0.5916642124528209,13.441229640474493,0.0,11,True
liver,excluded_at_or_below_-1,ENSG00000252496.1,RNA5SP33,,,,,,,,,,,,,,,,,2,False
liver,raw,ENSG00000252496.1,RNA5SP33,0.05263157894228937,297.1510998144072,-0.9948487851510269,0.0029607741257539066,1.8975069502494795,235.7558338708795,0.0,-1.0,-0.5012742703166922,-0.9967235231945415,0.03792040703541132,11.749168212956485,139.10185713696865,-0.5012742703166922,296.3311969638151,0.0,262,True
lung,excluded_at_or_below_-1,ENSG00000252496.1,RNA5SP33,0.28797972964994,3.343710935518726,-0.4797428325517011,0.11988063599822403,34.952763190882024,7.794090633206444,0.0,-0.7197610561017593,0.1809498428662199,-0.42905615423098925,0.1724050197374782,1.5233748043033348,3.053243819148711,0.1809498428662199,3.343634723328166,0.0,43,True
lung,raw,ENSG00000252496.1,RNA5SP33,1.1025640953919218,607.7739185835311,-0.9869106664462874,0.0058390026054769084,119.58974359107083,282.85724169407206,0.0,-1.0,0.1809498428662199,-0.959353335483332,0.15382083886922077,3.960606502645229,16.034900132425605,0.1809498428662199,598.8183673253149,0.0,604,True
minor_salivary_gland,excluded_at_or_below_-1,ENSG00000252496.1,RNA5SP33,0.3210629979425615,2.6554975571505812,-0.5152299582611036,0.014364291251325175,12.07347927903049,48.87689930630635,0.0,-0.6698615627858096,-0.0187830030223475,-0.42190683236351156,0.20298578389264724,0.8330170027549445,-0.5029680151717155,-0.0187830030223475,2.654446753060877,0.0,17,True
minor_salivary_gland,raw,ENSG00000252496.1,RNA5SP33,,,,,,,,,,,,,,,,,181,False
muscle_skeletal,excluded_at_or_below_-1,ENSG00000252496.1,RNA5SP33,0.0924410343851734,2.5031323707819344,-0.6397316352866783,0.13653037032114784,10.876215135890643,7.32824853423394,0.0,-0.7348115761564553,0.0677488420645997,-0.5720036333463502,0.15821254632329054,2.5541100181985055,7.564547041859388,0.0677488420645997,2.5031320580814733,0.0,29,True
muscle_skeletal,raw,ENSG00000252496.1,RNA5SP33,0.7435897435899164,885.6748807626733,-0.9883364292218583,0.004931130056791019,63.435897436743815,302.87785892382396,0.0,-1.0,0.0677488420645997,-0.9848265346785381,0.08443627037859981,6.477470858887838,49.98062837456331,0.0677488420645997,861.8496281811829,0.0,818,True
nerve_tibial,excluded_at_or_below_-1,ENSG00000252496.1,RNA5SP33,1.1785409595122853,14.676241287728311,-0.4141084814294382,0.09162249990550607,107.44685893656174,26.30638252433732,0.0,-0.7886986732867112,1.2902002555804204,-0.23365214867496029,0.32650581503755516,1.722346742944868,4.380841948445336,1.2902002555804204,14.676143646580543,0.0,93,True
nerve_tibial,raw,ENSG00000252496.1,RNA5SP33,2.4776827903848737,542.7360772978835,-0.9713802417569688,0.022825936622169703,1575.915230324638,140.11945554193028,0.0,-1.0,1.2902002555804204,-0.8936263430250317,0.29149464912628226,3.076789647292023,10.574065311048866,1.2902002555804204,539.1590507822729,0.0,670,True
ovary,excluded_at_or_below_-1,ENSG00000252496.1,RNA5SP33,0.1102585806684261,1.898195488001178,-0.5665415790684991,0.28461109394825196,15.182687226941702,6.657269556849683,0.0,-0.5093918773732571,0.7732368120423605,-0.22358800743781096,0.33967404307594756,1.839544725207866,2.707662540746126,0.7732368120423605,1.8231820290958618,0.0,16,True
ovary,raw,ENSG00000252496.1,RNA5SP33,0.4102564102564104,192.81306287387747,-0.978541862811017,0.002385850742613364,25.435897435897434,1038.3672021075313,0.0,-1.0,0.7732368120423605,-0.935634238958575,0.23469990333043247,4.230209087936357,20.175480596312905,0.7732368120423605,175.31774501537532,0.0,193,True
pancreas,excluded_at_or_below_-1,ENSG00000252496.1,RNA5SP33,0.40670003202053384,2.5752909777601745,-0.6513456927183392,0.07875381545971036,11.333374135533987,10.182360291232472,0.0,-0.8116408565514557,-0.0843169605271476,-0.5699436918258998,0.17572903874509402,1.3463467453241034,1.2312056412437853,-0.0843169605271476,2.575290860900921,0.0,36,True
pancreas,raw,ENSG00000252496.1,RNA5SP33,0.9473669696378648,324.347293873355,-0.9885572605886958,0.007364810339097627,53.329289428831686,173.635007164087,0.0,-1.0,-0.0843169605271476,-0.9572319693528519,0.14001218717239625,3.6116751881937046,13.708722848419495,-0.0843169605271476,321.0722428243592,0.0,362,True
pituitary,excluded_at_or_below_-1,ENSG00000252496.1,RNA5SP33,0.35176595614205114,2.0779654941397676,-0.45376584700130596,0.12059101357404862,32.04292842189786,8.71188167496248,0.0,-0.6999149431056003,0.2891026060193316,-0.3389475184732754,0.23647995975199382,1.0356043802422348,0.23642027517613506,0.2891026060193316,2.077962964824162,0.0,32,True
pituitary,raw,ENSG00000252496.1,RNA5SP33,1.3024160370147286,269.7832558072997,-0.9838938640483693,0.012800875331791483,160.5605177297876,140.63795062137115,0.0,-1.0,0.2891026060193316,-0.9324163597161177,0.21399478425744117,3.3107513514496936,10.699678929285163,0.2891026060193316,268.0032733150666,0.0,313,True
prostate,excluded_at_or_below_-1,ENSG00000252496.1,RNA5SP33,0.0699235460149932,4162643325728.8413,-12.518867610202937,2.226688937552246,14.629564376632207,8.397493303738505,0.0,-0.6632618777681311,0.7030430969937453,-0.3734137441251203,0.3385826703666398,2.240138302058399,4.959750749528317,0.7030430969937453,2.029489086144349,0.0,15,True
prostate,raw,ENSG00000252496.1,RNA5SP33,0.38461537797064577,378.1141454750174,-0.9843655789117071,0.009564708358549815,17.230769234588404,249.49597470981675,0.0,-1.0,0.7030430969937453,-0.9666709438364426,0.1598580025868316,6.24372713891501,48.43585029960476,0.7030430969937453,369.88616191938695,0.0,282,True
skin_not_sun_exposed_suprapubic,excluded_at_or_below_-1,ENSG00000252496.1,RNA5SP33,1.53707639160602,11.858934447090263,-0.5194776238452623,0.1311814655100416,140.68701027209167,14.216561113898985,0.0,-0.7206261749958571,0.7992406879102083,-0.3370441079152071,0.3034414877631891,1.2713232970043173,1.2106107003061801,0.7992406879102083,11.858598065848838,0.0,133,True
skin_not_sun_exposed_suprapubic,raw,ENSG00000252496.1,RNA5SP33,4.1975507673102435,504.1817012303605,-0.9775171883485241,0.016386978422262884,908.4980353892113,153.3360831332159,0.0,-1.0,0.7992406879102083,-0.8645573983912788,0.30042695023870875,2.3928490457460843,5.568117637983775,0.7992406879102083,500.2137054425707,0.0,651,True
skin_sun_exposed_lower_leg,excluded_at_or_below_-1,ENSG00000252496.1,RNA5SP33,1.1260965514462344,15.874373011269691,-0.4765139389237859,0.15879988369212789,149.48167084825883,14.330031352724882,0.0,-0.8081569227031552,1.132583422792019,-0.33014398704176495,0.29706040523144794,2.0722959837639765,6.008228145531817,1.132583422792019,15.873516707482967,0.0,137,True
skin_sun_exposed_lower_leg,raw,ENSG00000252496.1,RNA5SP33,3.6086854596036715,584.5368892875298,-0.973352198486391,0.021066965415470977,1976.579377072418,141.37027608681606,0.0,-1.0,1.132583422792019,-0.8782887615712491,0.28764903244962553,2.710629343825877,8.605438165647593,1.132583422792019,580.6258183010382,0.0,754,True
small_intestine_terminal_ileum,excluded_at_or_below_-1,ENSG00000252496.1,RNA5SP33,0.30149793429387384,2.3514566885053814,-0.4782997401357167,0.07060624869572601,26.77953447359448,11.920742120648148,0.0,-0.7275455603609724,0.1168571054794078,-0.4665063570964618,0.1978524410879909,1.6579270165510054,3.2237151832782036,0.1168571054794078,2.3514226019247673,0.0,26,True
small_intestine_terminal_ileum,raw,ENSG00000252496.1,RNA5SP33,0.779423333698751,177.53621414854527,-0.9860414450793132,0.009844798065993247,58.46035479423995,158.43230888701925,0.0,-1.0,0.1168571054794078,-0.9329911366401353,0.1901605477221167,3.0211085710179795,9.419282426908412,0.1168571054794078,176.0363301761194,0.0,207,True
spleen,excluded_at_or_below_-1,ENSG00000252496.1,RNA5SP33,0.4569479943616682,4.708734121560622,-0.43316097062378395,0.02069654985112633,23.155763354597973,53.93081331139144,0.0,-0.673672053417819,0.3560987253007919,-0.3985724653107942,0.2354481492600067,1.7484351300584497,3.251393939498649,0.3560987253007919,4.708416811986655,0.0,25,True
spleen,raw,ENSG00000252496.1,RNA5SP33,0.6410256410256395,276.7906833549512,-0.9850033695850096,0.006296026824073609,42.97435897457964,301.23835620626255,0.0,-1.0,0.3560987253007919,-0.9457195365803966,0.18608468539665513,3.816506577828779,15.952878453005198,0.3560987253007919,271.78054686563604,0.0,277,True
stomach,excluded_at_or_below_-1,ENSG00000252496.1,RNA5SP33,0.2667833972720155,2.1306077234111123,-0.5712969324504267,0.08509574561681357,24.405301805892446,10.767912229543471,0.0,-0.6956747098330217,0.0766275001026177,-0.47385599832789155,0.18759805585398362,1.556521786132501,1.855189896660077,0.0766275001026177,2.1305006941149056,0.0,27,True
stomach,raw,ENSG00000252496.1,RNA5SP33,0.6923076923076894,413.3171022671487,-0.9879856293201521,0.0049260037429199235,46.30769230811095,305.6413281200016,0.0,-1.0,0.0766275001026177,-0.9650960981691722,0.13943517886076562,4.362136641162632,20.277056569207407,0.0766275001026177,407.87243976133743,0.0,407,True
testis,excluded_at_or_below_-1,ENSG00000252496.1,RNA5SP33,0.9967314587196742,7.119921244894092,-0.5182549415020058,0.01697570115759022,55.91235673492601,46.61480197955185,0.0,-0.8068780098449166,0.0412920526572491,-0.44642687128667513,0.18103809979568672,0.6913886314283635,0.36778628006614866,0.0412920526572491,7.118543139837271,0.0,50,True
testis,raw,ENSG00000252496.1,RNA5SP33,1.3161382778823503,337.04633093054923,-0.9869919804996057,0.011053169260064772,786.3981840085283,131.5652724975649,0.0,-1.0,0.0412920526572491,-0.9331433419428353,0.19106951980873782,2.849854650341311,7.301927096381135,0.0412920526572491,335.108432359297,0.0,414,True
thyroid,excluded_at_or_below_-1,ENSG00000252496.1,RNA5SP33,0.16337080252815098,4.1510971509386945,-0.3971621024550407,0.18152306509482716,56.44428925132963,4.910327617678286,0.0,-0.7053539628156602,0.2331088435292774,-0.37089972458941206,0.17065453718786874,1.2577450250738837,2.8335748699848526,0.2331088435292774,4.1510473834006785,0.0,63,True
thyroid,raw,ENSG00000252496.1,RNA5SP33,1.6566023730002795,615.1834827591182,-0.9845888322976037,0.010091547734362365,220.7854507782252,170.64622923605305,0.0,-1.0,0.2331088435292774,-0.9420565535806037,0.18917430227675905,3.2671503150895838,10.081448736701544,0.2331088435292774,609.1617775226716,0.0,684,True
uterus,excluded_at_or_below_-1,ENSG00000252496.1,RNA5SP33,0.11780509689489574,2249682088644.237,-4.62484104042993,0.8000393996618684,8.997826745327373,8.55611588145433,0.0,-0.3753291603642142,0.2154673792896408,-0.21568523805453907,0.17323766190132697,1.459064501911857,1.4817825351944718,0.2154673792896408,1.256321739339414,0.0,11,True
uterus,raw,ENSG00000252496.1,RNA5SP33,,,,,,,,,,,,,,,,,153,False
vagina,excluded_at_or_below_-1,ENSG00000252496.1,RNA5SP33,0.2064085060868677,0.38384185312993996,-0.3770034389375058,0.14405746804020142,8.670701055127706,3.103997353996307,0.0,-0.6386392454708184,-0.0608178135713806,-0.3751080765221905,0.1535549518956693,0.22149881679962877,-0.40071566405709813,-0.0608178135713806,0.38073654649413985,0.0,15,True
vagina,raw,ENSG00000252496.1,RNA5SP33,,,,,,,,,,,,,,,,,170,False
whole_blood,excluded_at_or_below_-1,ENSG00000252496.1,RNA5SP33,0.11600660002673427,2.2867775686648097,-0.33766273836537514,0.1649456952000181,20.626082757415055,8.919473659133292,0.0,-0.4948102685173701,0.7026531111412733,-0.2287607572749983,0.2984518756661477,2.3446892356369404,4.775658583944426,0.7026531111412733,2.2867262099870858,0.0,25,True
whole_blood,raw,ENSG00000252496.1,RNA5SP33,0.6410256410256455,869.5911419115085,-0.9804698936788256,0.00523543630493081,56.97435897435897,454.6508145494853,0.0,-1.0,0.7026531111412733,-0.9759888156063199,0.14363058121733593,7.0224230154269165,57.893186158256384,0.7026531111412733,865.3206013823255,0.0,803,True
adipose_subcutaneous,excluded_at_or_below_-1,ENSG00000252905.1,RNA5SP330,0.07231244204299919,1.6372520974716815,-0.576222316278312,0.20547338219716718,11.224541432661407,6.0286910131033755,0.0,-0.6023207812351992,0.2996959789792863,-0.4119067488716631,0.2204234733450148,2.1542953470411357,4.295826164422783,0.2996959789792863,1.637242433600856,0.0,18,True
adipose_subcutaneous,raw,ENSG00000252905.1,RNA5SP330,0.46153846153924977,785.0870458679643,-0.9859053228285778,0.006182425828312524,29.692307692844178,294.07789875862323,0.0,-1.0,0.2996959789792863,-0.9851741197194538,0.09833390979999902,7.6615541592009455,67.94958593881569,0.2996959789792863,761.6620661613333,0.0,714,True
adipose_visceral_omentum,excluded_at_or_below_-1,ENSG00000252905.1,RNA5SP330,0.17287125563670383,0.36143587125090665,-0.46616881696462004,0.2185484568462084,14.442244990118567,3.2800729804712057,0.0,-0.6936875905931227,0.0407241356259493,-0.3933095902590095,0.2153259591681521,0.6760256721534642,-0.23491069517002705,0.0407241356259493,0.35976738804126174,0.0,14,True
adipose_visceral_omentum,raw,ENSG00000252905.1,RNA5SP330,0.35949383061727536,831.1510989609665,-0.987677685456033,0.0011251132342049296,14.9743694985397,1292.651938247867,0.0,-1.0,0.0407241356259493,-0.9855303820504703,0.09804291339978011,7.36071538821293,57.35855279993348,0.0407241356259493,814.4573069390759,0.0,587,True
adrenal_gland,excluded_at_or_below_-1,ENSG00000252905.1,RNA5SP330,,,,,,,,,,,,,,,,,5,False
adrenal_gland,raw,ENSG00000252905.1,RNA5SP330,0.12820512817205915,350.3954950706224,-0.9951499027944792,0.002572304812855103,4.358974359945433,259.92065982189854,0.0,-1.0,-0.5223817283057409,-0.993390720675339,0.05114655210144747,7.804222066687916,60.43071470592316,-0.5223817283057409,350.16530815482923,0.0,295,True
artery_aorta,excluded_at_or_below_-1,ENSG00000252905.1,RNA5SP330,,,,,,,,,,,,,,,,,6,False
artery_aorta,raw,ENSG00000252905.1,RNA5SP330,0.1538461565426504,505.55360634861097,-0.9902955186086603,0.004148728520311244,5.076923079621997,293.69384963944293,0.0,-1.0,-0.1287169829067743,-0.9916977079429324,0.07469181130616238,9.238971910227113,86.72012537801108,-0.1287169829067743,498.9019021607033,0.0,472,True
artery_coronary,excluded_at_or_below_-1,ENSG00000252905.1,RNA5SP330,,,,,,,,,,,,,,,,,7,False
artery_coronary,raw,ENSG00000252905.1,RNA5SP330,0.1794871794929854,318.60412995948053,-0.9896453627697966,0.005013279221006868,5.7435897439844865,281.36834002343477,0.0,-1.0,0.007783943537863,-0.9828593902740472,0.11342701571597165,7.028066033898314,50.1981413940034,0.007783943537863,317.748508867066,0.0,268,True
artery_tibial,excluded_at_or_below_-1,ENSG00000252905.1,RNA5SP330,,,,,,,,,,,,,,,,,5,False
artery_tibial,raw,ENSG00000252905.1,RNA5SP330,0.1315808896171768,672.6627156122959,-0.990499460033817,0.0077155860228278,181.5413633036091,137.68958651885822,0.0,-1.0,-0.239300435007374,-0.9958961413409371,0.04915138542505023,12.386788682816595,157.38865077294327,-0.239300435007374,668.459003315665,0.0,691,True
bladder,excluded_at_or_below_-1,ENSG00000252905.1,RNA5SP330,,,,,,,,,,,,,,,,,1,False
bladder,raw,ENSG00000252905.1,RNA5SP330,0.02564102572259473,85.4356499965115,-0.9957848078403317,0.0021644803496779566,0.9743589745383527,256.333002015649,0.0,-1.0,-0.6034623463686614,-0.9948501603424501,0.04518965959577959,8.603090020146066,72.01315789473688,-0.6034623463686614,84.36387175764285,0.0,77,True
brain_amygdala,excluded_at_or_below_-1,ENSG00000252905.1,RNA5SP330,,,,,,,,,,,,,,,,,2,False
brain_amygdala,raw,ENSG00000252905.1,RNA5SP330,0.05128205128200618,180.59175558590732,-0.9942552443004778,0.0021310004578964565,1.8974358974360817,311.9988779354877,0.0,-1.0,-0.5241213342366877,-0.9956302396948855,0.04231230155125999,9.913216925753822,99.38157629440272,-0.5241213342366877,179.25663485906847,0.0,181,True
brain_anterior_cingulate_cortex_ba24,excluded_at_or_below_-1,ENSG00000252905.1,RNA5SP330,,,,,,,,,,,,,,,,,3,False
brain_anterior_cingulate_cortex_ba24,raw,ENSG00000252905.1,RNA5SP330,0.07692307692308213,238.3601518091489,-0.9923575098069984,0.0025253473145279673,2.7692307698876677,359.5859271419212,0.0,-1.0,-0.3502484397128649,-0.9937738932974319,0.0569094805063413,9.601310201431101,94.51121583308749,-0.3502484397128649,238.26895801825364,0.0,233,True
brain_caudate_basal_ganglia,excluded_at_or_below_-1,ENSG00000252905.1,RNA5SP330,,,,,,,,,,,,,,,,,5,False
brain_caudate_basal_ganglia,raw,ENSG00000252905.1,RNA5SP330,0.1282051267418271,305.97645351601085,-0.9910437104162569,0.004310931172052618,4.3589743738039415,253.8656129177302,0.0,-1.0,-0.2171880401291938,-0.9916248101848997,0.06819847634016153,8.821215842013254,81.86178166847239,-0.2171880401291938,305.3716037372537,0.0,300,True
brain_cerebellar_hemisphere,excluded_at_or_below_-1,ENSG00000252905.1,RNA5SP330,,,,,,,,,,,,,,,,,2,False
brain_cerebellar_hemisphere,raw,ENSG00000252905.1,RNA5SP330,-0.19841006040045653,257.37652310135246,-0.9939119303073679,0.0056769629788131805,327.2295447269443,120.15928866025766,0.0,-1.0,-0.5115662284742184,-0.9970328813908882,0.03547417880085795,12.237362660990035,151.93473995261297,-0.5115662284742184,256.2249222720798,0.0,277,True
brain_cerebellum,excluded_at_or_below_-1,ENSG00000252905.1,RNA5SP330,,,,,,,,,,,,,,,,,4,False
brain_cerebellum,raw,ENSG00000252905.1,RNA5SP330,0.10256410256709027,307.77497675985114,-0.9915468249436633,0.0036327728986863396,3.5897435922331806,305.42494735180486,0.0,-1.0,-0.2069839407775008,-0.9892989391508836,0.08725820517989946,8.101023491217584,64.27109339448926,-0.2069839407775008,301.77367168695935,0.0,266,True
brain_cortex,excluded_at_or_below_-1,ENSG00000252905.1,RNA5SP330,,,,,,,,,,,,,,,,,4,False
brain_cortex,raw,ENSG00000252905.1,RNA5SP330,0.10256410256410226,394.07006297030614,-0.9949475784618781,0.002363910475619759,3.589743589743593,309.75000639438827,0.0,-1.0,-0.4771889425523969,-0.9941990882116281,0.04849465881488188,8.613698005915246,75.49802102467144,-0.4771889425523969,391.6789898362495,0.0,270,True
brain_frontal_cortex_ba9,excluded_at_or_below_-1,ENSG00000252905.1,RNA5SP330,,,,,,,,,,,,,,,,,3,False
brain_frontal_cortex_ba9,raw,ENSG00000252905.1,RNA5SP330,0.0769230769231829,356.1886087973056,-0.9956045835860498,0.001028329111471503,2.769230769230769,538.7026777721418,0.0,-1.0,-0.6038931329822405,-0.9959301653317687,0.03850504389758044,9.39081904679627,86.67884335478351,-0.6038931329822405,338.2823104529199,0.0,269,True
brain_hippocampus,excluded_at_or_below_-1,ENSG00000252905.1,RNA5SP330,,,,,,,,,,,,,,,,,2,False
brain_hippocampus,raw,ENSG00000252905.1,RNA5SP330,0.0512820512782995,288.61614676003694,-0.995035345083785,0.002347197143773137,1.897435897452001,277.40057866263396,0.0,-1.0,-0.5346283293107499,-0.996986796884263,0.03471263309722411,11.866912236611583,143.4496716581669,-0.5346283293107499,283.84114365155625,0.0,255,True
brain_hypothalamus,excluded_at_or_below_-1,ENSG00000252905.1,RNA5SP330,,,,,,,,,,,,,,,,,1,False
brain_hypothalamus,raw,ENSG00000252905.1,RNA5SP330,0.025648835997255343,255.86706829636444,-0.9933056381408507,0.004794456428356708,1.0018652602030387,156.1156188054145,0.0,-1.0,-0.4640436143114966,-0.9979145665926518,0.033432040793173766,15.937500000000002,252.0039062500001,-0.4640436143114966,253.80674956890587,0.0,257,True
brain_nucleus_accumbens_basal_ganglia,excluded_at_or_below_-1,ENSG00000252905.1,RNA5SP330,,,,,,,,,,,,,,,,,4,False
brain_nucleus_accumbens_basal_ganglia,raw,ENSG00000252905.1,RNA5SP330,0.10280807832053927,319.72017791472473,-0.9956453788829117,0.00041924570066155276,9.58974591118632,1201.150029422646,0.0,-1.0,-0.6395626774556084,-0.9950291920785124,0.04174159064637447,8.265460747649978,66.33598757531031,-0.6395626774556084,284.8374578018306,0.0,285,True
brain_putamen_basal_ganglia,excluded_at_or_below_-1,ENSG00000252905.1,RNA5SP330,,,,,,,,,,,,,,,,,5,False
brain_putamen_basal_ganglia,raw,ENSG00000252905.1,RNA5SP330,0.12820512819988783,299.14581314804053,-0.9948746512079428,0.002628932612826983,4.358974359408902,266.3436555494935,0.0,-1.0,-0.4997588208105431,-0.9925384108304849,0.05411149202939501,7.436100155680336,55.55546059248473,-0.4997588208105431,298.57804292140287,0.0,254,True
brain_spinal_cord_cervical_c-1,excluded_at_or_below_-1,ENSG00000252905.1,RNA5SP330,,,,,,,,,,,,,,,,,4,False
brain_spinal_cord_cervical_c-1,raw,ENSG00000252905.1,RNA5SP330,0.1025641025641026,219.4382552728082,-0.992742079187604,0.002063233788552334,5.589743589743589,427.5636258238502,0.0,-1.0,-0.3689581309730102,-0.9894907829200156,0.07570526040485549,7.2534028158874175,51.92838444934038,-0.3689581309730102,218.73944100820208,0.0,204,True
brain_substantia_nigra,excluded_at_or_below_-1,ENSG00000252905.1,RNA5SP330,,,,,,,,,,,,,,,,,2,False
brain_substantia_nigra,raw,ENSG00000252905.1,RNA5SP330,0.051763349813535774,179.67864571634982,-0.9944027625979477,0.004392029442249052,3.608612950282354,142.49805003496238,0.0,-1.0,-0.5518560017208792,-0.9957196897020818,0.04125821130558888,9.700717162320151,93.85703573962644,-0.5518560017208792,178.47443339580178,0.0,183,True
breast_mammary_tissue,excluded_at_or_below_-1,ENSG00000252905.1,RNA5SP330,0.128474681016513,0.9903980163385109,-0.5448949285761986,0.04289782519005867,4.63160219561634,17.983534873289408,0.0,-0.608467616873634,0.0006058047070884,-0.42159514307236945,0.19279335773938827,1.0677482297273677,0.14267122648273745,0.0006058047070884,0.9902704932666482,0.0,10,True
breast_mammary_tissue,raw,ENSG00000252905.1,RNA5SP330,0.25641025641007514,565.406325204472,-0.9891275931240038,0.004811865819428498,9.435897436090908,290.8839204731975,0.0,-1.0,0.0006058047070884,-0.9887469872193068,0.08394462717977594,8.108220882962842,70.303368872847,0.0006058047070884,549.1911274644762,0.0,514,True
cells_cultured_fibroblasts,excluded_at_or_below_-1,ENSG00000252905.1,RNA5SP330,,,,,,,,,,,,,,,,,8,False
cells_cultured_fibroblasts,raw,ENSG00000252905.1,RNA5SP330,0.20512820512820515,736.0505836099331,-0.9898515933335407,0.003177512623788339,10.35897435897436,398.22526342969496,0.0,-1.0,-0.0951028542987031,-0.9921638149754617,0.07167782656728769,9.402238456340934,90.1831281337623,-0.0951028542987031,722.9175610457902,0.0,652,True
cells_ebv-transformed_lymphocytes,excluded_at_or_below_-1,ENSG00000252905.1,RNA5SP330,,,,,,,,,,,,,,,,,4,False
cells_ebv-transformed_lymphocytes,raw,ENSG00000252905.1,RNA5SP330,0.10256410256410253,334.2235872853996,-0.9924347082635644,0.0013730914310424959,3.5897435897435894,636.5638581417425,0.0,-1.0,-0.3743806871586638,-0.9940055516091283,0.05492011612727165,9.360311177915515,88.51947191789759,-0.3743806871586638,322.9615396140496,0.0,327,True
cervix_ectocervix,excluded_at_or_below_-1,ENSG00000252905.1,RNA5SP330,,,,,,,,,,,,,,,,,0,False
cervix_ectocervix,raw,ENSG00000252905.1,RNA5SP330,0.0,24.0,-0.9875,1.0001e-06,0.0,-17675.90193946968,0.0,-1.0,-1.0,-1.0,0.0,,,-1.0,1.9600537358379766e-188,0.0,24,True
cervix_endocervix,excluded_at_or_below_-1,ENSG00000252905.1,RNA5SP330,,,,,,,,,,,,,,,,,3,False
cervix_endocervix,raw,ENSG00000252905.1,RNA5SP330,0.07692307692307691,24.379831524103572,-0.9918578600692083,0.001694043838145705,2.7692307692307696,587.8107742355112,0.0,-1.0,-0.2877370351929582,-0.9343843659970703,0.18236712102098981,2.6385796845107095,5.750496367441766,-0.2877370351929582,24.10167516579168,0.0,23,True
colon_sigmoid,excluded_at_or_below_-1,ENSG00000252905.1,RNA5SP330,0.14101454251042278,0.9976621164686857,-0.46522067465193406,0.16540559953120804,16.541041186860134,4.992210518370632,0.0,-0.6488092944593372,0.1186653774599408,-0.3997437531438426,0.1977371170419119,1.2076845927665898,0.9278687277272315,0.1186653774599408,0.9976533004348933,0.0,20,True
colon_sigmoid,raw,ENSG00000252905.1,RNA5SP330,0.512820512820514,455.97839388907477,-0.9878093779257388,0.0048832620133077865,23.743589751589255,320.4398210101232,0.0,-1.0,0.1186653774599408,-0.9713481505080593,0.13488504397313542,5.048559806906899,26.669397035705835,0.1186653774599408,441.3346987786159,0.0,419,True
colon_transverse,excluded_at_or_below_-1,ENSG00000252905.1,RNA5SP330,0.3131938272898057,0.9210180544050727,-0.5201422460544735,0.11632046100147768,25.650108936856842,6.304642583768235,0.0,-0.7217951469490593,-0.0015791723395892,-0.4250996676277536,0.19175598978232755,0.870474133301356,0.032597064057982905,-0.0015791723395892,0.9210099861959429,0.0,23,True
colon_transverse,raw,ENSG00000252905.1,RNA5SP330,0.589743589743567,458.49186624583194,-0.9871724717215978,0.0042287292330931495,41.435897435898475,329.6118843604806,0.0,-1.0,-0.0015791723395892,-0.9723951823704349,0.1297380406868627,5.007116785746135,25.80708910196302,-0.0015791723395892,451.94904261565455,0.0,479,True
esophagus_gastroesophageal_junction,excluded_at_or_below_-1,ENSG00000252905.1,RNA5SP330,,,,,,,,,,,,,,,,,8,False
esophagus_gastroesophageal_junction,raw,ENSG00000252905.1,RNA5SP330,0.2051282051282051,397.30598534322274,-0.9897120098725224,0.0029788556874958804,12.358974359128453,394.8628934454299,0.0,-1.0,-0.1579850294387953,-0.9892253987502175,0.07791336943085514,7.5517567274651185,59.0995751690663,-0.1579850294387953,388.41729594256867,0.0,403,True
esophagus_mucosa,excluded_at_or_below_-1,ENSG00000252905.1,RNA5SP330,0.43309280405408174,2.7357690557512635,-0.6005584248256481,0.04676189679916713,28.36178443634258,25.459568207410758,0.0,-0.6942792371257367,0.2412788568565742,-0.4411046783600791,0.22436517346426693,1.4394426639262852,1.714329256025449,0.2412788568565742,2.735768958507408,0.0,27,True
esophagus_mucosa,raw,ENSG00000252905.1,RNA5SP330,0.6923076923076917,763.5886822119868,-0.9869638354548234,0.004824657220379739,40.307692326940085,360.0250533893281,0.0,-1.0,0.2412788568565742,-0.975423169895313,0.12364628712240622,5.719968746629632,36.347946956875504,0.2412788568565742,751.7670303999677,0.0,614,True
esophagus_muscularis,excluded_at_or_below_-1,ENSG00000252905.1,RNA5SP330,,,,,,,,,,,,,,,,,6,False
esophagus_muscularis,raw,ENSG00000252905.1,RNA5SP330,-0.4112831123450042,510.0254413533606,-0.9913280349502196,0.008170786521793205,2104.787190096895,118.90764131181373,0.0,-1.0,-0.3043250399156754,-0.9952312344051947,0.049951032431785655,11.5819468195144,141.4470409998088,-0.3043250399156754,507.78445390940715,0.0,561,True
fallopian_tube,excluded_at_or_below_-1,ENSG00000252905.1,RNA5SP330,,,,,,,,,,,,,,,,,0,False
fallopian_tube,raw,ENSG00000252905.1,RNA5SP330,0.0,29.0,-0.9875,1.0001e-06,0.0,-17675.90193946968,0.0,-1.0,-1.0,-1.0,0.0,,,-1.0,2.368398264137555e-188,0.0,29,True
heart_atrial_appendage,excluded_at_or_below_-1,ENSG00000252905.1,RNA5SP330,,,,,,,,,,,,,,,,,3,False
heart_atrial_appendage,raw,ENSG00000252905.1,RNA5SP330,0.07692307692307693,472.7489503996263,-0.9952622370146075,0.0014890032338175253,2.7692307692498646,375.679061602879,0.0,-1.0,-0.5997156572847748,-0.9980378361753378,0.02518193099251345,13.504319919333813,188.34469096895762,-0.5997156572847748,471.98240340924673,0.0,461,True
heart_left_ventricle,excluded_at_or_below_-1,ENSG00000252905.1,RNA5SP330,,,,,,,,,,,,,,,,,9,False
heart_left_ventricle,raw,ENSG00000252905.1,RNA5SP330,0.23076923076873956,500.7644444597546,-0.9910312902760213,0.003982540089793354,8.923076923085938,291.2934898927434,0.0,-1.0,-0.1707251977174113,-0.9911561733542109,0.06913650848603925,9.104324832660518,90.04377930454316,-0.1707251977174113,487.11248895883926,0.0,452,True
kidney_cortex,excluded_at_or_below_-1,ENSG00000252905.1,RNA5SP330,,,,,,,,,,,,,,,,,1,False
kidney_cortex,raw,ENSG00000252905.1,RNA5SP330,0.025641025641025654,140.97457935653162,-0.9951063846840578,0.0009562175643299532,0.9743589743589743,635.1690943684252,0.0,-1.0,-0.5656381201204874,-0.9958234434626971,0.04259268656666308,10.050358637275796,99.00970873786413,-0.5656381201204874,135.93725719495197,0.0,104,True
kidney_medulla,excluded_at_or_below_-1,ENSG00000252905.1,RNA5SP330,,,,,,,,,,,,,,,,,0,False
kidney_medulla,raw,ENSG00000252905.1,RNA5SP330,0.0,11.0,-0.9875,1.0001e-06,0.0,-17675.90193946968,0.0,-1.0,-1.0,-1.0,0.0,,,-1.0,8.983579622590726e-189,0.0,11,True
liver,excluded_at_or_below_-1,ENSG00000252905.1,RNA5SP330,,,,,,,,,,,,,,,,,3,False
liver,raw,ENSG00000252905.1,RNA5SP330,0.07692307692307541,291.0814418583451,-0.9934064164301432,0.002645758777353354,2.7692307692307785,317.13904483952217,0.0,-1.0,-0.4000919172270434,-0.9946427574766967,0.051083873400579044,9.838167556826004,98.56979543307507,-0.4000919172270434,283.93875565320496,0.0,262,True
lung,excluded_at_or_below_-1,ENSG00000252905.1,RNA5SP330,0.400811270710441,6.572100676777665,-0.32008949050237384,0.019648459194048843,14.810768220859318,43.856860881976715,0.0,-0.6306262091679995,0.2892383821370339,-0.3357571008975195,0.16694180798343017,1.7144934850805553,6.017940619132149,0.2892383821370339,6.570224948913589,0.0,26,True
lung,raw,ENSG00000252905.1,RNA5SP330,0.6666666666666778,695.9392415327274,-0.9862255452475643,0.005415875259855785,68.6666667285484,333.05390133246584,0.0,-1.0,0.2892383821370339,-0.9714067626214165,0.13914337135359267,5.044904932783573,26.246870040918804,0.2892383821370339,678.5886953335499,0.0,604,True
minor_salivary_gland,excluded_at_or_below_-1,ENSG00000252905.1,RNA5SP330,,,,,,,,,,,,,,,,,5,False
minor_salivary_gland,raw,ENSG00000252905.1,RNA5SP330,0.1282051282051091,188.7603800613994,-0.9898719401264889,0.00308851027816245,4.358974358974546,336.28202376364266,0.0,-1.0,-0.2554634219303699,-0.9860490074513197,0.08767170605195194,6.659912272908153,45.24525706868396,-0.2554634219303699,188.08919255398544,0.0,181,True
muscle_skeletal,excluded_at_or_below_-1,ENSG00000252905.1,RNA5SP330,0.15377716797222352,2.765941831950259,-0.6082181121174165,0.023521306209906237,4.927933462616893,53.62297753742765,0.0,-0.667674735582019,0.2836432786249321,-0.4847672942272174,0.2662581201190781,2.436836609236371,4.681358042828108,0.2836432786249321,2.763534455994553,0.0,11,True
muscle_skeletal,raw,ENSG00000252905.1,RNA5SP330,0.28205128205322094,908.2877807276699,-0.9861082071468269,0.00625426119067287,13.897435898036576,287.11621041663244,0.0,-1.0,0.2836432786249321,-0.9930714428319064,0.0662861458222083,12.463956227627845,192.2565601650806,0.2836432786249321,883.8009278734975,0.0,818,True
nerve_tibial,excluded_at_or_below_-1,ENSG00000252905.1,RNA5SP330,,,,,,,,,,,,,,,,,6,False
nerve_tibial,raw,ENSG00000252905.1,RNA5SP330,0.15384615384615385,678.3620620171887,-0.9865471695917248,0.004468421501260857,7.076923076923078,352.9974060892801,0.0,-1.0,0.1288014886489874,-0.9936834380799805,0.0690101371702197,11.814873358645103,150.5544612293091,0.1288014886489874,676.0428855769358,0.0,670,True
ovary,excluded_at_or_below_-1,ENSG00000252905.1,RNA5SP330,0.04952278392343544,0.5242340363675042,-0.6038494320910496,0.33976417985925134,6.052039852480075,3.4185691550251867,0.0,-0.6252019882337041,0.2174602881326912,-0.3693598486202421,0.24210213375213202,1.426588964111757,1.5269414456644936,0.2174602881326912,0.5227138717188367,0.0,10,True
ovary,raw,ENSG00000252905.1,RNA5SP330,0.2564102566274548,203.82385175687412,-0.9867946986137678,0.0060922462763647305,9.435897436083648,279.54774931201655,0.0,-1.0,0.2174602881326912,-0.9673243444880953,0.14962670895787228,5.067559674245644,27.811737310570194,0.2174602881326912,198.294105623732,0.0,193,True
pancreas,excluded_at_or_below_-1,ENSG00000252905.1,RNA5SP330,,,,,,,,,,,,,,,,,5,False
pancreas,raw,ENSG00000252905.1,RNA5SP330,0.12820512820714827,462.52866119394474,-0.9950368141553442,0.002315135536557233,6.358974372600874,297.12610173413066,0.0,-1.0,-0.5086271124911139,-0.9943237638368234,0.049255463049656514,8.86007840317983,78.44520133423438,-0.5086271124911139,462.3818214183711,0.0,362,True
pituitary,excluded_at_or_below_-1,ENSG00000252905.1,RNA5SP330,,,,,,,,,,,,,,,,,5,False
pituitary,raw,ENSG00000252905.1,RNA5SP330,0.12820512820552024,449.3290522947974,-0.9932332263690127,0.003386428712315963,4.358974362249783,292.8102827549669,0.0,-1.0,-0.2920794719679651,-0.9918511606853566,0.06623933712602587,8.449540516245461,72.70126299093621,-0.2920794719679651,445.2284149649128,0.0,313,True
prostate,excluded_at_or_below_-1,ENSG00000252905.1,RNA5SP330,0.2315202018505956,1.0085327695678377,-0.4994759464542221,0.12081031286780286,11.683694261096536,12.540519389716401,0.0,-0.6298167440985483,0.5718078478081723,-0.24128244431401463,0.3571936007169596,0.9607409627023369,-0.1519664567832737,0.5718078478081723,1.0085325789495085,0.0,16,True
prostate,raw,ENSG00000252905.1,RNA5SP330,0.41025641031196014,297.64101803038176,-0.9830547410340759,0.008005907695281556,15.43589743629356,274.6606436723246,0.0,-1.0,0.5718078478081723,-0.9569521954220719,0.19423788744002324,5.151081622701746,28.49273518557923,0.5718078478081723,291.0182868884522,0.0,282,True
skin_not_sun_exposed_suprapubic,excluded_at_or_below_-1,ENSG00000252905.1,RNA5SP330,0.23177597112507675,0.7348133220969069,-0.36762015105592977,0.03149027721293056,11.167370758710552,12.493042845407599,0.0,-0.6906433413793419,-0.0894377089537973,-0.43687781549639265,0.16875213515877596,0.3709505783309411,-0.26525375517660255,-0.0894377089537973,0.734793761037738,0.0,12,True
skin_not_sun_exposed_suprapubic,raw,ENSG00000252905.1,RNA5SP330,0.3076923076852028,697.3268850515915,-0.9899759131205303,0.004582009678985827,16.3076923083212,277.9464538472103,0.0,-1.0,-0.0894377089537973,-0.9896198675667537,0.0789194901955689,8.03132532852342,66.83891024128008,-0.0894377089537973,684.8015729106367,0.0,651,True
skin_sun_exposed_lower_leg,excluded_at_or_below_-1,ENSG00000252905.1,RNA5SP330,,,,,,,,,,,,,,,,,10,False
skin_sun_exposed_lower_leg,raw,ENSG00000252905.1,RNA5SP330,0.25641025641025633,754.2517476398294,-0.9919892840858817,0.0015475189372172894,15.435897435897985,591.7331263417401,0.0,-1.0,-0.344478721921544,-0.9932945763455967,0.05880725591126918,8.914311035391233,79.68882714855098,-0.344478721921544,716.5983462625218,0.0,754,True
small_intestine_terminal_ileum,excluded_at_or_below_-1,ENSG00000252905.1,RNA5SP330,,,,,,,,,,,,,,,,,5,False
small_intestine_terminal_ileum,raw,ENSG00000252905.1,RNA5SP330,0.12820512820513416,245.48929159796674,-0.9908416026412654,0.0035893740362864988,4.3589743606319935,335.10375051048845,0.0,-1.0,-0.140324584881785,-0.9859843066394874,0.09351846922280604,7.028861648488753,50.58083482638909,-0.140324584881785,239.84780336644897,0.0,207,True
spleen,excluded_at_or_below_-1,ENSG00000252905.1,RNA5SP330,0.3437614599072355,94267.42054988562,-15.512246936061638,4.429960156852961,30.033258160103376,5.21073683951464,0.0,-0.6487007242953275,0.8101510390795235,-0.07336994125745,0.42087358307001943,0.42008014942550226,-0.9723514590007039,0.8101510390795235,1.0971071042376217,0.0,33,True
spleen,raw,ENSG00000252905.1,RNA5SP330,0.8461538461538461,244.93210288243193,-0.97777770620024,0.004739740932782936,43.07692307692308,533.4707352131031,0.0,-1.0,0.8101510390795235,-0.8896072493194797,0.3331223452694166,3.189633405588961,9.561375266818407,0.8101510390795235,232.79310035985452,0.0,277,True
stomach,excluded_at_or_below_-1,ENSG00000252905.1,RNA5SP330,0.06302178581013246,1.199684218664254,-0.5681853349051479,0.195260180079447,11.767014707406695,5.847324684889988,0.0,-0.6195631091844045,0.2391535998443696,-0.41791716952418184,0.2272462468606625,1.9425954248545039,2.977799394300461,0.2391535998443696,1.1996824909392954,0.0,15,True
stomach,raw,ENSG00000252905.1,RNA5SP330,0.38461538461559636,557.7991867513213,-0.9877670066483311,0.005475352865408257,29.230769235045283,316.89788846652255,0.0,-1.0,0.2391535998443696,-0.9785473158301295,0.11763232492543234,6.308024874156696,45.294122755615945,0.2391535998443696,557.201820228981,0.0,407,True
testis,excluded_at_or_below_-1,ENSG00000252905.1,RNA5SP330,0.26714113543876244,2.4364312101391286,-0.5297496856212606,0.13291257225003034,30.04214883340539,5.951444231194969,0.0,-0.7779781927892497,0.0295871659101079,-0.4794470996505356,0.16588017481482698,1.1448979812467368,1.345728178136076,0.0295871659101079,2.436427555041229,0.0,39,True
testis,raw,ENSG00000252905.1,RNA5SP330,1.1799518436169514,361.28767031436774,-0.9871479793950754,0.010716164938714492,236.24078729523316,134.1786581351796,0.0,-1.0,0.0295871659101079,-0.950962407938094,0.1603425103730099,3.363323624031086,11.013337132248928,0.0295871659101079,359.1778038972953,0.0,414,True
thyroid,excluded_at_or_below_-1,ENSG00000252905.1,RNA5SP330,0.12910095555674247,1.7337888581944334,-0.3338813467031929,0.19477087831100598,25.20715906276859,5.169719056718397,0.0,-0.6612458640309387,0.3781120523761931,-0.29240814780202135,0.21040210617486702,1.2265541054803342,2.3238117197640573,0.3781120523761931,1.733770768277705,0.0,28,True
thyroid,raw,ENSG00000252905.1,RNA5SP330,0.71794871794872,800.8563171249356,-0.9857764314626937,0.006704226648988783,53.89743591189249,287.7035178547197,0.0,-1.0,0.3781120523761931,-0.9710342516644103,0.14640940562322902,5.355492127132815,29.981921810643264,0.3781120523761931,797.7277204115853,0.0,684,True
uterus,excluded_at_or_below_-1,ENSG00000252905.1,RNA5SP330,,,,,,,,,,,,,,,,,4,False
uterus,raw,ENSG00000252905.1,RNA5SP330,0.10256410281235691,168.66257638021088,-0.9919607315819069,0.00357218679611311,3.589743590307294,291.3770324935343,0.0,-1.0,-0.2559663840114882,-0.9863130709992074,0.08743258859245656,6.696750299199563,45.65310170666122,-0.2559663840114882,164.1765474483091,0.0,153,True
vagina,excluded_at_or_below_-1,ENSG00000252905.1,RNA5SP330,,,,,,,,,,,,,,,,,6,False
vagina,raw,ENSG00000252905.1,RNA5SP330,0.15384615384696101,188.24382655901084,-0.9891795122494256,0.004391354112228848,7.076923077443856,317.4417931438406,0.0,-1.0,-0.0034731374807319,-0.9777897690638547,0.12276875296185175,5.892880514370007,35.77850614073785,-0.0034731374807319,181.71461605590403,0.0,170,True
whole_blood,excluded_at_or_below_-1,ENSG00000252905.1,RNA5SP330,,,,,,,,,,,,,,,,,1,False
whole_blood,raw,ENSG00000252905.1,RNA5SP330,2.6614437443982633,767.822519364676,-0.9935463585379418,0.00650871106749989,1499.1153271974147,112.53132774975133,0.0,-1.0,-0.4756373822329652,-0.9993469954946861,0.018504354942014238,28.284293289435254,798.0012468827924,-0.4756373822329652,765.9003081285201,0.0,803,True
adipose_subcutaneous,excluded_at_or_below_-1,ENSG00000201856.1,RNA5SP331,,,,,,,,,,,,,,,,,1,False
adipose_subcutaneous,raw,ENSG00000201856.1,RNA5SP331,2.4935120144994745,677.8521384491225,-0.9956951977046734,0.0034090462623667327,1311.7888168777524,141.1949946657295,0.0,-1.0,-0.6553362295567569,-0.9995172776324324,0.012898717427834711,26.6646095513237,709.0014025245436,-0.6553362295567569,673.3911272595889,0.0,714,True
adipose_visceral_omentum,excluded_at_or_below_-1,ENSG00000201856.1,RNA5SP331,,,,,,,,,,,,,,,,,0,False
adipose_visceral_omentum,raw,ENSG00000201856.1,RNA5SP331,0.0,587.0,-0.9875,1.0001e-06,0.0,-17675.90193946968,0.0,-1.0,-1.0,-1.0,0.0,,,-1.0,4.793964762237051e-187,0.0,587,True
adrenal_gland,excluded_at_or_below_-1,ENSG00000201856.1,RNA5SP331,,,,,,,,,,,,,,,,,0,False
adrenal_gland,raw,ENSG00000201856.1,RNA5SP331,0.0,295.0,-0.9875,1.0001e-06,0.0,-17675.90193946968,0.0,-1.0,-1.0,-1.0,0.0,,,-1.0,2.409232716967513e-187,0.0,295,True
artery_aorta,excluded_at_or_below_-1,ENSG00000201856.1,RNA5SP331,,,,,,,,,,,,,,,,,0,False
artery_aorta,raw,ENSG00000201856.1,RNA5SP331,0.0,472.0,-0.9875,1.0001e-06,0.0,-17675.90193946968,0.0,-1.0,-1.0,-1.0,0.0,,,-1.0,3.8547723471480207e-187,0.0,472,True
artery_coronary,excluded_at_or_below_-1,ENSG00000201856.1,RNA5SP331,,,,,,,,,,,,,,,,,0,False
artery_coronary,raw,ENSG00000201856.1,RNA5SP331,0.0,268.0,-0.9875,1.0001e-06,0.0,-17675.90193946968,0.0,-1.0,-1.0,-1.0,0.0,,,-1.0,2.1887266716857407e-187,0.0,268,True
artery_tibial,excluded_at_or_below_-1,ENSG00000201856.1,RNA5SP331,,,,,,,,,,,,,,,,,0,False
artery_tibial,raw,ENSG00000201856.1,RNA5SP331,0.0,691.0,-0.9875,1.0001e-06,0.0,-17675.90193946968,0.0,-1.0,-1.0,-1.0,0.0,,,-1.0,5.643321381100175e-187,0.0,691,True
bladder,excluded_at_or_below_-1,ENSG00000201856.1,RNA5SP331,,,,,,,,,,,,,,,,,0,False
bladder,raw,ENSG00000201856.1,RNA5SP331,0.0,77.0,-0.9875,1.0001e-06,0.0,-17675.90193946968,0.0,-1.0,-1.0,-1.0,0.0,,,-1.0,6.288505735813509e-188,0.0,77,True
brain_amygdala,excluded_at_or_below_-1,ENSG00000201856.1,RNA5SP331,,,,,,,,,,,,,,,,,0,False
brain_amygdala,raw,ENSG00000201856.1,RNA5SP331,0.0,181.0,-0.9875,1.0001e-06,0.0,-17675.90193946968,0.0,-1.0,-1.0,-1.0,0.0,,,-1.0,1.478207192444474e-187,0.0,181,True
brain_anterior_cingulate_cortex_ba24,excluded_at_or_below_-1,ENSG00000201856.1,RNA5SP331,,,,,,,,,,,,,,,,,0,False
brain_anterior_cingulate_cortex_ba24,raw,ENSG00000201856.1,RNA5SP331,0.0,233.0,-0.9875,1.0001e-06,0.0,-17675.90193946968,0.0,-1.0,-1.0,-1.0,0.0,,,-1.0,1.9028855018760357e-187,0.0,233,True
brain_caudate_basal_ganglia,excluded_at_or_below_-1,ENSG00000201856.1,RNA5SP331,,,,,,,,,,,,,,,,,0,False
brain_caudate_basal_ganglia,raw,ENSG00000201856.1,RNA5SP331,0.0,300.0,-0.9875,1.0001e-06,0.0,-17675.90193946968,0.0,-1.0,-1.0,-1.0,0.0,,,-1.0,2.450067169797471e-187,0.0,300,True
brain_cerebellar_hemisphere,excluded_at_or_below_-1,ENSG00000201856.1,RNA5SP331,,,,,,,,,,,,,,,,,1,False
brain_cerebellar_hemisphere,raw,ENSG00000201856.1,RNA5SP331,0.025641025643910492,276.806982871326,-0.9920561807223834,0.002944408315677115,0.9743589743693815,307.63060515219627,0.0,-1.0,-0.3515658502188594,-0.9976590824917649,0.03896063210678512,16.55305479929328,272.00362318840615,-0.3515658502188594,272.5599476187004,0.0,277,True
brain_cerebellum,excluded_at_or_below_-1,ENSG00000201856.1,RNA5SP331,,,,,,,,,,,,,,,,,0,False
brain_cerebellum,raw,ENSG00000201856.1,RNA5SP331,0.0,266.0,-0.9875,1.0001e-06,0.0,-17675.90193946968,0.0,-1.0,-1.0,-1.0,0.0,,,-1.0,2.1723928905537574e-187,0.0,266,True
brain_cortex,excluded_at_or_below_-1,ENSG00000201856.1,RNA5SP331,,,,,,,,,,,,,,,,,0,False
brain_cortex,raw,ENSG00000201856.1,RNA5SP331,0.0,270.0,-0.9875,1.0001e-06,0.0,-17675.90193946968,0.0,-1.0,-1.0,-1.0,0.0,,,-1.0,2.2050604528177237e-187,0.0,270,True
brain_frontal_cortex_ba9,excluded_at_or_below_-1,ENSG00000201856.1,RNA5SP331,,,,,,,,,,,,,,,,,0,False
brain_frontal_cortex_ba9,raw,ENSG00000201856.1,RNA5SP331,0.0,269.0,-0.9875,1.0001e-06,0.0,-17675.90193946968,0.0,-1.0,-1.0,-1.0,0.0,,,-1.0,2.196893562251732e-187,0.0,269,True
brain_hippocampus,excluded_at_or_below_-1,ENSG00000201856.1,RNA5SP331,,,,,,,,,,,,,,,,,0,False
brain_hippocampus,raw,ENSG00000201856.1,RNA5SP331,0.0,255.0,-0.9875,1.0001e-06,0.0,-17675.90193946968,0.0,-1.0,-1.0,-1.0,0.0,,,-1.0,2.08255709432785e-187,0.0,255,True
brain_hypothalamus,excluded_at_or_below_-1,ENSG00000201856.1,RNA5SP331,,,,,,,,,,,,,,,,,0,False
brain_hypothalamus,raw,ENSG00000201856.1,RNA5SP331,0.0,257.0,-0.9875,1.0001e-06,0.0,-17675.90193946968,0.0,-1.0,-1.0,-1.0,0.0,,,-1.0,2.0988908754598334e-187,0.0,257,True
brain_nucleus_accumbens_basal_ganglia,excluded_at_or_below_-1,ENSG00000201856.1,RNA5SP331,,,,,,,,,,,,,,,,,0,False
brain_nucleus_accumbens_basal_ganglia,raw,ENSG00000201856.1,RNA5SP331,0.0,285.0,-0.9875,1.0001e-06,0.0,-17675.90193946968,0.0,-1.0,-1.0,-1.0,0.0,,,-1.0,2.3275638113075975e-187,0.0,285,True
brain_putamen_basal_ganglia,excluded_at_or_below_-1,ENSG00000201856.1,RNA5SP331,,,,,,,,,,,,,,,,,0,False
brain_putamen_basal_ganglia,raw,ENSG00000201856.1,RNA5SP331,0.0,254.0,-0.9875,1.0001e-06,0.0,-17675.90193946968,0.0,-1.0,-1.0,-1.0,0.0,,,-1.0,2.0743902037618585e-187,0.0,254,True
brain_spinal_cord_cervical_c-1,excluded_at_or_below_-1,ENSG00000201856.1,RNA5SP331,,,,,,,,,,,,,,,,,0,False
brain_spinal_cord_cervical_c-1,raw,ENSG00000201856.1,RNA5SP331,0.0,204.0,-0.9875,1.0001e-06,0.0,-17675.90193946968,0.0,-1.0,-1.0,-1.0,0.0,,,-1.0,1.6660456754622802e-187,0.0,204,True
brain_substantia_nigra,excluded_at_or_below_-1,ENSG00000201856.1,RNA5SP331,,,,,,,,,,,,,,,,,2,False
brain_substantia_nigra,raw,ENSG00000201856.1,RNA5SP331,0.05128205132278168,192.19792772692062,-0.9941888304702258,0.001536616123127144,1.8974358974358978,450.2979522933183,0.0,-1.0,-0.5049168335704354,-0.995620062429621,0.04293526210491929,10.142461095967477,104.79505799931357,-0.5049168335704354,192.14477043142205,0.0,183,True
breast_mammary_tissue,excluded_at_or_below_-1,ENSG00000201856.1,RNA5SP331,,,,,,,,,,,,,,,,,0,False
breast_mammary_tissue,raw,ENSG00000201856.1,RNA5SP331,0.0,514.0,-0.9875,1.0001e-06,0.0,-17675.90193946968,0.0,-1.0,-1.0,-1.0,0.0,,,-1.0,4.1977817509196667e-187,0.0,514,True
cells_cultured_fibroblasts,excluded_at_or_below_-1,ENSG00000201856.1,RNA5SP331,,,,,,,,,,,,,,,,,0,False
cells_cultured_fibroblasts,raw,ENSG00000201856.1,RNA5SP331,0.0,652.0,-0.9875,1.0001e-06,0.0,-17675.90193946968,0.0,-1.0,-1.0,-1.0,0.0,,,-1.0,5.324812649026503e-187,0.0,652,True
cells_ebv-transformed_lymphocytes,excluded_at_or_below_-1,ENSG00000201856.1,RNA5SP331,,,,,,,,,,,,,,,,,0,False
cells_ebv-transformed_lymphocytes,raw,ENSG00000201856.1,RNA5SP331,0.0,327.0,-0.9875,1.0001e-06,0.0,-17675.90193946968,0.0,-1.0,-1.0,-1.0,0.0,,,-1.0,2.670573215079243e-187,0.0,327,True
cervix_ectocervix,excluded_at_or_below_-1,ENSG00000201856.1,RNA5SP331,,,,,,,,,,,,,,,,,0,False
cervix_ectocervix,raw,ENSG00000201856.1,RNA5SP331,0.0,24.0,-0.9875,1.0001e-06,0.0,-17675.90193946968,0.0,-1.0,-1.0,-1.0,0.0,,,-1.0,1.9600537358379766e-188,0.0,24,True
cervix_endocervix,excluded_at_or_below_-1,ENSG00000201856.1,RNA5SP331,,,,,,,,,,,,,,,,,0,False
cervix_endocervix,raw,ENSG00000201856.1,RNA5SP331,0.0,23.0,-0.9875,1.0001e-06,0.0,-17675.90193946968,0.0,-1.0,-1.0,-1.0,0.0,,,-1.0,1.878384830178061e-188,0.0,23,True
colon_sigmoid,excluded_at_or_below_-1,ENSG00000201856.1,RNA5SP331,,,,,,,,,,,,,,,,,0,False
colon_sigmoid,raw,ENSG00000201856.1,RNA5SP331,0.0,419.0,-0.9875,1.0001e-06,0.0,-17675.90193946968,0.0,-1.0,-1.0,-1.0,0.0,,,-1.0,3.4219271471504676e-187,0.0,419,True
colon_transverse,excluded_at_or_below_-1,ENSG00000201856.1,RNA5SP331,,,,,,,,,,,,,,,,,0,False
colon_transverse,raw,ENSG00000201856.1,RNA5SP331,0.0,479.0,-0.9875,1.0001e-06,0.0,-17675.90193946968,0.0,-1.0,-1.0,-1.0,0.0,,,-1.0,3.911940581109962e-187,0.0,479,True
esophagus_gastroesophageal_junction,excluded_at_or_below_-1,ENSG00000201856.1,RNA5SP331,,,,,,,,,,,,,,,,,0,False
esophagus_gastroesophageal_junction,raw,ENSG00000201856.1,RNA5SP331,0.0,403.0,-0.9875,1.0001e-06,0.0,-17675.90193946968,0.0,-1.0,-1.0,-1.0,0.0,,,-1.0,3.2912568980946026e-187,0.0,403,True
esophagus_mucosa,excluded_at_or_below_-1,ENSG00000201856.1,RNA5SP331,,,,,,,,,,,,,,,,,0,False
esophagus_mucosa,raw,ENSG00000201856.1,RNA5SP331,0.0,614.0,-0.9875,1.0001e-06,0.0,-17675.90193946968,0.0,-1.0,-1.0,-1.0,0.0,,,-1.0,5.014470807518823e-187,0.0,614,True
esophagus_muscularis,excluded_at_or_below_-1,ENSG00000201856.1,RNA5SP331,,,,,,,,,,,,,,,,,1,False
esophagus_muscularis,raw,ENSG00000201856.1,RNA5SP331,1.936483738287446,524.5541254163337,-0.9956678548497839,0.004267403858270567,1356.0402806357245,114.48698629691268,0.0,-1.0,-0.6502022052166466,-0.9993764745191027,0.014768474471288009,23.62206141966202,556.0017857142852,-0.6502022052166466,522.8369930441061,0.0,561,True
fallopian_tube,excluded_at_or_below_-1,ENSG00000201856.1,RNA5SP331,,,,,,,,,,,,,,,,,0,False
fallopian_tube,raw,ENSG00000201856.1,RNA5SP331,0.0,29.0,-0.9875,1.0001e-06,0.0,-17675.90193946968,0.0,-1.0,-1.0,-1.0,0.0,,,-1.0,2.368398264137555e-188,0.0,29,True
heart_atrial_appendage,excluded_at_or_below_-1,ENSG00000201856.1,RNA5SP331,,,,,,,,,,,,,,,,,0,False
heart_atrial_appendage,raw,ENSG00000201856.1,RNA5SP331,0.0,461.0,-0.9875,1.0001e-06,0.0,-17675.90193946968,0.0,-1.0,-1.0,-1.0,0.0,,,-1.0,3.7649365509221136e-187,0.0,461,True
heart_left_ventricle,excluded_at_or_below_-1,ENSG00000201856.1,RNA5SP331,,,,,,,,,,,,,,,,,0,False
heart_left_ventricle,raw,ENSG00000201856.1,RNA5SP331,0.0,452.0,-0.9875,1.0001e-06,0.0,-17675.90193946968,0.0,-1.0,-1.0,-1.0,0.0,,,-1.0,3.6914345358281893e-187,0.0,452,True
kidney_cortex,excluded_at_or_below_-1,ENSG00000201856.1,RNA5SP331,,,,,,,,,,,,,,,,,0,False
kidney_cortex,raw,ENSG00000201856.1,RNA5SP331,0.0,104.0,-0.9875,1.0001e-06,0.0,-17675.90193946968,0.0,-1.0,-1.0,-1.0,0.0,,,-1.0,8.493566188631232e-188,0.0,104,True
kidney_medulla,excluded_at_or_below_-1,ENSG00000201856.1,RNA5SP331,,,,,,,,,,,,,,,,,0,False
kidney_medulla,raw,ENSG00000201856.1,RNA5SP331,0.0,11.0,-0.9875,1.0001e-06,0.0,-17675.90193946968,0.0,-1.0,-1.0,-1.0,0.0,,,-1.0,8.983579622590726e-189,0.0,11,True
liver,excluded_at_or_below_-1,ENSG00000201856.1,RNA5SP331,,,,,,,,,,,,,,,,,0,False
liver,raw,ENSG00000201856.1,RNA5SP331,0.0,262.0,-0.9875,1.0001e-06,0.0,-17675.90193946968,0.0,-1.0,-1.0,-1.0,0.0,,,-1.0,2.1397253282897912e-187,0.0,262,True
lung,excluded_at_or_below_-1,ENSG00000201856.1,RNA5SP331,,,,,,,,,,,,,,,,,4,False
lung,raw,ENSG00000201856.1,RNA5SP331,0.10527683534385655,552.9454274622783,-0.9916170627648642,0.007776023628955558,2235.4490836928876,120.737427311618,0.0,-1.0,-0.3277448495052106,-0.9962429414362665,0.047048146361506574,12.814704789379038,165.6311972781155,-0.3277448495052106,550.4127920434829,0.0,604,True
minor_salivary_gland,excluded_at_or_below_-1,ENSG00000201856.1,RNA5SP331,,,,,,,,,,,,,,,,,0,False
minor_salivary_gland,raw,ENSG00000201856.1,RNA5SP331,0.0,181.0,-0.9875,1.0001e-06,0.0,-17675.90193946968,0.0,-1.0,-1.0,-1.0,0.0,,,-1.0,1.478207192444474e-187,0.0,181,True
muscle_skeletal,excluded_at_or_below_-1,ENSG00000201856.1,RNA5SP331,,,,,,,,,,,,,,,,,2,False
muscle_skeletal,raw,ENSG00000201856.1,RNA5SP331,2.948881172605325,771.7471464111676,-0.9940507480944191,0.005612285976938946,2147.5977291658655,119.17829674741455,0.0,-1.0,-0.5210934088446029,-0.9991228618085567,0.018698422628133832,22.980513874874337,552.501824154137,-0.5210934088446029,768.7055494383588,0.0,818,True
nerve_tibial,excluded_at_or_below_-1,ENSG00000201856.1,RNA5SP331,,,,,,,,,,,,,,,,,2,False
nerve_tibial,raw,ENSG00000201856.1,RNA5SP331,0.051797621459913165,638.4830016988203,-0.9924254406054591,0.006982898065334846,901.5282872347778,121.5804818678986,0.0,-1.0,-0.3921030181608567,-0.9983669202697617,0.030052443761989473,18.554468369644525,346.1831292627948,-0.3921030181608567,635.5898328342481,0.0,670,True
ovary,excluded_at_or_below_-1,ENSG00000201856.1,RNA5SP331,,,,,,,,,,,,,,,,,0,False
ovary,raw,ENSG00000201856.1,RNA5SP331,0.0,193.0,-0.9875,1.0001e-06,0.0,-17675.90193946968,0.0,-1.0,-1.0,-1.0,0.0,,,-1.0,1.576209879236373e-187,0.0,193,True
pancreas,excluded_at_or_below_-1,ENSG00000201856.1,RNA5SP331,,,,,,,,,,,,,,,,,1,False
pancreas,raw,ENSG00000201856.1,RNA5SP331,0.02564102564102564,398.39676015287176,-0.9961006088316122,3.927549930930953e-05,0.9743589743626032,11127.72011378906,0.0,-1.0,-0.6870618785637921,-0.9991355300512812,0.0164476625023168,18.947368421052644,357.00277008310275,-0.6870618785637921,1.1594891713428979e-14,0.0,362,True
pituitary,excluded_at_or_below_-1,ENSG00000201856.1,RNA5SP331,,,,,,,,,,,,,,,,,0,False
pituitary,raw,ENSG00000201856.1,RNA5SP331,0.0,313.0,-0.9875,1.0001e-06,0.0,-17675.90193946968,0.0,-1.0,-1.0,-1.0,0.0,,,-1.0,2.5562367471553613e-187,0.0,313,True
prostate,excluded_at_or_below_-1,ENSG00000201856.1,RNA5SP331,,,,,,,,,,,,,,,,,0,False
prostate,raw,ENSG00000201856.1,RNA5SP331,0.0,282.0,-0.9875,1.0001e-06,0.0,-17675.90193946968,0.0,-1.0,-1.0,-1.0,0.0,,,-1.0,2.3030631396096224e-187,0.0,282,True
skin_not_sun_exposed_suprapubic,excluded_at_or_below_-1,ENSG00000201856.1,RNA5SP331,,,,,,,,,,,,,,,,,1,False
skin_not_sun_exposed_suprapubic,raw,ENSG00000201856.1,RNA5SP331,2.3433329009472197,614.4845872729713,-0.9939018203972156,0.0056914903105454665,1372.7444397315335,120.35157073914654,0.0,-1.0,-0.5095479597459559,-0.9992466174496866,0.01922233099530381,25.45587434093629,646.0015384615385,-0.5095479597459559,611.939233561745,0.0,651,True
skin_sun_exposed_lower_leg,excluded_at_or_below_-1,ENSG00000201856.1,RNA5SP331,,,,,,,,,,,,,,,,,3,False
skin_sun_exposed_lower_leg,raw,ENSG00000201856.1,RNA5SP331,0.07692308011403123,792.7220525455621,-0.993933028099507,0.0027447598029120613,2.769230777248118,273.28232215312795,0.0,-1.0,-0.4635362389231341,-0.9979720376191612,0.032138697062889396,15.804673433439342,248.26928080978843,-0.4635362389231341,788.4307905299761,0.0,754,True
small_intestine_terminal_ileum,excluded_at_or_below_-1,ENSG00000201856.1,RNA5SP331,,,,,,,,,,,,,,,,,0,False
small_intestine_terminal_ileum,raw,ENSG00000201856.1,RNA5SP331,0.0,207.0,-0.9875,1.0001e-06,0.0,-17675.90193946968,0.0,-1.0,-1.0,-1.0,0.0,,,-1.0,1.6905463471602549e-187,0.0,207,True
spleen,excluded_at_or_below_-1,ENSG00000201856.1,RNA5SP331,,,,,,,,,,,,,,,,,1,False
spleen,raw,ENSG00000201856.1,RNA5SP331,0.025641025641056036,276.7252655156259,-0.9955923427375934,0.0014041775605698572,0.974358974498093,356.591183336639,0.0,-1.0,-0.6415317176237026,-0.998705890677342,0.021538271660010412,16.55305479929326,272.0036231884057,-0.6415317176237026,270.1025087019602,0.0,277,True
stomach,excluded_at_or_below_-1,ENSG00000201856.1,RNA5SP331,,,,,,,,,,,,,,,,,0,False
stomach,raw,ENSG00000201856.1,RNA5SP331,0.0,407.0,-0.9875,1.0001e-06,0.0,-17675.90193946968,0.0,-1.0,-1.0,-1.0,0.0,,,-1.0,3.3239244603585686e-187,0.0,407,True
testis,excluded_at_or_below_-1,ENSG00000201856.1,RNA5SP331,,,,,,,,,,,,,,,,,1,False
testis,raw,ENSG00000201856.1,RNA5SP331,0.025641025641025644,413.5193779115011,-0.9928974454514145,0.0008893825134139402,0.9743589750780689,896.3208584863529,0.0,-1.0,-0.4292116492211384,-0.9986212841768627,0.02805271699642099,20.27319464977106,409.00242130750615,-0.4292116492211384,326.52559687236237,0.0,414,True
thyroid,excluded_at_or_below_-1,ENSG00000201856.1,RNA5SP331,,,,,,,,,,,,,,,,,0,False
thyroid,raw,ENSG00000201856.1,RNA5SP331,0.0,684.0,-0.9875,1.0001e-06,0.0,-17675.90193946968,0.0,-1.0,-1.0,-1.0,0.0,,,-1.0,5.586153147138233e-187,0.0,684,True
uterus,excluded_at_or_below_-1,ENSG00000201856.1,RNA5SP331,,,,,,,,,,,,,,,,,0,False
uterus,raw,ENSG00000201856.1,RNA5SP331,0.0,153.0,-0.9875,1.0001e-06,0.0,-17675.90193946968,0.0,-1.0,-1.0,-1.0,0.0,,,-1.0,1.24953425659671e-187,0.0,153,True
vagina,excluded_at_or_below_-1,ENSG00000201856.1,RNA5SP331,,,,,,,,,,,,,,,,,0,False
vagina,raw,ENSG00000201856.1,RNA5SP331,0.0,170.0,-0.9875,1.0001e-06,0.0,-17675.90193946968,0.0,-1.0,-1.0,-1.0,0.0,,,-1.0,1.3883713962185667e-187,0.0,170,True
whole_blood,excluded_at_or_below_-1,ENSG00000201856.1,RNA5SP331,,,,,,,,,,,,,,,,,1,False
whole_blood,raw,ENSG00000201856.1,RNA5SP331,2.7023562627754965,767.8093532202752,-0.990888012630798,0.008155414377561888,1323.6417918866712,125.29350039273554,0.0,-1.0,-0.2683518683702915,-0.9990888566231261,0.025819301875467937,28.28429328943525,798.0012468827923,-0.2683518683702915,764.1738884465376,0.0,803,True
adipose_subcutaneous,excluded_at_or_below_-1,ENSG00000212365.1,RNA5SP332,,,,,,,,,,,,,,,,,7,False
adipose_subcutaneous,raw,ENSG00000212365.1,RNA5SP332,-0.5172318108813557,645.9270635240666,-0.9911602283007016,0.008461303630099642,3874.488197300977,117.12277316519081,0.0,-1.0,-0.2904093854880945,-0.9950287089655335,0.051189773328374794,10.701497269921456,118.02359172725834,-0.2904093854880945,643.229322089099,0.0,714,True
adipose_visceral_omentum,excluded_at_or_below_-1,ENSG00000212365.1,RNA5SP332,0.15891304517014124,0.35420492404467446,-0.6588758483445999,0.32981694634599024,8.43530332100584,2.7807966120848047,0.0,-0.808029359272166,-0.0103501437345605,-0.4896570239773191,0.2282525866630896,0.5709887015026832,-0.46648447044783925,-0.0103501437345605,0.34679025205621355,0.0,14,True
adipose_visceral_omentum,raw,ENSG00000212365.1,RNA5SP332,0.3589743589743614,620.8626461012637,-0.9882321045604593,0.002119722137322602,14.974358974358971,652.4128361214129,0.0,-1.0,-0.0103501437345605,-0.9878282765514181,0.085027850864311,7.854751078142512,66.44026003773925,-0.0103501437345605,615.2108965493737,0.0,587,True
adrenal_gland,excluded_at_or_below_-1,ENSG00000212365.1,RNA5SP332,,,,,,,,,,,,,,,,,8,False
adrenal_gland,raw,ENSG00000212365.1,RNA5SP332,0.20512820401537424,350.1497349451365,-0.9929225951077675,0.003776284458109935,8.358974360144812,259.9328519941239,0.0,-1.0,-0.2988404456688404,-0.9878966325413263,0.07464796745127981,6.4213666019373905,42.5338641382896,-0.2988404456688404,350.07786685202285,0.0,295,True
artery_aorta,excluded_at_or_below_-1,ENSG00000212365.1,RNA5SP332,0.26315791625617446,7.172065357640131,-0.39265779049523425,0.004013905163693311,7.368421893446213,99.48167895345199,0.0,-0.5437142608638663,-0.1103029641321733,-0.359330169536976,0.11731205045589471,0.5972983956064917,-0.14016885079700137,-0.1103029641321733,7.159635850901306,0.0,13,True
artery_aorta,raw,ENSG00000212365.1,RNA5SP332,0.3333333333333335,513.3889636348954,-0.9899177822585737,0.00309479750979479,22.666666666666668,401.95302003496306,0.0,-1.0,-0.1103029641321733,-0.9823544326355522,0.10661887640302897,6.069460324834251,36.13824375363445,-0.1103029641321733,508.1007702071063,0.0,472,True
artery_coronary,excluded_at_or_below_-1,ENSG00000212365.1,RNA5SP332,,,,,,,,,,,,,,,,,6,False
artery_coronary,raw,ENSG00000212365.1,RNA5SP332,0.15425260711729266,381.4874030665359,-0.9891162837754307,0.0009394890586896358,9.076929519889285,1363.6820781953243,0.0,-1.0,-0.0831962543805654,-0.9874553442143448,0.08676698359300519,7.476932219485948,59.76726206573713,-0.0831962543805654,369.22490919859945,0.0,268,True
artery_tibial,excluded_at_or_below_-1,ENSG00000212365.1,RNA5SP332,,,,,,,,,,,,,,,,,2,False
artery_tibial,raw,ENSG00000212365.1,RNA5SP332,1.9587005523778696,654.2626867175413,-0.9880728888960892,0.008182871183382196,1218.7672023574492,162.87404395242686,0.0,-1.0,-0.045657007561451,-0.9979776934329742,0.04000464324604627,21.508589764554856,484.53436467084873,-0.045657007561451,648.4273738211275,0.0,691,True
bladder,excluded_at_or_below_-1,ENSG00000212365.1,RNA5SP332,,,,,,,,,,,,,,,,,5,False
bladder,raw,ENSG00000212365.1,RNA5SP332,0.12820512820589178,72.15477057347212,-0.9875657278861846,0.0038626416151908913,6.358974358979674,366.7404318270129,0.0,-1.0,0.014112442680233,-0.9613556855791117,0.15955702698256954,4.499427170688296,20.833489155319157,0.014112442680233,70.52846178165669,0.0,77,True
brain_amygdala,excluded_at_or_below_-1,ENSG00000212365.1,RNA5SP332,,,,,,,,,,,,,,,,,1,False
brain_amygdala,raw,ENSG00000212365.1,RNA5SP332,0.025641025641027507,206.54605941689718,-0.9961760857776866,0.0014762056398158236,0.9743589768080728,331.38750214433213,0.0,-1.0,-0.6502622063993451,-0.9980677469966815,0.025995805470476648,13.341872265748751,176.0055555555557,-0.6502622063993451,200.0847745139417,0.0,181,True
brain_anterior_cingulate_cortex_ba24,excluded_at_or_below_-1,ENSG00000212365.1,RNA5SP332,,,,,,,,,,,,,,,,,1,False
brain_anterior_cingulate_cortex_ba24,raw,ENSG00000212365.1,RNA5SP332,0.026249506386070237,220.5677922768754,-0.9965855269070149,0.0032343257661028983,137.05161251440646,118.53576223885777,0.0,-1.0,-0.7254926168867946,-0.9988218567248361,0.01798357660193553,15.165892995297975,228.00431034482799,-0.7254926168867946,219.67015806657724,0.0,233,True
brain_caudate_basal_ganglia,excluded_at_or_below_-1,ENSG00000212365.1,RNA5SP332,,,,,,,,,,,,,,,,,2,False
brain_caudate_basal_ganglia,raw,ENSG00000212365.1,RNA5SP332,0.051282050769165234,338.773185524421,-0.9956259303162815,0.002337433633624348,1.8974359006595045,249.6102977854713,0.0,-1.0,-0.5830662428220488,-0.9973906224427299,0.03197296717403661,12.202975312794234,147.54557061264407,-0.5830662428220488,336.35658563131614,0.0,300,True
brain_cerebellar_hemisphere,excluded_at_or_below_-1,ENSG00000212365.1,RNA5SP332,,,,,,,,,,,,,,,,,4,False
brain_cerebellar_hemisphere,raw,ENSG00000212365.1,RNA5SP332,0.10256410256410256,316.3573826599646,-0.9917351726580077,0.002933944929375015,5.589743589743589,358.2115204897596,0.0,-1.0,-0.2485851264789295,-0.9934887551540594,0.057965550703635765,10.083760366576556,110.91571390844695,-0.2485851264789295,306.71030710201615,0.0,277,True
brain_cerebellum,excluded_at_or_below_-1,ENSG00000212365.1,RNA5SP332,,,,,,,,,,,,,,,,,7,False
brain_cerebellum,raw,ENSG00000212365.1,RNA5SP332,0.17948718703816322,293.4115637404268,-0.9914735850798874,0.0040462253947879815,7.743589744990564,275.49879236734824,0.0,-1.0,-0.2032402944588915,-0.9852795696000058,0.09231608530266844,6.428797174759032,41.3478030150436,-0.2032402944588915,288.12648321944346,0.0,266,True
brain_cortex,excluded_at_or_below_-1,ENSG00000212365.1,RNA5SP332,,,,,,,,,,,,,,,,,4,False
brain_cortex,raw,ENSG00000212365.1,RNA5SP332,0.10256410256464582,343.3201053873249,-0.9956247195614714,0.0020456207887516683,3.5897435949811514,296.15203359541,0.0,-1.0,-0.5672489970593644,-0.9948012165681855,0.043385581216516624,8.532195747152262,73.20202490178167,-0.5672489970593644,343.18525365688697,0.0,270,True
brain_frontal_cortex_ba9,excluded_at_or_below_-1,ENSG00000212365.1,RNA5SP332,,,,,,,,,,,,,,,,,1,False
brain_frontal_cortex_ba9,raw,ENSG00000212365.1,RNA5SP332,0.025641025653278554,281.26408462067155,-0.9959297729495369,0.0016881118931096298,0.974358975523244,294.26726320525535,0.0,-1.0,-0.6446701895411859,-0.9986790713365844,0.021664840908742038,16.30962082156679,264.00373134328424,-0.6446701895411859,280.5978510791918,0.0,269,True
brain_hippocampus,excluded_at_or_below_-1,ENSG00000212365.1,RNA5SP332,,,,,,,,,,,,,,,,,6,False
brain_hippocampus,raw,ENSG00000212365.1,RNA5SP332,0.15384619309235978,316.3885303979436,-0.9941624378787008,0.0033468848782388276,7.0769230789775825,250.30589065979896,0.0,-1.0,-0.4017872672024842,-0.9910350994052094,0.06099205882581577,7.352310712852611,56.73829021162115,-0.4017872672024842,315.7145832536665,0.0,255,True
brain_hypothalamus,excluded_at_or_below_-1,ENSG00000212365.1,RNA5SP332,,,,,,,,,,,,,,,,,2,False
brain_hypothalamus,raw,ENSG00000212365.1,RNA5SP332,-0.11068325635943597,239.4881798494558,-0.9946803481639225,0.004992768151922518,252.47999034443237,119.45382653325294,0.0,-1.0,-0.5729581439589824,-0.9973726957664566,0.030757477573901508,12.273930834688922,155.1004552602177,-0.5729581439589824,238.4494012635692,0.0,257,True
brain_nucleus_accumbens_basal_ganglia,excluded_at_or_below_-1,ENSG00000212365.1,RNA5SP332,,,,,,,,,,,,,,,,,8,False
brain_nucleus_accumbens_basal_ganglia,raw,ENSG00000212365.1,RNA5SP332,0.20512820512820515,385.52231823722667,-0.9906217278673349,0.002732033576073842,6.3589743589743595,448.6343349773578,0.0,-1.0,-0.1239322128262234,-0.9868774309408753,0.08535826646095224,7.569026505118312,62.61824100542641,-0.1239322128262234,367.19357098111885,0.0,285,True
brain_putamen_basal_ganglia,excluded_at_or_below_-1,ENSG00000212365.1,RNA5SP332,,,,,,,,,,,,,,,,,2,False
brain_putamen_basal_ganglia,raw,ENSG00000212365.1,RNA5SP332,0.05128205128205116,286.95950293828537,-0.994526244688743,0.0020094462016101164,1.897435899862503,345.14473753178316,0.0,-1.0,-0.5041124908599621,-0.9965564221252403,0.03907870253647344,11.43306627174742,130.8289876756413,-0.5041124908599621,279.7178862388742,0.0,254,True
brain_spinal_cord_cervical_c-1,excluded_at_or_below_-1,ENSG00000212365.1,RNA5SP332,,,,,,,,,,,,,,,,,0,False
brain_spinal_cord_cervical_c-1,raw,ENSG00000212365.1,RNA5SP332,0.0,204.0,-0.9875,1.0001e-06,0.0,-17675.90193946968,0.0,-1.0,-1.0,-1.0,0.0,,,-1.0,1.6660456754622802e-187,0.0,204,True
brain_substantia_nigra,excluded_at_or_below_-1,ENSG00000212365.1,RNA5SP332,,,,,,,,,,,,,,,,,1,False
brain_substantia_nigra,raw,ENSG00000212365.1,RNA5SP332,0.025641025641025675,208.00832099340096,-0.9943850542607012,0.0020250361736811563,0.9743589746170438,351.15153914910235,0.0,-1.0,-0.4915652622997843,-0.9972216680999988,0.03758457730002083,13.416612631565949,178.00549450549414,-0.4915652622997843,202.66437177585274,0.0,183,True
breast_mammary_tissue,excluded_at_or_below_-1,ENSG00000212365.1,RNA5SP332,,,,,,,,,,,,,,,,,8,False
breast_mammary_tissue,raw,ENSG00000212365.1,RNA5SP332,0.2051282051282054,583.264250511173,-0.9846336035224535,0.0026608735428887537,14.35897436960818,687.9030730292965,0.0,-1.0,0.3096709738032068,-0.992547959891774,0.07184110411146478,13.542956143836637,218.96347735552095,0.3096709738032068,582.953833652499,0.0,514,True
cells_cultured_fibroblasts,excluded_at_or_below_-1,ENSG00000212365.1,RNA5SP332,,,,,,,,,,,,,,,,,2,False
cells_cultured_fibroblasts,raw,ENSG00000212365.1,RNA5SP332,2.2931672603703355,613.7046449417762,-0.9909580681648216,0.008525206368052422,1424.7112870508465,119.13982609640968,0.0,-1.0,-0.2727556472932474,-0.9987156763106628,0.02879928243431073,24.706168828901117,618.4829874700758,-0.2727556472932474,611.2176923984687,0.0,652,True
cells_ebv-transformed_lymphocytes,excluded_at_or_below_-1,ENSG00000212365.1,RNA5SP332,,,,,,,,,,,,,,,,,0,False
cells_ebv-transformed_lymphocytes,raw,ENSG00000212365.1,RNA5SP332,0.0,327.0,-0.9875,1.0001e-06,0.0,-17675.90193946968,0.0,-1.0,-1.0,-1.0,0.0,,,-1.0,2.670573215079243e-187,0.0,327,True
cervix_ectocervix,excluded_at_or_below_-1,ENSG00000212365.1,RNA5SP332,,,,,,,,,,,,,,,,,0,False
cervix_ectocervix,raw,ENSG00000212365.1,RNA5SP332,0.0,24.0,-0.9875,1.0001e-06,0.0,-17675.90193946968,0.0,-1.0,-1.0,-1.0,0.0,,,-1.0,1.9600537358379766e-188,0.0,24,True
cervix_endocervix,excluded_at_or_below_-1,ENSG00000212365.1,RNA5SP332,,,,,,,,,,,,,,,,,0,False
cervix_endocervix,raw,ENSG00000212365.1,RNA5SP332,0.0,23.0,-0.9875,1.0001e-06,0.0,-17675.90193946968,0.0,-1.0,-1.0,-1.0,0.0,,,-1.0,1.878384830178061e-188,0.0,23,True
colon_sigmoid,excluded_at_or_below_-1,ENSG00000212365.1,RNA5SP332,,,,,,,,,,,,,,,,,9,False
colon_sigmoid,raw,ENSG00000212365.1,RNA5SP332,0.23076923693766271,495.3114520698161,-0.9933157995872077,0.0036724970577764167,10.923076934744769,252.6058458360766,0.0,-1.0,-0.3373369217906929,-0.9899234927261626,0.0702225211866879,7.178747802059756,51.850854196114014,-0.3373369217906929,495.2320277142425,0.0,419,True
colon_transverse,excluded_at_or_below_-1,ENSG00000212365.1,RNA5SP332,,,,,,,,,,,,,,,,,7,False
colon_transverse,raw,ENSG00000212365.1,RNA5SP332,0.18421236797208024,440.2041001544265,-0.9851884454950846,0.012649800661520818,1008.9933324355542,130.90873354415626,0.0,-1.0,0.1857587354999494,-0.9912284933810107,0.07931357044512698,10.681013449566635,128.47481592724057,0.1857587354999494,437.7043273873919,0.0,479,True
esophagus_gastroesophageal_junction,excluded_at_or_below_-1,ENSG00000212365.1,RNA5SP332,0.20512820486972486,6.0112539935656155,-0.3251014620490038,0.0035112845287084845,8.358974371747738,0.756374577260377,0.7585199335373046,-0.7822878452571923,-0.3232234950843919,-0.49660726141199624,0.14523116708950093,-0.4513910475420796,-0.4828411489611799,-0.3232234950843919,5.953434784632333,4.515798957157995,10,True
esophagus_gastroesophageal_junction,raw,ENSG00000212365.1,RNA5SP332,0.25641025641025633,421.2067026493244,-0.9921473643693354,0.002295056839995349,11.435897435897434,412.19075347160975,0.0,-1.0,-0.3232234950843919,-0.9875088650474442,0.08135958898496401,6.705807694594916,44.87067045278212,-0.3232234950843919,420.9535636640177,0.0,403,True
esophagus_mucosa,excluded_at_or_below_-1,ENSG00000212365.1,RNA5SP332,,,,,,,,,,,,,,,,,6,False
esophagus_mucosa,raw,ENSG00000212365.1,RNA5SP332,0.15384615384615374,652.6407536006964,-0.9904745272575107,0.0032549376408891333,5.076923079504594,357.1220873524467,0.0,-1.0,-0.1685264456920823,-0.9954393173428712,0.048958289409308305,12.219729147537164,166.66137935506586,-0.1685264456920823,650.3915601301636,0.0,614,True
esophagus_muscularis,excluded_at_or_below_-1,ENSG00000212365.1,RNA5SP332,,,,,,,,,,,,,,,,,1,False
esophagus_muscularis,raw,ENSG00000212365.1,RNA5SP332,1.9433564115723754,524.5512695433679,-0.9960166070441574,0.003950419206650523,1364.463706337994,113.80845588623929,0.0,-1.0,-0.6781076843933165,-0.999426216906227,0.013590304216998798,23.62206141966206,556.0017857142863,-0.6781076843933165,522.9015860443894,0.0,561,True
fallopian_tube,excluded_at_or_below_-1,ENSG00000212365.1,RNA5SP332,,,,,,,,,,,,,,,,,1,False
fallopian_tube,raw,ENSG00000212365.1,RNA5SP332,0.0256410256410945,28.069559272323655,-0.9955216683570083,0.0016909885506699175,0.9743589743592377,302.4758154522649,0.0,-1.0,-0.6338484710458172,-0.9873740852084765,0.06799263199319157,5.1025203856245644,24.03571428571429,-0.6338484710458172,27.681830181396865,0.0,29,True
heart_atrial_appendage,excluded_at_or_below_-1,ENSG00000212365.1,RNA5SP332,0.2181001433005999,0.981517399390864,-0.6935908560122755,0.00682740857021386,8.52552696344986,37.29383256649058,0.0,-0.7222960850045124,-0.513547163280806,-0.634200877495021,0.07422309775945679,0.5701567121682943,-1.185748429474436,-0.513547163280806,0.9811693273173315,0.0,11,True
heart_atrial_appendage,raw,ENSG00000212365.1,RNA5SP332,0.2820512820510232,507.3603838249262,-0.9947209532431636,0.002308286686196537,11.897435897441653,294.7998200104378,0.0,-1.0,-0.513547163280806,-0.991271604452159,0.05694903188348781,6.618813257506729,43.52927367896115,-0.513547163280806,491.92634743558506,0.0,461,True
heart_left_ventricle,excluded_at_or_below_-1,ENSG00000212365.1,RNA5SP332,,,,,,,,,,,,,,,,,4,False
heart_left_ventricle,raw,ENSG00000212365.1,RNA5SP332,0.10526315788270682,474.564143219414,-0.9935305043436059,0.0037784058332112594,3.5900311268751217,218.50421805421078,0.0,-1.0,-0.40974483431233,-0.9972866215027577,0.03286157564683544,14.697455090090605,238.96520484129715,-0.40974483431233,468.5050346104426,0.0,452,True
kidney_cortex,excluded_at_or_below_-1,ENSG00000212365.1,RNA5SP332,,,,,,,,,,,,,,,,,0,False
kidney_cortex,raw,ENSG00000212365.1,RNA5SP332,0.0,104.0,-0.9875,1.0001e-06,0.0,-17675.90193946968,0.0,-1.0,-1.0,-1.0,0.0,,,-1.0,8.493566188631232e-188,0.0,104,True
kidney_medulla,excluded_at_or_below_-1,ENSG00000212365.1,RNA5SP332,,,,,,,,,,,,,,,,,0,False
kidney_medulla,raw,ENSG00000212365.1,RNA5SP332,0.0,11.0,-0.9875,1.0001e-06,0.0,-17675.90193946968,0.0,-1.0,-1.0,-1.0,0.0,,,-1.0,8.983579622590726e-189,0.0,11,True
liver,excluded_at_or_below_-1,ENSG00000212365.1,RNA5SP332,,,,,,,,,,,,,,,,,2,False
liver,raw,ENSG00000212365.1,RNA5SP332,0.03613487473581198,244.027273211418,-0.9943538113187366,0.005233191667577364,261.07036028596565,120.90113634114225,0.0,-1.0,-0.5469681857422064,-0.9972837846456118,0.03217453507457683,12.45533306288597,159.9745772569605,-0.5469681857422064,242.92575110669844,0.0,262,True
lung,excluded_at_or_below_-1,ENSG00000212365.1,RNA5SP332,0.4027867173576333,2.261847490402727,-0.47728333064743594,0.13266343102054148,30.825344563369686,7.35865164398105,0.0,-0.6448438722044778,0.2130112618731869,-0.36514000273192326,0.24023231954122773,1.2160446399327969,0.41420148231169795,0.2130112618731869,2.2618474903694237,0.0,40,True
lung,raw,ENSG00000212365.1,RNA5SP332,1.0256410256410255,583.9618352336536,-0.9853185162146819,0.002514996458019408,74.9743589751592,673.8356306481636,0.0,-1.0,0.2130112618731869,-0.9579562915716505,0.16940518820220715,4.418913744428392,20.517169867376303,0.2130112618731869,560.7904755688643,0.0,604,True
minor_salivary_gland,excluded_at_or_below_-1,ENSG00000212365.1,RNA5SP332,,,,,,,,,,,,,,,,,0,False
minor_salivary_gland,raw,ENSG00000212365.1,RNA5SP332,0.0,181.0,-0.9875,1.0001e-06,0.0,-17675.90193946968,0.0,-1.0,-1.0,-1.0,0.0,,,-1.0,1.478207192444474e-187,0.0,181,True
muscle_skeletal,excluded_at_or_below_-1,ENSG00000212365.1,RNA5SP332,,,,,,,,,,,,,,,,,1,False
muscle_skeletal,raw,ENSG00000212365.1,RNA5SP332,2.7259019232338537,783.0063313652928,-0.9968366164735387,0.0031602344875103936,1477.4150229350141,113.6102967595343,0.0,-1.0,-0.7429604074564945,-0.9996857706692622,0.008987178597204904,28.5482262844858,813.0012239902079,-0.7429604074564945,781.0122605959702,0.0,818,True
nerve_tibial,excluded_at_or_below_-1,ENSG00000212365.1,RNA5SP332,,,,,,,,,,,,,,,,,2,False
nerve_tibial,raw,ENSG00000212365.1,RNA5SP332,1.8411575284262318,621.3932135845089,-0.9884397688208755,0.01035076256836368,2163.0151911867847,125.04411531443742,0.0,-1.0,-0.0732300843521798,-0.9977967332563393,0.04159580329267013,19.832927306238666,407.2466916436223,-0.0732300843521798,618.3112498674777,0.0,670,True
ovary,excluded_at_or_below_-1,ENSG00000212365.1,RNA5SP332,,,,,,,,,,,,,,,,,6,False
ovary,raw,ENSG00000212365.1,RNA5SP332,0.15384615384882486,204.02175328863882,-0.9919162562672224,0.0031674684528197575,5.076923077705142,318.6802839475339,0.0,-1.0,-0.2781557799176429,-0.984714465897002,0.08869326633083999,6.029709344260063,36.79376921466821,-0.2781557799176429,201.5199980795125,0.0,193,True
pancreas,excluded_at_or_below_-1,ENSG00000212365.1,RNA5SP332,,,,,,,,,,,,,,,,,0,False
pancreas,raw,ENSG00000212365.1,RNA5SP332,0.0,362.0,-0.9875,1.0001e-06,0.0,-17675.90193946968,0.0,-1.0,-1.0,-1.0,0.0,,,-1.0,2.956414384888948e-187,0.0,362,True
pituitary,excluded_at_or_below_-1,ENSG00000212365.1,RNA5SP332,,,,,,,,,,,,,,,,,2,False
pituitary,raw,ENSG00000212365.1,RNA5SP332,-0.22259661180609377,291.0258757389738,-0.9931965657524796,0.006371829966646848,420.0714158873442,119.66470975874438,0.0,-1.0,-0.4540395360946718,-0.9969591076968592,0.038392526586988926,12.785184652528386,164.54311543915153,-0.4540395360946718,289.74453762920666,0.0,313,True
prostate,excluded_at_or_below_-1,ENSG00000212365.1,RNA5SP332,,,,,,,,,,,,,,,,,6,False
prostate,raw,ENSG00000212365.1,RNA5SP332,0.15384615384285463,366.4767141147311,-0.9907337223519928,0.0049391664610387576,7.076923076973209,269.90353822831855,0.0,-1.0,-0.0480907303727463,-0.9862035926620274,0.09684286912619239,7.341259062199543,55.402530296173005,-0.0480907303727463,365.3936517166182,0.0,282,True
skin_not_sun_exposed_suprapubic,excluded_at_or_below_-1,ENSG00000212365.1,RNA5SP332,,,,,,,,,,,,,,,,,4,False
skin_not_sun_exposed_suprapubic,raw,ENSG00000212365.1,RNA5SP332,0.10256410256409146,648.7189550080058,-0.9895959023666053,0.003618671121109441,3.589743589743681,327.2154407012007,0.0,-1.0,-0.152321322946223,-0.9959604961349835,0.05382747606775522,14.003094890285366,200.6551910734215,-0.152321322946223,636.5482432099681,0.0,651,True
skin_sun_exposed_lower_leg,excluded_at_or_below_-1,ENSG00000212365.1,RNA5SP332,,,,,,,,,,,,,,,,,6,False
skin_sun_exposed_lower_leg,raw,ENSG00000212365.1,RNA5SP332,-0.6316762912186158,687.0164960272381,-0.9924841117730469,0.007415173021784056,3925.543145024116,113.89763650219628,0.0,-1.0,-0.3952824557382706,-0.9963728487481339,0.04111957352962715,11.595246513828052,136.79210309107447,-0.3952824557382706,684.5013644081131,0.0,754,True
small_intestine_terminal_ileum,excluded_at_or_below_-1,ENSG00000212365.1,RNA5SP332,,,,,,,,,,,,,,,,,6,False
small_intestine_terminal_ileum,raw,ENSG00000212365.1,RNA5SP332,0.15384616020114292,211.83208410159514,-0.9919353265393492,0.0028833042445490994,7.076923077672596,338.60029559023235,0.0,-1.0,-0.3015956950605964,-0.9840561579704736,0.09347478907585441,5.810421353126495,32.61131685878164,-0.3015956950605964,211.59257324268393,0.0,207,True
spleen,excluded_at_or_below_-1,ENSG00000212365.1,RNA5SP332,,,,,,,,,,,,,,,,,1,False
spleen,raw,ENSG00000212365.1,RNA5SP332,0.02564102564196424,276.80668968141885,-0.9941900117728343,0.0021038353946345517,0.9743589743762001,314.74439954507324,0.0,-1.0,-0.5259648259566403,-0.9982886816821539,0.028482013212618038,16.55305479929326,272.00362318840575,-0.5259648259566403,272.2734421304216,0.0,277,True
stomach,excluded_at_or_below_-1,ENSG00000212365.1,RNA5SP332,,,,,,,,,,,,,,,,,4,False
stomach,raw,ENSG00000212365.1,RNA5SP332,0.10256410256436391,582.7485477745471,-0.9944292050188545,0.002726636373832169,9.589743598317083,296.9936017302704,0.0,-1.0,-0.421818689309812,-0.9945992001414169,0.05445135676645343,10.0287109121764,99.10326577976785,-0.421818689309812,578.944078652675,0.0,407,True
testis,excluded_at_or_below_-1,ENSG00000212365.1,RNA5SP332,,,,,,,,,,,,,,,,,1,False
testis,raw,ENSG00000212365.1,RNA5SP332,0.025641470142767173,412.97656072840505,-0.9957327128265419,0.000772262887539517,0.9743632675516042,617.4097473233061,0.0,-1.0,-0.6585823368516077,-0.999175319654231,0.016779762706810895,20.273194649771096,409.00242130750667,-0.6585823368516077,362.9750461344855,0.0,414,True
thyroid,excluded_at_or_below_-1,ENSG00000212365.1,RNA5SP332,,,,,,,,,,,,,,,,,5,False
thyroid,raw,ENSG00000212365.1,RNA5SP332,0.024236987901685762,622.029161408548,-0.9932009275575603,0.006147335620070423,3269.2119694359594,123.67045574415563,0.0,-1.0,-0.4556273828160733,-0.9967482569793613,0.038654338428302924,12.176001158284079,150.07420342459434,-0.4556273828160733,618.8871609567909,0.0,684,True
uterus,excluded_at_or_below_-1,ENSG00000212365.1,RNA5SP332,,,,,,,,,,,,,,,,,4,False
uterus,raw,ENSG00000212365.1,RNA5SP332,0.10256410256426504,150.6244785664016,-0.9926289618637665,0.0026520258085835813,3.589743589765368,322.6719984215624,0.0,-1.0,-0.3875333169844495,-0.9850936676767635,0.09137372182356121,5.959900967100165,33.60935978765706,-0.3875333169844495,149.64994622640114,0.0,153,True
vagina,excluded_at_or_below_-1,ENSG00000212365.1,RNA5SP332,,,,,,,,,,,,,,,,,2,False
vagina,raw,ENSG00000212365.1,RNA5SP332,0.05128205128205236,209.9714230189789,-0.994222732044772,0.0023255095184891317,1.8974358988694784,331.0174177563544,0.0,-1.0,-0.4499031354441191,-0.9938141943239346,0.05692276343739215,9.086004884661776,80.73944747569372,-0.4499031354441191,207.2193430311021,0.0,170,True
whole_blood,excluded_at_or_below_-1,ENSG00000212365.1,RNA5SP332,,,,,,,,,,,,,,,,,0,False
whole_blood,raw,ENSG00000212365.1,RNA5SP332,0.0,803.0,-0.9875,1.0001e-06,0.0,-17675.90193946968,0.0,-1.0,-1.0,-1.0,0.0,,,-1.0,6.55801312449123e-187,0.0,803,True
adipose_subcutaneous,excluded_at_or_below_-1,ENSG00000200336.1,RNA5SP333,,,,,,,,,,,,,,,,,2,False
adipose_subcutaneous,raw,ENSG00000200336.1,RNA5SP333,0.027415640523230197,705.2699831421371,-0.9912124088395969,0.007905526643379887,67.53495492280372,125.27756230852674,0.0,-1.0,-0.2909043839428165,-0.9981576069061974,0.03489276824461305,18.986670942731404,360.61701539076273,-0.2909043839428165,702.443190583208,0.0,714,True
adipose_visceral_omentum,excluded_at_or_below_-1,ENSG00000200336.1,RNA5SP333,,,,,,,,,,,,,,,,,5,False
adipose_visceral_omentum,raw,ENSG00000200336.1,RNA5SP333,0.1282051282051282,666.7747046907017,-0.9908136541001942,0.001893720656232834,4.3589743589743595,583.7160431938232,0.0,-1.0,-0.2091812629387404,-0.9942380560034754,0.06264290209707235,10.915041405854703,118.67778159086383,-0.2091812629387404,666.2068645362508,0.0,587,True
adrenal_gland,excluded_at_or_below_-1,ENSG00000200336.1,RNA5SP333,,,,,,,,,,,,,,,,,0,False
adrenal_gland,raw,ENSG00000200336.1,RNA5SP333,0.0,295.0,-0.9875,1.0001e-06,0.0,-17675.90193946968,0.0,-1.0,-1.0,-1.0,0.0,,,-1.0,2.409232716967513e-187,0.0,295,True
artery_aorta,excluded_at_or_below_-1,ENSG00000200336.1,RNA5SP333,,,,,,,,,,,,,,,,,0,False
artery_aorta,raw,ENSG00000200336.1,RNA5SP333,0.0,472.0,-0.9875,1.0001e-06,0.0,-17675.90193946968,0.0,-1.0,-1.0,-1.0,0.0,,,-1.0,3.8547723471480207e-187,0.0,472,True
artery_coronary,excluded_at_or_below_-1,ENSG00000200336.1,RNA5SP333,,,,,,,,,,,,,,,,,1,False
artery_coronary,raw,ENSG00000200336.1,RNA5SP333,0.02564102564102565,275.94219315197915,-0.9877831534932625,0.0038410174019903676,0.974358974391691,375.9133152086455,0.0,-1.0,0.0332009635968078,-0.9961447725238924,0.06311279381551056,16.278935632232,263.00374531835206,0.0332009635968078,275.56152632514795,0.0,268,True
artery_tibial,excluded_at_or_below_-1,ENSG00000200336.1,RNA5SP333,,,,,,,,,,,,,,,,,0,False
artery_tibial,raw,ENSG00000200336.1,RNA5SP333,0.0,691.0,-0.9875,1.0001e-06,0.0,-17675.90193946968,0.0,-1.0,-1.0,-1.0,0.0,,,-1.0,5.643321381100175e-187,0.0,691,True
bladder,excluded_at_or_below_-1,ENSG00000200336.1,RNA5SP333,,,,,,,,,,,,,,,,,0,False
bladder,raw,ENSG00000200336.1,RNA5SP333,0.0,77.0,-0.9875,1.0001e-06,0.0,-17675.90193946968,0.0,-1.0,-1.0,-1.0,0.0,,,-1.0,6.288505735813509e-188,0.0,77,True
brain_amygdala,excluded_at_or_below_-1,ENSG00000200336.1,RNA5SP333,,,,,,,,,,,,,,,,,0,False
brain_amygdala,raw,ENSG00000200336.1,RNA5SP333,0.0,181.0,-0.9875,1.0001e-06,0.0,-17675.90193946968,0.0,-1.0,-1.0,-1.0,0.0,,,-1.0,1.478207192444474e-187,0.0,181,True
brain_anterior_cingulate_cortex_ba24,excluded_at_or_below_-1,ENSG00000200336.1,RNA5SP333,,,,,,,,,,,,,,,,,1,False
brain_anterior_cingulate_cortex_ba24,raw,ENSG00000200336.1,RNA5SP333,-0.018535514574425167,221.2926747290071,-0.9940134764143983,0.005308623512968909,117.85190994739474,126.1532024897138,0.0,-1.0,-0.5204641661889716,-0.9979419062926564,0.031415437001770026,15.165892995297945,228.00431034482745,-0.5204641661889716,220.14620292617755,0.0,233,True
brain_caudate_basal_ganglia,excluded_at_or_below_-1,ENSG00000200336.1,RNA5SP333,,,,,,,,,,,,,,,,,0,False
brain_caudate_basal_ganglia,raw,ENSG00000200336.1,RNA5SP333,0.0,300.0,-0.9875,1.0001e-06,0.0,-17675.90193946968,0.0,-1.0,-1.0,-1.0,0.0,,,-1.0,2.450067169797471e-187,0.0,300,True
brain_cerebellar_hemisphere,excluded_at_or_below_-1,ENSG00000200336.1,RNA5SP333,,,,,,,,,,,,,,,,,2,False
brain_cerebellar_hemisphere,raw,ENSG00000200336.1,RNA5SP333,0.0526315789326414,313.6254580039455,-0.9939147828155521,0.003724163665323,3.8975071143414235,223.5986864308127,0.0,-1.0,-0.4050941649293424,-0.9957543712817661,0.049877962026242166,11.643206005843393,133.5835048303978,-0.4050941649293424,313.26536876761844,0.0,277,True
brain_cerebellum,excluded_at_or_below_-1,ENSG00000200336.1,RNA5SP333,,,,,,,,,,,,,,,,,0,False
brain_cerebellum,raw,ENSG00000200336.1,RNA5SP333,0.0,266.0,-0.9875,1.0001e-06,0.0,-17675.90193946968,0.0,-1.0,-1.0,-1.0,0.0,,,-1.0,2.1723928905537574e-187,0.0,266,True
brain_cortex,excluded_at_or_below_-1,ENSG00000200336.1,RNA5SP333,,,,,,,,,,,,,,,,,0,False
brain_cortex,raw,ENSG00000200336.1,RNA5SP333,0.0,270.0,-0.9875,1.0001e-06,0.0,-17675.90193946968,0.0,-1.0,-1.0,-1.0,0.0,,,-1.0,2.2050604528177237e-187,0.0,270,True
brain_frontal_cortex_ba9,excluded_at_or_below_-1,ENSG00000200336.1,RNA5SP333,,,,,,,,,,,,,,,,,0,False
brain_frontal_cortex_ba9,raw,ENSG00000200336.1,RNA5SP333,0.0,269.0,-0.9875,1.0001e-06,0.0,-17675.90193946968,0.0,-1.0,-1.0,-1.0,0.0,,,-1.0,2.196893562251732e-187,0.0,269,True
brain_hippocampus,excluded_at_or_below_-1,ENSG00000200336.1,RNA5SP333,,,,,,,,,,,,,,,,,0,False
brain_hippocampus,raw,ENSG00000200336.1,RNA5SP333,0.0,255.0,-0.9875,1.0001e-06,0.0,-17675.90193946968,0.0,-1.0,-1.0,-1.0,0.0,,,-1.0,2.08255709432785e-187,0.0,255,True
brain_hypothalamus,excluded_at_or_below_-1,ENSG00000200336.1,RNA5SP333,,,,,,,,,,,,,,,,,0,False
brain_hypothalamus,raw,ENSG00000200336.1,RNA5SP333,0.0,257.0,-0.9875,1.0001e-06,0.0,-17675.90193946968,0.0,-1.0,-1.0,-1.0,0.0,,,-1.0,2.0988908754598334e-187,0.0,257,True
brain_nucleus_accumbens_basal_ganglia,excluded_at_or_below_-1,ENSG00000200336.1,RNA5SP333,,,,,,,,,,,,,,,,,1,False
brain_nucleus_accumbens_basal_ganglia,raw,ENSG00000200336.1,RNA5SP333,0.025641025626954344,300.2718536959472,-0.9942385706768193,0.0026191557252646463,0.9743589745174728,272.4861969534948,0.0,-1.0,-0.489587928231592,-0.9982090804499354,0.030234201790670982,16.792960463443023,280.0035211267605,-0.489587928231592,298.46783159045856,0.0,285,True
brain_putamen_basal_ganglia,excluded_at_or_below_-1,ENSG00000200336.1,RNA5SP333,,,,,,,,,,,,,,,,,0,False
brain_putamen_basal_ganglia,raw,ENSG00000200336.1,RNA5SP333,0.0,254.0,-0.9875,1.0001e-06,0.0,-17675.90193946968,0.0,-1.0,-1.0,-1.0,0.0,,,-1.0,2.0743902037618585e-187,0.0,254,True
brain_spinal_cord_cervical_c-1,excluded_at_or_below_-1,ENSG00000200336.1,RNA5SP333,,,,,,,,,,,,,,,,,0,False
brain_spinal_cord_cervical_c-1,raw,ENSG00000200336.1,RNA5SP333,0.0,204.0,-0.9875,1.0001e-06,0.0,-17675.90193946968,0.0,-1.0,-1.0,-1.0,0.0,,,-1.0,1.6660456754622802e-187,0.0,204,True
brain_substantia_nigra,excluded_at_or_below_-1,ENSG00000200336.1,RNA5SP333,,,,,,,,,,,,,,,,,1,False
brain_substantia_nigra,raw,ENSG00000200336.1,RNA5SP333,0.025641025643226747,211.7382906688507,-0.992762157195496,0.0032582492100408375,0.9743589749350624,292.2143125001613,0.0,-1.0,-0.3195208036982128,-0.9962815344464382,0.050302469634835346,13.416612631565922,178.00549450549428,-0.3195208036982128,208.2211766751566,0.0,183,True
breast_mammary_tissue,excluded_at_or_below_-1,ENSG00000200336.1,RNA5SP333,,,,,,,,,,,,,,,,,2,False
breast_mammary_tissue,raw,ENSG00000200336.1,RNA5SP333,0.05133312701194494,503.59646786985405,-0.9899673471726997,0.008279356910048618,73.73922900024597,135.550664825653,0.0,-1.0,-0.196400969826731,-0.9976238925101867,0.039916081496733466,17.978626035000335,336.962928524086,-0.196400969826731,500.58053503968875,0.0,514,True
cells_cultured_fibroblasts,excluded_at_or_below_-1,ENSG00000200336.1,RNA5SP333,,,,,,,,,,,,,,,,,0,False
cells_cultured_fibroblasts,raw,ENSG00000200336.1,RNA5SP333,0.0,652.0,-0.9875,1.0001e-06,0.0,-17675.90193946968,0.0,-1.0,-1.0,-1.0,0.0,,,-1.0,5.324812649026503e-187,0.0,652,True
cells_ebv-transformed_lymphocytes,excluded_at_or_below_-1,ENSG00000200336.1,RNA5SP333,,,,,,,,,,,,,,,,,0,False
cells_ebv-transformed_lymphocytes,raw,ENSG00000200336.1,RNA5SP333,0.0,327.0,-0.9875,1.0001e-06,0.0,-17675.90193946968,0.0,-1.0,-1.0,-1.0,0.0,,,-1.0,2.670573215079243e-187,0.0,327,True
cervix_ectocervix,excluded_at_or_below_-1,ENSG00000200336.1,RNA5SP333,,,,,,,,,,,,,,,,,0,False
cervix_ectocervix,raw,ENSG00000200336.1,RNA5SP333,0.0,24.0,-0.9875,1.0001e-06,0.0,-17675.90193946968,0.0,-1.0,-1.0,-1.0,0.0,,,-1.0,1.9600537358379766e-188,0.0,24,True
cervix_endocervix,excluded_at_or_below_-1,ENSG00000200336.1,RNA5SP333,,,,,,,,,,,,,,,,,0,False
cervix_endocervix,raw,ENSG00000200336.1,RNA5SP333,0.0,23.0,-0.9875,1.0001e-06,0.0,-17675.90193946968,0.0,-1.0,-1.0,-1.0,0.0,,,-1.0,1.878384830178061e-188,0.0,23,True
colon_sigmoid,excluded_at_or_below_-1,ENSG00000200336.1,RNA5SP333,,,,,,,,,,,,,,,,,0,False
colon_sigmoid,raw,ENSG00000200336.1,RNA5SP333,0.0,419.0,-0.9875,1.0001e-06,0.0,-17675.90193946968,0.0,-1.0,-1.0,-1.0,0.0,,,-1.0,3.4219271471504676e-187,0.0,419,True
colon_transverse,excluded_at_or_below_-1,ENSG00000200336.1,RNA5SP333,,,,,,,,,,,,,,,,,1,False
colon_transverse,raw,ENSG00000200336.1,RNA5SP333,1.4201950981406295,443.3796273814116,-0.9926561066781294,0.006919635855686205,1214.1122026777714,119.10224755888173,0.0,-1.0,-0.4098981664146286,-0.9987680546271704,0.026962440975990154,21.817472173700775,474.00209205020826,-0.4098981664146286,441.52600860765904,0.0,479,True
esophagus_gastroesophageal_junction,excluded_at_or_below_-1,ENSG00000200336.1,RNA5SP333,,,,,,,,,,,,,,,,,0,False
esophagus_gastroesophageal_junction,raw,ENSG00000200336.1,RNA5SP333,0.0,403.0,-0.9875,1.0001e-06,0.0,-17675.90193946968,0.0,-1.0,-1.0,-1.0,0.0,,,-1.0,3.2912568980946026e-187,0.0,403,True
esophagus_mucosa,excluded_at_or_below_-1,ENSG00000200336.1,RNA5SP333,,,,,,,,,,,,,,,,,2,False
esophagus_mucosa,raw,ENSG00000200336.1,RNA5SP333,0.05128205128205127,757.9188576063983,-0.9936808949252002,0.002237914514195316,1.8974358974358974,367.7957156643005,0.0,-1.0,-0.4116645769917111,-0.9981161312017944,0.03298604724591784,17.443561973760012,302.36987312144026,-0.4116645769917111,730.9558781438739,0.0,614,True
esophagus_muscularis,excluded_at_or_below_-1,ENSG00000200336.1,RNA5SP333,,,,,,,,,,,,,,,,,1,False
esophagus_muscularis,raw,ENSG00000200336.1,RNA5SP333,1.3462086522494356,518.0087121773271,-0.991223064007164,0.007678313651294366,1735.9520364112618,127.83354787767803,0.0,-1.0,-0.297165177788408,-0.9987471750049705,0.029673709452035995,23.622061419662053,556.0017857142861,-0.297165177788408,515.226210032335,0.0,561,True
fallopian_tube,excluded_at_or_below_-1,ENSG00000200336.1,RNA5SP333,,,,,,,,,,,,,,,,,0,False
fallopian_tube,raw,ENSG00000200336.1,RNA5SP333,0.0,29.0,-0.9875,1.0001e-06,0.0,-17675.90193946968,0.0,-1.0,-1.0,-1.0,0.0,,,-1.0,2.368398264137555e-188,0.0,29,True
heart_atrial_appendage,excluded_at_or_below_-1,ENSG00000200336.1,RNA5SP333,,,,,,,,,,,,,,,,,1,False
heart_atrial_appendage,raw,ENSG00000200336.1,RNA5SP333,1.3457397005025153,425.66109945536687,-0.9910095423141584,0.008331828873558733,1183.177546639836,120.93284130955278,0.0,-1.0,-0.2785345910107235,-0.9984349991128215,0.03360199406488849,21.40098534911511,456.0021739130409,-0.2785345910107235,423.7472435233173,0.0,461,True
heart_left_ventricle,excluded_at_or_below_-1,ENSG00000200336.1,RNA5SP333,,,,,,,,,,,,,,,,,1,False
heart_left_ventricle,raw,ENSG00000200336.1,RNA5SP333,0.6506944112508589,416.7852310248128,-0.9959734895019768,0.003822144591250102,1171.107379878361,118.16604544347635,0.0,-1.0,-0.6766103300203794,-0.9992845361283637,0.01521097055847568,21.189672420660514,447.0022172949002,-0.6766103300203794,415.04362028430756,0.0,452,True
kidney_cortex,excluded_at_or_below_-1,ENSG00000200336.1,RNA5SP333,,,,,,,,,,,,,,,,,0,False
kidney_cortex,raw,ENSG00000200336.1,RNA5SP333,0.0,104.0,-0.9875,1.0001e-06,0.0,-17675.90193946968,0.0,-1.0,-1.0,-1.0,0.0,,,-1.0,8.493566188631232e-188,0.0,104,True
kidney_medulla,excluded_at_or_below_-1,ENSG00000200336.1,RNA5SP333,,,,,,,,,,,,,,,,,0,False
kidney_medulla,raw,ENSG00000200336.1,RNA5SP333,0.0,11.0,-0.9875,1.0001e-06,0.0,-17675.90193946968,0.0,-1.0,-1.0,-1.0,0.0,,,-1.0,8.983579622590726e-189,0.0,11,True
liver,excluded_at_or_below_-1,ENSG00000200336.1,RNA5SP333,0.2290476706677503,1.859936053232425,-0.44806278962770846,0.10497769743772413,19.203518418033994,10.977934653360125,0.0,-0.5504597542560414,0.3668341489914617,-0.3143610437695247,0.23179743911440662,1.592802168906147,1.9265964318473427,0.3668341489914617,1.8599289472879925,0.0,23,True
liver,raw,ENSG00000200336.1,RNA5SP333,,,,,,,,,,,,,,,,,262,False
lung,excluded_at_or_below_-1,ENSG00000200336.1,RNA5SP333,,,,,,,,,,,,,,,,,1,False
lung,raw,ENSG00000200336.1,RNA5SP333,0.8336802228291695,567.6072451005011,-0.9889131485451456,0.010181805181706522,1251.584349951902,122.01513192253205,0.0,-1.0,-0.1104501387782435,-0.998527235329103,0.0361952705281876,24.515335167498584,599.0016583747924,-0.1104501387782435,564.9956164439524,0.0,604,True
minor_salivary_gland,excluded_at_or_below_-1,ENSG00000200336.1,RNA5SP333,,,,,,,,,,,,,,,,,0,False
minor_salivary_gland,raw,ENSG00000200336.1,RNA5SP333,0.0,181.0,-0.9875,1.0001e-06,0.0,-17675.90193946968,0.0,-1.0,-1.0,-1.0,0.0,,,-1.0,1.478207192444474e-187,0.0,181,True
muscle_skeletal,excluded_at_or_below_-1,ENSG00000200336.1,RNA5SP333,,,,,,,,,,,,,,,,,1,False
muscle_skeletal,raw,ENSG00000200336.1,RNA5SP333,2.6950512301227234,783.0194849135867,-0.992845334915534,0.006569406587320994,1333.0990869392665,122.3431964507352,0.0,-1.0,-0.4245279166263931,-0.9992964888956313,0.020120909544738032,28.548226284485835,813.001223990208,-0.4245279166263931,779.6779021261108,0.0,818,True
nerve_tibial,excluded_at_or_below_-1,ENSG00000200336.1,RNA5SP333,,,,,,,,,,,,,,,,,2,False
nerve_tibial,raw,ENSG00000200336.1,RNA5SP333,0.05128205128210286,701.5197222830791,-0.9892507352021126,0.003946356330535889,1.8974358987697828,329.36942215889763,0.0,-1.0,-0.0701469033589272,-0.9974163398186655,0.04738410498791237,18.371814691971903,337.3343207800927,-0.0701469033589272,700.9019803866641,0.0,670,True
ovary,excluded_at_or_below_-1,ENSG00000200336.1,RNA5SP333,,,,,,,,,,,,,,,,,0,False
ovary,raw,ENSG00000200336.1,RNA5SP333,0.0,193.0,-0.9875,1.0001e-06,0.0,-17675.90193946968,0.0,-1.0,-1.0,-1.0,0.0,,,-1.0,1.576209879236373e-187,0.0,193,True
pancreas,excluded_at_or_below_-1,ENSG00000200336.1,RNA5SP333,,,,,,,,,,,,,,,,,0,False
pancreas,raw,ENSG00000200336.1,RNA5SP333,0.0,362.0,-0.9875,1.0001e-06,0.0,-17675.90193946968,0.0,-1.0,-1.0,-1.0,0.0,,,-1.0,2.956414384888948e-187,0.0,362,True
pituitary,excluded_at_or_below_-1,ENSG00000200336.1,RNA5SP333,,,,,,,,,,,,,,,,,2,False
pituitary,raw,ENSG00000200336.1,RNA5SP333,-0.20013283171827392,291.46135562460154,-0.986955326297265,0.011313708554153742,395.4303191690199,128.87758044582503,0.0,-1.0,0.044065322296896,-0.9942704203153238,0.07252845121056811,12.878170876101857,167.58820211136958,0.044065322296896,289.8454603225206,0.0,313,True
prostate,excluded_at_or_below_-1,ENSG00000200336.1,RNA5SP333,,,,,,,,,,,,,,,,,0,False
prostate,raw,ENSG00000200336.1,RNA5SP333,0.0,282.0,-0.9875,1.0001e-06,0.0,-17675.90193946968,0.0,-1.0,-1.0,-1.0,0.0,,,-1.0,2.3030631396096224e-187,0.0,282,True
skin_not_sun_exposed_suprapubic,excluded_at_or_below_-1,ENSG00000200336.1,RNA5SP333,,,,,,,,,,,,,,,,,1,False
skin_not_sun_exposed_suprapubic,raw,ENSG00000200336.1,RNA5SP333,2.174916970407673,614.5190122538492,-0.993127140814759,0.006298779000391088,1337.88796585963,122.30329994536076,0.0,-1.0,-0.4483993303405899,-0.9991526871433803,0.021618934736069715,25.455874340936308,646.0015384615392,-0.4483993303405899,611.7043703471962,0.0,651,True
skin_sun_exposed_lower_leg,excluded_at_or_below_-1,ENSG00000200336.1,RNA5SP333,,,,,,,,,,,,,,,,,0,False
skin_sun_exposed_lower_leg,raw,ENSG00000200336.1,RNA5SP333,0.0,754.0,-0.9875,1.0001e-06,0.0,-17675.90193946968,0.0,-1.0,-1.0,-1.0,0.0,,,-1.0,6.157835486757643e-187,0.0,754,True
small_intestine_terminal_ileum,excluded_at_or_below_-1,ENSG00000200336.1,RNA5SP333,,,,,,,,,,,,,,,,,0,False
small_intestine_terminal_ileum,raw,ENSG00000200336.1,RNA5SP333,0.0,207.0,-0.9875,1.0001e-06,0.0,-17675.90193946968,0.0,-1.0,-1.0,-1.0,0.0,,,-1.0,1.6905463471602549e-187,0.0,207,True
spleen,excluded_at_or_below_-1,ENSG00000200336.1,RNA5SP333,,,,,,,,,,,,,,,,,0,False
spleen,raw,ENSG00000200336.1,RNA5SP333,0.0,277.0,-0.9875,1.0001e-06,0.0,-17675.90193946968,0.0,-1.0,-1.0,-1.0,0.0,,,-1.0,2.2622286867796648e-187,0.0,277,True
stomach,excluded_at_or_below_-1,ENSG00000200336.1,RNA5SP333,,,,,,,,,,,,,,,,,0,False
stomach,raw,ENSG00000200336.1,RNA5SP333,0.0,407.0,-0.9875,1.0001e-06,0.0,-17675.90193946968,0.0,-1.0,-1.0,-1.0,0.0,,,-1.0,3.3239244603585686e-187,0.0,407,True
testis,excluded_at_or_below_-1,ENSG00000200336.1,RNA5SP333,,,,,,,,,,,,,,,,,0,False
testis,raw,ENSG00000200336.1,RNA5SP333,0.0,414.0,-0.9875,1.0001e-06,0.0,-17675.90193946968,0.0,-1.0,-1.0,-1.0,0.0,,,-1.0,3.3810926943205097e-187,0.0,414,True
thyroid,excluded_at_or_below_-1,ENSG00000200336.1,RNA5SP333,,,,,,,,,,,,,,,,,0,False
thyroid,raw,ENSG00000200336.1,RNA5SP333,0.0,684.0,-0.9875,1.0001e-06,0.0,-17675.90193946968,0.0,-1.0,-1.0,-1.0,0.0,,,-1.0,5.586153147138233e-187,0.0,684,True
uterus,excluded_at_or_below_-1,ENSG00000200336.1,RNA5SP333,,,,,,,,,,,,,,,,,1,False
uterus,raw,ENSG00000200336.1,RNA5SP333,0.025641026026661205,170.37566708544892,-0.9904708273563586,0.004306087680314626,0.974358974682267,285.4862611367441,0.0,-1.0,-0.1212040456708788,-0.9942562355926201,0.07104644202087139,12.24771729537256,148.00657894736824,-0.1212040456708788,165.59381348964197,0.0,153,True
vagina,excluded_at_or_below_-1,ENSG00000200336.1,RNA5SP333,,,,,,,,,,,,,,,,,1,False
vagina,raw,ENSG00000200336.1,RNA5SP333,0.025641025641032402,199.2642637142613,-0.9927305608236949,0.002941589860120276,0.9743589750247066,322.0369777065056,0.0,-1.0,-0.3228878062289536,-0.9960169870954644,0.05193213461440291,12.923076923076925,165.00591715976336,-0.3228878062289536,193.87650530355035,0.0,170,True
whole_blood,excluded_at_or_below_-1,ENSG00000200336.1,RNA5SP333,,,,,,,,,,,,,,,,,0,False
whole_blood,raw,ENSG00000200336.1,RNA5SP333,0.0,803.0,-0.9875,1.0001e-06,0.0,-17675.90193946968,0.0,-1.0,-1.0,-1.0,0.0,,,-1.0,6.55801312449123e-187,0.0,803,True
adipose_subcutaneous,excluded_at_or_below_-1,ENSG00000201695.1,RNA5SP334,,,,,,,,,,,,,,,,,4,False
adipose_subcutaneous,raw,ENSG00000201695.1,RNA5SP334,0.1025641025566463,721.4319498779137,-0.9900833728846637,0.003997983038311681,3.5897435898036054,291.48155845743696,0.0,-1.0,-0.1660647397031144,-0.996261547085263,0.05059166073418499,13.849541970710543,195.14763445833267,-0.1660647397031144,720.111206768723,0.0,714,True
adipose_visceral_omentum,excluded_at_or_below_-1,ENSG00000201695.1,RNA5SP334,,,,,,,,,,,,,,,,,6,False
adipose_visceral_omentum,raw,ENSG00000201695.1,RNA5SP334,0.15789473681516727,627.9630617300854,-0.9871037857901279,0.006701095498258978,7.077562386416329,246.60790041600845,0.0,-1.0,0.1814206402801417,-0.9938648816080883,0.06733469504591898,13.044901786582436,190.8160392922876,0.1814206402801417,616.4878171489381,0.0,587,True
adrenal_gland,excluded_at_or_below_-1,ENSG00000201695.1,RNA5SP334,,,,,,,,,,,,,,,,,2,False
adrenal_gland,raw,ENSG00000201695.1,RNA5SP334,-0.2713509319661569,273.3435502947851,-0.991035417626457,0.008149143632016013,406.41131794210906,123.11102934828392,0.0,-1.0,-0.2816309206415602,-0.9956887856667097,0.052711059003037915,12.321654572642554,152.13443323312234,-0.2816309206415602,272.0112809504517,0.0,295,True
artery_aorta,excluded_at_or_below_-1,ENSG00000201695.1,RNA5SP334,,,,,,,,,,,,,,,,,2,False
artery_aorta,raw,ENSG00000201695.1,RNA5SP334,0.05128205128011353,483.22343590321003,-0.9834844869956849,0.006701212996297479,1.8974358974436822,294.22981049811165,0.0,-1.0,0.4107155705256986,-0.9954395691308788,0.07329927020017371,17.167532362384147,306.9353894740707,0.4107155705256986,483.21395154937403,0.0,472,True
artery_coronary,excluded_at_or_below_-1,ENSG00000201695.1,RNA5SP334,,,,,,,,,,,,,,,,,1,False
artery_coronary,raw,ENSG00000201695.1,RNA5SP334,0.025641025641025647,275.95577508974606,-0.9941112327181479,0.001391690105113684,0.9743589744849239,493.32150082896464,0.0,-1.0,-0.5086466115251165,-0.998166591834049,0.030014185226282148,16.278935632232002,263.0037453183524,-0.5086466115251165,272.90475104231257,0.0,268,True
artery_tibial,excluded_at_or_below_-1,ENSG00000201695.1,RNA5SP334,,,,,,,,,,,,,,,,,2,False
artery_tibial,raw,ENSG00000201695.1,RNA5SP334,1.895276795484878,654.1498213488576,-0.9849791920751222,0.010630045673038645,1221.429321220933,157.86029791521094,0.0,-1.0,0.2015899523915298,-0.9973992676914991,0.050987125611847074,21.14001084454414,467.3522872986658,0.2015899523915298,648.6264542355143,0.0,691,True
bladder,excluded_at_or_below_-1,ENSG00000201695.1,RNA5SP334,,,,,,,,,,,,,,,,,0,False
bladder,raw,ENSG00000201695.1,RNA5SP334,0.0,77.0,-0.9875,1.0001e-06,0.0,-17675.90193946968,0.0,-1.0,-1.0,-1.0,0.0,,,-1.0,6.288505735813509e-188,0.0,77,True
brain_amygdala,excluded_at_or_below_-1,ENSG00000201695.1,RNA5SP334,,,,,,,,,,,,,,,,,0,False
brain_amygdala,raw,ENSG00000201695.1,RNA5SP334,0.0,181.0,-0.9875,1.0001e-06,0.0,-17675.90193946968,0.0,-1.0,-1.0,-1.0,0.0,,,-1.0,1.478207192444474e-187,0.0,181,True
brain_anterior_cingulate_cortex_ba24,excluded_at_or_below_-1,ENSG00000201695.1,RNA5SP334,,,,,,,,,,,,,,,,,0,False
brain_anterior_cingulate_cortex_ba24,raw,ENSG00000201695.1,RNA5SP334,0.0,233.0,-0.9875,1.0001e-06,0.0,-17675.90193946968,0.0,-1.0,-1.0,-1.0,0.0,,,-1.0,1.9028855018760357e-187,0.0,233,True
brain_caudate_basal_ganglia,excluded_at_or_below_-1,ENSG00000201695.1,RNA5SP334,,,,,,,,,,,,,,,,,1,False
brain_caudate_basal_ganglia,raw,ENSG00000201695.1,RNA5SP334,0.02564102564102563,313.7260495325235,-0.9944678618650522,0.0018107731842530988,0.9743589743589743,366.15629312561765,0.0,-1.0,-0.5256376833983664,-0.9984187922779946,0.027387321118336763,17.233784972593963,295.0033444816055,-0.5256376833983664,313.71377173037007,0.0,300,True
brain_cerebellar_hemisphere,excluded_at_or_below_-1,ENSG00000201695.1,RNA5SP334,,,,,,,,,,,,,,,,,0,False
brain_cerebellar_hemisphere,raw,ENSG00000201695.1,RNA5SP334,0.0,277.0,-0.9875,1.0001e-06,0.0,-17675.90193946968,0.0,-1.0,-1.0,-1.0,0.0,,,-1.0,2.2622286867796648e-187,0.0,277,True
brain_cerebellum,excluded_at_or_below_-1,ENSG00000201695.1,RNA5SP334,,,,,,,,,,,,,,,,,0,False
brain_cerebellum,raw,ENSG00000201695.1,RNA5SP334,0.0,266.0,-0.9875,1.0001e-06,0.0,-17675.90193946968,0.0,-1.0,-1.0,-1.0,0.0,,,-1.0,2.1723928905537574e-187,0.0,266,True
brain_cortex,excluded_at_or_below_-1,ENSG00000201695.1,RNA5SP334,,,,,,,,,,,,,,,,,0,False
brain_cortex,raw,ENSG00000201695.1,RNA5SP334,0.0,270.0,-0.9875,1.0001e-06,0.0,-17675.90193946968,0.0,-1.0,-1.0,-1.0,0.0,,,-1.0,2.2050604528177237e-187,0.0,270,True
brain_frontal_cortex_ba9,excluded_at_or_below_-1,ENSG00000201695.1,RNA5SP334,,,,,,,,,,,,,,,,,1,False
brain_frontal_cortex_ba9,raw,ENSG00000201695.1,RNA5SP334,0.025641025540945626,281.37350189930487,-0.9941071904288012,0.0028018870248413927,0.974358975188487,259.96146587398545,0.0,-1.0,-0.4790628735232136,-0.9980634307565919,0.03176209717390138,16.30962082156675,264.0037313432835,-0.4790628735232136,280.01482079577823,0.0,269,True
brain_hippocampus,excluded_at_or_below_-1,ENSG00000201695.1,RNA5SP334,,,,,,,,,,,,,,,,,0,False
brain_hippocampus,raw,ENSG00000201695.1,RNA5SP334,0.0,255.0,-0.9875,1.0001e-06,0.0,-17675.90193946968,0.0,-1.0,-1.0,-1.0,0.0,,,-1.0,2.08255709432785e-187,0.0,255,True
brain_hypothalamus,excluded_at_or_below_-1,ENSG00000201695.1,RNA5SP334,,,,,,,,,,,,,,,,,0,False
brain_hypothalamus,raw,ENSG00000201695.1,RNA5SP334,0.0,257.0,-0.9875,1.0001e-06,0.0,-17675.90193946968,0.0,-1.0,-1.0,-1.0,0.0,,,-1.0,2.0988908754598334e-187,0.0,257,True
brain_nucleus_accumbens_basal_ganglia,excluded_at_or_below_-1,ENSG00000201695.1,RNA5SP334,,,,,,,,,,,,,,,,,1,False
brain_nucleus_accumbens_basal_ganglia,raw,ENSG00000201695.1,RNA5SP334,0.02564102562710054,300.2610750254365,-0.994317318530559,0.0025828708923275653,0.9743589745194463,272.5238350998635,0.0,-1.0,-0.4965891819372722,-0.9982336462524115,0.029819483313124347,16.79296046344302,280.00352112676046,-0.4965891819372722,298.46165530299714,0.0,285,True
brain_putamen_basal_ganglia,excluded_at_or_below_-1,ENSG00000201695.1,RNA5SP334,,,,,,,,,,,,,,,,,1,False
brain_putamen_basal_ganglia,raw,ENSG00000201695.1,RNA5SP334,0.02564102562558056,265.57169946702226,-0.9933873653327493,0.002264753969662571,0.974358974389791,301.2680465452055,0.0,-1.0,-0.5109298196698264,-0.9980745268490938,0.03068699237681334,15.843104259240686,249.0039525691702,-0.5109298196698264,265.233773938912,0.0,254,True
brain_spinal_cord_cervical_c-1,excluded_at_or_below_-1,ENSG00000201695.1,RNA5SP334,,,,,,,,,,,,,,,,,0,False
brain_spinal_cord_cervical_c-1,raw,ENSG00000201695.1,RNA5SP334,0.0,204.0,-0.9875,1.0001e-06,0.0,-17675.90193946968,0.0,-1.0,-1.0,-1.0,0.0,,,-1.0,1.6660456754622802e-187,0.0,204,True
brain_substantia_nigra,excluded_at_or_below_-1,ENSG00000201695.1,RNA5SP334,,,,,,,,,,,,,,,,,0,False
brain_substantia_nigra,raw,ENSG00000201695.1,RNA5SP334,0.0,183.0,-0.9875,1.0001e-06,0.0,-17675.90193946968,0.0,-1.0,-1.0,-1.0,0.0,,,-1.0,1.4945409735764572e-187,0.0,183,True
breast_mammary_tissue,excluded_at_or_below_-1,ENSG00000201695.1,RNA5SP334,,,,,,,,,,,,,,,,,4,False
breast_mammary_tissue,raw,ENSG00000201695.1,RNA5SP334,0.102564102564102,590.1679168741254,-0.9857935384576655,0.005676142403437513,3.5897435897437022,322.88303115234794,0.0,-1.0,0.3101423182165546,-0.99420086696376,0.07230203411358713,14.473070451189903,229.93185547546977,0.3101423182165546,569.0633837132741,0.0,514,True
cells_cultured_fibroblasts,excluded_at_or_below_-1,ENSG00000201695.1,RNA5SP334,,,,,,,,,,,,,,,,,6,False
cells_cultured_fibroblasts,raw,ENSG00000201695.1,RNA5SP334,0.15384615364943416,733.9988839172566,-0.9897271876014413,0.004983165686167581,5.076923077986677,270.7857160942141,0.0,-1.0,-0.0355784475195555,-0.9927938705594267,0.07591658577730569,10.723992232046779,115.9612267725907,-0.0355784475195555,722.9932439742412,0.0,652,True
cells_ebv-transformed_lymphocytes,excluded_at_or_below_-1,ENSG00000201695.1,RNA5SP334,,,,,,,,,,,,,,,,,1,False
cells_ebv-transformed_lymphocytes,raw,ENSG00000201695.1,RNA5SP334,0.025641025641029387,369.2775483825603,-0.9924157420613592,0.0029001250714050545,0.9743589762161949,332.12867346326607,0.0,-1.0,-0.3113201010133298,-0.9978939452630378,0.03808408543619752,18.000085207705602,322.0030674846626,-0.3113201010133298,359.95457472573514,0.0,327,True
cervix_ectocervix,excluded_at_or_below_-1,ENSG00000201695.1,RNA5SP334,,,,,,,,,,,,,,,,,0,False
cervix_ectocervix,raw,ENSG00000201695.1,RNA5SP334,0.0,24.0,-0.9875,1.0001e-06,0.0,-17675.90193946968,0.0,-1.0,-1.0,-1.0,0.0,,,-1.0,1.9600537358379766e-188,0.0,24,True
cervix_endocervix,excluded_at_or_below_-1,ENSG00000201695.1,RNA5SP334,,,,,,,,,,,,,,,,,0,False
cervix_endocervix,raw,ENSG00000201695.1,RNA5SP334,0.0,23.0,-0.9875,1.0001e-06,0.0,-17675.90193946968,0.0,-1.0,-1.0,-1.0,0.0,,,-1.0,1.878384830178061e-188,0.0,23,True
colon_sigmoid,excluded_at_or_below_-1,ENSG00000201695.1,RNA5SP334,,,,,,,,,,,,,,,,,0,False
colon_sigmoid,raw,ENSG00000201695.1,RNA5SP334,0.0,419.0,-0.9875,1.0001e-06,0.0,-17675.90193946968,0.0,-1.0,-1.0,-1.0,0.0,,,-1.0,3.4219271471504676e-187,0.0,419,True
colon_transverse,excluded_at_or_below_-1,ENSG00000201695.1,RNA5SP334,,,,,,,,,,,,,,,,,1,False
colon_transverse,raw,ENSG00000201695.1,RNA5SP334,1.4174472147910417,443.3756331312167,-0.993836292128683,0.005917988209138076,1224.3127358428007,117.03498450761545,0.0,-1.0,-0.5040858917644684,-0.9989646887093204,0.022658893959404867,21.81747217370082,474.00209205020957,-0.5040858917644684,441.6609457228784,0.0,479,True
esophagus_gastroesophageal_junction,excluded_at_or_below_-1,ENSG00000201695.1,RNA5SP334,,,,,,,,,,,,,,,,,0,False
esophagus_gastroesophageal_junction,raw,ENSG00000201695.1,RNA5SP334,0.0,403.0,-0.9875,1.0001e-06,0.0,-17675.90193946968,0.0,-1.0,-1.0,-1.0,0.0,,,-1.0,3.2912568980946026e-187,0.0,403,True
esophagus_mucosa,excluded_at_or_below_-1,ENSG00000201695.1,RNA5SP334,,,,,,,,,,,,,,,,,1,False
esophagus_mucosa,raw,ENSG00000201695.1,RNA5SP334,2.1539082930075524,577.4243923098966,-0.9915102944253542,0.008113156749310797,1369.5556348941282,117.62324291355323,0.0,-1.0,-0.3167212579529708,-0.9988871681725618,0.027574885877585085,24.71844718669381,609.0016313213708,-0.3167212579529708,575.1932129659689,0.0,614,True
esophagus_muscularis,excluded_at_or_below_-1,ENSG00000201695.1,RNA5SP334,,,,,,,,,,,,,,,,,1,False
esophagus_muscularis,raw,ENSG00000201695.1,RNA5SP334,1.4484481869516606,531.7011594671566,-0.9903619148045995,0.006768041907654126,801.3560942651408,159.1022370162102,0.0,-1.0,-0.2289418320270676,-0.9986255647629716,0.032554101367731854,23.622061419662046,556.0017857142859,-0.2289418320270676,527.1517989916791,0.0,561,True
fallopian_tube,excluded_at_or_below_-1,ENSG00000201695.1,RNA5SP334,,,,,,,,,,,,,,,,,0,False
fallopian_tube,raw,ENSG00000201695.1,RNA5SP334,0.0,29.0,-0.9875,1.0001e-06,0.0,-17675.90193946968,0.0,-1.0,-1.0,-1.0,0.0,,,-1.0,2.368398264137555e-188,0.0,29,True
heart_atrial_appendage,excluded_at_or_below_-1,ENSG00000201695.1,RNA5SP334,,,,,,,,,,,,,,,,,0,False
heart_atrial_appendage,raw,ENSG00000201695.1,RNA5SP334,0.0,461.0,-0.9875,1.0001e-06,0.0,-17675.90193946968,0.0,-1.0,-1.0,-1.0,0.0,,,-1.0,3.7649365509221136e-187,0.0,461,True
heart_left_ventricle,excluded_at_or_below_-1,ENSG00000201695.1,RNA5SP334,,,,,,,,,,,,,,,,,2,False
heart_left_ventricle,raw,ENSG00000201695.1,RNA5SP334,0.05128205128075232,457.68007631001,-0.9940167115881631,0.002360563405195814,1.8974358974413836,297.9496934692438,0.0,-1.0,-0.4966879051718262,-0.9980278488070514,0.02986246613689463,15.301654993675024,235.64401336567965,-0.4966879051718262,456.83449482271953,0.0,452,True
kidney_cortex,excluded_at_or_below_-1,ENSG00000201695.1,RNA5SP334,,,,,,,,,,,,,,,,,0,False
kidney_cortex,raw,ENSG00000201695.1,RNA5SP334,0.0,104.0,-0.9875,1.0001e-06,0.0,-17675.90193946968,0.0,-1.0,-1.0,-1.0,0.0,,,-1.0,8.493566188631232e-188,0.0,104,True
kidney_medulla,excluded_at_or_below_-1,ENSG00000201695.1,RNA5SP334,,,,,,,,,,,,,,,,,0,False
kidney_medulla,raw,ENSG00000201695.1,RNA5SP334,0.0,11.0,-0.9875,1.0001e-06,0.0,-17675.90193946968,0.0,-1.0,-1.0,-1.0,0.0,,,-1.0,8.983579622590726e-189,0.0,11,True
liver,excluded_at_or_below_-1,ENSG00000201695.1,RNA5SP334,0.4352900577272216,3.1538671315954847,-0.42692326288583915,0.07305495032750825,32.98487461712375,14.835417973853097,0.0,-0.6452950937165143,0.3394395779208981,-0.3158896564313427,0.23007173785519536,1.1289926246174113,0.8519861155991708,0.3394395779208981,3.1538223010012683,0.0,34,True
liver,raw,ENSG00000201695.1,RNA5SP334,,,,,,,,,,,,,,,,,262,False
lung,excluded_at_or_below_-1,ENSG00000201695.1,RNA5SP334,,,,,,,,,,,,,,,,,4,False
lung,raw,ENSG00000201695.1,RNA5SP334,-0.39343758815192276,551.5587546765264,-0.9900063386294929,0.009496226408419484,2433.272947008484,117.9653695241419,0.0,-1.0,-0.1978870384338811,-0.9954261538425986,0.05665367940577023,12.5339758121664,157.81705148604067,-0.1978870384338811,549.2122391838541,0.0,604,True
minor_salivary_gland,excluded_at_or_below_-1,ENSG00000201695.1,RNA5SP334,,,,,,,,,,,,,,,,,3,False
minor_salivary_gland,raw,ENSG00000201695.1,RNA5SP334,0.07692307692355922,207.16681283504485,-0.9914151508543001,0.003954393541075997,2.769230769340715,286.68048232857905,0.0,-1.0,-0.1898053531301232,-0.9882451092958884,0.09149228861285864,7.746233418240869,58.84487507443421,-0.1898053531301232,204.26848175044555,0.0,181,True
muscle_skeletal,excluded_at_or_below_-1,ENSG00000201695.1,RNA5SP334,,,,,,,,,,,,,,,,,3,False
muscle_skeletal,raw,ENSG00000201695.1,RNA5SP334,2.5840713678239005,751.1927513642842,-0.9910558167052897,0.008480390229972306,4109.120750506368,118.38184866591968,0.0,-1.0,-0.2811741555876375,-0.9979585584852884,0.034461208838914854,17.573252768652125,319.20207470578424,-0.2811741555876375,748.1093144423647,0.0,818,True
nerve_tibial,excluded_at_or_below_-1,ENSG00000201695.1,RNA5SP334,,,,,,,,,,,,,,,,,1,False
nerve_tibial,raw,ENSG00000201695.1,RNA5SP334,2.3053750677215734,633.589381624118,-0.9898588530932879,0.008983231710102636,1331.001222942013,126.44998485532626,0.0,-1.0,-0.1866353910100653,-0.9987860229716569,0.03142301626166905,25.826372079103802,665.0014947683118,-0.1866353910100653,630.4209901912926,0.0,670,True
ovary,excluded_at_or_below_-1,ENSG00000201695.1,RNA5SP334,,,,,,,,,,,,,,,,,0,False
ovary,raw,ENSG00000201695.1,RNA5SP334,0.0,193.0,-0.9875,1.0001e-06,0.0,-17675.90193946968,0.0,-1.0,-1.0,-1.0,0.0,,,-1.0,1.576209879236373e-187,0.0,193,True
pancreas,excluded_at_or_below_-1,ENSG00000201695.1,RNA5SP334,,,,,,,,,,,,,,,,,1,False
pancreas,raw,ENSG00000201695.1,RNA5SP334,0.025641025641025633,398.39730252488624,-0.9924078200099847,0.002801521183188721,0.974358974817075,338.30474704775764,0.0,-1.0,-0.3222347001615154,-0.998127720166192,0.035622553290610794,18.94736842105262,357.0027700831028,-0.3222347001615154,392.9642231112488,0.0,362,True
pituitary,excluded_at_or_below_-1,ENSG00000201695.1,RNA5SP334,,,,,,,,,,,,,,,,,0,False
pituitary,raw,ENSG00000201695.1,RNA5SP334,0.0,313.0,-0.9875,1.0001e-06,0.0,-17675.90193946968,0.0,-1.0,-1.0,-1.0,0.0,,,-1.0,2.5562367471553613e-187,0.0,313,True
prostate,excluded_at_or_below_-1,ENSG00000201695.1,RNA5SP334,,,,,,,,,,,,,,,,,0,False
prostate,raw,ENSG00000201695.1,RNA5SP334,0.0,282.0,-0.9875,1.0001e-06,0.0,-17675.90193946968,0.0,-1.0,-1.0,-1.0,0.0,,,-1.0,2.3030631396096224e-187,0.0,282,True
skin_not_sun_exposed_suprapubic,excluded_at_or_below_-1,ENSG00000201695.1,RNA5SP334,,,,,,,,,,,,,,,,,1,False
skin_not_sun_exposed_suprapubic,raw,ENSG00000201695.1,RNA5SP334,2.2592682597821816,614.5089432342742,-0.9896811481219043,0.00912860107794569,1329.075960477506,126.60148907341507,0.0,-1.0,-0.1724817375280656,-0.9987288505952813,0.03243299780678822,25.455874340936294,646.0015384615386,-0.1724817375280656,611.4168678032294,0.0,651,True
skin_sun_exposed_lower_leg,excluded_at_or_below_-1,ENSG00000201695.1,RNA5SP334,,,,,,,,,,,,,,,,,0,False
skin_sun_exposed_lower_leg,raw,ENSG00000201695.1,RNA5SP334,0.0,754.0,-0.9875,1.0001e-06,0.0,-17675.90193946968,0.0,-1.0,-1.0,-1.0,0.0,,,-1.0,6.157835486757643e-187,0.0,754,True
small_intestine_terminal_ileum,excluded_at_or_below_-1,ENSG00000201695.1,RNA5SP334,,,,,,,,,,,,,,,,,0,False
small_intestine_terminal_ileum,raw,ENSG00000201695.1,RNA5SP334,0.0,207.0,-0.9875,1.0001e-06,0.0,-17675.90193946968,0.0,-1.0,-1.0,-1.0,0.0,,,-1.0,1.6905463471602549e-187,0.0,207,True
spleen,excluded_at_or_below_-1,ENSG00000201695.1,RNA5SP334,,,,,,,,,,,,,,,,,0,False
spleen,raw,ENSG00000201695.1,RNA5SP334,0.0,277.0,-0.9875,1.0001e-06,0.0,-17675.90193946968,0.0,-1.0,-1.0,-1.0,0.0,,,-1.0,2.2622286867796648e-187,0.0,277,True
stomach,excluded_at_or_below_-1,ENSG00000201695.1,RNA5SP334,,,,,,,,,,,,,,,,,0,False
stomach,raw,ENSG00000201695.1,RNA5SP334,0.0,407.0,-0.9875,1.0001e-06,0.0,-17675.90193946968,0.0,-1.0,-1.0,-1.0,0.0,,,-1.0,3.3239244603585686e-187,0.0,407,True
testis,excluded_at_or_below_-1,ENSG00000201695.1,RNA5SP334,,,,,,,,,,,,,,,,,1,False
testis,raw,ENSG00000201695.1,RNA5SP334,0.025641025641025657,413.5207156187008,-0.9904564273984319,0.0026779356925057925,0.9743589746991141,402.2693719400407,0.0,-1.0,-0.2287245802561509,-0.9981370158943385,0.03790611887374082,20.273194649771067,409.00242130750627,-0.2287245802561509,397.6164823056928,0.0,414,True
thyroid,excluded_at_or_below_-1,ENSG00000201695.1,RNA5SP334,,,,,,,,,,,,,,,,,1,False
thyroid,raw,ENSG00000201695.1,RNA5SP334,2.2981241197023428,647.6742935532634,-0.9861046116233374,0.012122998821566899,1319.1848687893944,128.32778172883374,0.0,-1.0,0.1139538152400017,-0.9983714125508188,0.04259308867019951,26.096004754154357,679.0014641288446,0.1139538152400017,644.2893072336774,0.0,684,True
uterus,excluded_at_or_below_-1,ENSG00000201695.1,RNA5SP334,,,,,,,,,,,,,,,,,0,False
uterus,raw,ENSG00000201695.1,RNA5SP334,0.0,153.0,-0.9875,1.0001e-06,0.0,-17675.90193946968,0.0,-1.0,-1.0,-1.0,0.0,,,-1.0,1.24953425659671e-187,0.0,153,True
vagina,excluded_at_or_below_-1,ENSG00000201695.1,RNA5SP334,,,,,,,,,,,,,,,,,0,False
vagina,raw,ENSG00000201695.1,RNA5SP334,0.0,170.0,-0.9875,1.0001e-06,0.0,-17675.90193946968,0.0,-1.0,-1.0,-1.0,0.0,,,-1.0,1.3883713962185667e-187,0.0,170,True
whole_blood,excluded_at_or_below_-1,ENSG00000201695.1,RNA5SP334,,,,,,,,,,,,,,,,,0,False
whole_blood,raw,ENSG00000201695.1,RNA5SP334,0.0,803.0,-0.9875,1.0001e-06,0.0,-17675.90193946968,0.0,-1.0,-1.0,-1.0,0.0,,,-1.0,6.55801312449123e-187,0.0,803,True
adipose_subcutaneous,excluded_at_or_below_-1,ENSG00000200687.1,RNA5SP335,,,,,,,,,,,,,,,,,7,False
adipose_subcutaneous,raw,ENSG00000200687.1,RNA5SP335,-0.056394793425135537,647.8833326789542,-0.9914427228215429,0.007133432382273782,3513.3648677561832,133.9968796505837,0.0,-1.0,-0.3155492751451134,-0.9954476548795846,0.04808605515155497,11.31878848712331,133.90970701625923,-0.3155492751451134,643.9214035852098,0.0,714,True
adipose_visceral_omentum,excluded_at_or_below_-1,ENSG00000200687.1,RNA5SP335,0.07688242763947274,1.1056285627265683,-0.5309390930385768,0.07518345488853302,5.215095015386922,13.596558249579813,0.0,-0.647618861936677,0.1918910727825249,-0.4529409357821551,0.24075920315159485,2.1325558335451444,3.4473752515613842,0.1918910727825249,1.10560409510077,0.0,10,True
adipose_visceral_omentum,raw,ENSG00000200687.1,RNA5SP335,0.25641025640993037,770.3494262501297,-0.9825039058809463,0.004827964325982329,11.435897435903925,344.0052979411392,0.0,-1.0,0.1918910727825249,-0.9906804248003774,0.07687849508326292,9.961687832360795,117.54326266880918,0.1918910727825249,764.7566989242376,0.0,587,True
adrenal_gland,excluded_at_or_below_-1,ENSG00000200687.1,RNA5SP335,,,,,,,,,,,,,,,,,2,False
adrenal_gland,raw,ENSG00000200687.1,RNA5SP335,0.05128205128205128,293.33904339476453,-0.9894273723449583,0.003076879344327984,1.8974358974358974,379.76849592699,0.0,-1.0,-0.1631717969257277,-0.9960109473373323,0.05252624971198115,14.472403988960906,218.41939236268848,-0.1631717969257277,282.26078930718944,0.0,295,True
artery_aorta,excluded_at_or_below_-1,ENSG00000200687.1,RNA5SP335,,,,,,,,,,,,,,,,,5,False
artery_aorta,raw,ENSG00000200687.1,RNA5SP335,0.1282051281142547,507.42866630062406,-0.9927562565704815,0.00329611888278148,4.358974359550318,278.182333528989,0.0,-1.0,-0.3443944625692332,-0.994054247679856,0.05787289855353387,9.736627716661927,93.92459711168131,-0.3443944625692332,499.3426751125712,0.0,472,True
artery_coronary,excluded_at_or_below_-1,ENSG00000200687.1,RNA5SP335,,,,,,,,,,,,,,,,,1,False
artery_coronary,raw,ENSG00000200687.1,RNA5SP335,0.025641025641025616,276.00730392326665,-0.9938917040996589,0.0020228003573662533,0.9743589748006073,358.00984027117204,0.0,-1.0,-0.4818173950215016,-0.9980664828172444,0.03165304046266298,16.278935632231985,263.0037453183522,-0.4818173950215016,275.8197438947453,0.0,268,True
artery_tibial,excluded_at_or_below_-1,ENSG00000200687.1,RNA5SP335,,,,,,,,,,,,,,,,,5,False
artery_tibial,raw,ENSG00000200687.1,RNA5SP335,0.128205128196975,773.7376779504739,-0.9946395958365577,0.0024940271268559483,8.358974359056125,279.40586709167565,0.0,-1.0,-0.501895196779871,-0.996517609743671,0.04083653368157189,11.64229617999956,133.6529818760898,-0.501895196779871,756.8006643631298,0.0,691,True
bladder,excluded_at_or_below_-1,ENSG00000200687.1,RNA5SP335,,,,,,,,,,,,,,,,,0,False
bladder,raw,ENSG00000200687.1,RNA5SP335,0.0,77.0,-0.9875,1.0001e-06,0.0,-17675.90193946968,0.0,-1.0,-1.0,-1.0,0.0,,,-1.0,6.288505735813509e-188,0.0,77,True
brain_amygdala,excluded_at_or_below_-1,ENSG00000200687.1,RNA5SP335,,,,,,,,,,,,,,,,,0,False
brain_amygdala,raw,ENSG00000200687.1,RNA5SP335,0.0,181.0,-0.9875,1.0001e-06,0.0,-17675.90193946968,0.0,-1.0,-1.0,-1.0,0.0,,,-1.0,1.478207192444474e-187,0.0,181,True
brain_anterior_cingulate_cortex_ba24,excluded_at_or_below_-1,ENSG00000200687.1,RNA5SP335,,,,,,,,,,,,,,,,,4,False
brain_anterior_cingulate_cortex_ba24,raw,ENSG00000200687.1,RNA5SP335,0.10256410257009971,292.29378000944234,-0.9946798350548072,0.0026252390754529435,3.5897435920177294,282.3525966887706,0.0,-1.0,-0.470541833833028,-0.9930513084847215,0.05391384776237773,7.9560893013206915,63.859308735314684,-0.470541833833028,292.28188939303357,0.0,233,True
brain_caudate_basal_ganglia,excluded_at_or_below_-1,ENSG00000200687.1,RNA5SP335,,,,,,,,,,,,,,,,,8,False
brain_caudate_basal_ganglia,raw,ENSG00000200687.1,RNA5SP335,0.20512820512820512,325.0997481245224,-0.995603590049571,0.0017030004117692807,6.358974362608965,325.6146399625828,0.0,-1.0,-0.6034974183311501,-0.9925037308608418,0.04654069914178769,6.330508373904284,39.856836277168284,-0.6034974183311501,318.854867246997,0.0,300,True
brain_cerebellar_hemisphere,excluded_at_or_below_-1,ENSG00000200687.1,RNA5SP335,,,,,,,,,,,,,,,,,7,False
brain_cerebellar_hemisphere,raw,ENSG00000200687.1,RNA5SP335,0.17948717947292747,299.1731273034079,-0.9942960690687118,0.0027381163897493843,5.743589744137873,269.0930154454605,0.0,-1.0,-0.473294138694128,-0.9898695085119205,0.06406395565743855,6.3505368896086996,39.559064669521064,-0.473294138694128,291.9492511411036,0.0,277,True
brain_cerebellum,excluded_at_or_below_-1,ENSG00000200687.1,RNA5SP335,,,,,,,,,,,,,,,,,4,False
brain_cerebellum,raw,ENSG00000200687.1,RNA5SP335,0.10256410256410263,332.95701945041105,-0.9934627312486408,0.0028974406281649994,3.589743592142702,307.5041636461876,0.0,-1.0,-0.3634482265204595,-0.9921254126112546,0.06484988338340288,8.317607060832371,68.75810016081957,-0.3634482265204595,331.9289822900842,0.0,266,True
brain_cortex,excluded_at_or_below_-1,ENSG00000200687.1,RNA5SP335,,,,,,,,,,,,,,,,,3,False
brain_cortex,raw,ENSG00000200687.1,RNA5SP335,0.0769229663349975,347.7972416023237,-0.9962735261743626,0.002205062042160103,2.7692307722574303,247.0109751649201,0.0,-1.0,-0.6111304757717515,-0.9959051006516418,0.03874483014266193,9.358766663725815,85.78000971693967,-0.6111304757717515,345.76716201667045,0.0,270,True
brain_frontal_cortex_ba9,excluded_at_or_below_-1,ENSG00000200687.1,RNA5SP335,,,,,,,,,,,,,,,,,2,False
brain_frontal_cortex_ba9,raw,ENSG00000200687.1,RNA5SP335,0.05128205128204818,281.8599525009148,-0.9948825160050725,0.0019500933587832568,3.897435897436087,319.5626240530621,0.0,-1.0,-0.5542298681578008,-0.9966894895982935,0.038321686675160734,11.467694305676847,129.50818933145723,-0.5542298681578008,281.23535960333726,0.0,269,True
brain_hippocampus,excluded_at_or_below_-1,ENSG00000200687.1,RNA5SP335,,,,,,,,,,,,,,,,,7,False
brain_hippocampus,raw,ENSG00000200687.1,RNA5SP335,0.17948717948717965,311.8759406219797,-0.9936921921258657,0.002098487926993642,9.743589749476495,390.0727768249784,0.0,-1.0,-0.4148807349351088,-0.9902568797217791,0.06031946811331779,6.610869613822929,46.359124885523826,-0.4148807349351088,298.0505391574576,0.0,255,True
brain_hypothalamus,excluded_at_or_below_-1,ENSG00000200687.1,RNA5SP335,,,,,,,,,,,,,,,,,5,False
brain_hypothalamus,raw,ENSG00000200687.1,RNA5SP335,0.12820512820512822,289.1686306417478,-0.9936304270340436,0.001760212813558845,6.3589743589743595,446.326862560671,0.0,-1.0,-0.4381059409044535,-0.9911689378923231,0.06449848488722618,7.442140104490259,55.03564644437207,-0.4381059409044535,285.57637852035583,0.0,257,True
brain_nucleus_accumbens_basal_ganglia,excluded_at_or_below_-1,ENSG00000200687.1,RNA5SP335,,,,,,,,,,,,,,,,,6,False
brain_nucleus_accumbens_basal_ganglia,raw,ENSG00000200687.1,RNA5SP335,0.15384615455898187,327.4315161719453,-0.9926463136160946,0.0033713477378727098,7.076923079988131,289.0356071947937,0.0,-1.0,-0.3036135066857944,-0.9889547172438908,0.07759422903012062,7.2503564593365954,53.11400468920013,-0.3036135066857944,323.3368675667812,0.0,285,True
brain_putamen_basal_ganglia,excluded_at_or_below_-1,ENSG00000200687.1,RNA5SP335,,,,,,,,,,,,,,,,,6,False
brain_putamen_basal_ganglia,raw,ENSG00000200687.1,RNA5SP335,0.15384615384641212,332.29460106692505,-0.9941751821006315,0.0025591480618588573,7.076923087968511,315.55273665415046,0.0,-1.0,-0.4231538060450664,-0.9918333399990813,0.0561037796990815,7.52644303865133,60.05421505169011,-0.4231538060450664,332.18384343023234,0.0,254,True
brain_spinal_cord_cervical_c-1,excluded_at_or_below_-1,ENSG00000200687.1,RNA5SP335,,,,,,,,,,,,,,,,,2,False
brain_spinal_cord_cervical_c-1,raw,ENSG00000200687.1,RNA5SP335,0.05128205128205134,269.88793228922975,-0.9952820234625909,0.0019350167932399253,3.8974358986207984,333.3292474375273,0.0,-1.0,-0.5391997819747387,-0.9955299795625745,0.045036243264495304,9.9521170898744,97.05643857288788,-0.5391997819747387,269.13492033106684,0.0,204,True
brain_substantia_nigra,excluded_at_or_below_-1,ENSG00000200687.1,RNA5SP335,,,,,,,,,,,,,,,,,4,False
brain_substantia_nigra,raw,ENSG00000200687.1,RNA5SP335,0.10256394676914064,213.00333958880944,-0.9956745457385865,0.002262730474827117,9.589743595453266,260.8307450174655,0.0,-1.0,-0.5783474239900697,-0.9932772373016164,0.046143718554172715,7.05899438319597,50.58781433016616,-0.5783474239900697,212.571883038343,0.0,183,True
breast_mammary_tissue,excluded_at_or_below_-1,ENSG00000200687.1,RNA5SP335,,,,,,,,,,,,,,,,,4,False
breast_mammary_tissue,raw,ENSG00000200687.1,RNA5SP335,0.10256410256410527,564.998297540943,-0.9942095749742244,0.0021519020890916124,3.589743596281588,336.8699633284532,0.0,-1.0,-0.4816199653665429,-0.996581887589613,0.039166470109036615,11.619445119510084,135.48662551566758,-0.4816199653665429,556.338648490626,0.0,514,True
cells_cultured_fibroblasts,excluded_at_or_below_-1,ENSG00000200687.1,RNA5SP335,0.21394754804599778,3.964521551529477,-0.5298713227701985,0.1726907895519108,56.70599242583959,6.7658363693492,0.0,-0.7684139908022608,0.2963105607080922,-0.4617656799359706,0.18940590105921737,1.8130325287321931,4.36789005965008,0.2963105607080922,3.9645045883143144,0.0,53,True
cells_cultured_fibroblasts,raw,ENSG00000200687.1,RNA5SP335,1.358974360358319,657.8859369979596,-0.9856709683505652,0.006049752765077453,166.97435897437921,299.6809515212214,0.0,-1.0,0.2963105607080922,-0.9562478236757768,0.15663161238423512,3.904397471404356,16.5448017929375,0.2963105607080922,645.9143566195079,0.0,652,True
cells_ebv-transformed_lymphocytes,excluded_at_or_below_-1,ENSG00000200687.1,RNA5SP335,0.17156816706507888,1216121994706.6208,-4.339223163798335,0.6930098805544309,10.743250340646947,8.201064416485265,0.0,-0.6840732858684214,-0.3204392807257603,-0.5658880920598274,0.10537954163587515,0.8702188545293744,0.009126375624751493,-0.3204392807257603,1.005341404809305,0.0,14,True
cells_ebv-transformed_lymphocytes,raw,ENSG00000200687.1,RNA5SP335,0.3589743544792348,330.1852866548959,-0.9906869877440295,0.003502940914046174,14.974359132024166,270.59360139758576,0.0,-1.0,-0.3204392807257603,-0.9814141690790141,0.09049540670056726,4.954369145047769,24.189542121392584,-0.3204392807257603,328.67634167397017,0.0,327,True
cervix_ectocervix,excluded_at_or_below_-1,ENSG00000200687.1,RNA5SP335,,,,,,,,,,,,,,,,,0,False
cervix_ectocervix,raw,ENSG00000200687.1,RNA5SP335,0.0,24.0,-0.9875,1.0001e-06,0.0,-17675.90193946968,0.0,-1.0,-1.0,-1.0,0.0,,,-1.0,1.9600537358379766e-188,0.0,24,True
cervix_endocervix,excluded_at_or_below_-1,ENSG00000200687.1,RNA5SP335,,,,,,,,,,,,,,,,,0,False
cervix_endocervix,raw,ENSG00000200687.1,RNA5SP335,0.0,23.0,-0.9875,1.0001e-06,0.0,-17675.90193946968,0.0,-1.0,-1.0,-1.0,0.0,,,-1.0,1.878384830178061e-188,0.0,23,True
colon_sigmoid,excluded_at_or_below_-1,ENSG00000200687.1,RNA5SP335,,,,,,,,,,,,,,,,,3,False
colon_sigmoid,raw,ENSG00000200687.1,RNA5SP335,0.07894850765224716,388.8011738071238,-0.9903912619891523,0.009316999191036802,766.4102282623719,115.81604042757229,0.0,-1.0,-0.2273820647346138,-0.9956700013165245,0.05241902807866626,12.56030355556592,161.53724716314363,-0.2273820647346138,387.29833642499506,0.0,419,True
colon_transverse,excluded_at_or_below_-1,ENSG00000200687.1,RNA5SP335,,,,,,,,,,,,,,,,,5,False
colon_transverse,raw,ENSG00000200687.1,RNA5SP335,0.12820512819280913,500.336917764507,-0.9885688632038325,0.005028954558835568,6.358974359137383,280.32777473894396,0.0,-1.0,0.0082789101805689,-0.9949812511322311,0.056105017618188806,14.057671038787133,225.03664916761736,0.0082789101805689,497.89502548760333,0.0,479,True
esophagus_gastroesophageal_junction,excluded_at_or_below_-1,ENSG00000200687.1,RNA5SP335,,,,,,,,,,,,,,,,,2,False
esophagus_gastroesophageal_junction,raw,ENSG00000200687.1,RNA5SP335,0.05128205128205126,428.58287243587523,-0.992140219688725,0.0026884437008953496,1.8974358974364576,355.8349469683276,0.0,-1.0,-0.3156920175302369,-0.997033424144905,0.042499013936656456,14.522720235747967,212.75035504334988,-0.3156920175302369,427.4690839093426,0.0,403,True
esophagus_mucosa,excluded_at_or_below_-1,ENSG00000200687.1,RNA5SP335,,,,,,,,,,,,,,,,,5,False
esophagus_mucosa,raw,ENSG00000200687.1,RNA5SP335,0.1282051282054001,679.1492987744001,-0.9946264573269082,0.00217143530341163,6.3589743688486156,313.86736815818716,0.0,-1.0,-0.5127030039384874,-0.9965412707226214,0.03836585931122585,11.089153075339624,122.05170565182952,-0.5127030039384874,664.4614278727774,0.0,614,True
esophagus_muscularis,excluded_at_or_below_-1,ENSG00000200687.1,RNA5SP335,,,,,,,,,,,,,,,,,4,False
esophagus_muscularis,raw,ENSG00000200687.1,RNA5SP335,0.10256410256432673,560.922767810278,-0.9911077537292647,0.003248573117057124,3.5897435897821626,315.41794259375035,0.0,-1.0,-0.2665649574997367,-0.9964334057598281,0.04446582615506775,13.390160992347916,187.6037150999038,-0.2665649574997367,555.4652014925588,0.0,561,True
fallopian_tube,excluded_at_or_below_-1,ENSG00000200687.1,RNA5SP335,,,,,,,,,,,,,,,,,1,False
fallopian_tube,raw,ENSG00000200687.1,RNA5SP335,0.025641025543456264,29.082836983794902,-0.9953765324918311,0.0022139412605644217,0.9743589745585606,255.6182220136539,0.0,-1.0,-0.59520802631621,-0.9860416560798694,0.07516798244456768,5.10252038562457,24.035714285714302,-0.59520802631621,29.01499777070406,0.0,29,True
heart_atrial_appendage,excluded_at_or_below_-1,ENSG00000200687.1,RNA5SP335,,,,,,,,,,,,,,,,,5,False
heart_atrial_appendage,raw,ENSG00000200687.1,RNA5SP335,0.1315789473418619,500.56675824869393,-0.9911268169010702,0.005496523377770447,6.359422789876966,214.95879135705252,0.0,-1.0,-0.1556617546309268,-0.995569467536092,0.04825790167589875,13.61660056617749,211.07272921369713,-0.1556617546309268,497.7117028396142,0.0,461,True
heart_left_ventricle,excluded_at_or_below_-1,ENSG00000200687.1,RNA5SP335,,,,,,,,,,,,,,,,,5,False
heart_left_ventricle,raw,ENSG00000200687.1,RNA5SP335,0.13157886409351158,415.1039841478138,-0.9947522534549029,0.0045761203266101785,1024.4863193304084,128.18436195370026,0.0,-1.0,-0.5799725625392166,-0.9970511003261519,0.029063660083015638,10.701522731580933,123.45125878963259,-0.5799725625392166,412.82889910110515,0.0,452,True
kidney_cortex,excluded_at_or_below_-1,ENSG00000200687.1,RNA5SP335,,,,,,,,,,,,,,,,,0,False
kidney_cortex,raw,ENSG00000200687.1,RNA5SP335,0.0,104.0,-0.9875,1.0001e-06,0.0,-17675.90193946968,0.0,-1.0,-1.0,-1.0,0.0,,,-1.0,8.493566188631232e-188,0.0,104,True
kidney_medulla,excluded_at_or_below_-1,ENSG00000200687.1,RNA5SP335,,,,,,,,,,,,,,,,,0,False
kidney_medulla,raw,ENSG00000200687.1,RNA5SP335,0.0,11.0,-0.9875,1.0001e-06,0.0,-17675.90193946968,0.0,-1.0,-1.0,-1.0,0.0,,,-1.0,8.983579622590726e-189,0.0,11,True
liver,excluded_at_or_below_-1,ENSG00000200687.1,RNA5SP335,,,,,,,,,,,,,,,,,7,False
liver,raw,ENSG00000200687.1,RNA5SP335,0.17948717738045483,265.9592609446441,-0.9940197669046956,0.00225847648887214,9.743589774276934,272.43011598753634,0.0,-1.0,-0.5589532195395956,-0.9906466350267754,0.0576393894002347,6.188999815477604,37.38583834093829,-0.5589532195395956,265.5391967940477,0.0,262,True
lung,excluded_at_or_below_-1,ENSG00000200687.1,RNA5SP335,0.04509598469779263,1.6231538853748815,-0.9401214550570898,0.462567198119166,6.920622553771833,3.864089764183896,0.0,-0.5873344367824118,0.3237620368394085,-0.35324387731393814,0.2650855511606451,1.7784781084257666,2.4046888710167016,0.3237620368394085,0.9063569962317368,0.0,10,True
lung,raw,ENSG00000200687.1,RNA5SP335,0.2631506996173173,549.2459764013981,-0.9834529043903625,0.012974000728179497,1989.9802197948225,142.4912128152236,0.0,-1.0,0.3237620368394085,-0.9892921171740717,0.08871773189524293,9.65517403683987,107.14168607584531,0.3237620368394085,545.471172785345,0.0,604,True
minor_salivary_gland,excluded_at_or_below_-1,ENSG00000200687.1,RNA5SP335,,,,,,,,,,,,,,,,,0,False
minor_salivary_gland,raw,ENSG00000200687.1,RNA5SP335,0.0,181.0,-0.9875,1.0001e-06,0.0,-17675.90193946968,0.0,-1.0,-1.0,-1.0,0.0,,,-1.0,1.478207192444474e-187,0.0,181,True
muscle_skeletal,excluded_at_or_below_-1,ENSG00000200687.1,RNA5SP335,,,,,,,,,,,,,,,,,6,False
muscle_skeletal,raw,ENSG00000200687.1,RNA5SP335,0.1538461538461538,823.0861305743983,-0.9940997376152972,0.0009997199066988653,5.076923077467425,672.6454253886845,0.0,-1.0,-0.5186008173655224,-0.997464709873384,0.03030326748787826,12.454208055847594,160.00147704653227,-0.5186008173655224,763.2869788197347,0.0,818,True
nerve_tibial,excluded_at_or_below_-1,ENSG00000200687.1,RNA5SP335,,,,,,,,,,,,,,,,,4,False
nerve_tibial,raw,ENSG00000200687.1,RNA5SP335,0.10526315757346871,713.5574078748917,-0.992676192740155,0.003860412803160034,3.5900278141309814,241.70271366481748,0.0,-1.0,-0.332894477152263,-0.9968340853541994,0.04136924084342189,13.317126156477952,180.08946924514285,-0.332894477152263,702.9659415928593,0.0,670,True
ovary,excluded_at_or_below_-1,ENSG00000200687.1,RNA5SP335,,,,,,,,,,,,,,,,,2,False
ovary,raw,ENSG00000200687.1,RNA5SP335,0.05128205128205127,252.37107219434287,-0.9949837768251355,0.0020019972508002314,1.8974358974358974,339.6822169896498,0.0,-1.0,-0.5141208557979371,-0.9951243176603082,0.047796856233106255,9.686035381127722,91.92394407025465,-0.5141208557979371,250.97102564979613,0.0,193,True
pancreas,excluded_at_or_below_-1,ENSG00000200687.1,RNA5SP335,,,,,,,,,,,,,,,,,1,False
pancreas,raw,ENSG00000200687.1,RNA5SP335,0.025641025263769907,398.39683157444944,-0.997161825921239,0.0013177293767235566,0.9743589825924863,276.1661485868583,0.0,-1.0,-0.7398370084171206,-0.9992813177028097,0.013673863259323524,18.94736842105263,357.0027700831026,-0.7398370084171206,389.1324348630248,0.0,362,True
pituitary,excluded_at_or_below_-1,ENSG00000200687.1,RNA5SP335,,,,,,,,,,,,,,,,,6,False
pituitary,raw,ENSG00000200687.1,RNA5SP335,0.15384615384615383,322.73368951007296,-0.9879157335567799,0.002815306872804007,5.076923076923157,504.9726454835879,0.0,-1.0,0.0173447145345166,-0.9886074080694763,0.08881871769777006,8.734977362974725,81.36620803876632,0.0173447145345166,321.1822689543587,0.0,313,True
prostate,excluded_at_or_below_-1,ENSG00000200687.1,RNA5SP335,,,,,,,,,,,,,,,,,2,False
prostate,raw,ENSG00000200687.1,RNA5SP335,0.05128205128205128,321.85680315034426,-0.9944586470419579,0.0015033522104344747,1.8974358974358974,454.06666547046973,0.0,-1.0,-0.5117719133111766,-0.9969806511853095,0.0361752655105696,12.121342415834139,147.69383405758276,-0.5117719133111766,318.04228571854185,0.0,282,True
skin_not_sun_exposed_suprapubic,excluded_at_or_below_-1,ENSG00000200687.1,RNA5SP335,,,,,,,,,,,,,,,,,1,False
skin_not_sun_exposed_suprapubic,raw,ENSG00000200687.1,RNA5SP335,2.3246745936905806,614.4793224670951,-0.9951615534913472,0.004635529545164015,1395.530255577624,117.50378754689999,0.0,-1.0,-0.6100059494619816,-0.9994009307979447,0.015285071954758204,25.45587434093629,646.0015384615386,-0.6100059494619816,612.2267603490029,0.0,651,True
skin_sun_exposed_lower_leg,excluded_at_or_below_-1,ENSG00000200687.1,RNA5SP335,,,,,,,,,,,,,,,,,6,False
skin_sun_exposed_lower_leg,raw,ENSG00000200687.1,RNA5SP335,0.15384615273266228,802.4108293064256,-0.9904078588908449,0.004346480035444563,7.076923077882373,276.58215577943196,0.0,-1.0,-0.1403532064391612,-0.9961005843695038,0.04621617627599169,13.406814197427003,200.0803205788587,-0.1403532064391612,793.7109436106344,0.0,754,True
small_intestine_terminal_ileum,excluded_at_or_below_-1,ENSG00000200687.1,RNA5SP335,,,,,,,,,,,,,,,,,3,False
small_intestine_terminal_ileum,raw,ENSG00000200687.1,RNA5SP335,0.07692307692597682,239.3164801260648,-0.9936283376141053,0.003070366830884057,4.769230769536061,277.1097237759632,0.0,-1.0,-0.392001732528065,-0.9920649012547853,0.06622683794527195,8.345558249727048,68.65539762544896,-0.392001732528065,237.31285959431264,0.0,207,True
spleen,excluded_at_or_below_-1,ENSG00000200687.1,RNA5SP335,,,,,,,,,,,,,,,,,3,False
spleen,raw,ENSG00000200687.1,RNA5SP335,0.0769230764819442,349.940432732787,-0.99565642037849,0.0023938574066522064,4.7692307704925385,258.7080359013716,0.0,-1.0,-0.557738015138675,-0.9953262393534642,0.04477327357124652,9.468761493663427,87.76026137173884,-0.557738015138675,349.48462788613534,0.0,277,True
stomach,excluded_at_or_below_-1,ENSG00000200687.1,RNA5SP335,,,,,,,,,,,,,,,,,5,False
stomach,raw,ENSG00000200687.1,RNA5SP335,0.12820512820512817,403.91531304062335,-0.9935047630661509,0.0008857527398959288,4.358974359355768,827.3227884884885,0.0,-1.0,-0.4753344907825566,-0.9948520650497246,0.04748265308480399,9.507551700792304,91.35470200065332,-0.4753344907825566,341.17625044729476,0.0,407,True
testis,excluded_at_or_below_-1,ENSG00000200687.1,RNA5SP335,,,,,,,,,,,,,,,,,6,False
testis,raw,ENSG00000200687.1,RNA5SP335,0.15803255470347463,382.3174136684005,-0.9877556214738218,0.010984476250483252,664.1554968463148,124.75913879608628,0.0,-1.0,-0.0187267324871007,-0.9927278943251863,0.06582889958164481,10.804459072634128,132.9509984179,-0.0187267324871007,380.40884153138387,0.0,414,True
thyroid,excluded_at_or_below_-1,ENSG00000200687.1,RNA5SP335,0.2800396258994088,2.0265707011115293,-0.44437272643021203,0.1251529155720652,25.51246041476873,6.404403644820441,0.0,-0.6105543356553653,0.1223944224469681,-0.37186839467199057,0.18358992947552588,1.4058238211654406,1.41705872006749,0.1223944224469681,2.0265638067144867,0.0,35,True
thyroid,raw,ENSG00000200687.1,RNA5SP335,0.8974358924097501,688.7065081139152,-0.9845689242358294,0.005683979100406183,79.5897439424198,275.4201854501632,0.0,-1.0,0.1223944224469681,-0.9678587628852627,0.1444360591562243,4.730543920287527,23.008308352404182,0.1223944224469681,684.576298938512,0.0,684,True
uterus,excluded_at_or_below_-1,ENSG00000200687.1,RNA5SP335,,,,,,,,,,,,,,,,,1,False
uterus,raw,ENSG00000200687.1,RNA5SP335,0.025641025641798335,175.51704517301218,-0.9944248366575162,0.0024447629298414773,0.9743589750310856,297.71475183866204,0.0,-1.0,-0.4797628306300999,-0.9965997570629419,0.042058682346753785,12.24771729537258,148.0065789473685,-0.4797628306300999,171.6667402685992,0.0,153,True
vagina,excluded_at_or_below_-1,ENSG00000200687.1,RNA5SP335,,,,,,,,,,,,,,,,,1,False
vagina,raw,ENSG00000200687.1,RNA5SP335,0.025641025642867715,194.95872161751424,-0.9944169707242698,0.0024886416015123926,0.974358975155687,293.4288831555542,0.0,-1.0,-0.4780597916283018,-0.9969297634801665,0.040030986609279375,12.923076923076914,165.00591715976316,-0.4780597916283018,191.0335882548652,0.0,170,True
whole_blood,excluded_at_or_below_-1,ENSG00000200687.1,RNA5SP335,,,,,,,,,,,,,,,,,4,False
whole_blood,raw,ENSG00000200687.1,RNA5SP335,2.654284804216324,741.2108581568154,-0.9801354500469608,0.01716375136584128,3327.416091463271,129.47199731894926,0.0,-1.0,0.591215037564224,-0.9952136590925481,0.0725295877811628,17.23370963939117,326.8305613005793,0.591215037564224,737.1677512676549,0.0,803,True
adipose_subcutaneous,excluded_at_or_below_-1,ENSG00000201059.1,RNA5SP336,,,,,,,,,,,,,,,,,0,False
adipose_subcutaneous,raw,ENSG00000201059.1,RNA5SP336,0.0,714.0,-0.9875,1.0001e-06,0.0,-17675.90193946968,0.0,-1.0,-1.0,-1.0,0.0,,,-1.0,5.83115986411798e-187,0.0,714,True
adipose_visceral_omentum,excluded_at_or_below_-1,ENSG00000201059.1,RNA5SP336,,,,,,,,,,,,,,,,,2,False
adipose_visceral_omentum,raw,ENSG00000201059.1,RNA5SP336,0.05128205128205129,729.0758559234325,-0.9945655562702642,0.0010827592491004805,1.8974358974358976,613.8414095877142,0.0,-1.0,-0.5245923631149937,-0.9984428963049644,0.02667494534739111,17.085901639618708,290.4030667051974,-0.5245923631149937,719.992046889274,0.0,587,True
adrenal_gland,excluded_at_or_below_-1,ENSG00000201059.1,RNA5SP336,,,,,,,,,,,,,,,,,2,False
adrenal_gland,raw,ENSG00000201059.1,RNA5SP336,0.05128205128205138,339.0374819375636,-0.9920695228898248,0.0031893224899269784,1.8974358989238267,321.0532030357323,0.0,-1.0,-0.2680330490868541,-0.9955723930709579,0.054074522120487675,12.28292939307091,150.89851501059618,-0.2680330490868541,327.30256963303697,0.0,295,True
artery_aorta,excluded_at_or_below_-1,ENSG00000201059.1,RNA5SP336,,,,,,,,,,,,,,,,,0,False
artery_aorta,raw,ENSG00000201059.1,RNA5SP336,0.0,472.0,-0.9875,1.0001e-06,0.0,-17675.90193946968,0.0,-1.0,-1.0,-1.0,0.0,,,-1.0,3.8547723471480207e-187,0.0,472,True
artery_coronary,excluded_at_or_below_-1,ENSG00000201059.1,RNA5SP336,,,,,,,,,,,,,,,,,0,False
artery_coronary,raw,ENSG00000201059.1,RNA5SP336,0.0,268.0,-0.9875,1.0001e-06,0.0,-17675.90193946968,0.0,-1.0,-1.0,-1.0,0.0,,,-1.0,2.1887266716857407e-187,0.0,268,True
artery_tibial,excluded_at_or_below_-1,ENSG00000201059.1,RNA5SP336,,,,,,,,,,,,,,,,,3,False
artery_tibial,raw,ENSG00000201059.1,RNA5SP336,0.07692307692307693,780.5455718006424,-0.9891203122207234,3.4958120959508e-05,2.7692307692307696,34810.67038061265,,-1.0,-0.1286310210524244,-0.9968021471824303,0.04926806539967485,15.755428969500363,251.68184124335923,-0.1286310210524244,0.0,0.0,691,True
bladder,excluded_at_or_below_-1,ENSG00000201059.1,RNA5SP336,,,,,,,,,,,,,,,,,0,False
bladder,raw,ENSG00000201059.1,RNA5SP336,0.0,77.0,-0.9875,1.0001e-06,0.0,-17675.90193946968,0.0,-1.0,-1.0,-1.0,0.0,,,-1.0,6.288505735813509e-188,0.0,77,True
brain_amygdala,excluded_at_or_below_-1,ENSG00000201059.1,RNA5SP336,,,,,,,,,,,,,,,,,1,False
brain_amygdala,raw,ENSG00000201059.1,RNA5SP336,0.025641025634172924,206.69724331425667,-0.9964494964109344,0.0017755778798527327,0.9743589746684602,265.50034356307515,0.0,-1.0,-0.6631076662471469,-0.9981387163881057,0.025041009959404236,13.341872265748739,176.00555555555542,-0.6631076662471469,204.67733016715948,0.0,181,True
brain_anterior_cingulate_cortex_ba24,excluded_at_or_below_-1,ENSG00000201059.1,RNA5SP336,,,,,,,,,,,,,,,,,4,False
brain_anterior_cingulate_cortex_ba24,raw,ENSG00000201059.1,RNA5SP336,0.10256410256415682,237.0203164797749,-0.9946291806049271,0.0018516253670042703,5.589743591187057,345.1903225198881,0.0,-1.0,-0.5426725775656561,-0.994880727742444,0.04083643893735524,8.662724467283839,79.64105389773972,-0.5426725775656561,236.97204609425097,0.0,233,True
brain_caudate_basal_ganglia,excluded_at_or_below_-1,ENSG00000201059.1,RNA5SP336,,,,,,,,,,,,,,,,,0,False
brain_caudate_basal_ganglia,raw,ENSG00000201059.1,RNA5SP336,0.0,300.0,-0.9875,1.0001e-06,0.0,-17675.90193946968,0.0,-1.0,-1.0,-1.0,0.0,,,-1.0,2.450067169797471e-187,0.0,300,True
brain_cerebellar_hemisphere,excluded_at_or_below_-1,ENSG00000201059.1,RNA5SP336,,,,,,,,,,,,,,,,,0,False
brain_cerebellar_hemisphere,raw,ENSG00000201059.1,RNA5SP336,0.0,277.0,-0.9875,1.0001e-06,0.0,-17675.90193946968,0.0,-1.0,-1.0,-1.0,0.0,,,-1.0,2.2622286867796648e-187,0.0,277,True
brain_cerebellum,excluded_at_or_below_-1,ENSG00000201059.1,RNA5SP336,,,,,,,,,,,,,,,,,2,False
brain_cerebellum,raw,ENSG00000201059.1,RNA5SP336,0.05128205306877655,302.15432127882383,-0.993584330669761,0.0032205807363592104,1.8974358999560688,264.1588335983853,0.0,-1.0,-0.3920168775911037,-0.9961217518852321,0.045354192720448695,11.930688372038912,144.01598183632032,-0.3920168775911037,299.0800265387681,0.0,266,True
brain_cortex,excluded_at_or_below_-1,ENSG00000201059.1,RNA5SP336,,,,,,,,,,,,,,,,,0,False
brain_cortex,raw,ENSG00000201059.1,RNA5SP336,0.0,270.0,-0.9875,1.0001e-06,0.0,-17675.90193946968,0.0,-1.0,-1.0,-1.0,0.0,,,-1.0,2.2050604528177237e-187,0.0,270,True
brain_frontal_cortex_ba9,excluded_at_or_below_-1,ENSG00000201059.1,RNA5SP336,,,,,,,,,,,,,,,,,0,False
brain_frontal_cortex_ba9,raw,ENSG00000201059.1,RNA5SP336,0.0,269.0,-0.9875,1.0001e-06,0.0,-17675.90193946968,0.0,-1.0,-1.0,-1.0,0.0,,,-1.0,2.196893562251732e-187,0.0,269,True
brain_hippocampus,excluded_at_or_below_-1,ENSG00000201059.1,RNA5SP336,,,,,,,,,,,,,,,,,0,False
brain_hippocampus,raw,ENSG00000201059.1,RNA5SP336,0.0,255.0,-0.9875,1.0001e-06,0.0,-17675.90193946968,0.0,-1.0,-1.0,-1.0,0.0,,,-1.0,2.08255709432785e-187,0.0,255,True
brain_hypothalamus,excluded_at_or_below_-1,ENSG00000201059.1,RNA5SP336,,,,,,,,,,,,,,,,,1,False
brain_hypothalamus,raw,ENSG00000201059.1,RNA5SP336,0.025646972850581266,255.86039693781166,-0.997381678055388,0.0018753049995258583,1.0036076437221142,156.03301957947406,0.0,-1.0,-0.7904755151576883,-0.9991847296309638,0.013069778272010502,15.937500000000014,252.00390625000034,-0.7904755151576883,253.7715906672506,0.0,257,True
brain_nucleus_accumbens_basal_ganglia,excluded_at_or_below_-1,ENSG00000201059.1,RNA5SP336,,,,,,,,,,,,,,,,,0,False
brain_nucleus_accumbens_basal_ganglia,raw,ENSG00000201059.1,RNA5SP336,0.0,285.0,-0.9875,1.0001e-06,0.0,-17675.90193946968,0.0,-1.0,-1.0,-1.0,0.0,,,-1.0,2.3275638113075975e-187,0.0,285,True
brain_putamen_basal_ganglia,excluded_at_or_below_-1,ENSG00000201059.1,RNA5SP336,,,,,,,,,,,,,,,,,0,False
brain_putamen_basal_ganglia,raw,ENSG00000201059.1,RNA5SP336,0.0,254.0,-0.9875,1.0001e-06,0.0,-17675.90193946968,0.0,-1.0,-1.0,-1.0,0.0,,,-1.0,2.0743902037618585e-187,0.0,254,True
brain_spinal_cord_cervical_c-1,excluded_at_or_below_-1,ENSG00000201059.1,RNA5SP336,,,,,,,,,,,,,,,,,0,False
brain_spinal_cord_cervical_c-1,raw,ENSG00000201059.1,RNA5SP336,0.0,204.0,-0.9875,1.0001e-06,0.0,-17675.90193946968,0.0,-1.0,-1.0,-1.0,0.0,,,-1.0,1.6660456754622802e-187,0.0,204,True
brain_substantia_nigra,excluded_at_or_below_-1,ENSG00000201059.1,RNA5SP336,,,,,,,,,,,,,,,,,0,False
brain_substantia_nigra,raw,ENSG00000201059.1,RNA5SP336,0.0,183.0,-0.9875,1.0001e-06,0.0,-17675.90193946968,0.0,-1.0,-1.0,-1.0,0.0,,,-1.0,1.4945409735764572e-187,0.0,183,True
breast_mammary_tissue,excluded_at_or_below_-1,ENSG00000201059.1,RNA5SP336,,,,,,,,,,,,,,,,,1,False
breast_mammary_tissue,raw,ENSG00000201059.1,RNA5SP336,1.7019034541829916,477.9071317282465,-0.9944956426862146,0.00515450822935854,1264.34937410645,119.82812295244506,0.0,-1.0,-0.5577475713195956,-0.9991395867146297,0.019506918391277526,22.60535222724343,509.00194931773933,-0.5577475713195956,475.87914317260055,0.0,514,True
cells_cultured_fibroblasts,excluded_at_or_below_-1,ENSG00000201059.1,RNA5SP336,,,,,,,,,,,,,,,,,1,False
cells_cultured_fibroblasts,raw,ENSG00000201059.1,RNA5SP336,2.2538290600878277,615.5049512613765,-0.9914986594491957,0.007668072393631712,1337.9441629903351,124.27021715096117,0.0,-1.0,-0.3176874000755511,-0.9989535082823244,0.02672142370246385,25.47550855426267,647.0015360983103,-0.3176874000755511,612.5964650883033,0.0,652,True
cells_ebv-transformed_lymphocytes,excluded_at_or_below_-1,ENSG00000201059.1,RNA5SP336,,,,,,,,,,,,,,,,,2,False
cells_ebv-transformed_lymphocytes,raw,ENSG00000201059.1,RNA5SP336,0.09196588813564302,304.6982177842184,-0.9915361556154705,0.007767697232802031,417.45819192551306,122.02602642195873,0.0,-1.0,-0.3212970538371399,-0.9963623951243621,0.04690484837395196,13.041656098627172,171.06964979941512,-0.3212970538371399,303.2700432275133,0.0,327,True
cervix_ectocervix,excluded_at_or_below_-1,ENSG00000201059.1,RNA5SP336,,,,,,,,,,,,,,,,,0,False
cervix_ectocervix,raw,ENSG00000201059.1,RNA5SP336,0.0,24.0,-0.9875,1.0001e-06,0.0,-17675.90193946968,0.0,-1.0,-1.0,-1.0,0.0,,,-1.0,1.9600537358379766e-188,0.0,24,True
cervix_endocervix,excluded_at_or_below_-1,ENSG00000201059.1,RNA5SP336,,,,,,,,,,,,,,,,,1,False
cervix_endocervix,raw,ENSG00000201059.1,RNA5SP336,0.02564102567097754,53.17677843732028,-0.9969343669489091,0.0023389449467254957,0.9743589743741952,252.7917405510376,0.0,-1.0,-0.5788461942236887,-0.9816889649662472,0.0878166390393546,4.477215043467819,18.045454545454547,-0.5788461942236887,52.55698018623337,0.0,23,True
colon_sigmoid,excluded_at_or_below_-1,ENSG00000201059.1,RNA5SP336,,,,,,,,,,,,,,,,,0,False
colon_sigmoid,raw,ENSG00000201059.1,RNA5SP336,0.0,419.0,-0.9875,1.0001e-06,0.0,-17675.90193946968,0.0,-1.0,-1.0,-1.0,0.0,,,-1.0,3.4219271471504676e-187,0.0,419,True
colon_transverse,excluded_at_or_below_-1,ENSG00000201059.1,RNA5SP336,,,,,,,,,,,,,,,,,0,False
colon_transverse,raw,ENSG00000201059.1,RNA5SP336,0.0,479.0,-0.9875,1.0001e-06,0.0,-17675.90193946968,0.0,-1.0,-1.0,-1.0,0.0,,,-1.0,3.911940581109962e-187,0.0,479,True
esophagus_gastroesophageal_junction,excluded_at_or_below_-1,ENSG00000201059.1,RNA5SP336,,,,,,,,,,,,,,,,,0,False
esophagus_gastroesophageal_junction,raw,ENSG00000201059.1,RNA5SP336,0.0,403.0,-0.9875,1.0001e-06,0.0,-17675.90193946968,0.0,-1.0,-1.0,-1.0,0.0,,,-1.0,3.2912568980946026e-187,0.0,403,True
esophagus_mucosa,excluded_at_or_below_-1,ENSG00000201059.1,RNA5SP336,,,,,,,,,,,,,,,,,2,False
esophagus_mucosa,raw,ENSG00000201059.1,RNA5SP336,1.5096443305490472,565.1596485799662,-0.9953478680872958,0.0040159547677721,2154.332105307662,129.56297941958616,0.0,-1.0,-0.6274267288968799,-0.9990225381621934,0.01760638325884472,18.83054017397854,366.0701256965142,-0.6274267288968799,562.0524083841377,0.0,614,True
esophagus_muscularis,excluded_at_or_below_-1,ENSG00000201059.1,RNA5SP336,,,,,,,,,,,,,,,,,0,False
esophagus_muscularis,raw,ENSG00000201059.1,RNA5SP336,0.0,561.0,-0.9875,1.0001e-06,0.0,-17675.90193946968,0.0,-1.0,-1.0,-1.0,0.0,,,-1.0,4.5816256075212706e-187,0.0,561,True
fallopian_tube,excluded_at_or_below_-1,ENSG00000201059.1,RNA5SP336,,,,,,,,,,,,,,,,,0,False
fallopian_tube,raw,ENSG00000201059.1,RNA5SP336,0.0,29.0,-0.9875,1.0001e-06,0.0,-17675.90193946968,0.0,-1.0,-1.0,-1.0,0.0,,,-1.0,2.368398264137555e-188,0.0,29,True
heart_atrial_appendage,excluded_at_or_below_-1,ENSG00000201059.1,RNA5SP336,,,,,,,,,,,,,,,,,0,False
heart_atrial_appendage,raw,ENSG00000201059.1,RNA5SP336,0.0,461.0,-0.9875,1.0001e-06,0.0,-17675.90193946968,0.0,-1.0,-1.0,-1.0,0.0,,,-1.0,3.7649365509221136e-187,0.0,461,True
heart_left_ventricle,excluded_at_or_below_-1,ENSG00000201059.1,RNA5SP336,,,,,,,,,,,,,,,,,1,False
heart_left_ventricle,raw,ENSG00000201059.1,RNA5SP336,1.305593096566873,416.8007437607436,-0.9938846579508125,0.005907336232865903,1190.1736099803627,116.303813554807,0.0,-1.0,-0.5080699619865712,-0.9989116592079349,0.02313844262719844,21.189672420660496,447.00221729490033,-0.5080699619865712,415.19882824381193,0.0,452,True
kidney_cortex,excluded_at_or_below_-1,ENSG00000201059.1,RNA5SP336,,,,,,,,,,,,,,,,,0,False
kidney_cortex,raw,ENSG00000201059.1,RNA5SP336,0.0,104.0,-0.9875,1.0001e-06,0.0,-17675.90193946968,0.0,-1.0,-1.0,-1.0,0.0,,,-1.0,8.493566188631232e-188,0.0,104,True
kidney_medulla,excluded_at_or_below_-1,ENSG00000201059.1,RNA5SP336,,,,,,,,,,,,,,,,,0,False
kidney_medulla,raw,ENSG00000201059.1,RNA5SP336,0.0,11.0,-0.9875,1.0001e-06,0.0,-17675.90193946968,0.0,-1.0,-1.0,-1.0,0.0,,,-1.0,8.983579622590726e-189,0.0,11,True
liver,excluded_at_or_below_-1,ENSG00000201059.1,RNA5SP336,,,,,,,,,,,,,,,,,1,False
liver,raw,ENSG00000201059.1,RNA5SP336,0.025641025640944157,282.17712407506195,-0.9931085791552673,0.0028544280914922318,0.9743589743591377,301.35186392014316,0.0,-1.0,-0.3848643587040227,-0.997652154040855,0.038003206834986945,16.0935959753445,257.0038314176245,-0.3848643587040227,279.13580242941254,0.0,262,True
lung,excluded_at_or_below_-1,ENSG00000201059.1,RNA5SP336,,,,,,,,,,,,,,,,,2,False
lung,raw,ENSG00000201059.1,RNA5SP336,1.852360762578975,556.2448419939687,-0.9880949793420007,0.01083062087268483,2090.264348260381,123.1268492576885,0.0,-1.0,-0.0451396442789449,-0.9974971208560717,0.04494493455330325,18.905162174142667,370.3223502638858,-0.0451396442789449,553.6093921667036,0.0,604,True
minor_salivary_gland,excluded_at_or_below_-1,ENSG00000201059.1,RNA5SP336,,,,,,,,,,,,,,,,,0,False
minor_salivary_gland,raw,ENSG00000201059.1,RNA5SP336,0.0,181.0,-0.9875,1.0001e-06,0.0,-17675.90193946968,0.0,-1.0,-1.0,-1.0,0.0,,,-1.0,1.478207192444474e-187,0.0,181,True
muscle_skeletal,excluded_at_or_below_-1,ENSG00000201059.1,RNA5SP336,,,,,,,,,,,,,,,,,0,False
muscle_skeletal,raw,ENSG00000201059.1,RNA5SP336,0.0,818.0,-0.9875,1.0001e-06,0.0,-17675.90193946968,0.0,-1.0,-1.0,-1.0,0.0,,,-1.0,6.680516482981104e-187,0.0,818,True
nerve_tibial,excluded_at_or_below_-1,ENSG00000201059.1,RNA5SP336,,,,,,,,,,,,,,,,,3,False
nerve_tibial,raw,ENSG00000201059.1,RNA5SP336,0.07692307692307704,770.314034325199,-0.9859359893917905,0.005328694737070178,2.769230769925348,337.82080737064496,0.0,-1.0,0.2869580106403231,-0.9956881792157043,0.06657480102367185,16.28686664589782,275.79258747050636,0.2869580106403231,744.9229600225169,0.0,670,True
ovary,excluded_at_or_below_-1,ENSG00000201059.1,RNA5SP336,,,,,,,,,,,,,,,,,0,False
ovary,raw,ENSG00000201059.1,RNA5SP336,0.0,193.0,-0.9875,1.0001e-06,0.0,-17675.90193946968,0.0,-1.0,-1.0,-1.0,0.0,,,-1.0,1.576209879236373e-187,0.0,193,True
pancreas,excluded_at_or_below_-1,ENSG00000201059.1,RNA5SP336,,,,,,,,,,,,,,,,,0,False
pancreas,raw,ENSG00000201059.1,RNA5SP336,0.0,362.0,-0.9875,1.0001e-06,0.0,-17675.90193946968,0.0,-1.0,-1.0,-1.0,0.0,,,-1.0,2.956414384888948e-187,0.0,362,True
pituitary,excluded_at_or_below_-1,ENSG00000201059.1,RNA5SP336,,,,,,,,,,,,,,,,,0,False
pituitary,raw,ENSG00000201059.1,RNA5SP336,0.0,313.0,-0.9875,1.0001e-06,0.0,-17675.90193946968,0.0,-1.0,-1.0,-1.0,0.0,,,-1.0,2.5562367471553613e-187,0.0,313,True
prostate,excluded_at_or_below_-1,ENSG00000201059.1,RNA5SP336,,,,,,,,,,,,,,,,,1,False
prostate,raw,ENSG00000201059.1,RNA5SP336,0.025641025641025633,296.91286753143976,-0.9933882397551113,0.0024687644304851836,0.9743589750572715,325.78759039274723,0.0,-1.0,-0.4246673361700388,-0.99795981324883,0.03426056155787983,16.70339961561303,277.0035587188614,-0.4246673361700388,296.3061035522555,0.0,282,True
skin_not_sun_exposed_suprapubic,excluded_at_or_below_-1,ENSG00000201059.1,RNA5SP336,,,,,,,,,,,,,,,,,0,False
skin_not_sun_exposed_suprapubic,raw,ENSG00000201059.1,RNA5SP336,0.0,651.0,-0.9875,1.0001e-06,0.0,-17675.90193946968,0.0,-1.0,-1.0,-1.0,0.0,,,-1.0,5.316645758460512e-187,0.0,651,True
skin_sun_exposed_lower_leg,excluded_at_or_below_-1,ENSG00000201059.1,RNA5SP336,,,,,,,,,,,,,,,,,3,False
skin_sun_exposed_lower_leg,raw,ENSG00000201059.1,RNA5SP336,2.647315534078756,701.4198592010015,-0.9894111139211496,0.009748886877857077,2530.9012681297636,121.80558273565984,0.0,-1.0,-0.1497438396314033,-0.9978543328606692,0.036716427304624696,19.3956394648749,407.29973384741965,-0.1497438396314033,698.2830862878664,0.0,754,True
small_intestine_terminal_ileum,excluded_at_or_below_-1,ENSG00000201059.1,RNA5SP336,,,,,,,,,,,,,,,,,0,False
small_intestine_terminal_ileum,raw,ENSG00000201059.1,RNA5SP336,0.0,207.0,-0.9875,1.0001e-06,0.0,-17675.90193946968,0.0,-1.0,-1.0,-1.0,0.0,,,-1.0,1.6905463471602549e-187,0.0,207,True
spleen,excluded_at_or_below_-1,ENSG00000201059.1,RNA5SP336,,,,,,,,,,,,,,,,,2,False
spleen,raw,ENSG00000201059.1,RNA5SP336,0.05128205125845355,313.26980872162807,-0.9952073896106456,0.0024168084134451105,1.8974358979772143,262.4175604961756,0.0,-1.0,-0.5467510991910649,-0.997089822140444,0.03445255670060507,11.91007008498471,141.86563843806357,-0.5467510991910649,309.86748506467825,0.0,277,True
stomach,excluded_at_or_below_-1,ENSG00000201059.1,RNA5SP336,,,,,,,,,,,,,,,,,0,False
stomach,raw,ENSG00000201059.1,RNA5SP336,0.0,407.0,-0.9875,1.0001e-06,0.0,-17675.90193946968,0.0,-1.0,-1.0,-1.0,0.0,,,-1.0,3.3239244603585686e-187,0.0,407,True
testis,excluded_at_or_below_-1,ENSG00000201059.1,RNA5SP336,,,,,,,,,,,,,,,,,1,False
testis,raw,ENSG00000201059.1,RNA5SP336,0.025641025641025644,413.5204938048219,-0.9908357639076657,0.0017663098112568167,0.9743589744197463,583.7704690661938,0.0,-1.0,-0.2617241682704686,-0.9982167250441315,0.036284277604028595,20.273194649771057,409.002421307506,-0.2617241682704686,377.05874803822655,0.0,414,True
thyroid,excluded_at_or_below_-1,ENSG00000201059.1,RNA5SP336,,,,,,,,,,,,,,,,,3,False
thyroid,raw,ENSG00000201059.1,RNA5SP336,0.07692307691852067,735.6913617943914,-0.9898673820624169,0.004449079389475674,2.769230769259303,285.91265628680765,0.0,-1.0,-0.0903935401192373,-0.9969039311028366,0.04813424462324864,16.244337928280952,271.7032944218181,-0.0903935401192373,726.5615271017089,0.0,684,True
uterus,excluded_at_or_below_-1,ENSG00000201059.1,RNA5SP336,,,,,,,,,,,,,,,,,0,False
uterus,raw,ENSG00000201059.1,RNA5SP336,0.0,153.0,-0.9875,1.0001e-06,0.0,-17675.90193946968,0.0,-1.0,-1.0,-1.0,0.0,,,-1.0,1.24953425659671e-187,0.0,153,True
vagina,excluded_at_or_below_-1,ENSG00000201059.1,RNA5SP336,,,,,,,,,,,,,,,,,0,False
vagina,raw,ENSG00000201059.1,RNA5SP336,0.0,170.0,-0.9875,1.0001e-06,0.0,-17675.90193946968,0.0,-1.0,-1.0,-1.0,0.0,,,-1.0,1.3883713962185667e-187,0.0,170,True
whole_blood,excluded_at_or_below_-1,ENSG00000201059.1,RNA5SP336,,,,,,,,,,,,,,,,,1,False
whole_blood,raw,ENSG00000201059.1,RNA5SP336,2.5598421068638055,767.8365691401666,-0.9878433590336594,0.01058700585469054,1284.320502215183,128.59916633468927,0.0,-1.0,-0.0251315288564184,-0.9987859670346905,0.0344023612679311,28.284293289435244,798.0012468827921,-0.0251315288564184,763.8463928937117,0.0,803,True
