tissue,table,gene,genename,y0,A,x0,w,sumsquarevalue,ti_fourparam_sigma_dist,truncationindex,min,max,mean,std,skew,kurt,right,maxheight,rightheight,n_obs,fit_success
adipose_subcutaneous,excluded_at_or_below_-1,ENSG00000216519.2,ENSG00000216519,,,,,,,,,,,,,,,,,6,False
adipose_subcutaneous,raw,ENSG00000216519.2,ENSG00000216519,0.15384615384615316,732.2139365783964,-0.9937251323195841,0.0022440390770001825,7.076923076924306,333.21789302324623,0.0,-1.0,-0.4649832272815104,-0.9977595874086473,0.026974803763798932,14.592724427290124,243.88734651802687,-0.4649832272815104,732.1397731161328,0.0,714,True
adipose_visceral_omentum,excluded_at_or_below_-1,ENSG00000216519.2,ENSG00000216519,,,,,,,,,,,,,,,,,2,False
adipose_visceral_omentum,raw,ENSG00000216519.2,ENSG00000216519,0.051282051282004214,639.5442872682394,-0.9978835652423373,0.0008670303669576658,1.8974358983074986,306.51323630198544,0.0,-1.0,-0.8099654948609837,-0.9994103460179283,0.010141814388702087,17.288408369093382,299.5972307845242,-0.8099654948609837,630.3497980211453,0.0,587,True
adrenal_gland,excluded_at_or_below_-1,ENSG00000216519.2,ENSG00000216519,,,,,,,,,,,,,,,,,7,False
adrenal_gland,raw,ENSG00000216519.2,ENSG00000216519,0.17948716036350426,324.48846636784145,-0.9974142911104986,0.0012491605033047562,7.743589745697578,270.43921070190186,0.0,-1.0,-0.758538077827087,-0.9954300261254019,0.029714505167349615,6.483667428184733,40.9578445764267,-0.758538077827087,318.7364201111188,0.0,295,True
artery_aorta,excluded_at_or_below_-1,ENSG00000216519.2,ENSG00000216519,,,,,,,,,,,,,,,,,6,False
artery_aorta,raw,ENSG00000216519.2,ENSG00000216519,0.15384615384612702,477.279673898438,-0.9959164018805713,0.0015326293092584038,5.076923076923455,315.29599048114306,0.0,-1.0,-0.654219865402601,-0.9965578128150294,0.031062479986770083,9.230198506677182,85.67240557543799,-0.654219865402601,476.9082737627581,0.0,472,True
artery_coronary,excluded_at_or_below_-1,ENSG00000216519.2,ENSG00000216519,,,,,,,,,,,,,,,,,2,False
artery_coronary,raw,ENSG00000216519.2,ENSG00000216519,-0.1956262347593552,250.32710224309545,-0.9967125281563841,0.00320712641973729,267.00180404925896,115.2553424284032,0.0,-1.0,-0.7353386709450764,-0.9984627669810784,0.018473044039214133,12.686934386293036,166.3191512975067,-0.7353386709450764,249.40714196886802,0.0,268,True
artery_tibial,excluded_at_or_below_-1,ENSG00000216519.2,ENSG00000216519,,,,,,,,,,,,,,,,,6,False
artery_tibial,raw,ENSG00000216519.2,ENSG00000216519,-0.5077210743034021,632.1882248682678,-0.993869338319337,0.006133749689241562,2973.0896937695707,112.50257812885363,0.0,-1.0,-0.5059213564892211,-0.9970487534455877,0.032734756544016946,11.817329032814396,146.6864780335005,-0.5059213564892211,630.05282319201,0.0,691,True
bladder,excluded_at_or_below_-1,ENSG00000216519.2,ENSG00000216519,,,,,,,,,,,,,,,,,0,False
bladder,raw,ENSG00000216519.2,ENSG00000216519,0.0,77.0,-0.9875,1.0001e-06,0.0,-17675.90193946968,0.0,-1.0,-1.0,-1.0,0.0,,,-1.0,6.288505735813509e-188,0.0,77,True
brain_amygdala,excluded_at_or_below_-1,ENSG00000216519.2,ENSG00000216519,,,,,,,,,,,,,,,,,7,False
brain_amygdala,raw,ENSG00000216519.2,ENSG00000216519,0.17948718231883395,175.94259897850068,-0.9970264217778415,0.001242780497358622,7.743589744478327,279.780193306328,0.0,-1.0,-0.751161598359751,-0.9935461627478507,0.03340425692197443,5.361517078331434,28.942695813589346,-0.751161598359751,175.45281021438998,0.0,181,True
brain_anterior_cingulate_cortex_ba24,excluded_at_or_below_-1,ENSG00000216519.2,ENSG00000216519,0.06307934232303435,0.8761085004874475,-0.869744521970958,0.02507594508820205,9.780857359144749,8.54670708833558,0.0,-0.8845365437368534,-0.7181996893274215,-0.836500019996022,0.06294574872285773,1.379998133750352,0.09485610560604973,-0.7181996893274215,0.8761007873829489,0.0,10,True
brain_anterior_cingulate_cortex_ba24,raw,ENSG00000216519.2,ENSG00000216519,0.25641025844410453,247.863700299428,-0.9969700797393268,0.0015068721357700448,15.435897442423807,261.6286130389513,0.0,-1.0,-0.7181996893274215,-0.9929828334762242,0.03544719690600053,5.617276798251531,33.9297694880784,-0.7181996893274215,243.22076164513766,0.0,233,True
brain_caudate_basal_ganglia,excluded_at_or_below_-1,ENSG00000216519.2,ENSG00000216519,0.23278614868085437,0.5276285538716263,-0.8578836792266551,0.05650340623455747,10.182138577841236,5.665896910123188,0.0,-0.9419938990834716,-0.6315087643526913,-0.8147269181053312,0.09190381688292734,0.7468253954994254,-0.4245298027771134,-0.6315087643526913,0.5276252914310643,0.0,16,True
brain_caudate_basal_ganglia,raw,ENSG00000216519.2,ENSG00000216519,0.41025641025641024,302.2622687079563,-0.9955982336811623,0.0008093376193598567,11.435897435925483,636.1995947362556,0.0,-1.0,-0.6315087643526913,-0.9901187689656176,0.04650388890611473,5.367602667401143,30.736185331693783,-0.6315087643526913,298.0807353905386,0.0,300,True
brain_cerebellar_hemisphere,excluded_at_or_below_-1,ENSG00000216519.2,ENSG00000216519,0.5369123814254633,5.274485707747935,-0.747857788539402,0.14422940373678533,69.76557865597897,7.20625458570509,0.0,-0.8671705021932388,-0.012923667042468,-0.6531882365101043,0.18499772689116545,1.605023279715511,2.478744908503514,-0.012923667042468,5.274426923171038,0.0,77,True
brain_cerebellar_hemisphere,raw,ENSG00000216519.2,ENSG00000216519,1.9743589699481747,223.71957362917624,-0.9894899046396715,0.005234642243107845,260.9743589810398,263.8333535752156,0.0,-1.0,-0.012923667042468,-0.9035938419179712,0.18344522955188697,2.2054922723574384,5.183062842963233,-0.012923667042468,220.57450019252627,0.0,277,True
brain_cerebellum,excluded_at_or_below_-1,ENSG00000216519.2,ENSG00000216519,0.929323326709946,6.225887073820545,-0.7565895685560019,0.09994077490909112,85.60368906470629,11.795677916322848,0.0,-0.8618631410087201,0.0769968309105531,-0.6273599247299237,0.19261278241803445,1.2622845404104819,1.3809981593403773,0.0769968309105531,6.225845200838732,0.0,81,True
brain_cerebellum,raw,ENSG00000216519.2,ENSG00000216519,2.076923076920851,208.11609123220563,-0.9884856618043452,0.005423383065458762,306.769230769655,277.8376104880654,0.0,-1.0,0.0769968309105531,-0.886526894372646,0.20179038854717327,1.916147982497394,3.42416966335941,0.0769968309105531,204.41597649680114,0.0,266,True
brain_cortex,excluded_at_or_below_-1,ENSG00000216519.2,ENSG00000216519,0.3157893371176362,11.370809467561035,-0.8418898318378467,0.0038653648267623145,10.210528321053353,127.7479093239985,0.0,-0.892168872490556,-0.4927259654096347,-0.7775824047673365,0.1035816673363318,1.3771520256578504,1.332457803510036,-0.4927259654096347,11.317361501766396,0.0,17,True
brain_cortex,raw,ENSG00000216519.2,ENSG00000216519,0.4358974360635582,284.9050345991095,-0.9941719108684205,0.0014774039913967604,25.589743712719667,479.99847096282133,0.0,-1.0,-0.4927259654096347,-0.9859959291890547,0.05972983732225609,4.968689402370387,27.528367188522775,-0.4927259654096347,283.6030564164409,0.0,270,True
brain_frontal_cortex_ba9,excluded_at_or_below_-1,ENSG00000216519.2,ENSG00000216519,0.2631577042171169,11.672074819377716,-0.875782802697563,0.0027381595433093467,9.368422174707911,138.7757818084599,0.0,-0.8901781194227034,-0.6070891333330758,-0.8191272773294797,0.07391132353698032,1.6335078262290261,2.502228529538214,-0.6070891333330758,11.598837367630018,0.0,15,True
brain_frontal_cortex_ba9,raw,ENSG00000216519.2,ENSG00000216519,0.38461538461538464,287.7849669238533,-0.9955873150750667,0.0014027354537365685,27.230769230769226,391.6771306473239,0.0,-1.0,-0.6070891333330758,-0.9899141604458818,0.044881298694984195,5.068243584964343,28.742341417274705,-0.6070891333330758,283.140410663018,0.0,269,True
brain_hippocampus,excluded_at_or_below_-1,ENSG00000216519.2,ENSG00000216519,0.2946889874801347,1.892641941558083,-0.8603403696972673,0.012472065885172684,14.550752127804518,23.654795215028333,0.0,-0.9211155875488708,-0.6517267824205049,-0.8277613401308836,0.07024069663557418,0.9749457617190417,0.2667564866520835,-0.6517267824205049,1.892595851883836,0.0,18,True
brain_hippocampus,raw,ENSG00000216519.2,ENSG00000216519,0.4615384615386243,240.91111687428187,-0.9958665519656706,0.0016252779765489104,29.692307692364075,299.4485475500927,0.0,-1.0,-0.6517267824205049,-0.9878419769504153,0.04779266166563049,4.310088929110785,19.403446117613143,-0.6517267824205049,240.54391403983644,0.0,255,True
brain_hypothalamus,excluded_at_or_below_-1,ENSG00000216519.2,ENSG00000216519,0.2564102564102564,2.5596624360894715,-0.9235216341754396,0.001400981297303986,7.435897435897438,297.3259887478003,0.0,-0.9256726851306256,-0.6289776130170633,-0.7912125224552379,0.0966676049650566,0.2997943908032416,-1.0197817331925016,-0.6289776130170633,2.5223447664610292,0.0,11,True
brain_hypothalamus,raw,ENSG00000216519.2,ENSG00000216519,0.28205128226782966,265.34607818658577,-0.9959072341825724,0.0019660009253149265,7.8974359003991905,263.945372561593,0.0,-1.0,-0.6289776130170633,-0.9910635710000295,0.0464538000459939,5.709490084423013,33.69826171930887,-0.6289776130170633,261.321318984048,0.0,257,True
brain_nucleus_accumbens_basal_ganglia,excluded_at_or_below_-1,ENSG00000216519.2,ENSG00000216519,0.19229231433825902,8.43446849318294,-0.9978807003608982,0.08537867676395695,6.839776251891872,6.008244096320194,0.0,-0.8669507808349172,-0.6351519412349536,-0.7659252976535765,0.08806620568068604,0.2233998514505409,-1.6629919359573586,-0.6351519412349536,0.8030346295924544,0.0,11,True
brain_nucleus_accumbens_basal_ganglia,raw,ENSG00000216519.2,ENSG00000216519,0.2855989292280093,284.89731357171604,-0.9958443761907679,0.002023749474747838,7.897926909947154,252.05497998878883,0.0,-1.0,-0.6351519412349536,-0.990965537804173,0.0480974313884501,5.673830543830932,32.53613153489781,-0.6351519412349536,284.0864472666309,0.0,285,True
brain_putamen_basal_ganglia,excluded_at_or_below_-1,ENSG00000216519.2,ENSG00000216519,,,,,,,,,,,,,,,,,5,False
brain_putamen_basal_ganglia,raw,ENSG00000216519.2,ENSG00000216519,0.12820503007988143,269.15114601802355,-0.9958429589204091,0.0019211292778794347,4.358974362534981,273.417195247185,0.0,-1.0,-0.6244211363325776,-0.9959365334116148,0.03161392371192951,8.976472385268067,88.19954907453688,-0.6244211363325776,265.25353862032944,0.0,254,True
brain_spinal_cord_cervical_c-1,excluded_at_or_below_-1,ENSG00000216519.2,ENSG00000216519,0.07832311640025229,0.5341788038218805,-0.7931045126256155,0.17000640137872886,8.234700286713352,4.393845862051953,0.0,-0.8702764924626025,-0.2649085292927928,-0.684701117149609,0.1716971588950224,1.3615483059727755,1.2819939596299328,-0.2649085292927928,0.534142040949039,0.0,11,True
brain_spinal_cord_cervical_c-1,raw,ENSG00000216519.2,ENSG00000216519,0.28205128205677565,240.8854520005017,-0.9923997351738209,0.0033628696802370526,7.897435899410877,305.93749615405386,0.0,-1.0,-0.2649085292927928,-0.9829985896502239,0.08092387111293088,5.7824958423182045,38.17905480206742,-0.2649085292927928,239.69120342174529,0.0,204,True
brain_substantia_nigra,excluded_at_or_below_-1,ENSG00000216519.2,ENSG00000216519,,,,,,,,,,,,,,,,,7,False
brain_substantia_nigra,raw,ENSG00000216519.2,ENSG00000216519,0.17948717948716797,176.02462437478553,-0.9951186097972656,0.0017194272161744355,5.743589743593762,321.0308148540372,0.0,-1.0,-0.6048033596985234,-0.9904328833912769,0.052086290909104514,5.842722951885902,34.54897936855747,-0.6048033596985234,171.95212819464317,0.0,183,True
breast_mammary_tissue,excluded_at_or_below_-1,ENSG00000216519.2,ENSG00000216519,,,,,,,,,,,,,,,,,6,False
breast_mammary_tissue,raw,ENSG00000216519.2,ENSG00000216519,-0.3177745071888926,469.9470276991683,-0.9930468836921275,0.0065984335887382915,1513.14830884237,118.13144226636895,0.0,-1.0,-0.4418695387170793,-0.9963359539814544,0.038439737212847304,12.346757462352407,163.85999746482582,-0.4418695387170793,467.9488246890111,0.0,514,True
cells_cultured_fibroblasts,excluded_at_or_below_-1,ENSG00000216519.2,ENSG00000216519,,,,,,,,,,,,,,,,,4,False
cells_cultured_fibroblasts,raw,ENSG00000216519.2,ENSG00000216519,-0.040371438142179326,640.4475327866222,-0.9966086039781848,0.0033128896667117833,120.30648303067224,116.86843935302525,0.0,-1.0,-0.7228364839826145,-0.9986330330928811,0.01776072726300528,13.350878571100097,181.28070249299859,-0.7228364839826145,639.093238004604,0.0,652,True
cells_ebv-transformed_lymphocytes,excluded_at_or_below_-1,ENSG00000216519.2,ENSG00000216519,,,,,,,,,,,,,,,,,4,False
cells_ebv-transformed_lymphocytes,raw,ENSG00000216519.2,ENSG00000216519,0.10256410256410145,445.9374775432538,-0.9975254028241469,0.0011345119691010843,5.589743589743598,307.9736674770521,0.0,-1.0,-0.7504624264697348,-0.9973532476342503,0.02407764634602691,9.153061663808163,83.28221648720742,-0.7504624264697348,445.72195181176454,0.0,327,True
cervix_ectocervix,excluded_at_or_below_-1,ENSG00000216519.2,ENSG00000216519,,,,,,,,,,,,,,,,,0,False
cervix_ectocervix,raw,ENSG00000216519.2,ENSG00000216519,0.0,24.0,-0.9875,1.0001e-06,0.0,-17675.90193946968,0.0,-1.0,-1.0,-1.0,0.0,,,-1.0,1.9600537358379766e-188,0.0,24,True
cervix_endocervix,excluded_at_or_below_-1,ENSG00000216519.2,ENSG00000216519,,,,,,,,,,,,,,,,,0,False
cervix_endocervix,raw,ENSG00000216519.2,ENSG00000216519,0.0,23.0,-0.9875,1.0001e-06,0.0,-17675.90193946968,0.0,-1.0,-1.0,-1.0,0.0,,,-1.0,1.878384830178061e-188,0.0,23,True
colon_sigmoid,excluded_at_or_below_-1,ENSG00000216519.2,ENSG00000216519,,,,,,,,,,,,,,,,,3,False
colon_sigmoid,raw,ENSG00000216519.2,ENSG00000216519,-0.35792638306752617,386.38099812011245,-0.996826883241038,0.003330840185203751,984.0539280131519,107.90646144424521,0.0,-1.0,-0.7426791451734477,-0.9985153426818666,0.01788945097058813,12.402816722578459,156.50509266408358,-0.7426791451734477,385.42218708046397,0.0,419,True
colon_transverse,excluded_at_or_below_-1,ENSG00000216519.2,ENSG00000216519,,,,,,,,,,,,,,,,,3,False
colon_transverse,raw,ENSG00000216519.2,ENSG00000216519,0.07692307692670665,521.434413521496,-0.995426732916608,0.0019179259784860645,2.769230777602341,300.59210679959585,0.0,-1.0,-0.5877701908654946,-0.9982834318387811,0.023166197397563034,14.889232815084245,235.77004598657135,-0.5877701908654946,513.055399032873,0.0,479,True
esophagus_gastroesophageal_junction,excluded_at_or_below_-1,ENSG00000216519.2,ENSG00000216519,,,,,,,,,,,,,,,,,1,False
esophagus_gastroesophageal_junction,raw,ENSG00000216519.2,ENSG00000216519,0.02564102564102565,413.57701324875904,-0.9974530967303159,0.0006263236614331951,0.9743589743589743,473.39838423320384,0.0,-1.0,-0.787795505247484,-0.9994734379782816,0.01057065881459698,20.000062188958033,398.00248756218934,-0.787795505247484,408.8641593583576,0.0,403,True
esophagus_mucosa,excluded_at_or_below_-1,ENSG00000216519.2,ENSG00000216519,,,,,,,,,,,,,,,,,8,False
esophagus_mucosa,raw,ENSG00000216519.2,ENSG00000216519,0.20512820603233214,673.1412479248044,-0.9961498083656012,0.0018867417666691422,8.35897436415727,264.7207717888272,0.0,-1.0,-0.6429784416586086,-0.9970663174301565,0.026594186820596666,9.683765364202403,98.8108905887383,-0.6429784416586086,659.0917680636604,0.0,614,True
esophagus_muscularis,excluded_at_or_below_-1,ENSG00000216519.2,ENSG00000216519,,,,,,,,,,,,,,,,,4,False
esophagus_muscularis,raw,ENSG00000216519.2,ENSG00000216519,-0.053202786791562644,512.1611484171041,-0.9964549698599467,0.0030635483872814553,2025.31216258303,129.3854293563751,0.0,-1.0,-0.7161730280170854,-0.9983008298696779,0.020255727789378203,12.039605560442693,145.42310193977033,-0.7161730280170854,509.32756320654266,0.0,561,True
fallopian_tube,excluded_at_or_below_-1,ENSG00000216519.2,ENSG00000216519,,,,,,,,,,,,,,,,,0,False
fallopian_tube,raw,ENSG00000216519.2,ENSG00000216519,0.0,29.0,-0.9875,1.0001e-06,0.0,-17675.90193946968,0.0,-1.0,-1.0,-1.0,0.0,,,-1.0,2.368398264137555e-188,0.0,29,True
heart_atrial_appendage,excluded_at_or_below_-1,ENSG00000216519.2,ENSG00000216519,,,,,,,,,,,,,,,,,1,False
heart_atrial_appendage,raw,ENSG00000216519.2,ENSG00000216519,1.6037293796529064,425.4378740590781,-0.9981116505229255,0.0021494368376253196,1452.475380062051,101.51842170216173,0.0,-1.0,-0.8438156933139951,-0.9996612054084902,0.007274228370344309,21.400985349115196,456.00217391304346,-0.8438156933139951,425.0707222530054,0.0,461,True
heart_left_ventricle,excluded_at_or_below_-1,ENSG00000216519.2,ENSG00000216519,,,,,,,,,,,,,,,,,3,False
heart_left_ventricle,raw,ENSG00000216519.2,ENSG00000216519,0.07692307692307693,479.8656772164432,-0.9984068458821274,0.0004760397538390034,2.7692307692307705,403.1102686403077,0.0,-1.0,-0.86271552021594,-0.9993576306143012,0.008509805259124923,14.211723225282963,207.39683770643754,-0.86271552021594,479.6014501486897,0.0,452,True
kidney_cortex,excluded_at_or_below_-1,ENSG00000216519.2,ENSG00000216519,,,,,,,,,,,,,,,,,2,False
kidney_cortex,raw,ENSG00000216519.2,ENSG00000216519,0.05128205128205129,127.53077599409909,-0.9971154549743004,0.0009653568759060375,1.8974358974359582,387.36756019289345,0.0,-1.0,-0.7326943323910471,-0.9962775775905696,0.02862031064058651,8.269741145713875,70.1784994485796,-0.7326943323910471,121.79833387962168,0.0,104,True
kidney_medulla,excluded_at_or_below_-1,ENSG00000216519.2,ENSG00000216519,,,,,,,,,,,,,,,,,0,False
kidney_medulla,raw,ENSG00000216519.2,ENSG00000216519,0.0,11.0,-0.9875,1.0001e-06,0.0,-17675.90193946968,0.0,-1.0,-1.0,-1.0,0.0,,,-1.0,8.983579622590726e-189,0.0,11,True
liver,excluded_at_or_below_-1,ENSG00000216519.2,ENSG00000216519,,,,,,,,,,,,,,,,,2,False
liver,raw,ENSG00000216519.2,ENSG00000216519,-0.17990853428371617,244.8321179927016,-0.9957654465790176,0.0040546339825039525,247.24657083415693,117.25112667794168,0.0,-1.0,-0.6595995269724311,-0.998006422927599,0.023806764827193554,12.682222731094106,166.5752741697865,-0.6595995269724311,243.853626560713,0.0,262,True
lung,excluded_at_or_below_-1,ENSG00000216519.2,ENSG00000216519,0.14097804592806498,0.5260221743513221,-0.7767454343026832,0.0874381257805942,8.808039727529941,5.8902422557583245,0.0,-0.8335544831421942,-0.4125629961333534,-0.6822496193520031,0.13937669443201162,0.8947794713586887,-0.6279848648770452,-0.4125629961333534,0.5260211734411775,0.0,12,True
lung,raw,ENSG00000216519.2,ENSG00000216519,0.3076923076923075,670.281293882936,-0.9934854808505511,0.0023459057111306692,10.307692326334593,350.20523317562146,0.0,-1.0,-0.4125629961333534,-0.9936870785301721,0.04820487212223595,8.70520033212675,82.54134503357807,-0.4125629961333534,655.4964809721101,0.0,604,True
minor_salivary_gland,excluded_at_or_below_-1,ENSG00000216519.2,ENSG00000216519,,,,,,,,,,,,,,,,,2,False
minor_salivary_gland,raw,ENSG00000216519.2,ENSG00000216519,0.051282051283452854,179.2575663988606,-0.996837131687098,0.0012234591140805363,1.8974358974525498,293.5224643318598,0.0,-1.0,-0.7429060821420841,-0.9975396818742827,0.02362082496421806,9.687587713779582,93.81208577807759,-0.7429060821420841,176.27666599931868,0.0,181,True
muscle_skeletal,excluded_at_or_below_-1,ENSG00000216519.2,ENSG00000216519,,,,,,,,,,,,,,,,,3,False
muscle_skeletal,raw,ENSG00000216519.2,ENSG00000216519,0.07692307682289441,1006.3237782648425,-0.9984854609984537,0.0007697299571331564,4.769230774926015,271.7935579436224,0.0,-1.0,-0.8505533174585802,-0.9994901530290864,0.008420507133526461,16.493354254612335,270.853293628057,-0.8505533174585802,1005.7991531405073,0.0,818,True
nerve_tibial,excluded_at_or_below_-1,ENSG00000216519.2,ENSG00000216519,,,,,,,,,,,,,,,,,2,False
nerve_tibial,raw,ENSG00000216519.2,ENSG00000216519,2.3818143475284668,627.064247015222,-0.9947788425977805,0.004992650452702764,1789.3218373600548,117.61674624232664,0.0,-1.0,-0.5795520925538864,-0.9991260935947194,0.01744145265583193,22.072496256092695,510.0910226806128,-0.5795520925538864,624.6863079116032,0.0,670,True
ovary,excluded_at_or_below_-1,ENSG00000216519.2,ENSG00000216519,,,,,,,,,,,,,,,,,1,False
ovary,raw,ENSG00000216519.2,ENSG00000216519,-0.20022495890249575,182.12676923605434,-0.9964210781202913,0.0034292895160144272,108.44526775560587,117.18714165401337,0.0,-1.0,-0.7122570402564079,-0.9985091038355255,0.020712191459048512,13.78423767690233,188.0052083333336,-0.7122570402564079,181.40353263269614,0.0,193,True
pancreas,excluded_at_or_below_-1,ENSG00000216519.2,ENSG00000216519,,,,,,,,,,,,,,,,,7,False
pancreas,raw,ENSG00000216519.2,ENSG00000216519,0.1794871785597671,394.0356491830002,-0.996358941477529,0.0017187421444659291,7.7435897447717235,273.3094291754152,0.0,-1.0,-0.6641966380589002,-0.9963168622574959,0.028421268742540168,8.791739341992995,84.1504366693842,-0.6641966380589002,383.90258027675253,0.0,362,True
pituitary,excluded_at_or_below_-1,ENSG00000216519.2,ENSG00000216519,0.11292020955638096,1.9033659927174207,-0.8111191202630127,0.08973955825786206,7.914754161351506,16.083782811223212,0.0,-0.8523963254948742,0.209484558698018,-0.660563820381697,0.27793154373786744,2.5783479433536898,5.723763195965914,0.209484558698018,1.903306001043418,0.0,13,True
pituitary,raw,ENSG00000216519.2,ENSG00000216519,0.34280561383820973,281.75467042944587,-0.9848875616095775,0.012730026056989053,340.8501581702033,132.6860796276188,0.0,-1.0,0.209484558698018,-0.9859020117091439,0.0870190353066738,9.693771754168031,117.08432484783103,0.209484558698018,280.0958046197921,0.0,313,True
prostate,excluded_at_or_below_-1,ENSG00000216519.2,ENSG00000216519,,,,,,,,,,,,,,,,,3,False
prostate,raw,ENSG00000216519.2,ENSG00000216519,0.0769230775216021,375.0564674596572,-0.9929675296826206,0.0019461692090201798,2.7692307705204,342.1420447274437,0.0,-1.0,-0.5221289447079359,-0.9974081694274355,0.03041514942884344,14.154108773294139,212.48551622513043,-0.5221289447079359,372.9064690996858,0.0,282,True
skin_not_sun_exposed_suprapubic,excluded_at_or_below_-1,ENSG00000216519.2,ENSG00000216519,0.03097951778139117,0.8096556101063864,-0.809946390514278,0.07034758430108455,7.094373074995223,4.211171257778849,0.0,-0.8495274076454207,-0.6004690294247745,-0.782362639672573,0.06174393788196935,1.8218732648067275,3.5013417331498706,-0.6004690294247745,0.8095404031878732,0.0,14,True
skin_not_sun_exposed_suprapubic,raw,ENSG00000216519.2,ENSG00000216519,0.35897337195622475,706.9303074562956,-0.9956517064935461,0.0019957178791576618,18.974359021979133,280.035924597443,0.0,-1.0,-0.6004690294247745,-0.9953196266596253,0.03277953468959796,7.526434001763569,61.054532493432674,-0.6004690294247745,688.9111308636434,0.0,651,True
skin_sun_exposed_lower_leg,excluded_at_or_below_-1,ENSG00000216519.2,ENSG00000216519,0.17750506877653413,6.395734661573949,-0.9354950782168734,0.09046766038511991,9.410671490512073,6.837530771964109,0.0,-0.8342025167318174,-0.4980962098925825,-0.7135060204133472,0.12807785225971285,0.59966891279395,-1.4429972111779268,-0.4980962098925825,1.8257742765511744,0.0,14,True
skin_sun_exposed_lower_leg,raw,ENSG00000216519.2,ENSG00000216519,0.35897435897441893,823.574907803331,-0.994436364378415,0.0021660767974151455,18.97435898870385,324.056367189686,0.0,-1.0,-0.4980962098925825,-0.9946804831376485,0.04220071942403523,8.960670566379058,85.66489608032632,-0.4980962098925825,807.7531432472366,0.0,754,True
small_intestine_terminal_ileum,excluded_at_or_below_-1,ENSG00000216519.2,ENSG00000216519,,,,,,,,,,,,,,,,,2,False
small_intestine_terminal_ileum,raw,ENSG00000216519.2,ENSG00000216519,0.05128205128207764,211.2646174629672,-0.9978156156432864,0.0007880855331412782,1.89743589914791,329.3795456957264,0.0,-1.0,-0.8142653642655056,-0.998347104469074,0.016836937601692293,10.13770316097773,101.51988606707238,-0.8142653642655056,211.19925764353226,0.0,207,True
spleen,excluded_at_or_below_-1,ENSG00000216519.2,ENSG00000216519,,,,,,,,,,,,,,,,,0,False
spleen,raw,ENSG00000216519.2,ENSG00000216519,0.0,277.0,-0.9875,1.0001e-06,0.0,-17675.90193946968,0.0,-1.0,-1.0,-1.0,0.0,,,-1.0,2.2622286867796648e-187,0.0,277,True
stomach,excluded_at_or_below_-1,ENSG00000216519.2,ENSG00000216519,,,,,,,,,,,,,,,,,4,False
stomach,raw,ENSG00000216519.2,ENSG00000216519,0.10256410256410191,447.54171273849687,-0.9972344096693285,0.001074628372872547,3.589743589743595,324.1982822469686,0.0,-1.0,-0.7508835884012022,-0.9981003049074901,0.019383865671367028,10.42749195871812,110.39199222791801,-0.7508835884012022,439.39885764684595,0.0,407,True
testis,excluded_at_or_below_-1,ENSG00000216519.2,ENSG00000216519,0.6120442396509661,14.478490899473247,-0.7004681549864321,0.40965937886462517,333.3059626118057,5.014104255665914,0.0,-0.9225778718565102,0.7519820898632703,-0.5392858469244559,0.2831839559845603,1.3636793881040412,2.579397087084593,0.7519820898632703,14.478304110666782,0.0,220,True
testis,raw,ENSG00000216519.2,ENSG00000216519,5.64102567214788,376.9908354929862,-0.9781984351563926,0.00011790219973565298,1680.9743589743593,20753.173132669697,,-1.0,0.7519820898632703,-0.7551760539212086,0.30904174609776075,1.4380122880359896,2.255792591234287,0.7519820898632703,0.0,0.0,414,True
thyroid,excluded_at_or_below_-1,ENSG00000216519.2,ENSG00000216519,,,,,,,,,,,,,,,,,7,False
thyroid,raw,ENSG00000216519.2,ENSG00000216519,0.18421054515038793,675.7163447813434,-0.9940113763999303,0.0028128097761168525,10.954513393357724,237.75936586286363,0.0,-1.0,-0.5211182530019437,-0.9971635489862405,0.030964717624498084,12.669335867380568,174.66638656546309,-0.5211182530019437,662.6967632609312,0.0,684,True
uterus,excluded_at_or_below_-1,ENSG00000216519.2,ENSG00000216519,,,,,,,,,,,,,,,,,0,False
uterus,raw,ENSG00000216519.2,ENSG00000216519,0.0,153.0,-0.9875,1.0001e-06,0.0,-17675.90193946968,0.0,-1.0,-1.0,-1.0,0.0,,,-1.0,1.24953425659671e-187,0.0,153,True
vagina,excluded_at_or_below_-1,ENSG00000216519.2,ENSG00000216519,,,,,,,,,,,,,,,,,2,False
vagina,raw,ENSG00000216519.2,ENSG00000216519,0.05128205128204769,206.2209245153602,-0.9979982596064303,0.0008798506291184234,1.897435897435912,305.4408514003519,0.0,-1.0,-0.8079687390210751,-0.997832745951959,0.019940022017271127,9.081294423014217,80.62512094172907,-0.8079687390210751,204.59740840990494,0.0,170,True
whole_blood,excluded_at_or_below_-1,ENSG00000216519.2,ENSG00000216519,,,,,,,,,,,,,,,,,6,False
whole_blood,raw,ENSG00000216519.2,ENSG00000216519,-0.15098755158071672,724.5680131271488,-0.9961023361468611,0.00372638924719718,5356.639455732809,117.16412407514828,0.0,-1.0,-0.6873801291710762,-0.9980389416239809,0.023035929457751868,11.972393616261266,144.19763544186046,-0.6873801291710762,721.459377733011,0.0,803,True
adipose_subcutaneous,excluded_at_or_below_-1,ENSG00000216523.1,ENSG00000216523,,,,,,,,,,,,,,,,,0,False
adipose_subcutaneous,raw,ENSG00000216523.1,ENSG00000216523,0.0,714.0,-0.9875,1.0001e-06,0.0,-17675.90193946968,0.0,-1.0,-1.0,-1.0,0.0,,,-1.0,5.83115986411798e-187,0.0,714,True
adipose_visceral_omentum,excluded_at_or_below_-1,ENSG00000216523.1,ENSG00000216523,,,,,,,,,,,,,,,,,0,False
adipose_visceral_omentum,raw,ENSG00000216523.1,ENSG00000216523,0.0,587.0,-0.9875,1.0001e-06,0.0,-17675.90193946968,0.0,-1.0,-1.0,-1.0,0.0,,,-1.0,4.793964762237051e-187,0.0,587,True
adrenal_gland,excluded_at_or_below_-1,ENSG00000216523.1,ENSG00000216523,,,,,,,,,,,,,,,,,1,False
adrenal_gland,raw,ENSG00000216523.1,ENSG00000216523,0.025641025641025657,313.4619519633364,-0.9978924168323888,0.0005554212258394831,0.974358977305437,452.6030903712644,0.0,-1.0,-0.8201361217711864,-0.9993902919382073,0.010472079859387435,17.088107015130237,290.00340136054353,-0.8201361217711864,313.42930922171064,0.0,295,True
artery_aorta,excluded_at_or_below_-1,ENSG00000216523.1,ENSG00000216523,,,,,,,,,,,,,,,,,1,False
artery_aorta,raw,ENSG00000216523.1,ENSG00000216523,0.7091801255439562,436.468434406148,-0.9958987342705368,0.003662475371553066,1175.272832325737,125.28682109490813,0.0,-1.0,-0.6714357897416392,-0.9993038893850458,0.015123393615682742,21.65645684645228,467.00212314225024,-0.6714357897416392,434.2470257305217,0.0,472,True
artery_coronary,excluded_at_or_below_-1,ENSG00000216523.1,ENSG00000216523,,,,,,,,,,,,,,,,,1,False
artery_coronary,raw,ENSG00000216523.1,ENSG00000216523,0.025641025645333396,275.97097825304644,-0.997762264282678,0.0008991719246594603,0.9743589768920333,298.63749406984,0.0,-1.0,-0.8078853903346865,-0.9992831544415475,0.011735267557769906,16.27893563223201,263.0037453183527,-0.8078853903346865,275.95257335508677,0.0,268,True
artery_tibial,excluded_at_or_below_-1,ENSG00000216523.1,ENSG00000216523,,,,,,,,,,,,,,,,,7,False
artery_tibial,raw,ENSG00000216523.1,ENSG00000216523,0.10155326620018208,625.0065444969586,-0.9950922244264386,0.00493443198007176,3605.694158672452,111.86129954923202,0.0,-1.0,-0.6047890987076534,-0.9971777030903429,0.028632742160598936,10.592809640024665,116.20241076702602,-0.6047890987076534,622.8621056554575,0.0,691,True
bladder,excluded_at_or_below_-1,ENSG00000216523.1,ENSG00000216523,,,,,,,,,,,,,,,,,0,False
bladder,raw,ENSG00000216523.1,ENSG00000216523,0.0,77.0,-0.9875,1.0001e-06,0.0,-17675.90193946968,0.0,-1.0,-1.0,-1.0,0.0,,,-1.0,6.288505735813509e-188,0.0,77,True
brain_amygdala,excluded_at_or_below_-1,ENSG00000216523.1,ENSG00000216523,,,,,,,,,,,,,,,,,0,False
brain_amygdala,raw,ENSG00000216523.1,ENSG00000216523,0.0,181.0,-0.9875,1.0001e-06,0.0,-17675.90193946968,0.0,-1.0,-1.0,-1.0,0.0,,,-1.0,1.478207192444474e-187,0.0,181,True
brain_anterior_cingulate_cortex_ba24,excluded_at_or_below_-1,ENSG00000216523.1,ENSG00000216523,,,,,,,,,,,,,,,,,0,False
brain_anterior_cingulate_cortex_ba24,raw,ENSG00000216523.1,ENSG00000216523,0.0,233.0,-0.9875,1.0001e-06,0.0,-17675.90193946968,0.0,-1.0,-1.0,-1.0,0.0,,,-1.0,1.9028855018760357e-187,0.0,233,True
brain_caudate_basal_ganglia,excluded_at_or_below_-1,ENSG00000216523.1,ENSG00000216523,,,,,,,,,,,,,,,,,1,False
brain_caudate_basal_ganglia,raw,ENSG00000216523.1,ENSG00000216523,0.025643396989972818,313.7312752227475,-0.9970051217769217,0.00016418131566970157,0.9743589745782828,2062.802042889024,0.0,-1.0,-0.7575267555820995,-0.9991917558519403,0.01399919929359568,17.233784972593952,295.0033444816052,-0.7575267555820995,119.49985162385983,0.0,300,True
brain_cerebellar_hemisphere,excluded_at_or_below_-1,ENSG00000216523.1,ENSG00000216523,,,,,,,,,,,,,,,,,1,False
brain_cerebellar_hemisphere,raw,ENSG00000216523.1,ENSG00000216523,0.025641025641068967,276.7249254632298,-0.9973512704991728,0.0008441071286861324,0.9743589747207086,356.47220645054915,0.0,-1.0,-0.7845823233972498,-0.9992223188570296,0.012943193769561491,16.553054799293243,272.00362318840524,-0.7845823233972498,270.10703468830394,0.0,277,True
brain_cerebellum,excluded_at_or_below_-1,ENSG00000216523.1,ENSG00000216523,,,,,,,,,,,,,,,,,2,False
brain_cerebellum,raw,ENSG00000216523.1,ENSG00000216523,0.052631578922622296,299.2133201700623,-0.9963516386622777,0.001768055603256483,1.8975069252808274,270.6038690401113,0.0,-1.0,-0.6580415703325622,-0.9976710597600358,0.026953563442263184,11.587719295330238,133.65813791301284,-0.6580415703325622,294.4882032396395,0.0,266,True
brain_cortex,excluded_at_or_below_-1,ENSG00000216523.1,ENSG00000216523,,,,,,,,,,,,,,,,,0,False
brain_cortex,raw,ENSG00000216523.1,ENSG00000216523,0.0,270.0,-0.9875,1.0001e-06,0.0,-17675.90193946968,0.0,-1.0,-1.0,-1.0,0.0,,,-1.0,2.2050604528177237e-187,0.0,270,True
brain_frontal_cortex_ba9,excluded_at_or_below_-1,ENSG00000216523.1,ENSG00000216523,,,,,,,,,,,,,,,,,1,False
brain_frontal_cortex_ba9,raw,ENSG00000216523.1,ENSG00000216523,0.02564102564102564,281.2788822367111,-0.9982988958980151,0.00036273890246775903,0.9743589747781174,548.8410958953103,0.0,-1.0,-0.8575238234116543,-0.999470348785917,0.008686925803063537,16.309620821566767,264.0037313432841,-0.8575238234116543,278.5056705143955,0.0,269,True
brain_hippocampus,excluded_at_or_below_-1,ENSG00000216523.1,ENSG00000216523,,,,,,,,,,,,,,,,,0,False
brain_hippocampus,raw,ENSG00000216523.1,ENSG00000216523,0.0,255.0,-0.9875,1.0001e-06,0.0,-17675.90193946968,0.0,-1.0,-1.0,-1.0,0.0,,,-1.0,2.08255709432785e-187,0.0,255,True
brain_hypothalamus,excluded_at_or_below_-1,ENSG00000216523.1,ENSG00000216523,,,,,,,,,,,,,,,,,0,False
brain_hypothalamus,raw,ENSG00000216523.1,ENSG00000216523,0.0,257.0,-0.9875,1.0001e-06,0.0,-17675.90193946968,0.0,-1.0,-1.0,-1.0,0.0,,,-1.0,2.0988908754598334e-187,0.0,257,True
brain_nucleus_accumbens_basal_ganglia,excluded_at_or_below_-1,ENSG00000216523.1,ENSG00000216523,,,,,,,,,,,,,,,,,0,False
brain_nucleus_accumbens_basal_ganglia,raw,ENSG00000216523.1,ENSG00000216523,0.0,285.0,-0.9875,1.0001e-06,0.0,-17675.90193946968,0.0,-1.0,-1.0,-1.0,0.0,,,-1.0,2.3275638113075975e-187,0.0,285,True
brain_putamen_basal_ganglia,excluded_at_or_below_-1,ENSG00000216523.1,ENSG00000216523,,,,,,,,,,,,,,,,,2,False
brain_putamen_basal_ganglia,raw,ENSG00000216523.1,ENSG00000216523,-0.07076490797894533,236.57479295007514,-0.9963506946756322,0.0035429750130402675,252.3417004550825,115.76629983579143,0.0,-1.0,-0.7063258224900762,-0.9981774273146868,0.02123178112858179,12.228116259775843,154.02365976651106,-0.7063258224900762,235.6858352783431,0.0,254,True
brain_spinal_cord_cervical_c-1,excluded_at_or_below_-1,ENSG00000216523.1,ENSG00000216523,,,,,,,,,,,,,,,,,0,False
brain_spinal_cord_cervical_c-1,raw,ENSG00000216523.1,ENSG00000216523,0.0,204.0,-0.9875,1.0001e-06,0.0,-17675.90193946968,0.0,-1.0,-1.0,-1.0,0.0,,,-1.0,1.6660456754622802e-187,0.0,204,True
brain_substantia_nigra,excluded_at_or_below_-1,ENSG00000216523.1,ENSG00000216523,,,,,,,,,,,,,,,,,2,False
brain_substantia_nigra,raw,ENSG00000216523.1,ENSG00000216523,0.05128205124560622,240.02849536202683,-0.9985222674002534,0.0007781994590663139,1.8974359156364828,272.28989121935757,0.0,-1.0,-0.8486892777487035,-0.9984187275722162,0.015100125473228386,9.438494652503579,87.2791845393591,-0.8486892777487035,239.45982584549586,0.0,183,True
breast_mammary_tissue,excluded_at_or_below_-1,ENSG00000216523.1,ENSG00000216523,,,,,,,,,,,,,,,,,2,False
breast_mammary_tissue,raw,ENSG00000216523.1,ENSG00000216523,0.051282051281004194,545.7945458874942,-0.9973819181832737,0.001105058891538938,1.8974358974400949,293.3171595035394,0.0,-1.0,-0.7681854631539313,-0.9991403711470218,0.013784241479603547,15.996020633067165,254.494394231716,-0.7681854631539313,542.1110366446622,0.0,514,True
cells_cultured_fibroblasts,excluded_at_or_below_-1,ENSG00000216523.1,ENSG00000216523,,,,,,,,,,,,,,,,,1,False
cells_cultured_fibroblasts,raw,ENSG00000216523.1,ENSG00000216523,2.3328623990721233,615.4723164421523,-0.9964025481062001,0.0033008898294179033,1360.119829777383,122.21995807075763,0.0,-1.0,-0.7111311949799648,-0.9995569496855522,0.01131297551037381,25.475508554262724,647.0015360983119,-0.7111311949799648,612.7024560342707,0.0,652,True
cells_ebv-transformed_lymphocytes,excluded_at_or_below_-1,ENSG00000216523.1,ENSG00000216523,,,,,,,,,,,,,,,,,1,False
cells_ebv-transformed_lymphocytes,raw,ENSG00000216523.1,ENSG00000216523,0.026315789465520482,369.3120745617236,-0.997891181197304,0.001318083018471685,0.9743769872882889,218.71897751351085,0.0,-1.0,-0.794039529828405,-0.9993701514673652,0.011389640025846397,18.000085207705624,322.0030674846628,-0.794039529828405,368.8669146879717,0.0,327,True
cervix_ectocervix,excluded_at_or_below_-1,ENSG00000216523.1,ENSG00000216523,,,,,,,,,,,,,,,,,0,False
cervix_ectocervix,raw,ENSG00000216523.1,ENSG00000216523,0.0,24.0,-0.9875,1.0001e-06,0.0,-17675.90193946968,0.0,-1.0,-1.0,-1.0,0.0,,,-1.0,1.9600537358379766e-188,0.0,24,True
cervix_endocervix,excluded_at_or_below_-1,ENSG00000216523.1,ENSG00000216523,,,,,,,,,,,,,,,,,1,False
cervix_endocervix,raw,ENSG00000216523.1,ENSG00000216523,0.025641025656536066,53.16506699873277,-0.9973582122525959,0.0019590194268134333,0.974358974380352,257.00552187194313,0.0,-1.0,-0.6413449314150059,-0.9844063013658698,0.07478475147460001,4.477215043467819,18.045454545454547,-0.6413449314150059,52.328182520459166,0.0,23,True
colon_sigmoid,excluded_at_or_below_-1,ENSG00000216523.1,ENSG00000216523,,,,,,,,,,,,,,,,,2,False
colon_sigmoid,raw,ENSG00000216523.1,ENSG00000216523,0.05128205128205129,451.8061750410984,-0.996375037969618,0.0006573845380299244,1.8974358985040942,648.1223031999251,0.0,-1.0,-0.6951011765020318,-0.9987113262358165,0.01878603701393404,14.725634898620838,218.0989292861807,-0.6951011765020318,447.8218032415264,0.0,419,True
colon_transverse,excluded_at_or_below_-1,ENSG00000216523.1,ENSG00000216523,,,,,,,,,,,,,,,,,1,False
colon_transverse,raw,ENSG00000216523.1,ENSG00000216523,1.8308644324609764,446.59651000841296,-0.9977404864976254,0.002452054787614618,1190.2965858507011,105.64447201502321,0.0,-1.0,-0.8145672796484641,-0.9996128753228569,0.008472637251638448,21.817472173700867,474.0020920502108,-0.8145672796484641,445.9611525263418,0.0,479,True
esophagus_gastroesophageal_junction,excluded_at_or_below_-1,ENSG00000216523.1,ENSG00000216523,,,,,,,,,,,,,,,,,1,False
esophagus_gastroesophageal_junction,raw,ENSG00000216523.1,ENSG00000216523,0.025641028696932727,413.6391772502252,-0.9981095765641649,0.00034567713310049223,0.9743589815619302,630.1201819897599,0.0,-1.0,-0.8440888941055164,-0.9996131238067135,0.007766485378828416,20.000062188958072,398.00248756218986,-0.8440888941055164,397.74583022332126,0.0,403,True
esophagus_mucosa,excluded_at_or_below_-1,ENSG00000216523.1,ENSG00000216523,,,,,,,,,,,,,,,,,0,False
esophagus_mucosa,raw,ENSG00000216523.1,ENSG00000216523,0.0,614.0,-0.9875,1.0001e-06,0.0,-17675.90193946968,0.0,-1.0,-1.0,-1.0,0.0,,,-1.0,5.014470807518823e-187,0.0,614,True
esophagus_muscularis,excluded_at_or_below_-1,ENSG00000216523.1,ENSG00000216523,,,,,,,,,,,,,,,,,2,False
esophagus_muscularis,raw,ENSG00000216523.1,ENSG00000216523,0.051282051282051204,596.3566986613631,-0.996444921476711,0.0012782271072397607,1.8974358974358976,339.5258881990082,0.0,-1.0,-0.6895668052907952,-0.9989470153130265,0.017642780274119734,16.723898699187078,278.4148007217876,-0.6895668052907952,594.431312832251,0.0,561,True
fallopian_tube,excluded_at_or_below_-1,ENSG00000216523.1,ENSG00000216523,,,,,,,,,,,,,,,,,0,False
fallopian_tube,raw,ENSG00000216523.1,ENSG00000216523,0.0,29.0,-0.9875,1.0001e-06,0.0,-17675.90193946968,0.0,-1.0,-1.0,-1.0,0.0,,,-1.0,2.368398264137555e-188,0.0,29,True
heart_atrial_appendage,excluded_at_or_below_-1,ENSG00000216523.1,ENSG00000216523,,,,,,,,,,,,,,,,,2,False
heart_atrial_appendage,raw,ENSG00000216523.1,ENSG00000216523,0.051282051283184374,491.4646055763398,-0.9962495096350593,0.0014878140141607547,1.897435905919501,311.2320309323402,0.0,-1.0,-0.6688199122977041,-0.9988941616440985,0.017508912867842123,16.847833346568024,295.1804572290979,-0.6688199122977041,488.2922729899548,0.0,461,True
heart_left_ventricle,excluded_at_or_below_-1,ENSG00000216523.1,ENSG00000216523,,,,,,,,,,,,,,,,,1,False
heart_left_ventricle,raw,ENSG00000216523.1,ENSG00000216523,1.733397297783749,419.9954948420523,-0.9975978090342679,0.0025943716646917234,1134.1212502784006,105.86473863747491,0.0,-1.0,-0.8033891792215369,-0.9995650203080123,0.009247795102816384,21.18967242066051,447.00221729490056,-0.8033891792215369,419.31373592563904,0.0,452,True
kidney_cortex,excluded_at_or_below_-1,ENSG00000216523.1,ENSG00000216523,,,,,,,,,,,,,,,,,3,False
kidney_cortex,raw,ENSG00000216523.1,ENSG00000216523,0.07692306669583149,119.75467233154633,-0.9970959570531864,0.0015756902237595756,2.769230769973709,252.70498742308138,0.0,-1.0,-0.7155368002383775,-0.9948938735095254,0.03248164406059099,7.148571615211112,54.11812466993138,-0.7155368002383775,119.61063992467771,0.0,104,True
kidney_medulla,excluded_at_or_below_-1,ENSG00000216523.1,ENSG00000216523,,,,,,,,,,,,,,,,,0,False
kidney_medulla,raw,ENSG00000216523.1,ENSG00000216523,0.0,11.0,-0.9875,1.0001e-06,0.0,-17675.90193946968,0.0,-1.0,-1.0,-1.0,0.0,,,-1.0,8.983579622590726e-189,0.0,11,True
liver,excluded_at_or_below_-1,ENSG00000216523.1,ENSG00000216523,,,,,,,,,,,,,,,,,0,False
liver,raw,ENSG00000216523.1,ENSG00000216523,0.0,262.0,-0.9875,1.0001e-06,0.0,-17675.90193946968,0.0,-1.0,-1.0,-1.0,0.0,,,-1.0,2.1397253282897912e-187,0.0,262,True
lung,excluded_at_or_below_-1,ENSG00000216523.1,ENSG00000216523,,,,,,,,,,,,,,,,,1,False
lung,raw,ENSG00000216523.1,ENSG00000216523,2.135328793782202,567.4316195893741,-0.9972474604413444,0.0032064498392032994,1819.1262729843506,100.34803700562583,0.0,-1.0,-0.7697281128110398,-0.9996187551536606,0.00936963020869151,24.515335167498577,599.0016583747921,-0.7697281128110398,567.2225793999592,0.0,604,True
minor_salivary_gland,excluded_at_or_below_-1,ENSG00000216523.1,ENSG00000216523,,,,,,,,,,,,,,,,,0,False
minor_salivary_gland,raw,ENSG00000216523.1,ENSG00000216523,0.0,181.0,-0.9875,1.0001e-06,0.0,-17675.90193946968,0.0,-1.0,-1.0,-1.0,0.0,,,-1.0,1.478207192444474e-187,0.0,181,True
muscle_skeletal,excluded_at_or_below_-1,ENSG00000216523.1,ENSG00000216523,,,,,,,,,,,,,,,,,1,False
muscle_skeletal,raw,ENSG00000216523.1,ENSG00000216523,2.7441460524443237,783.0060326891762,-0.9974351493635794,0.002450748196423324,1393.7308757011967,117.97050013399591,0.0,-1.0,-0.7929992719778455,-0.9997469428752785,0.007237610727894629,28.548226284485853,813.0012239902088,-0.7929992719778455,780.2392417230665,0.0,818,True
nerve_tibial,excluded_at_or_below_-1,ENSG00000216523.1,ENSG00000216523,,,,,,,,,,,,,,,,,2,False
nerve_tibial,raw,ENSG00000216523.1,ENSG00000216523,2.270415382103705,622.3086977927586,-0.9946894386140925,0.0053073974747018145,2231.6839208011834,112.90461680028729,0.0,-1.0,-0.5709700697498211,-0.9990068874769948,0.01891171298284888,20.22732233011823,425.75976869542126,-0.5709700697498211,620.3648814871808,0.0,670,True
ovary,excluded_at_or_below_-1,ENSG00000216523.1,ENSG00000216523,,,,,,,,,,,,,,,,,2,False
ovary,raw,ENSG00000216523.1,ENSG00000216523,0.05128205128205135,216.12126067809086,-0.9968977169017336,0.0009144517076864233,1.8974358974358976,418.8336575392975,0.0,-1.0,-0.7260735899355986,-0.9978247448363499,0.02229170155431082,10.85901115914277,121.67583207286378,-0.7260735899355986,213.6100451795082,0.0,193,True
pancreas,excluded_at_or_below_-1,ENSG00000216523.1,ENSG00000216523,,,,,,,,,,,,,,,,,0,False
pancreas,raw,ENSG00000216523.1,ENSG00000216523,0.0,362.0,-0.9875,1.0001e-06,0.0,-17675.90193946968,0.0,-1.0,-1.0,-1.0,0.0,,,-1.0,2.956414384888948e-187,0.0,362,True
pituitary,excluded_at_or_below_-1,ENSG00000216523.1,ENSG00000216523,,,,,,,,,,,,,,,,,0,False
pituitary,raw,ENSG00000216523.1,ENSG00000216523,0.0,313.0,-0.9875,1.0001e-06,0.0,-17675.90193946968,0.0,-1.0,-1.0,-1.0,0.0,,,-1.0,2.5562367471553613e-187,0.0,313,True
prostate,excluded_at_or_below_-1,ENSG00000216523.1,ENSG00000216523,,,,,,,,,,,,,,,,,1,False
prostate,raw,ENSG00000216523.1,ENSG00000216523,0.02564102564121518,296.920860808412,-0.9974175634152036,0.0011652613278400707,0.974358974896962,274.1804858897555,0.0,-1.0,-0.7715026623308053,-0.9991897257529462,0.013606818446415873,16.70339961561303,277.0035587188616,-0.7715026623308053,295.23931096149806,0.0,282,True
skin_not_sun_exposed_suprapubic,excluded_at_or_below_-1,ENSG00000216523.1,ENSG00000216523,,,,,,,,,,,,,,,,,1,False
skin_not_sun_exposed_suprapubic,raw,ENSG00000216523.1,ENSG00000216523,2.330505090773211,614.4798471003859,-0.9962860108682058,0.0028606190452363897,1313.609588859164,145.06069120007595,0.0,-1.0,-0.7028625937813477,-0.999543567732383,0.01164573312909953,25.455874340936276,646.0015384615389,-0.7028625937813477,610.1123869669337,0.0,651,True
skin_sun_exposed_lower_leg,excluded_at_or_below_-1,ENSG00000216523.1,ENSG00000216523,,,,,,,,,,,,,,,,,1,False
skin_sun_exposed_lower_leg,raw,ENSG00000216523.1,ENSG00000216523,2.583506449035302,718.2298354687024,-0.9970012533289562,0.003037045124459591,1508.3954481089706,112.19459389136092,0.0,-1.0,-0.7560616573341978,-0.999676474346597,0.008883710469222823,27.404403442170512,749.0013280212478,-0.7560616573341978,716.5251228897741,0.0,754,True
small_intestine_terminal_ileum,excluded_at_or_below_-1,ENSG00000216523.1,ENSG00000216523,,,,,,,,,,,,,,,,,1,False
small_intestine_terminal_ileum,raw,ENSG00000216523.1,ENSG00000216523,-0.15080990013064613,195.72704187931248,-0.9970951874089615,0.0028226595601974908,116.98605556871973,115.77677867471114,0.0,-1.0,-0.7660138006439638,-0.9988696318871689,0.01626316508538858,14.283026792978182,202.00485436893243,-0.7660138006439638,195.01490303960125,0.0,207,True
spleen,excluded_at_or_below_-1,ENSG00000216523.1,ENSG00000216523,,,,,,,,,,,,,,,,,0,False
spleen,raw,ENSG00000216523.1,ENSG00000216523,0.0,277.0,-0.9875,1.0001e-06,0.0,-17675.90193946968,0.0,-1.0,-1.0,-1.0,0.0,,,-1.0,2.2622286867796648e-187,0.0,277,True
stomach,excluded_at_or_below_-1,ENSG00000216523.1,ENSG00000216523,,,,,,,,,,,,,,,,,2,False
stomach,raw,ENSG00000216523.1,ENSG00000216523,-0.28290344997662303,377.0207279117198,-0.9979850088407552,0.002094208138999587,868.8330664056056,108.84861042762395,0.0,-1.0,-0.836798854258971,-0.9992134914242874,0.011208164379311353,14.168302877074565,198.82008624887834,-0.836798854258971,376.023071760827,0.0,407,True
testis,excluded_at_or_below_-1,ENSG00000216523.1,ENSG00000216523,0.26729583772425175,4.806159621063829,-0.809359592816781,0.13639589538136943,22.276522643492207,7.517526193309546,0.0,-0.8292891041529773,-0.0843207843437757,-0.6884194967445778,0.1562693958474608,2.0712205754145523,4.388433909975026,-0.0843207843437757,4.806159380352109,0.0,47,True
testis,raw,ENSG00000216523.1,ENSG00000216523,1.2051282051282053,400.43058535351673,-0.9875555970500332,0.0033194284846063274,136.35897435897527,384.8153162691809,0.0,-1.0,-0.0843207843437757,-0.9646273341714859,0.11186501319419426,3.921882443321454,18.453021730524753,-0.0843207843437757,398.75478176513747,0.0,414,True
thyroid,excluded_at_or_below_-1,ENSG00000216523.1,ENSG00000216523,,,,,,,,,,,,,,,,,4,False
thyroid,raw,ENSG00000216523.1,ENSG00000216523,0.10256410255980812,753.9165262675555,-0.9953959611355321,0.0014472752298937042,3.589743589777859,319.0406393388691,0.0,-1.0,-0.668896748477875,-0.9983475542602716,0.021714938460225267,13.239835047065164,175.69813607370776,-0.668896748477875,742.0932230236181,0.0,684,True
uterus,excluded_at_or_below_-1,ENSG00000216523.1,ENSG00000216523,,,,,,,,,,,,,,,,,0,False
uterus,raw,ENSG00000216523.1,ENSG00000216523,0.0,153.0,-0.9875,1.0001e-06,0.0,-17675.90193946968,0.0,-1.0,-1.0,-1.0,0.0,,,-1.0,1.24953425659671e-187,0.0,153,True
vagina,excluded_at_or_below_-1,ENSG00000216523.1,ENSG00000216523,,,,,,,,,,,,,,,,,0,False
vagina,raw,ENSG00000216523.1,ENSG00000216523,0.0,170.0,-0.9875,1.0001e-06,0.0,-17675.90193946968,0.0,-1.0,-1.0,-1.0,0.0,,,-1.0,1.3883713962185667e-187,0.0,170,True
whole_blood,excluded_at_or_below_-1,ENSG00000216523.1,ENSG00000216523,,,,,,,,,,,,,,,,,1,False
whole_blood,raw,ENSG00000216523.1,ENSG00000216523,2.6941537078114606,767.8059176071625,-0.9968836649730416,0.0031239502924288306,1486.6765265245176,113.25528548459758,0.0,-1.0,-0.7467065406531297,-0.9996845660531172,0.008938532071955423,28.28429328943522,798.0012468827913,-0.7467065406531297,765.8860096800843,0.0,803,True
adipose_subcutaneous,excluded_at_or_below_-1,ENSG00000216548.2,ENSG00000216548,0.7210732473131477,1.8146314887398864,-0.8811707548428965,0.030210591259496548,33.29480606652536,11.057934570304585,0.0,-0.9394572722886904,-0.6449498965751015,-0.8122685454389951,0.08571971763869646,0.43327375640783733,-1.17439316667039,-0.6449498965751015,1.8145338328769651,0.0,42,True
adipose_subcutaneous,raw,ENSG00000216548.2,ENSG00000216548,1.0769230767476712,688.5491609705157,-0.9952862873417109,0.001711350108395439,66.76923079226634,289.5085422815753,0.0,-1.0,-0.6449498965751015,-0.9889569732611173,0.048748742468168384,4.864316968080977,24.140543894802867,-0.6449498965751015,688.3623308774015,0.0,714,True
adipose_visceral_omentum,excluded_at_or_below_-1,ENSG00000216548.2,ENSG00000216548,0.40072146022907323,1.888808094753643,-0.8723663254166667,0.05853738502288856,29.536273789933023,5.730302822936245,0.0,-0.9178642464077712,-0.6351765886126366,-0.8269585839380552,0.0729792873710598,1.147461402472065,0.5384453930959485,-0.6351765886126366,1.8887875530564961,0.0,40,True
adipose_visceral_omentum,raw,ENSG00000216548.2,ENSG00000216548,1.0256411100374423,570.0040780114073,-0.9958951182264533,0.0021943616717285874,60.97436524556352,232.4744563995634,0.0,-1.0,-0.6351765886126366,-0.9882084213927126,0.04752992747773695,4.524872300296296,21.9043817334467,-0.6351765886126366,567.0380775867135,0.0,587,True
adrenal_gland,excluded_at_or_below_-1,ENSG00000216548.2,ENSG00000216548,0.17442404648082394,1.9375823513147359,-0.9087003796913423,0.009584589763359127,7.429644735683191,28.348274474537824,0.0,-0.9351695608505148,-0.7165748135345464,-0.8865960787459564,0.058239160349821524,2.0767313531749565,3.7122749436150686,-0.7165748135345464,1.9369663302616493,0.0,13,True
adrenal_gland,raw,ENSG00000216548.2,ENSG00000216548,0.33333333333333326,283.4988672453612,-0.9965495565915821,0.0011471578972243933,18.66666666666667,345.15220590922064,0.0,-1.0,-0.7165748135345464,-0.9950025390633812,0.02611590645300736,6.597940650490762,52.5526172703258,-0.7165748135345464,279.40840882920077,0.0,295,True
artery_aorta,excluded_at_or_below_-1,ENSG00000216548.2,ENSG00000216548,0.12833493992016878,2635927639645.9614,-7.93873434992759,1.3252135369431945,12.278500698777075,8.168092712104468,0.0,-0.902184274334347,-0.2846803081009144,-0.7324728943555759,0.16242179156683526,1.2863131180582386,1.3964646123743671,-0.2846803081009144,1.4934731450814023,0.0,17,True
artery_aorta,raw,ENSG00000216548.2,ENSG00000216548,0.4358974358648447,521.7309187982071,-0.9924530429855727,0.003756518334324285,19.58974359163244,266.4546560590202,0.0,-1.0,-0.2846803081009144,-0.990364489839078,0.05819241601891486,7.5853464181114525,67.12723028653764,-0.2846803081009144,516.36866483555,0.0,472,True
artery_coronary,excluded_at_or_below_-1,ENSG00000216548.2,ENSG00000216548,,,,,,,,,,,,,,,,,12,False
artery_coronary,raw,ENSG00000216548.2,ENSG00000216548,0.30769230769230776,271.40738802854486,-0.9962619481965285,0.0011875550322250268,10.307692311997362,379.29957431093675,0.0,-1.0,-0.6777533932100296,-0.9913706432852554,0.04290570061973767,5.30257555001041,28.404867172960582,-0.6777533932100296,271.259035712267,0.0,268,True
artery_tibial,excluded_at_or_below_-1,ENSG00000216548.2,ENSG00000216548,0.0028264782201461737,5.0225765245718526,-0.8208958509476527,0.15149794875042208,34.57615919744812,8.134447309486802,0.0,-0.9215623153233484,0.050508662765053,-0.7742873044764819,0.14583068441715957,4.009307463725127,20.408312408668735,0.050508662765053,5.022575945562421,0.0,46,True
artery_tibial,raw,ENSG00000216548.2,ENSG00000216548,1.1794871704418262,698.4747975440511,-0.9857311618217446,0.003984928858243577,199.74358974358978,367.7517129998887,0.0,-1.0,0.050508662765053,-0.9849742633949612,0.06750752688159219,7.478213817831237,86.31012192180725,0.050508662765053,695.9736733413146,0.0,691,True
bladder,excluded_at_or_below_-1,ENSG00000216548.2,ENSG00000216548,,,,,,,,,,,,,,,,,5,False
bladder,raw,ENSG00000216548.2,ENSG00000216548,,,,,,,,,,,,,,,,,77,False
brain_amygdala,excluded_at_or_below_-1,ENSG00000216548.2,ENSG00000216548,,,,,,,,,,,,,,,,,8,False
brain_amygdala,raw,ENSG00000216548.2,ENSG00000216548,0.2051282056373256,174.88907669527217,-0.9978477613637722,0.0006157773370821045,8.35897437806943,402.9070815501533,0.0,-1.0,-0.8224138266529819,-0.9947476474527416,0.02599715642007216,5.152975698767795,26.11374619089941,-0.8224138266529819,172.17984286917002,0.0,181,True
brain_anterior_cingulate_cortex_ba24,excluded_at_or_below_-1,ENSG00000216548.2,ENSG00000216548,,,,,,,,,,,,,,,,,8,False
brain_anterior_cingulate_cortex_ba24,raw,ENSG00000216548.2,ENSG00000216548,0.20512817115271775,273.6679504162054,-0.9974340611414482,0.0013606727651019812,8.3589743611814,260.8663046779511,0.0,-1.0,-0.7464439097583289,-0.995118019543163,0.027817532868130494,6.30307809582096,42.352096083056736,-0.7464439097583289,273.5669292078475,0.0,233,True
brain_caudate_basal_ganglia,excluded_at_or_below_-1,ENSG00000216548.2,ENSG00000216548,,,,,,,,,,,,,,,,,6,False
brain_caudate_basal_ganglia,raw,ENSG00000216548.2,ENSG00000216548,0.1538461538462139,332.00187154890034,-0.9967380696093519,0.0013130510956110067,7.076923084093953,317.0768903148916,0.0,-1.0,-0.7023425346646361,-0.9970599466867142,0.024385958983504666,9.991387680230627,106.82856273193802,-0.7023425346646361,323.0944638527543,0.0,300,True
brain_cerebellar_hemisphere,excluded_at_or_below_-1,ENSG00000216548.2,ENSG00000216548,,,,,,,,,,,,,,,,,8,False
brain_cerebellar_hemisphere,raw,ENSG00000216548.2,ENSG00000216548,0.20512801458215899,317.3047057643568,-0.9969948411802217,0.001580889820990318,8.358974361861351,258.4608423206398,0.0,-1.0,-0.7080723434609646,-0.99447735275987,0.03328713642496851,6.287657249644759,40.25278414763631,-0.7080723434609646,316.47262350767426,0.0,277,True
brain_cerebellum,excluded_at_or_below_-1,ENSG00000216548.2,ENSG00000216548,,,,,,,,,,,,,,,,,5,False
brain_cerebellum,raw,ENSG00000216548.2,ENSG00000216548,0.1282352850916356,295.54085425272103,-0.9957725370938358,0.0003183713942394374,4.358974394442674,1523.465524307046,0.0,-1.0,-0.6528060602093562,-0.9964657627081244,0.028037915551807038,9.280896496937823,95.80060866043293,-0.6528060602093562,222.14592322487186,0.0,266,True
brain_cortex,excluded_at_or_below_-1,ENSG00000216548.2,ENSG00000216548,,,,,,,,,,,,,,,,,2,False
brain_cortex,raw,ENSG00000216548.2,ENSG00000216548,0.05301278938044604,252.94555735712171,-0.9978633884078603,0.0021152957834587927,242.68528913217253,113.83252034101601,0.0,-1.0,-0.8275995352640776,-0.9990230041479313,0.011856647164681579,12.906644017884226,172.6550178669982,-0.8275995352640776,252.10671938299734,0.0,270,True
brain_frontal_cortex_ba9,excluded_at_or_below_-1,ENSG00000216548.2,ENSG00000216548,,,,,,,,,,,,,,,,,5,False
brain_frontal_cortex_ba9,raw,ENSG00000216548.2,ENSG00000216548,0.12820001497219707,306.287333959195,-0.9988188304892066,0.000594904407723363,6.358974453655244,265.503788048188,0.0,-1.0,-0.8871317572072388,-0.9982424343062118,0.012868095034400206,7.262460057508483,51.47387815816877,-0.8871317572072388,304.07925969903255,0.0,269,True
brain_hippocampus,excluded_at_or_below_-1,ENSG00000216548.2,ENSG00000216548,,,,,,,,,,,,,,,,,7,False
brain_hippocampus,raw,ENSG00000216548.2,ENSG00000216548,0.17948717947421405,299.28402826565735,-0.9978324024376997,0.0009393042897979097,5.743589779367199,306.9636021787432,0.0,-1.0,-0.7939507285450509,-0.9964017172397691,0.022686558972601575,6.782272251731635,47.77978144965212,-0.7939507285450509,295.6608249497678,0.0,255,True
brain_hypothalamus,excluded_at_or_below_-1,ENSG00000216548.2,ENSG00000216548,,,,,,,,,,,,,,,,,2,False
brain_hypothalamus,raw,ENSG00000216548.2,ENSG00000216548,0.05128205128203315,280.75112848301234,-0.9983689507658312,0.0006704410107020852,1.8974358974359709,306.9277848128206,0.0,-1.0,-0.8528626568527964,-0.9990125638481394,0.011313979735055829,11.622284834725459,136.00401618940654,-0.8528626568527964,275.91030671459083,0.0,257,True
brain_nucleus_accumbens_basal_ganglia,excluded_at_or_below_-1,ENSG00000216548.2,ENSG00000216548,,,,,,,,,,,,,,,,,8,False
brain_nucleus_accumbens_basal_ganglia,raw,ENSG00000216548.2,ENSG00000216548,0.2051279966314163,303.09479297762,-0.9981277202412608,0.0008575223599848581,6.358974370256284,278.017089897007,0.0,-1.0,-0.8295493121509359,-0.9967139340854472,0.02060278775543583,6.563122728431315,42.99098751480881,-0.8295493121509359,297.25282828368313,0.0,285,True
brain_putamen_basal_ganglia,excluded_at_or_below_-1,ENSG00000216548.2,ENSG00000216548,,,,,,,,,,,,,,,,,4,False
brain_putamen_basal_ganglia,raw,ENSG00000216548.2,ENSG00000216548,0.10256410256410255,259.2061318767338,-0.9972046209106056,0.0009335952679893698,3.589743589785612,356.15801454652063,0.0,-1.0,-0.7620863573866985,-0.9974322266506654,0.021109522740599223,8.733100704776723,79.85735970676491,-0.7620863573866985,259.1384573108814,0.0,254,True
brain_spinal_cord_cervical_c-1,excluded_at_or_below_-1,ENSG00000216548.2,ENSG00000216548,,,,,,,,,,,,,,,,,2,False
brain_spinal_cord_cervical_c-1,raw,ENSG00000216548.2,ENSG00000216548,0.05128205128205129,209.654364304698,-0.9973260981015097,0.0007703341832197262,1.897435898017895,409.6937540780028,0.0,-1.0,-0.7741624177247546,-0.9979927620766271,0.020330273259753256,10.11064373199893,101.27254105450814,-0.7741624177247546,209.22861787926277,0.0,204,True
brain_substantia_nigra,excluded_at_or_below_-1,ENSG00000216548.2,ENSG00000216548,,,,,,,,,,,,,,,,,3,False
brain_substantia_nigra,raw,ENSG00000216548.2,ENSG00000216548,0.07692307692245035,207.7186945565825,-0.9979282936997467,0.000960236650861266,2.7692307692853824,283.9226970352828,0.0,-1.0,-0.8051476649754887,-0.997233554334654,0.02166121150350535,7.803207870486517,59.82593109604529,-0.8051476649754887,204.50361499409453,0.0,183,True
breast_mammary_tissue,excluded_at_or_below_-1,ENSG00000216548.2,ENSG00000216548,0.3830409902640976,2.386322562514081,-0.852076923055254,0.10893041338930526,40.93540627703886,4.195731001556767,0.0,-0.9276252417350664,-0.5288989217758926,-0.7984950455011216,0.09880725652587058,1.1259559607253622,0.7574834267238324,-0.5288989217758926,2.3859417779948133,0.0,54,True
breast_mammary_tissue,raw,ENSG00000216548.2,ENSG00000216548,2.3365554892124716,456.36341614241826,-0.9941101108611463,0.001659154296127238,126.26279775968213,396.53212151983377,0.0,-1.0,-0.5288989217758926,-0.9788302187880555,0.06952508889678694,3.7698123509509247,15.217493191010767,-0.5288989217758926,432.496541003217,0.0,514,True
cells_cultured_fibroblasts,excluded_at_or_below_-1,ENSG00000216548.2,ENSG00000216548,0.3909806974647908,3.688222620855385,-0.8090957930230691,0.1128048584447932,56.657709644565564,4.5891494539473685,0.0,-0.940383067261634,-0.4430419180582072,-0.7729390706437178,0.10500628547806676,1.153657605848581,1.3326619985519184,-0.4430419180582072,3.6881210531010935,0.0,72,True
cells_cultured_fibroblasts,raw,ENSG00000216548.2,ENSG00000216548,1.846153851001883,583.3654416228195,-0.9927771103352868,0.0027542814114364313,159.07692312119795,282.26707750482547,0.0,-1.0,-0.4430419180582072,-0.974925786942251,0.07921490446064401,3.565080597561679,13.593032993510683,-0.4430419180582072,579.8013047608625,0.0,652,True
cells_ebv-transformed_lymphocytes,excluded_at_or_below_-1,ENSG00000216548.2,ENSG00000216548,-303.24517964685856,304.39961622381344,-0.8882941975424246,4.351118356443093,41.362965036769,0.05122410979552347,0.0,-0.9375673959369452,-0.7306927076728498,-0.8400711919485147,0.058774657187598126,-0.011904982836155145,-1.2132489034429643,-0.7306927076728498,0.3990964454098389,0.0,42,True
cells_ebv-transformed_lymphocytes,raw,ENSG00000216548.2,ENSG00000216548,1.0769236283586778,301.8652474858289,-0.9969815773147439,0.0014054859525694631,52.76923078064158,267.9424367551306,0.0,-1.0,-0.7306927076728498,-0.9794586852043964,0.05750166844428163,2.753431240490792,6.347949990519648,-0.7306927076728498,299.34308436179117,0.0,327,True
cervix_ectocervix,excluded_at_or_below_-1,ENSG00000216548.2,ENSG00000216548,,,,,,,,,,,,,,,,,1,False
cervix_ectocervix,raw,ENSG00000216548.2,ENSG00000216548,0.025641025641075604,33.09495338331074,-0.998911353732595,0.000547309658928003,0.9743589750456492,290.57878565296716,0.0,-1.0,-0.8864555123386189,-0.9952689796807759,0.023177171489677018,4.587317109255657,19.04347826086964,-0.8864555123386189,32.83401866405345,0.0,24,True
cervix_endocervix,excluded_at_or_below_-1,ENSG00000216548.2,ENSG00000216548,,,,,,,,,,,,,,,,,2,False
cervix_endocervix,raw,ENSG00000216548.2,ENSG00000216548,0.05128204240043857,24.137964844289314,-0.9972573431272462,0.0017597437172114136,1.8974359339479814,216.7157517398184,0.0,-1.0,-0.7275921435480874,-0.9831971455769325,0.0605735821636515,3.6636393662626854,12.388698934477727,-0.7275921435480874,24.136430438073944,0.0,23,True
colon_sigmoid,excluded_at_or_below_-1,ENSG00000216548.2,ENSG00000216548,0.37768369221621945,1.9550290919899855,-0.880778568761437,0.007391600394869869,8.983013459634716,43.01452304881904,0.0,-0.919152718278893,-0.6559566790467986,-0.8096845572378131,0.08679376479292701,0.5217806224203874,-1.2382155476036962,-0.6559566790467986,1.9542558854046186,0.0,19,True
colon_sigmoid,raw,ENSG00000216548.2,ENSG00000216548,0.48717948717570514,439.22863651997557,-0.9961835986944334,0.001572627488492593,15.743589744256713,305.9551785599942,0.0,-1.0,-0.6559566790467986,-0.9913699441229558,0.043544235854881964,5.615723758390242,32.75883820134438,-0.6559566790467986,431.8896802469249,0.0,419,True
colon_transverse,excluded_at_or_below_-1,ENSG00000216548.2,ENSG00000216548,0.5786622131505567,2.795165760900742,-0.8607118150986328,0.01236551374095615,23.129641229488207,28.783007181680635,0.0,-0.9665946192729474,-0.6090407236307558,-0.8310640916950303,0.0844465241603147,0.7634783794425577,0.23003099804943128,-0.6090407236307558,2.7942130199258495,0.0,30,True
colon_transverse,raw,ENSG00000216548.2,ENSG00000216548,0.7692301848090554,499.72990365713076,-0.9957620809723723,0.0019681526984009303,40.923076929331756,277.87812848880714,0.0,-1.0,-0.6090407236307558,-0.989419462945409,0.045952551983499665,4.962910713238083,26.57018229302903,-0.6090407236307558,486.54745530279985,0.0,479,True
esophagus_gastroesophageal_junction,excluded_at_or_below_-1,ENSG00000216548.2,ENSG00000216548,0.18067578356621936,0.6258741166135581,-0.8724851194770159,0.1605005061878353,15.926617758303399,2.7675858679510466,0.0,-0.9125561685036756,-0.5583890419517357,-0.781110179430868,0.09961238728786741,0.7756180356531555,-0.057165017356574754,-0.5583890419517357,0.6122830049650368,0.0,20,True
esophagus_gastroesophageal_junction,raw,ENSG00000216548.2,ENSG00000216548,0.5128205128205128,427.31257272228265,-0.9948466985178479,0.0011019475503944304,15.743589744108796,560.13948857769,0.0,-1.0,-0.5583890419517357,-0.9891369816094724,0.05229149342394186,5.424447739582578,31.505064569371243,-0.5583890419517357,427.29315902448303,0.0,403,True
esophagus_mucosa,excluded_at_or_below_-1,ENSG00000216548.2,ENSG00000216548,0.8608796893517454,4.617760522080482,-0.9012056152051635,0.005225875539401302,30.3048288451741,65.01942572184059,0.0,-0.9206867497437188,-0.6609424502164759,-0.8251785995564279,0.07411209914844377,0.5925377300878272,-0.7476657557056869,-0.6609424502164759,4.617585097280457,0.0,41,True
esophagus_mucosa,raw,ENSG00000216548.2,ENSG00000216548,1.0716999816126782,571.5581755976943,-0.995762187030633,0.0026711985236788915,54.1031074082891,177.26372957882487,0.0,-1.0,-0.6609424502164759,-0.9883262582765693,0.047603136400671237,4.452677441562087,20.234010860581844,-0.6609424502164759,565.5089201506888,0.0,614,True
esophagus_muscularis,excluded_at_or_below_-1,ENSG00000216548.2,ENSG00000216548,0.5859497497680318,3.8840315761050315,-0.8748222844405982,0.005997347714837757,16.805062003316948,41.32413170215143,0.0,-0.9512113986171158,-0.6995763432153725,-0.8347623761588231,0.06782523829866467,0.7458478886089414,-0.348932386321962,-0.6995763432153725,3.883537938855918,0.0,30,True
esophagus_muscularis,raw,ENSG00000216548.2,ENSG00000216548,0.7692307692307692,536.7150122618791,-0.9961153079645102,0.0011736694654534182,46.92307692307692,357.3147620043899,0.0,-1.0,-0.6995763432153725,-0.9911637634309531,0.040282693765152755,5.021194015749617,26.388544046017177,-0.6995763432153725,530.4041788206714,0.0,561,True
fallopian_tube,excluded_at_or_below_-1,ENSG00000216548.2,ENSG00000216548,,,,,,,,,,,,,,,,,0,False
fallopian_tube,raw,ENSG00000216548.2,ENSG00000216548,0.0,29.0,-0.9875,1.0001e-06,0.0,-17675.90193946968,0.0,-1.0,-1.0,-1.0,0.0,,,-1.0,2.368398264137555e-188,0.0,29,True
heart_atrial_appendage,excluded_at_or_below_-1,ENSG00000216548.2,ENSG00000216548,0.20959569631206873,0.5796379512541923,-0.9136350847869811,0.008532332085681393,11.07540729293249,16.904039369877594,0.0,-0.9454348815525,-0.8116484532550333,-0.8894644015715218,0.047453544160871455,0.6558533163592728,-0.9476717832416788,-0.8116484532550333,0.579581574321829,0.0,11,True
heart_atrial_appendage,raw,ENSG00000216548.2,ENSG00000216548,0.2820512820512821,615.3648321956894,-0.9979736223127613,0.000585748592323556,13.89743592770488,449.8578136528317,0.0,-1.0,-0.8116484532550333,-0.9973624911437889,0.018279875334702305,7.7550769025823385,64.25401969968159,-0.8116484532550333,581.3304907958321,0.0,461,True
heart_left_ventricle,excluded_at_or_below_-1,ENSG00000216548.2,ENSG00000216548,0.29950155632444087,4.697886911858063,-0.9917149309306758,0.03620220434111074,10.628409083564424,7.045989592118079,0.0,-0.932427362273372,-0.8113458821632709,-0.875038642675711,0.03766350533011594,0.013597123800797627,-1.0970599303887711,-0.8113458821632709,0.32146140803109297,0.0,13,True
heart_left_ventricle,raw,ENSG00000216548.2,ENSG00000216548,0.3333333333297635,465.6810240560706,-0.9974365290743654,0.0008397847808483634,16.666666666757962,313.38019299015224,0.0,-1.0,-0.8113458821632709,-0.996405978661027,0.021792379876084744,6.311468037771927,40.07382743798244,-0.8113458821632709,464.41115256605826,0.0,452,True
kidney_cortex,excluded_at_or_below_-1,ENSG00000216548.2,ENSG00000216548,,,,,,,,,,,,,,,,,3,False
kidney_cortex,raw,ENSG00000216548.2,ENSG00000216548,0.07692307692307779,108.67352417112379,-0.9980471080765705,0.0005813513611906349,2.7692307692307696,406.0770758840687,0.0,-1.0,-0.8311179630771566,-0.9963915193088754,0.022016243702654856,6.327059453425157,40.00663795477814,-0.8311179630771566,108.53599326103422,0.0,104,True
kidney_medulla,excluded_at_or_below_-1,ENSG00000216548.2,ENSG00000216548,,,,,,,,,,,,,,,,,0,False
kidney_medulla,raw,ENSG00000216548.2,ENSG00000216548,0.0,11.0,-0.9875,1.0001e-06,0.0,-17675.90193946968,0.0,-1.0,-1.0,-1.0,0.0,,,-1.0,8.983579622590726e-189,0.0,11,True
liver,excluded_at_or_below_-1,ENSG00000216548.2,ENSG00000216548,,,,,,,,,,,,,,,,,4,False
liver,raw,ENSG00000216548.2,ENSG00000216548,0.10256410256409994,288.89898261561547,-0.9976866746521014,0.0009339918012346084,3.5897435897436107,314.8350885177288,0.0,-1.0,-0.7897595275505702,-0.9979741479455763,0.017312517100326504,9.42480178035441,95.24752118158213,-0.7897595275505702,282.15220578106823,0.0,262,True
lung,excluded_at_or_below_-1,ENSG00000216548.2,ENSG00000216548,0.5143731102129229,0.49082716203148724,-0.8608184583551421,0.09236915273083472,16.111667489557043,3.3458847729436543,0.0,-0.917529023365272,-0.6422824820113713,-0.7981668897549792,0.07877861285014136,0.4051124785703437,-0.9051002447722873,-0.6422824820113713,0.4890054619580132,0.0,30,True
lung,raw,ENSG00000216548.2,ENSG00000216548,0.7692307692218552,594.8894831848488,-0.9958654817690427,0.0017496612674038142,26.92307692363231,285.7935321525605,0.0,-1.0,-0.6422824820113713,-0.9899751766434592,0.04716461273659064,5.067516535214246,26.183080860244438,-0.6422824820113713,594.4816426368084,0.0,604,True
minor_salivary_gland,excluded_at_or_below_-1,ENSG00000216548.2,ENSG00000216548,,,,,,,,,,,,,,,,,8,False
minor_salivary_gland,raw,ENSG00000216548.2,ENSG00000216548,0.2051282051284484,185.5917702721495,-0.9974751587167043,0.0009205500240653698,6.358974364896277,336.66881475781554,0.0,-1.0,-0.7783282817716761,-0.9945165489492561,0.02753892928538928,5.520358090915919,32.01633984876519,-0.7783282817716761,184.6503580065719,0.0,181,True
muscle_skeletal,excluded_at_or_below_-1,ENSG00000216548.2,ENSG00000216548,0.3761274514945733,1.8144763201061989,-0.8901785267643664,0.03823128067892393,22.519343315959826,5.67265916253974,0.0,-0.9597233441235752,-0.7368261403857443,-0.8713403479384233,0.04846453188228239,0.7654083198860557,0.28233449918312603,-0.7368261403857443,1.8144740682108456,0.0,37,True
muscle_skeletal,raw,ENSG00000216548.2,ENSG00000216548,0.9487179487179335,842.8531289806556,-0.9964144342888145,0.0010633364730920527,43.89743589743699,345.24658484016277,0.0,-1.0,-0.7368261403857443,-0.9941804313859678,0.028622516819849377,5.363236940776487,30.297067863419485,-0.7368261403857443,839.1328997292843,0.0,818,True
nerve_tibial,excluded_at_or_below_-1,ENSG00000216548.2,ENSG00000216548,0.7180073744313279,5.897707738309702,-0.8540784333372671,0.021561009435306252,29.704390201712137,35.19252365552755,0.0,-0.9074813198129946,-0.3175354706776526,-0.7619640014244055,0.12119366733764858,1.2658002477823003,2.1395989007461704,-0.3175354706776526,5.897098638537469,0.0,44,True
nerve_tibial,raw,ENSG00000216548.2,ENSG00000216548,1.1282051189714817,832.8992749646044,-0.9932804074579842,0.0033787173331235156,92.35897436237215,282.84332783063246,0.0,-1.0,-0.3175354706776526,-0.9843677851681698,0.06652763468355168,5.07436178047265,29.626749405592882,-0.3175354706776526,831.9105372009573,0.0,670,True
ovary,excluded_at_or_below_-1,ENSG00000216548.2,ENSG00000216548,0.07557938223083775,1.594014540578982,-0.9844714323602757,0.27966306082436804,23.765548154702625,2.631115457652061,0.0,-0.8875907705833015,-0.4641640178036338,-0.7535602480115613,0.10670127006943876,0.9061476700879358,0.2759672007289917,-0.4641640178036338,1.3637249972580023,0.0,26,True
ovary,raw,ENSG00000216548.2,ENSG00000216548,1.1373193598455087,160.4192259243433,-0.9933092841574285,0.005441061172926498,67.92303614106004,137.5328062596603,0.0,-1.0,-0.4641640178036338,-0.966800862426428,0.09272927927933311,2.980222978011388,8.67230395193653,-0.4641640178036338,159.425718309883,0.0,193,True
pancreas,excluded_at_or_below_-1,ENSG00000216548.2,ENSG00000216548,0.4750248680336793,0.011493768124498767,-2.646491759874978,0.10363016689031493,13.975000024736765,25.400608453485084,,-0.9640270706659084,-0.7851962927793493,-0.8810058592718623,0.054024161220383976,0.36264825766343867,-1.1705711591680033,-0.7851962927793493,0.0,0.0,19,True
pancreas,raw,ENSG00000216548.2,ENSG00000216548,0.48717948717948656,346.2736042784468,-0.9972245237947338,0.0008653620295725684,17.74358974358977,346.50607452240547,0.0,-1.0,-0.7851962927793493,-0.9937544511772524,0.029183106825026454,5.125130932234028,26.854720993200853,-0.7851962927793493,342.2670544191953,0.0,362,True
pituitary,excluded_at_or_below_-1,ENSG00000216548.2,ENSG00000216548,0.23078274185532727,1.1648288953516934,-0.8899833943632722,7.278155515531886e-06,6.923076930196352,28750.851862340416,,-0.8918516129230051,-0.7420190581232777,-0.8105340699970262,0.053893849482561935,-0.20244359361512626,-1.5043319716559718,-0.7420190581232777,0.0,0.0,10,True
pituitary,raw,ENSG00000216548.2,ENSG00000216548,0.25641025641023124,311.92181071809404,-0.9969741288149788,0.0011508619225322346,9.435897435897957,313.2964187177684,0.0,-1.0,-0.7420190581232777,-0.993946775399266,0.03460609435463764,5.867383377192492,33.98550879503203,-0.7420190581232777,311.89295811880777,0.0,313,True
prostate,excluded_at_or_below_-1,ENSG00000216548.2,ENSG00000216548,0.17637506132672304,1114623938133.4958,-1.9912699130060085,0.21265845154507007,8.650498486909362,9.400376906339313,0.0,-0.8944895311722666,-0.5777142450150634,-0.8190035519917533,0.09415732316806276,1.6237015904843592,1.5159258889685407,-0.5777142450150634,3.1267767149153074,0.0,15,True
prostate,raw,ENSG00000216548.2,ENSG00000216548,0.38461537588870215,317.9637372994132,-0.9956161109931948,0.002131826225745059,23.230769238329387,277.2282653576727,0.0,-1.0,-0.5777142450150634,-0.9903725293612633,0.045797638757402906,5.841488304523942,39.22587205150444,-0.5777142450150634,316.3091895231378,0.0,282,True
skin_not_sun_exposed_suprapubic,excluded_at_or_below_-1,ENSG00000216548.2,ENSG00000216548,0.4818532103084973,4.380823134544158,-0.9039622975399186,0.11613707950809112,44.060767763758875,4.7286528564968915,0.0,-0.914141648603935,-0.5156390998471927,-0.8089590998424302,0.09485874996885528,1.3554365768044772,1.2532763217495768,-0.5156390998471927,4.380749012877851,0.0,69,True
skin_not_sun_exposed_suprapubic,raw,ENSG00000216548.2,ENSG00000216548,1.7692307555835114,592.6947679798716,-0.9935989818268971,0.0023768146711960945,178.92307697153274,284.38790603130496,0.0,-1.0,-0.5156390998471927,-0.9797514253289212,0.0663699475408004,3.8472389094618356,16.24340451017315,-0.5156390998471927,592.2111369820705,0.0,651,True
skin_sun_exposed_lower_leg,excluded_at_or_below_-1,ENSG00000216548.2,ENSG00000216548,0.32239611268320983,5.005203901562967,-0.8421244405825676,0.12496853262105412,141.21737111835213,4.656288414196482,0.0,-0.9563755232529654,-0.43066640760619,-0.8023147202822155,0.09744048229343183,1.1375253536171943,1.4688133428402255,-0.43066640760619,5.005097923009179,0.0,89,True
skin_sun_exposed_lower_leg,raw,ENSG00000216548.2,ENSG00000216548,2.2820512808348945,701.9711805054985,-0.9922119416025836,0.0027988435456812373,335.8974361079995,283.7405153614784,0.0,-1.0,-0.43066640760619,-0.9766657958953808,0.07199546291576396,3.533856536381348,13.536583570406318,-0.43066640760619,698.934952313578,0.0,754,True
small_intestine_terminal_ileum,excluded_at_or_below_-1,ENSG00000216548.2,ENSG00000216548,0.19857436119543348,1.6524438390486642,-0.8437527171418703,0.01606179726549855,6.939831659728661,20.171260135427712,0.0,-0.9253274234657766,-0.614659531002987,-0.8074258035935606,0.07741704880691927,1.0210325353073526,0.8579609005293225,-0.614659531002987,1.6523043717330106,0.0,14,True
small_intestine_terminal_ileum,raw,ENSG00000216548.2,ENSG00000216548,0.36500204954071663,191.94029093098032,-0.9951890873393676,0.003642043712299302,17.61655077078897,147.76046142372638,0.0,-1.0,-0.614659531002987,-0.9869756582140572,0.05223116831427827,4.38878861601346,20.307750741113615,-0.614659531002987,190.57452970296606,0.0,207,True
spleen,excluded_at_or_below_-1,ENSG00000216548.2,ENSG00000216548,0.21052641089634883,5.143942362371737,-0.9166695691992884,0.0034656737722069874,8.315790989115248,132.42614882231354,0.0,-0.9243838558073788,-0.5921458600943174,-0.8226895586586559,0.09578425853408586,1.1870787479994396,1.1040189314923765,-0.5921458600943174,5.142833987470372,0.0,11,True
spleen,raw,ENSG00000216548.2,ENSG00000216548,0.2820512834970996,370.40758076572126,-0.9961943353789855,0.00224261694463909,13.897435909596215,254.79644884057836,0.0,-1.0,-0.5921458600943174,-0.9929587911380693,0.03918748516236639,6.696209346058728,51.1538858931611,-0.5921458600943174,364.6909895442162,0.0,277,True
stomach,excluded_at_or_below_-1,ENSG00000216548.2,ENSG00000216548,0.283520269717501,1.9111897537051226,-0.879131349036616,0.015811972083282427,12.00869414188874,25.031637945601695,0.0,-0.920976269569558,-0.5992587958908784,-0.824442694167069,0.08650237340282933,1.3411766685076059,0.9679804206292202,-0.5992587958908784,1.9111720144771773,0.0,18,True
stomach,raw,ENSG00000216548.2,ENSG00000216548,0.46153846153846145,499.79395686078635,-0.9951007808237673,0.00021930203471756535,19.692307692307686,2552.667166858436,0.0,-1.0,-0.5992587958908784,-0.9922357948280277,0.040240554828588564,6.17742699748381,43.09434377123375,-0.5992587958908784,189.27205461043317,0.0,407,True
testis,excluded_at_or_below_-1,ENSG00000216548.2,ENSG00000216548,0.26283539033094255,1.0413514100173349,-0.9385172067334648,0.04310216177338695,11.801225339485605,7.373286692113973,0.0,-0.9150622164897924,-0.7137954219474588,-0.8294231837609132,0.0700591479786836,0.2759774437592113,-1.3935461115323988,-0.7137954219474588,0.7744486825744465,0.0,14,True
testis,raw,ENSG00000216548.2,ENSG00000216548,0.35897435897435886,461.6805798286971,-0.9969059355478321,0.0012727627193576231,10.974358991476343,314.57452508204824,0.0,-1.0,-0.7137954219474588,-0.9942317018663112,0.033278590253571834,6.270695157851007,40.495667225653335,-0.7137954219474588,447.19569380101746,0.0,414,True
thyroid,excluded_at_or_below_-1,ENSG00000216548.2,ENSG00000216548,-76.6760544900712,77.76949966575178,-0.8907197991486574,2.9593647607997795,29.153183511080613,0.14861243817600936,0.0,-0.9102889859916572,-0.5797353592762082,-0.773507636167197,0.0893705924013066,0.2855597879701046,-0.8795932804134172,-0.5797353592762082,0.8540703046016063,0.0,33,True
thyroid,raw,ENSG00000216548.2,ENSG00000216548,0.846153846140029,696.1591787094419,-0.9952946085324785,0.0020954811131905734,37.07692307794713,280.4556541065573,0.0,-1.0,-0.5797353592762082,-0.9890727368326281,0.052279997281684705,5.1415262509373845,26.885827024817775,-0.5797353592762082,689.4714125045066,0.0,684,True
uterus,excluded_at_or_below_-1,ENSG00000216548.2,ENSG00000216548,,,,,,,,,,,,,,,,,8,False
uterus,raw,ENSG00000216548.2,ENSG00000216548,0.20512820512977484,149.46184609827412,-0.9962691447595772,0.0015263187877225973,8.35897435905461,293.24048532463684,0.0,-1.0,-0.6797833791155008,-0.9902430944893631,0.04417861735056391,4.834836548823631,24.064243753690516,-0.6797833791155008,149.45373783174458,0.0,153,True
vagina,excluded_at_or_below_-1,ENSG00000216548.2,ENSG00000216548,0.2894737463656611,3.929586331229638,-0.8665007442440221,0.001769823518655538,7.815789947267117,144.26185341631177,0.0,-0.8711299002412466,-0.6859636402209249,-0.7809757135431811,0.06523562666568256,0.218604670591034,-1.2673632791001013,-0.6859636402209249,3.929511395418036,0.0,13,True
vagina,raw,ENSG00000216548.2,ENSG00000216548,0.33734767830528406,140.74459943759732,-0.9960849753588452,0.0037329673257377595,271.99706518064806,117.48771415957172,0.0,-1.0,-0.6859636402209249,-0.9832510839768314,0.060910744995041725,3.6382552781712154,12.232111008538832,-0.6859636402209249,140.13890539655327,0.0,170,True
whole_blood,excluded_at_or_below_-1,ENSG00000216548.2,ENSG00000216548,0.30068668460287123,0.7075280357009213,-0.8535764019185718,0.05946444943797535,19.339283527568718,7.312558203445232,0.0,-0.8892064847240363,-0.5461000354627514,-0.7608754276969611,0.1062887285250134,0.6680119300090998,-0.7535247184032268,-0.5461000354627514,0.7075253171893952,0.0,19,True
whole_blood,raw,ENSG00000216548.2,ENSG00000216548,0.49999999995904265,815.1108119287001,-0.9947428170316143,0.002094566684472479,19.75000000476021,302.9154961066661,0.0,-1.0,-0.5461000354627514,-0.9943420088745233,0.039700807790577636,7.938071544560439,67.84107291488966,-0.5461000354627514,814.6977511603312,0.0,803,True
adipose_subcutaneous,excluded_at_or_below_-1,ENSG00000216613.2,ENSG00000216613,0.08074766118787087,6.5854857033830765,-0.8869567001196202,0.12446863280770191,122.17929705881363,4.841279540919788,0.0,-0.9422891131175845,-0.4608630311499746,-0.8397747448962534,0.08010588756904684,1.8134352697656577,5.21393212465901,-0.4608630311499746,6.585425574742543,0.0,92,True
adipose_subcutaneous,raw,ENSG00000216613.2,ENSG00000216613,2.3589743438330872,700.0992830706608,-0.9942440439883705,0.002814076431112074,458.97436230482174,268.0505241182328,0.0,-1.0,-0.4608630311499746,-0.9793547290342511,0.06086626513876685,3.5701792324378467,15.505833923879408,-0.4608630311499746,689.0097331631767,0.0,714,True
adipose_visceral_omentum,excluded_at_or_below_-1,ENSG00000216613.2,ENSG00000216613,0.27440178094886974,2.6363133198577953,-0.8835197029898609,0.10210232673335978,41.3947847434935,3.7852514201741374,0.0,-0.9371640268710828,-0.6102349689487001,-0.8383225296725926,0.07346595664257995,1.1000993282734626,0.9975046610386262,-0.6102349689487001,2.6342668546005137,0.0,56,True
adipose_visceral_omentum,raw,ENSG00000216613.2,ENSG00000216613,1.4358974360081596,529.6628594950038,-0.9951084881275924,0.0014247883036979118,109.58974359488235,382.0169980399094,0.0,-1.0,-0.6102349689487001,-0.9845759142447449,0.05259507398011376,3.8417789251739043,15.75337159464399,-0.6102349689487001,504.5475694957654,0.0,587,True
adrenal_gland,excluded_at_or_below_-1,ENSG00000216613.2,ENSG00000216613,0.17394546687632606,11.008311553487214,-0.8642122084560352,0.11236170037207782,78.78654781118443,8.78181859545645,0.0,-0.948625113828024,-0.1664816138711283,-0.8290280205443809,0.09969801192106027,3.17991484381,17.444868261891475,-0.1664816138711283,11.008126440837275,0.0,103,True
adrenal_gland,raw,ENSG00000216613.2,ENSG00000216613,2.6410256579559026,199.0059886352954,-0.9903307039622365,0.003363088370675378,724.9743590004664,346.437092380538,0.0,-1.0,-0.1664816138711283,-0.9403046986985466,0.10056716238555966,2.543817306515909,11.67948928442312,-0.1664816138711283,198.91651225025316,0.0,295,True
artery_aorta,excluded_at_or_below_-1,ENSG00000216613.2,ENSG00000216613,0.2087831113023469,4.7001646026345245,-0.9378303066005956,0.20543754171592613,75.19843921484627,3.4964430425215602,0.0,-0.9069915877961484,-0.4299150365758539,-0.784800654229798,0.1070103873137147,1.3500092230484277,1.724284525880842,-0.4299150365758539,4.585026459445595,0.0,68,True
artery_aorta,raw,ENSG00000216613.2,ENSG00000216613,2.5046011660003713,397.5180907279999,-0.9928927846031773,0.005578716946387764,237.06958772888106,142.71574884078439,0.0,-1.0,-0.4299150365758539,-0.9689967044229371,0.08574235670248838,3.1927151053468594,11.045358654150752,-0.4299150365758539,394.99541127624303,0.0,472,True
artery_coronary,excluded_at_or_below_-1,ENSG00000216613.2,ENSG00000216613,-0.003512652386405044,2.0798458639933934,-0.801698437219509,0.13726770872879862,56.6853313751299,4.04463392254839,0.0,-0.9446057979282286,-0.4091144273028232,-0.7897780825281694,0.10152448883773575,1.307482262086057,3.7322228883994892,-0.4091144273028232,2.079260985003259,0.0,35,True
artery_coronary,raw,ENSG00000216613.2,ENSG00000216613,0.8974358974358976,244.05107922929028,-0.9921766457071581,0.00195173214193922,75.58974358974358,422.4834336926305,0.0,-1.0,-0.4091144273028232,-0.9725456451062907,0.07968116952293379,3.314390027178353,12.533714220615106,-0.4091144273028232,243.75263096967853,0.0,268,True
artery_tibial,excluded_at_or_below_-1,ENSG00000216613.2,ENSG00000216613,0.12153019474861565,19.251092043159087,-1.0495216837741053,0.26034993867169853,13.127428562750264,7.381230923707962,0.0,-0.9213669402863202,0.3093275518988536,-0.7840727266886678,0.16776996402318137,4.03493260750924,22.436598627489037,0.3093275518988536,15.108647045513774,0.0,75,True
artery_tibial,raw,ENSG00000216613.2,ENSG00000216613,1.4547289094269942,576.68641278383,-0.9836331612672385,0.011832207588611116,1979.4881821565782,154.5377362999521,0.0,-1.0,0.3093275518988536,-0.9765636099879161,0.08681283105678154,6.939109610655529,76.62179113561389,0.3093275518988536,572.0258467852223,0.0,691,True
bladder,excluded_at_or_below_-1,ENSG00000216613.2,ENSG00000216613,0.17839475488462161,1.5911797924286497,-0.9187197555461103,0.136877410742403,23.662199928890722,5.33583063532647,0.0,-0.928614869282272,-0.4022810075695175,-0.7897506357491543,0.14107997345017392,1.5372832471523525,1.679889339954907,-0.4022810075695175,1.591174271799903,0.0,23,True
bladder,raw,ENSG00000216613.2,ENSG00000216613,0.5897435897435896,53.66657004054047,-0.9926837748061833,0.002243944860652187,31.435897435897445,372.09274404631515,0.0,-1.0,-0.4022810075695175,-0.9371982418471502,0.12305838907046332,2.4656303002161133,6.4536802109296865,-0.4022810075695175,52.510122826026084,0.0,77,True
brain_amygdala,excluded_at_or_below_-1,ENSG00000216613.2,ENSG00000216613,0.08829243464791789,3.2297501789518175,-0.8851258862851148,0.08588140536106688,74.08678857519668,4.471928479998344,0.0,-0.9562971408646828,-0.6135576360895926,-0.8638953576401613,0.06576797128141243,1.5348872226720316,3.6028342543680063,-0.6135576360895926,3.2295821852161217,0.0,54,True
brain_amygdala,raw,ENSG00000216613.2,ENSG00000216613,1.3846710052603641,149.54730286415142,-0.9952496186116172,0.00019192638859355334,145.23076935142183,2812.505264582741,0.0,-1.0,-0.6135576360895926,-0.9593941950970646,0.07192321047196693,1.9036345402923651,3.7984377207882005,-0.6135576360895926,33.66769037499596,0.0,181,True
brain_anterior_cingulate_cortex_ba24,excluded_at_or_below_-1,ENSG00000216613.2,ENSG00000216613,0.13701326149824195,5.096850191965491,-0.9212174382561519,0.09506195137156102,52.028393994256774,7.587230903261037,0.0,-0.9581136267316752,-0.4112117401349193,-0.8677761365369592,0.09309360645224625,2.8562427234601153,10.45587401860215,-0.4112117401349193,5.096770796135777,0.0,50,True
brain_anterior_cingulate_cortex_ba24,raw,ENSG00000216613.2,ENSG00000216613,1.282051283197525,197.7139412886696,-0.9931250108426743,0.0016693124404484883,209.8974358974408,492.9871841958444,0.0,-1.0,-0.4112117401349193,-0.971625780372738,0.06920810119616284,3.855847014092343,21.223545592599518,-0.4112117401349193,197.71165627712588,0.0,233,True
brain_caudate_basal_ganglia,excluded_at_or_below_-1,ENSG00000216613.2,ENSG00000216613,0.44597770589221963,5.457692019488708,-0.8920603444916384,0.06873995568749679,63.08410015236491,6.0975926088638515,0.0,-0.9720589811893912,-0.5956777776108874,-0.8641141958471404,0.07973312539763339,1.5460686486563338,2.4268710193599476,-0.5956777776108874,5.457646563328455,0.0,85,True
brain_caudate_basal_ganglia,raw,ENSG00000216613.2,ENSG00000216613,2.1794889816613296,237.75289735107208,-0.9951806873876238,0.000705188281347681,243.7435897437164,801.1795546772859,0.0,-1.0,-0.5956777776108874,-0.9614990221566897,0.07448468451589416,2.332277762465062,5.961989225132736,-0.5956777776108874,233.53522180120564,0.0,300,True
brain_cerebellar_hemisphere,excluded_at_or_below_-1,ENSG00000216613.2,ENSG00000216613,0.8014478168639776,10.186634814014662,-0.7907672456032458,0.1761856462769478,215.26504980399866,6.445204370940119,0.0,-0.9493088578762858,0.0121896257589553,-0.7134846683231791,0.17211133374419393,1.4089253729269657,2.573722262776866,0.0121896257589553,10.18658975955162,0.0,151,True
brain_cerebellar_hemisphere,raw,ENSG00000216613.2,ENSG00000216613,3.871794865651211,139.9556789445965,-0.9888541227915342,0.004081182690531995,886.3589745555166,346.88220378205244,0.0,-1.0,0.0121896257589553,-0.8438129419379065,0.19112410614629738,1.3857624799769632,2.068848306198329,0.0121896257589553,136.09346557554872,0.0,277,True
brain_cerebellum,excluded_at_or_below_-1,ENSG00000216613.2,ENSG00000216613,1.3942770009752101,8.50568385388824,-0.7874070442084693,0.242459232687304,174.28836653695004,3.9337079073946155,0.0,-0.9262812044149936,-0.112994192982214,-0.6679532874717353,0.1906627355127306,0.9402378014179755,0.2708173697057914,-0.112994192982214,8.501950865195976,0.0,198,True
brain_cerebellum,raw,ENSG00000216613.2,ENSG00000216613,5.076923076922976,179.45638203900097,-0.9938636303581618,0.004836443382043828,698.7692307692704,257.57305660644124,0.0,-1.0,-0.112994192982214,-0.7528374094714421,0.21927949469525215,0.7883596263535171,0.04014292460464608,-0.112994192982214,179.10824036939297,0.0,266,True
brain_cortex,excluded_at_or_below_-1,ENSG00000216613.2,ENSG00000216613,0.7975342707008775,2.5431567851621892,-0.8617319979746701,0.1036166106716309,72.31689156716587,3.4900846032314465,0.0,-0.948350871741094,-0.6060204511717542,-0.8201094154808244,0.08662042630149899,0.640472774642966,-0.26235285861026814,-0.6060204511717542,2.537382725210408,0.0,80,True
brain_cortex,raw,ENSG00000216613.2,ENSG00000216613,2.0512820512820515,193.72168645311825,-0.9953300140309588,0.0014646722045256976,131.89743589833822,375.89766642381073,0.0,-1.0,-0.6060204511717542,-0.9466990860683925,0.09474143935092413,1.7137358302138705,1.9850798615930056,-0.6060204511717542,193.33010401613126,0.0,270,True
brain_frontal_cortex_ba9,excluded_at_or_below_-1,ENSG00000216613.2,ENSG00000216613,0.29713768718260447,6.473483519482526,-0.8717569855402793,0.06996182582573102,90.38235769271704,8.261052130684208,0.0,-0.9466425572826518,-0.4630787592231873,-0.8409512837231408,0.09157576152375861,2.0055191006566124,4.435511813131734,-0.4630787592231873,6.473434792112845,0.0,74,True
brain_frontal_cortex_ba9,raw,ENSG00000216613.2,ENSG00000216613,1.947470424675613,182.0749178608704,-0.9932970618578547,0.00561390773896854,402.87397969270984,133.56862090899975,0.0,-1.0,-0.4630787592231873,-0.9562468215446557,0.08571842367451074,2.4958382987967918,7.528992246873667,-0.4630787592231873,181.0177268404322,0.0,269,True
brain_hippocampus,excluded_at_or_below_-1,ENSG00000216613.2,ENSG00000216613,0.6191291497426475,7.823497790970297,-0.9524547460304954,0.15260536766597296,104.76041899874453,5.283183358720916,0.0,-0.9597037026016212,-0.3823554623328794,-0.8207937570583171,0.13453581843112614,1.5417300415026964,1.7502890599476792,-0.3823554623328794,7.823419328908107,0.0,102,True
brain_hippocampus,raw,ENSG00000216613.2,ENSG00000216613,2.6153846232060274,245.01944971570032,-0.9943840357594358,0.0030122787490466296,427.2307692307716,287.33699010213854,0.0,-1.0,-0.3823554623328794,-0.9283175028233269,0.12220930532282405,2.2421916100459875,5.193635733490355,-0.3823554623328794,239.36364397980157,0.0,255,True
brain_hypothalamus,excluded_at_or_below_-1,ENSG00000216613.2,ENSG00000216613,0.4820797691998559,7.609623857694794,-0.8905345782613391,0.07661870510826194,79.9571208066395,9.008378933143947,0.0,-0.947191835170104,-0.4024821741931441,-0.8353183406329211,0.10950858606736172,1.8880498824399496,3.408243765839659,-0.4024821741931441,7.609524666950624,0.0,84,True
brain_hypothalamus,raw,ENSG00000216613.2,ENSG00000216613,2.153861224480084,230.03911491061615,-0.992741603944841,0.0003860799090385278,363.07692308578095,2162.124656919553,0.0,-1.0,-0.4024821741931441,-0.9461740879889704,0.0993896045235868,2.48370991241091,7.200298533196806,-0.4024821741931441,138.13708727805135,0.0,257,True
brain_nucleus_accumbens_basal_ganglia,excluded_at_or_below_-1,ENSG00000216613.2,ENSG00000216613,0.18601927037877203,3.844876729580296,-0.9015508094789716,0.10915674706992408,62.53204229426397,3.4397238641332493,0.0,-0.9495874615980388,-0.6360540854923016,-0.8603248865562337,0.06528807963903394,0.9767610945578631,0.9155583614893184,-0.6360540854923016,3.8345049841061956,0.0,77,True
brain_nucleus_accumbens_basal_ganglia,raw,ENSG00000216613.2,ENSG00000216613,1.9743589743589742,228.40867027864405,-0.995830397535418,0.0011823874676743285,142.97435897778865,430.3162489642454,0.0,-1.0,-0.6360540854923016,-0.9622632149643158,0.07071808736509082,1.894798145675464,3.024222852323714,-0.6360540854923016,227.27180498893145,0.0,285,True
brain_putamen_basal_ganglia,excluded_at_or_below_-1,ENSG00000216613.2,ENSG00000216613,0.17972771277083735,4.917404077430096,-0.9103619085971469,0.09451687288218821,56.629294318614384,5.9745544092619465,0.0,-0.972264174094702,-0.5110613965299664,-0.8707942750508116,0.08774567475570802,2.225248593664086,6.211905471626537,-0.5110613965299664,4.917352481898959,0.0,66,True
brain_putamen_basal_ganglia,raw,ENSG00000216613.2,ENSG00000216613,1.7272880588147135,178.37172097144406,-0.993895245471031,0.004988280536391145,250.48757484198785,136.88688367941324,0.0,-1.0,-0.5110613965299664,-0.9664268588714706,0.07212113839610966,3.073866955070168,12.440485228870616,-0.5110613965299664,177.27945420976985,0.0,254,True
brain_spinal_cord_cervical_c-1,excluded_at_or_below_-1,ENSG00000216613.2,ENSG00000216613,0.349114235715741,8.025787072803688,-0.8920118782231781,0.3284202557242711,108.47736423661647,4.166529405340793,0.0,-0.949779729540174,0.0755737037511212,-0.7057448243439765,0.20456112137976326,1.5015426375333587,2.749060972427876,0.0755737037511212,8.024409140004842,0.0,123,True
brain_spinal_cord_cervical_c-1,raw,ENSG00000216613.2,ENSG00000216613,3.1538461749330704,83.10147681500915,-0.9881347828122855,0.006179550734572625,465.07692329404927,243.43371107760095,0.0,-1.0,0.0755737037511212,-0.8225814382073977,0.21442825255955927,1.5501420022926902,2.7821210508180396,0.0755737037511212,82.02961891786836,0.0,204,True
brain_substantia_nigra,excluded_at_or_below_-1,ENSG00000216613.2,ENSG00000216613,0.4714762435100749,2.8288523817533258,-0.8808570541443562,0.10094255918370151,79.13364755555104,4.48606379008019,0.0,-0.966099908724922,-0.5606545248515676,-0.8319135632709379,0.09884071867347347,1.201312700263268,1.0884514718525047,-0.5606545248515676,2.828731210224254,0.0,63,True
brain_substantia_nigra,raw,ENSG00000216613.2,ENSG00000216613,1.6153846120997502,128.56970270779522,-0.9951626556577909,0.0022781370490576294,133.23076923292848,269.7323639074882,0.0,-1.0,-0.5606545248515676,-0.9421341775195032,0.09869710085441957,1.90682078283129,3.407951390659762,-0.5606545248515676,126.40426725554957,0.0,183,True
breast_mammary_tissue,excluded_at_or_below_-1,ENSG00000216613.2,ENSG00000216613,0.45760447988808006,16.037976271976408,-0.8813595891778974,0.16010905743764337,238.79274598561847,10.75122666541157,0.0,-0.9373891813130202,0.3358319393837385,-0.7740499294907717,0.17318499728794082,3.006680970188232,13.825849928383594,0.3358319393837385,16.03761055455216,0.0,117,True
breast_mammary_tissue,raw,ENSG00000216613.2,ENSG00000216613,2.9999999487509172,438.84521125827956,-0.9812876500743788,0.006135580012012989,1160.0000000038226,303.587987285954,0.0,-1.0,0.3358319393837385,-0.9485677855066541,0.12560011640141894,4.129449909584493,26.40816637907331,0.3358319393837385,430.07957181210963,0.0,514,True
cells_cultured_fibroblasts,excluded_at_or_below_-1,ENSG00000216613.2,ENSG00000216613,-0.029678650371188546,4.880870647890686,-0.8602392921740768,0.1775408049571346,55.28985891651402,3.9521884463251533,0.0,-0.9366351212415708,-0.364080340816389,-0.8036197983881159,0.09643895079487338,1.432454087298675,4.067951783942483,-0.364080340816389,4.878889670582975,0.0,77,True
cells_cultured_fibroblasts,raw,ENSG00000216613.2,ENSG00000216613,1.9743589587982437,655.0073342341267,-0.992966999916716,0.0025049627153366887,226.97435900690763,355.0472176890854,0.0,-1.0,-0.364080340816389,-0.9768078596255905,0.07147405838106925,3.608466474154389,15.257657800514057,-0.364080340816389,638.6427415960808,0.0,652,True
cells_ebv-transformed_lymphocytes,excluded_at_or_below_-1,ENSG00000216613.2,ENSG00000216613,0.1655251082382531,2.076106148176959,-0.8674058897734851,0.08106396416927653,61.10662181267126,3.4209702805977487,0.0,-0.9552813544782858,-0.6713128670300259,-0.8536835141423893,0.06097009406511107,0.6826243870302515,0.3592697837132728,-0.6713128670300259,2.0701268622057074,0.0,46,True
cells_ebv-transformed_lymphocytes,raw,ENSG00000216613.2,ENSG00000216613,1.2105294792785706,262.4096975472191,-0.9959103254301831,0.0038475838095790413,399.7701824378252,119.30867544417775,0.0,-1.0,-0.6713128670300259,-0.9794172527539752,0.05575854829738763,2.8172602465417724,7.47945677465151,-0.6713128670300259,261.3165890196424,0.0,327,True
cervix_ectocervix,excluded_at_or_below_-1,ENSG00000216613.2,ENSG00000216613,,,,,,,,,,,,,,,,,9,False
cervix_ectocervix,raw,ENSG00000216613.2,ENSG00000216613,,,,,,,,,,,,,,,,,24,False
cervix_endocervix,excluded_at_or_below_-1,ENSG00000216613.2,ENSG00000216613,,,,,,,,,,,,,,,,,1,False
cervix_endocervix,raw,ENSG00000216613.2,ENSG00000216613,0.02565518590038815,53.11425486989814,-0.9993501879826096,0.0006630797383089268,0.9743589825096423,215.7742219147461,0.0,-1.0,-0.8981805213864578,-0.9955730661472373,0.02123082892269962,4.477215043467814,18.04545454545453,-0.8981805213864578,53.00478970537313,0.0,23,True
colon_sigmoid,excluded_at_or_below_-1,ENSG00000216613.2,ENSG00000216613,0.017190966697390245,3.4687995305208883,-0.8533138426421932,0.12796935725477177,52.890228293112926,5.452961298184654,0.0,-0.9629566138908812,-0.3598862790619901,-0.8231186388916419,0.09811606947156971,2.278440206787433,8.574332593946222,-0.3598862790619901,3.4687962884641363,0.0,47,True
colon_sigmoid,raw,ENSG00000216613.2,ENSG00000216613,1.2051282038925448,466.6673754996752,-0.9930004583628579,0.002089210461632142,126.35897435897436,428.56317031771067,0.0,-1.0,-0.3598862790619901,-0.9801588926680362,0.0646738840157898,4.300398063019624,24.959820522258788,-0.3598862790619901,442.5831962257157,0.0,419,True
colon_transverse,excluded_at_or_below_-1,ENSG00000216613.2,ENSG00000216613,0.5082449983437949,6.38115495238901,-0.8759241283277984,0.10652317732527057,141.3325840801965,4.678972038663685,0.0,-0.973745258517432,-0.523488696059569,-0.8399407659607597,0.08925781483855746,1.158711352226856,1.2843142068753552,-0.523488696059569,6.381036578003893,0.0,117,True
colon_transverse,raw,ENSG00000216613.2,ENSG00000216613,3.078948490746004,341.15280071326697,-0.9940602191472943,0.0051706989215999115,685.0997868034246,128.70380583120675,0.0,-1.0,-0.523488696059569,-0.9609041119361355,0.08168517006463757,2.366864194193944,5.680824308086812,-0.523488696059569,339.3991185779,0.0,479,True
esophagus_gastroesophageal_junction,excluded_at_or_below_-1,ENSG00000216613.2,ENSG00000216613,0.18449765279268543,1.0226779193491864,-0.868731998660912,0.08988517722160523,22.85677739853687,3.1979344279860022,0.0,-0.9417306135878092,-0.665476344458127,-0.840090725125158,0.07041620903355728,0.8708529557085863,0.5160066416026945,-0.665476344458127,1.0165237096185238,0.0,28,True
esophagus_gastroesophageal_junction,raw,ENSG00000216613.2,ENSG00000216613,0.7179487178979126,390.1568370340336,-0.9961669523781668,0.00170990353909738,39.89743590042442,273.50498550157687,0.0,-1.0,-0.665476344458127,-0.9888896781724676,0.04461329873640636,4.475482232217281,21.277524922660415,-0.665476344458127,389.3818866190651,0.0,403,True
esophagus_mucosa,excluded_at_or_below_-1,ENSG00000216613.2,ENSG00000216613,0.8325403100391182,10.071126379366643,-0.8324080117853941,0.11342713886439344,172.73119732924476,5.227781656952712,0.0,-0.9629467710621764,-0.4131132661170823,-0.796862579866415,0.10713237490959525,1.1765736763976085,1.4007261180254797,-0.4131132661170823,10.07108513201787,0.0,173,True
esophagus_mucosa,raw,ENSG00000216613.2,ENSG00000216613,4.435901389051722,503.244719436757,-0.9938833032829284,0.003234308729139312,831.589743736639,253.94386620550986,0.0,-1.0,-0.4131132661170823,-0.9427642122424914,0.10763277786767678,2.0515255347504353,4.051776787702596,-0.4131132661170823,500.52634104001305,0.0,614,True
esophagus_muscularis,excluded_at_or_below_-1,ENSG00000216613.2,ENSG00000216613,0.19096416906085914,3.2576774356941054,-0.8431826234793315,0.11347768245774294,102.3278597954874,3.9342827845988677,0.0,-0.9497657962194512,-0.527492472848537,-0.818868577968674,0.08423248474379401,0.9820092186066887,1.2425526602527963,-0.527492472848537,3.2562545889670944,0.0,64,True
esophagus_muscularis,raw,ENSG00000216613.2,ENSG00000216613,1.6410256609893934,510.8555819664947,-0.9940147845712335,0.00044938013112217105,174.97435897448688,1468.1605498230617,0.0,-1.0,-0.527492472848537,-0.9793361657575669,0.06418720187102887,3.4599146981528923,12.637233428304976,-0.527492472848537,302.39836821630314,0.0,561,True
fallopian_tube,excluded_at_or_below_-1,ENSG00000216613.2,ENSG00000216613,,,,,,,,,,,,,,,,,4,False
fallopian_tube,raw,ENSG00000216613.2,ENSG00000216613,0.10256410256410436,28.309939451519814,-0.9971194244803072,0.0008185000149811333,3.589743589743592,352.6422312390977,0.0,-1.0,-0.793021769619864,-0.9798340977153083,0.05335477190967265,2.4412869354649294,4.615429242437507,-0.793021769619864,27.744510474240716,0.0,29,True
heart_atrial_appendage,excluded_at_or_below_-1,ENSG00000216613.2,ENSG00000216613,0.7617099249401453,2.3243743194175264,-0.9283578576994906,0.008848767228175916,22.438027160339658,18.352666191275055,0.0,-0.9519731179779892,-0.8135247974999427,-0.8990207208012445,0.0386060903314161,0.5932621752608229,-0.7583122989916102,-0.8135247974999427,2.324327407606276,0.0,41,True
heart_atrial_appendage,raw,ENSG00000216613.2,ENSG00000216613,1.8997212350897918,395.0725938497867,-0.9977127103480916,0.002379805679074961,709.2116941675592,109.45475366555804,0.0,-1.0,-0.8135247974999427,-0.9910191964270088,0.030945419638107072,3.6295695517964464,12.817436941834622,-0.8135247974999427,394.2580640264955,0.0,461,True
heart_left_ventricle,excluded_at_or_below_-1,ENSG00000216613.2,ENSG00000216613,-0.09035589766801337,1.9379991198910909,-1.0230866721472704,0.184008637140688,27.4388074069501,2.09021051934928,0.0,-0.9717151716058756,-0.7511215324853431,-0.897978603922329,0.05517002401695364,0.8222480872427312,0.3648470533297239,-0.7511215324853431,1.574592384256143,0.0,34,True
heart_left_ventricle,raw,ENSG00000216613.2,ENSG00000216613,0.8717948717948717,449.49202594431347,-0.9968911012721875,7.616815888105054e-06,42.35897435897436,45632.015070724374,,-1.0,-0.7511215324853431,-0.9923258241888477,0.030795366926664916,4.657923074874728,23.56758342457953,-0.7511215324853431,0.0,0.0,452,True
kidney_cortex,excluded_at_or_below_-1,ENSG00000216613.2,ENSG00000216613,0.00630513095036312,5.712839649074104,-0.9243126453003752,0.12213574207297512,14.413081925242919,10.15308772365656,0.0,-0.9545234785814928,-0.0474614140196086,-0.8549670495845678,0.1493439389503417,4.674795424296019,22.916880076952193,-0.0474614140196086,5.71283749225458,0.0,35,True
kidney_cortex,raw,ENSG00000216613.2,ENSG00000216613,,,,,,,,,,,,,,,,,104,False
kidney_medulla,excluded_at_or_below_-1,ENSG00000216613.2,ENSG00000216613,,,,,,,,,,,,,,,,,4,False
kidney_medulla,raw,ENSG00000216613.2,ENSG00000216613,0.1025641025641336,9.031916978746233,-0.9967157516587881,0.001659266446454022,3.5897435897450407,279.88310471537596,0.0,-1.0,-0.6683349066863203,-0.9242394573652685,0.11910140898444622,1.2121254386800342,0.017709339182890194,-0.6683349066863203,9.027196141802502,0.0,11,True
liver,excluded_at_or_below_-1,ENSG00000216613.2,ENSG00000216613,-0.016300177851827434,42.597486421688075,-1.4013773152694962,0.3428674424436173,31.011138316218698,4.2651657299845676,0.0,-0.9524783625099812,-0.3673139288428791,-0.85726897718529,0.09537301431360982,2.6556957298424275,10.574869464058313,-0.3673139288428791,7.667869613786049,0.0,56,True
liver,raw,ENSG00000216613.2,ENSG00000216613,1.4358974419008437,224.8065901041087,-0.9932541106076002,0.0037850150164534576,213.5897448477256,233.87307327393103,0.0,-1.0,-0.3673139288428791,-0.9694926058105964,0.07316797126396779,3.599591304260357,18.99518070411101,-0.3673139288428791,222.20367585230227,0.0,262,True
lung,excluded_at_or_below_-1,ENSG00000216613.2,ENSG00000216613,0.04431353203797652,5.008223489597146,-0.9494408252481913,0.21527732904395763,49.51084898969171,3.670926869290312,0.0,-0.9243975461359678,-0.3906374361685236,-0.8052582791616107,0.10330942292190655,1.6149630159668091,3.5471747385988595,-0.3906374361685236,4.93496932623449,0.0,64,True
lung,raw,ENSG00000216613.2,ENSG00000216613,1.6410256433058503,614.9859756965917,-0.9931248918542539,0.0020338172291917526,144.97435908726635,418.93928262621,0.0,-1.0,-0.3906374361685236,-0.9793651156727533,0.06865642679992562,4.079980753079296,19.79957428591926,-0.3906374361685236,606.0548860954821,0.0,604,True
minor_salivary_gland,excluded_at_or_below_-1,ENSG00000216613.2,ENSG00000216613,0.2080270029450017,5.992693620546066,-0.8572882215307953,0.10163744809651917,55.211196009061965,8.759106877038283,0.0,-0.9465410680584794,-0.2277840969253366,-0.8122059093840449,0.12041559980138851,2.521799847734097,8.32252643672898,-0.2277840969253366,5.992571848158303,0.0,62,True
minor_salivary_gland,raw,ENSG00000216613.2,ENSG00000216613,1.5897435974036986,118.23684254199536,-0.9905222141869717,0.0020882896752192504,223.43589743597943,516.5349437726229,0.0,-1.0,-0.2277840969253366,-0.9356727424409437,0.11357934325558634,2.581861887439029,9.48051541250481,-0.2277840969253366,112.78883679207725,0.0,181,True
muscle_skeletal,excluded_at_or_below_-1,ENSG00000216613.2,ENSG00000216613,-4.79598056789401,205.8476141640838,-4.39417738652859,1.8977390284382782,46.48339163751133,2.743298930302315,0.0,-0.9549764783015022,-0.7129332058606143,-0.877875206173456,0.05635332959821588,0.6695600074412752,0.039308855488163985,-0.7129332058606143,2.933204760884232,0.0,54,True
muscle_skeletal,raw,ENSG00000216613.2,ENSG00000216613,1.384614955161876,796.7176411292714,-0.9962015978921094,0.0010043567402083426,89.2307692861987,398.864253870053,0.0,-1.0,-0.7129332058606143,-0.9919379720456805,0.03356657529876346,4.650946393389067,22.82046949301214,-0.7129332058606143,795.7203660423208,0.0,818,True
nerve_tibial,excluded_at_or_below_-1,ENSG00000216613.2,ENSG00000216613,0.13239441571738603,4.424816543204061,-0.8358205378888967,0.1346026970227844,54.53024429560078,4.9694886942158885,0.0,-0.9514234119656056,-0.3628321584370356,-0.8017914177942961,0.10489004347501989,1.5434410033410364,3.697169206668944,-0.3628321584370356,4.424767996552539,0.0,69,True
nerve_tibial,raw,ENSG00000216613.2,ENSG00000216613,1.769254347483143,708.0648467443588,-0.99244944135654,0.0010135096048826456,198.92307694475835,878.5445113885845,0.0,-1.0,-0.3628321584370356,-0.9795874743698604,0.06894181207346552,4.117601822391982,20.245229110575313,-0.3628321584370356,700.5738450881715,0.0,670,True
ovary,excluded_at_or_below_-1,ENSG00000216613.2,ENSG00000216613,-0.004999893758239879,2.187448370252138,-0.8720843973195844,0.2211320233698334,28.343405865251736,4.597664767160616,0.0,-0.912622704615352,-0.1531753585515066,-0.764782885014698,0.14696491066656125,2.699137384327165,9.211650076542348,-0.1531753585515066,2.1873921171617887,0.0,27,True
ovary,raw,ENSG00000216613.2,ENSG00000216613,0.6923076923076744,189.80181366828057,-0.9908736347356782,0.003924898068254387,54.30769230769327,301.8382242683594,0.0,-1.0,-0.1531753585515066,-0.9670939787326261,0.09806502061722219,4.302845634712168,25.467447305494666,-0.1531753585515066,184.76033721180264,0.0,193,True
pancreas,excluded_at_or_below_-1,ENSG00000216613.2,ENSG00000216613,0.22240785104620694,7.302793624278201,-0.9072557843891066,0.07650891828910864,120.88115181701556,7.583827967759077,0.0,-0.9584093547344396,-0.4969708813577067,-0.8731133762440326,0.07613593754850373,2.3238541961358674,7.24504361913956,-0.4969708813577067,7.302673269258404,0.0,80,True
pancreas,raw,ENSG00000216613.2,ENSG00000216613,2.051282051282041,292.5410999437367,-0.9932769288932009,0.0020747984079725473,395.8974358974376,338.2896096389182,0.0,-1.0,-0.4969708813577067,-0.9719587571810018,0.06362351023680647,3.094963292660193,12.824163409848202,-0.4969708813577067,292.5395217269227,0.0,362,True
pituitary,excluded_at_or_below_-1,ENSG00000216613.2,ENSG00000216613,0.9796199017863275,12.489196403287734,-0.7928940888198658,0.21599089216560363,151.73517302527088,6.42803144406146,0.0,-0.9384007377803316,0.1888503120340021,-0.678319988139202,0.2052126376912985,1.5507150005262305,3.006350600198318,0.1888503120340021,12.489099611300762,0.0,180,True
pituitary,raw,ENSG00000216613.2,ENSG00000216613,4.615384615703744,150.94495124390875,-0.987382622616413,0.005575388619171438,1089.2307692307768,298.3549098214662,0.0,-1.0,0.1888503120340021,-0.8150082998883589,0.222548396981202,1.4856549308458276,2.5940371412346455,0.1888503120340021,148.5234382714521,0.0,313,True
prostate,excluded_at_or_below_-1,ENSG00000216613.2,ENSG00000216613,0.34627125859332736,27.148970240352273,-1.1757234109914132,0.591043937108634,160.20640949218006,5.314678599459878,0.0,-0.9377235245117678,1.0454464656577112,-0.6234796479539273,0.31159763241489236,2.3033144078354617,7.4561777229420425,1.0454464656577112,23.085145700542775,0.0,177,True
prostate,raw,ENSG00000216613.2,ENSG00000216613,4.028105752727011,869378925734.3634,-2.332612647804332,0.2839210180250088,1624.4060873918547,16.826147799791467,0.0,-1.0,1.0454464656577112,-0.7636733960561884,0.3066955633392552,2.288503879629548,7.7047137956595755,1.0454464656577112,235.36377459360676,0.0,282,True
skin_not_sun_exposed_suprapubic,excluded_at_or_below_-1,ENSG00000216613.2,ENSG00000216613,0.9074841090749769,42.05377924870525,-0.8213706984936566,0.15672404133866588,223.87092617316645,12.967526434283627,0.0,-0.930872551474888,0.6156987816891009,-0.7491932258796967,0.16319169651581805,3.085358883915022,17.857210055923655,0.6156987816891009,42.05185147071214,0.0,290,True
skin_not_sun_exposed_suprapubic,raw,ENSG00000216613.2,ENSG00000216613,7.435897314470762,397.7855230372205,-0.9825775355194792,0.008079957491593624,7387.589743589882,279.74207123833435,0.0,-1.0,0.6156987816891009,-0.8882734800385746,0.1655404685986818,2.4967904796538187,12.328115237970223,0.6156987816891009,388.5484722897323,0.0,651,True
skin_sun_exposed_lower_leg,excluded_at_or_below_-1,ENSG00000216613.2,ENSG00000216613,1.1068528495291947,34.807185903385836,-0.8423712789219607,0.16328530202084812,928.8172516305993,11.1020142375025,0.0,-0.9408648817066236,0.4394688872608774,-0.7532344197565082,0.16880345935093505,2.535194885881556,10.933951183932212,0.4394688872608774,34.806723005237785,0.0,279,True
skin_sun_exposed_lower_leg,raw,ENSG00000216613.2,ENSG00000216613,7.153846180879417,537.7533477647997,-0.984286675272863,0.006109811853236155,5835.076923076935,329.55097053813085,0.0,-1.0,0.4394688872608774,-0.9086901898038007,0.1572685895971013,2.6527540379483336,11.309206686690308,0.4394688872608774,520.3399898605695,0.0,754,True
small_intestine_terminal_ileum,excluded_at_or_below_-1,ENSG00000216613.2,ENSG00000216613,-0.06680029116116377,2.518272370424708,-0.8823930079652333,0.12330674976698262,53.422064243679316,3.757759687598797,0.0,-0.940630877008164,-0.5547500367681026,-0.8486863684443421,0.069556829422565,1.7911558881724607,5.83643348800206,-0.5547500367681026,2.5160994326869695,0.0,40,True
small_intestine_terminal_ileum,raw,ENSG00000216613.2,ENSG00000216613,1.0526278831215434,161.03785130171326,-0.9944349500736727,0.002819110003000688,129.10627999206594,220.56903310112656,0.0,-1.0,-0.5547500367681026,-0.9707606509071193,0.06710186677959817,2.591513266694785,7.845278320185532,-0.5547500367681026,158.40723619683823,0.0,207,True
spleen,excluded_at_or_below_-1,ENSG00000216613.2,ENSG00000216613,0.19091838021798768,2.0627433771653503,-0.8650217741118318,0.04842848187613009,11.169266941054373,10.40120999512785,0.0,-0.9002550546673,-0.5088416163613837,-0.8056397636135894,0.10562000505861582,1.7690990452022195,2.311115463890572,-0.5088416163613837,2.062740930887561,0.0,23,True
spleen,raw,ENSG00000216613.2,ENSG00000216613,0.5897435526019054,273.6750618722077,-0.9931275584686408,0.002642589581073994,35.435899101257945,259.17144012819654,0.0,-1.0,-0.5088416163613837,-0.9838617854263992,0.061447697476680704,4.7747049609159475,26.55505729074074,-0.5088416163613837,269.8689816271043,0.0,277,True
stomach,excluded_at_or_below_-1,ENSG00000216613.2,ENSG00000216613,0.33941261067014045,3.3009776551820194,-0.8740010646339523,0.09757302991464195,52.79270130007768,4.265822835763236,0.0,-0.9520010274231824,-0.5796825329504892,-0.8370449236912076,0.08172152018243926,1.1946715324969017,1.381069346291719,-0.5796825329504892,3.3005764734114384,0.0,67,True
stomach,raw,ENSG00000216613.2,ENSG00000216613,1.7631589624218567,319.33370843106155,-0.9947570276232021,0.004621966514463224,498.9475294567263,127.00307930064737,0.0,-1.0,-0.5796825329504892,-0.9731744714675944,0.06889407714554127,2.904809595750524,8.853762418285733,-0.5796825329504892,317.69934416220906,0.0,407,True
testis,excluded_at_or_below_-1,ENSG00000216613.2,ENSG00000216613,0.9659527330618889,23.36574429308778,-0.7241064545405989,0.2582192654101656,427.71297648474604,5.513165588231222,0.0,-0.9387505254383838,0.2825346965234698,-0.6496085075755792,0.18902532786591178,1.0477582921221966,1.4854486529534041,0.2825346965234698,23.365627605660375,0.0,347,True
testis,raw,ENSG00000216613.2,ENSG00000216613,-1.2279493322807726,28.417772613903907,-1.0014590861011676,0.5925469703208076,3017.5467625292936,3.064468324607903,0.0,-1.0,0.2825346965234698,-0.7063143771225264,0.21593543353344644,0.7016514423847271,0.6513428459117288,0.2825346965234698,28.15796266561182,0.0,414,True
thyroid,excluded_at_or_below_-1,ENSG00000216613.2,ENSG00000216613,0.5816953170269602,15.494262722108825,-0.8203315259706404,0.14985611124784715,369.57708861249387,5.931523383296796,0.0,-0.9467426632373948,-0.1918019660469108,-0.7703251131489952,0.1284606551288667,1.6898990617445158,3.8737010056761836,-0.1918019660469108,15.494163975478052,0.0,216,True
thyroid,raw,ENSG00000216613.2,ENSG00000216613,5.68421135163736,442.42195994016714,-0.9899100002429286,0.007914480584106348,2292.1215980694196,142.6114062956392,0.0,-1.0,-0.1918019660469108,-0.9274710883628405,0.12887585047332414,2.122501070290716,5.259874392142091,-0.1918019660469108,439.4907454890279,0.0,684,True
uterus,excluded_at_or_below_-1,ENSG00000216613.2,ENSG00000216613,-1.8941870007810038,2.316960512909738,-0.71316556604844,0.7948281058448333,11.26329092709809,0.14706444146568518,0.8639998092295146,-0.9413080715283784,-0.6305111816207074,-0.77533082715449,0.09030188510455045,-0.10381952211520055,-0.9426604098600624,-0.6305111816207074,0.18323853736090534,0.1583180613233175,15,True
uterus,raw,ENSG00000216613.2,ENSG00000216613,0.39487263402389833,128.9727786574998,-0.9953900330322304,0.004154418087132255,85.31072175355044,124.20912134182748,0.0,-1.0,-0.6305111816207074,-0.9779736105053422,0.07241491486957534,3.33234202036721,10.101457225588323,-0.6305111816207074,128.3369039133661,0.0,153,True
vagina,excluded_at_or_below_-1,ENSG00000216613.2,ENSG00000216613,0.1538854314024214,3.3166047219355828,-0.785412702991505,0.2302014619837681,57.529693243249426,3.7632311254102544,0.0,-0.9238924590398684,-0.1728451743655028,-0.7112250286462195,0.15646604268044087,1.1588451732924514,1.6600028540503544,-0.1728451743655028,3.313796077083212,0.0,64,True
vagina,raw,ENSG00000216613.2,ENSG00000216613,1.641025641025641,107.85644015790383,-0.9899430470179351,0.0015558522397472925,142.974358974359,742.7124914374665,0.0,-1.0,-0.1728451743655028,-0.891284716666812,0.16975675284854733,1.6353507134922727,2.4125984724211182,-0.1728451743655028,101.26498512745651,0.0,170,True
whole_blood,excluded_at_or_below_-1,ENSG00000216613.2,ENSG00000216613,-0.30275740212753804,3.7014516896624694,-1.0354945764154924,0.29867570909131363,53.907252412744555,1.8622221265843566,0.0,-0.9224999370823356,-0.6422014211654503,-0.8223224373128936,0.07177486443902448,0.5928078792952597,-0.5942967412513567,-0.6422014211654503,2.55421475205861,0.0,62,True
whole_blood,raw,ENSG00000216613.2,ENSG00000216613,1.589743595125349,742.6176174787878,-0.9954134337442956,0.0017340569135262693,97.43589744880803,288.06275888967934,0.0,-1.0,-0.6422014211654503,-0.9862814335160641,0.05141905558420873,4.030708404150655,16.297016131025014,-0.6422014211654503,733.5647207208825,0.0,803,True
adipose_subcutaneous,excluded_at_or_below_-1,ENSG00000216621.9,ENSG00000216621,,,,,,,,,,,,,,,,,0,False
adipose_subcutaneous,raw,ENSG00000216621.9,ENSG00000216621,0.0,714.0,-0.9875,1.0001e-06,0.0,-17675.90193946968,0.0,-1.0,-1.0,-1.0,0.0,,,-1.0,5.83115986411798e-187,0.0,714,True
adipose_visceral_omentum,excluded_at_or_below_-1,ENSG00000216621.9,ENSG00000216621,,,,,,,,,,,,,,,,,0,False
adipose_visceral_omentum,raw,ENSG00000216621.9,ENSG00000216621,0.0,587.0,-0.9875,1.0001e-06,0.0,-17675.90193946968,0.0,-1.0,-1.0,-1.0,0.0,,,-1.0,4.793964762237051e-187,0.0,587,True
adrenal_gland,excluded_at_or_below_-1,ENSG00000216621.9,ENSG00000216621,,,,,,,,,,,,,,,,,0,False
adrenal_gland,raw,ENSG00000216621.9,ENSG00000216621,0.0,295.0,-0.9875,1.0001e-06,0.0,-17675.90193946968,0.0,-1.0,-1.0,-1.0,0.0,,,-1.0,2.409232716967513e-187,0.0,295,True
artery_aorta,excluded_at_or_below_-1,ENSG00000216621.9,ENSG00000216621,,,,,,,,,,,,,,,,,1,False
artery_aorta,raw,ENSG00000216621.9,ENSG00000216621,1.0680896221310936,437.0871904608493,-0.9873654197901116,0.011359893557765273,1137.8022447383896,124.49516472777002,0.0,-1.0,0.0126616322703718,-0.9978545304401052,0.04661152975937949,21.656456846452333,467.0021231422512,0.0126616322703718,434.9223146121881,0.0,472,True
artery_coronary,excluded_at_or_below_-1,ENSG00000216621.9,ENSG00000216621,,,,,,,,,,,,,,,,,0,False
artery_coronary,raw,ENSG00000216621.9,ENSG00000216621,0.0,268.0,-0.9875,1.0001e-06,0.0,-17675.90193946968,0.0,-1.0,-1.0,-1.0,0.0,,,-1.0,2.1887266716857407e-187,0.0,268,True
artery_tibial,excluded_at_or_below_-1,ENSG00000216621.9,ENSG00000216621,,,,,,,,,,,,,,,,,0,False
artery_tibial,raw,ENSG00000216621.9,ENSG00000216621,0.0,691.0,-0.9875,1.0001e-06,0.0,-17675.90193946968,0.0,-1.0,-1.0,-1.0,0.0,,,-1.0,5.643321381100175e-187,0.0,691,True
bladder,excluded_at_or_below_-1,ENSG00000216621.9,ENSG00000216621,,,,,,,,,,,,,,,,,0,False
bladder,raw,ENSG00000216621.9,ENSG00000216621,0.0,77.0,-0.9875,1.0001e-06,0.0,-17675.90193946968,0.0,-1.0,-1.0,-1.0,0.0,,,-1.0,6.288505735813509e-188,0.0,77,True
brain_amygdala,excluded_at_or_below_-1,ENSG00000216621.9,ENSG00000216621,,,,,,,,,,,,,,,,,0,False
brain_amygdala,raw,ENSG00000216621.9,ENSG00000216621,0.0,181.0,-0.9875,1.0001e-06,0.0,-17675.90193946968,0.0,-1.0,-1.0,-1.0,0.0,,,-1.0,1.478207192444474e-187,0.0,181,True
brain_anterior_cingulate_cortex_ba24,excluded_at_or_below_-1,ENSG00000216621.9,ENSG00000216621,,,,,,,,,,,,,,,,,0,False
brain_anterior_cingulate_cortex_ba24,raw,ENSG00000216621.9,ENSG00000216621,0.0,233.0,-0.9875,1.0001e-06,0.0,-17675.90193946968,0.0,-1.0,-1.0,-1.0,0.0,,,-1.0,1.9028855018760357e-187,0.0,233,True
brain_caudate_basal_ganglia,excluded_at_or_below_-1,ENSG00000216621.9,ENSG00000216621,,,,,,,,,,,,,,,,,0,False
brain_caudate_basal_ganglia,raw,ENSG00000216621.9,ENSG00000216621,0.0,300.0,-0.9875,1.0001e-06,0.0,-17675.90193946968,0.0,-1.0,-1.0,-1.0,0.0,,,-1.0,2.450067169797471e-187,0.0,300,True
brain_cerebellar_hemisphere,excluded_at_or_below_-1,ENSG00000216621.9,ENSG00000216621,,,,,,,,,,,,,,,,,0,False
brain_cerebellar_hemisphere,raw,ENSG00000216621.9,ENSG00000216621,0.0,277.0,-0.9875,1.0001e-06,0.0,-17675.90193946968,0.0,-1.0,-1.0,-1.0,0.0,,,-1.0,2.2622286867796648e-187,0.0,277,True
brain_cerebellum,excluded_at_or_below_-1,ENSG00000216621.9,ENSG00000216621,,,,,,,,,,,,,,,,,0,False
brain_cerebellum,raw,ENSG00000216621.9,ENSG00000216621,0.0,266.0,-0.9875,1.0001e-06,0.0,-17675.90193946968,0.0,-1.0,-1.0,-1.0,0.0,,,-1.0,2.1723928905537574e-187,0.0,266,True
brain_cortex,excluded_at_or_below_-1,ENSG00000216621.9,ENSG00000216621,,,,,,,,,,,,,,,,,1,False
brain_cortex,raw,ENSG00000216621.9,ENSG00000216621,0.025641025633827978,312.51438801434324,-0.9946874493753576,0.002588603029917728,0.9743589743734767,273.1099865572489,0.0,-1.0,-0.4947818074604542,-0.9981288215091129,0.030746600057321948,16.34024839077176,265.0037174721189,-0.4947818074604542,309.56821238022826,0.0,270,True
brain_frontal_cortex_ba9,excluded_at_or_below_-1,ENSG00000216621.9,ENSG00000216621,,,,,,,,,,,,,,,,,2,False
brain_frontal_cortex_ba9,raw,ENSG00000216621.9,ENSG00000216621,0.05263157892347898,304.05536129497267,-0.994799647779113,0.00326860343562087,1.8975073305539205,218.56821247567837,0.0,-1.0,-0.4896335051091847,-0.9965146003008849,0.04050571782096898,11.604176203197571,133.6893857340212,-0.4896335051091847,303.8342138226268,0.0,269,True
brain_hippocampus,excluded_at_or_below_-1,ENSG00000216621.9,ENSG00000216621,,,,,,,,,,,,,,,,,0,False
brain_hippocampus,raw,ENSG00000216621.9,ENSG00000216621,0.0,255.0,-0.9875,1.0001e-06,0.0,-17675.90193946968,0.0,-1.0,-1.0,-1.0,0.0,,,-1.0,2.08255709432785e-187,0.0,255,True
brain_hypothalamus,excluded_at_or_below_-1,ENSG00000216621.9,ENSG00000216621,,,,,,,,,,,,,,,,,0,False
brain_hypothalamus,raw,ENSG00000216621.9,ENSG00000216621,0.0,257.0,-0.9875,1.0001e-06,0.0,-17675.90193946968,0.0,-1.0,-1.0,-1.0,0.0,,,-1.0,2.0988908754598334e-187,0.0,257,True
brain_nucleus_accumbens_basal_ganglia,excluded_at_or_below_-1,ENSG00000216621.9,ENSG00000216621,,,,,,,,,,,,,,,,,0,False
brain_nucleus_accumbens_basal_ganglia,raw,ENSG00000216621.9,ENSG00000216621,0.0,285.0,-0.9875,1.0001e-06,0.0,-17675.90193946968,0.0,-1.0,-1.0,-1.0,0.0,,,-1.0,2.3275638113075975e-187,0.0,285,True
brain_putamen_basal_ganglia,excluded_at_or_below_-1,ENSG00000216621.9,ENSG00000216621,,,,,,,,,,,,,,,,,0,False
brain_putamen_basal_ganglia,raw,ENSG00000216621.9,ENSG00000216621,0.0,254.0,-0.9875,1.0001e-06,0.0,-17675.90193946968,0.0,-1.0,-1.0,-1.0,0.0,,,-1.0,2.0743902037618585e-187,0.0,254,True
brain_spinal_cord_cervical_c-1,excluded_at_or_below_-1,ENSG00000216621.9,ENSG00000216621,,,,,,,,,,,,,,,,,0,False
brain_spinal_cord_cervical_c-1,raw,ENSG00000216621.9,ENSG00000216621,0.0,204.0,-0.9875,1.0001e-06,0.0,-17675.90193946968,0.0,-1.0,-1.0,-1.0,0.0,,,-1.0,1.6660456754622802e-187,0.0,204,True
brain_substantia_nigra,excluded_at_or_below_-1,ENSG00000216621.9,ENSG00000216621,,,,,,,,,,,,,,,,,0,False
brain_substantia_nigra,raw,ENSG00000216621.9,ENSG00000216621,0.0,183.0,-0.9875,1.0001e-06,0.0,-17675.90193946968,0.0,-1.0,-1.0,-1.0,0.0,,,-1.0,1.4945409735764572e-187,0.0,183,True
breast_mammary_tissue,excluded_at_or_below_-1,ENSG00000216621.9,ENSG00000216621,,,,,,,,,,,,,,,,,0,False
breast_mammary_tissue,raw,ENSG00000216621.9,ENSG00000216621,0.0,514.0,-0.9875,1.0001e-06,0.0,-17675.90193946968,0.0,-1.0,-1.0,-1.0,0.0,,,-1.0,4.1977817509196667e-187,0.0,514,True
cells_cultured_fibroblasts,excluded_at_or_below_-1,ENSG00000216621.9,ENSG00000216621,,,,,,,,,,,,,,,,,0,False
cells_cultured_fibroblasts,raw,ENSG00000216621.9,ENSG00000216621,0.0,652.0,-0.9875,1.0001e-06,0.0,-17675.90193946968,0.0,-1.0,-1.0,-1.0,0.0,,,-1.0,5.324812649026503e-187,0.0,652,True
cells_ebv-transformed_lymphocytes,excluded_at_or_below_-1,ENSG00000216621.9,ENSG00000216621,,,,,,,,,,,,,,,,,0,False
cells_ebv-transformed_lymphocytes,raw,ENSG00000216621.9,ENSG00000216621,0.0,327.0,-0.9875,1.0001e-06,0.0,-17675.90193946968,0.0,-1.0,-1.0,-1.0,0.0,,,-1.0,2.670573215079243e-187,0.0,327,True
cervix_ectocervix,excluded_at_or_below_-1,ENSG00000216621.9,ENSG00000216621,,,,,,,,,,,,,,,,,0,False
cervix_ectocervix,raw,ENSG00000216621.9,ENSG00000216621,0.0,24.0,-0.9875,1.0001e-06,0.0,-17675.90193946968,0.0,-1.0,-1.0,-1.0,0.0,,,-1.0,1.9600537358379766e-188,0.0,24,True
cervix_endocervix,excluded_at_or_below_-1,ENSG00000216621.9,ENSG00000216621,,,,,,,,,,,,,,,,,0,False
cervix_endocervix,raw,ENSG00000216621.9,ENSG00000216621,0.0,23.0,-0.9875,1.0001e-06,0.0,-17675.90193946968,0.0,-1.0,-1.0,-1.0,0.0,,,-1.0,1.878384830178061e-188,0.0,23,True
colon_sigmoid,excluded_at_or_below_-1,ENSG00000216621.9,ENSG00000216621,,,,,,,,,,,,,,,,,0,False
colon_sigmoid,raw,ENSG00000216621.9,ENSG00000216621,0.0,419.0,-0.9875,1.0001e-06,0.0,-17675.90193946968,0.0,-1.0,-1.0,-1.0,0.0,,,-1.0,3.4219271471504676e-187,0.0,419,True
colon_transverse,excluded_at_or_below_-1,ENSG00000216621.9,ENSG00000216621,,,,,,,,,,,,,,,,,0,False
colon_transverse,raw,ENSG00000216621.9,ENSG00000216621,0.0,479.0,-0.9875,1.0001e-06,0.0,-17675.90193946968,0.0,-1.0,-1.0,-1.0,0.0,,,-1.0,3.911940581109962e-187,0.0,479,True
esophagus_gastroesophageal_junction,excluded_at_or_below_-1,ENSG00000216621.9,ENSG00000216621,,,,,,,,,,,,,,,,,0,False
esophagus_gastroesophageal_junction,raw,ENSG00000216621.9,ENSG00000216621,0.0,403.0,-0.9875,1.0001e-06,0.0,-17675.90193946968,0.0,-1.0,-1.0,-1.0,0.0,,,-1.0,3.2912568980946026e-187,0.0,403,True
esophagus_mucosa,excluded_at_or_below_-1,ENSG00000216621.9,ENSG00000216621,,,,,,,,,,,,,,,,,1,False
esophagus_mucosa,raw,ENSG00000216621.9,ENSG00000216621,2.140238255519397,577.4320542976036,-0.9892124456884409,0.009585001545390362,1320.3702919903765,126.05314025180324,0.0,-1.0,-0.134872212882717,-0.9985909970893856,0.03491371607408334,24.718447186693783,609.0016313213703,-0.134872212882717,574.553923717849,0.0,614,True
esophagus_muscularis,excluded_at_or_below_-1,ENSG00000216621.9,ENSG00000216621,,,,,,,,,,,,,,,,,0,False
esophagus_muscularis,raw,ENSG00000216621.9,ENSG00000216621,0.0,561.0,-0.9875,1.0001e-06,0.0,-17675.90193946968,0.0,-1.0,-1.0,-1.0,0.0,,,-1.0,4.5816256075212706e-187,0.0,561,True
fallopian_tube,excluded_at_or_below_-1,ENSG00000216621.9,ENSG00000216621,,,,,,,,,,,,,,,,,0,False
fallopian_tube,raw,ENSG00000216621.9,ENSG00000216621,0.0,29.0,-0.9875,1.0001e-06,0.0,-17675.90193946968,0.0,-1.0,-1.0,-1.0,0.0,,,-1.0,2.368398264137555e-188,0.0,29,True
heart_atrial_appendage,excluded_at_or_below_-1,ENSG00000216621.9,ENSG00000216621,,,,,,,,,,,,,,,,,1,False
heart_atrial_appendage,raw,ENSG00000216621.9,ENSG00000216621,1.3348984462451472,425.64922738023023,-0.9941953439836936,0.005636578316674131,1206.1849341434931,115.75674226283182,0.0,-1.0,-0.532828008237991,-0.9989866117315357,0.02175836886824669,21.400985349115185,456.0021739130431,-0.532828008237991,424.05558471090933,0.0,461,True
heart_left_ventricle,excluded_at_or_below_-1,ENSG00000216621.9,ENSG00000216621,,,,,,,,,,,,,,,,,0,False
heart_left_ventricle,raw,ENSG00000216621.9,ENSG00000216621,0.0,452.0,-0.9875,1.0001e-06,0.0,-17675.90193946968,0.0,-1.0,-1.0,-1.0,0.0,,,-1.0,3.6914345358281893e-187,0.0,452,True
kidney_cortex,excluded_at_or_below_-1,ENSG00000216621.9,ENSG00000216621,,,,,,,,,,,,,,,,,0,False
kidney_cortex,raw,ENSG00000216621.9,ENSG00000216621,0.0,104.0,-0.9875,1.0001e-06,0.0,-17675.90193946968,0.0,-1.0,-1.0,-1.0,0.0,,,-1.0,8.493566188631232e-188,0.0,104,True
kidney_medulla,excluded_at_or_below_-1,ENSG00000216621.9,ENSG00000216621,,,,,,,,,,,,,,,,,0,False
kidney_medulla,raw,ENSG00000216621.9,ENSG00000216621,0.0,11.0,-0.9875,1.0001e-06,0.0,-17675.90193946968,0.0,-1.0,-1.0,-1.0,0.0,,,-1.0,8.983579622590726e-189,0.0,11,True
liver,excluded_at_or_below_-1,ENSG00000216621.9,ENSG00000216621,,,,,,,,,,,,,,,,,1,False
liver,raw,ENSG00000216621.9,ENSG00000216621,0.025641025641070236,281.94269959520454,-0.9945128662674401,0.0021099634164197787,0.9743589756176544,321.99620202182103,0.0,-1.0,-0.5141043731172968,-0.9981454365386158,0.03001873207953845,16.09359597534451,257.0038314176247,-0.5141043731172968,279.63909398774547,0.0,262,True
lung,excluded_at_or_below_-1,ENSG00000216621.9,ENSG00000216621,,,,,,,,,,,,,,,,,2,False
lung,raw,ENSG00000216621.9,ENSG00000216621,0.05263157894409566,657.5470559788553,-0.9917554953332457,0.005608287547104771,1.8975360795634804,197.8668955409764,0.0,-1.0,-0.2070830273471263,-0.9975380437449395,0.04284333655360141,17.406497773902498,302.2991889511444,-0.2070830273471263,655.6418983612992,0.0,604,True
minor_salivary_gland,excluded_at_or_below_-1,ENSG00000216621.9,ENSG00000216621,,,,,,,,,,,,,,,,,0,False
minor_salivary_gland,raw,ENSG00000216621.9,ENSG00000216621,0.0,181.0,-0.9875,1.0001e-06,0.0,-17675.90193946968,0.0,-1.0,-1.0,-1.0,0.0,,,-1.0,1.478207192444474e-187,0.0,181,True
muscle_skeletal,excluded_at_or_below_-1,ENSG00000216621.9,ENSG00000216621,,,,,,,,,,,,,,,,,0,False
muscle_skeletal,raw,ENSG00000216621.9,ENSG00000216621,0.0,818.0,-0.9875,1.0001e-06,0.0,-17675.90193946968,0.0,-1.0,-1.0,-1.0,0.0,,,-1.0,6.680516482981104e-187,0.0,818,True
nerve_tibial,excluded_at_or_below_-1,ENSG00000216621.9,ENSG00000216621,,,,,,,,,,,,,,,,,0,False
nerve_tibial,raw,ENSG00000216621.9,ENSG00000216621,0.0,670.0,-0.9875,1.0001e-06,0.0,-17675.90193946968,0.0,-1.0,-1.0,-1.0,0.0,,,-1.0,5.471816679214351e-187,0.0,670,True
ovary,excluded_at_or_below_-1,ENSG00000216621.9,ENSG00000216621,,,,,,,,,,,,,,,,,1,False
ovary,raw,ENSG00000216621.9,ENSG00000216621,0.02676620684181356,182.18956909628932,-0.9908984607178776,0.007777139890860935,97.30500642442445,130.82021504855203,0.0,-1.0,-0.2714829918986856,-0.996225300476159,0.05243980171196405,13.78423767690231,188.00520833333314,-0.2714829918986856,181.15114333245606,0.0,193,True
pancreas,excluded_at_or_below_-1,ENSG00000216621.9,ENSG00000216621,,,,,,,,,,,,,,,,,0,False
pancreas,raw,ENSG00000216621.9,ENSG00000216621,0.0,362.0,-0.9875,1.0001e-06,0.0,-17675.90193946968,0.0,-1.0,-1.0,-1.0,0.0,,,-1.0,2.956414384888948e-187,0.0,362,True
pituitary,excluded_at_or_below_-1,ENSG00000216621.9,ENSG00000216621,,,,,,,,,,,,,,,,,0,False
pituitary,raw,ENSG00000216621.9,ENSG00000216621,0.0,313.0,-0.9875,1.0001e-06,0.0,-17675.90193946968,0.0,-1.0,-1.0,-1.0,0.0,,,-1.0,2.5562367471553613e-187,0.0,313,True
prostate,excluded_at_or_below_-1,ENSG00000216621.9,ENSG00000216621,,,,,,,,,,,,,,,,,0,False
prostate,raw,ENSG00000216621.9,ENSG00000216621,0.0,282.0,-0.9875,1.0001e-06,0.0,-17675.90193946968,0.0,-1.0,-1.0,-1.0,0.0,,,-1.0,2.3030631396096224e-187,0.0,282,True
skin_not_sun_exposed_suprapubic,excluded_at_or_below_-1,ENSG00000216621.9,ENSG00000216621,,,,,,,,,,,,,,,,,0,False
skin_not_sun_exposed_suprapubic,raw,ENSG00000216621.9,ENSG00000216621,0.0,651.0,-0.9875,1.0001e-06,0.0,-17675.90193946968,0.0,-1.0,-1.0,-1.0,0.0,,,-1.0,5.316645758460512e-187,0.0,651,True
skin_sun_exposed_lower_leg,excluded_at_or_below_-1,ENSG00000216621.9,ENSG00000216621,,,,,,,,,,,,,,,,,0,False
skin_sun_exposed_lower_leg,raw,ENSG00000216621.9,ENSG00000216621,0.0,754.0,-0.9875,1.0001e-06,0.0,-17675.90193946968,0.0,-1.0,-1.0,-1.0,0.0,,,-1.0,6.157835486757643e-187,0.0,754,True
small_intestine_terminal_ileum,excluded_at_or_below_-1,ENSG00000216621.9,ENSG00000216621,,,,,,,,,,,,,,,,,0,False
small_intestine_terminal_ileum,raw,ENSG00000216621.9,ENSG00000216621,0.0,207.0,-0.9875,1.0001e-06,0.0,-17675.90193946968,0.0,-1.0,-1.0,-1.0,0.0,,,-1.0,1.6905463471602549e-187,0.0,207,True
spleen,excluded_at_or_below_-1,ENSG00000216621.9,ENSG00000216621,,,,,,,,,,,,,,,,,0,False
spleen,raw,ENSG00000216621.9,ENSG00000216621,0.0,277.0,-0.9875,1.0001e-06,0.0,-17675.90193946968,0.0,-1.0,-1.0,-1.0,0.0,,,-1.0,2.2622286867796648e-187,0.0,277,True
stomach,excluded_at_or_below_-1,ENSG00000216621.9,ENSG00000216621,,,,,,,,,,,,,,,,,0,False
stomach,raw,ENSG00000216621.9,ENSG00000216621,0.0,407.0,-0.9875,1.0001e-06,0.0,-17675.90193946968,0.0,-1.0,-1.0,-1.0,0.0,,,-1.0,3.3239244603585686e-187,0.0,407,True
testis,excluded_at_or_below_-1,ENSG00000216621.9,ENSG00000216621,0.10933422768693804,1.1531082034519273,-0.3993323218677161,0.17592909660121545,19.301094769759175,4.076187803523292,0.0,-0.7554818796899694,0.1077481198212997,-0.4023353593661347,0.18504908031808567,0.5051918358079532,1.3841636394010317,0.1077481198212997,1.1528224297430811,0.0,21,True
testis,raw,ENSG00000216621.9,ENSG00000216621,0.5384615384615389,437.54482932460394,-0.987640224413094,0.0045095969911918485,31.692307702298507,343.5147432259286,0.0,-1.0,0.1077481198212997,-0.9696836776490068,0.13747663544837965,4.713802242271099,22.40299564248608,0.1077481198212997,430.23029365988924,0.0,414,True
thyroid,excluded_at_or_below_-1,ENSG00000216621.9,ENSG00000216621,,,,,,,,,,,,,,,,,2,False
thyroid,raw,ENSG00000216621.9,ENSG00000216621,2.056876839557325,637.0445719577099,-0.9915825006617282,0.007943733708098664,2072.52804109369,118.98797046117824,0.0,-1.0,-0.3232189826195029,-0.9984813148559099,0.029328719340904804,20.603250403584504,442.49689106493105,-0.3232189826195029,634.439140109512,0.0,684,True
uterus,excluded_at_or_below_-1,ENSG00000216621.9,ENSG00000216621,,,,,,,,,,,,,,,,,0,False
uterus,raw,ENSG00000216621.9,ENSG00000216621,0.0,153.0,-0.9875,1.0001e-06,0.0,-17675.90193946968,0.0,-1.0,-1.0,-1.0,0.0,,,-1.0,1.24953425659671e-187,0.0,153,True
vagina,excluded_at_or_below_-1,ENSG00000216621.9,ENSG00000216621,,,,,,,,,,,,,,,,,0,False
vagina,raw,ENSG00000216621.9,ENSG00000216621,0.0,170.0,-0.9875,1.0001e-06,0.0,-17675.90193946968,0.0,-1.0,-1.0,-1.0,0.0,,,-1.0,1.3883713962185667e-187,0.0,170,True
whole_blood,excluded_at_or_below_-1,ENSG00000216621.9,ENSG00000216621,,,,,,,,,,,,,,,,,0,False
whole_blood,raw,ENSG00000216621.9,ENSG00000216621,0.0,803.0,-0.9875,1.0001e-06,0.0,-17675.90193946968,0.0,-1.0,-1.0,-1.0,0.0,,,-1.0,6.55801312449123e-187,0.0,803,True
adipose_subcutaneous,excluded_at_or_below_-1,ENSG00000216642.1,ENSG00000216642,0.49223534577618633,5.755757327714423,-0.8366263438212423,0.07774502401041937,84.57985094005082,11.353388397195486,0.0,-0.9331447911460816,-0.2124847876771813,-0.7633831855607882,0.1501108717236225,2.086224044180215,4.451486545965339,-0.2124847876771813,5.755687891215735,0.0,62,True
adipose_subcutaneous,raw,ENSG00000216642.1,ENSG00000216642,1.5897436054454368,727.9910987080111,-0.9890893465050433,0.003177706050988657,199.43589743590027,345.621867495716,0.0,-1.0,-0.2124847876771813,-0.9794534418834298,0.07983444263550393,5.344858079478536,35.59825871160265,-0.2124847876771813,716.9453900148536,0.0,714,True
adipose_visceral_omentum,excluded_at_or_below_-1,ENSG00000216642.1,ENSG00000216642,-0.015929533858002623,5.193027232570183,-1.1226526239186534,0.3571358632852451,21.293766796085947,3.1958368302635516,0.0,-0.9075665664041336,-0.3155977521072582,-0.7693276018679573,0.1217113405577624,1.5196938419673713,3.0603603578328373,-0.3155977521072582,3.581803254369818,0.0,43,True
adipose_visceral_omentum,raw,ENSG00000216642.1,ENSG00000216642,1.102564093223427,687.4042539843324,-0.9930941835845527,0.003394831313161698,81.58974360946155,282.23041249205306,0.0,-1.0,-0.3155977521072582,-0.9831023626581299,0.06841185501312108,4.962028275423182,29.17258307172755,-0.3155977521072582,687.2529533678892,0.0,587,True
adrenal_gland,excluded_at_or_below_-1,ENSG00000216642.1,ENSG00000216642,0.3651284914999276,218367905660.6937,-1.1949081466630262,0.05537227473542143,12.925976406738162,13.400040591879593,0.0,-0.917757947741258,-0.6702414705251789,-0.827203854238251,0.06983154440493852,0.5426731615053045,-0.36937898800270075,-0.6702414705251789,2.8784711019550246,0.0,17,True
adrenal_gland,raw,ENSG00000216642.1,ENSG00000216642,0.43589743589743585,294.6323264194523,-0.996189645177951,0.0012756565770217626,19.5897435897436,361.35143072824116,0.0,-1.0,-0.6702414705251789,-0.9900422560069501,0.04350176058027021,4.7228715394326874,22.90242542665746,-0.6702414705251789,294.2938335747572,0.0,295,True
artery_aorta,excluded_at_or_below_-1,ENSG00000216642.1,ENSG00000216642,0.40959736416499704,3.826553188349404,-0.7691643320456687,0.1798571593360437,81.9689242777898,4.6279096017603365,0.0,-0.8583697185530432,-0.180595040403546,-0.6712827540361337,0.15013400733298368,1.3231237917496936,1.570816379540136,-0.180595040403546,3.826463670788267,0.0,71,True
artery_aorta,raw,ENSG00000216642.1,ENSG00000216642,2.885601024008102,381.2196469958483,-0.9897672129619015,0.008395721759371812,520.086544663641,136.3006413891152,0.0,-1.0,-0.180595040403546,-0.9505531261367912,0.1311041265428602,2.9531469712548404,9.102666119443013,-0.180595040403546,378.891573626653,0.0,472,True
artery_coronary,excluded_at_or_below_-1,ENSG00000216642.1,ENSG00000216642,0.2194529884927551,2.3382346320962863,-0.8265134189149389,0.07251941233607287,15.944762051697817,8.99346199380055,0.0,-0.8852105571468528,-0.365337967052627,-0.760378172258232,0.1213632636454625,1.6544212726792846,2.2730365436439923,-0.365337967052627,2.3381890710299396,0.0,29,True
artery_coronary,raw,ENSG00000216642.1,ENSG00000216642,0.7435897435896884,250.2985318447155,-0.9914721471906935,0.002677654951351972,47.435897435900216,330.6951289483814,0.0,-1.0,-0.365337967052627,-0.9740707723712266,0.08429860649813932,3.9122320662005174,17.40158679563009,-0.365337967052627,250.20572449556354,0.0,268,True
artery_tibial,excluded_at_or_below_-1,ENSG00000216642.1,ENSG00000216642,0.9630943565938905,8.491793358531163,-0.8477137256616237,0.012247523004441579,40.620265433055565,47.000995221788486,0.0,-0.9171080608575132,-0.4406706979844239,-0.7658780041546406,0.11044147082851109,0.952812950880733,0.161498991191531,-0.4406706979844239,8.489628026433572,0.0,54,True
artery_tibial,raw,ENSG00000216642.1,ENSG00000216642,1.3846153762088234,683.6051787258401,-0.9922948488896159,0.0026447743340736103,131.23076925288217,294.9644306102651,0.0,-1.0,-0.4406706979844239,-0.9817039250714191,0.06993844113949171,4.34526496526482,20.085667783295232,-0.4406706979844239,678.2303440716001,0.0,691,True
bladder,excluded_at_or_below_-1,ENSG00000216642.1,ENSG00000216642,0.18421055644524637,7.414887870433507,-0.785908339865841,0.0035378063945754735,5.710527413650608,109.79172034751797,0.0,-0.8893574661545129,-0.5112526155457411,-0.7602346928229707,0.1116940008000882,1.0999717811654055,0.5581134846350029,-0.5112526155457411,7.4118115347108375,0.0,10,True
bladder,raw,ENSG00000216642.1,ENSG00000216642,0.2564102564102564,67.59071469262426,-0.9940206771636229,0.0011577378777159954,9.435897435897438,589.7165095500665,0.0,-1.0,-0.5112526155457411,-0.9688616484185676,0.08977274006524229,3.151239180706181,10.081925034291976,-0.5112526155457411,64.07053127116973,0.0,77,True
brain_amygdala,excluded_at_or_below_-1,ENSG00000216642.1,ENSG00000216642,0.10149602614694533,0.6337965056841971,-1.0225618052054746,0.1602362402583201,8.826917566126333,2.945631029514371,0.0,-0.926170171618824,-0.6888096379828651,-0.8409991511682472,0.07181323852957797,0.8411180516314842,-0.055387273669778025,-0.6888096379828651,0.4330810340031085,0.0,10,True
brain_amygdala,raw,ENSG00000216642.1,ENSG00000216642,0.25640983062879535,184.66848262727052,-0.9965598918089137,0.0016063318398013694,7.435897437180882,270.9431339158278,0.0,-1.0,-0.6888096379828651,-0.9912154227164778,0.03980922686863019,5.064797569433203,27.27145595841851,-0.6888096379828651,181.9254376520468,0.0,181,True
brain_anterior_cingulate_cortex_ba24,excluded_at_or_below_-1,ENSG00000216642.1,ENSG00000216642,0.3157896305179931,13.347050118456245,-0.9143831382078591,0.0052339782257872355,20.210532380723084,151.01257336989485,0.0,-0.9305934133696716,-0.3554883984969652,-0.8178288742430886,0.1352345888574024,2.3641688641849075,5.680268630543557,-0.3554883984969652,13.340986698067185,0.0,18,True
brain_anterior_cingulate_cortex_ba24,raw,ENSG00000216642.1,ENSG00000216642,0.4615384615384617,290.26526351162033,-0.9930324659915722,0.0019803818469784303,25.692307692307693,455.2775861064543,0.0,-1.0,-0.3554883984969652,-0.9859266941475348,0.06095889450267513,6.450874763663591,53.00850085167619,-0.3554883984969652,271.52210572622545,0.0,233,True
brain_caudate_basal_ganglia,excluded_at_or_below_-1,ENSG00000216642.1,ENSG00000216642,0.48520857227947645,2.70762652055412,-0.9059638145367594,0.006897099688417557,21.31304088130926,52.133667477518834,0.0,-0.9400674829539672,-0.6517086501951815,-0.8452313155377226,0.08246681572134461,0.9214533021437232,-0.0891618424252072,-0.6517086501951815,2.707299857520086,0.0,24,True
brain_caudate_basal_ganglia,raw,ENSG00000216642.1,ENSG00000216642,0.6153846153846153,279.69148725135227,-0.9958245790988359,0.0014306029735059425,33.23076932523887,340.1736349614419,0.0,-1.0,-0.6517086501951815,-0.9876185052430178,0.047874826818561936,4.494383511312455,21.588756883169346,-0.6517086501951815,278.1820566857526,0.0,300,True
brain_cerebellar_hemisphere,excluded_at_or_below_-1,ENSG00000216642.1,ENSG00000216642,0.18077867126667474,1.754433387165199,-0.7952447675172354,0.15953143885448584,29.530853013987738,3.37637540194997,0.0,-0.905947741887278,-0.414370166737619,-0.7449085681912531,0.10938524054467066,0.8287606583656207,0.46033832432987065,-0.414370166737619,1.7485623346570767,0.0,41,True
brain_cerebellar_hemisphere,raw,ENSG00000216642.1,ENSG00000216642,1.319195483561306,218.854342206552,-0.9926883388735491,0.006333566251831858,317.0087541984236,129.13189345179725,0.0,-1.0,-0.414370166737619,-0.9622427844615211,0.09984860254526032,2.7824542437965527,7.39652199925194,-0.414370166737619,217.66312035029384,0.0,277,True
brain_cerebellum,excluded_at_or_below_-1,ENSG00000216642.1,ENSG00000216642,0.7078455771997066,5.144709222266013,-0.8439395001487414,0.046630995698361974,33.47435701032494,18.355523602758776,0.0,-0.9219189771522776,-0.238701108342388,-0.7409379829934708,0.1619751318541795,1.459532813104928,1.691816231685758,-0.238701108342388,5.144294160534829,0.0,53,True
brain_cerebellum,raw,ENSG00000216642.1,ENSG00000216642,1.637040518396119,206.1085901506715,-0.9904913584490969,0.007408801501357154,160.59231256658603,143.50390782719876,0.0,-1.0,-0.238701108342388,-0.9483823800701275,0.1260808387215984,3.041443103255502,10.217410321587172,-0.238701108342388,204.70702650413847,0.0,266,True
brain_cortex,excluded_at_or_below_-1,ENSG00000216642.1,ENSG00000216642,0.42094577435369845,0.9665203194377753,-0.8808245276952847,0.04185208958811656,20.23245937371685,7.366078868325576,0.0,-0.9369679086923158,-0.6628335531263654,-0.8286998204157363,0.07832190981237641,0.6321458739751771,-0.8050338757935922,-0.6628335531263654,0.9665082361544535,0.0,27,True
brain_cortex,raw,ENSG00000216642.1,ENSG00000216642,0.7105269391908691,228.40389837311332,-0.9957962443323188,0.003762034040931164,225.51464271407326,125.16642554120904,0.0,-1.0,-0.6628335531263654,-0.9828699820415737,0.0569531706982538,3.6134096881383564,12.911342637893823,-0.6628335531263654,227.28544469410878,0.0,270,True
brain_frontal_cortex_ba9,excluded_at_or_below_-1,ENSG00000216642.1,ENSG00000216642,-1.2235979038924938,685633.5036027019,-12.693584421975407,3.339335111321751,26.973217903402926,5.119266536118452,0.0,-0.920965343238172,-0.6056318360951194,-0.8094746244149542,0.08154319531743806,0.4399313246342406,-0.48300554347086466,-0.6056318360951194,1.3464568936982146,0.0,31,True
brain_frontal_cortex_ba9,raw,ENSG00000216642.1,ENSG00000216642,0.8157900647102257,223.66970296337612,-0.9950784872168684,0.004319430687199112,228.4827616602313,127.50771472485313,0.0,-1.0,-0.6056318360951194,-0.9780435440775598,0.06677806692970092,3.187228100090433,9.63269037273451,-0.6056318360951194,222.49928048930929,0.0,269,True
brain_hippocampus,excluded_at_or_below_-1,ENSG00000216642.1,ENSG00000216642,0.1306101228820834,2.009727825020832,-0.868975857862389,0.09257253652929531,13.503326525214604,9.545085765450487,0.0,-0.9282757664746452,-0.2441672545460046,-0.7698802142901082,0.18460703640185788,1.6651716088468167,1.661024329528333,-0.2441672545460046,2.009725989211502,0.0,21,True
brain_hippocampus,raw,ENSG00000216642.1,ENSG00000216642,0.5384612929026497,275.69997315082617,-0.9921759161594862,0.00398197302392632,49.69230769608082,265.6582522458361,0.0,-1.0,-0.2441672545460046,-0.9810489588238913,0.0818600541166971,5.986147673745336,41.00848231116307,-0.2441672545460046,274.5880416845867,0.0,255,True
brain_hypothalamus,excluded_at_or_below_-1,ENSG00000216642.1,ENSG00000216642,0.3100543343952854,1.9335991175111167,-0.8763116936203464,0.10918898165437133,38.235528475770465,6.426904038380953,0.0,-0.9457780421415468,-0.3801015554827734,-0.7890687253686414,0.13149837750749252,1.3278480259103174,1.4121268417327002,-0.3801015554827734,1.9335709284212546,0.0,34,True
brain_hypothalamus,raw,ENSG00000216642.1,ENSG00000216642,0.8717948717948717,229.70709067306933,-0.9924789095879462,0.0012427962441683242,52.35897436005439,696.8417900596675,0.0,-1.0,-0.3801015554827734,-0.9720946951849564,0.08576928550464662,3.8155072051780983,16.355248988622044,-0.3801015554827734,218.58495568478378,0.0,257,True
brain_nucleus_accumbens_basal_ganglia,excluded_at_or_below_-1,ENSG00000216642.1,ENSG00000216642,0.08088193519212912,2.2485968675601677,-0.9788718903755423,0.1272972319827151,11.898979787516701,3.3087494911019446,0.0,-0.9247713423000844,-0.6810422960710465,-0.8609961998235497,0.05734641746896462,1.3917567541686005,1.9232566513611697,-0.6810422960710465,1.8675898057970235,0.0,26,True
brain_nucleus_accumbens_basal_ganglia,raw,ENSG00000216642.1,ENSG00000216642,0.666666659651692,267.6164276973871,-0.9963571226846074,0.0018313243057463144,36.66666705814839,243.49728926493623,0.0,-1.0,-0.6810422960710465,-0.9873189515628502,0.04355497562035806,3.8196784502328387,15.685271261686275,-0.6810422960710465,267.0471584857206,0.0,285,True
brain_putamen_basal_ganglia,excluded_at_or_below_-1,ENSG00000216642.1,ENSG00000216642,0.041974236269596024,0.7780281558191854,-0.9310897164071318,0.09323203757746996,11.313835748914705,2.427496823194791,0.0,-0.9259892475920374,-0.7710569737854921,-0.8738924940837486,0.04065774870241759,0.8864025750833098,0.4832378916650817,-0.7710569737854921,0.7348332524649646,0.0,17,True
brain_putamen_basal_ganglia,raw,ENSG00000216642.1,ENSG00000216642,0.43589743608350623,236.83516684479133,-0.9971361923350445,5.946050272316933e-05,15.589747861747396,5377.087014081105,0.0,-1.0,-0.7710569737854921,-0.9915597338559989,0.03319049799617106,4.095949542043466,16.73685859627447,-0.7710569737854921,0.010396642875208806,0.0,254,True
brain_spinal_cord_cervical_c-1,excluded_at_or_below_-1,ENSG00000216642.1,ENSG00000216642,0.0697552323736296,1.1590257380293538,-0.8828302095844596,0.11708503394731867,14.103463950857847,4.999909564065487,0.0,-0.917553549239557,-0.4688795895240872,-0.8086381725217858,0.10912217794101457,1.9382700942556896,3.650638184742421,-0.4688795895240872,1.1590153635889537,0.0,17,True
brain_spinal_cord_cervical_c-1,raw,ENSG00000216642.1,ENSG00000216642,0.435897435897436,212.71838915046519,-0.9937571509640524,0.001093725729033865,23.589743592454493,678.6792577599981,0.0,-1.0,-0.4688795895240872,-0.9840531810434822,0.061234183346800274,4.954376270601526,29.714730250304186,-0.4688795895240872,212.4867787932271,0.0,204,True
brain_substantia_nigra,excluded_at_or_below_-1,ENSG00000216642.1,ENSG00000216642,0.2604933625236746,0.6967465753725027,-0.7938818806570369,0.010043899877376116,9.67021129977794,9.122292066391633,0.0,-0.9213833343773769,-0.7290943615688498,-0.8206577977094753,0.058471910944324156,-0.36273680977852163,-0.8598977145423006,-0.7290943615688498,0.6967234664357205,0.0,13,True
brain_substantia_nigra,raw,ENSG00000216642.1,ENSG00000216642,0.4162516234312789,158.12528305009195,-0.996621719005355,0.003108258498087589,147.22254261161117,121.7211558901299,0.0,-1.0,-0.7290943615688498,-0.9872598435531321,0.04857596768979382,3.818189608351518,13.443989626260201,-0.7290943615688498,157.38836224365355,0.0,183,True
breast_mammary_tissue,excluded_at_or_below_-1,ENSG00000216642.1,ENSG00000216642,0.28244899368714926,2.5637108916483817,-0.8338689538792741,0.20258061930409837,97.42495245054437,3.749298131808201,0.0,-0.932523733124212,-0.2967965076054026,-0.7399354310949413,0.13865476627424156,1.0580747283892153,0.8377934395229576,-0.2967965076054026,2.561438904808155,0.0,55,True
breast_mammary_tissue,raw,ENSG00000216642.1,ENSG00000216642,1.4102564070627337,477.3327183566213,-0.9905934100275419,0.002999853093469347,159.43589743594285,327.0750127977419,0.0,-1.0,-0.2967965076054026,-0.9721720792027659,0.09218980542374576,3.868019019373578,16.241490715707286,-0.2967965076054026,477.3209575039967,0.0,514,True
cells_cultured_fibroblasts,excluded_at_or_below_-1,ENSG00000216642.1,ENSG00000216642,-446.6089861126619,448.34106903263506,-0.9769490410594297,7.932078351345032,34.16424063608454,0.07009679910939637,0.0,-0.8966527642685993,-0.5837882642802729,-0.7620400641744512,0.08688495509736918,0.15244307892920025,-1.126978769665078,-0.5837882642802729,1.0541824355198628,0.0,51,True
cells_cultured_fibroblasts,raw,ENSG00000216642.1,ENSG00000216642,1.9946561957326936,567.7331446728692,-0.9947964125212433,0.003068891295443611,1056.6894410569298,189.40172248890661,0.0,-1.0,-0.5837882642802729,-0.9813865694369586,0.0683290748426241,3.7956168976247384,13.703192910719675,-0.5837882642802729,560.8202977191697,0.0,652,True
cells_ebv-transformed_lymphocytes,excluded_at_or_below_-1,ENSG00000216642.1,ENSG00000216642,-4.366225723548922,507.75785141853567,-12.159133776492355,5.317498471371044,31.127636581110004,3.0741085252252462,0.0,-0.9202730557348856,-0.6003651303453883,-0.8060413392022775,0.08283080865769464,0.32926293128351847,-0.456362057428767,-0.6003651303453883,1.325243814850369,0.0,31,True
cells_ebv-transformed_lymphocytes,raw,ENSG00000216642.1,ENSG00000216642,1.3825537458317185,289.179141251801,-0.9950891208197867,0.004715895536173731,97.82082556326407,118.37073498363388,0.0,-1.0,-0.6003651303453883,-0.9816124816980751,0.06220607302124489,3.571915794538549,12.393441115375607,-0.6003651303453883,288.42685251349246,0.0,327,True
cervix_ectocervix,excluded_at_or_below_-1,ENSG00000216642.1,ENSG00000216642,,,,,,,,,,,,,,,,,1,False
cervix_ectocervix,raw,ENSG00000216642.1,ENSG00000216642,0.025641025645496196,32.08618184387708,-0.996211414083703,0.0009896212447201844,0.9743589745191631,362.3211647130967,0.0,-1.0,-0.7426706960819851,-0.9892779456700828,0.05252712420539271,4.587317109255647,19.043478260869584,-0.7426706960819851,31.88849794872154,0.0,24,True
cervix_endocervix,excluded_at_or_below_-1,ENSG00000216642.1,ENSG00000216642,,,,,,,,,,,,,,,,,3,False
cervix_endocervix,raw,ENSG00000216642.1,ENSG00000216642,0.0769230764460406,22.78866842204329,-0.9964962407534719,0.002041421255777592,2.7692307734320027,233.22807497716983,0.0,-1.0,-0.659830858402347,-0.9674993602521739,0.09145813298589428,2.63761553943274,5.449232297630159,-0.659830858402347,22.737919884295028,0.0,23,True
colon_sigmoid,excluded_at_or_below_-1,ENSG00000216642.1,ENSG00000216642,-1.3312691790310183,2.478647504604304,-0.8595106876732631,0.4581700806218714,25.58362710073799,0.9862914843783832,0.0,-0.9179869084483367,-0.5399767354206595,-0.7649404424342823,0.09964773050507077,0.33750589937696246,-0.8699667231856583,-0.5399767354206595,0.9546635078878727,0.0,34,True
colon_sigmoid,raw,ENSG00000216642.1,ENSG00000216642,1.8224802621735892,379.63928274657496,-0.9942683327222159,0.004610435654352132,93.40677648927988,139.35024504018986,0.0,-1.0,-0.5399767354206595,-0.9809259547560039,0.07009632335990684,3.9158581362682403,15.064678954556271,-0.5399767354206595,377.3853968980657,0.0,419,True
colon_transverse,excluded_at_or_below_-1,ENSG00000216642.1,ENSG00000216642,0.5273980470230761,2.152595061515772,-0.8629036019193086,0.03513378754209015,32.473129105469404,10.226608517922442,0.0,-0.9686372717864272,-0.6088404953953543,-0.8022990583248324,0.0889344796619335,0.6083988718530868,-0.5948171256208918,-0.6088404953953543,2.1525945523188303,0.0,36,True
colon_transverse,raw,ENSG00000216642.1,ENSG00000216642,0.9473684491279455,439.5186997411006,-0.9951111149776467,0.003405044981873534,71.44414775020051,160.42934876559735,0.0,-1.0,-0.6088404953953543,-0.985141474112096,0.057459449019214244,4.252547429713787,18.48392709732359,-0.6088404953953543,435.7081910300278,0.0,479,True
esophagus_gastroesophageal_junction,excluded_at_or_below_-1,ENSG00000216642.1,ENSG00000216642,0.1755526042103736,1.4352376102956443,-0.9516853930798836,0.22628719646947923,26.130012945343633,2.815118039569352,0.0,-0.9068076430285312,-0.5012405763607901,-0.7717610521341384,0.1082760113398187,0.9746681611777497,0.4140667928169184,-0.5012405763607901,1.3525897820778112,0.0,29,True
esophagus_gastroesophageal_junction,raw,ENSG00000216642.1,ENSG00000216642,0.7435897427220096,392.36952432604653,-0.9932128388708815,0.0024731306477563234,35.435897484138735,281.3251481818603,0.0,-1.0,-0.5012405763607901,-0.9835758573496031,0.06560568758610259,4.556348496988869,22.346905243609065,-0.5012405763607901,391.3534620624936,0.0,403,True
esophagus_mucosa,excluded_at_or_below_-1,ENSG00000216642.1,ENSG00000216642,0.23423009935607225,8.931791086788625,-1.0337715619724746,0.27983012306939914,47.31690080459137,4.607918556070846,0.0,-0.912939132610364,-0.1220037420716662,-0.753573556894899,0.16212670494085574,2.0244287150553006,4.569317576784064,-0.1220037420716662,7.412225048215678,0.0,70,True
esophagus_mucosa,raw,ENSG00000216642.1,ENSG00000216642,1.7948718081682156,591.2794332797271,-0.9884492560572901,0.0019561159712042876,250.3589743589744,626.4142898344691,0.0,-1.0,-0.1220037420716662,-0.9719057801020243,0.09540732669432317,4.691297942468791,27.56637711548529,-0.1220037420716662,586.5435713091724,0.0,614,True
esophagus_muscularis,excluded_at_or_below_-1,ENSG00000216642.1,ENSG00000216642,0.3073160060329519,1.5321336452792003,-0.8758506287448615,0.1847827957894644,28.446683036611986,3.7759793237834214,0.0,-0.8929804105687883,-0.3824767601467633,-0.7282357227785317,0.13832763450390048,0.9875551242390248,0.050794895534809203,-0.3824767601467633,1.5309052998935044,0.0,34,True
esophagus_muscularis,raw,ENSG00000216642.1,ENSG00000216642,0.8717947962073889,587.0695905174863,-0.9929323408446274,0.001967583246436621,38.358974358974585,438.7690142273591,0.0,-1.0,-0.3824767601467633,-0.9835294377441535,0.07307469078837628,5.184727394906734,29.24290015523755,-0.3824767601467633,583.7212986802328,0.0,561,True
fallopian_tube,excluded_at_or_below_-1,ENSG00000216642.1,ENSG00000216642,,,,,,,,,,,,,,,,,3,False
fallopian_tube,raw,ENSG00000216642.1,ENSG00000216642,0.07692307692307694,49.69520044301896,-0.9958426334849096,0.0017489068135055192,2.769230769230769,356.8473814828287,0.0,-1.0,-0.5545423705955658,-0.9591495659805769,0.12304032921751654,2.6568003210503,5.174505159249147,-0.5545423705955658,48.209944991793904,0.0,29,True
heart_atrial_appendage,excluded_at_or_below_-1,ENSG00000216642.1,ENSG00000216642,0.6212755800764272,6.445937009456399,-0.8932625132459976,0.01710666319751097,42.28467451098983,31.66704032989636,0.0,-0.9409590481528226,-0.5102104708963862,-0.8283077994553573,0.09310054929303564,1.5079435289749896,2.268251225990782,-0.5102104708963862,6.444719761509039,0.0,43,True
heart_atrial_appendage,raw,ENSG00000216642.1,ENSG00000216642,1.1025641025685247,464.4847855957479,-0.9945681734896009,0.002100390376645868,121.58974360396158,326.12281967367295,0.0,-1.0,-0.5102104708963862,-0.9839853261964867,0.057358037471539516,4.394529793845717,22.343807345527473,-0.5102104708963862,455.5984255787854,0.0,461,True
heart_left_ventricle,excluded_at_or_below_-1,ENSG00000216642.1,ENSG00000216642,0.07461960292539792,1163504466814.3494,-5.358309827229565,0.8699807776264957,38.836885900884454,8.111209472928897,0.0,-0.9401020831269556,-0.3685427139027154,-0.845310431927135,0.10464185252897366,2.423169421714189,7.820460774505781,-0.3685427139027154,7.318114576931948,0.0,46,True
heart_left_ventricle,raw,ENSG00000216642.1,ENSG00000216642,1.1794868955208326,564.929122212851,-0.9939759732815054,0.003237902183546509,109.74358977203971,273.1695238563064,0.0,-1.0,-0.3685427139027154,-0.9842572563465668,0.057313333257163424,5.315066735750861,38.19930414112152,-0.3685427139027154,560.0653064547193,0.0,452,True
kidney_cortex,excluded_at_or_below_-1,ENSG00000216642.1,ENSG00000216642,0.2358806314768811,1360191680689.7336,-2.5778577375509353,0.3148776564975756,7.521795184890761,8.785113424521732,0.0,-0.909718342280596,-0.6218335550809533,-0.7935142803309604,0.10096488721027218,0.5392100307150084,-1.1457006978732955,-0.6218335550809533,0.8803722912668503,0.0,13,True
kidney_cortex,raw,ENSG00000216642.1,ENSG00000216642,0.33333333333333337,97.45701911256027,-0.9952690994653575,1.4214312755519323e-05,8.666666667074782,37153.93214037307,,-1.0,-0.6218335550809533,-0.9741892850413699,0.07678714813662482,3.184923930281877,9.578928669830907,-0.6218335550809533,0.0,0.0,104,True
kidney_medulla,excluded_at_or_below_-1,ENSG00000216642.1,ENSG00000216642,,,,,,,,,,,,,,,,,0,False
kidney_medulla,raw,ENSG00000216642.1,ENSG00000216642,0.0,11.0,-0.9875,1.0001e-06,0.0,-17675.90193946968,0.0,-1.0,-1.0,-1.0,0.0,,,-1.0,8.983579622590726e-189,0.0,11,True
liver,excluded_at_or_below_-1,ENSG00000216642.1,ENSG00000216642,0.7861090225100632,5.032940812321257,-0.8890001285553057,0.04167865287662887,67.35749765137601,15.016104001122685,0.0,-0.9332177933502764,-0.4464566521853348,-0.803962961274833,0.12473157487899855,1.4414139191099762,1.2913291865679302,-0.4464566521853348,5.032613677938584,0.0,60,True
liver,raw,ENSG00000216642.1,ENSG00000216642,1.5384615384615383,283.5898743757437,-0.9933303036211928,0.0004237701473514864,177.69230769230768,1825.0368498081377,0.0,-1.0,-0.4464566521853348,-0.9551060216659923,0.10162846954415239,2.8114425844154294,8.434637826793189,-0.4464566521853348,226.5030631593877,0.0,262,True
lung,excluded_at_or_below_-1,ENSG00000216642.1,ENSG00000216642,0.43509543082886565,2.312600247489272,-0.7798357534364995,0.10753763986998202,25.382146040011676,5.117239502148579,0.0,-0.9385306885111706,-0.3907178200834307,-0.7346301841889452,0.12136313796775498,0.8687526442139396,0.3809950236192283,-0.3907178200834307,2.3125574677051577,0.0,49,True
lung,raw,ENSG00000216642.1,ENSG00000216642,1.256410256707624,580.5439216832598,-0.9917227559869617,0.0030414451931083893,75.43589759311728,279.4557447011856,0.0,-1.0,-0.3907178200834307,-0.9784716540153283,0.08019144455433311,4.170731828388418,18.37065972436396,-0.3907178200834307,579.3165629600269,0.0,604,True
minor_salivary_gland,excluded_at_or_below_-1,ENSG00000216642.1,ENSG00000216642,0.26315754838534594,10.854609995878052,-0.7330333939792464,0.0059479157546627375,7.3684228778376,99.95683547966578,0.0,-0.9139690225521472,-0.3126337794131923,-0.7290543452378799,0.13841030391318893,1.73646048824394,3.66459768505164,-0.3126337794131923,10.837839049757005,0.0,15,True
minor_salivary_gland,raw,ENSG00000216642.1,ENSG00000216642,0.38461537609601704,181.05641734644675,-0.9926335940619414,0.004105220601911255,19.230769487783366,234.25414942128384,0.0,-1.0,-0.3126337794131923,-0.9775459402130839,0.08426543840621141,4.566834469138664,24.750819279555355,-0.3126337794131923,178.58506409750407,0.0,181,True
muscle_skeletal,excluded_at_or_below_-1,ENSG00000216642.1,ENSG00000216642,0.17058517350906388,2.978791386644332,-0.9798702607224286,0.13980041031196455,13.959233643777893,4.659328602565031,0.0,-0.930578289202008,-0.5192778383701537,-0.8333197039803909,0.10009425950091495,1.6325263298812565,2.2565193399796595,-0.5192778383701537,2.630508967098037,0.0,29,True
muscle_skeletal,raw,ENSG00000216642.1,ENSG00000216642,0.7435897438874138,897.1049515044044,-0.9948841019726405,0.002483314948832043,41.43589744203834,270.8511977719833,0.0,-1.0,-0.5192778383701537,-0.994090796351383,0.03597993332252761,7.906505303685223,74.59444652744969,-0.5192778383701537,884.0514810532962,0.0,818,True
nerve_tibial,excluded_at_or_below_-1,ENSG00000216642.1,ENSG00000216642,0.4326623189044306,11.042391773223013,-0.7821631742081397,0.10770546220091655,68.53732793607736,18.57116500676092,0.0,-0.8982141314156148,0.6322030600586614,-0.6802786696261982,0.23044928382410806,3.2370337833507388,14.00950271091077,0.6322030600586614,11.041285555048931,0.0,69,True
nerve_tibial,raw,ENSG00000216642.1,ENSG00000216642,1.7692308002623958,683.1099457766707,-0.9806081178643962,0.002792242687760475,446.9230769425908,816.8557308301464,0.0,-1.0,0.6322030600586614,-0.9670734749316532,0.12188223675213321,6.103514350300322,54.8809632068548,0.6322030600586614,674.3222981333817,0.0,670,True
ovary,excluded_at_or_below_-1,ENSG00000216642.1,ENSG00000216642,0.4260762507031893,7.74604635538566,-0.834950997070213,0.02222335301704001,28.885159647337566,57.0776584490148,0.0,-0.8659788824107111,0.0619835161089572,-0.7293435871749572,0.1776354371264521,3.1170656300319237,11.280233657503558,0.0619835161089572,7.746015761587645,0.0,30,True
ovary,raw,ENSG00000216642.1,ENSG00000216642,0.7692307688102769,183.19361713585218,-0.9888029921906074,0.0059603284771478915,92.92307695007915,249.32124746034208,0.0,-1.0,0.0619835161089572,-0.9579290550012887,0.1201370699265778,4.432640511469081,27.747455762640914,0.0619835161089572,181.58678476276754,0.0,193,True
pancreas,excluded_at_or_below_-1,ENSG00000216642.1,ENSG00000216642,0.0679875404592776,2.7503021758294053,-1.0690407799937869,0.19429338497899223,21.26515136899647,3.4539550603878006,0.0,-0.9280945782153742,-0.5945151226935056,-0.842502901707794,0.08011261937571765,1.5483626183843824,2.486099427094981,-0.5945151226935056,1.6178654717457175,0.0,20,True
pancreas,raw,ENSG00000216642.1,ENSG00000216642,0.5128190601756503,440.33382233503767,-0.9960144491479088,0.0021479523767584064,21.743589777684385,264.3474775788032,0.0,-1.0,-0.5945151226935056,-0.9912985028567841,0.040449007338426796,5.6517608984182806,37.32252496977968,-0.5945151226935056,439.7819275759768,0.0,362,True
pituitary,excluded_at_or_below_-1,ENSG00000216642.1,ENSG00000216642,0.6787752478912388,3.420344187928511,-0.8292645494463678,0.096794613994538,86.35312632555083,6.4118721969623875,0.0,-0.910705250957539,-0.3904095484761891,-0.7536607573523452,0.11982693500950443,1.1661377068429202,0.9786671848441855,-0.3904095484761891,3.4203283330522884,0.0,67,True
pituitary,raw,ENSG00000216642.1,ENSG00000216642,1.7179487294153444,278.1660902710295,-0.993667014474324,0.003570648758401202,153.89743637228293,238.92993899500473,0.0,-1.0,-0.3904095484761891,-0.9472692355993837,0.11523549108784556,2.374853161675714,5.465993215319674,-0.3904095484761891,277.04505718573574,0.0,313,True
prostate,excluded_at_or_below_-1,ENSG00000216642.1,ENSG00000216642,0.045627002637028256,2.2572874724345384,-0.7858678564972607,0.18191687654762628,35.83277976983017,3.46735160385886,0.0,-0.8985825486629333,-0.3398462721702411,-0.7363723185705471,0.1120841302806804,1.1186598612583794,1.890974799957685,-0.3398462721702411,2.2517533113213926,0.0,44,True
prostate,raw,ENSG00000216642.1,ENSG00000216642,1.5852040304232464,230.7047152341504,-0.9917545164703196,0.00644716088931299,120.25650656832667,142.998987669167,0.0,-1.0,-0.3398462721702411,-0.9588666028975321,0.1053894885732126,2.7276403870639276,7.450644263093924,-0.3398462721702411,229.1460140563952,0.0,282,True
skin_not_sun_exposed_suprapubic,excluded_at_or_below_-1,ENSG00000216642.1,ENSG00000216642,0.08133713217094954,4.563205595525297,-0.8107039027509836,0.17430246719718817,46.893414413546296,5.108618139866422,0.0,-0.9168533632596326,-0.1810643847613293,-0.7542483569622248,0.12355286240199014,1.9322208945105945,6.018501765115257,-0.1810643847613293,4.563156660818511,0.0,65,True
skin_not_sun_exposed_suprapubic,raw,ENSG00000216642.1,ENSG00000216642,1.6666666541344872,636.0403257973882,-0.9897554853502889,2.6853657988454394e-05,184.66666666666666,42588.68280496623,,-1.0,-0.1810643847613293,-0.9754625855645845,0.08330319263387825,4.194276982536757,21.95571614443542,-0.1810643847613293,0.0,0.0,651,True
skin_sun_exposed_lower_leg,excluded_at_or_below_-1,ENSG00000216642.1,ENSG00000216642,0.825575939812056,6.418388160259543,-0.8544687973745534,0.026227179318689207,31.369803570788513,21.093630357214984,0.0,-0.9042591767363451,-0.4632786401167682,-0.7787892999303211,0.1038557587567456,1.159900312598256,0.6199026825825751,-0.4632786401167682,6.417703684808185,0.0,60,True
skin_sun_exposed_lower_leg,raw,ENSG00000216642.1,ENSG00000216642,1.5384615648430318,745.9211846918577,-0.9925746644744344,0.0026267304346674894,209.69230785469978,284.9693315604831,0.0,-1.0,-0.4632786401167682,-0.9823970265196542,0.06658814329705152,4.354165741341012,20.52580066892464,-0.4632786401167682,738.8090530048594,0.0,754,True
small_intestine_terminal_ileum,excluded_at_or_below_-1,ENSG00000216642.1,ENSG00000216642,0.3097796560235711,0.8386170232505604,-0.9207580974634595,0.009177649675326496,11.874050608176026,27.52927370452311,0.0,-0.9286066310224697,-0.7421047196438257,-0.8557408781159491,0.058600465727211545,0.5803976543552115,-0.6416639096978423,-0.7421047196438257,0.8385754137378758,0.0,15,True
small_intestine_terminal_ileum,raw,ENSG00000216642.1,ENSG00000216642,0.4126187296471557,185.47663095441183,-0.9967909330802052,0.002908164878203371,51.5281393510199,123.85153946762875,0.0,-1.0,-0.7421047196438257,-0.9895464404431846,0.04048350365441174,4.150665371682139,17.310419406805828,-0.7421047196438257,184.64232712267764,0.0,207,True
spleen,excluded_at_or_below_-1,ENSG00000216642.1,ENSG00000216642,0.2277683346372391,1.5332195466389764,-0.9082278090199648,0.07665264888558562,18.253682204676615,5.1982709308660535,0.0,-0.8913965944186365,-0.6264731666679346,-0.8077185312490209,0.08158043057138942,1.0569055904811966,-0.13717744757540817,-0.6264731666679346,1.4610480214911432,0.0,21,True
spleen,raw,ENSG00000216642.1,ENSG00000216642,0.5519831844867498,251.86438795338586,-0.9953330418875957,0.003550358110667469,38.878598254270244,146.92789343800095,0.0,-1.0,-0.6264731666679346,-0.9854227045351245,0.05551670793487077,4.225951251982324,18.647105386219007,-0.6264731666679346,250.05015429340312,0.0,277,True
stomach,excluded_at_or_below_-1,ENSG00000216642.1,ENSG00000216642,0.26197518603803105,1.2943418274782381,-0.844146737957809,0.03164212188395424,9.37437695499449,23.783992683256496,0.0,-0.8685869948684198,-0.311995148272987,-0.6992946640719528,0.15417116374170547,0.9727005048557865,0.5060275252237338,-0.311995148272987,1.294239745566842,0.0,15,True
stomach,raw,ENSG00000216642.1,ENSG00000216642,0.38461538461538464,580.479609798178,-0.9922089172379414,0.001289505458070719,13.230769230769234,745.9972591526646,0.0,-1.0,-0.311995148272987,-0.9889174937618657,0.06353947267449465,6.741040891247987,50.739842846811634,-0.311995148272987,559.2272501184157,0.0,407,True
testis,excluded_at_or_below_-1,ENSG00000216642.1,ENSG00000216642,0.878253345773341,8.858299187377702,-0.8349010287190057,0.08628823207634942,107.771887626924,9.952450412579712,0.0,-0.9478025439098452,-0.2276523261341014,-0.7687730104231906,0.13221787562952128,1.6710463765971362,3.263682143776297,-0.2276523261341014,8.85828469414569,0.0,108,True
testis,raw,ENSG00000216642.1,ENSG00000216642,2.8375025710234834,285.8522337056731,-0.9903599463267778,0.008145774801482276,813.6773923901313,132.4160668430845,0.0,-1.0,-0.2276523261341014,-0.9396799157625716,0.12191473686469861,2.4648505328106642,6.977817216287523,-0.2276523261341014,284.2312212602052,0.0,414,True
thyroid,excluded_at_or_below_-1,ENSG00000216642.1,ENSG00000216642,1.6861988546044775,16.910094478114164,-0.8274623599989168,0.02543813163999172,211.56454375719625,44.872751730165646,0.0,-0.9029717922570656,-0.0203148428691969,-0.7167812960497874,0.15158667300403234,1.79377205390802,4.077318141934538,-0.0203148428691969,16.906739246764367,0.0,102,True
thyroid,raw,ENSG00000216642.1,ENSG00000216642,2.6153849994446285,606.3272421556263,-0.9890609917670059,0.006130715699487514,551.2308338618614,223.4672115659369,0.0,-1.0,-0.0203148428691969,-0.9577656318670734,0.11657923320896403,3.4118767345312695,13.936960929370365,-0.0203148428691969,602.1501865789236,0.0,684,True
uterus,excluded_at_or_below_-1,ENSG00000216642.1,ENSG00000216642,0.2976181888028721,2.0489080854951016,-0.8186606774165457,0.011775993972714453,10.42988502727199,34.71419790528213,0.0,-0.8285382250271485,-0.5295995368811308,-0.7119462749162072,0.09508483950162357,0.26062510531654637,-1.0618114996168393,-0.5295995368811308,2.048749172979321,0.0,17,True
uterus,raw,ENSG00000216642.1,ENSG00000216642,0.43589743589743607,170.9047197089989,-0.9948443252817972,0.001504910396578823,23.589743596068246,437.20575728321205,0.0,-1.0,-0.5295995368811308,-0.9679940305462454,0.09592011801201134,2.9580662046661512,7.643972675574108,-0.5295995368811308,162.3271938914662,0.0,153,True
vagina,excluded_at_or_below_-1,ENSG00000216642.1,ENSG00000216642,0.2327408688871234,8.9274162404222,-1.2857777844069753,0.3660624419283541,22.431544705423033,4.067338948998311,0.0,-0.8858702229306035,-0.2329664782261706,-0.7063278363848066,0.17791108441171763,1.3390840563744024,0.9978815099895466,-0.2329664782261706,2.704238992013919,0.0,31,True
vagina,raw,ENSG00000216642.1,ENSG00000216642,,,,,,,,,,,,,,,,,170,False
whole_blood,excluded_at_or_below_-1,ENSG00000216642.1,ENSG00000216642,,,,,,,,,,,,,,,,,9,False
whole_blood,raw,ENSG00000216642.1,ENSG00000216642,0.23076923076923078,840.3901583030529,-0.995035638969435,0.0007305168647845523,8.923076923076923,786.2617304051549,0.0,-1.0,-0.5888894461470249,-0.9975692202554722,0.02446152599115551,11.448126470347315,146.11031804838333,-0.5888894461470249,800.996639654102,0.0,803,True
adipose_subcutaneous,excluded_at_or_below_-1,ENSG00000216663.3,ENSG00000216663,0.5251239481303821,10.89048523215341,-0.9439989817437897,0.012694880930397282,60.284754238227656,40.324981893420016,0.0,-0.974083884238199,-0.5820162817629084,-0.9010297621679636,0.0785414206580369,2.7994707508658627,8.388395224631115,-0.5820162817629084,10.890446971231992,0.0,46,True
adipose_subcutaneous,raw,ENSG00000216663.3,ENSG00000216663,1.179487189660071,747.8780078753349,-0.995494342839572,0.0021232218894618824,211.74358974559397,275.4051682589562,0.0,-1.0,-0.5820162817629084,-0.9936237661900928,0.031313917337233196,7.945343201234228,83.3278683758259,-0.5820162817629084,731.2015697796672,0.0,714,True
adipose_visceral_omentum,excluded_at_or_below_-1,ENSG00000216663.3,ENSG00000216663,0.22003803989344237,1.6712957316392798,-0.9326003964440553,0.04642562652368571,34.318530320862074,4.583758800050967,0.0,-0.964768838276343,-0.7821253339869167,-0.9081354516048978,0.048033563444231375,1.3543341959341602,1.259833843232573,-0.7821253339869167,1.6712319385735177,0.0,34,True
adipose_visceral_omentum,raw,ENSG00000216663.3,ENSG00000216663,0.8717948717948718,577.340901787862,-0.997254794090073,0.00010303539338421456,60.35897435897612,2952.7620572999713,0.0,-1.0,-0.7821253339869167,-0.9946790551185118,0.024314779911504856,5.536992233753441,34.87684325636039,-0.7821253339869167,44.93314286622268,0.0,587,True
adrenal_gland,excluded_at_or_below_-1,ENSG00000216663.3,ENSG00000216663,,,,,,,,,,,,,,,,,4,False
adrenal_gland,raw,ENSG00000216663.3,ENSG00000216663,0.10256410256429692,301.2452107368248,-0.9987070733652345,0.0004806970735913378,3.589743595791032,321.652139554263,0.0,-1.0,-0.8893761729185762,-0.998898066314403,0.00973468223153521,9.24023063425683,87.63351628247905,-0.8893761729185762,301.2451770657298,0.0,295,True
artery_aorta,excluded_at_or_below_-1,ENSG00000216663.3,ENSG00000216663,,,,,,,,,,,,,,,,,6,False
artery_aorta,raw,ENSG00000216663.3,ENSG00000216663,-0.2541367664532257,433.7846140830798,-0.9978939705951764,0.0022111760189068284,1162.3860331191088,107.99370440668244,0.0,-1.0,-0.8290417577962363,-0.9988144731095717,0.011356572841117015,11.019636040103997,134.456630552027,-0.8290417577962363,432.74742801192025,0.0,472,True
artery_coronary,excluded_at_or_below_-1,ENSG00000216663.3,ENSG00000216663,,,,,,,,,,,,,,,,,6,False
artery_coronary,raw,ENSG00000216663.3,ENSG00000216663,0.15384615384346845,290.690958503605,-0.9981403494962812,0.0008490608296851617,9.076923076962117,281.2742050521028,0.0,-1.0,-0.829269878822936,-0.998035979787929,0.014197454911732401,8.584603344541684,83.82455567622488,-0.829269878822936,283.3782260009256,0.0,268,True
artery_tibial,excluded_at_or_below_-1,ENSG00000216663.3,ENSG00000216663,0.05542369625887022,1.7643100747872607,-0.9379883680406012,0.028535369582528558,8.25182627077143,11.696817859706655,0.0,-0.9426814393214707,-0.7019752018210887,-0.8943598058780675,0.0752486439697139,1.8723854597688172,2.049867317797845,-0.7019752018210887,1.7642739677881667,0.0,11,True
artery_tibial,raw,ENSG00000216663.3,ENSG00000216663,0.2820512820512926,753.3126262990838,-0.9966768700322924,0.0012543487740214083,21.897435931653312,332.2609346538471,0.0,-1.0,-0.7019752018210887,-0.9983183181832977,0.01603563765803602,13.232581638891778,207.53446025770938,-0.7019752018210887,741.2105771640464,0.0,691,True
bladder,excluded_at_or_below_-1,ENSG00000216663.3,ENSG00000216663,,,,,,,,,,,,,,,,,4,False
bladder,raw,ENSG00000216663.3,ENSG00000216663,0.10526316195952225,72.60388666522768,-0.9985555770585111,0.0007116249230300458,3.6746225898664626,226.77020156074897,0.0,-1.0,-0.8844459888571484,-0.9965429373504043,0.016255064989039482,5.3170297525341965,30.109454467858335,-0.8844459888571484,71.3469419303944,0.0,77,True
brain_amygdala,excluded_at_or_below_-1,ENSG00000216663.3,ENSG00000216663,,,,,,,,,,,,,,,,,5,False
brain_amygdala,raw,ENSG00000216663.3,ENSG00000216663,0.1282051281766467,251.07501125487354,-0.9990157790514045,0.0005983188405301173,6.358974360843309,251.2853527423875,0.0,-1.0,-0.8927031506795362,-0.9984691164462086,0.010109507639477879,7.921399209435524,70.48903323560235,-0.8927031506795362,245.63080602781105,0.0,181,True
brain_anterior_cingulate_cortex_ba24,excluded_at_or_below_-1,ENSG00000216663.3,ENSG00000216663,,,,,,,,,,,,,,,,,4,False
brain_anterior_cingulate_cortex_ba24,raw,ENSG00000216663.3,ENSG00000216663,0.10256410256406964,235.79532072271954,-0.9983053149254348,0.0006521596087379115,3.589743589743909,309.8146095346426,0.0,-1.0,-0.855435397742377,-0.9985602821070073,0.012750912197354239,9.871986172875337,99.84972444251522,-0.855435397742377,235.77985137725497,0.0,233,True
brain_caudate_basal_ganglia,excluded_at_or_below_-1,ENSG00000216663.3,ENSG00000216663,,,,,,,,,,,,,,,,,9,False
brain_caudate_basal_ganglia,raw,ENSG00000216663.3,ENSG00000216663,0.23076923076923073,296.5146439084244,-0.998669890790122,0.00039732315629208045,10.92307692308048,389.8377032163048,0.0,-1.0,-0.8891450277817058,-0.9983799173885411,0.009941098592842453,7.174800756415315,59.26807708724408,-0.8891450277817058,294.2691242834487,0.0,300,True
brain_cerebellar_hemisphere,excluded_at_or_below_-1,ENSG00000216663.3,ENSG00000216663,,,,,,,,,,,,,,,,,7,False
brain_cerebellar_hemisphere,raw,ENSG00000216663.3,ENSG00000216663,-0.05172408658322735,256.04298496100915,-0.9959601008686231,0.0037928292191952203,216.64294695605534,119.4968115568076,0.0,-1.0,-0.6754773884041853,-0.9976782075586478,0.020932369316329344,13.558243956330081,201.93374710480475,-0.6754773884041853,254.955190362709,0.0,277,True
brain_cerebellum,excluded_at_or_below_-1,ENSG00000216663.3,ENSG00000216663,,,,,,,,,,,,,,,,,5,False
brain_cerebellum,raw,ENSG00000216663.3,ENSG00000216663,0.12820500951813155,372.0801075653307,-0.9990665031958607,0.0005608247159575049,6.3589743650902975,253.38035877928414,0.0,-1.0,-0.8985852381858214,-0.9987225892841693,0.009600121192017195,7.967646767964088,66.21678911513939,-0.8985852381858214,364.1446497856499,0.0,266,True
brain_cortex,excluded_at_or_below_-1,ENSG00000216663.3,ENSG00000216663,,,,,,,,,,,,,,,,,4,False
brain_cortex,raw,ENSG00000216663.3,ENSG00000216663,0.10256410235417725,283.451411629338,-0.9988032138899462,0.0005734511221445756,3.5897435914393223,261.77042650951114,0.0,-1.0,-0.8926576155022107,-0.9989633005939363,0.00926869246657798,9.752099091620329,98.2978426350291,-0.8926576155022107,280.60283516181346,0.0,270,True
brain_frontal_cortex_ba9,excluded_at_or_below_-1,ENSG00000216663.3,ENSG00000216663,,,,,,,,,,,,,,,,,4,False
brain_frontal_cortex_ba9,raw,ENSG00000216663.3,ENSG00000216663,0.1025783468465514,293.5773464456678,-0.9975582237029545,0.0005401300008331155,3.589743597656674,541.3420174156205,0.0,-1.0,-0.7908036909384325,-0.9983158186910706,0.015649600829004462,10.903436071906356,128.40937525535287,-0.7908036909384325,293.5687558714632,0.0,269,True
brain_hippocampus,excluded_at_or_below_-1,ENSG00000216663.3,ENSG00000216663,,,,,,,,,,,,,,,,,0,False
brain_hippocampus,raw,ENSG00000216663.3,ENSG00000216663,0.0,255.0,-0.9875,1.0001e-06,0.0,-17675.90193946968,0.0,-1.0,-1.0,-1.0,0.0,,,-1.0,2.08255709432785e-187,0.0,255,True
brain_hypothalamus,excluded_at_or_below_-1,ENSG00000216663.3,ENSG00000216663,,,,,,,,,,,,,,,,,2,False
brain_hypothalamus,raw,ENSG00000216663.3,ENSG00000216663,0.0512819601612075,286.4357812445443,-0.9994435716761934,0.0002888247613900726,1.8974359000438756,253.84509844752688,0.0,-1.0,-0.9476008005843092,-0.999660532532025,0.003918186779880219,11.852520634459601,142.79771238063708,-0.9476008005843092,283.0357359854642,0.0,257,True
brain_nucleus_accumbens_basal_ganglia,excluded_at_or_below_-1,ENSG00000216663.3,ENSG00000216663,,,,,,,,,,,,,,,,,8,False
brain_nucleus_accumbens_basal_ganglia,raw,ENSG00000216663.3,ENSG00000216663,0.2051282050998878,358.6039695804877,-0.9991062617336468,0.0004936287642607112,16.358974359468785,259.85087359576505,0.0,-1.0,-0.9084057699282204,-0.9985736091940425,0.00930909517856883,7.634604395385197,63.66442571486168,-0.9084057699282204,357.77598316712556,0.0,285,True
brain_putamen_basal_ganglia,excluded_at_or_below_-1,ENSG00000216663.3,ENSG00000216663,,,,,,,,,,,,,,,,,2,False
brain_putamen_basal_ganglia,raw,ENSG00000216663.3,ENSG00000216663,-0.21403559495465888,237.06705937343588,-0.9990905642001132,0.0010063856751685914,282.63894640604053,103.79160265886138,0.0,-1.0,-0.925230162279352,-0.9995479614548048,0.005313293450993623,12.475801228265418,161.12173633068826,-0.925230162279352,236.76951770424463,0.0,254,True
brain_spinal_cord_cervical_c-1,excluded_at_or_below_-1,ENSG00000216663.3,ENSG00000216663,,,,,,,,,,,,,,,,,3,False
brain_spinal_cord_cervical_c-1,raw,ENSG00000216663.3,ENSG00000216663,0.07692307692307682,213.84725326044327,-0.9987745887343232,0.0004608416844793716,2.7692307692307727,325.32718221318396,0.0,-1.0,-0.8927620806895882,-0.9989495429204973,0.009221542235314881,9.613796569451893,97.35492792604836,-0.8927620806895882,213.07122545992817,0.0,204,True
brain_substantia_nigra,excluded_at_or_below_-1,ENSG00000216663.3,ENSG00000216663,,,,,,,,,,,,,,,,,2,False
brain_substantia_nigra,raw,ENSG00000216663.3,ENSG00000216663,0.05128205128199546,202.6336504962914,-0.9993170979782819,0.0002935186223579817,1.8974358984016346,297.997922985239,0.0,-1.0,-0.9374679245950248,-0.9994866513681652,0.005161495568077225,10.738705653972682,119.25300655960805,-0.9374679245950248,197.3178634833655,0.0,183,True
breast_mammary_tissue,excluded_at_or_below_-1,ENSG00000216663.3,ENSG00000216663,0.07162482403274507,5.45530220184667,-1.0487949119746631,0.09897749210944529,15.753198195307352,4.7976373167591655,0.0,-0.9578361740588034,-0.7130195225301696,-0.9081316406359655,0.06063708641391175,2.110868655142909,4.143645417031787,-0.7130195225301696,2.3444080488940666,0.0,18,True
breast_mammary_tissue,raw,ENSG00000216663.3,ENSG00000216663,0.41781221174841787,457.85470434091917,-0.996414817737828,0.0030779580574691995,1454.788050770159,130.21017912275695,0.0,-1.0,-0.7130195225301696,-0.9967828201000922,0.020189301379279177,8.754736351855419,95.35859766027086,-0.7130195225301696,455.2722741572969,0.0,514,True
cells_cultured_fibroblasts,excluded_at_or_below_-1,ENSG00000216663.3,ENSG00000216663,0.3089733495759384,1.7106104528378756,-0.9496664007391151,0.02215967900264359,17.691436580033717,7.112134975573317,0.0,-0.9576484333285188,-0.8382245136893849,-0.9225252553531352,0.03360006526972472,1.10136385147728,0.06988754573466105,-0.8382245136893849,1.7106102749072738,0.0,28,True
cells_cultured_fibroblasts,raw,ENSG00000216663.3,ENSG00000216663,0.717948717948718,753.9421022883865,-0.9981805412824536,0.0004647188541807543,47.89743589743589,486.7716934020859,0.0,-1.0,-0.8382245136893849,-0.9966728637268217,0.017143557370902774,5.8822807253923965,37.65012711783803,-0.8382245136893849,736.5121723642303,0.0,652,True
cells_ebv-transformed_lymphocytes,excluded_at_or_below_-1,ENSG00000216663.3,ENSG00000216663,,,,,,,,,,,,,,,,,9,False
cells_ebv-transformed_lymphocytes,raw,ENSG00000216663.3,ENSG00000216663,0.23076922972316743,451.2888287044375,-0.9987541345722013,0.0007999427605104539,6.923076933846816,241.00958863778405,0.0,-1.0,-0.8624282777328116,-0.9980313079233414,0.013045448579452315,7.580232069800466,61.834719311316206,-0.8624282777328116,444.6314175141272,0.0,327,True
cervix_ectocervix,excluded_at_or_below_-1,ENSG00000216663.3,ENSG00000216663,,,,,,,,,,,,,,,,,0,False
cervix_ectocervix,raw,ENSG00000216663.3,ENSG00000216663,0.0,24.0,-0.9875,1.0001e-06,0.0,-17675.90193946968,0.0,-1.0,-1.0,-1.0,0.0,,,-1.0,1.9600537358379766e-188,0.0,24,True
cervix_endocervix,excluded_at_or_below_-1,ENSG00000216663.3,ENSG00000216663,,,,,,,,,,,,,,,,,0,False
cervix_endocervix,raw,ENSG00000216663.3,ENSG00000216663,0.0,23.0,-0.9875,1.0001e-06,0.0,-17675.90193946968,0.0,-1.0,-1.0,-1.0,0.0,,,-1.0,1.878384830178061e-188,0.0,23,True
colon_sigmoid,excluded_at_or_below_-1,ENSG00000216663.3,ENSG00000216663,0.1347299008210564,0.6003248879357481,-0.9530580459624789,0.03211428870027991,8.386483210137424,6.134281896706004,0.0,-0.9681065812017456,-0.8137593537132346,-0.9171452448593701,0.04952211528707953,0.9749404769927884,-0.3753930351496293,-0.8137593537132346,0.6003186611156777,0.0,12,True
colon_sigmoid,raw,ENSG00000216663.3,ENSG00000216663,0.3076923076923077,413.3533750677367,-0.9976510242069626,0.00016450474517383198,8.307692307692307,1580.8789840370084,0.0,-1.0,-0.8137593537132346,-0.9976270714518196,0.015999137488312647,8.194317447872123,74.31754385438583,-0.8137593537132346,203.7137585685325,0.0,419,True
colon_transverse,excluded_at_or_below_-1,ENSG00000216663.3,ENSG00000216663,,,,,,,,,,,,,,,,,7,False
colon_transverse,raw,ENSG00000216663.3,ENSG00000216663,0.17948717947559195,515.6602394725828,-0.9984338377675764,0.0007160926556284842,5.743589743755381,278.0719450115291,0.0,-1.0,-0.8576310036998949,-0.9991425440772614,0.008270174586397287,12.754715980168418,191.00724793014018,-0.8576310036998949,506.17297107065815,0.0,479,True
esophagus_gastroesophageal_junction,excluded_at_or_below_-1,ENSG00000216663.3,ENSG00000216663,,,,,,,,,,,,,,,,,6,False
esophagus_gastroesophageal_junction,raw,ENSG00000216663.3,ENSG00000216663,0.15384615287351205,437.9351159443457,-0.998546432671093,0.0007331575301324937,5.076923082877442,257.0149092401879,0.0,-1.0,-0.8653045934756269,-0.9988384888614215,0.010152087474998964,9.78091859206303,103.62430281592484,-0.8653045934756269,429.15037763296243,0.0,403,True
esophagus_mucosa,excluded_at_or_below_-1,ENSG00000216663.3,ENSG00000216663,,,,,,,,,,,,,,,,,9,False
esophagus_mucosa,raw,ENSG00000216663.3,ENSG00000216663,0.230769230769053,671.2940136970643,-0.9989463175719034,0.00043542802195432103,12.92307693939734,306.90444183493287,0.0,-1.0,-0.904452248505746,-0.9990829789528899,0.007774757103228352,8.8790583924745,81.35274245677574,-0.904452248505746,657.4299828724959,0.0,614,True
esophagus_muscularis,excluded_at_or_below_-1,ENSG00000216663.3,ENSG00000216663,0.34999342534290345,0.024509472455081803,-1.089420928803123,0.01698086577986417,15.100000001729043,17.54936204657234,,-0.9754349274750368,-0.878700731115987,-0.9247286712093455,0.029274175812960063,0.2679282273153351,-0.8986286781764217,-0.878700731115987,0.0,0.0,14,True
esophagus_muscularis,raw,ENSG00000216663.3,ENSG00000216663,0.35897434092593433,694.527723682041,-0.9988238388281969,0.0006949961973616447,18.97435901089208,244.43260081984826,0.0,-1.0,-0.878700731115987,-0.9981215711175239,0.012569950079618614,7.260623791081402,55.01394417079793,-0.878700731115987,692.3601466392873,0.0,561,True
fallopian_tube,excluded_at_or_below_-1,ENSG00000216663.3,ENSG00000216663,,,,,,,,,,,,,,,,,1,False
fallopian_tube,raw,ENSG00000216663.3,ENSG00000216663,0.03313732136528457,27.508583839404718,-0.9993093771015447,0.0006171709465749761,1.227520381371351,125.68110982050162,0.0,-1.0,-0.9444614166673702,-0.9980848764368059,0.010313256013827076,5.102520385624571,24.035714285714317,-0.9444614166673702,27.383939928801173,0.0,29,True
heart_atrial_appendage,excluded_at_or_below_-1,ENSG00000216663.3,ENSG00000216663,,,,,,,,,,,,,,,,,6,False
heart_atrial_appendage,raw,ENSG00000216663.3,ENSG00000216663,0.15382635212403523,468.05799809760424,-0.9988128521381692,0.0005430795060371257,7.076923110627409,263.36558259024895,0.0,-1.0,-0.8976764648868081,-0.9993644340272723,0.006184588253015594,12.139747523475698,171.4667704128281,-0.8976764648868081,467.94010226656707,0.0,461,True
heart_left_ventricle,excluded_at_or_below_-1,ENSG00000216663.3,ENSG00000216663,0.18070790293066843,2.816783693986373,-0.9599489307525721,0.00027844009025312894,5.743654153316237,338.0616392532056,0.0,-0.9705598361359856,-0.8933890307139738,-0.9490342224486413,0.025814651903205935,1.350638390305654,0.3247785843351325,-0.8933890307139738,2.738910339784723,0.0,10,True
heart_left_ventricle,raw,ENSG00000216663.3,ENSG00000216663,0.25641025641023135,486.0129363179612,-0.9988169337210645,0.0004839855679066489,11.435897435897946,308.06201707638695,0.0,-1.0,-0.8933890307139738,-0.9988724385497487,0.00834377772194293,8.912818756197186,89.88437042400767,-0.8933890307139738,477.89739617897334,0.0,452,True
kidney_cortex,excluded_at_or_below_-1,ENSG00000216663.3,ENSG00000216663,,,,,,,,,,,,,,,,,1,False
kidney_cortex,raw,ENSG00000216663.3,ENSG00000216663,0.025640974751102906,134.90468323935278,-0.9994825227621301,0.0003336645122169927,0.9743589782580285,232.06740127756026,0.0,-1.0,-0.9447293664433576,-0.9994685516004169,0.005419731519883766,10.050358637275805,99.00970873786432,-0.9447293664433576,133.33026360449765,0.0,104,True
kidney_medulla,excluded_at_or_below_-1,ENSG00000216663.3,ENSG00000216663,,,,,,,,,,,,,,,,,0,False
kidney_medulla,raw,ENSG00000216663.3,ENSG00000216663,0.0,11.0,-0.9875,1.0001e-06,0.0,-17675.90193946968,0.0,-1.0,-1.0,-1.0,0.0,,,-1.0,8.983579622590726e-189,0.0,11,True
liver,excluded_at_or_below_-1,ENSG00000216663.3,ENSG00000216663,,,,,,,,,,,,,,,,,3,False
liver,raw,ENSG00000216663.3,ENSG00000216663,0.07692307692208075,285.2037230047742,-0.9988145996288116,0.0005257238932862015,2.7692307692367777,287.0891860015351,0.0,-1.0,-0.8920912244606165,-0.9991628565900582,0.008359949429064718,10.854729313241366,123.04805047372989,-0.8920912244606165,279.36090771797893,0.0,262,True
lung,excluded_at_or_below_-1,ENSG00000216663.3,ENSG00000216663,0.42887861562492957,2.719660023227716,-0.9355887822049456,0.006131327511577219,12.046331320494646,25.081703311554836,0.0,-0.9605106280981496,-0.8268469757034587,-0.9141621341989643,0.03605195124106941,1.066316847486941,0.16051824868359166,-0.8268469757034587,2.7193019415981645,0.0,26,True
lung,raw,ENSG00000216663.3,ENSG00000216663,0.6666666659066229,683.2690938790469,-0.99822932874617,0.0009592925416510291,32.66666670343565,252.6562414498433,0.0,-1.0,-0.8268469757034587,-0.9963049925317434,0.01891846600289647,5.7882695781163855,36.29353473820314,-0.8268469757034587,682.2940974405233,0.0,604,True
minor_salivary_gland,excluded_at_or_below_-1,ENSG00000216663.3,ENSG00000216663,,,,,,,,,,,,,,,,,3,False
minor_salivary_gland,raw,ENSG00000216663.3,ENSG00000216663,0.07691228785470827,231.85969602589432,-0.9992893697338278,0.00042744751292724046,2.7692307772350206,243.95579463852627,0.0,-1.0,-0.9255534783119944,-0.9990495094790314,0.007510649832143413,8.12295789696468,66.93602108787988,-0.9255534783119944,230.30350549012698,0.0,181,True
muscle_skeletal,excluded_at_or_below_-1,ENSG00000216663.3,ENSG00000216663,0.2631574304357073,13.2334442484585,-0.9562517824453911,0.001816043117824971,11.368424280373453,130.01332095933068,0.0,-0.9744991280126548,-0.7892969440562289,-0.9177656663096352,0.06439814318753453,1.058990467517125,-0.602398138389852,-0.7892969440562289,13.233327493068833,0.0,16,True
muscle_skeletal,raw,ENSG00000216663.3,ENSG00000216663,0.05430786755590427,735.2279213991907,-0.9973894950244293,0.0026629818780514276,4692.118233688435,110.51044328674936,0.0,-1.0,-0.7892969440562289,-0.9983915044754941,0.01435219719133009,11.40766018771023,141.6140071583946,-0.7892969440562289,732.9543810401773,0.0,818,True
nerve_tibial,excluded_at_or_below_-1,ENSG00000216663.3,ENSG00000216663,0.08184177997027257,3.069666730501401,-0.9311130043383624,0.09656170095752492,50.80578333756801,5.099524366870235,0.0,-0.958616820980594,-0.582920369194176,-0.8807876126176893,0.06940994483884269,2.200957345191835,6.688185082300567,-0.582920369194176,3.0696569470641863,0.0,40,True
nerve_tibial,raw,ENSG00000216663.3,ENSG00000216663,1.0256410256399708,670.5040128499957,-0.9943296997471855,0.0018065381451098615,86.97435897444032,322.06386371073245,0.0,-1.0,-0.582920369194176,-0.9928828425443397,0.03286102175350273,6.223919946769814,50.5881284288134,-0.582920369194176,668.4545120948533,0.0,670,True
ovary,excluded_at_or_below_-1,ENSG00000216663.3,ENSG00000216663,,,,,,,,,,,,,,,,,1,False
ovary,raw,ENSG00000216663.3,ENSG00000216663,-0.21613075852369373,182.12286272564089,-0.9991197008373277,0.0009097481715794441,117.74397606865736,109.6112100030619,0.0,-1.0,-0.9286080040625032,-0.999630093285298,0.0051389083153197,13.78423767690232,188.00520833333348,-0.9286080040625032,181.65778951931438,0.0,193,True
pancreas,excluded_at_or_below_-1,ENSG00000216663.3,ENSG00000216663,,,,,,,,,,,,,,,,,3,False
pancreas,raw,ENSG00000216663.3,ENSG00000216663,0.07692298957159083,400.5229075430952,-0.9994557330450541,0.0002967939975657343,4.769230798892455,242.34552652262778,0.0,-1.0,-0.9485958774175008,-0.9996342371391562,0.00403419749217452,11.082218855783283,122.64520586162692,-0.9485958774175008,396.6205359773606,0.0,362,True
pituitary,excluded_at_or_below_-1,ENSG00000216663.3,ENSG00000216663,,,,,,,,,,,,,,,,,3,False
pituitary,raw,ENSG00000216663.3,ENSG00000216663,-0.27696595128844836,289.1458555937218,-0.9986654098834483,0.0016616385759585246,656.093916125334,95.23576454712733,0.0,-1.0,-0.8867675859671893,-0.9992295921096104,0.008178544471032204,11.365966909669996,135.79058856889992,-0.8867675859671893,289.1323892464997,0.0,313,True
prostate,excluded_at_or_below_-1,ENSG00000216663.3,ENSG00000216663,,,,,,,,,,,,,,,,,3,False
prostate,raw,ENSG00000216663.3,ENSG00000216663,0.07692305919410666,316.03022668060726,-0.9990222217746539,0.0005133097436882025,2.769230773579355,252.79966114648195,0.0,-1.0,-0.9072648431720785,-0.9993170838770946,0.007109759960377757,11.206045217961812,129.46071129739198,-0.9072648431720785,313.1776473045388,0.0,282,True
skin_not_sun_exposed_suprapubic,excluded_at_or_below_-1,ENSG00000216663.3,ENSG00000216663,0.23076923080383377,2.410230543568256,-0.9686734608584541,0.0009905838673236217,6.923076928477945,214.1357042526969,0.0,-0.9700143077438784,-0.8186824130461556,-0.8979005339825225,0.050463199728542824,-0.01849356738855331,-1.1088374457344548,-0.8186824130461556,2.3954686906273053,0.0,11,True
skin_not_sun_exposed_suprapubic,raw,ENSG00000216663.3,ENSG00000216663,0.2820512775906948,716.1945941143592,-0.9980781965133809,0.001025662508955076,11.897435965151026,247.35617008207254,0.0,-1.0,-0.8186824130461556,-0.9982748170104575,0.014581079044056248,9.320269186517454,91.02496757973893,-0.8186824130461556,708.6427133182251,0.0,651,True
skin_sun_exposed_lower_leg,excluded_at_or_below_-1,ENSG00000216663.3,ENSG00000216663,0.16055293074288815,0.7112246014036001,-0.9686723685398256,0.09414754216087215,11.000906769369525,4.001611379490421,0.0,-0.9642212727671446,-0.7022756332194435,-0.8761424024311247,0.07650820836982938,0.9622046143813804,-0.05060291957114371,-0.7022756332194435,0.7093995932216294,0.0,15,True
skin_sun_exposed_lower_leg,raw,ENSG00000216663.3,ENSG00000216663,-0.35080754462295793,678.9242419356126,-0.9963394077311165,0.0039232453402544415,4007.386353086633,106.00126733090327,0.0,-1.0,-0.7022756332194435,-0.9975359894382849,0.02020748464206289,10.064727270426454,113.86435659973932,-0.7022756332194435,677.4752496537845,0.0,754,True
small_intestine_terminal_ileum,excluded_at_or_below_-1,ENSG00000216663.3,ENSG00000216663,,,,,,,,,,,,,,,,,6,False
small_intestine_terminal_ileum,raw,ENSG00000216663.3,ENSG00000216663,0.1538149974368047,206.23107207034755,-0.9992919305493612,0.00024695926280624513,5.07692311478123,338.7290630761323,0.0,-1.0,-0.940140836305886,-0.9985862032003058,0.008258786034754209,5.743836467147207,31.562067504910118,-0.940140836305886,205.9842197360048,0.0,207,True
spleen,excluded_at_or_below_-1,ENSG00000216663.3,ENSG00000216663,,,,,,,,,,,,,,,,,1,False
spleen,raw,ENSG00000216663.3,ENSG00000216663,0.02564102564103941,276.8154548203443,-0.9970868112414559,0.0009173511971440552,0.9743589747428774,361.0342302818731,0.0,-1.0,-0.7628964511919435,-0.9991440305097183,0.014246171549480803,16.553054799293292,272.0036231884061,-0.7628964511919435,270.22838927624235,0.0,277,True
stomach,excluded_at_or_below_-1,ENSG00000216663.3,ENSG00000216663,0.10635873995742093,1.1163755306064849,-0.9445594536431987,0.02112958031758246,9.781291411103787,8.316805306710968,0.0,-0.9446127396990522,-0.8202991506809192,-0.9102868135434562,0.040094240846248116,1.2141833232611243,0.20472509420650553,-0.8202991506809192,1.1163684306720683,0.0,11,True
stomach,raw,ENSG00000216663.3,ENSG00000216663,0.28205128205128205,420.6834685383183,-0.9979072322076415,0.0006205645071985419,15.897435897435898,404.75366342825106,0.0,-1.0,-0.8202991506809192,-0.9975753192849582,0.01586703614233155,7.572207625619306,63.58584463263227,-0.8202991506809192,420.62617772496907,0.0,407,True
testis,excluded_at_or_below_-1,ENSG00000216663.3,ENSG00000216663,0.02141980902017899,4.942566761769229,-0.9057252272343141,0.061153138335941264,37.054269390707205,4.6819587176042035,0.0,-0.9798299527192124,-0.7032689103394543,-0.8977119209570867,0.04464575232700451,1.2502302224640731,3.3830739975866555,-0.7032689103394543,4.942411135922313,0.0,75,True
testis,raw,ENSG00000216663.3,ENSG00000216663,1.9736852244110799,328.85500443700755,-0.9963035178874584,0.0031487675979928694,274.2481190474814,131.6113378781038,0.0,-1.0,-0.7032689103394543,-0.981469550898023,0.04373748253307972,2.525197190552005,6.637977370496024,-0.7032689103394543,327.12263433988795,0.0,414,True
thyroid,excluded_at_or_below_-1,ENSG00000216663.3,ENSG00000216663,,,,,,,,,,,,,,,,,9,False
thyroid,raw,ENSG00000216663.3,ENSG00000216663,0.23076923076785374,722.2268561470943,-0.9968354641138896,0.0013422164118287907,10.923076923101945,292.9040865277844,0.0,-1.0,-0.7188430289617264,-0.9985650059504565,0.01479260128743649,13.613880282503102,217.6318134390003,-0.7188430289617264,716.3710731367787,0.0,684,True
uterus,excluded_at_or_below_-1,ENSG00000216663.3,ENSG00000216663,,,,,,,,,,,,,,,,,3,False
uterus,raw,ENSG00000216663.3,ENSG00000216663,0.07692307692307693,158.5430702700212,-0.9990824731459409,0.00015959422795141907,2.7692307692308167,669.0586862425722,0.0,-1.0,-0.9235790928036556,-0.9986336086373566,0.009757203972832728,7.061936684366402,48.419465772214615,-0.9235790928036556,154.86198575517082,0.0,153,True
vagina,excluded_at_or_below_-1,ENSG00000216663.3,ENSG00000216663,,,,,,,,,,,,,,,,,6,False
vagina,raw,ENSG00000216663.3,ENSG00000216663,0.15384615384620284,183.41428717254257,-0.9982107746647865,0.0007191182265698606,7.076923083680754,315.9769726059172,0.0,-1.0,-0.8375385776056732,-0.99660664749813,0.019968809164978743,6.693719279220548,46.92257519972854,-0.8375385776056732,179.22403384389492,0.0,170,True
whole_blood,excluded_at_or_below_-1,ENSG00000216663.3,ENSG00000216663,,,,,,,,,,,,,,,,,6,False
whole_blood,raw,ENSG00000216663.3,ENSG00000216663,0.15802633998546406,735.5613538691482,-0.9983067657693586,0.0018691460242154583,4303.462203329652,103.35256550939557,0.0,-1.0,-0.8617071445705698,-0.9992580168160405,0.008933016597160831,12.864031775923781,173.14179556941627,-0.8617071445705698,734.3101080435747,0.0,803,True
adipose_subcutaneous,excluded_at_or_below_-1,ENSG00000216687.2,ENSG00000216687,1.386108449912063,23.16578716147522,-0.9043405191372756,0.07176578510060502,331.3321150595656,11.129314702274145,0.0,-0.9753285560522924,-0.3395714994567121,-0.855749956118263,0.10367628819153148,2.0196804492802682,5.147401592187178,-0.3395714994567121,23.16571872089087,0.0,226,True
adipose_subcutaneous,raw,ENSG00000216687.2,ENSG00000216687,5.7948718246871325,483.5388262782551,-0.991867713573202,0.0023417394990102544,2866.358974358975,393.9320121123878,0.0,-1.0,-0.3395714994567121,-0.9543410225248283,0.08888109919424493,2.779920526792094,9.932573530757717,-0.3395714994567121,468.6293929901983,0.0,714,True
adipose_visceral_omentum,excluded_at_or_below_-1,ENSG00000216687.2,ENSG00000216687,0.6916871107917066,12.516158992353265,-0.9154620774509309,0.08999234699964435,130.64189095989622,6.9985634028785455,0.0,-0.961319409703032,-0.4701141024293898,-0.8616053821678561,0.09130479440251753,1.875489578427164,4.0065296057184465,-0.4701141024293898,12.516152455691604,0.0,152,True
adipose_visceral_omentum,raw,ENSG00000216687.2,ENSG00000216687,4.000000355118381,419.27475153044236,-0.9933809960877521,0.005030617274867641,1202.905440637809,147.10145839348638,0.0,-1.0,-0.4701141024293898,-0.9641635742581162,0.07635280135711835,2.8628457405507954,9.98471922055999,-0.4701141024293898,416.2693531760999,0.0,587,True
adrenal_gland,excluded_at_or_below_-1,ENSG00000216687.2,ENSG00000216687,0.07641637142993626,4.7362758803919425,-0.9362878587493796,0.05801761633273145,45.220436605380115,7.663006497793898,0.0,-0.9679922824524156,-0.62191569971125,-0.9111710734211962,0.05645180212855125,3.1125478998923,12.977838863332911,-0.62191569971125,4.736268540637091,0.0,47,True
adrenal_gland,raw,ENSG00000216687.2,ENSG00000216687,1.2051282237989664,294.7854284285495,-0.9960243188067138,0.0017801032159824462,192.35897435897823,297.2128122545296,0.0,-1.0,-0.62191569971125,-0.9858475947484617,0.03948497217535335,4.272410408918808,26.898542616224052,-0.62191569971125,291.49747211178556,0.0,295,True
artery_aorta,excluded_at_or_below_-1,ENSG00000216687.2,ENSG00000216687,0.4961021831482573,2.2149955555434864,-0.8763620227723761,0.0526040458066605,37.15404941078865,4.582283776122626,0.0,-0.9694421485933672,-0.7059162909030056,-0.8610886857307699,0.05634780682234749,0.5751221127554841,-0.024520948201664616,-0.7059162909030056,2.2149062528785435,0.0,51,True
artery_aorta,raw,ENSG00000216687.2,ENSG00000216687,2.0559610251585663,400.52640395985014,-0.9963581027525601,0.003495343281720736,470.9145132938753,117.5125635144044,0.0,-1.0,-0.7059162909030056,-0.9849905147717569,0.046911703396269266,3.287501919518927,10.468744212248776,-0.7059162909030056,399.14847256604355,0.0,472,True
artery_coronary,excluded_at_or_below_-1,ENSG00000216687.2,ENSG00000216687,0.48101327534156474,5.8990744082726625,-0.9026677114730467,0.06156197722639572,62.57858181266338,9.725102764004182,0.0,-0.9477941953506132,-0.4793253176429722,-0.8474669639187414,0.0971449637402036,1.631747999477801,2.3891528929889407,-0.4793253176429722,5.898988856633404,0.0,66,True
artery_coronary,raw,ENSG00000216687.2,ENSG00000216687,1.7396978575356319,188.97836063675504,-0.9935014737222779,0.005548794272647467,368.93010597084,131.04736950884933,0.0,-1.0,-0.4793253176429722,-0.9624358940993916,0.08143900815342174,2.762558048458457,8.595922895528552,-0.4793253176429722,187.9300560527356,0.0,268,True
artery_tibial,excluded_at_or_below_-1,ENSG00000216687.2,ENSG00000216687,0.45960733012796484,10.6723579812359,-0.8855117137156477,0.072488841027304,75.28981802380221,10.65472145218029,0.0,-0.9679104444666948,-0.3393789158931762,-0.8455556214654806,0.10722622512742501,2.3874166075755223,6.974757033019653,-0.3393789158931762,10.67185816684195,0.0,101,True
artery_tibial,raw,ENSG00000216687.2,ENSG00000216687,2.5897435740138115,708.7656258904937,-0.9931570331530964,0.003264709933586959,569.4358974360765,283.2049091711748,0.0,-1.0,-0.3393789158931762,-0.9774256407641295,0.06817253512683119,4.45190112018762,26.276688308293675,-0.3393789158931762,705.385414631682,0.0,691,True
bladder,excluded_at_or_below_-1,ENSG00000216687.2,ENSG00000216687,0.018451365831163354,1.3276236239259473,-0.9371538692487702,0.10833658606113435,11.986933577462977,4.141540017683878,0.0,-0.9574523123898332,-0.6198889819013871,-0.8793386475800333,0.07537168185649676,2.162944865716321,5.472897041191388,-0.6198889819013871,1.3273732946134906,0.0,19,True
bladder,raw,ENSG00000216687.2,ENSG00000216687,0.48717948728372856,57.77283820031771,-0.995162816232579,0.001277509560122109,23.743589744560403,415.43121294857286,0.0,-1.0,-0.6198889819013871,-0.9702264195327356,0.06393070012753381,2.8811122569950487,10.544373333999461,-0.6198889819013871,55.77883206976925,0.0,77,True
brain_amygdala,excluded_at_or_below_-1,ENSG00000216687.2,ENSG00000216687,0.32231236832486465,5.100493615915649,-0.9173338831612868,0.09520965282138019,84.65470913592071,5.447672722423553,0.0,-0.9741972495170956,-0.5505780816428067,-0.8754331306722929,0.07391266086549168,1.4513854482521762,3.265550205864577,-0.5505780816428067,5.100445592560732,0.0,78,True
brain_amygdala,raw,ENSG00000216687.2,ENSG00000216687,2.0,122.86028865630053,-0.9949496513395418,0.0012819208224819306,248.0,490.2301995387098,0.0,-1.0,-0.5505780816428067,-0.9463192496819826,0.07850697423539058,1.682605848479751,3.2404795776440194,-0.5505780816428067,119.85720265082252,0.0,181,True
brain_anterior_cingulate_cortex_ba24,excluded_at_or_below_-1,ENSG00000216687.2,ENSG00000216687,0.16373282202132827,6.129028083393529,-0.937502460409777,0.05681392944264621,31.347956328489087,5.846359497573562,0.0,-0.9710886019308936,-0.7026336507555103,-0.9143935264356852,0.05111166920097105,2.208869360294618,5.918501650194267,-0.7026336507555103,6.129026492882513,0.0,80,True
brain_anterior_cingulate_cortex_ba24,raw,ENSG00000216687.2,ENSG00000216687,2.0512820427927103,176.43206264953824,-0.9967968652638095,0.0013012466269912467,285.8974358990172,319.7008152642083,0.0,-1.0,-0.7026336507555103,-0.9706072193770593,0.05048729342750472,2.292009115556679,6.847857855650414,-0.7026336507555103,171.2575474908058,0.0,233,True
brain_caudate_basal_ganglia,excluded_at_or_below_-1,ENSG00000216687.2,ENSG00000216687,0.9497785022719153,13.454541058360492,-0.9312724729969749,0.03437712909182241,97.32646177403888,11.617749764651458,0.0,-0.9761130523506352,-0.6488647136301844,-0.9036703092070215,0.06362812682075017,1.8337086133340195,3.259784950285721,-0.6488647136301844,13.454520998920463,0.0,135,True
brain_caudate_basal_ganglia,raw,ENSG00000216687.2,ENSG00000216687,3.4615150635830116,202.4046933560519,-0.9948827932941123,0.0015330016931839247,869.6923077151685,319.2060799820076,0.0,-1.0,-0.6488647136301844,-0.9566516391431598,0.06417733335023608,1.9761954100979626,4.476202129357375,-0.6488647136301844,200.24940859032503,0.0,300,True
brain_cerebellar_hemisphere,excluded_at_or_below_-1,ENSG00000216687.2,ENSG00000216687,0.4933837493012729,3.9781843774014565,-0.9112517304468823,0.04609555309957717,44.698740909791184,7.525724503265654,0.0,-0.9693941258022492,-0.6659546673421008,-0.887370761425971,0.05860806759998553,1.2519794228473968,1.941102960521353,-0.6659546673421008,3.978160076246007,0.0,61,True
brain_cerebellar_hemisphere,raw,ENSG00000216687.2,ENSG00000216687,1.582954375255923,202.02087151105746,-0.9958354989705279,0.003723532528309199,285.137596884838,125.29014920884222,0.0,-1.0,-0.6659546673421008,-0.9751971712887518,0.05415675908643491,2.4526259970799535,6.28235314476774,-0.6659546673421008,201.032241039767,0.0,277,True
brain_cerebellum,excluded_at_or_below_-1,ENSG00000216687.2,ENSG00000216687,0.3737371194721619,6.83601357657262,-0.8742131411964795,0.07280825018621997,49.074161262062184,9.7891583970961,0.0,-0.9660590427897638,-0.3702358688442593,-0.8340242937844863,0.11411134197682465,1.992320442340554,4.258214460685306,-0.3702358688442593,6.8358698678827405,0.0,72,True
brain_cerebellum,raw,ENSG00000216687.2,ENSG00000216687,1.8579526381558942,183.7759378710807,-0.9921357414499644,0.006369199602052515,336.74988267386095,138.08630428125758,0.0,-1.0,-0.3702358688442593,-0.9550742449341466,0.09459140663487431,2.9240153460486393,10.472910477309,-0.3702358688442593,182.62540481923497,0.0,266,True
brain_cortex,excluded_at_or_below_-1,ENSG00000216687.2,ENSG00000216687,0.4447661102717981,9.378994496318379,-0.94666922891774,0.09381309351551953,184.36760462382642,5.155924068018234,0.0,-0.9705230842201912,-0.6046464965517315,-0.8919703932647339,0.06920120269972631,1.7988610459185688,4.069468272104237,-0.6046464965517315,9.378977558389526,0.0,127,True
brain_cortex,raw,ENSG00000216687.2,ENSG00000216687,3.256410252963105,182.96441186283127,-0.9941875434841401,0.0016769580041702658,695.435897437294,328.5080665722461,0.0,-1.0,-0.6046464965517315,-0.9491860738689676,0.0718418084217691,1.8422435129373882,4.221403179041768,-0.6046464965517315,181.90574354244353,0.0,270,True
brain_frontal_cortex_ba9,excluded_at_or_below_-1,ENSG00000216687.2,ENSG00000216687,0.4798231195229575,8.113274530257414,-0.9327573679912746,0.05893978552778542,91.70051737981512,7.560716799752278,0.0,-0.964152313955382,-0.6176514755927127,-0.8938305021812366,0.06848514977286314,1.858109833124275,3.543054144450685,-0.6176514755927127,8.113216368307603,0.0,95,True
brain_frontal_cortex_ba9,raw,ENSG00000216687.2,ENSG00000216687,2.4358974495075647,198.84237401150008,-0.9957755528973258,0.0014445873880870714,453.58974359601746,370.1736584396686,0.0,-1.0,-0.6176514755927127,-0.9625051959376116,0.06503558915646919,2.2863374135700028,6.138306742668588,-0.6176514755927127,193.26176138513384,0.0,269,True
brain_hippocampus,excluded_at_or_below_-1,ENSG00000216687.2,ENSG00000216687,0.9638863154287426,7.288456189210677,-0.9227721108733477,0.04495224051988356,94.30562582949325,7.321786799721063,0.0,-0.9757626007441272,-0.6900415459761493,-0.893576857541599,0.06367273470555812,1.227742226934369,0.8687491815388397,-0.6900415459761493,7.288449253681255,0.0,116,True
brain_hippocampus,raw,ENSG00000216687.2,ENSG00000216687,2.972629956775649,145.24070450406938,-0.9961153362758687,3.977744910351381e-05,384.9744755649293,10881.88697576801,,-1.0,-0.6900415459761493,-0.9515879038228451,0.06822802900941691,1.5438955899387037,1.9542945799031264,-0.6900415459761493,0.0,0.0,255,True
brain_hypothalamus,excluded_at_or_below_-1,ENSG00000216687.2,ENSG00000216687,0.8734768085343313,12.079290554711426,-0.945774056613186,0.07980022518886394,65.5670754456341,7.687999217664018,0.0,-0.9722160572768448,-0.5119611692640369,-0.8810207094447161,0.0877268015728221,1.7890526094587913,3.4780780712159407,-0.5119611692640369,12.079099523321153,0.0,136,True
brain_hypothalamus,raw,ENSG00000216687.2,ENSG00000216687,3.4871794982714044,183.27626777116532,-0.9952056063787822,0.0019591259962703717,833.7435898294375,348.83455082013523,0.0,-1.0,-0.5119611692640369,-0.9370381964376708,0.08717323177443445,1.9542455847940952,4.512071619514261,-0.5119611692640369,182.85355118642389,0.0,257,True
brain_nucleus_accumbens_basal_ganglia,excluded_at_or_below_-1,ENSG00000216687.2,ENSG00000216687,0.51294517247882,3.4640985859202913,-0.943636030585375,0.05513434630446819,72.80605293271945,3.746518279616696,0.0,-0.9760534553818396,-0.7975747554284673,-0.9186881068113052,0.04314363731731307,1.0196591846451073,0.5411988563914791,-0.7975747554284673,3.4609925582512693,0.0,81,True
brain_nucleus_accumbens_basal_ganglia,raw,ENSG00000216687.2,ENSG00000216687,2.0185614208131226,189.69265059880559,-0.9974849075823088,0.00237140407354586,323.7229858835877,119.2186736903504,0.0,-1.0,-0.7975747554284673,-0.9768903040411079,0.043290895900792666,1.9983167798588273,3.538679588841717,-0.7975747554284673,188.9400123733909,0.0,285,True
brain_putamen_basal_ganglia,excluded_at_or_below_-1,ENSG00000216687.2,ENSG00000216687,0.10705364151728854,12.37449953863224,-0.9553850890432991,0.09596596329707123,67.38744073108546,9.034899310478652,0.0,-0.970296939190482,-0.3422932345378147,-0.8971176420645454,0.08459203262058208,3.990284249856475,21.608890585649476,-0.3422932345378147,12.374425985363173,0.0,83,True
brain_putamen_basal_ganglia,raw,ENSG00000216687.2,ENSG00000216687,2.128205128212041,188.97431661279913,-0.9928343567931652,0.003147864326085956,650.3589743590801,292.26293851071415,0.0,-1.0,-0.3422932345378147,-0.9663809617769971,0.06824254568693927,4.235362782469685,29.137338532267293,-0.3422932345378147,183.87931012798072,0.0,254,True
brain_spinal_cord_cervical_c-1,excluded_at_or_below_-1,ENSG00000216687.2,ENSG00000216687,0.8061009516917842,11.663738084419812,-0.8857812150154497,0.09309078677723966,193.21082705662408,12.034474689103892,0.0,-0.9676184053618055,-0.0936103950866964,-0.8136866883172171,0.13476817621215326,2.270413105071314,7.815524762655613,-0.0936103950866964,11.663716401263978,0.0,111,True
brain_spinal_cord_cervical_c-1,raw,ENSG00000216687.2,ENSG00000216687,2.8420983452789925,334.6875790750209,-1.0046706421722804,0.013970959689254664,729.0526056813198,92.22228008848779,0.0,-1.0,-0.0936103950866964,-0.8986236392314269,0.1359953805495648,2.137600994864322,7.098151427086014,-0.0936103950866964,299.2962278887735,0.0,204,True
brain_substantia_nigra,excluded_at_or_below_-1,ENSG00000216687.2,ENSG00000216687,0.6847754990791991,7.1482838385804355,-0.9396723710378903,0.04612621514653137,55.9292679550348,12.312081652400007,0.0,-0.977041380071792,-0.5380995518327812,-0.8826679420513686,0.09584726248707719,1.8392651984651713,3.35064554003465,-0.5380995518327812,7.148283801243884,0.0,74,True
brain_substantia_nigra,raw,ENSG00000216687.2,ENSG00000216687,1.8974358834536622,136.19397893028352,-0.9952366734289759,0.002061270627470314,259.58974358974365,313.6364088295087,0.0,-1.0,-0.5380995518327812,-0.9525542497912637,0.08377828710169816,2.545201613862405,7.47347991813413,-0.5380995518327812,135.59707406880497,0.0,183,True
breast_mammary_tissue,excluded_at_or_below_-1,ENSG00000216687.2,ENSG00000216687,0.678863969625442,21.633566525841477,-0.8946008984072304,0.09147281924202585,239.31101848819085,12.113555582900421,0.0,-0.9737934263651564,-0.1110833946198098,-0.8481017511290669,0.11372262217044532,2.8300580121963663,12.148782047400788,-0.1110833946198098,21.63356535855758,0.0,172,True
breast_mammary_tissue,raw,ENSG00000216687.2,ENSG00000216687,4.394736511955219,392.63451539331066,-0.9928939389629275,0.010307469367933203,2083.078943967855,120.98686755580377,0.0,-1.0,-0.1110833946198098,-0.9491702357863805,0.097253516033208,3.2091955218869,16.069376188816868,-0.1110833946198098,392.2704433259957,0.0,514,True
cells_cultured_fibroblasts,excluded_at_or_below_-1,ENSG00000216687.2,ENSG00000216687,1.2215735630427336,11.644669054543076,-0.8982880586609944,0.08000117120068057,107.06290674704573,8.324092502613684,0.0,-0.9570657520393442,-0.4273993844819437,-0.8340720078491366,0.10801315379446598,1.465789136428327,1.7624890656914616,-0.4273993844819437,11.644352490422012,0.0,155,True
cells_cultured_fibroblasts,raw,ENSG00000216687.2,ENSG00000216687,4.000015205394847,468.5421340934557,-0.9928668625866921,0.006282620131896994,1464.5757349051578,127.28634866153922,0.0,-1.0,-0.4273993844819437,-0.9605539282463438,0.08807256551256377,2.809241319912316,8.658864251356606,-0.4273993844819437,466.2325173399667,0.0,652,True
cells_ebv-transformed_lymphocytes,excluded_at_or_below_-1,ENSG00000216687.2,ENSG00000216687,,,,,,,,,,,,,,,,,9,False
cells_ebv-transformed_lymphocytes,raw,ENSG00000216687.2,ENSG00000216687,0.23076923076923078,388.7939458973683,-0.9987833272339547,0.0003575277785675205,8.923076923076923,431.0087780427074,0.0,-1.0,-0.8898198615618181,-0.9981795504018166,0.011624093123255736,6.9637406637209835,50.470021568543594,-0.8898198615618181,373.7978273114721,0.0,327,True
cervix_ectocervix,excluded_at_or_below_-1,ENSG00000216687.2,ENSG00000216687,,,,,,,,,,,,,,,,,9,False
cervix_ectocervix,raw,ENSG00000216687.2,ENSG00000216687,0.2307692307836349,16.956413874680845,-0.9970899766983776,0.0011128280516631485,8.92307692316022,334.1969979119718,0.0,-1.0,-0.7341142819709232,-0.9397082141025788,0.09146552759275094,1.1837402660819105,-0.06608090388614496,-0.7341142819709232,16.4324550441507,0.0,24,True
cervix_endocervix,excluded_at_or_below_-1,ENSG00000216687.2,ENSG00000216687,0.2726122597274032,2.133520438835396,-0.8892021246335441,0.011335350526996645,7.640073107222516,44.21611300250437,0.0,-0.9534488724176168,-0.5347965714979603,-0.7717919977933362,0.15075128328864043,0.4682984639416242,-1.394041507660156,-0.5347965714979603,2.1334724275429084,0.0,15,True
cervix_endocervix,raw,ENSG00000216687.2,ENSG00000216687,0.3846153808081339,9.209177464183366,-0.9931126413613558,0.0024598939906898534,21.230769302626573,263.48972935723117,0.0,-1.0,-0.5347965714979603,-0.8511686942130454,0.16374581902504293,0.8319501591663727,-0.7343434673788507,-0.5347965714979603,9.193250884716875,0.0,23,True
colon_sigmoid,excluded_at_or_below_-1,ENSG00000216687.2,ENSG00000216687,0.3353216296686877,7.323372684991298,-0.9189923620325646,0.08915366714468322,67.05801535035624,6.56560781227424,0.0,-0.962965050654648,-0.5050888123340334,-0.8731009410478611,0.07750961368616559,1.9245300081188887,5.1402606555496195,-0.5050888123340334,7.323251560509759,0.0,90,True
colon_sigmoid,raw,ENSG00000216687.2,ENSG00000216687,2.307692320326453,340.15834908606763,-0.9934149738305562,0.00198347471579497,386.3076923076926,348.17559051827277,0.0,-1.0,-0.5050888123340334,-0.9727424455711395,0.06325852748307069,3.0422326285850128,11.732339032372252,-0.5050888123340334,340.10514938723605,0.0,419,True
colon_transverse,excluded_at_or_below_-1,ENSG00000216687.2,ENSG00000216687,0.399416356564008,5.917774688651862,-0.908805873698627,0.05995420145921483,51.94203626231774,5.802617656785695,0.0,-0.987574351682041,-0.662809570706062,-0.8889453398223398,0.059654313687051444,1.3769018410936502,2.465959098485432,-0.662809570706062,5.917736047170048,0.0,91,True
colon_transverse,raw,ENSG00000216687.2,ENSG00000216687,2.3684218767193133,372.74889590899267,-0.9957940818415021,0.0036297336933194288,426.1264711490309,129.73712439968597,0.0,-1.0,-0.662809570706062,-0.9789019330351418,0.050714071349972405,2.8129420338457884,8.77766411638995,-0.662809570706062,370.7604586971894,0.0,479,True
esophagus_gastroesophageal_junction,excluded_at_or_below_-1,ENSG00000216687.2,ENSG00000216687,0.021061463168193066,7.598063797058796,-1.1275950912402797,0.23738978496513644,18.464100907010646,2.8270104787187242,0.0,-0.9545234785814928,-0.6530533194083843,-0.8704200595415554,0.0692390658594483,1.046619646599007,0.6799008457069058,-0.6530533194083843,4.325699651683755,0.0,64,True
esophagus_gastroesophageal_junction,raw,ENSG00000216687.2,ENSG00000216687,1.6842129679429338,321.8429236315049,-0.9956809272994579,0.0039051265068130937,369.47599389751286,124.08013135493502,0.0,-1.0,-0.6530533194083843,-0.9794215479172693,0.054771961612255095,3.037787991967744,9.562967643610378,-0.6530533194083843,320.3686777780256,0.0,403,True
esophagus_mucosa,excluded_at_or_below_-1,ENSG00000216687.2,ENSG00000216687,-0.31229309065729427,3.2664533221778402,-0.9729722617990882,0.1356876133643679,53.17302097744397,2.37183820144701,0.0,-0.9614711067438444,-0.7454047476672478,-0.9016069245511891,0.04421689123546362,0.9323640124306474,1.4615012048624196,-0.7454047476672478,3.0469639540884925,0.0,52,True
esophagus_mucosa,raw,ENSG00000216687.2,ENSG00000216687,1.3333333438405621,563.3522670976984,-0.996749891488058,0.0009788882777529587,120.66666666666667,363.1218386269327,0.0,-1.0,-0.7454047476672478,-0.9916670359554751,0.030238285760807792,4.0549836081119315,17.70831983831443,-0.7454047476672478,550.2503792571707,0.0,614,True
esophagus_muscularis,excluded_at_or_below_-1,ENSG00000216687.2,ENSG00000216687,0.31653179615097415,6.227019181759481,-0.9132162922964805,0.06872038896225001,122.10552504931155,5.30982865437965,0.0,-0.9674251559469608,-0.6551976307871344,-0.889567571999096,0.05672936566977587,1.4208179596382151,2.63906394359343,-0.6551976307871344,6.227014482017765,0.0,97,True
esophagus_muscularis,raw,ENSG00000216687.2,ENSG00000216687,2.487179487179487,465.71877266970137,-0.9955608575869621,0.0013555475366033398,347.7435897435897,355.09362709589544,0.0,-1.0,-0.6551976307871344,-0.9809056229659754,0.04794635087252635,2.9206467572413453,9.48318770727452,-0.6551976307871344,458.79526821959996,0.0,561,True
fallopian_tube,excluded_at_or_below_-1,ENSG00000216687.2,ENSG00000216687,0.188126673395531,4.211162217985406,-1.100283712317926,0.14760453511469881,8.600706989233755,5.050898127331977,0.0,-0.9478985558135457,-0.5731105258682734,-0.8292757327428824,0.12260620655727988,0.9435504909689996,-0.5641818291222145,-0.5731105258682734,1.4504955127283514,0.0,16,True
fallopian_tube,raw,ENSG00000216687.2,ENSG00000216687,0.4102564102564103,15.574800425189888,-0.9954772495888521,0.001763315754632877,11.435897435897434,338.7463348021263,0.0,-1.0,-0.5731105258682734,-0.9058073008236592,0.12457598977812084,1.3786964876999444,0.8347285996680838,-0.5731105258682734,15.272834381152743,0.0,29,True
heart_atrial_appendage,excluded_at_or_below_-1,ENSG00000216687.2,ENSG00000216687,0.7073523492531414,13.58918162717571,-0.9350014247196747,0.06468051986619597,151.86300939522565,9.090488053580675,0.0,-0.97870648465606,-0.5192385521331631,-0.8947153169171203,0.0754175421183373,1.9127960581661854,4.579189586972077,-0.5192385521331631,13.589180659034128,0.0,141,True
heart_atrial_appendage,raw,ENSG00000216687.2,ENSG00000216687,3.615384644422775,326.05576598496333,-0.9939932115542213,1.573089063351763e-05,1025.230769230769,42680.639882050054,,-1.0,-0.5192385521331631,-0.9677979602718308,0.06394996154353126,2.774345840906909,9.691604286957466,-0.5192385521331631,0.0,0.0,461,True
heart_left_ventricle,excluded_at_or_below_-1,ENSG00000216687.2,ENSG00000216687,0.7905707194754226,24.846112537339028,-0.9469299619286584,0.05142976608981046,139.54879345575054,16.679902858963736,0.0,-0.9802198156932376,-0.3403430041584492,-0.9094552649216086,0.07212938615143367,3.831894125948494,24.84322613153777,-0.3403430041584492,24.845826964230064,0.0,148,True
heart_left_ventricle,raw,ENSG00000216687.2,ENSG00000216687,3.4841866606921945,43365316908.75019,-1.1909791660103033,0.04596305461964308,2079.5161816532304,26.17278609289325,0.0,-1.0,-0.3403430041584492,-0.9703526088681373,0.059204847894157794,4.020615191294015,29.671828483529353,-0.3403430041584492,1378.0398109366033,0.0,452,True
kidney_cortex,excluded_at_or_below_-1,ENSG00000216687.2,ENSG00000216687,0.07380903070396454,1.2904798545637959,-0.9874739411739079,0.07838904763181473,6.0414807400313375,4.019796287548864,0.0,-0.96378927905932,-0.7646589356905078,-0.9129789629167722,0.051652577467752175,1.6630068221689127,2.517882387162768,-0.7646589356905078,1.1774893537696542,0.0,15,True
kidney_cortex,raw,ENSG00000216687.2,ENSG00000216687,0.40300340320620487,87.66107495267622,-0.997064225761114,0.002350438889091148,14.280571748363961,139.83376241370505,0.0,-1.0,-0.7646589356905078,-0.9874488888822268,0.03614407462781996,3.60809179780821,15.053015406831637,-0.7646589356905078,87.11650479345516,0.0,104,True
kidney_medulla,excluded_at_or_below_-1,ENSG00000216687.2,ENSG00000216687,,,,,,,,,,,,,,,,,2,False
kidney_medulla,raw,ENSG00000216687.2,ENSG00000216687,,,,,,,,,,,,,,,,,11,False
liver,excluded_at_or_below_-1,ENSG00000216687.2,ENSG00000216687,0.08260382870096215,1.916882515842124,-0.9324123265341127,0.03414586337454822,14.296487718992143,6.77534292673453,0.0,-0.9699493103423532,-0.7688232194520278,-0.9210523816705593,0.04028381925092647,2.207701585587974,6.316461256783292,-0.7688232194520278,1.9168746359420195,0.0,25,True
liver,raw,ENSG00000216687.2,ENSG00000216687,0.6410256410256411,276.8701855645379,-0.9971147154954639,1.112599555784118e-05,38.97435897435899,29017.89131594041,,-1.0,-0.7688232194520278,-0.9924668303120762,0.026253763248330435,4.400115932198533,24.343351970858976,-0.7688232194520278,0.0,0.0,262,True
lung,excluded_at_or_below_-1,ENSG00000216687.2,ENSG00000216687,0.737601000739675,41.5718331492938,-0.8986048236871353,0.16240042655259987,448.29226820106646,12.001469339873966,0.0,-0.9545374579272308,0.4795772217338716,-0.805103628784701,0.1461284751064806,3.5770548367797677,23.5180808840548,0.4795772217338716,41.57064978915997,0.0,259,True
lung,raw,ENSG00000216687.2,ENSG00000216687,6.010169868161581,379807482995.1757,-1.5758891674869984,0.13020978384650392,6125.045106279038,22.324500961194534,0.0,-1.0,0.4795772217338716,-0.9164268871775458,0.1358506418427691,3.2239368244366604,20.671497335665247,0.4795772217338716,1214.3345454176751,0.0,604,True
minor_salivary_gland,excluded_at_or_below_-1,ENSG00000216687.2,ENSG00000216687,0.30503687152992914,2.3393294569387204,-0.9078006984082625,0.028992412460862396,21.875613253300557,10.450258399469176,0.0,-0.9627710175693064,-0.6935627573354906,-0.8863058018267254,0.06047624883331698,1.5300125224509875,2.1947546555342,-0.6935627573354906,2.339274970152186,0.0,30,True
minor_salivary_gland,raw,ENSG00000216687.2,ENSG00000216687,,,,,,,,,,,,,,,,,181,False
muscle_skeletal,excluded_at_or_below_-1,ENSG00000216687.2,ENSG00000216687,0.39897132569502164,11.590538149947731,-0.923890730557296,0.04847050468294774,144.5258590077036,7.632867045795752,0.0,-0.9809699579456052,-0.662283199890753,-0.9085483020603916,0.05043774791077563,1.9695043440988285,5.552802320616479,-0.662283199890753,11.59042435362552,0.0,135,True
muscle_skeletal,raw,ENSG00000216687.2,ENSG00000216687,3.4616812946508393,734.7057274604792,-0.9961125008648881,0.001195339453382432,899.6923084879584,394.955528004402,0.0,-1.0,-0.662283199890753,-0.9849071158657124,0.0396375226850259,3.335114393271236,13.987623371231692,-0.662283199890753,732.9114450533399,0.0,818,True
nerve_tibial,excluded_at_or_below_-1,ENSG00000216687.2,ENSG00000216687,0.3849268412858839,38.13407888674546,-0.6303715900192483,0.6081407315803082,403.2931067884773,4.003745300704068,0.0,-0.954762544041844,1.0913207066842665,-0.45054173743744297,0.33664317469150956,0.8552391366367591,0.6898149608710358,1.0913207066842665,38.12147531811685,0.0,638,True
nerve_tibial,raw,ENSG00000216687.2,ENSG00000216687,0.17400500860887516,39.3238492970837,-0.6567895393021655,0.641353946297383,611.2065927945614,3.8546597127369506,0.0,-1.0,1.0913207066842665,-0.47678452012699785,0.34879647363564487,0.7712953847943459,0.5416799498877758,1.0913207066842665,39.30039725354822,0.0,670,True
ovary,excluded_at_or_below_-1,ENSG00000216687.2,ENSG00000216687,0.44112576778775137,10.688950202061463,-0.9521632709350949,0.33535990798304954,210.7391258335811,4.037470799344698,0.0,-0.964128390239798,0.0052634372916475,-0.7410534340514734,0.17773954114628085,1.1943477742649289,1.422699634963756,0.0052634372916475,10.685827205330597,0.0,154,True
ovary,raw,ENSG00000216687.2,ENSG00000216687,0.49610617605217305,8448060862775.21,-11.48601370667665,2.031407406955736,818.2613586072133,7.999931441788841,0.0,-1.0,0.0052634372916475,-0.7933794240617974,0.18984806921205813,1.1138272572298833,1.1779207950084176,0.0052634372916475,22.52303003789351,0.0,193,True
pancreas,excluded_at_or_below_-1,ENSG00000216687.2,ENSG00000216687,0.5933115118835248,9.4138944879948,-0.9376353606561003,0.0460906682186995,68.77684464886718,8.102300149734424,0.0,-0.9749910559944986,-0.6735731016412145,-0.9081826003511361,0.06445228136820429,2.1389450840412123,4.651478939974126,-0.6735731016412145,9.413831995324202,0.0,113,True
pancreas,raw,ENSG00000216687.2,ENSG00000216687,2.8974358888318275,336.01923073950644,-0.996885803108638,0.0017312766611811583,563.5897435915113,264.10175655620975,0.0,-1.0,-0.6735731016412145,-0.9713387675129237,0.055713134857395465,2.800872511576251,9.653899451903607,-0.6735731016412145,333.31862214713084,0.0,362,True
pituitary,excluded_at_or_below_-1,ENSG00000216687.2,ENSG00000216687,0.40422989090062533,7.536020692359405,-0.8898682580979939,0.05718380193760436,68.5924467166094,8.766988680116235,0.0,-0.9666185839204742,-0.5353745963120475,-0.8671478167205874,0.07146675625234335,2.0110643415196225,5.722989413408046,-0.5353745963120475,7.535835806500811,0.0,85,True
pituitary,raw,ENSG00000216687.2,ENSG00000216687,2.2302833656472294,213.20022776002122,-0.9941993258682923,0.004838613677072765,499.2571109676036,134.10373272105534,0.0,-1.0,-0.5353745963120475,-0.9639219310583065,0.06984059736984502,2.3764854739401935,7.077441719495335,-0.5353745963120475,211.95052760720407,0.0,313,True
prostate,excluded_at_or_below_-1,ENSG00000216687.2,ENSG00000216687,0.6169438829553567,6.080277162466136,-0.8753349221634698,0.08433843634424111,99.7165034412991,6.944334640408633,0.0,-0.9621033494949524,-0.4612006353727025,-0.8292484955557383,0.10640711983749672,1.5198338303173624,2.2451372143131865,-0.4612006353727025,6.080243087064559,0.0,92,True
prostate,raw,ENSG00000216687.2,ENSG00000216687,2.3589743677882824,209.62623400182014,-0.994150193422503,0.0026593363235556874,280.97435897474895,283.4182673243181,0.0,-1.0,-0.4612006353727025,-0.9442938354295316,0.10049005202469687,2.208261042725524,5.2846819079397225,-0.4612006353727025,203.79473132353726,0.0,282,True
skin_not_sun_exposed_suprapubic,excluded_at_or_below_-1,ENSG00000216687.2,ENSG00000216687,0.17321390862322422,10.731326984626254,-0.9166370393105274,0.07178184436498548,97.84554128537593,13.324543372885294,0.0,-0.9665805226074118,-0.2403174762157002,-0.8762213462273502,0.10438323855123895,3.8217906593678337,18.692180987361233,-0.2403174762157002,10.731214250739942,0.0,70,True
skin_not_sun_exposed_suprapubic,raw,ENSG00000216687.2,ENSG00000216687,1.3071142668890443,533.9415527517917,-0.9905034397345999,0.007413649641077299,2589.8542867782594,143.10403313801461,0.0,-1.0,-0.2403174762157002,-0.9866904673362743,0.0512756458976298,7.3083082787697675,79.96914252681472,-0.2403174762157002,530.2345750764358,0.0,651,True
skin_sun_exposed_lower_leg,excluded_at_or_below_-1,ENSG00000216687.2,ENSG00000216687,0.30160551551239456,7.8154844705535815,-0.9079361930956527,0.08306332317740014,92.55326287246342,6.771185210940805,0.0,-0.955934677703104,-0.5102330735423222,-0.8694407574164822,0.07418503107357542,2.0984559103561637,6.142485670889309,-0.5102330735423222,7.81533234632327,0.0,94,True
skin_sun_exposed_lower_leg,raw,ENSG00000216687.2,ENSG00000216687,2.41025641025641,796.3459778903103,-0.9944076788209676,0.0012107461089058964,439.4358974358974,565.540775481377,0.0,-1.0,-0.5102330735423222,-0.9837233835505959,0.050421323719704855,4.065757321496228,21.255987074364278,-0.5102330735423222,787.0544218423541,0.0,754,True
small_intestine_terminal_ileum,excluded_at_or_below_-1,ENSG00000216687.2,ENSG00000216687,0.26112901062041494,1.2160228328895601,-0.9139854181364152,0.07341333484925211,26.740708101200347,4.282026108275994,0.0,-0.9699549621740664,-0.6917008743560522,-0.8757270687451126,0.07472199135316654,0.9530225026447169,0.1409059033409914,-0.6917008743560522,1.2158844495876946,0.0,30,True
small_intestine_terminal_ileum,raw,ENSG00000216687.2,ENSG00000216687,0.7895465868543634,165.11986257279278,-0.9961607012295894,0.003572322710965724,166.8208338815465,120.52976486156327,0.0,-1.0,-0.6917008743560522,-0.9819894302529149,0.05204945175470815,3.379022581753197,11.872241703256785,-0.6917008743560522,164.39792059114563,0.0,207,True
spleen,excluded_at_or_below_-1,ENSG00000216687.2,ENSG00000216687,1.3423984994487326,11.32756882971399,-0.8582270623424183,0.11470244601732614,285.60885857977655,7.053977296477854,0.0,-0.9685045808379376,-0.2861009905919922,-0.785046301252866,0.13894388127729945,1.388111919674084,1.7950616563421784,-0.2861009905919922,11.327523847735058,0.0,177,True
spleen,raw,ENSG00000216687.2,ENSG00000216687,4.538456533474345,172.19382742367281,-0.9928445028388507,0.002302253443345102,889.6923076932845,434.13389738988985,0.0,-1.0,-0.2861009905919922,-0.8626469145189793,0.15168385975086704,1.3188528860201847,1.6735648274422532,-0.2861009905919922,172.193143314982,0.0,277,True
stomach,excluded_at_or_below_-1,ENSG00000216687.2,ENSG00000216687,0.6231181797345199,2.861415678802017,-0.9201405736758237,0.041756743627183714,40.05559193891093,7.129877149631414,0.0,-0.967638154935062,-0.7096204230057297,-0.882528783745406,0.0654253814467342,1.0441503828415932,0.21140659966979758,-0.7096204230057297,2.861393839571048,0.0,56,True
stomach,raw,ENSG00000216687.2,ENSG00000216687,1.4736859926232961,330.80462509569935,-0.9963829948013453,0.0032781090928059205,441.2549013588839,123.71263638063375,0.0,-1.0,-0.7096204230057297,-0.9838368842499822,0.04713126082835615,3.3974350033901217,12.040463333054275,-0.7096204230057297,329.269262123983,0.0,407,True
testis,excluded_at_or_below_-1,ENSG00000216687.2,ENSG00000216687,1.2802771285404593,15.505461663944688,-0.6205354125166281,0.32466231491051345,205.19514434457818,2.576915387990565,0.0,-0.9534474755313652,-0.0289505646173804,-0.574298238661597,0.20794736474130976,0.3838697199665868,-0.5319244232211853,-0.0289505646173804,14.94500199716725,0.0,407,True
testis,raw,ENSG00000216687.2,ENSG00000216687,1.3247556418961106,16.408032800958903,-0.6158547041963691,0.31626625553824883,326.9178848926609,2.624395677600634,0.0,-1.0,-0.0289505646173804,-0.5814960945296376,0.21337482047896258,0.3158877589164794,-0.5064327325839879,-0.0289505646173804,15.883870656113587,0.0,414,True
thyroid,excluded_at_or_below_-1,ENSG00000216687.2,ENSG00000216687,1.1588014805224245,11.856579629640143,-0.8824103180879996,0.08514955328817966,302.93299005250105,6.446400389238281,0.0,-0.9724665653403914,-0.4942736688118451,-0.8416514310277604,0.09094223337219942,1.2760919688910828,1.5688579959967734,-0.4942736688118451,11.856540954248786,0.0,186,True
thyroid,raw,ENSG00000216687.2,ENSG00000216687,5.161939204587476,464.09213401891486,-0.9936983139968094,0.005520878392167815,1930.2847283836525,127.93129216646558,0.0,-1.0,-0.4942736688118451,-0.9569403014198294,0.08492201708210849,2.2764630200913745,5.338177911811215,-0.4942736688118451,461.76193827286966,0.0,684,True
uterus,excluded_at_or_below_-1,ENSG00000216687.2,ENSG00000216687,1.082907767789865,13.83074234871878,-0.8504526216400321,0.024666418040963006,81.5419413446346,43.547430668631854,0.0,-0.9646069399442871,-0.0909074171096403,-0.7867114409283155,0.1460447860308227,2.0140287582648906,5.832289539719401,-0.0909074171096403,13.827394958251013,0.0,71,True
uterus,raw,ENSG00000216687.2,ENSG00000216687,1.8205127915931474,103.1450165712246,-0.989715809924221,0.0021509126480507247,341.7435897435898,590.961711181108,0.0,-1.0,-0.0909074171096403,-0.9010229562477804,0.14564083870062963,2.08239679888083,6.033483691611318,-0.0909074171096403,100.60564026806776,0.0,153,True
vagina,excluded_at_or_below_-1,ENSG00000216687.2,ENSG00000216687,1.1204252416812206,9.99764198453225,-0.8207380491913802,0.013114443589093003,67.72916495577542,48.583521403978864,0.0,-0.9448196197997012,-0.3702078974773615,-0.7974706371021538,0.12298814197099278,1.5265342163401001,2.1594925867126795,-0.3702078974773615,9.991166976335206,0.0,61,True
vagina,raw,ENSG00000216687.2,ENSG00000216687,1.5641025546255365,168.61790498634033,-0.990503476819943,0.0024191074129675575,175.58974358974442,362.6256594824959,0.0,-1.0,-0.3702078974773615,-0.9273276991954787,0.12191414515197199,2.011899856108725,4.2655684499359285,-0.3702078974773615,168.5848531624488,0.0,170,True
whole_blood,excluded_at_or_below_-1,ENSG00000216687.2,ENSG00000216687,0.18421054250557703,7.93009950582057,-0.9130482201406199,0.0015767338254801375,5.710526936342007,111.43845185566354,0.0,-0.9604951870273406,-0.7888033527635036,-0.9049412651885309,0.04854352467245927,1.3510238526651912,1.4071024677554185,-0.7888033527635036,7.873248960149107,0.0,10,True
whole_blood,raw,ENSG00000216687.2,ENSG00000216687,0.25641025641025644,857.088843525421,-0.9974610712199953,0.0003616461766751686,9.435897435897438,815.953808907663,0.0,-1.0,-0.7888033527635036,-0.9988162050459344,0.011735052795677547,12.01585390728683,167.61292641055152,-0.7888033527635036,824.8125557814195,0.0,803,True
adipose_subcutaneous,excluded_at_or_below_-1,ENSG00000216809.1,ENSG00000216809,0.3168671101349647,51.915883738046546,-0.47445396999654077,0.32511260555107463,695.5539241374447,5.246427782729996,0.0,-0.9523611076808988,0.7316437875562234,-0.45444428371793916,0.22855096045593482,0.5025792526080871,0.8221588754292117,0.7316437875562234,51.915828709843986,0.0,710,True
adipose_subcutaneous,raw,ENSG00000216809.1,ENSG00000216809,0.277024492152346,53.460265128334406,-0.47353055344830225,0.3246543103356505,636.4263328929247,5.249811395729062,0.0,-1.0,0.7316437875562234,-0.4575006182629367,0.23152295799636827,0.44693798780220156,0.8050324124456574,0.7316437875562234,53.46015542789093,0.0,714,True
adipose_visceral_omentum,excluded_at_or_below_-1,ENSG00000216809.1,ENSG00000216809,0.6694630903448765,30.626276026630755,-0.7143882637172201,0.3027271258719966,276.4664669100241,3.8724670558461938,0.0,-0.9832712131279118,0.1145535970036975,-0.6595641126636423,0.1921419056699643,0.6549917222617787,0.30201196451254075,0.1145535970036975,30.60920821495371,0.0,563,True
adipose_visceral_omentum,raw,ENSG00000216809.1,ENSG00000216809,0.28226095545948604,31.03832762994136,-0.7328273177098771,0.33507209537403526,634.4615098053675,3.576476819850748,0.0,-1.0,0.1145535970036975,-0.673483126796645,0.1998975726238148,0.5647664551379383,0.17637444346391717,0.1145535970036975,30.98636537661126,0.0,587,True
adrenal_gland,excluded_at_or_below_-1,ENSG00000216809.1,ENSG00000216809,0.9108807707921949,12.034026476022476,-0.34931805283019807,0.488246683680344,304.71833059730704,2.7005119268194973,0.0,-0.9707506784436308,0.5830135465757105,-0.30502629138489923,0.3360416571478334,0.27739518222115284,-0.47517767383249865,0.5830135465757105,11.720052699219389,0.0,294,True
adrenal_gland,raw,ENSG00000216809.1,ENSG00000216809,0.699046549417108,12.335224908523623,-0.3493035655062538,0.5023157719783162,377.34669047791476,2.624833974744769,0.0,-1.0,0.5830135465757105,-0.30738213446495044,0.3379010936926367,0.26321986363481953,-0.4705923043050779,0.5830135465757105,11.941607668518479,0.0,295,True
artery_aorta,excluded_at_or_below_-1,ENSG00000216809.1,ENSG00000216809,-3.3803667718968105,26.019722211705012,-1.036588559752269,0.7610057004336708,592.9945513459108,2.255541459116388,0.0,-0.9753923779647892,0.1771460229310868,-0.657241145018473,0.22310673672079817,0.6194492657415346,0.056632280781764965,0.1771460229310868,23.807572784811203,0.0,404,True
artery_aorta,raw,ENSG00000216809.1,ENSG00000216809,8.371720736544127,2460786896939.8276,-3.626771923322526,0.5340685577886415,2442.991278322166,10.072774873736785,0.0,-1.0,0.1771460229310868,-0.7066216580242861,0.23897304126613925,0.6341928234402118,-0.13529615454672594,0.1771460229310868,76.75937995294372,0.0,472,True
artery_coronary,excluded_at_or_below_-1,ENSG00000216809.1,ENSG00000216809,-0.2106456928757018,11.82426756168143,-0.771503418686233,0.4035183925808433,329.753400816795,2.9900159078106903,0.0,-0.9825640592827536,0.0816395895637596,-0.6681901732124198,0.20632875516472496,0.7053297605674713,0.4459054802309894,0.0816395895637596,11.688915293716432,0.0,236,True
artery_coronary,raw,ENSG00000216809.1,ENSG00000216809,,,,,,,,,,,,,,,,,268,False
artery_tibial,excluded_at_or_below_-1,ENSG00000216809.1,ENSG00000216809,0.3566174721430505,34.614543323784495,-0.5944830274924133,0.36645226493603006,636.823756112548,3.399719829634905,0.0,-0.977751513883776,0.286455371674891,-0.5501364876613831,0.23363925212897174,0.5260557820032546,0.07250104593022222,0.286455371674891,34.507341691520665,0.0,676,True
artery_tibial,raw,ENSG00000216809.1,ENSG00000216809,0.24313327947053603,35.08101922841723,-0.6002302530022932,0.3779605767892042,700.5568086649063,3.3177080176779725,0.0,-1.0,0.286455371674891,-0.5599019763518017,0.24021786075506346,0.4527090892456352,0.021156531644850318,0.286455371674891,34.938142836839674,0.0,691,True
bladder,excluded_at_or_below_-1,ENSG00000216809.1,ENSG00000216809,0.31343589661513616,2.6285712508287737,-0.484191803090165,0.6051276265993301,49.23254976642809,2.3995707924258514,0.0,-0.9588986303538156,0.5425601791501615,-0.3591354443614337,0.36298422265603875,0.4132924899258835,-0.505264816318304,0.5425601791501615,2.4808583828310975,0.0,77,True
bladder,raw,ENSG00000216809.1,ENSG00000216809,0.31343589661513616,2.6285712508287737,-0.484191803090165,0.6051276265993301,49.23254976642809,2.3995707924258514,0.0,-0.9588986303538156,0.5425601791501615,-0.3591354443614337,0.36298422265603875,0.4132924899258835,-0.505264816318304,0.5425601791501615,2.4808583828310975,0.0,77,True
brain_amygdala,excluded_at_or_below_-1,ENSG00000216809.1,ENSG00000216809,0.1503994081045255,13.271037497150502,-0.9973412041363935,0.11699127510767164,163.393437265869,5.142175847120976,0.0,-0.9886102771859469,-0.5719530412813661,-0.9180805591049257,0.06551938207787451,2.4381792881682105,9.107096921632614,-0.5719530412813661,13.197306266516785,0.0,127,True
brain_amygdala,raw,ENSG00000216809.1,ENSG00000216809,2.146949864192149,1192107652202.2747,-1.8061717157443535,0.16567100420930084,810.5336854183964,10.535632331621436,0.0,-1.0,-0.5719530412813661,-0.9425206132946164,0.06646470015034742,2.226076150215005,8.129310754347324,-0.5719530412813661,62.04204534958792,0.0,181,True
brain_anterior_cingulate_cortex_ba24,excluded_at_or_below_-1,ENSG00000216809.1,ENSG00000216809,0.10786558826461093,14.61845391349767,-0.9885877777468399,0.13530242604606763,305.38839220574357,3.9953460511074357,0.0,-0.988843606129229,-0.6063399843504156,-0.9093198774820279,0.06308510066217002,1.4179980222910507,3.0851287231172435,-0.6063399843504156,14.61340561466623,0.0,188,True
brain_anterior_cingulate_cortex_ba24,raw,ENSG00000216809.1,ENSG00000216809,0.276096420096947,1510241907147.9016,-4.708697185328839,0.7469726565856392,800.904008100122,7.766829401549147,0.0,-1.0,-0.6063399843504156,-0.9268332058653272,0.06704264982007231,1.2740826321599934,2.411542983220585,-0.6063399843504156,29.61581273144456,0.0,233,True
brain_caudate_basal_ganglia,excluded_at_or_below_-1,ENSG00000216809.1,ENSG00000216809,1.0526483957248738,17.168467590278404,-0.9569049792227763,0.09513253978063863,249.08185100920875,5.388756171590985,0.0,-0.9892974889093612,-0.5944094732386553,-0.9019472833870567,0.0733314508784204,1.6042860704981883,3.169903528449561,-0.5944094732386553,17.168443907311875,0.0,243,True
brain_caudate_basal_ganglia,raw,ENSG00000216809.1,ENSG00000216809,0.5382081765787364,1092508255929.403,-4.730079765995959,0.7598417534368463,1156.5808735114433,7.697288272283657,0.0,-1.0,-0.5944094732386553,-0.9205772995435159,0.07639996117704298,1.491417942889081,2.849732952709184,-0.5944094732386553,37.226114936499755,0.0,300,True
brain_cerebellar_hemisphere,excluded_at_or_below_-1,ENSG00000216809.1,ENSG00000216809,0.6288285238557744,15.122577644234415,-0.7613309996898172,0.31025120355212815,194.7822030036313,4.195467393702157,0.0,-0.9831956337755664,0.1590736994247892,-0.6739952454467576,0.20815235524813586,0.9902148884091939,1.1931869655516882,0.1590736994247892,15.120232528876503,0.0,271,True
brain_cerebellar_hemisphere,raw,ENSG00000216809.1,ENSG00000216809,0.49431889508651244,15.225155857194691,-0.7659179433462732,0.3271189240959867,152.19473387004328,3.99896071406972,0.0,-1.0,0.1590736994247892,-0.6810567202746258,0.21129570050636404,0.9465492838224292,1.1066907927365275,0.1590736994247892,15.22002668675457,0.0,277,True
brain_cerebellum,excluded_at_or_below_-1,ENSG00000216809.1,ENSG00000216809,0.3330501523952516,14.568830338676557,-0.5915004743612386,0.30309443071328407,104.47701162602031,3.780793935076702,0.0,-0.991351051800544,0.2187997630890306,-0.568421601444763,0.21383015520456294,0.4302131928899206,0.33129774722266303,0.2187997630890306,14.557359377350513,0.0,264,True
brain_cerebellum,raw,ENSG00000216809.1,ENSG00000216809,0.44298225356596965,14.659139437182443,-0.589144378701568,0.29890760446444214,127.91165270334095,3.822604530277446,0.0,-1.0,0.2187997630890306,-0.5716665518098398,0.21627163305043012,0.3976761650755857,0.30197121037062846,0.2187997630890306,14.649293232084734,0.0,266,True
brain_cortex,excluded_at_or_below_-1,ENSG00000216809.1,ENSG00000216809,0.7441655673447649,16.461731259662876,-0.8997883580331595,0.10531148310135602,193.21048298935622,5.284192369342078,0.0,-0.980699463213091,-0.5062932380496675,-0.864517611961602,0.0819837213352323,1.4238816926736175,2.9395137224588783,-0.5062932380496675,16.46169293753706,0.0,253,True
brain_cortex,raw,ENSG00000216809.1,ENSG00000216809,0.7318162807425285,16.975437019154697,-0.9009205652428303,0.10981340421132521,376.32467560795874,5.08214204092636,0.0,-1.0,-0.5062932380496675,-0.8730479845417976,0.08592750596897132,1.2095745736604422,2.423478539712103,-0.5062932380496675,16.97535295934535,0.0,270,True
brain_frontal_cortex_ba9,excluded_at_or_below_-1,ENSG00000216809.1,ENSG00000216809,1.2890961060861494,13.504460696832366,-0.9323505032099791,0.07759044565177668,173.63118970021628,5.500968802865342,0.0,-0.990075291987356,-0.6305413335859653,-0.8950432115550836,0.07146899577236307,1.2478781233373102,1.2823320905951308,-0.6305413335859653,13.504433124944711,0.0,228,True
brain_frontal_cortex_ba9,raw,ENSG00000216809.1,ENSG00000216809,-1.3514156705144342,17248368.536465645,-4.55084663839173,0.9678206349241659,891.5294836999872,5.728488038627031,0.0,-1.0,-0.6305413335859653,-0.9110403428794017,0.07586044375574269,1.1208500846712177,1.0956105372248022,-0.6305413335859653,23.29869790556591,0.0,269,True
brain_hippocampus,excluded_at_or_below_-1,ENSG00000216809.1,ENSG00000216809,0.2237591930999356,11.55702086526329,-0.9703736123044829,0.09838036315136976,348.55409393702826,3.5173076373969887,0.0,-0.9887162009861608,-0.7256906224867739,-0.9227649566499738,0.04912628968867487,1.0312382640850868,0.9899100738184861,-0.7256906224867739,11.5332175933228,0.0,194,True
brain_hippocampus,raw,ENSG00000216809.1,ENSG00000216809,4.973683279322666,1851.0592128834005,-1.0052935406265047,0.004663858376511635,1092.9736836047623,84.78350048186013,0.0,-1.0,-0.7256906224867739,-0.9412407905493919,0.05407122733142186,0.9532412339133148,0.6552754778439565,-0.7256906224867739,510.43251343426726,0.0,255,True
brain_hypothalamus,excluded_at_or_below_-1,ENSG00000216809.1,ENSG00000216809,0.2797939958802653,34.257184246584,-1.033505086007398,0.1499852196380792,176.81744093819117,5.9370022640189495,0.0,-0.9872368349971318,-0.4038529512432319,-0.9084027830651056,0.07356688712891081,2.365050109012791,10.151382335854686,-0.4038529512432319,31.147470345430218,0.0,218,True
brain_hypothalamus,raw,ENSG00000216809.1,ENSG00000216809,0.03937070959681428,151.38471395905052,-1.284134080695791,0.25301431368545446,225.9663516840602,4.92029677625501,0.0,-1.0,-0.4038529512432319,-0.922302749837327,0.07531133496547626,2.154471065430024,8.865199200890796,-0.4038529512432319,42.89197136046116,0.0,257,True
brain_nucleus_accumbens_basal_ganglia,excluded_at_or_below_-1,ENSG00000216809.1,ENSG00000216809,2.793978540164944,11.904369246104453,-0.957905756112843,0.03246411095754127,295.87406347536864,8.76223094633716,0.0,-0.9907689360375792,-0.7567635487080704,-0.9182596005512599,0.05513828096895963,0.8892257948106151,-0.19568635404548917,-0.7567635487080704,11.904343510072627,0.0,220,True
brain_nucleus_accumbens_basal_ganglia,raw,ENSG00000216809.1,ENSG00000216809,5.641025628316187,1365.0198374435372,-0.996986904267911,1.5451603850980017e-05,1042.9743589795753,21986.52843471351,,-1.0,-0.7567635487080704,-0.9369021477939549,0.05937044164911737,0.9254243863948312,-0.0067583364593204465,-0.7567635487080704,0.0,0.0,285,True
brain_putamen_basal_ganglia,excluded_at_or_below_-1,ENSG00000216809.1,ENSG00000216809,1.090236330370275,23.553877286997682,-0.9799741756482317,0.07505843900404635,358.02011356049104,7.875481506407253,0.0,-0.9872082355172856,-0.5619882617780214,-0.9188480808722732,0.06508129266570284,1.9697678033940647,5.661492385449785,-0.5619882617780214,23.553800832714217,0.0,207,True
brain_putamen_basal_ganglia,raw,ENSG00000216809.1,ENSG00000216809,0.09038195352451782,617090496997.7609,-4.1972073983667375,0.6604847704767363,708.2154951976019,7.783640796821449,0.0,-1.0,-0.5619882617780214,-0.9338643808683486,0.06667658069263648,1.843652451609508,5.160854345585804,-0.5619882617780214,41.05340503938781,0.0,254,True
brain_spinal_cord_cervical_c-1,excluded_at_or_below_-1,ENSG00000216809.1,ENSG00000216809,0.5836532814153538,11.586967177463329,-0.94703030378277,0.09730419785738488,210.98026920469502,6.378526928457269,0.0,-0.9879376994116642,-0.5081592147205347,-0.8920842261271926,0.08325510974890346,1.7409446494111187,3.686364132744316,-0.5081592147205347,11.586963023454336,0.0,144,True
brain_spinal_cord_cervical_c-1,raw,ENSG00000216809.1,ENSG00000216809,3.655876468838457,599850.5304939428,-1.0456440223810006,0.017024091342345768,904.5317951815339,44.64956685659958,0.0,-1.0,-0.5081592147205347,-0.9238241596191947,0.08551284257267924,1.7028882316128628,3.6613254597040488,-0.5081592147205347,453.00732757517784,0.0,204,True
brain_substantia_nigra,excluded_at_or_below_-1,ENSG00000216809.1,ENSG00000216809,1.9526047630034506,14.886625895672395,-0.9618670631533277,0.020935606296117796,240.89032756627,18.831591569102955,0.0,-0.9887648712857582,-0.6830896581633308,-0.9195294418136928,0.06448675099726366,1.724315811636831,3.177986872311389,-0.6830896581633308,14.885876117057965,0.0,148,True
brain_substantia_nigra,raw,ENSG00000216809.1,ENSG00000216809,0.49402377374675605,760209906700.0442,-3.8585414271261524,0.5805406844191418,633.4613486047385,7.735490515745822,0.0,-1.0,-0.6830896581633308,-0.9349199857291068,0.06607527394908223,1.6589332048266103,3.1661555212418664,-0.6830896581633308,22.383803995396534,0.0,183,True
breast_mammary_tissue,excluded_at_or_below_-1,ENSG00000216809.1,ENSG00000216809,0.682377480156668,26.7229692709344,-0.6027207962565168,0.32189666754433666,750.5117602848018,3.661482710482494,0.0,-0.9770456398324832,0.2306887496099221,-0.5587465308700338,0.21738881790223194,0.5290078236483018,-0.03977774530017619,0.2306887496099221,26.69005605595615,0.0,507,True
breast_mammary_tissue,raw,ENSG00000216809.1,ENSG00000216809,0.7238843385199335,27.15651780464253,-0.6033091485399789,0.32344320021495165,678.2657731456849,3.646547949594902,0.0,-1.0,0.2306887496099221,-0.5647558193601308,0.2218865922847773,0.46462044373770056,-0.050093170182460955,0.2306887496099221,27.121322893508626,0.0,514,True
cells_cultured_fibroblasts,excluded_at_or_below_-1,ENSG00000216809.1,ENSG00000216809,0.4959302892471949,37.74517431898692,-0.5193099876854993,0.30176359572138656,655.4866200022199,3.8080711831960645,0.0,-0.9754363458136578,0.2932527564278797,-0.5074516456257393,0.2121401819937661,0.25940741784729054,0.025068397940635645,0.2932527564278797,37.71815197100432,0.0,646,True
cells_cultured_fibroblasts,raw,ENSG00000216809.1,ENSG00000216809,0.7973996125766056,38.11413282558482,-0.5199380170285098,0.3003469225458861,797.6971691855044,3.8289901919770655,0.0,-1.0,0.2932527564278797,-0.5119842991936007,0.21634251172339505,0.19638897153472934,0.03281177315959116,0.2932527564278797,38.088916966129204,0.0,652,True
cells_ebv-transformed_lymphocytes,excluded_at_or_below_-1,ENSG00000216809.1,ENSG00000216809,1.037738476540146,16.758731458682796,-0.7367292083502498,0.21988349472686705,221.5639118310701,4.193277894885069,0.0,-0.982351695671511,-0.0847537059084196,-0.6944720013003561,0.1676665733800384,0.7538910909831295,0.5675602963223247,-0.0847537059084196,16.75617863058915,0.0,316,True
cells_ebv-transformed_lymphocytes,raw,ENSG00000216809.1,ENSG00000216809,1.1027282559205185,16.879740002162684,-0.7422815066792109,0.22911213404674866,236.0720138348919,4.058644634236925,0.0,-1.0,-0.0847537059084196,-0.7047497015624237,0.17380251739216512,0.6482605356606687,0.4409675973455558,-0.0847537059084196,16.87518676999259,0.0,327,True
cervix_ectocervix,excluded_at_or_below_-1,ENSG00000216809.1,ENSG00000216809,0.38461538461533235,12.129329451696032,-0.9190742679278853,0.004825467770549679,13.230769230771468,241.22410666147866,0.0,-0.924116920363006,-0.0959884319942075,-0.6727439615311183,0.2571674823574968,1.1028628019143611,0.189345749210172,-0.0959884319942075,12.00620263628281,0.0,19,True
cervix_ectocervix,raw,ENSG00000216809.1,ENSG00000216809,0.48717948717948717,7.243178390649324,-0.9896989579767058,0.0014525004354981278,25.743589743589745,870.1529554079577,0.0,-1.0,-0.0959884319942075,-0.740922302878802,0.2649327852211069,1.1731431389000215,0.5329236873983194,-0.0959884319942075,7.008917581962054,0.0,24,True
cervix_endocervix,excluded_at_or_below_-1,ENSG00000216809.1,ENSG00000216809,0.43225301096494084,3.5674884431433815,-0.631972951971497,0.020807198375595547,13.080437015312626,56.53190777084451,0.0,-0.92794497778918,0.1997759796149134,-0.5016514415557868,0.2756709588030602,0.8003204307642612,0.17046946740851388,0.1997759796149134,3.5662198082761845,0.0,22,True
cervix_endocervix,raw,ENSG00000216809.1,ENSG00000216809,,,,,,,,,,,,,,,,,23,False
colon_sigmoid,excluded_at_or_below_-1,ENSG00000216809.1,ENSG00000216809,-1.1545673985309663,18.600011172545997,-0.746918227415959,0.369104066575512,308.72491146850575,2.4479288345274743,0.0,-0.9754774782402376,-0.108018621619947,-0.6797852243975516,0.1811709925679783,0.4497938792128959,-0.3576033209542766,-0.108018621619947,17.670416117265578,0.0,404,True
colon_sigmoid,raw,ENSG00000216809.1,ENSG00000216809,-1.50869765787562,19.352745898819993,-0.7554776920913411,0.38693487644542957,267.7136348315877,2.3664069958068485,0.0,-1.0,-0.108018621619947,-0.691248760516971,0.18759776295257832,0.3956659771782452,-0.4044792077923076,-0.108018621619947,18.175822628315355,0.0,419,True
colon_transverse,excluded_at_or_below_-1,ENSG00000216809.1,ENSG00000216809,1.078545922193697,26.64860044596197,-0.7405716722466549,0.2490025403108167,398.1110831117028,4.328687479370774,0.0,-0.9704665446393672,0.0215863265539471,-0.6882172518442451,0.17483069667476667,0.831366283547825,0.8143237764237616,0.0215863265539471,26.646283545485606,0.0,472,True
colon_transverse,raw,ENSG00000216809.1,ENSG00000216809,1.1850220484728826,27.73509691624518,-0.7353650350706834,0.23796398738945132,521.1519733370496,4.4985415373561155,0.0,-1.0,0.0215863265539471,-0.6927735759300285,0.17754128601714164,0.7799233993889936,0.7497857069131162,0.0215863265539471,27.733938719821243,0.0,479,True
esophagus_gastroesophageal_junction,excluded_at_or_below_-1,ENSG00000216809.1,ENSG00000216809,-0.27678811803870534,18.98397788965489,-0.6407538789167514,0.487518383049626,220.82358597782564,2.9810107455829464,0.0,-0.9740102015836029,0.3868826656667123,-0.5471755675784278,0.26348571588801734,0.5277175191512165,-0.12137267973720878,0.3868826656667123,18.76072099601641,0.0,390,True
esophagus_gastroesophageal_junction,raw,ENSG00000216809.1,ENSG00000216809,-0.7165206729718181,19.539582543707045,-0.661675264588705,0.5311311929736618,262.82005127175023,2.79193703084693,0.0,-1.0,0.3868826656667123,-0.5617828073339625,0.2712871379701219,0.47914585365394086,-0.18399602551056438,0.3868826656667123,19.143050952671658,0.0,403,True
esophagus_mucosa,excluded_at_or_below_-1,ENSG00000216809.1,ENSG00000216809,1.3395799766272467,30.042601015016757,-0.9480760640870732,0.22773397437505638,944.6145089346322,3.8218014391098225,0.0,-0.9834309410111158,-0.3326428267333681,-0.8222655979080186,0.12561832013633606,1.1579862811949888,1.2582436826450003,-0.3326428267333681,30.022224757721098,0.0,491,True
esophagus_mucosa,raw,ENSG00000216809.1,ENSG00000216809,3.947421428943379,3776109415513.774,-6.012187958290263,1.0100622386053495,5987.51772837132,7.952074086294138,0.0,-1.0,-0.3326428267333681,-0.8578703722684644,0.1329752669611803,1.1238326754866188,1.1197261955850335,-0.3326428267333681,76.31024975338644,0.0,614,True
esophagus_muscularis,excluded_at_or_below_-1,ENSG00000216809.1,ENSG00000216809,0.1554348374234851,28.825359731346484,-0.6675534566503509,0.3600061948305928,455.2821325578425,3.4856859065357084,0.0,-0.983308291238983,0.2197725830468195,-0.613268969015239,0.21556242670192885,0.48632998533184246,-0.1590636331926354,0.2197725830468195,28.759031991435837,0.0,552,True
esophagus_muscularis,raw,ENSG00000216809.1,ENSG00000216809,0.019158736279213537,29.15400830504409,-0.6710975660629181,0.3689364876929862,621.9517747740208,3.4148984695510887,0.0,-1.0,0.2197725830468195,-0.6194732101540319,0.21928397567297273,0.45129688018431124,-0.18771872173455817,0.2197725830468195,29.068208930909353,0.0,561,True
fallopian_tube,excluded_at_or_below_-1,ENSG00000216809.1,ENSG00000216809,0.562110724627551,1.2036019539593807,-0.2522467495673399,0.06364400250654766,22.466368201607303,6.969051460098438,2.8423390936310014e-11,-0.9232958901802168,0.0613822102981653,-0.4007266963261339,0.3041300249996679,-0.3394432223162246,-1.0738382344673454,0.0613822102981653,1.203565512529187,3.420941308007741e-11,28,True
fallopian_tube,raw,ENSG00000216809.1,ENSG00000216809,0.6315790544040463,10.785113908451017,-0.22947554950047275,0.009945046465470519,18.842108298483602,41.360791028665034,0.0,-1.0,0.0613822102981653,-0.4213912930045431,0.3187089860585815,-0.3276295657684261,-1.1120649298232606,0.0613822102981653,10.777614185843813,0.0,29,True
heart_atrial_appendage,excluded_at_or_below_-1,ENSG00000216809.1,ENSG00000216809,7.313322908851669,38.10350048527302,-0.9663032195956536,0.015320846017554129,1321.8031581298171,44.62184101116763,0.0,-0.9875171399064918,-0.482893660147854,-0.8516879504945414,0.11314733792531576,0.914708021394539,0.1486603874606991,-0.482893660147854,38.099708620052056,0.0,373,True
heart_atrial_appendage,raw,ENSG00000216809.1,ENSG00000216809,6.006231863692436,2454926410460.3813,-2.800158057160012,0.3661957234357279,2215.267853786697,8.949057916658278,0.0,-1.0,-0.482893660147854,-0.8799991443263859,0.11729421832533606,1.0156706419467603,0.3217620326636341,-0.482893660147854,78.54532845905025,0.0,461,True
heart_left_ventricle,excluded_at_or_below_-1,ENSG00000216809.1,ENSG00000216809,0.3032585415111796,30.051714001284314,-1.002174785473549,0.30420655623984344,291.0600043030478,3.495240043210578,0.0,-0.9887992277799476,-0.2503258674130529,-0.8165944006597209,0.13415207540299842,1.1163857718831898,1.2064074023767075,-0.2503258674130529,29.926831372450096,0.0,429,True
heart_left_ventricle,raw,ENSG00000216809.1,ENSG00000216809,0.24119652370117595,32.18196661421408,-1.022462093357519,0.3161700738304486,277.3937806124127,3.4537282719420976,0.0,-1.0,-0.2503258674130529,-0.8259269864668589,0.13677403605185381,1.0817706305744352,1.1268560471801443,-0.2503258674130529,31.937258558354813,0.0,452,True
kidney_cortex,excluded_at_or_below_-1,ENSG00000216809.1,ENSG00000216809,0.2201672146899936,89.05214667973024,-1.3775450035955925,0.28868660223498366,92.95543153439117,5.419929344839499,0.0,-0.988922345269875,-0.2711626094896801,-0.8786278460534073,0.13267204322440104,2.4814995931869994,6.733080672354756,-0.2711626094896801,14.541878961417451,0.0,81,True
kidney_cortex,raw,ENSG00000216809.1,ENSG00000216809,0.3882849010460089,1988931852248.911,-4.152676893289814,0.6298722236992881,67.48495228356389,8.71492651391423,0.0,-1.0,-0.2711626094896801,-0.9054697647146731,0.1274102183214125,2.6237641884912613,8.000004106412154,-0.2711626094896801,26.204906791631753,0.0,104,True
kidney_medulla,excluded_at_or_below_-1,ENSG00000216809.1,ENSG00000216809,0.20512820567539147,187.64054552026985,-0.9457895372696857,0.003175772982982857,6.35897436891531,149.3469389345183,0.0,-0.9431002231544852,-0.6104144663620381,-0.8305922901649373,0.10714428868811003,0.8929589576968379,-0.2755813053329135,-0.6104144663620381,91.5990415676389,0.0,10,True
kidney_medulla,raw,ENSG00000216809.1,ENSG00000216809,0.20234125099923322,0.5622823992892934,-0.8767873489426314,0.028402809886740307,7.030625298093849,13.263058996488766,0.0,-1.0,-0.6104144663620381,-0.8459929910590337,0.11375810391772831,0.7505682404693929,-0.2437981531519764,-0.6104144663620381,0.5622244562179073,0.0,11,True
liver,excluded_at_or_below_-1,ENSG00000216809.1,ENSG00000216809,1.3442967987479948,12.052239827918287,-0.9297430784574119,0.10212489449426218,138.7894033597106,4.794020187640218,0.0,-0.9831286138885956,-0.5835515138364542,-0.87237276566186,0.09006684942095061,1.283863432433583,1.2073066759524256,-0.5835515138364542,12.052116226600662,0.0,222,True
liver,raw,ENSG00000216809.1,ENSG00000216809,-0.3956493727304177,429870345318.23047,-7.4665061656744465,1.329078958902301,844.6909753762988,7.323844646421646,0.0,-1.0,-0.5835515138364542,-0.8918578396066141,0.09478420037913335,1.1841859981260652,1.1274965306847653,-0.5835515138364542,21.556331406261975,0.0,262,True
lung,excluded_at_or_below_-1,ENSG00000216809.1,ENSG00000216809,0.011677612145949395,29.37937211033467,-0.6675556217066917,0.48342601631242915,428.3183277843214,3.2315259399999445,0.0,-0.976178328046132,0.4370892164908884,-0.556143223706646,0.26488050526098106,0.6459727587178874,0.09775611619885094,0.4370892164908884,29.220701127106867,0.0,582,True
lung,raw,ENSG00000216809.1,ENSG00000216809,-0.4133209658346726,30.242318072461277,-0.6921983204465206,0.5219430983044274,513.8062284341664,3.0598234860158975,0.0,-1.0,0.4370892164908884,-0.5723101923795828,0.272997803115086,0.5895840847293408,0.019152057878212503,0.4370892164908884,29.961996415734827,0.0,604,True
minor_salivary_gland,excluded_at_or_below_-1,ENSG00000216809.1,ENSG00000216809,-0.08357719518534329,9.279266168633818,-0.4449195559860638,0.4054816484728005,144.09827393396324,3.10414174836736,0.0,-0.9531052791518176,0.4450963134057879,-0.4273527743155381,0.2609862134388623,0.2987580722083761,-0.05600687946852112,0.4450963134057879,9.20422528234898,0.0,180,True
minor_salivary_gland,raw,ENSG00000216809.1,ENSG00000216809,-0.08271196346027447,9.63111049780613,-0.44419896093529176,0.4002828056799853,180.63318458232217,3.1419122182652917,0.0,-1.0,0.4450963134057879,-0.43051657114252406,0.26371790432340686,0.26700989528819163,-0.05569871809752325,0.4450963134057879,9.561863011491821,0.0,181,True
muscle_skeletal,excluded_at_or_below_-1,ENSG00000216809.1,ENSG00000216809,1.88151743060976,67.90289394284088,-0.7386377424796413,0.2693556418451202,1539.352531284554,7.034364084964088,0.0,-0.9748946419065032,0.6011497574353788,-0.6621926935478099,0.2082856833635636,1.3207778291924472,2.9537740058325257,0.6011497574353788,67.90261653404653,0.0,810,True
muscle_skeletal,raw,ENSG00000216809.1,ENSG00000216809,1.9659417237267711,69.65378720810769,-0.7318292114078091,0.2578391406941188,1156.4685053340186,7.311213227833794,0.0,-1.0,0.6011497574353788,-0.6654964324862178,0.20991567066360436,1.2840225223347292,2.859560540114109,0.6011497574353788,69.65299966884655,0.0,818,True
nerve_tibial,excluded_at_or_below_-1,ENSG00000216809.1,ENSG00000216809,-0.4962850245817897,36.787117449180265,-0.27957738052911535,0.49807000943980195,556.0844483425506,3.259682128280737,0.0,-0.9651757760399764,0.868445769297826,-0.26540782604166513,0.3219273924813219,0.21289318381575656,-0.21273189408438276,0.868445769297826,36.605818591429085,0.0,670,True
nerve_tibial,raw,ENSG00000216809.1,ENSG00000216809,-0.4962850245817897,36.787117449180265,-0.27957738052911535,0.49807000943980195,556.0844483425506,3.259682128280737,0.0,-0.9651757760399764,0.868445769297826,-0.26540782604166513,0.3219273924813219,0.21289318381575656,-0.21273189408438276,0.868445769297826,36.605818591429085,0.0,670,True
ovary,excluded_at_or_below_-1,ENSG00000216809.1,ENSG00000216809,-0.7616839660712197,9.226000374676302,-0.4610816327109636,0.6700281390185364,139.5936905484947,2.6840048297821393,0.0,-0.9728870071337008,0.81055004235089,-0.39807917120339326,0.33708637630005744,0.29738867123824303,-0.070403363463448,0.81055004235089,8.974398670758564,0.0,180,True
ovary,raw,ENSG00000216809.1,ENSG00000216809,-2.8454931469327,11.307076559964703,-0.6814362588851143,1.0955287253395085,362.8353881106075,1.9259990297643128,0.0,-1.0,0.81055004235089,-0.4386230612259626,0.3589048114714737,0.2506668448234907,-0.30069033982752114,0.81055004235089,9.537570998934283,0.0,193,True
pancreas,excluded_at_or_below_-1,ENSG00000216809.1,ENSG00000216809,0.1709901433586153,20.103459688700582,-0.7080012059452222,0.27538953162569146,349.598242108789,3.8527553330541444,0.0,-0.9712512293084692,0.0422450898531012,-0.671647969515578,0.17244208892805543,0.5522370269358354,0.3663527513772262,0.0422450898531012,20.09130762942885,0.0,360,True
pancreas,raw,ENSG00000216809.1,ENSG00000216809,0.1801030148541996,20.727627705885165,-0.7023384566373227,0.2669209698254671,403.10985915308135,3.9449884752597213,0.0,-1.0,0.0422450898531012,-0.6734620691315141,0.1736823059179584,0.5313853636234552,0.3455949614324041,0.0422450898531012,20.718971402716647,0.0,362,True
pituitary,excluded_at_or_below_-1,ENSG00000216809.1,ENSG00000216809,0.32592065189504754,15.819719573818347,-0.17441085051084707,0.533295424309684,264.09799509368946,3.1690092419792535,0.0,-0.9259303151187788,1.020612428368428,-0.1570223602541043,0.3654486927388806,0.21695348119646063,-0.15847969627257408,1.020612428368428,15.71533444186455,0.0,313,True
pituitary,raw,ENSG00000216809.1,ENSG00000216809,0.32592065189504754,15.819719573818347,-0.17441085051084707,0.533295424309684,264.09799509368946,3.1690092419792535,0.0,-0.9259303151187788,1.020612428368428,-0.1570223602541043,0.3654486927388806,0.21695348119646063,-0.15847969627257408,1.020612428368428,15.71533444186455,0.0,313,True
prostate,excluded_at_or_below_-1,ENSG00000216809.1,ENSG00000216809,1.500334288426976,10.467471379459024,-0.8321046999632514,0.31063772177808846,234.35510152551547,3.2307922912078753,0.0,-0.9775114495466036,-0.1224481222148792,-0.6960519049821229,0.19846162200084277,0.7392292160286752,-0.20674153420081076,-0.1224481222148792,10.410810024078028,0.0,261,True
prostate,raw,ENSG00000216809.1,ENSG00000216809,0.1429854687384099,13.76864108220487,-1.024406326337892,0.5331791830483824,239.72637359717055,2.3923693300844726,0.0,-1.0,-0.1224481222148792,-0.7186863375898371,0.20696264549840182,0.6958800241397856,-0.23361417646379357,-0.1224481222148792,12.952659573494504,0.0,282,True
skin_not_sun_exposed_suprapubic,excluded_at_or_below_-1,ENSG00000216809.1,ENSG00000216809,0.9755271301445432,40.90966530938409,-0.9100213245277029,0.25054015549717695,1540.0486849231877,4.595137688680969,0.0,-0.9870838343766586,-0.0959529676091009,-0.7969044176740722,0.14325172809273995,1.293518445381443,2.1763524078328382,-0.0959529676091009,40.90854411824315,0.0,584,True
skin_not_sun_exposed_suprapubic,raw,ENSG00000216809.1,ENSG00000216809,-0.20561685996213006,64.04273266165033,-1.1272634519954077,0.40159516937738976,1392.237995781744,3.631750043950593,0.0,-1.0,-0.0959529676091009,-0.8178067279902582,0.14906350759587828,1.1924700065418887,1.8658538692961848,-0.0959529676091009,57.836215278463705,0.0,651,True
skin_sun_exposed_lower_leg,excluded_at_or_below_-1,ENSG00000216809.1,ENSG00000216809,1.1823952683805492,51.28717705937296,-0.856921238953154,0.2623839599638321,588.6432315900305,5.175657485546604,0.0,-0.9790732932203764,0.103336491990527,-0.7581980066705004,0.16112462591181298,1.260999186890071,2.556620188387849,0.103336491990527,51.286706372708956,0.0,704,True
skin_sun_exposed_lower_leg,raw,ENSG00000216809.1,ENSG00000216809,0.5749810084186456,54.282228844491655,-0.9012748610983872,0.31130469187531146,993.7780873644022,4.563808505081521,0.0,-1.0,0.103336491990527,-0.7742326216127747,0.16691973520236633,1.1460880839289886,2.1814076091278176,0.103336491990527,54.28029266154527,0.0,754,True
small_intestine_terminal_ileum,excluded_at_or_below_-1,ENSG00000216809.1,ENSG00000216809,0.5743649582962755,13.312159184436698,-0.5571849789457913,0.4654504291389358,161.69036961200973,5.280962679762143,0.0,-0.9758377916888856,1.1809021183362822,-0.4296162108375759,0.3504875882410203,1.1227617703595218,1.8711368305141134,1.1809021183362822,13.312087622543881,0.0,206,True
small_intestine_terminal_ileum,raw,ENSG00000216809.1,ENSG00000216809,0.6361407958396131,13.437534425476834,-0.556021653438096,0.45304924875990477,129.8399038320241,5.421885504887626,0.0,-1.0,1.1809021183362822,-0.43237168807990645,0.3518762720899614,1.1069460035239695,1.8393725484073915,1.1809021183362822,13.437525923732071,0.0,207,True
spleen,excluded_at_or_below_-1,ENSG00000216809.1,ENSG00000216809,1.4537939269676647,12.295156090475968,-0.37423443265481565,0.4041181145009126,244.72251064014023,3.4900425932735293,0.0,-0.9614963911348148,0.6230614990536145,-0.3109890087330073,0.3249104100817539,0.42775352619329476,-0.2042533219554037,0.6230614990536145,12.267308066070362,0.0,276,True
spleen,raw,ENSG00000216809.1,ENSG00000216809,1.316974267360087,12.764668855748022,-0.3708488783188984,0.40839376712714653,193.52025340241656,3.4417800872704265,0.0,-1.0,0.6230614990536145,-0.31347641303361007,0.32695280266215765,0.40715853355471987,-0.19959132651385092,0.6230614990536145,12.730472612857273,0.0,277,True
stomach,excluded_at_or_below_-1,ENSG00000216809.1,ENSG00000216809,0.7950240550242219,24.906366702712027,-0.4304979624879527,0.4066316464967755,245.4243736812054,4.654264900608794,0.0,-0.9760974433827532,0.9077521081668009,-0.38095010470270674,0.3029197254863744,0.5830605750753357,0.5497897472953768,0.9077521081668009,24.90552797270655,0.0,402,True
stomach,raw,ENSG00000216809.1,ENSG00000216809,1.0810803432960596,25.201821386929055,-0.43126294082527455,0.39680382446782475,350.4526771132855,4.772265602646217,0.0,-1.0,0.9077521081668009,-0.38855514027146953,0.30869373114652415,0.5187295746649129,0.4981185137309949,0.9077521081668009,25.201239950495648,0.0,407,True
testis,excluded_at_or_below_-1,ENSG00000216809.1,ENSG00000216809,0.0464034759077012,24.954763053515258,-0.002563101744300396,0.5805032517884463,325.5716544050497,3.7412385619874757,0.0,-0.9288386933407052,1.533132219481236,0.03379739878776038,0.40114721475948933,0.3563121070216105,0.0644338527094348,1.533132219481236,24.93180601428377,0.0,414,True
testis,raw,ENSG00000216809.1,ENSG00000216809,0.0464034759077012,24.954763053515258,-0.002563101744300396,0.5805032517884463,325.5716544050497,3.7412385619874757,0.0,-0.9288386933407052,1.533132219481236,0.03379739878776038,0.40114721475948933,0.3563121070216105,0.0644338527094348,1.533132219481236,24.93180601428377,0.0,414,True
thyroid,excluded_at_or_below_-1,ENSG00000216809.1,ENSG00000216809,0.01409755532229955,32.52624284505821,-0.6886631782077027,0.5401376428586848,561.6536994775713,3.0737603962201656,0.0,-0.9735823497738814,0.4853134681064361,-0.5401609260293914,0.28299504281193066,0.6720195336052864,0.07076962397097875,0.4853134681064361,32.237423421914094,0.0,659,True
thyroid,raw,ENSG00000216809.1,ENSG00000216809,-0.4841865616184981,33.67928209591518,-0.7144200014107555,0.5790037336409664,573.4227292918719,2.9303426648993462,0.0,-1.0,0.4853134681064361,-0.5569679097271475,0.2908809320885322,0.6251095330790724,0.0036703905255808245,0.4853134681064361,33.21928390929094,0.0,684,True
uterus,excluded_at_or_below_-1,ENSG00000216809.1,ENSG00000216809,-0.1996852908985939,6.3075205902689175,-0.6603303726276235,0.6785143145058021,215.0561853939661,2.3527218910223677,0.0,-0.96179000345583,0.4684634132494554,-0.47450181458341806,0.3214048453073144,0.5459745575611431,-0.20661803335880746,0.4684634132494554,5.911343838626125,0.0,146,True
uterus,raw,ENSG00000216809.1,ENSG00000216809,-0.6163185344369009,6.923319890150128,-0.7257942775339972,0.7914092220595101,225.48811468230218,2.1340861038732415,0.0,-1.0,0.4684634132494554,-0.49854421522339243,0.33268499552766634,0.5053582261138992,-0.27586394972145056,0.4684634132494554,6.213159382544189,0.0,153,True
vagina,excluded_at_or_below_-1,ENSG00000216809.1,ENSG00000216809,,,,,,,,,,,,,,,,,132,False
vagina,raw,ENSG00000216809.1,ENSG00000216809,1.076007616954471,4112664458384.967,-7.282990019026272,1.2418573626304343,355.033864681137,8.510405845743957,0.0,-1.0,0.1902166024514575,-0.8014169590290013,0.2116270124463093,1.533252466404475,2.7988558236566856,0.1902166024514575,31.439141802685995,0.0,170,True
whole_blood,excluded_at_or_below_-1,ENSG00000216809.1,ENSG00000216809,5.893574288436844,57.70330537624062,-0.9392114157588229,0.03670138546892508,2059.8601219234524,24.83577137342262,0.0,-0.9925303408131386,-0.2946784803904614,-0.845640311596955,0.13421820599830003,1.6855637024665284,2.625567368228931,-0.2946784803904614,57.700127466824796,0.0,447,True
whole_blood,raw,ENSG00000216809.1,ENSG00000216809,11.07067871032526,50334519245.63876,-1.2011138784977184,0.048425835392747946,9582.818272604254,26.47126731055443,0.0,-1.0,-0.2946784803904614,-0.9140737475514805,0.12611746198974408,2.1038286744205337,4.719825937320628,-0.2946784803904614,1626.7029940249743,0.0,803,True
adipose_subcutaneous,excluded_at_or_below_-1,ENSG00000216811.2,ENSG00000216811,,,,,,,,,,,,,,,,,4,False
adipose_subcutaneous,raw,ENSG00000216811.2,ENSG00000216811,2.6542371452346725,670.5675716484029,-0.9933957720907852,0.006129091724510894,1679.748942056401,120.98266570985857,0.0,-1.0,-0.46906629672691,-0.9988236998208675,0.020958729278276182,23.169356968257755,572.8420633688402,-0.46906629672691,667.722392469725,0.0,714,True
adipose_visceral_omentum,excluded_at_or_below_-1,ENSG00000216811.2,ENSG00000216811,,,,,,,,,,,,,,,,,3,False
adipose_visceral_omentum,raw,ENSG00000216811.2,ENSG00000216811,0.07692307692307908,617.2387676633907,-0.997425167422937,0.0009038064487870688,2.7692307918578143,344.934808371741,0.0,-1.0,-0.7769815848466408,-0.9991703494906676,0.01227171681706291,15.788354911177667,257.61699498796304,-0.7769815848466408,616.4945566310256,0.0,587,True
adrenal_gland,excluded_at_or_below_-1,ENSG00000216811.2,ENSG00000216811,,,,,,,,,,,,,,,,,0,False
adrenal_gland,raw,ENSG00000216811.2,ENSG00000216811,0.0,295.0,-0.9875,1.0001e-06,0.0,-17675.90193946968,0.0,-1.0,-1.0,-1.0,0.0,,,-1.0,2.409232716967513e-187,0.0,295,True
artery_aorta,excluded_at_or_below_-1,ENSG00000216811.2,ENSG00000216811,,,,,,,,,,,,,,,,,2,False
artery_aorta,raw,ENSG00000216811.2,ENSG00000216811,0.0512821073105,546.0324596613468,-0.9981115608258467,0.0005348324069328449,3.8974359307776774,350.6562959606878,0.0,-1.0,-0.865499092833312,-0.9994330087896924,0.008701149252152854,15.265095280811833,231.02947990871948,-0.865499092833312,530.0781695526987,0.0,472,True
artery_coronary,excluded_at_or_below_-1,ENSG00000216811.2,ENSG00000216811,,,,,,,,,,,,,,,,,1,False
artery_coronary,raw,ENSG00000216811.2,ENSG00000216811,0.02564102564102565,276.00848599256193,-0.9992871581232162,0.0002258047087599003,0.974358974358988,373.33650093520254,0.0,-1.0,-0.939677250464253,-0.9997749151136724,0.003684798396413391,16.278935632231864,263.00374531834956,-0.939677250464253,275.67071930746044,0.0,268,True
artery_tibial,excluded_at_or_below_-1,ENSG00000216811.2,ENSG00000216811,,,,,,,,,,,,,,,,,4,False
artery_tibial,raw,ENSG00000216811.2,ENSG00000216811,0.10531438656102976,635.5637975962162,-0.9982300818465444,0.001876581147222097,2885.272533123562,107.19266847578719,0.0,-1.0,-0.8559914934649248,-0.9992958582532144,0.00929226454836866,13.286457146026274,176.99502838098374,-0.8559914934649248,634.1987850784675,0.0,691,True
bladder,excluded_at_or_below_-1,ENSG00000216811.2,ENSG00000216811,,,,,,,,,,,,,,,,,0,False
bladder,raw,ENSG00000216811.2,ENSG00000216811,0.0,77.0,-0.9875,1.0001e-06,0.0,-17675.90193946968,0.0,-1.0,-1.0,-1.0,0.0,,,-1.0,6.288505735813509e-188,0.0,77,True
brain_amygdala,excluded_at_or_below_-1,ENSG00000216811.2,ENSG00000216811,,,,,,,,,,,,,,,,,7,False
brain_amygdala,raw,ENSG00000216811.2,ENSG00000216811,0.17948717948872828,203.28304011580948,-0.9972458703897968,0.0012479525283834465,5.7435897472866095,291.3313272736613,0.0,-1.0,-0.7401647080097721,-0.994411784728255,0.03013513385485828,6.033939672136546,39.07232469685364,-0.7401647080097721,200.3114698071499,0.0,181,True
brain_anterior_cingulate_cortex_ba24,excluded_at_or_below_-1,ENSG00000216811.2,ENSG00000216811,,,,,,,,,,,,,,,,,4,False
brain_anterior_cingulate_cortex_ba24,raw,ENSG00000216811.2,ENSG00000216811,0.10254942349851341,308.63206794258036,-0.9990534760632245,0.00014892490023943612,3.589743598147113,771.9300290633403,0.0,-1.0,-0.9177647615234084,-0.9989600697937058,0.008104547157409618,8.074180272530745,66.48074297000916,-0.9177647615234084,305.72455597821335,0.0,233,True
brain_caudate_basal_ganglia,excluded_at_or_below_-1,ENSG00000216811.2,ENSG00000216811,0.1065170481479974,0.799679536522541,-1.0728799860078613,0.1436985678670619,9.267475560712175,2.7885961234469154,0.0,-0.9675253038721372,-0.7895300875480091,-0.9025599165180016,0.05269574654280015,0.7454440503726962,-0.15114951149729805,-0.7895300875480091,0.4507840103495754,0.0,11,True
brain_caudate_basal_ganglia,raw,ENSG00000216811.2,ENSG00000216811,0.282051029202963,388.3022405284757,-0.9979943789027899,0.0011485896351910612,9.897435904470171,256.67394086782514,0.0,-1.0,-0.7895300875480091,-0.9964271969389934,0.020721049763083907,6.756849736848856,50.010264221019426,-0.7895300875480091,385.21668446932705,0.0,300,True
brain_cerebellar_hemisphere,excluded_at_or_below_-1,ENSG00000216811.2,ENSG00000216811,0.1268583837201745,3.6442035830081885,-0.835341765827594,0.14542487104104737,46.03845830496295,4.300649471725059,0.0,-0.9367386775737322,-0.3931020564523789,-0.7926207781964948,0.10153332506579603,1.3229815337667066,2.6407997735183635,-0.3931020564523789,3.643841673395532,0.0,63,True
brain_cerebellar_hemisphere,raw,ENSG00000216811.2,ENSG00000216811,1.7963738066138937,207.0884686449504,-0.9924219986720035,0.00597522519784373,161.9537482583118,141.84676935582496,0.0,-1.0,-0.3931020564523789,-0.9528343286150872,0.09949749772631823,2.317901267745185,5.614108497069154,-0.3931020564523789,205.7246450792251,0.0,277,True
brain_cerebellum,excluded_at_or_below_-1,ENSG00000216811.2,ENSG00000216811,0.39802987651169575,4.889912440233421,-0.9685444524642942,0.30052394730366044,44.36607881854634,3.3353812988889584,0.0,-0.922648973919472,-0.2597675177961493,-0.7328323110123668,0.15699764363527202,1.1247098158425533,0.777609678799013,-0.2597675177961493,4.758410047274779,0.0,81,True
brain_cerebellum,raw,ENSG00000216811.2,ENSG00000216811,2.0769230771903286,228.54152174025648,-0.9891636422832822,0.0033557630941996926,188.76923077786734,307.38817450344567,0.0,-1.0,-0.2597675177961493,-0.918644425533841,0.150382446531771,2.07355830324002,4.048331065004223,-0.2597675177961493,226.89135556525818,0.0,266,True
brain_cortex,excluded_at_or_below_-1,ENSG00000216811.2,ENSG00000216811,0.042667682004654636,0.6262651667788122,-0.8940541763067096,0.033990035258151564,11.749373916865274,4.811318875022189,0.0,-0.926726792323361,-0.7784161266151239,-0.884880749399074,0.04036748736308164,1.6606428872049364,2.5979586630026192,-0.7784161266151239,0.6262592210775972,0.0,11,True
brain_cortex,raw,ENSG00000216811.2,ENSG00000216811,0.28205128205166763,316.6530121863926,-0.9976997494600037,0.0010445529982061393,13.897435912729073,296.8866816390447,0.0,-1.0,-0.7784161266151239,-0.9953099564569995,0.024091919971657133,5.6534535210494585,34.91686225295121,-0.7784161266151239,314.76802145973454,0.0,270,True
brain_frontal_cortex_ba9,excluded_at_or_below_-1,ENSG00000216811.2,ENSG00000216811,,,,,,,,,,,,,,,,,6,False
brain_frontal_cortex_ba9,raw,ENSG00000216811.2,ENSG00000216811,0.15384615384615385,269.7998890637717,-0.9958393082753028,0.001302540558404648,11.076923076923077,375.15713335591147,0.0,-1.0,-0.6503063598068173,-0.9956548887666911,0.031095978991774454,8.137040500213754,72.55889986916222,-0.6503063598068173,268.9276283724871,0.0,269,True
brain_hippocampus,excluded_at_or_below_-1,ENSG00000216811.2,ENSG00000216811,,,,,,,,,,,,,,,,,5,False
brain_hippocampus,raw,ENSG00000216811.2,ENSG00000216811,0.12820512820513147,281.57782631523645,-0.9973364733188913,0.00101489745384475,4.3589743674292,332.3125491808293,0.0,-1.0,-0.7588554058071757,-0.9974827013257993,0.019910494304329562,9.283725209826953,94.57298699233482,-0.7588554058071757,275.125445028435,0.0,255,True
brain_hypothalamus,excluded_at_or_below_-1,ENSG00000216811.2,ENSG00000216811,,,,,,,,,,,,,,,,,5,False
brain_hypothalamus,raw,ENSG00000216811.2,ENSG00000216811,0.12820512820518795,260.06225855389505,-0.9964803467112211,0.0012002970797817451,4.358974361703662,347.84595034110623,0.0,-1.0,-0.7012501993579978,-0.9965071931210931,0.02632919921180066,8.351426631845221,75.5822773446549,-0.7012501993579978,259.91650030002916,0.0,257,True
brain_nucleus_accumbens_basal_ganglia,excluded_at_or_below_-1,ENSG00000216811.2,ENSG00000216811,,,,,,,,,,,,,,,,,7,False
brain_nucleus_accumbens_basal_ganglia,raw,ENSG00000216811.2,ENSG00000216811,0.1794871794871888,310.6872632452854,-0.9966786112605847,0.0012798965077451317,7.743589749657469,327.7569447049597,0.0,-1.0,-0.7000508740656688,-0.9964127052207162,0.025205831896887923,8.364123438773639,79.18983460732981,-0.7000508740656688,304.3416436913554,0.0,285,True
brain_putamen_basal_ganglia,excluded_at_or_below_-1,ENSG00000216811.2,ENSG00000216811,,,,,,,,,,,,,,,,,9,False
brain_putamen_basal_ganglia,raw,ENSG00000216811.2,ENSG00000216811,0.23076923019130216,252.31463213707212,-0.9978152748821417,0.0008452275354764619,8.923076928782713,308.49233138889844,0.0,-1.0,-0.8134398595200615,-0.9954662092486146,0.02503391166705434,5.804188902730739,33.853381883371284,-0.8134398595200615,252.30729954433133,0.0,254,True
brain_spinal_cord_cervical_c-1,excluded_at_or_below_-1,ENSG00000216811.2,ENSG00000216811,,,,,,,,,,,,,,,,,2,False
brain_spinal_cord_cervical_c-1,raw,ENSG00000216811.2,ENSG00000216811,0.05128205121920999,223.30557117058584,-0.998689442726454,0.0005771918959884839,1.8974359113587482,289.5465137211551,0.0,-1.0,-0.8805149988672607,-0.9990900186048446,0.009542159943064428,11.053146681292715,125.85652714942316,-0.8805149988672607,218.4296159857944,0.0,204,True
brain_substantia_nigra,excluded_at_or_below_-1,ENSG00000216811.2,ENSG00000216811,,,,,,,,,,,,,,,,,0,False
brain_substantia_nigra,raw,ENSG00000216811.2,ENSG00000216811,0.0,183.0,-0.9875,1.0001e-06,0.0,-17675.90193946968,0.0,-1.0,-1.0,-1.0,0.0,,,-1.0,1.4945409735764572e-187,0.0,183,True
breast_mammary_tissue,excluded_at_or_below_-1,ENSG00000216811.2,ENSG00000216811,,,,,,,,,,,,,,,,,4,False
breast_mammary_tissue,raw,ENSG00000216811.2,ENSG00000216811,-0.3567547983130093,473.74316353361826,-0.997577718450927,0.0025139235374776257,1451.083832354,109.00747927218426,0.0,-1.0,-0.803804673703989,-0.9989283895432113,0.013023757719837992,13.182506470255579,180.37414506884224,-0.803804673703989,472.48741874535534,0.0,514,True
cells_cultured_fibroblasts,excluded_at_or_below_-1,ENSG00000216811.2,ENSG00000216811,,,,,,,,,,,,,,,,,0,False
cells_cultured_fibroblasts,raw,ENSG00000216811.2,ENSG00000216811,0.0,652.0,-0.9875,1.0001e-06,0.0,-17675.90193946968,0.0,-1.0,-1.0,-1.0,0.0,,,-1.0,5.324812649026503e-187,0.0,652,True
cells_ebv-transformed_lymphocytes,excluded_at_or_below_-1,ENSG00000216811.2,ENSG00000216811,,,,,,,,,,,,,,,,,2,False
cells_ebv-transformed_lymphocytes,raw,ENSG00000216811.2,ENSG00000216811,-0.39372610148444726,305.17246960488853,-0.9990187911068918,0.00097690091897754,439.6764752068353,113.04176116186842,0.0,-1.0,-0.9209325647405128,-0.9995690023278252,0.005543654134559096,12.949965613947988,167.98921067924798,-0.9209325647405128,304.12744397071464,0.0,327,True
cervix_ectocervix,excluded_at_or_below_-1,ENSG00000216811.2,ENSG00000216811,,,,,,,,,,,,,,,,,0,False
cervix_ectocervix,raw,ENSG00000216811.2,ENSG00000216811,0.0,24.0,-0.9875,1.0001e-06,0.0,-17675.90193946968,0.0,-1.0,-1.0,-1.0,0.0,,,-1.0,1.9600537358379766e-188,0.0,24,True
cervix_endocervix,excluded_at_or_below_-1,ENSG00000216811.2,ENSG00000216811,,,,,,,,,,,,,,,,,0,False
cervix_endocervix,raw,ENSG00000216811.2,ENSG00000216811,0.0,23.0,-0.9875,1.0001e-06,0.0,-17675.90193946968,0.0,-1.0,-1.0,-1.0,0.0,,,-1.0,1.878384830178061e-188,0.0,23,True
colon_sigmoid,excluded_at_or_below_-1,ENSG00000216811.2,ENSG00000216811,,,,,,,,,,,,,,,,,4,False
colon_sigmoid,raw,ENSG00000216811.2,ENSG00000216811,0.10256410256422598,458.49308644984194,-0.997221004827274,0.0011855156732672484,3.5897436035431634,297.65393741981546,0.0,-1.0,-0.7477018251152883,-0.9987687872834898,0.014393208822290856,14.364005233056393,229.46850136025046,-0.7477018251152883,449.2267883217278,0.0,419,True
colon_transverse,excluded_at_or_below_-1,ENSG00000216811.2,ENSG00000216811,,,,,,,,,,,,,,,,,3,False
colon_transverse,raw,ENSG00000216811.2,ENSG00000216811,0.07692307606911176,531.8408227919614,-0.9985679275284977,0.0007393133280512459,2.769230775212622,254.11906608822363,0.0,-1.0,-0.8657212221442689,-0.9995236991614701,0.007225906615957394,16.444422682018022,279.4901059534324,-0.8657212221442689,524.5195673268333,0.0,479,True
esophagus_gastroesophageal_junction,excluded_at_or_below_-1,ENSG00000216811.2,ENSG00000216811,,,,,,,,,,,,,,,,,2,False
esophagus_gastroesophageal_junction,raw,ENSG00000216811.2,ENSG00000216811,0.05128205128205129,429.2135220565953,-0.9985126545615302,0.0004502305221212596,1.897435903610822,398.60744916481013,0.0,-1.0,-0.8716115663993239,-0.9994479843229808,0.007919162930518288,14.578904645696925,214.8431602577467,-0.8716115663993239,428.8547164440732,0.0,403,True
esophagus_mucosa,excluded_at_or_below_-1,ENSG00000216811.2,ENSG00000216811,,,,,,,,,,,,,,,,,5,False
esophagus_mucosa,raw,ENSG00000216811.2,ENSG00000216811,-0.7185284798910117,560.6580765388928,-0.9980498937234658,0.002105595265157463,2665.1831890730073,105.1442284403451,0.0,-1.0,-0.841502682288777,-0.9989767551481832,0.011474666776601515,11.443366995025638,132.52270918431026,-0.841502682288777,559.4477534202368,0.0,614,True
esophagus_muscularis,excluded_at_or_below_-1,ENSG00000216811.2,ENSG00000216811,,,,,,,,,,,,,,,,,2,False
esophagus_muscularis,raw,ENSG00000216811.2,ENSG00000216811,0.051282049131776565,596.4944628781249,-0.9986079085040073,0.0006942895570490351,1.8974359054574572,252.85807514117863,0.0,-1.0,-0.8744705606119033,-0.9996100323777207,0.0065963288984792565,17.188123407613162,298.9499266741396,-0.8744705606119033,589.5993120819563,0.0,561,True
fallopian_tube,excluded_at_or_below_-1,ENSG00000216811.2,ENSG00000216811,,,,,,,,,,,,,,,,,0,False
fallopian_tube,raw,ENSG00000216811.2,ENSG00000216811,0.0,29.0,-0.9875,1.0001e-06,0.0,-17675.90193946968,0.0,-1.0,-1.0,-1.0,0.0,,,-1.0,2.368398264137555e-188,0.0,29,True
heart_atrial_appendage,excluded_at_or_below_-1,ENSG00000216811.2,ENSG00000216811,,,,,,,,,,,,,,,,,0,False
heart_atrial_appendage,raw,ENSG00000216811.2,ENSG00000216811,0.0,461.0,-0.9875,1.0001e-06,0.0,-17675.90193946968,0.0,-1.0,-1.0,-1.0,0.0,,,-1.0,3.7649365509221136e-187,0.0,461,True
heart_left_ventricle,excluded_at_or_below_-1,ENSG00000216811.2,ENSG00000216811,,,,,,,,,,,,,,,,,1,False
heart_left_ventricle,raw,ENSG00000216811.2,ENSG00000216811,1.632274964825012,416.6520537623671,-0.9993317119562658,0.0008666197495426659,1792.2714848897708,93.11795699069211,0.0,-1.0,-0.9422697075233676,-0.9998722781139897,0.002715404543532835,21.189672420660447,447.00221729489914,-0.9422697075233676,416.6296390616293,0.0,452,True
kidney_cortex,excluded_at_or_below_-1,ENSG00000216811.2,ENSG00000216811,,,,,,,,,,,,,,,,,2,False
kidney_cortex,raw,ENSG00000216811.2,ENSG00000216811,0.05128168161016581,122.16377899238613,-0.9990271299701274,0.0005464035354833253,1.8974358988089364,247.0411777148813,0.0,-1.0,-0.903578905950222,-0.9986021169086091,0.010562234569693173,7.992081797458626,65.24823927739389,-0.903578905950222,122.14344689498388,0.0,104,True
kidney_medulla,excluded_at_or_below_-1,ENSG00000216811.2,ENSG00000216811,,,,,,,,,,,,,,,,,0,False
kidney_medulla,raw,ENSG00000216811.2,ENSG00000216811,0.0,11.0,-0.9875,1.0001e-06,0.0,-17675.90193946968,0.0,-1.0,-1.0,-1.0,0.0,,,-1.0,8.983579622590726e-189,0.0,11,True
liver,excluded_at_or_below_-1,ENSG00000216811.2,ENSG00000216811,,,,,,,,,,,,,,,,,1,False
liver,raw,ENSG00000216811.2,ENSG00000216811,0.025641025641025633,281.5568405171406,-0.9978937093833669,0.0007229227183570158,0.9743589749298268,356.68486505132165,0.0,-1.0,-0.8155622715437969,-0.9992960392043656,0.011394600917496993,16.093595975344492,257.0038314176244,-0.8155622715437969,280.2623303585436,0.0,262,True
lung,excluded_at_or_below_-1,ENSG00000216811.2,ENSG00000216811,,,,,,,,,,,,,,,,,4,False
lung,raw,ENSG00000216811.2,ENSG00000216811,0.10256410256409741,705.9800215367987,-0.9978040021847001,0.0006105386271833467,3.5897435897436307,356.19405261757265,0.0,-1.0,-0.8440293293332507,-0.999188258122187,0.010218447668748225,13.03778661959292,173.52727577500306,-0.8440293293332507,682.2401192061558,0.0,604,True
minor_salivary_gland,excluded_at_or_below_-1,ENSG00000216811.2,ENSG00000216811,,,,,,,,,,,,,,,,,1,False
minor_salivary_gland,raw,ENSG00000216811.2,ENSG00000216811,0.02564102566201415,198.83762885676114,-0.9965320580037776,0.0009997172179220248,0.9743589743765282,351.8392749901662,0.0,-1.0,-0.7478144735403387,-0.9986067097985655,0.018744802558572613,13.341872265748755,176.00555555555573,-0.7478144735403387,196.86376224252948,0.0,181,True
muscle_skeletal,excluded_at_or_below_-1,ENSG00000216811.2,ENSG00000216811,,,,,,,,,,,,,,,,,3,False
muscle_skeletal,raw,ENSG00000216811.2,ENSG00000216811,2.971954477807846,764.9682368612126,-0.9982224990913408,0.0020275003118951367,3384.94864758014,101.6542887697444,0.0,-1.0,-0.8524848908051595,-0.9996641755083283,0.0061225584515648395,20.594560847124175,452.68025641966,-0.8524848908051595,764.4334342037462,0.0,818,True
nerve_tibial,excluded_at_or_below_-1,ENSG00000216811.2,ENSG00000216811,,,,,,,,,,,,,,,,,1,False
nerve_tibial,raw,ENSG00000216811.2,ENSG00000216811,2.4025183165401494,633.567002444855,-0.9982209067117114,0.0019334859194711054,1678.5331515074356,105.61047247199153,0.0,-1.0,-0.8538322748203311,-0.9997818392161497,0.005646951876792011,25.826372079103745,665.0014947683103,-0.8538322748203311,632.7142958687215,0.0,670,True
ovary,excluded_at_or_below_-1,ENSG00000216811.2,ENSG00000216811,,,,,,,,,,,,,,,,,0,False
ovary,raw,ENSG00000216811.2,ENSG00000216811,0.0,193.0,-0.9875,1.0001e-06,0.0,-17675.90193946968,0.0,-1.0,-1.0,-1.0,0.0,,,-1.0,1.576209879236373e-187,0.0,193,True
pancreas,excluded_at_or_below_-1,ENSG00000216811.2,ENSG00000216811,,,,,,,,,,,,,,,,,0,False
pancreas,raw,ENSG00000216811.2,ENSG00000216811,0.0,362.0,-0.9875,1.0001e-06,0.0,-17675.90193946968,0.0,-1.0,-1.0,-1.0,0.0,,,-1.0,2.956414384888948e-187,0.0,362,True
pituitary,excluded_at_or_below_-1,ENSG00000216811.2,ENSG00000216811,,,,,,,,,,,,,,,,,4,False
pituitary,raw,ENSG00000216811.2,ENSG00000216811,0.10254801479981451,381.93541532958017,-0.9988191966775875,0.0006647183441345974,5.589743602011979,250.5860893212567,0.0,-1.0,-0.881037006781684,-0.9985941694789822,0.012440036677056092,8.802189896860266,76.10576447835808,-0.881037006781684,381.83436904661704,0.0,313,True
prostate,excluded_at_or_below_-1,ENSG00000216811.2,ENSG00000216811,,,,,,,,,,,,,,,,,2,False
prostate,raw,ENSG00000216811.2,ENSG00000216811,-0.30893566397230726,261.5324747430371,-0.9981631915907637,0.00198683394746121,407.2433611078178,105.33421559696791,0.0,-1.0,-0.8501787563219683,-0.9990845211395903,0.010991494338133909,12.191935790761734,149.88727394443475,-0.8501787563219683,261.04320446168566,0.0,282,True
skin_not_sun_exposed_suprapubic,excluded_at_or_below_-1,ENSG00000216811.2,ENSG00000216811,,,,,,,,,,,,,,,,,2,False
skin_not_sun_exposed_suprapubic,raw,ENSG00000216811.2,ENSG00000216811,2.399349615212339,599.8115178932575,-0.9985732736570507,0.0017707564212385955,3393.1342409644476,95.79015744939711,0.0,-1.0,-0.878633088590273,-0.9996910770014776,0.00568758165644781,19.040249772546648,371.86086963947554,-0.878633088590273,599.7979716076725,0.0,651,True
skin_sun_exposed_lower_leg,excluded_at_or_below_-1,ENSG00000216811.2,ENSG00000216811,,,,,,,,,,,,,,,,,3,False
skin_sun_exposed_lower_leg,raw,ENSG00000216811.2,ENSG00000216811,2.6363674002143513,700.7525542470993,-0.996968344143844,0.003162924448916127,2850.100490821186,108.60905806703902,0.0,-1.0,-0.754061435121173,-0.9993713234249776,0.010699967128140822,19.182700536389067,398.0365315140383,-0.754061435121173,699.0152975086322,0.0,754,True
small_intestine_terminal_ileum,excluded_at_or_below_-1,ENSG00000216811.2,ENSG00000216811,,,,,,,,,,,,,,,,,2,False
small_intestine_terminal_ileum,raw,ENSG00000216811.2,ENSG00000216811,0.05128205128204951,286.3563078429468,-0.9986684897008871,0.0006259903893184157,1.8974358982175887,303.0713842922683,0.0,-1.0,-0.864516351090342,-0.9987280680694915,0.012914087392328112,10.03860142486021,98.86286452373164,-0.864516351090342,285.8782482548247,0.0,207,True
spleen,excluded_at_or_below_-1,ENSG00000216811.2,ENSG00000216811,,,,,,,,,,,,,,,,,2,False
spleen,raw,ENSG00000216811.2,ENSG00000216811,0.051282051282051315,305.9119667599059,-0.9930051865335343,0.0022530814372674767,1.8974358979212722,383.80812668525425,0.0,-1.0,-0.3815339146445341,-0.997498228510028,0.037412725153701636,16.224473528587666,264.23149561378403,-0.3815339146445341,302.6670031066377,0.0,277,True
stomach,excluded_at_or_below_-1,ENSG00000216811.2,ENSG00000216811,,,,,,,,,,,,,,,,,3,False
stomach,raw,ENSG00000216811.2,ENSG00000216811,0.0769230769230534,449.62553129387265,-0.9980757494567786,0.0007982348815019006,2.7692307700441883,306.3637991318745,0.0,-1.0,-0.8251525945648535,-0.9988919249862839,0.012975885981339185,11.793745724597935,139.23456446349846,-0.8251525945648535,439.7362489528225,0.0,407,True
testis,excluded_at_or_below_-1,ENSG00000216811.2,ENSG00000216811,0.21743448610276983,854586197.0201802,-2.2388271341836057,0.29405059764406577,11.567632351532719,7.395528329539752,0.0,-0.899477091462853,-0.7011106371464567,-0.8259581190934359,0.06207352945512761,0.6452677049413599,-0.6720833741674572,-0.7011106371464567,0.8338552852182407,0.0,14,True
testis,raw,ENSG00000216811.2,ENSG00000216811,0.35897435897436186,478.0819739191269,-0.9964185382544255,0.00036532298029357847,14.974358974358978,1143.1759329435297,0.0,-1.0,-0.7011106371464567,-0.9941145257664448,0.033367068555298196,6.113801948837647,38.92296307643638,-0.7011106371464567,450.77430373539914,0.0,414,True
thyroid,excluded_at_or_below_-1,ENSG00000216811.2,ENSG00000216811,,,,,,,,,,,,,,,,,5,False
thyroid,raw,ENSG00000216811.2,ENSG00000216811,0.12828968719656667,733.3381293773892,-0.9952512341861011,0.0002584074066542402,4.358974637835884,2084.5666519146425,0.0,-1.0,-0.6143558186342419,-0.9983981788574869,0.02043958373566871,14.681445395238187,235.6460619807598,-0.6143558186342419,304.91655341704563,0.0,684,True
uterus,excluded_at_or_below_-1,ENSG00000216811.2,ENSG00000216811,,,,,,,,,,,,,,,,,0,False
uterus,raw,ENSG00000216811.2,ENSG00000216811,0.0,153.0,-0.9875,1.0001e-06,0.0,-17675.90193946968,0.0,-1.0,-1.0,-1.0,0.0,,,-1.0,1.24953425659671e-187,0.0,153,True
vagina,excluded_at_or_below_-1,ENSG00000216811.2,ENSG00000216811,,,,,,,,,,,,,,,,,0,False
vagina,raw,ENSG00000216811.2,ENSG00000216811,0.0,170.0,-0.9875,1.0001e-06,0.0,-17675.90193946968,0.0,-1.0,-1.0,-1.0,0.0,,,-1.0,1.3883713962185667e-187,0.0,170,True
whole_blood,excluded_at_or_below_-1,ENSG00000216811.2,ENSG00000216811,,,,,,,,,,,,,,,,,4,False
whole_blood,raw,ENSG00000216811.2,ENSG00000216811,2.8833904165002844,753.1955478080971,-0.9960990642263592,0.003054199639567916,2154.926506498621,142.86768394644608,0.0,-1.0,-0.6875555454646416,-0.9992514321717061,0.012521461599191873,21.04432550101134,491.1076289228921,-0.6875555454646416,748.1793104350363,0.0,803,True
adipose_subcutaneous,excluded_at_or_below_-1,ENSG00000216844.1,ENSG00000216844,,,,,,,,,,,,,,,,,0,False
adipose_subcutaneous,raw,ENSG00000216844.1,ENSG00000216844,0.0,714.0,-0.9875,1.0001e-06,0.0,-17675.90193946968,0.0,-1.0,-1.0,-1.0,0.0,,,-1.0,5.83115986411798e-187,0.0,714,True
adipose_visceral_omentum,excluded_at_or_below_-1,ENSG00000216844.1,ENSG00000216844,,,,,,,,,,,,,,,,,0,False
adipose_visceral_omentum,raw,ENSG00000216844.1,ENSG00000216844,0.0,587.0,-0.9875,1.0001e-06,0.0,-17675.90193946968,0.0,-1.0,-1.0,-1.0,0.0,,,-1.0,4.793964762237051e-187,0.0,587,True
adrenal_gland,excluded_at_or_below_-1,ENSG00000216844.1,ENSG00000216844,,,,,,,,,,,,,,,,,2,False
adrenal_gland,raw,ENSG00000216844.1,ENSG00000216844,0.05128205093243975,322.1055842666794,-0.9984814111815795,0.0007657079969787597,1.8974358989202813,256.4236589194017,0.0,-1.0,-0.8596440732623578,-0.9990934782962386,0.011004580229294115,12.06634214482921,143.9612277350482,-0.8596440732623578,315.20445314306727,0.0,295,True
artery_aorta,excluded_at_or_below_-1,ENSG00000216844.1,ENSG00000216844,,,,,,,,,,,,,,,,,0,False
artery_aorta,raw,ENSG00000216844.1,ENSG00000216844,0.0,472.0,-0.9875,1.0001e-06,0.0,-17675.90193946968,0.0,-1.0,-1.0,-1.0,0.0,,,-1.0,3.8547723471480207e-187,0.0,472,True
artery_coronary,excluded_at_or_below_-1,ENSG00000216844.1,ENSG00000216844,,,,,,,,,,,,,,,,,0,False
artery_coronary,raw,ENSG00000216844.1,ENSG00000216844,0.0,268.0,-0.9875,1.0001e-06,0.0,-17675.90193946968,0.0,-1.0,-1.0,-1.0,0.0,,,-1.0,2.1887266716857407e-187,0.0,268,True
artery_tibial,excluded_at_or_below_-1,ENSG00000216844.1,ENSG00000216844,,,,,,,,,,,,,,,,,1,False
artery_tibial,raw,ENSG00000216844.1,ENSG00000216844,2.3645495530074814,654.7373166222582,-0.9984189304348762,0.0015632257341051754,1438.2195650710505,114.25865932012735,0.0,-1.0,-0.8721211198737453,-0.9998149364976465,0.004864741867068133,26.229781723746022,686.0014492753612,-0.8721211198737453,652.7283162787776,0.0,691,True
bladder,excluded_at_or_below_-1,ENSG00000216844.1,ENSG00000216844,,,,,,,,,,,,,,,,,0,False
bladder,raw,ENSG00000216844.1,ENSG00000216844,0.0,77.0,-0.9875,1.0001e-06,0.0,-17675.90193946968,0.0,-1.0,-1.0,-1.0,0.0,,,-1.0,6.288505735813509e-188,0.0,77,True
brain_amygdala,excluded_at_or_below_-1,ENSG00000216844.1,ENSG00000216844,,,,,,,,,,,,,,,,,1,False
brain_amygdala,raw,ENSG00000216844.1,ENSG00000216844,0.025641025645193178,198.71375284043515,-0.9983187707796238,0.0007334363918480382,0.9743589810947363,291.705219534421,0.0,-1.0,-0.8470352380863329,-0.9991548908181566,0.011369781211252029,13.34187226574875,176.0055555555556,-0.8470352380863329,194.58012838335372,0.0,181,True
brain_anterior_cingulate_cortex_ba24,excluded_at_or_below_-1,ENSG00000216844.1,ENSG00000216844,,,,,,,,,,,,,,,,,1,False
brain_anterior_cingulate_cortex_ba24,raw,ENSG00000216844.1,ENSG00000216844,-0.1816154911533969,220.8783754553447,-0.9980424239856057,0.0020437836256891593,151.65416843946647,108.88144589686054,0.0,-1.0,-0.8406898697561362,-0.9993162655354341,0.010436753642882358,15.165892995297952,228.0043103448276,-0.8406898697561362,220.39304786554297,0.0,233,True
brain_caudate_basal_ganglia,excluded_at_or_below_-1,ENSG00000216844.1,ENSG00000216844,,,,,,,,,,,,,,,,,1,False
brain_caudate_basal_ganglia,raw,ENSG00000216844.1,ENSG00000216844,0.025640921936097873,313.74374997847633,-0.999187070877208,0.0003732412620370514,0.9743589758550593,268.17884653882356,0.0,-1.0,-0.9284089268988488,-0.9997613630896628,0.004133312532652382,17.23378497259393,295.00334448160464,-0.9284089268988488,312.48188261241404,0.0,300,True
brain_cerebellar_hemisphere,excluded_at_or_below_-1,ENSG00000216844.1,ENSG00000216844,,,,,,,,,,,,,,,,,0,False
brain_cerebellar_hemisphere,raw,ENSG00000216844.1,ENSG00000216844,0.0,277.0,-0.9875,1.0001e-06,0.0,-17675.90193946968,0.0,-1.0,-1.0,-1.0,0.0,,,-1.0,2.2622286867796648e-187,0.0,277,True
brain_cerebellum,excluded_at_or_below_-1,ENSG00000216844.1,ENSG00000216844,,,,,,,,,,,,,,,,,1,False
brain_cerebellum,raw,ENSG00000216844.1,ENSG00000216844,0.025641025641025605,274.6905871224018,-0.9985286574263685,0.0005112267779629755,0.9743589743589748,343.0153054110794,0.0,-1.0,-0.8745313955962424,-0.9995283135172791,0.007692973723022043,16.217391084416306,261.0037735849056,-0.8745313955962424,274.6632677258498,0.0,266,True
brain_cortex,excluded_at_or_below_-1,ENSG00000216844.1,ENSG00000216844,,,,,,,,,,,,,,,,,0,False
brain_cortex,raw,ENSG00000216844.1,ENSG00000216844,0.0,270.0,-0.9875,1.0001e-06,0.0,-17675.90193946968,0.0,-1.0,-1.0,-1.0,0.0,,,-1.0,2.2050604528177237e-187,0.0,270,True
brain_frontal_cortex_ba9,excluded_at_or_below_-1,ENSG00000216844.1,ENSG00000216844,,,,,,,,,,,,,,,,,0,False
brain_frontal_cortex_ba9,raw,ENSG00000216844.1,ENSG00000216844,0.0,269.0,-0.9875,1.0001e-06,0.0,-17675.90193946968,0.0,-1.0,-1.0,-1.0,0.0,,,-1.0,2.196893562251732e-187,0.0,269,True
brain_hippocampus,excluded_at_or_below_-1,ENSG00000216844.1,ENSG00000216844,,,,,,,,,,,,,,,,,0,False
brain_hippocampus,raw,ENSG00000216844.1,ENSG00000216844,0.0,255.0,-0.9875,1.0001e-06,0.0,-17675.90193946968,0.0,-1.0,-1.0,-1.0,0.0,,,-1.0,2.08255709432785e-187,0.0,255,True
brain_hypothalamus,excluded_at_or_below_-1,ENSG00000216844.1,ENSG00000216844,,,,,,,,,,,,,,,,,0,False
brain_hypothalamus,raw,ENSG00000216844.1,ENSG00000216844,0.0,257.0,-0.9875,1.0001e-06,0.0,-17675.90193946968,0.0,-1.0,-1.0,-1.0,0.0,,,-1.0,2.0988908754598334e-187,0.0,257,True
brain_nucleus_accumbens_basal_ganglia,excluded_at_or_below_-1,ENSG00000216844.1,ENSG00000216844,,,,,,,,,,,,,,,,,1,False
brain_nucleus_accumbens_basal_ganglia,raw,ENSG00000216844.1,ENSG00000216844,0.025641025196116347,299.9697061775151,-0.9989193177596075,0.000519802397596155,0.9743589753400417,258.7587841168284,0.0,-1.0,-0.9038110258002996,-0.9996624948273696,0.005697743091999083,16.79296046344308,280.0035211267619,-0.9038110258002996,297.886241759588,0.0,285,True
brain_putamen_basal_ganglia,excluded_at_or_below_-1,ENSG00000216844.1,ENSG00000216844,,,,,,,,,,,,,,,,,2,False
brain_putamen_basal_ganglia,raw,ENSG00000216844.1,ENSG00000216844,0.052630627422631915,241.3177725116776,-0.9972195436321873,0.0021854115093946054,115.06234767293444,142.20418362199828,0.0,-1.0,-0.7774686744281831,-0.9988063533054597,0.014832864922464793,13.767479131863821,197.0179137788846,-0.7774686744281831,239.68762507239197,0.0,254,True
brain_spinal_cord_cervical_c-1,excluded_at_or_below_-1,ENSG00000216844.1,ENSG00000216844,,,,,,,,,,,,,,,,,0,False
brain_spinal_cord_cervical_c-1,raw,ENSG00000216844.1,ENSG00000216844,0.0,204.0,-0.9875,1.0001e-06,0.0,-17675.90193946968,0.0,-1.0,-1.0,-1.0,0.0,,,-1.0,1.6660456754622802e-187,0.0,204,True
brain_substantia_nigra,excluded_at_or_below_-1,ENSG00000216844.1,ENSG00000216844,,,,,,,,,,,,,,,,,0,False
brain_substantia_nigra,raw,ENSG00000216844.1,ENSG00000216844,0.0,183.0,-0.9875,1.0001e-06,0.0,-17675.90193946968,0.0,-1.0,-1.0,-1.0,0.0,,,-1.0,1.4945409735764572e-187,0.0,183,True
breast_mammary_tissue,excluded_at_or_below_-1,ENSG00000216844.1,ENSG00000216844,,,,,,,,,,,,,,,,,0,False
breast_mammary_tissue,raw,ENSG00000216844.1,ENSG00000216844,0.0,514.0,-0.9875,1.0001e-06,0.0,-17675.90193946968,0.0,-1.0,-1.0,-1.0,0.0,,,-1.0,4.1977817509196667e-187,0.0,514,True
cells_cultured_fibroblasts,excluded_at_or_below_-1,ENSG00000216844.1,ENSG00000216844,,,,,,,,,,,,,,,,,1,False
cells_cultured_fibroblasts,raw,ENSG00000216844.1,ENSG00000216844,2.3547129050966884,615.4711863495754,-0.9965013098018183,0.003152538147004148,1351.7989842114484,124.3745407641014,0.0,-1.0,-0.7192479339983764,-0.9995693986717765,0.010995099477574018,25.47550855426265,647.0015360983095,-0.7192479339983764,612.5410210422194,0.0,652,True
cells_ebv-transformed_lymphocytes,excluded_at_or_below_-1,ENSG00000216844.1,ENSG00000216844,,,,,,,,,,,,,,,,,3,False
cells_ebv-transformed_lymphocytes,raw,ENSG00000216844.1,ENSG00000216844,0.07692307692317252,357.54006413466095,-0.9966573347628838,0.0013266533209486753,2.769230775854672,317.05069988540123,0.0,-1.0,-0.6992366515626309,-0.9984778885291749,0.018297620287801145,14.358342968402365,222.02480300557355,-0.6992366515626309,351.57363384515264,0.0,327,True
cervix_ectocervix,excluded_at_or_below_-1,ENSG00000216844.1,ENSG00000216844,,,,,,,,,,,,,,,,,0,False
cervix_ectocervix,raw,ENSG00000216844.1,ENSG00000216844,0.0,24.0,-0.9875,1.0001e-06,0.0,-17675.90193946968,0.0,-1.0,-1.0,-1.0,0.0,,,-1.0,1.9600537358379766e-188,0.0,24,True
cervix_endocervix,excluded_at_or_below_-1,ENSG00000216844.1,ENSG00000216844,,,,,,,,,,,,,,,,,0,False
cervix_endocervix,raw,ENSG00000216844.1,ENSG00000216844,0.0,23.0,-0.9875,1.0001e-06,0.0,-17675.90193946968,0.0,-1.0,-1.0,-1.0,0.0,,,-1.0,1.878384830178061e-188,0.0,23,True
colon_sigmoid,excluded_at_or_below_-1,ENSG00000216844.1,ENSG00000216844,,,,,,,,,,,,,,,,,1,False
colon_sigmoid,raw,ENSG00000216844.1,ENSG00000216844,0.026315795717747437,402.1470704311708,-0.9984353972108022,0.0010979752528983034,251.47663840155707,159.20064414808476,0.0,-1.0,-0.8748342861970251,-0.999701275146055,0.006114745258366969,20.396136701456424,414.0023923444979,-0.8748342861970251,398.6982970875752,0.0,419,True
colon_transverse,excluded_at_or_below_-1,ENSG00000216844.1,ENSG00000216844,,,,,,,,,,,,,,,,,1,False
colon_transverse,raw,ENSG00000216844.1,ENSG00000216844,1.429706074076861,446.57525043390444,-0.9970042119164744,0.00205352401613188,977.8361045400511,163.06721239052567,0.0,-1.0,-0.7602207120285842,-0.9994994169353415,0.010955795307250018,21.817472173700775,474.0020920502092,-0.7602207120285842,442.6198357836803,0.0,479,True
esophagus_gastroesophageal_junction,excluded_at_or_below_-1,ENSG00000216844.1,ENSG00000216844,,,,,,,,,,,,,,,,,0,False
esophagus_gastroesophageal_junction,raw,ENSG00000216844.1,ENSG00000216844,0.0,403.0,-0.9875,1.0001e-06,0.0,-17675.90193946968,0.0,-1.0,-1.0,-1.0,0.0,,,-1.0,3.2912568980946026e-187,0.0,403,True
esophagus_mucosa,excluded_at_or_below_-1,ENSG00000216844.1,ENSG00000216844,,,,,,,,,,,,,,,,,0,False
esophagus_mucosa,raw,ENSG00000216844.1,ENSG00000216844,0.0,614.0,-0.9875,1.0001e-06,0.0,-17675.90193946968,0.0,-1.0,-1.0,-1.0,0.0,,,-1.0,5.014470807518823e-187,0.0,614,True
esophagus_muscularis,excluded_at_or_below_-1,ENSG00000216844.1,ENSG00000216844,,,,,,,,,,,,,,,,,0,False
esophagus_muscularis,raw,ENSG00000216844.1,ENSG00000216844,0.0,561.0,-0.9875,1.0001e-06,0.0,-17675.90193946968,0.0,-1.0,-1.0,-1.0,0.0,,,-1.0,4.5816256075212706e-187,0.0,561,True
fallopian_tube,excluded_at_or_below_-1,ENSG00000216844.1,ENSG00000216844,,,,,,,,,,,,,,,,,0,False
fallopian_tube,raw,ENSG00000216844.1,ENSG00000216844,0.0,29.0,-0.9875,1.0001e-06,0.0,-17675.90193946968,0.0,-1.0,-1.0,-1.0,0.0,,,-1.0,2.368398264137555e-188,0.0,29,True
heart_atrial_appendage,excluded_at_or_below_-1,ENSG00000216844.1,ENSG00000216844,,,,,,,,,,,,,,,,,0,False
heart_atrial_appendage,raw,ENSG00000216844.1,ENSG00000216844,0.0,461.0,-0.9875,1.0001e-06,0.0,-17675.90193946968,0.0,-1.0,-1.0,-1.0,0.0,,,-1.0,3.7649365509221136e-187,0.0,461,True
heart_left_ventricle,excluded_at_or_below_-1,ENSG00000216844.1,ENSG00000216844,,,,,,,,,,,,,,,,,2,False
heart_left_ventricle,raw,ENSG00000216844.1,ENSG00000216844,0.05128205127071244,457.6778943291003,-0.9991112120768165,0.00036524573540637164,1.8974358976380878,286.631288864382,0.0,-1.0,-0.9250835979475384,-0.9997028958779707,0.00449141068644131,15.230354144463497,232.81957899078674,-0.9250835979475384,457.0710572797121,0.0,452,True
kidney_cortex,excluded_at_or_below_-1,ENSG00000216844.1,ENSG00000216844,,,,,,,,,,,,,,,,,0,False
kidney_cortex,raw,ENSG00000216844.1,ENSG00000216844,0.0,104.0,-0.9875,1.0001e-06,0.0,-17675.90193946968,0.0,-1.0,-1.0,-1.0,0.0,,,-1.0,8.493566188631232e-188,0.0,104,True
kidney_medulla,excluded_at_or_below_-1,ENSG00000216844.1,ENSG00000216844,,,,,,,,,,,,,,,,,0,False
kidney_medulla,raw,ENSG00000216844.1,ENSG00000216844,0.0,11.0,-0.9875,1.0001e-06,0.0,-17675.90193946968,0.0,-1.0,-1.0,-1.0,0.0,,,-1.0,8.983579622590726e-189,0.0,11,True
liver,excluded_at_or_below_-1,ENSG00000216844.1,ENSG00000216844,,,,,,,,,,,,,,,,,0,False
liver,raw,ENSG00000216844.1,ENSG00000216844,0.0,262.0,-0.9875,1.0001e-06,0.0,-17675.90193946968,0.0,-1.0,-1.0,-1.0,0.0,,,-1.0,2.1397253282897912e-187,0.0,262,True
lung,excluded_at_or_below_-1,ENSG00000216844.1,ENSG00000216844,,,,,,,,,,,,,,,,,3,False
lung,raw,ENSG00000216844.1,ENSG00000216844,0.07894736842071845,707.3425732106413,-0.9978889883791987,0.0007513673031153601,2.769390989603652,268.20777714482875,0.0,-1.0,-0.8553910237509185,-0.9993314303340654,0.00948649422286262,14.154556935372021,199.03230191794452,-0.8553910237509185,702.5820666240104,0.0,604,True
minor_salivary_gland,excluded_at_or_below_-1,ENSG00000216844.1,ENSG00000216844,,,,,,,,,,,,,,,,,0,False
minor_salivary_gland,raw,ENSG00000216844.1,ENSG00000216844,0.0,181.0,-0.9875,1.0001e-06,0.0,-17675.90193946968,0.0,-1.0,-1.0,-1.0,0.0,,,-1.0,1.478207192444474e-187,0.0,181,True
muscle_skeletal,excluded_at_or_below_-1,ENSG00000216844.1,ENSG00000216844,,,,,,,,,,,,,,,,,0,False
muscle_skeletal,raw,ENSG00000216844.1,ENSG00000216844,0.0,818.0,-0.9875,1.0001e-06,0.0,-17675.90193946968,0.0,-1.0,-1.0,-1.0,0.0,,,-1.0,6.680516482981104e-187,0.0,818,True
nerve_tibial,excluded_at_or_below_-1,ENSG00000216844.1,ENSG00000216844,,,,,,,,,,,,,,,,,1,False
nerve_tibial,raw,ENSG00000216844.1,ENSG00000216844,2.3105046383442622,633.5847014428882,-0.9958565791615556,0.0033226085018070797,1307.8644430394197,139.37102230363953,0.0,-1.0,-0.6684128634934907,-0.9995050938261096,0.012810328685856633,25.82637207910375,665.0014947683097,-0.6684128634934907,629.4623655134664,0.0,670,True
ovary,excluded_at_or_below_-1,ENSG00000216844.1,ENSG00000216844,,,,,,,,,,,,,,,,,0,False
ovary,raw,ENSG00000216844.1,ENSG00000216844,0.0,193.0,-0.9875,1.0001e-06,0.0,-17675.90193946968,0.0,-1.0,-1.0,-1.0,0.0,,,-1.0,1.576209879236373e-187,0.0,193,True
pancreas,excluded_at_or_below_-1,ENSG00000216844.1,ENSG00000216844,,,,,,,,,,,,,,,,,0,False
pancreas,raw,ENSG00000216844.1,ENSG00000216844,0.0,362.0,-0.9875,1.0001e-06,0.0,-17675.90193946968,0.0,-1.0,-1.0,-1.0,0.0,,,-1.0,2.956414384888948e-187,0.0,362,True
pituitary,excluded_at_or_below_-1,ENSG00000216844.1,ENSG00000216844,,,,,,,,,,,,,,,,,2,False
pituitary,raw,ENSG00000216844.1,ENSG00000216844,0.05128205128205129,352.83308427817116,-0.9988106744960963,0.0004455818977351358,1.8974359010850923,338.42341883273286,0.0,-1.0,-0.8921822605043209,-0.9993464063854287,0.008175339165484284,12.44487158924896,153.3314659702497,-0.8921822605043209,344.07382170183405,0.0,313,True
prostate,excluded_at_or_below_-1,ENSG00000216844.1,ENSG00000216844,,,,,,,,,,,,,,,,,0,False
prostate,raw,ENSG00000216844.1,ENSG00000216844,0.0,282.0,-0.9875,1.0001e-06,0.0,-17675.90193946968,0.0,-1.0,-1.0,-1.0,0.0,,,-1.0,2.3030631396096224e-187,0.0,282,True
skin_not_sun_exposed_suprapubic,excluded_at_or_below_-1,ENSG00000216844.1,ENSG00000216844,,,,,,,,,,,,,,,,,1,False
skin_not_sun_exposed_suprapubic,raw,ENSG00000216844.1,ENSG00000216844,2.2813025523594965,614.4709502289408,-0.9968268395026018,0.0032059845813146065,1466.1674411932872,112.17961991205635,0.0,-1.0,-0.7425186208964331,-0.9996044832886273,0.010091490886025027,25.455874340936255,646.0015384615373,-0.7425186208964331,612.8612874831122,0.0,651,True
skin_sun_exposed_lower_leg,excluded_at_or_below_-1,ENSG00000216844.1,ENSG00000216844,,,,,,,,,,,,,,,,,1,False
skin_sun_exposed_lower_leg,raw,ENSG00000216844.1,ENSG00000216844,2.6407290605198583,718.2232702581753,-0.9987109259103638,0.00144200948974766,1853.2786812824324,103.97226838256321,0.0,-1.0,-0.8926951149555734,-0.9998576858288536,0.003907813426337435,27.404403442170576,749.0013280212511,-0.8926951149555734,717.7980094614009,0.0,754,True
small_intestine_terminal_ileum,excluded_at_or_below_-1,ENSG00000216844.1,ENSG00000216844,,,,,,,,,,,,,,,,,0,False
small_intestine_terminal_ileum,raw,ENSG00000216844.1,ENSG00000216844,0.0,207.0,-0.9875,1.0001e-06,0.0,-17675.90193946968,0.0,-1.0,-1.0,-1.0,0.0,,,-1.0,1.6905463471602549e-187,0.0,207,True
spleen,excluded_at_or_below_-1,ENSG00000216844.1,ENSG00000216844,,,,,,,,,,,,,,,,,4,False
spleen,raw,ENSG00000216844.1,ENSG00000216844,0.10256410256410256,307.32032899476934,-0.9972966754359713,0.00037839825587613805,5.58974358974359,837.1566917199297,0.0,-1.0,-0.7733003565841746,-0.9978040417940769,0.018976823693196185,9.27515065237767,90.75097451634453,-0.7733003565841746,301.1068001277721,0.0,277,True
stomach,excluded_at_or_below_-1,ENSG00000216844.1,ENSG00000216844,,,,,,,,,,,,,,,,,1,False
stomach,raw,ENSG00000216844.1,ENSG00000216844,0.025641025641284843,411.29881739656076,-0.9988489952474358,0.0004165070172239083,0.9743589829223739,321.657431598454,0.0,-1.0,-0.9041160772727522,-0.9997644129662722,0.004752789595333006,20.09981251291139,402.00246305418904,-0.9041160772727522,409.1004202214933,0.0,407,True
testis,excluded_at_or_below_-1,ENSG00000216844.1,ENSG00000216844,0.08284291702597359,3.095810072667991,-0.9067063486002026,0.11947269573302716,23.681375114713326,3.7757371923251273,0.0,-0.9212699457259724,-0.5877322468460247,-0.8411227355839399,0.06685226990882413,1.5199797332615141,3.021166359141274,-0.5877322468460247,3.0933248620615204,0.0,48,True
testis,raw,ENSG00000216844.1,ENSG00000216844,1.2307692246767343,365.51079874197416,-0.9947570691650874,0.0019877628877383725,122.92307693059081,289.5818346830311,0.0,-1.0,-0.5877322468460247,-0.981579447603935,0.05569703097193364,3.372259101501351,12.382234105365143,-0.5877322468460247,359.160772360411,0.0,414,True
thyroid,excluded_at_or_below_-1,ENSG00000216844.1,ENSG00000216844,,,,,,,,,,,,,,,,,1,False
thyroid,raw,ENSG00000216844.1,ENSG00000216844,2.4369244899176543,647.6452664379573,-0.9980918819401855,0.0020240248530816814,1611.6740093705546,107.72249054398777,0.0,-1.0,-0.8439192704634426,-0.999771811798923,0.005967895851613662,26.096004754154237,679.0014641288412,-0.8439192704634426,646.5271253621266,0.0,684,True
uterus,excluded_at_or_below_-1,ENSG00000216844.1,ENSG00000216844,,,,,,,,,,,,,,,,,0,False
uterus,raw,ENSG00000216844.1,ENSG00000216844,0.0,153.0,-0.9875,1.0001e-06,0.0,-17675.90193946968,0.0,-1.0,-1.0,-1.0,0.0,,,-1.0,1.24953425659671e-187,0.0,153,True
vagina,excluded_at_or_below_-1,ENSG00000216844.1,ENSG00000216844,,,,,,,,,,,,,,,,,0,False
vagina,raw,ENSG00000216844.1,ENSG00000216844,0.0,170.0,-0.9875,1.0001e-06,0.0,-17675.90193946968,0.0,-1.0,-1.0,-1.0,0.0,,,-1.0,1.3883713962185667e-187,0.0,170,True
whole_blood,excluded_at_or_below_-1,ENSG00000216844.1,ENSG00000216844,,,,,,,,,,,,,,,,,2,False
whole_blood,raw,ENSG00000216844.1,ENSG00000216844,2.920664470017848,755.2042621021773,-0.9971919764748173,0.0031174380614962484,2785.895482144441,104.06622723835864,0.0,-1.0,-0.7677923819999986,-0.9995554498265226,0.009297539601518558,22.307981326562707,518.9372117501919,-0.7677923819999986,754.5119153379387,0.0,803,True
adipose_subcutaneous,excluded_at_or_below_-1,ENSG00000216906.2,ENSG00000216906,1.6923010750550784,35.75781917560291,-0.6922268619841954,0.43606152028084727,720.7159820704828,3.749527390748484,0.0,-0.9794572625437902,0.4639101302256934,-0.5630231137481969,0.27391628246992467,0.8063129305568939,0.30994571176926966,0.4639101302256934,35.726115251631796,0.0,699,True
adipose_subcutaneous,raw,ENSG00000216906.2,ENSG00000216906,1.4815450350198889,36.101073020778394,-0.6975057461946164,0.4523565222629162,667.8319432574801,3.6309636385311084,0.0,-1.0,0.4639101302256934,-0.5722033004341592,0.2781805483104566,0.7710977622924846,0.2696448887874334,0.4639101302256934,36.051511456274916,0.0,714,True
adipose_visceral_omentum,excluded_at_or_below_-1,ENSG00000216906.2,ENSG00000216906,1.2074658962435088,30.45111440510115,-0.8566659100149135,0.3424212246352709,961.1236818895806,3.827754251604013,0.0,-0.9866349355543884,0.0701419875403239,-0.7139223432891361,0.19649032120512325,0.9905773112034598,0.747519701675913,0.0701419875403239,30.430979775946415,0.0,541,True
adipose_visceral_omentum,raw,ENSG00000216906.2,ENSG00000216906,-0.8294346086018742,45.019573253573306,-1.157427323901044,0.5913873328157744,613.4390942557849,2.93554676040751,0.0,-1.0,0.0701419875403239,-0.7363406945816399,0.20371215674812715,0.9332577503005354,0.6326952940693982,0.0701419875403239,41.33423627076429,0.0,587,True
adrenal_gland,excluded_at_or_below_-1,ENSG00000216906.2,ENSG00000216906,1.4114312000391156,13.251778744831148,-0.6299053442498883,0.3060882879427604,191.54933574551256,3.7325752217226986,0.0,-0.9759115677453876,0.1779624273740261,-0.5683210528921225,0.23514427113817712,0.5680109021629272,-0.0959448019754423,0.1779624273740261,13.239201323631416,0.0,292,True
adrenal_gland,raw,ENSG00000216906.2,ENSG00000216906,1.4669392250771687,13.661871984648217,-0.6256030307284957,0.29880185558152417,232.39195238856956,3.8032333062037496,0.0,-1.0,0.1779624273740261,-0.57271100828644,0.23793019046103606,0.5370947053089906,-0.10935583071406274,0.1779624273740261,13.651909617266558,0.0,295,True
artery_aorta,excluded_at_or_below_-1,ENSG00000216906.2,ENSG00000216906,1.4035121771126544,23.140567832724795,-0.860466338602215,0.2549206553977481,631.2360052650065,4.1177647806135,0.0,-0.9725444156880456,-0.1182140193087113,-0.7483236590375308,0.16748581974360707,1.1581076323295945,1.3123168881992724,-0.1182140193087113,23.13562797220943,0.0,415,True
artery_aorta,raw,ENSG00000216906.2,ENSG00000216906,-0.5824001839342133,39.061379472941674,-1.1940432090938036,0.5269288396372045,1473.7157221255222,2.887396013546099,0.0,-1.0,-0.1182140193087113,-0.7787167764842697,0.17719057110508074,1.032602369423753,1.0499800163441773,-0.1182140193087113,33.50324766276864,0.0,472,True
artery_coronary,excluded_at_or_below_-1,ENSG00000216906.2,ENSG00000216906,1.5687891064326647,11.27176689147243,-0.8888836042951269,0.42424468412349525,159.24039223744478,3.3469642354641724,0.0,-0.9606608362281904,0.1151597895925991,-0.6257390455466509,0.25677952674605603,0.9099090427331418,0.1332318276447073,0.1151597895925991,11.230130369512949,0.0,250,True
artery_coronary,raw,ENSG00000216906.2,ENSG00000216906,1.5064305278475658,11.870959700405583,-0.9157625610019163,0.457153631981791,258.6793030412206,3.189178140495199,0.0,-1.0,0.1151597895925991,-0.6508759753233684,0.26514033063560144,0.8665371810723719,0.1134751121929245,0.1151597895925991,11.79751109075189,0.0,268,True
artery_tibial,excluded_at_or_below_-1,ENSG00000216906.2,ENSG00000216906,0.8283265160167937,45.187210442653715,-0.7886387213338918,0.3470428369351952,648.7243337367428,4.980630458088229,0.0,-0.9713431572403318,0.433589780703888,-0.6729623281952702,0.21367708686422218,1.218931877987874,2.272067658286799,0.433589780703888,45.18700302735598,0.0,644,True
artery_tibial,raw,ENSG00000216906.2,ENSG00000216906,0.4120771041896474,47.47572847428037,-0.8332523664034562,0.39681997435489846,486.80398368598094,4.5148567653067335,0.0,-1.0,0.433589780703888,-0.695206569258689,0.2221206682025298,1.095265999156249,1.9062627532412755,0.433589780703888,47.473764363424635,0.0,691,True
bladder,excluded_at_or_below_-1,ENSG00000216906.2,ENSG00000216906,0.19677464378238105,3.3581535473572823,-0.705948771627496,0.37263788642956874,62.77481192544067,3.3566489377388185,0.0,-0.9792083818855852,0.178510689747025,-0.606486070576306,0.24018703750613773,0.7978638693865594,0.43684657868325605,0.178510689747025,3.3461319236956415,0.0,73,True
bladder,raw,ENSG00000216906.2,ENSG00000216906,0.07476318721646644,3.5132779957557294,-0.7471172559413751,0.444362534092059,62.10790382650144,2.9458730070003787,0.0,-1.0,0.178510689747025,-0.6269283526242901,0.24976046668578625,0.7125089133564443,0.3053488524736143,0.178510689747025,3.4674200085025797,0.0,77,True
brain_amygdala,excluded_at_or_below_-1,ENSG00000216906.2,ENSG00000216906,0.5903896241087696,7.964438783784291,-0.855897449275216,0.23726569174619458,188.58079203107695,3.331328308078802,0.0,-0.9827365386413884,-0.2969932381434376,-0.771014412669806,0.14406267760553304,0.8116819431563568,0.274787957902634,-0.2969932381434376,7.933434663807629,0.0,175,True
brain_amygdala,raw,ENSG00000216906.2,ENSG00000216906,0.648838666665612,8.182644459239249,-0.8500445636467776,0.2281540104032004,190.1194043675112,3.428090892783489,0.0,-1.0,-0.2969932381434376,-0.7786050951227406,0.14748602641297115,0.76104617222271,0.2171290875380878,-0.2969932381434376,8.159670417745831,0.0,181,True
brain_anterior_cingulate_cortex_ba24,excluded_at_or_below_-1,ENSG00000216906.2,ENSG00000216906,-0.04938154664685379,12.590954899663478,-0.920384752694785,0.4681121471764264,222.4416601717511,2.9654312610029447,0.0,-0.9847950527635264,0.0611886332673883,-0.699952725249659,0.20867072422880725,0.8835591053435671,0.5019601209772162,0.0611886332673883,12.435887870886114,0.0,228,True
brain_anterior_cingulate_cortex_ba24,raw,ENSG00000216906.2,ENSG00000216906,0.03366533771378149,12.454936989461197,-0.9047194511822952,0.4519408812739983,242.03883618547616,3.0225199127458318,0.0,-1.0,0.0611886332673883,-0.7063915079696232,0.21095891586535634,0.8662974623999423,0.46886721674769927,0.0611886332673883,12.325637765879637,0.0,233,True
brain_caudate_basal_ganglia,excluded_at_or_below_-1,ENSG00000216906.2,ENSG00000216906,0.5135435887319008,19.180519043339153,-0.9098921933148681,0.25137858901993837,283.3223018647549,4.400042656619022,0.0,-0.9845309764953328,-0.127777989295781,-0.7936750560436011,0.1479908699581861,1.4250621865869548,2.8144528381619844,-0.127777989295781,19.17929909485299,0.0,285,True
brain_caudate_basal_ganglia,raw,ENSG00000216906.2,ENSG00000216906,0.5345007913512267,19.81210457104622,-0.911582210845715,0.2502017682864278,308.3229506945237,4.4302906728150875,0.0,-1.0,-0.127777989295781,-0.8039913032414211,0.15110065269756862,1.3491396442032675,2.5970210694998412,-0.127777989295781,19.810968739859213,0.0,300,True
brain_cerebellar_hemisphere,excluded_at_or_below_-1,ENSG00000216906.2,ENSG00000216906,0.9506212834757439,11.27332293214694,-0.5219614197921283,0.42921181055829244,137.85094273377098,2.9127703054696905,0.0,-0.9860904400830244,0.3620602370594783,-0.454967897456801,0.2922615133704654,0.4521371829162401,-0.3290130768522732,0.3620602370594783,11.111229957816958,0.0,276,True
brain_cerebellar_hemisphere,raw,ENSG00000216906.2,ENSG00000216906,0.9392872290440065,11.28076380511989,-0.5237131258754968,0.43500632565983727,151.38768659785035,2.8796654879704495,0.0,-1.0,0.3620602370594783,-0.45693552237572954,0.29356384282302894,0.44144213755387546,-0.330845137840301,0.3620602370594783,11.10219368058961,0.0,277,True
brain_cerebellum,excluded_at_or_below_-1,ENSG00000216906.2,ENSG00000216906,0.35519160718060283,13.480981583581372,-0.3893980771514514,0.4179329193634284,149.44732778671505,3.3667062887905077,0.0,-0.9451251345999634,0.6055417433607659,-0.3650488343012031,0.2933688710212952,0.4341106188847938,0.177084033251246,0.6055417433607659,13.434321319119304,0.0,264,True
brain_cerebellum,raw,ENSG00000216906.2,ENSG00000216906,0.29362362819410665,13.988644419135666,-0.3882235875625738,0.42002116546056223,187.39231039513754,3.3460133068935387,0.0,-1.0,0.6055417433607659,-0.3698229032162317,0.2973812483066548,0.38827899998297144,0.16713464479459406,0.6055417433607659,13.93677399765975,0.0,266,True
brain_cortex,excluded_at_or_below_-1,ENSG00000216906.2,ENSG00000216906,-0.23452656111925832,14.088628941010926,-0.6410843075117557,0.34933027872635375,236.15001511782813,3.289766761685255,0.0,-0.9748265887823444,0.1715335108860434,-0.607450402837894,0.2066157157628933,0.43000454756322715,0.06827929406375688,0.1715335108860434,14.025646707903553,0.0,268,True
brain_cortex,raw,ENSG00000216906.2,ENSG00000216906,-0.13131972776504627,14.416864825800179,-0.6379317179355368,0.3373228300838723,198.79355743385565,3.3936532092544285,0.0,-1.0,0.1715335108860434,-0.6103581776316873,0.20859016841673853,0.40705063508809,0.04687511569528091,0.1715335108860434,14.371357353887783,0.0,270,True
brain_frontal_cortex_ba9,excluded_at_or_below_-1,ENSG00000216906.2,ENSG00000216906,-0.3023087921466212,14.110820034242355,-0.7064572748255121,0.4316390950757021,216.0761649946233,3.2295168719861844,0.0,-0.966008314273724,0.2792394949160228,-0.6129921102506463,0.2230727063375699,0.6000457122394209,0.17219211310947635,0.2792394949160228,14.034120039222428,0.0,266,True
brain_frontal_cortex_ba9,raw,ENSG00000216906.2,ENSG00000216906,-0.051684247811783095,14.348539438675452,-0.6815832156291395,0.38892899058301705,211.6297906722682,3.49371875378112,0.0,-1.0,0.2792394949160228,-0.6173081833705276,0.22552669547794277,0.5750147116813552,0.14156934969314205,0.2792394949160228,14.316450969641645,0.0,269,True
brain_hippocampus,excluded_at_or_below_-1,ENSG00000216906.2,ENSG00000216906,0.15273319588533188,17.279658003063794,-1.0291224145219537,0.4393907386320891,224.718845140072,3.378676830984123,0.0,-0.9910370242192088,0.0206195394967181,-0.7502303019241722,0.1880777797390425,1.1486700536135517,1.4272206539580878,0.0206195394967181,17.09294988737677,0.0,246,True
brain_hippocampus,raw,ENSG00000216906.2,ENSG00000216906,0.11211021096602078,18.440340931675777,-1.0569579579359043,0.45545888386281147,202.20097961970833,3.345910608774719,0.0,-1.0,0.0206195394967181,-0.7590457030327309,0.19040047196236085,1.1269622045580563,1.3667169689737468,0.0206195394967181,18.0858382830061,0.0,255,True
brain_hypothalamus,excluded_at_or_below_-1,ENSG00000216906.2,ENSG00000216906,0.48414829575981116,15.9990578422219,-0.9156010548837483,0.4912180676912836,215.7478421229896,3.8845728715388805,0.0,-0.9820524443188784,0.43368057451976,-0.6520008909625454,0.24882151289459944,1.0241286229417386,0.8543813912382885,0.43368057451976,15.9905930265593,0.0,246,True
brain_hypothalamus,raw,ENSG00000216906.2,ENSG00000216906,0.30447918782834094,17.38259869172706,-0.9823308387593119,0.5498248350677702,346.61635402990964,3.6421464026584545,0.0,-1.0,0.43368057451976,-0.666895794462203,0.2534418944407484,0.9928138251777613,0.7928065698448998,0.43368057451976,17.359662625257346,0.0,257,True
brain_nucleus_accumbens_basal_ganglia,excluded_at_or_below_-1,ENSG00000216906.2,ENSG00000216906,0.6481324781038866,13.46901800353413,-0.8549785476649724,0.21617255988630388,228.02574426301967,3.570536539583007,0.0,-0.984793625194295,-0.3091967474720428,-0.787674093433698,0.1333330704892421,0.8419687302220281,0.41297841111536693,-0.3091967474720428,13.446053900079491,0.0,271,True
brain_nucleus_accumbens_basal_ganglia,raw,ENSG00000216906.2,ENSG00000216906,0.4468161155780972,13.968238523146049,-0.8730847593018426,0.24178409832295605,174.97170595748747,3.2982238266311534,0.0,-1.0,-0.3091967474720428,-0.7981041379667795,0.13789321728994855,0.7710479426662198,0.31312538335388407,-0.3091967474720428,13.90757068292924,0.0,285,True
brain_putamen_basal_ganglia,excluded_at_or_below_-1,ENSG00000216906.2,ENSG00000216906,0.3828272744041286,14.92106772694844,-0.9126441675474485,0.15863057342789302,136.71431187244303,4.4125105387734145,0.0,-0.9820438951922476,-0.4176983576319401,-0.8511554912040303,0.0987041848211615,1.3810372115511391,2.685270898912771,-0.4176983576319401,14.920124499756916,0.0,233,True
brain_putamen_basal_ganglia,raw,ENSG00000216906.2,ENSG00000216906,0.24368145208979547,15.821162737128512,-0.9307840230100782,0.17918399116115943,211.26884571934602,4.049539816223677,0.0,-1.0,-0.4176983576319401,-0.8634615332698389,0.10305696564968868,1.2225079194762023,2.2468554571623685,-0.4176983576319401,15.816795945924047,0.0,254,True
brain_spinal_cord_cervical_c-1,excluded_at_or_below_-1,ENSG00000216906.2,ENSG00000216906,0.4444144081745798,11.008030384799696,-0.821114588902402,0.32085955077934336,258.65850287196986,4.134564746885139,0.0,-0.980821891388428,0.1169435818363751,-0.700196683069929,0.20892191862633105,1.2137866562119521,1.8557137570049873,0.1169435818363751,11.005886560297899,0.0,191,True
brain_spinal_cord_cervical_c-1,raw,ENSG00000216906.2,ENSG00000216906,0.10769513628601358,12.074427217385217,-0.9174024008585718,0.42928431215405455,150.85584329710812,3.4074995882644314,0.0,-1.0,0.1169435818363751,-0.7193017964037081,0.2150403240694287,1.135573502909534,1.6478507177446042,0.1169435818363751,12.03805276577197,0.0,204,True
brain_substantia_nigra,excluded_at_or_below_-1,ENSG00000216906.2,ENSG00000216906,0.26769057429213844,14.768727214673332,-0.8673058556134597,0.25373853809896363,73.362079197432,6.145405598008722,0.0,-0.9859218453607635,0.2353042974438493,-0.767375188950923,0.17547869548534334,1.978005003408979,6.780813453697428,0.2353042974438493,14.768696217651435,0.0,173,True
brain_substantia_nigra,raw,ENSG00000216906.2,ENSG00000216906,0.20296723613268058,15.543963391638627,-0.9082170820879666,0.29172274320296754,131.63781981232418,5.54356313135422,0.0,-1.0,0.2353042974438493,-0.7800869272596158,0.17863845942560358,1.8643543773415276,6.2642403038740095,0.2353042974438493,15.543770222263646,0.0,183,True
breast_mammary_tissue,excluded_at_or_below_-1,ENSG00000216906.2,ENSG00000216906,0.054750202520901854,29.39148519174735,-0.7996699244158593,0.3578435678143667,530.7334092614018,3.905374894843787,0.0,-0.9759966986527066,0.1885211969296938,-0.6942185580398195,0.19094936008448765,0.8469606749262177,0.8783651545647206,0.1885211969296938,29.377074361936,0.0,487,True
breast_mammary_tissue,raw,ENSG00000216906.2,ENSG00000216906,-0.3486832055423133,30.66006366877497,-0.8353741604092486,0.40152023264759396,422.4103253180988,3.606310673939225,0.0,-1.0,0.1885211969296938,-0.7102810073256655,0.19800326119634404,0.7697099337061237,0.6879848298088302,0.1885211969296938,30.614093478366236,0.0,514,True
cells_cultured_fibroblasts,excluded_at_or_below_-1,ENSG00000216906.2,ENSG00000216906,0.25696219955945354,35.94986305268972,-0.6105807389888315,0.44538130895678896,316.80754324089025,3.907819282139146,0.0,-0.9743035375570438,0.6201171650286841,-0.5312932785032419,0.2706191568574029,0.7207453285372751,0.6397233657095334,0.6201171650286841,35.93233819282704,0.0,634,True
cells_cultured_fibroblasts,raw,ENSG00000216906.2,ENSG00000216906,0.0196338406008036,36.38093248896636,-0.6227440771102655,0.4688046240134409,639.9163612252986,3.749261706792338,0.0,-1.0,0.6201171650286841,-0.5442330346181832,0.27769835656586933,0.6555109451145665,0.5255879109592683,0.6201171650286841,36.34840822987089,0.0,652,True
cells_ebv-transformed_lymphocytes,excluded_at_or_below_-1,ENSG00000216906.2,ENSG00000216906,0.23344949116579347,1.9804733346631678,-0.9740250401796534,0.028370053790096942,27.116049302886683,4.586784406419909,0.0,-0.985718986303528,-0.8820111295540525,-0.956928124758296,0.023649074071638573,1.2945693167281815,1.3688158285631928,-0.8820111295540525,1.9804043941500575,0.0,37,True
cells_ebv-transformed_lymphocytes,raw,ENSG00000216906.2,ENSG00000216906,0.9665167922016594,295.8379163145192,-0.9986233365110074,0.000643724901638645,51.90979123557696,256.1879526440298,0.0,-1.0,-0.8820111295540525,-0.9951264239023148,0.015763699003169138,3.8774399189923945,16.730732281199014,-0.8820111295540525,295.8345502160528,0.0,327,True
cervix_ectocervix,excluded_at_or_below_-1,ENSG00000216906.2,ENSG00000216906,0.2657284162590056,0.6826824685615386,-0.7512912640911312,0.3567749575638075,14.997759002897098,3.417853050526148,0.0,-0.90370440797594,0.1109578399371156,-0.5229899113243482,0.28404270567206985,0.713936287935784,-0.39880604677014153,0.1109578399371156,0.6806983505409427,0.0,23,True
cervix_ectocervix,raw,ENSG00000216906.2,ENSG00000216906,0.3176835462314455,0.7544057822412215,-0.6636403514513581,0.24026359793808783,18.6330708002392,4.559355961753014,0.0,-1.0,0.1109578399371156,-0.5428653316858337,0.2943691514785383,0.6311983406933425,-0.38876847102393786,0.1109578399371156,0.754376969052429,0.0,24,True
cervix_endocervix,excluded_at_or_below_-1,ENSG00000216906.2,ENSG00000216906,0.12440555446241665,1.014017473907754,-0.7700153952666691,0.3452917976493994,19.751189060517078,3.3331746352988643,0.0,-0.8764317962573295,0.0438064293313424,-0.5844736515482353,0.23030039961751733,1.0947692671599347,0.8612052391977132,0.0438064293313424,1.0100938431297508,0.0,23,True
cervix_endocervix,raw,ENSG00000216906.2,ENSG00000216906,0.12440555446241665,1.014017473907754,-0.7700153952666691,0.3452917976493994,19.751189060517078,3.3331746352988643,0.0,-0.8764317962573295,0.0438064293313424,-0.5844736515482353,0.23030039961751733,1.0947692671599347,0.8612052391977132,0.0438064293313424,1.0100938431297508,0.0,23,True
colon_sigmoid,excluded_at_or_below_-1,ENSG00000216906.2,ENSG00000216906,0.1838458023093758,28.356307867960144,-0.9489466467441168,0.39997927089553814,1089.1195303553247,3.9231941390574443,0.0,-0.9820880662251532,0.160642720146612,-0.738104618812673,0.1846397951648415,1.1280445008158475,1.5472955140362954,0.160642720146612,28.343323016897394,0.0,392,True
colon_sigmoid,raw,ENSG00000216906.2,ENSG00000216906,-0.07046722125030495,32.63331901636575,-1.0317400859497294,0.4590914442660356,447.465320755399,3.673089439986954,0.0,-1.0,0.160642720146612,-0.754980932158873,0.18982797347301544,1.0688318386874367,1.3741742115555615,0.160642720146612,32.43933680308092,0.0,419,True
colon_transverse,excluded_at_or_below_-1,ENSG00000216906.2,ENSG00000216906,0.6092650344264074,38.128414962885195,-1.0634410072875855,0.34393250213342463,567.5220481798017,3.8634890732484655,0.0,-0.984558095614636,-0.1238520376430315,-0.8024154689692415,0.1514471086772064,1.3459381233253198,2.0801602789109674,-0.1238520376430315,36.15266894585727,0.0,427,True
colon_transverse,raw,ENSG00000216906.2,ENSG00000216906,-1.0609880944779992,362950.3078982814,-5.041075518696253,1.3599951992879413,831.4786282167827,5.113256384850364,0.0,-1.0,-0.1238520376430315,-0.8238651466594283,0.15565028759872465,1.2985200118157538,1.9419390814537776,-0.1238520376430315,52.37370401498629,0.0,479,True
esophagus_gastroesophageal_junction,excluded_at_or_below_-1,ENSG00000216906.2,ENSG00000216906,1.2532483819285933,24.001663917488667,-0.9613591101761579,0.31606552851517605,318.9698042217178,3.975284953404377,0.0,-0.9753725219561254,-0.07291441326078,-0.7571925697973279,0.17700867788818486,1.1875231619199995,1.1169661012952519,-0.07291441326078,23.992728797514353,0.0,363,True
esophagus_gastroesophageal_junction,raw,ENSG00000216906.2,ENSG00000216906,0.4710492138098843,38.827875462868974,-1.2157427328958625,0.48768532110733287,461.6258761469778,3.3140290247454143,0.0,-1.0,-0.07291441326078,-0.7812925628695534,0.18302571464053002,1.1323931867215813,1.0439800992650454,-0.07291441326078,31.76648204071003,0.0,403,True
esophagus_mucosa,excluded_at_or_below_-1,ENSG00000216906.2,ENSG00000216906,2.7918151286551622,28.53466116320194,-0.782377511605682,0.2088166732737536,611.148086795798,4.010315584636539,0.0,-0.9868050431940552,-0.1902316140960642,-0.7244268765579047,0.15630060717869576,0.699011203877448,-0.016115504730301655,-0.1902316140960642,28.525387829517083,0.0,598,True
esophagus_mucosa,raw,ENSG00000216906.2,ENSG00000216906,2.58351042107946,28.685549072407788,-0.787486317700735,0.2231867685476497,961.9369245716689,3.7844792839881953,0.0,-1.0,-0.1902316140960642,-0.7316079351492296,0.1603830268361212,0.6320921583646621,-0.04977247983833166,-0.1902316140960642,28.663242118597715,0.0,614,True
esophagus_muscularis,excluded_at_or_below_-1,ENSG00000216906.2,ENSG00000216906,0.8647124540557302,51.865991562546775,-0.9972412853857406,0.2992944860683968,735.4151413338368,5.454697973215662,0.0,-0.9764508150179616,0.1571536871899843,-0.793223936313431,0.15340680328813588,1.5098257250528717,3.5105537807362115,0.1571536871899843,51.61630354501808,0.0,482,True
esophagus_muscularis,raw,ENSG00000216906.2,ENSG00000216906,-0.6559781017362024,5859.409114674406,-2.9960456194662384,0.9637566759108113,995.2424830692785,4.626994900060589,0.0,-1.0,0.1571536871899843,-0.822342134230078,0.1593613396841427,1.4029733142232255,3.025680184081259,0.1571536871899843,80.21185684378977,0.0,561,True
fallopian_tube,excluded_at_or_below_-1,ENSG00000216906.2,ENSG00000216906,0.33261522772436075,3267010913426.5967,-12.105326988226853,2.0968392410943832,21.071440247970372,8.038795432947378,0.0,-0.9184381219065654,-0.1862914454978117,-0.6542147462775574,0.21050482171028603,0.7180512751817081,-0.2620323472538746,-0.1862914454978117,1.3907320938534884,0.0,28,True
fallopian_tube,raw,ENSG00000216906.2,ENSG00000216906,0.31065262383116415,0.8635469424258705,-0.7536259837151058,0.23714648313561437,30.151079113383325,3.3832768158351874,0.0,-1.0,-0.1862914454978117,-0.6661383757162622,0.2164548769761825,0.6566383383796585,-0.27209629700264415,-0.1862914454978117,0.8607202657466346,0.0,29,True
heart_atrial_appendage,excluded_at_or_below_-1,ENSG00000216906.2,ENSG00000216906,0.6999093110129962,35.79360963486484,-0.9557254566668175,0.29506966889191444,721.811364171461,4.989352830061199,0.0,-0.988268225050019,0.0852818754087461,-0.7881247285889702,0.1602257205026911,1.456245757819105,3.0985982915908146,0.0852818754087461,35.793436150303634,0.0,420,True
heart_atrial_appendage,raw,ENSG00000216906.2,ENSG00000216906,-0.0348722972503153,64.15580197638175,-1.243173085908665,0.4727431610979807,249.6447317323122,3.9740797496328564,0.0,-1.0,0.0852818754087461,-0.8069682993652224,0.16440624628078862,1.382437645432465,2.8118453254020332,0.0852818754087461,49.21682030309237,0.0,461,True
heart_left_ventricle,excluded_at_or_below_-1,ENSG00000216906.2,ENSG00000216906,0.7876707436642587,38.066987670969745,-1.0886108403025156,0.30305351364471383,157.89999818657748,4.1654987115938855,0.0,-0.9908922217415228,-0.1959811454544758,-0.828057741500884,0.14808032072201877,1.6940096383630225,3.3107089855318543,-0.1959811454544758,34.301398772779095,0.0,365,True
heart_left_ventricle,raw,ENSG00000216906.2,ENSG00000216906,2.9609962833504255,4434987137929.533,-5.185789487943701,0.8417718173723345,1509.8411854924548,8.383096803619122,0.0,-1.0,-0.1959811454544758,-0.8611528222296961,0.14934241739071474,1.7142470643489183,3.4839413172562796,-0.1959811454544758,80.949431925449,0.0,452,True
kidney_cortex,excluded_at_or_below_-1,ENSG00000216906.2,ENSG00000216906,0.39039587749412963,21.230895575378423,-1.2399435964114962,0.2970698731152912,108.78134113351689,4.570939683959649,0.0,-0.9852876484786276,-0.279771449813664,-0.8427161906504501,0.14267950434884577,1.5855574801998347,2.383459724346184,-0.279771449813664,10.181383389516482,0.0,87,True
kidney_cortex,raw,ENSG00000216906.2,ENSG00000216906,0.49541776537913484,1784780763718.7314,-5.682897519169301,0.9293553380102276,59.23976086081168,8.222015685468934,0.0,-1.0,-0.279771449813664,-0.8684260441018188,0.14287429547188538,1.6443149701564055,2.698786850522903,-0.279771449813664,16.77547742176178,0.0,104,True
kidney_medulla,excluded_at_or_below_-1,ENSG00000216906.2,ENSG00000216906,0.20512820512820476,2.3252903232562057,-0.938714122970881,0.0016988067812827054,8.358974358974365,291.5850132245292,0.0,-0.942272479735132,-0.5884511846385472,-0.7754740153915493,0.13289885390321743,0.12425748640025093,-1.3504464904991385,-0.5884511846385472,2.325127015168517,0.0,10,True
kidney_medulla,raw,ENSG00000216906.2,ENSG00000216906,0.25641025884423657,2.4151271406801933,-0.998321517978425,0.003193282608050768,11.435897446744459,181.51985131609163,0.0,-1.0,-0.5884511846385472,-0.795885468537772,0.14310414545656874,0.13617794082190102,-1.293458359958809,-0.5884511846385472,2.3932859562938122,0.0,11,True
liver,excluded_at_or_below_-1,ENSG00000216906.2,ENSG00000216906,2.365375848814741,12.342547783077041,-0.9414996025577445,0.03464961377669043,214.33607298302235,11.858989636212538,0.0,-0.9890569275688248,-0.6509427718149958,-0.892785030700783,0.0704670170214639,1.1337843804916212,0.9325433268261012,-0.6509427718149958,12.342339561751562,0.0,182,True
liver,raw,ENSG00000216906.2,ENSG00000216906,4.666666666666666,144.31544619287084,-0.9956498667717978,1.622539447076496e-05,824.6666666666669,30044.844186223138,,-1.0,-0.6509427718149958,-0.9255224259066509,0.07675363767390901,1.130965330552658,0.9099568027935749,-0.6509427718149958,0.0,0.0,262,True
lung,excluded_at_or_below_-1,ENSG00000216906.2,ENSG00000216906,1.5505393117938733,32.91503900931605,-0.8692487077543758,0.3198938139755653,590.2741955630721,4.2888719741914825,0.0,-0.9782786591704512,0.100890209012052,-0.7175194806288069,0.19849220013744182,1.1723288864283707,1.244497951885121,0.100890209012052,32.91146126979627,0.0,536,True
lung,raw,ENSG00000216906.2,ENSG00000216906,-1.0315981201208555,90.85408476098229,-1.5659744883995033,0.7599245705374114,1325.5943717336836,3.102021902059681,0.0,-1.0,0.100890209012052,-0.7493219232070206,0.20722337519100145,1.0925394077716177,1.0886703773222823,0.100890209012052,51.43349414562116,0.0,604,True
minor_salivary_gland,excluded_at_or_below_-1,ENSG00000216906.2,ENSG00000216906,0.6354834224067004,9.701941653555538,-0.65366091211998,0.4455517349614965,187.37412664073372,4.327661339257231,0.0,-0.9672869350187868,0.7097802747940227,-0.4996902370612747,0.3267220070084455,1.1527113399699573,1.4398906015713626,0.7097802747940227,9.701109795187643,0.0,179,True
minor_salivary_gland,raw,ENSG00000216906.2,ENSG00000216906,0.6812003109447583,9.770880892381332,-0.644993630839248,0.43255888184078395,198.74800152404853,4.42931520245828,0.0,-1.0,0.7097802747940227,-0.5052185217346308,0.32910739587827553,1.1266558548597398,1.3982596541867451,0.7097802747940227,9.770285277014043,0.0,181,True
muscle_skeletal,excluded_at_or_below_-1,ENSG00000216906.2,ENSG00000216906,1.5307340069011295,87.94807931466595,-0.9967292692244952,0.23217367907510217,1358.0762708041327,6.5407675428725955,0.0,-0.9872597149892168,0.0770788915850346,-0.831817403964983,0.14624045059259747,2.1420561936816678,6.441248370902812,0.0770788915850346,87.80189579464094,0.0,710,True
muscle_skeletal,raw,ENSG00000216906.2,ENSG00000216906,0.6413714281190459,539.361080325733,-1.5387287870470263,0.45942467935438586,219.03439235222802,4.973823209757079,0.0,-1.0,0.0770788915850346,-0.8540224410943007,0.1476638171177771,2.064870016678361,6.209516358555174,0.0770788915850346,136.3656503854793,0.0,818,True
nerve_tibial,excluded_at_or_below_-1,ENSG00000216906.2,ENSG00000216906,1.286651335252931,31.484012366376454,-0.6976304746722047,0.3774018529067894,575.9672734698067,3.4870092974661633,0.0,-0.9779873556195454,0.2329247151384743,-0.6043846353203706,0.2331610327433528,0.705560845241809,0.07496723142413853,0.2329247151384743,31.41185340850286,0.0,645,True
nerve_tibial,raw,ENSG00000216906.2,ENSG00000216906,0.9082485950569975,32.29247109233902,-0.7152474806614971,0.40702304120374744,515.7570156560511,3.2944522619646026,0.0,-1.0,0.2329247151384743,-0.6191464026591625,0.2407550642399789,0.63529142008393,0.009928197053362453,0.2329247151384743,32.15036608276739,0.0,670,True
ovary,excluded_at_or_below_-1,ENSG00000216906.2,ENSG00000216906,0.6381898542404366,8.63974131618792,-0.7347138388445673,0.3354431085480671,249.15255481895343,3.6340867452547756,0.0,-0.9762294154332738,0.1272700842313927,-0.6327318834260247,0.2249930422971432,0.8588314369045318,0.5103468374107414,0.1272700842313927,8.628024169726386,0.0,183,True
ovary,raw,ENSG00000216906.2,ENSG00000216906,0.3905301205384971,8.961883908200022,-0.7704517179113342,0.3970327299588202,167.47547617999504,3.1976465717572937,0.0,-1.0,0.1272700842313927,-0.6517613195179406,0.23376615158029615,0.7686228954512891,0.3845010705054279,0.1272700842313927,8.907922659736077,0.0,193,True
pancreas,excluded_at_or_below_-1,ENSG00000216906.2,ENSG00000216906,1.7704426391900256,16.982428312328345,-0.9451810249556293,0.11539290521204758,366.6050911182773,4.587887699190564,0.0,-0.9845666596529572,-0.5708318428505944,-0.875878111620002,0.08643472750790303,1.1656253704619182,1.0031955393115268,-0.5708318428505944,16.981971634012478,0.0,301,True
pancreas,raw,ENSG00000216906.2,ENSG00000216906,0.3765724075259276,1088318252778.93,-6.416978286325187,1.1017310287241915,1849.6936093130125,7.504281328588004,0.0,-1.0,-0.5708318428505944,-0.8967936784464656,0.09150494001124006,1.0925197295773128,0.9038053144476286,-0.5708318428505944,33.85303310229101,0.0,362,True
pituitary,excluded_at_or_below_-1,ENSG00000216906.2,ENSG00000216906,0.38154555532638057,17.451305107012363,-0.5423242378328229,0.33568404775859295,146.43877197690247,3.8992087707454375,0.0,-0.9541335094352686,0.3832093718316585,-0.509705104236013,0.2314195629520008,0.4763610362973858,0.20245750735167745,0.3832093718316585,17.442431511670605,0.0,313,True
pituitary,raw,ENSG00000216906.2,ENSG00000216906,0.38154555532638057,17.451305107012363,-0.5423242378328229,0.33568404775859295,146.43877197690247,3.8992087707454375,0.0,-0.9541335094352686,0.3832093718316585,-0.509705104236013,0.2314195629520008,0.4763610362973858,0.20245750735167745,0.3832093718316585,17.442431511670605,0.0,313,True
prostate,excluded_at_or_below_-1,ENSG00000216906.2,ENSG00000216906,0.07336036546528879,13.046212524679271,-0.8255222136456155,0.4829046608037158,316.1397457141187,2.7339973847050203,0.0,-0.9661816440681212,0.1080426416395974,-0.6380892205934598,0.23122081644880868,0.7682485176923918,0.23380531299032592,0.1080426416395974,12.735461810946397,0.0,276,True
prostate,raw,ENSG00000216906.2,ENSG00000216906,0.7026007973676169,12.672237202411804,-0.7556397418678042,0.38409750467323356,371.8359014765871,3.1800033207141154,0.0,-1.0,0.1080426416395974,-0.6457894499425352,0.23464593480350382,0.7395466724468769,0.19577922205176312,0.1080426416395974,12.591516565452618,0.0,282,True
skin_not_sun_exposed_suprapubic,excluded_at_or_below_-1,ENSG00000216906.2,ENSG00000216906,1.4013559643962077,37.24192530138041,-0.8129271599706634,0.396280213916965,1150.8681115523245,4.123166302137839,0.0,-0.9792951296976738,0.3424352744587016,-0.6542842846534155,0.23275766170932638,0.9852386135437268,0.8031521239209134,0.3424352744587016,37.23416772126669,0.0,629,True
skin_not_sun_exposed_suprapubic,raw,ENSG00000216906.2,ENSG00000216906,1.441184424271813,38.09610429826888,-0.8203323807519575,0.39986188989726973,818.3575224808246,4.112424388105972,0.0,-1.0,0.3424352744587016,-0.6659674578294904,0.2371730158760779,0.9427952469889872,0.7325311865449962,0.3424352744587016,38.08797046900492,0.0,651,True
skin_sun_exposed_lower_leg,excluded_at_or_below_-1,ENSG00000216906.2,ENSG00000216906,1.5091511466180854,43.30402199605779,-0.6730607824095169,0.38577179758086005,966.702907193062,4.475703165666063,0.0,-0.9815552543285768,0.5478298253428608,-0.5750280153876979,0.25782576653997147,0.9122800217671642,0.8851068067759531,0.5478298253428608,43.30202913333291,0.0,735,True
skin_sun_exposed_lower_leg,raw,ENSG00000216906.2,ENSG00000216906,1.6312953136189643,44.072028579132095,-0.6814565073551898,0.3891827562514032,828.0641440265636,4.466984664188086,0.0,-1.0,0.5478298253428608,-0.5857368585012704,0.2631330355037069,0.8523919398654951,0.7913409971987018,0.5478298253428608,44.06983498514798,0.0,754,True
small_intestine_terminal_ileum,excluded_at_or_below_-1,ENSG00000216906.2,ENSG00000216906,0.18204798772476988,14.569589470860295,-1.0954676314370533,0.3082759822752479,113.18297614558037,3.271715462421575,0.0,-0.9820196729419044,-0.3822858852440103,-0.8362750357107099,0.12302384581726611,1.354645617634523,2.0012084613760006,-0.3822858852440103,12.65517690886321,0.0,167,True
small_intestine_terminal_ileum,raw,ENSG00000216906.2,ENSG00000216906,1.471736329623886,3432684237471.796,-5.494316243207285,0.8885430191630598,556.063489849741,8.136356380700954,0.0,-1.0,-0.3822858852440103,-0.8679127099695098,0.1280440483962366,1.3189401485441636,1.886733396213434,-0.3822858852440103,26.568007371966594,0.0,207,True
spleen,excluded_at_or_below_-1,ENSG00000216906.2,ENSG00000216906,1.3816570061059883,11.50679263240462,-0.8954398371135213,0.20483346037309602,209.07214668287236,3.79500671213692,0.0,-0.9830387836042788,-0.3457743709715316,-0.7942744353852295,0.13582111748656345,0.8542496025656953,-0.0022150785282102348,-0.3457743709715316,11.4981750459542,0.0,246,True
spleen,raw,ENSG00000216906.2,ENSG00000216906,-4.135851027631294,19090129.669906363,-11.608531618850753,2.8739637667991156,468.2896051559046,5.542152004026988,0.0,-1.0,-0.3457743709715316,-0.8172978740244274,0.14351675844867937,0.7974538284605939,-0.03341456921928643,-0.3457743709715316,19.0047038249756,0.0,277,True
stomach,excluded_at_or_below_-1,ENSG00000216906.2,ENSG00000216906,0.2915453814909475,42.276201082963695,-1.0312324415286478,0.3386183999239412,219.89131938655257,5.250282440648384,0.0,-0.9761740708455278,0.2258918616903404,-0.792579163229295,0.15363674705664454,1.6793836982546322,5.386304533517821,0.2258918616903404,41.17311220070029,0.0,357,True
stomach,raw,ENSG00000216906.2,ENSG00000216906,-0.21221186588113644,131.17007347303334,-1.5271333902783697,0.5712330021855334,288.6072122896342,4.340001500318511,0.0,-1.0,0.2258918616903404,-0.8180608385082514,0.159200679445101,1.5354506178677454,4.56122029610974,0.2258918616903404,55.96608254473176,0.0,407,True
testis,excluded_at_or_below_-1,ENSG00000216906.2,ENSG00000216906,-0.07193195013100886,21.609636900416913,-0.4444188649223652,0.3646805191686831,336.43591344540374,3.1270301959461335,0.0,-0.9501127759524612,0.3619423705053399,-0.4201201163492138,0.2411588026719717,0.3632800578649795,-0.14570579350584278,0.3619423705053399,21.446951205144686,0.0,412,True
testis,raw,ENSG00000216906.2,ENSG00000216906,-0.12180090733592183,22.55671304649933,-0.44319726990002734,0.3623998202573157,309.2018474121389,3.1419425049852285,0.0,-1.0,0.3619423705053399,-0.42292146844414513,0.24391893701227832,0.31873672532059955,-0.11703571148446024,0.3619423705053399,22.39465508861487,0.0,414,True
thyroid,excluded_at_or_below_-1,ENSG00000216906.2,ENSG00000216906,1.2122487757980251,36.328447776367774,-0.5920278452746384,0.41655117631075844,860.315963956023,4.002650992339315,0.0,-0.973945023910538,0.586937640265303,-0.5071089541649977,0.2731648837195353,0.679447482594085,0.1557198463444971,0.586937640265303,36.31611862752565,0.0,669,True
thyroid,raw,ENSG00000216906.2,ENSG00000216906,1.1588416815017486,37.03378076770309,-0.5947403772769398,0.42221317418708265,870.1480926932102,3.958060006024132,0.0,-1.0,0.586937640265303,-0.517917968328046,0.27964036887150684,0.615165710881906,0.10870061228973604,0.586937640265303,37.01909955503969,0.0,684,True
uterus,excluded_at_or_below_-1,ENSG00000216906.2,ENSG00000216906,0.5677399287665644,5.935510260931002,-0.8129025525100025,0.2691930268618408,62.46438727679626,3.239547528869847,0.0,-0.9686909162723653,-0.1962604638173156,-0.717412718513442,0.17241034674272543,0.8265525598479779,0.2906238466350346,-0.1962604638173156,5.904275493470841,0.0,139,True
uterus,raw,ENSG00000216906.2,ENSG00000216906,-0.13326229927060212,7.108465325552142,-0.9241746346617407,0.42712764684522464,153.00257794352214,2.410113464335822,0.0,-1.0,-0.1962604638173156,-0.7432703782573101,0.18349269632710408,0.7117383369048521,0.13073225759621732,-0.1962604638173156,6.719005222184109,0.0,153,True
vagina,excluded_at_or_below_-1,ENSG00000216906.2,ENSG00000216906,0.7131533339998031,8.115191736951369,-0.6497749587335166,0.26119313269531663,152.25368892838725,3.967944294820737,0.0,-0.9751909939756782,0.0830703683793316,-0.6030867103527467,0.2134217909447092,0.7389085148104609,0.5665271989650433,0.0830703683793316,8.112084736969054,0.0,165,True
vagina,raw,ENSG00000216906.2,ENSG00000216906,0.7563713686511019,8.170876021614554,-0.6570803454248778,0.2712640662729821,116.17731838829425,3.8587166816583793,0.0,-1.0,0.0830703683793316,-0.6147606306364894,0.22073768611927475,0.6347936225240621,0.45285553588390615,0.0830703683793316,8.16605718720629,0.0,170,True
whole_blood,excluded_at_or_below_-1,ENSG00000216906.2,ENSG00000216906,0.14609491163766558,11.932897970656747,-0.9348183169086858,0.034268388485905604,81.11145089158111,19.118062638931942,0.0,-0.9774560557566216,-0.4715607050177044,-0.9206517537125999,0.07023626867679301,4.750197522730243,26.54598106259363,-0.4715607050177044,11.93119483370029,0.0,61,True
whole_blood,raw,ENSG00000216906.2,ENSG00000216906,1.4473661234249253,905.7110614238819,-0.9965952527814671,0.007133509784315535,473.39458693859217,104.08774931443963,0.0,-1.0,-0.4715607050177044,-0.9939723000952287,0.0284880267400461,10.087445658327931,153.31824614336648,-0.4715607050177044,905.4371561583966,0.0,803,True
adipose_subcutaneous,excluded_at_or_below_-1,ENSG00000216966.1,ENSG00000216966,0.1842105834841963,6.453688295772082,-0.8471463953340279,0.0026850813101879528,5.710527777966296,129.92670111134044,0.0,-0.852745408527867,-0.6004624671562836,-0.792198279387556,0.0731253358223286,1.7019104683653623,2.386945181849593,-0.6004624671562836,6.439992917356047,0.0,11,True
adipose_subcutaneous,raw,ENSG00000216966.1,ENSG00000216966,-0.41853953865960136,646.8335668606512,-0.9950568541894829,0.005081585912148226,3405.6918364252747,109.81625489093392,0.0,-1.0,-0.6004624671562836,-0.9967985729317411,0.027035698461312752,9.471487879486853,100.31461378872082,-0.6004624671562836,644.9544327435623,0.0,714,True
adipose_visceral_omentum,excluded_at_or_below_-1,ENSG00000216966.1,ENSG00000216966,,,,,,,,,,,,,,,,,3,False
adipose_visceral_omentum,raw,ENSG00000216966.1,ENSG00000216966,-0.48066819296250207,540.1982676934916,-0.9970112263615477,0.003245177250320935,2196.0166094845963,104.97776295074068,0.0,-1.0,-0.7561201352411443,-0.9988315559311969,0.016338953235801437,13.938877134296375,192.83835946180903,-0.7561201352411443,539.2115367631612,0.0,587,True
adrenal_gland,excluded_at_or_below_-1,ENSG00000216966.1,ENSG00000216966,,,,,,,,,,,,,,,,,2,False
adrenal_gland,raw,ENSG00000216966.1,ENSG00000216966,-0.2163342573896367,274.8562531397745,-0.9964522751141809,0.003471600906642341,355.6728298200149,114.90677219898468,0.0,-1.0,-0.7143799876189628,-0.9983862744655884,0.01995520414911433,12.707838326665156,164.38382945815377,-0.7143799876189628,273.8530365710152,0.0,295,True
artery_aorta,excluded_at_or_below_-1,ENSG00000216966.1,ENSG00000216966,,,,,,,,,,,,,,,,,9,False
artery_aorta,raw,ENSG00000216966.1,ENSG00000216966,0.23749249637657924,431.9835386292535,-0.9851082991704361,0.013215061872802096,964.512441001235,126.07581573410086,0.0,-1.0,0.1930021007852613,-0.9902301543496232,0.08045024273002747,10.230090028788181,120.96569835577777,0.1930021007852613,429.7563762685749,0.0,472,True
artery_coronary,excluded_at_or_below_-1,ENSG00000216966.1,ENSG00000216966,,,,,,,,,,,,,,,,,6,False
artery_coronary,raw,ENSG00000216966.1,ENSG00000216966,0.15384615384600486,366.2466945822454,-0.9942103834851631,0.002970111698738347,5.076923076924875,283.31711245141645,0.0,-1.0,-0.3991917154894442,-0.99268317559394,0.05599972651905821,8.696575907744009,79.69523801825495,-0.3991917154894442,364.08545572902773,0.0,268,True
artery_tibial,excluded_at_or_below_-1,ENSG00000216966.1,ENSG00000216966,,,,,,,,,,,,,,,,,8,False
artery_tibial,raw,ENSG00000216966.1,ENSG00000216966,-0.4789540859570517,629.462273056644,-0.9931594920094382,0.006772319558142427,3032.561664226596,113.56744337662063,0.0,-1.0,-0.4493130473061918,-0.996407180635514,0.0369378475415697,11.780493558749978,148.64897749065068,-0.4493130473061918,627.2140203082159,0.0,691,True
bladder,excluded_at_or_below_-1,ENSG00000216966.1,ENSG00000216966,,,,,,,,,,,,,,,,,1,False
bladder,raw,ENSG00000216966.1,ENSG00000216966,0.025641025637083047,86.31688780377492,-0.9977860561757176,0.001107197724143367,0.9743589744990074,263.8187021227146,0.0,-1.0,-0.791240542578341,-0.9972888382153031,0.0237903481091735,8.603090020146068,72.0131578947369,-0.791240542578341,85.2604977035234,0.0,77,True
brain_amygdala,excluded_at_or_below_-1,ENSG00000216966.1,ENSG00000216966,,,,,,,,,,,,,,,,,3,False
brain_amygdala,raw,ENSG00000216966.1,ENSG00000216966,0.07692307692308338,180.94724446353106,-0.9974668173604785,0.0008750096484807673,2.7692307693380815,338.1294166037513,0.0,-1.0,-0.7882576074961762,-0.9976023054464216,0.019517319762745334,8.81771574582971,81.9128504493503,-0.7882576074961762,180.13389373438744,0.0,181,True
brain_anterior_cingulate_cortex_ba24,excluded_at_or_below_-1,ENSG00000216966.1,ENSG00000216966,,,,,,,,,,,,,,,,,2,False
brain_anterior_cingulate_cortex_ba24,raw,ENSG00000216966.1,ENSG00000216966,0.09787384788895194,219.34975926261055,-0.9928150171519802,0.006298891376827711,137.0838799084454,127.57016614901666,0.0,-1.0,-0.4246189250793402,-0.9967701440111977,0.039393234384113525,13.606028454877983,191.281395781723,-0.4246189250793402,218.17798886349362,0.0,233,True
brain_caudate_basal_ganglia,excluded_at_or_below_-1,ENSG00000216966.1,ENSG00000216966,,,,,,,,,,,,,,,,,2,False
brain_caudate_basal_ganglia,raw,ENSG00000216966.1,ENSG00000216966,0.05128205127988266,328.1880048539203,-0.9982947364596911,0.0007662478944973977,1.8974358974446957,283.8116575713828,0.0,-1.0,-0.844520164617114,-0.9990131042117256,0.012082081225336343,12.171365409000627,146.52184090855408,-0.844520164617114,321.28791968158856,0.0,300,True
brain_cerebellar_hemisphere,excluded_at_or_below_-1,ENSG00000216966.1,ENSG00000216966,,,,,,,,,,,,,,,,,3,False
brain_cerebellar_hemisphere,raw,ENSG00000216966.1,ENSG00000216966,0.076923076923077,311.1684099883389,-0.99555036437308,0.00100003671278422,2.7692307692307696,537.5037712667469,0.0,-1.0,-0.6154638492750792,-0.9968869249529002,0.03088462425629853,10.409598850978218,111.57961064651246,-0.6154638492750792,310.56363137166676,0.0,277,True
brain_cerebellum,excluded_at_or_below_-1,ENSG00000216966.1,ENSG00000216966,,,,,,,,,,,,,,,,,7,False
brain_cerebellum,raw,ENSG00000216966.1,ENSG00000216966,0.17948717948717952,315.4230013186996,-0.9950750532207462,0.0009646519777049621,5.743589743589743,620.7062243988977,0.0,-1.0,-0.5716839170648821,-0.9929320198114175,0.04542078880268844,6.83620100841073,48.2298359884306,-0.5716839170648821,313.23859323623634,0.0,266,True
brain_cortex,excluded_at_or_below_-1,ENSG00000216966.1,ENSG00000216966,,,,,,,,,,,,,,,,,8,False
brain_cortex,raw,ENSG00000216966.1,ENSG00000216966,0.2051282051282338,285.11041076240366,-0.9961150511164389,0.0013899907342882368,8.358974366277574,345.3053982057817,0.0,-1.0,-0.6567240872790256,-0.9929726487206088,0.04326769303884505,6.504640026717592,42.27775921114517,-0.6567240872790256,282.7542128030378,0.0,270,True
brain_frontal_cortex_ba9,excluded_at_or_below_-1,ENSG00000216966.1,ENSG00000216966,,,,,,,,,,,,,,,,,3,False
brain_frontal_cortex_ba9,raw,ENSG00000216966.1,ENSG00000216966,0.07692307692309147,295.2673324111059,-0.997018916516535,0.0011536743593152205,2.7692307865568733,325.29457837609993,0.0,-1.0,-0.7316530451363854,-0.997637221783797,0.022693614173032495,9.84130030921952,98.38369989030093,-0.7316530451363854,289.99494730903916,0.0,269,True
brain_hippocampus,excluded_at_or_below_-1,ENSG00000216966.1,ENSG00000216966,,,,,,,,,,,,,,,,,5,False
brain_hippocampus,raw,ENSG00000216966.1,ENSG00000216966,0.12820512820577878,254.44075983219827,-0.9967860581893462,0.0012327047590399113,4.35897435918607,306.5164484585882,0.0,-1.0,-0.7296098022178799,-0.9966932606344575,0.02454110610844314,8.075550912577166,69.95182774081928,-0.7296098022178799,253.95073741073148,0.0,255,True
brain_hypothalamus,excluded_at_or_below_-1,ENSG00000216966.1,ENSG00000216966,,,,,,,,,,,,,,,,,5,False
brain_hypothalamus,raw,ENSG00000216966.1,ENSG00000216966,0.12820512496021647,285.78020699640985,-0.9956951675453988,0.0021287097572467682,4.358974359830733,266.1420784967555,0.0,-1.0,-0.5950914296210446,-0.9957084714222609,0.03374355970218949,9.131095184683693,91.32850471214142,-0.5950914296210446,281.89704778919537,0.0,257,True
brain_nucleus_accumbens_basal_ganglia,excluded_at_or_below_-1,ENSG00000216966.1,ENSG00000216966,,,,,,,,,,,,,,,,,7,False
brain_nucleus_accumbens_basal_ganglia,raw,ENSG00000216966.1,ENSG00000216966,0.17948718475683656,285.059303712113,-0.9960521545385991,0.001513230970870653,5.743589744815317,309.6171656667282,0.0,-1.0,-0.6647568702437097,-0.995693258522029,0.029780595532889743,8.01835175767129,71.08120547745708,-0.6647568702437097,284.9461936312289,0.0,285,True
brain_putamen_basal_ganglia,excluded_at_or_below_-1,ENSG00000216966.1,ENSG00000216966,,,,,,,,,,,,,,,,,5,False
brain_putamen_basal_ganglia,raw,ENSG00000216966.1,ENSG00000216966,0.12820512820512822,283.99206635897895,-0.9947867002623044,0.0017187106515478602,4.3589743589743595,379.9907973412704,0.0,-1.0,-0.5329793408528154,-0.9955296967961038,0.03616814085477874,9.968350163527404,111.82040996103655,-0.5329793408528154,278.30855624974174,0.0,254,True
brain_spinal_cord_cervical_c-1,excluded_at_or_below_-1,ENSG00000216966.1,ENSG00000216966,,,,,,,,,,,,,,,,,5,False
brain_spinal_cord_cervical_c-1,raw,ENSG00000216966.1,ENSG00000216966,0.1282051053785005,224.40031313158613,-0.9968585139524261,0.0015684167984060871,4.358974360034261,263.0947403412482,0.0,-1.0,-0.7050764088288727,-0.9943649325740296,0.03689548795235907,6.686094642502051,44.161766773632245,-0.7050764088288727,221.22193806220798,0.0,204,True
brain_substantia_nigra,excluded_at_or_below_-1,ENSG00000216966.1,ENSG00000216966,,,,,,,,,,,,,,,,,3,False
brain_substantia_nigra,raw,ENSG00000216966.1,ENSG00000216966,0.07692307692307691,190.8195549007082,-0.9937629702928952,0.0007748193633149105,2.769230770386999,926.7647928267033,0.0,-1.0,-0.4860070515081057,-0.9949755209348248,0.04458175718890893,9.893905616313626,101.95031631304627,-0.4860070515081057,174.66662398699003,0.0,183,True
breast_mammary_tissue,excluded_at_or_below_-1,ENSG00000216966.1,ENSG00000216966,,,,,,,,,,,,,,,,,6,False
breast_mammary_tissue,raw,ENSG00000216966.1,ENSG00000216966,0.15384615015092032,558.3366323295071,-0.9942441511445678,0.0020473529315752697,7.076923121397426,279.2619307211826,0.0,-1.0,-0.5899574523379376,-0.9966843294315122,0.03185713209980449,10.150395786167069,106.46486150657323,-0.5899574523379376,548.0281320539953,0.0,514,True
cells_cultured_fibroblasts,excluded_at_or_below_-1,ENSG00000216966.1,ENSG00000216966,,,,,,,,,,,,,,,,,7,False
cells_cultured_fibroblasts,raw,ENSG00000216966.1,ENSG00000216966,0.17948717948713264,702.4256747644362,-0.9912288608286385,0.0026320510208030132,7.743589743590462,339.2144260813861,0.0,-1.0,-0.3599029421742989,-0.9960488718570388,0.04152917688827213,12.052388892685508,157.91793576513365,-0.3599029421742989,697.4345211028464,0.0,652,True
cells_ebv-transformed_lymphocytes,excluded_at_or_below_-1,ENSG00000216966.1,ENSG00000216966,,,,,,,,,,,,,,,,,7,False
cells_ebv-transformed_lymphocytes,raw,ENSG00000216966.1,ENSG00000216966,0.1794871794872658,365.8963661066874,-0.9958008018037577,0.0017165163286271266,9.743589749152587,314.81926179265076,0.0,-1.0,-0.6136856688342878,-0.996028243505794,0.029554986391033863,9.065739385801155,95.76036556098701,-0.6136856688342878,353.7547643986313,0.0,327,True
cervix_ectocervix,excluded_at_or_below_-1,ENSG00000216966.1,ENSG00000216966,,,,,,,,,,,,,,,,,3,False
cervix_ectocervix,raw,ENSG00000216966.1,ENSG00000216966,0.07692307692206489,38.545850143583195,-0.9971553033382321,0.0019572010283171633,2.769230769236995,250.81874740192558,0.0,-1.0,-0.650034667956599,-0.9644974345199703,0.09761924522296207,2.4238522789988397,4.184703008538366,-0.650034667956599,38.48693006691739,0.0,24,True
cervix_endocervix,excluded_at_or_below_-1,ENSG00000216966.1,ENSG00000216966,,,,,,,,,,,,,,,,,1,False
cervix_endocervix,raw,ENSG00000216966.1,ENSG00000216966,0.02564102577492799,53.22025355353796,-0.9952500571060761,0.003891991754354266,0.9743589743666132,242.75786324937428,0.0,-1.0,-0.3271673663377867,-0.9707464072320776,0.14029530236655485,4.477215043467818,18.045454545454525,-0.3271673663377867,52.98887253767357,0.0,23,True
colon_sigmoid,excluded_at_or_below_-1,ENSG00000216966.1,ENSG00000216966,0.5323409003680715,1937416520490.6702,-3.6595359034949935,0.5380342910137064,25.149104966835427,8.571659062688816,0.0,-0.8226000768165768,-0.3984679648831166,-0.6537728680102978,0.13137269063940563,0.3786642513062605,-1.2365308662515098,-0.3984679648831166,1.632394579007149,0.0,29,True
colon_sigmoid,raw,ENSG00000216966.1,ENSG00000216966,1.737376999640525,383.638081673873,-0.9924999319560374,0.006037484016095236,94.60899364343886,139.14538938374238,0.0,-1.0,-0.3984679648831166,-0.9760367856140779,0.09432414834648865,4.155720169598831,16.954813413130502,-0.3984679648831166,381.31550001657166,0.0,419,True
colon_transverse,excluded_at_or_below_-1,ENSG00000216966.1,ENSG00000216966,0.1134321395419989,1.3246866210008044,-0.6763764966892062,0.12945312802584907,15.312660922254713,5.010055671522346,0.0,-0.9554506025501436,-0.2177701054636144,-0.6830277042354675,0.1507729634849186,1.0310549116418743,2.6988776103572443,-0.2177701054636144,1.324663642797478,0.0,21,True
colon_transverse,raw,ENSG00000216966.1,ENSG00000216966,0.5384615384615385,463.7736766547704,-0.9902303066722136,6.988117308849249e-05,29.692307767098484,15632.589503889469,,-1.0,-0.2177701054636144,-0.9861035110416384,0.07191419006328895,6.001160354563268,41.4811036464062,-0.2177701054636144,0.0,0.0,479,True
esophagus_gastroesophageal_junction,excluded_at_or_below_-1,ENSG00000216966.1,ENSG00000216966,,,,,,,,,,,,,,,,,6,False
esophagus_gastroesophageal_junction,raw,ENSG00000216966.1,ENSG00000216966,0.15384615384615385,450.78835252723655,-0.9940777545562623,0.0006532581247433413,5.076923086566907,1053.2366132868426,0.0,-1.0,-0.5075632752634422,-0.9954214569164701,0.040089438609970884,9.72166867673313,100.51695729294711,-0.5075632752634422,422.0850764767454,0.0,403,True
esophagus_mucosa,excluded_at_or_below_-1,ENSG00000216966.1,ENSG00000216966,0.49992128039394285,8.480871851432775,-0.7175618809271027,0.3123852330540899,163.08935245341112,4.2633016475794,0.0,-0.90051087816011,0.2241576119366104,-0.6022362055057782,0.20557527794981328,0.9737646727124374,0.8794200329912711,0.2241576119366104,8.479854255789188,0.0,153,True
esophagus_mucosa,raw,ENSG00000216966.1,ENSG00000216966,4.073821643836626,428.33613552989283,-0.9847107525781968,0.012672967505825165,1510.8201010230296,134.90116150260792,0.0,-1.0,0.2241576119366104,-0.9008829632612119,0.2003207231226672,2.165767260765559,4.383607292690396,0.2241576119366104,425.7638001682196,0.0,614,True
esophagus_muscularis,excluded_at_or_below_-1,ENSG00000216966.1,ENSG00000216966,,,,,,,,,,,,,,,,,8,False
esophagus_muscularis,raw,ENSG00000216966.1,ENSG00000216966,0.20512820510278407,630.1542419676621,-0.988519641217311,0.005648462213268739,8.358974359945876,268.0192086651246,0.0,-1.0,0.0819667498442906,-0.9914127932887079,0.07982257531923287,10.692080193003772,123.17333075419796,0.0819667498442906,622.0502579636687,0.0,561,True
fallopian_tube,excluded_at_or_below_-1,ENSG00000216966.1,ENSG00000216966,,,,,,,,,,,,,,,,,0,False
fallopian_tube,raw,ENSG00000216966.1,ENSG00000216966,0.0,29.0,-0.9875,1.0001e-06,0.0,-17675.90193946968,0.0,-1.0,-1.0,-1.0,0.0,,,-1.0,2.368398264137555e-188,0.0,29,True
heart_atrial_appendage,excluded_at_or_below_-1,ENSG00000216966.1,ENSG00000216966,,,,,,,,,,,,,,,,,5,False
heart_atrial_appendage,raw,ENSG00000216966.1,ENSG00000216966,0.1282051282004084,504.24611803300536,-0.9962230722746769,0.0017186332277186096,6.358974359090334,281.4553711673053,0.0,-1.0,-0.654182403256972,-0.9972390467268984,0.02777026089352602,10.610981846264309,114.97526036671152,-0.654182403256972,492.4566106882816,0.0,461,True
heart_left_ventricle,excluded_at_or_below_-1,ENSG00000216966.1,ENSG00000216966,,,,,,,,,,,,,,,,,3,False
heart_left_ventricle,raw,ENSG00000216966.1,ENSG00000216966,0.07692307708555349,504.3336889472879,-0.9966763933154622,0.0016836381779334652,2.769230771960647,259.14518024809587,0.0,-1.0,-0.6881609535674463,-0.9987823815314573,0.016700101011954224,15.979577891645862,275.8909319854314,-0.6881609535674463,497.2662194334106,0.0,452,True
kidney_cortex,excluded_at_or_below_-1,ENSG00000216966.1,ENSG00000216966,,,,,,,,,,,,,,,,,3,False
kidney_cortex,raw,ENSG00000216966.1,ENSG00000216966,0.07692307692332384,134.03956942493352,-0.989782039078689,0.005207347430201898,2.7692307692683036,279.4937358270839,0.0,-1.0,0.0393560103220331,-0.9862134988952829,0.10515824088095589,9.154175205942389,85.87756351958528,0.0393560103220331,133.8556640017318,0.0,104,True
kidney_medulla,excluded_at_or_below_-1,ENSG00000216966.1,ENSG00000216966,,,,,,,,,,,,,,,,,0,False
kidney_medulla,raw,ENSG00000216966.1,ENSG00000216966,0.0,11.0,-0.9875,1.0001e-06,0.0,-17675.90193946968,0.0,-1.0,-1.0,-1.0,0.0,,,-1.0,8.983579622590726e-189,0.0,11,True
liver,excluded_at_or_below_-1,ENSG00000216966.1,ENSG00000216966,0.41797137383160404,7.3764783858116365,-0.8925737974495556,0.5274925929028897,65.45213256521518,4.359003626145128,0.0,-0.903828571260573,0.7333066115673281,-0.5193440012501476,0.33285553703061993,1.4966089995465064,2.4479157188091714,0.7333066115673281,7.375923740650647,0.0,103,True
liver,raw,ENSG00000216966.1,ENSG00000216966,2.641025622625991,188.44027003804246,-0.9820574624361101,0.008619835852873644,350.9743589744726,281.43124524285395,0.0,-1.0,0.7333066115673281,-0.8110398172853633,0.3140516154491083,2.103768151756637,4.911225765509798,0.7333066115673281,187.58746916847673,0.0,262,True
lung,excluded_at_or_below_-1,ENSG00000216966.1,ENSG00000216966,,,,,,,,,,,,,,,,,8,False
lung,raw,ENSG00000216966.1,ENSG00000216966,-0.3980076040810522,546.4544450117359,-0.9936459239088611,0.006167815629986282,2564.9623250378586,115.60780082849313,0.0,-1.0,-0.4894451300048595,-0.9959237577164561,0.0368568774693155,9.767542030889645,101.70131841559316,-0.4894451300048595,544.3000146108614,0.0,604,True
minor_salivary_gland,excluded_at_or_below_-1,ENSG00000216966.1,ENSG00000216966,,,,,,,,,,,,,,,,,5,False
minor_salivary_gland,raw,ENSG00000216966.1,ENSG00000216966,0.12820512085576227,208.62890596993387,-0.9951794682811471,0.0025506482394075875,4.3589743598741855,257.90526020501545,0.0,-1.0,-0.5300265271850186,-0.9920857391672171,0.05181001534414397,7.318885471578344,55.962442181645514,-0.5300265271850186,208.2201840580067,0.0,181,True
muscle_skeletal,excluded_at_or_below_-1,ENSG00000216966.1,ENSG00000216966,,,,,,,,,,,,,,,,,9,False
muscle_skeletal,raw,ENSG00000216966.1,ENSG00000216966,2.547195508835021,768.3037417650588,-0.9869437713218298,0.008785158098007463,1676.1233179627109,166.05156090520828,0.0,-1.0,0.0445759749074989,-0.9964252579336472,0.043600389695920366,18.453497822241754,406.5636986188447,0.0445759749074989,761.158949965009,0.0,818,True
nerve_tibial,excluded_at_or_below_-1,ENSG00000216966.1,ENSG00000216966,,,,,,,,,,,,,,,,,8,False
nerve_tibial,raw,ENSG00000216966.1,ENSG00000216966,0.20512820512837174,736.9206800685901,-0.9956615113571768,0.0017314095033310747,6.358974376972521,317.04893937377966,0.0,-1.0,-0.6075012212439506,-0.9964407540644147,0.03292294367484022,9.413245027533764,89.11329797347554,-0.6075012212439506,721.9188042731167,0.0,670,True
ovary,excluded_at_or_below_-1,ENSG00000216966.1,ENSG00000216966,,,,,,,,,,,,,,,,,8,False
ovary,raw,ENSG00000216966.1,ENSG00000216966,0.2051282051281986,197.53287424827786,-0.9931594547648034,0.0026945507246548526,8.358974358974468,312.83636956522463,0.0,-1.0,-0.3971013425120354,-0.9841133582239238,0.08190911333126515,5.513927383843595,30.768184225331837,-0.3971013425120354,196.39267266844368,0.0,193,True
pancreas,excluded_at_or_below_-1,ENSG00000216966.1,ENSG00000216966,,,,,,,,,,,,,,,,,3,False
pancreas,raw,ENSG00000216966.1,ENSG00000216966,0.07692307692307696,396.01781174263084,-0.9981650411076582,0.0005809899644254121,2.7692307738569215,388.3387920503448,0.0,-1.0,-0.8386269437641861,-0.998897942835951,0.012211884427834283,11.24260273828914,127.4720685542602,-0.8386269437641861,392.99344764008254,0.0,362,True
pituitary,excluded_at_or_below_-1,ENSG00000216966.1,ENSG00000216966,,,,,,,,,,,,,,,,,10,False
pituitary,raw,ENSG00000216966.1,ENSG00000216966,0.2564102564102565,342.80886972014457,-0.994937791709133,0.0012950818946374837,7.435897510307278,476.5875630000323,0.0,-1.0,-0.5584973979294069,-0.991053369219336,0.05157574764172825,6.073405288981317,37.71850756576472,-0.5584973979294069,340.88110931467054,0.0,313,True
prostate,excluded_at_or_below_-1,ENSG00000216966.1,ENSG00000216966,,,,,,,,,,,,,,,,,7,False
prostate,raw,ENSG00000216966.1,ENSG00000216966,0.17948717948718063,329.92677679335935,-0.9943500312048554,0.0020706515031466695,7.7435897435897445,353.2120516259119,0.0,-1.0,-0.4771869342809112,-0.9913422111224609,0.05668774530249452,6.807120014157139,46.87943068043172,-0.4771869342809112,317.0525675405689,0.0,282,True
skin_not_sun_exposed_suprapubic,excluded_at_or_below_-1,ENSG00000216966.1,ENSG00000216966,1.205406268823329,25.57256738984339,-0.48765287808431207,0.646193472571873,1129.313169563833,4.214756272297554,0.0,-0.8879177732477531,1.438186375691362,-0.2720097703918837,0.41191820157625614,0.9155891055858221,0.6493542400143868,1.438186375691362,25.569011598737188,0.0,456,True
skin_not_sun_exposed_suprapubic,raw,ENSG00000216966.1,ENSG00000216966,11.692307666662781,290.727088218967,-0.9767175228710638,0.010594237134892538,5386.30769257284,322.36297920183245,0.0,-1.0,1.438186375691362,-0.4900713599058356,0.4797296568783752,0.8152763858022275,0.18004558042837404,1.438186375691362,287.3796484915477,0.0,651,True
skin_sun_exposed_lower_leg,excluded_at_or_below_-1,ENSG00000216966.1,ENSG00000216966,0.5283688436550374,28.109559546452985,-0.3477933376757483,0.8275718466834013,943.9224912891061,3.321724880536002,0.0,-0.8918757061383271,1.596019157621304,-0.1419452356511072,0.47985661641732297,0.7621006048611737,0.3557139456357241,1.596019157621304,27.996610479307364,0.0,567,True
skin_sun_exposed_lower_leg,raw,ENSG00000216966.1,ENSG00000216966,14.53846152062298,696.6765686566428,-0.9715949319406936,0.0034235080387893277,5671.692307692308,1060.6531742460659,0.0,-1.0,1.596019157621304,-0.3547519212389626,0.5572920963352541,0.6606931442547066,-0.10414631217242531,1.596019157621304,506.6002719230008,0.0,754,True
small_intestine_terminal_ileum,excluded_at_or_below_-1,ENSG00000216966.1,ENSG00000216966,-0.1194122565127612,1.8632517866916642,-0.7280662941641822,0.2951442517120404,30.165265205042743,2.08615003846245,0.0,-0.8891984684526542,-0.2926899065782405,-0.6662809557987451,0.14157243049456036,0.46263527768198937,-0.26761047607207233,-0.2926899065782405,1.6517842853799458,0.0,45,True
small_intestine_terminal_ileum,raw,ENSG00000216966.1,ENSG00000216966,1.1538461557312834,187.93186330835118,-0.9917339694301566,0.0014584003362488798,53.076923269738856,677.8643489100673,0.0,-1.0,-0.2926899065782405,-0.9274523816953795,0.15270991717245774,2.0330661916979733,3.1142097089922283,-0.2926899065782405,187.93185518192928,0.0,207,True
spleen,excluded_at_or_below_-1,ENSG00000216966.1,ENSG00000216966,,,,,,,,,,,,,,,,,6,False
spleen,raw,ENSG00000216966.1,ENSG00000216966,0.1538461541458031,311.8254430980951,-0.9906290596463019,0.004166628916957128,5.076923078451218,293.7366594935271,0.0,-1.0,-0.1252069678355073,-0.9912551566495447,0.06993500404714582,9.664579925487457,102.08263554293698,-0.1252069678355073,305.2472452377326,0.0,277,True
stomach,excluded_at_or_below_-1,ENSG00000216966.1,ENSG00000216966,,,,,,,,,,,,,,,,,7,False
stomach,raw,ENSG00000216966.1,ENSG00000216966,0.17948717602009384,441.5950789105592,-0.9951207157591503,0.0022967597850614423,5.743589744740193,273.0119836583664,0.0,-1.0,-0.551734397320661,-0.9953873624579226,0.03820519363734392,9.11153310819514,86.82160529999048,-0.551734397320661,430.92435549494473,0.0,407,True
testis,excluded_at_or_below_-1,ENSG00000216966.1,ENSG00000216966,0.4368047747449867,17.857091871784423,-0.7943675154469999,0.0871418422976166,97.37918648498449,23.77550441478721,0.0,-0.9024903304019652,0.6706454863962714,-0.714195243280518,0.21545321780276366,4.1372435907024565,21.23110046038922,0.6706454863962714,17.856624660985013,0.0,85,True
testis,raw,ENSG00000216966.1,ENSG00000216966,2.179487217551263,429.29970124844397,-0.981159998023787,0.003912053657323111,873.7435897435901,597.1302858017439,0.0,-1.0,0.6706454863962714,-0.9413202794174976,0.15100092053905606,4.9579766427219925,38.59878814672068,0.6706454863962714,416.39665008043636,0.0,414,True
thyroid,excluded_at_or_below_-1,ENSG00000216966.1,ENSG00000216966,0.32538227066163344,1.7093443572245584,-0.7779015671532612,0.0073269963673783176,12.155533559888632,46.66175956746738,0.0,-0.8336907517507393,-0.5361484458830827,-0.7095445922689905,0.0914289651770208,0.5073656982520969,-0.8216577380704204,-0.5361484458830827,1.7085772844502962,0.0,16,True
thyroid,raw,ENSG00000216966.1,ENSG00000216966,0.4102564102564103,871.2528936531892,-0.9950256680645636,0.0015965284756627616,17.435897435897438,406.4759263399581,0.0,-1.0,-0.5361484458830827,-0.9932057214565846,0.045974774706642955,7.196887762956431,53.66601563235768,-0.5361484458830827,835.2287424389557,0.0,684,True
uterus,excluded_at_or_below_-1,ENSG00000216966.1,ENSG00000216966,,,,,,,,,,,,,,,,,9,False
uterus,raw,ENSG00000216966.1,ENSG00000216966,0.2307692307692311,162.71865418182904,-0.9876110031519464,0.0009240155311078984,14.923076923426365,1458.145985929965,0.0,-1.0,-0.0348910084709226,-0.9802792494830311,0.10019669711890357,7.006212263402692,56.26786044845663,-0.0348910084709226,121.32899216903148,0.0,153,True
vagina,excluded_at_or_below_-1,ENSG00000216966.1,ENSG00000216966,,,,,,,,,,,,,,,,,9,False
vagina,raw,ENSG00000216966.1,ENSG00000216966,,,,,,,,,,,,,,,,,170,False
whole_blood,excluded_at_or_below_-1,ENSG00000216966.1,ENSG00000216966,,,,,,,,,,,,,,,,,8,False
whole_blood,raw,ENSG00000216966.1,ENSG00000216966,-0.5516002371352015,731.6037999027375,-0.9946313872162846,0.0054957673849834795,4317.311358457197,110.21821087683024,0.0,-1.0,-0.5663130167209015,-0.9972369240416347,0.028691236895425982,11.058357190058153,128.41761659040728,-0.5663130167209015,729.4199929928789,0.0,803,True
adipose_subcutaneous,excluded_at_or_below_-1,ENSG00000217004.1,ENSG00000217004,1.370129512312734,11.910231525361407,-0.8236146902904844,0.050210570340207414,131.70770404951276,19.23991584361062,0.0,-0.9206403227245707,-0.1405162011314465,-0.736297720233711,0.13425444213762106,1.7350217074970524,4.442861833926738,-0.1405162011314465,11.908237567429701,0.0,109,True
adipose_subcutaneous,raw,ENSG00000217004.1,ENSG00000217004,2.7948717950455144,638.9304269348055,-0.9902639209442535,0.0041407562939290874,638.3589743622347,290.21866167704115,0.0,-1.0,-0.1405162011314465,-0.9597429292793759,0.10834226949571864,3.2366898953046372,12.479988752325406,-0.1405162011314465,635.4057761919626,0.0,714,True
adipose_visceral_omentum,excluded_at_or_below_-1,ENSG00000217004.1,ENSG00000217004,1.2508804451332514,4.578116072516998,-0.822248548374176,0.07589391705369612,124.0067725088521,7.844924326232887,0.0,-0.9136958534501954,-0.4012498732458088,-0.7362594289706256,0.13066928466972275,0.9206215130141859,-0.133410828040057,-0.4012498732458088,4.578109423941055,0.0,96,True
adipose_visceral_omentum,raw,ENSG00000217004.1,ENSG00000217004,4.544539504498069,456.692995927706,-0.9925178451776773,0.005661426470686511,1334.7062573769886,147.69761459102497,0.0,-1.0,-0.4012498732458088,-0.956866959422794,0.1109042638760708,2.8283403663981845,7.763572798179897,-0.4012498732458088,453.3526070301549,0.0,587,True
adrenal_gland,excluded_at_or_below_-1,ENSG00000217004.1,ENSG00000217004,0.5985457657117467,3.739884410605577,-0.8336467928505562,0.12194025466447773,59.50440289666149,6.8090053917560835,0.0,-0.9295144956450558,-0.2465417943033193,-0.7312410778059212,0.16929586327353396,1.3390153365975892,1.1216712824837014,-0.2465417943033193,3.7398822861681413,0.0,65,True
adrenal_gland,raw,ENSG00000217004.1,ENSG00000217004,1.7110010191621723,207.85831403764578,-0.9905887869714138,0.007971568643317523,579.4310520805376,131.99928334760267,0.0,-1.0,-0.2465417943033193,-0.9407819323979149,0.1367112260430756,2.821530373633641,8.436860780865228,-0.2465417943033193,206.65979345850127,0.0,295,True
artery_aorta,excluded_at_or_below_-1,ENSG00000217004.1,ENSG00000217004,0.1571789833883638,2.3844808742107424,-0.8684363672409453,0.3104428384049727,43.785494938926824,3.505174133455006,0.0,-0.8894242771400027,-0.0989937342149247,-0.669910941860516,0.19010084460653395,1.508842633903386,2.1960315985721257,-0.0989937342149247,2.379358132180639,0.0,42,True
artery_aorta,raw,ENSG00000217004.1,ENSG00000217004,1.0769231078710093,471.44790564595485,-0.9900454091557422,0.004254185535557609,78.76923076925458,296.2111908246608,0.0,-1.0,-0.0989937342149247,-0.9706276685553848,0.10953220567164042,4.670760618576819,25.446403730374396,-0.0989937342149247,462.922342518452,0.0,472,True
artery_coronary,excluded_at_or_below_-1,ENSG00000217004.1,ENSG00000217004,0.4555410108729267,2.252983151929599,-0.812302453532956,0.025185814119446655,25.212506004227848,17.058532858962796,0.0,-0.9199236245129754,-0.5085060191278354,-0.7547055062701776,0.10062883182688026,1.0647028363600137,0.6687785890697389,-0.5085060191278354,2.2528222805358507,0.0,28,True
artery_coronary,raw,ENSG00000217004.1,ENSG00000217004,1.2917066757419504,225.6868655283475,-0.9938640409807972,0.005261880732653511,229.7086394207247,130.44763497801506,0.0,-1.0,-0.5085060191278354,-0.9743722170730037,0.08169852633228793,3.452186182043968,12.148844053640738,-0.5085060191278354,224.43593866154396,0.0,268,True
artery_tibial,excluded_at_or_below_-1,ENSG00000217004.1,ENSG00000217004,0.47455153880370193,6.111967572706129,-0.8029067481029771,0.054897342419990114,91.87137044441945,12.389496397565932,0.0,-0.9645801932729328,-0.3219677695465157,-0.7608804623240941,0.11444898710282106,1.6482350186129084,3.5450232782066866,-0.3219677695465157,6.111759031367181,0.0,56,True
artery_tibial,raw,ENSG00000217004.1,ENSG00000217004,1.435897423567805,743.2836634954314,-0.9928203273742612,0.0032421967507167073,195.58974360283148,292.61912788696634,0.0,-1.0,-0.3219677695465157,-0.980621282040737,0.07285983651336862,4.4965363231677715,23.699438964065326,-0.3219677695465157,732.713008749129,0.0,691,True
bladder,excluded_at_or_below_-1,ENSG00000217004.1,ENSG00000217004,0.13305115479358504,1.6848873337217662,-0.8650097806713659,0.047238711655217196,5.951462832314579,23.22177477304508,0.0,-0.8780310772169655,-0.0893371723663456,-0.6867944871273834,0.24912181259302044,1.543209546512632,1.3145193581387202,-0.0893371723663456,1.6848713389927341,0.0,10,True
bladder,raw,ENSG00000217004.1,ENSG00000217004,,,,,,,,,,,,,,,,,77,False
brain_amygdala,excluded_at_or_below_-1,ENSG00000217004.1,ENSG00000217004,0.1692935553119748,1824890682624.9087,-3.8823671839147567,0.5632122548159874,9.570804115701808,8.822527772265575,0.0,-0.9054490718264908,-0.3687848707482083,-0.7393568607614561,0.16997848718408032,1.0336063130815805,-0.0011498562894782793,-0.3687848707482083,1.3429821979605123,0.0,12,True
brain_amygdala,raw,ENSG00000217004.1,ENSG00000217004,0.30769230769230765,187.20230164512353,-0.9929512213725447,0.0026076810106891325,12.307692307692307,338.501724180054,0.0,-1.0,-0.3687848707482083,-0.9827197918736877,0.07742344201539064,5.492684971666726,33.11999448874389,-0.3687848707482083,184.2693198638155,0.0,181,True
brain_anterior_cingulate_cortex_ba24,excluded_at_or_below_-1,ENSG00000217004.1,ENSG00000217004,0.01374918970200901,711.2409553050751,-3.404171730544187,0.9680975545758985,14.133543649001465,4.021671343014769,0.0,-0.9179160357750372,-0.6511432657716048,-0.8154646832611518,0.07582353684470988,0.5159946856766269,-0.6383650872703899,-0.6511432657716048,0.7530986247875356,0.0,21,True
brain_anterior_cingulate_cortex_ba24,raw,ENSG00000217004.1,ENSG00000217004,0.5526317222099492,203.8819708096116,-0.9956410612234411,0.003492706590812622,75.53531562238425,139.48880098235438,0.0,-1.0,-0.6511432657716048,-0.9833680615814773,0.05744751502270855,3.6622324109998643,13.133423668640976,-0.6511432657716048,202.5558135240125,0.0,233,True
brain_caudate_basal_ganglia,excluded_at_or_below_-1,ENSG00000217004.1,ENSG00000217004,0.12281283955872845,2.4765403340942096,-0.8887747488349867,0.13804978947072002,40.11980607605359,5.312412736427899,0.0,-0.9242688621759152,-0.3701985738089089,-0.800378214313386,0.12315833985065618,1.9272923431420124,3.7060703289442785,-0.3701985738089089,2.476523076374502,0.0,33,True
brain_caudate_basal_ganglia,raw,ENSG00000217004.1,ENSG00000217004,0.8461538461538458,296.0951260808155,-0.9930920146121456,0.0029541043389915023,81.07692307906734,298.1967631508611,0.0,-1.0,-0.3701985738089089,-0.9780416035744725,0.07441491276043846,4.50695266434177,24.725613173366046,-0.3701985738089089,289.24473658213105,0.0,300,True
brain_cerebellar_hemisphere,excluded_at_or_below_-1,ENSG00000217004.1,ENSG00000217004,-0.026353773081343426,4.9685803879595785,-1.2628143783124963,0.5217011765487788,38.63353490837432,2.758249084439173,0.0,-0.9017704603526476,-0.2453005947847445,-0.7192892597495725,0.14933101920784292,1.0600421621003748,0.8826139315173034,-0.2453005947847445,2.9670408713359286,0.0,44,True
brain_cerebellar_hemisphere,raw,ENSG00000217004.1,ENSG00000217004,1.4209584092365382,227.03198983556422,-0.990571561738432,0.007163583625732716,95.05071895064452,147.12919736467958,0.0,-1.0,-0.2453005947847445,-0.9554105683356721,0.11849429806454956,3.0278616269562617,9.566724445552985,-0.2453005947847445,225.39755201125834,0.0,277,True
brain_cerebellum,excluded_at_or_below_-1,ENSG00000217004.1,ENSG00000217004,0.04343090428387176,4.526448703227966,-0.7603039744664988,0.24782770896627773,47.03059135698136,4.0452577344055625,0.0,-0.9070713946592572,-0.0514103652059753,-0.690239023953543,0.15459630796695983,1.374668060923829,3.1143531357842997,-0.0514103652059753,4.5251730999228235,0.0,76,True
brain_cerebellum,raw,ENSG00000217004.1,ENSG00000217004,,,,,,,,,,,,,,,,,266,False
brain_cortex,excluded_at_or_below_-1,ENSG00000217004.1,ENSG00000217004,0.2202211381801327,3.792040304380446,-0.8907882651044481,0.017431377446773127,14.108994097314339,30.973720253437673,0.0,-0.9121407266785944,-0.5090109840533177,-0.8397848942761584,0.09643486563672603,2.2708282366839683,5.034830516182913,-0.5090109840533177,3.791619255481141,0.0,20,True
brain_cortex,raw,ENSG00000217004.1,ENSG00000217004,0.5128205133438068,319.63173196505284,-0.9950771241965434,0.0024399179462456034,37.74358975052572,281.73132980091503,0.0,-1.0,-0.5090109840533177,-0.9881322143908265,0.04923366690530341,5.65570356812846,40.14792072032731,-0.5090109840533177,319.63050068206434,0.0,270,True
brain_frontal_cortex_ba9,excluded_at_or_below_-1,ENSG00000217004.1,ENSG00000217004,0.414512021128447,3.7708837614568975,-0.84989353441394,0.00622304193076693,13.242999226113094,59.095547861943935,0.0,-0.8959465388197397,-0.5898521361053153,-0.7978873113279884,0.07411789330383299,1.014214425047767,0.7740690282747411,-0.5898521361053153,3.7705071495320164,0.0,22,True
brain_frontal_cortex_ba9,raw,ENSG00000217004.1,ENSG00000217004,0.564102564102624,250.3504270241934,-0.9951178120336237,0.0019488966907850176,29.58974358983869,294.0803470866663,0.0,-1.0,-0.5898521361053153,-0.9834703377294267,0.05924127752085537,3.8154887597094094,14.796583475139634,-0.5898521361053153,249.82722081976613,0.0,269,True
brain_hippocampus,excluded_at_or_below_-1,ENSG00000217004.1,ENSG00000217004,-137.1933610018906,138.1218301519863,-1.103439637910725,5.416265289543312,16.72670694855259,0.10604822076717359,0.0,-0.9194801325488016,-0.6972878992756975,-0.8316242598365567,0.060352098723949386,0.2912675473001864,-0.6603808239303532,-0.6972878992756975,0.6152534466421287,0.0,20,True
brain_hippocampus,raw,ENSG00000217004.1,ENSG00000217004,0.7667367804095699,224.6901453660691,-0.9962324035706078,0.0034288820758460585,116.85556606751163,123.29714554748799,0.0,-1.0,-0.6972878992756975,-0.986794059595024,0.048266881845092605,3.774106520067032,13.673711998735264,-0.6972878992756975,223.68093529209395,0.0,255,True
brain_hypothalamus,excluded_at_or_below_-1,ENSG00000217004.1,ENSG00000217004,0.10526687296978239,1764900141145.6614,-4.624976560323655,0.7315821355606252,17.85783296109647,9.203419977680442,0.0,-0.906802233243334,0.1360141562654957,-0.7864056109170896,0.19754197709845095,3.442118543593429,12.810446998781522,0.1360141562654957,10.682271332939317,0.0,33,True
brain_hypothalamus,raw,ENSG00000217004.1,ENSG00000217004,0.8461538461639821,332.2378743601935,-0.9892018495186667,0.005392642490830032,157.07692307866952,295.0864513427655,0.0,-1.0,0.1360141562654957,-0.9725734831138675,0.10001867547408583,6.813566010143787,62.407459539702785,0.1360141562654957,328.4042021951244,0.0,257,True
brain_nucleus_accumbens_basal_ganglia,excluded_at_or_below_-1,ENSG00000217004.1,ENSG00000217004,0.26388896167207737,2.0571914345487534,-0.8893423088894229,0.14894983876491652,31.752459382109727,4.358296050529754,0.0,-0.9217194543052324,-0.430311571744705,-0.7832629958161406,0.11905038980776363,1.2521645990092851,1.1021713571345835,-0.430311571744705,2.057023492297526,0.0,38,True
brain_nucleus_accumbens_basal_ganglia,raw,ENSG00000217004.1,ENSG00000217004,1.319111842276286,244.8879721261893,-0.9928970687455433,0.005294283184130606,66.72937214339835,150.27833083009608,0.0,-1.0,-0.430311571744705,-0.9711017327754855,0.08540380102305116,3.502485028406319,13.348561694511375,-0.430311571744705,243.16032700216536,0.0,285,True
brain_putamen_basal_ganglia,excluded_at_or_below_-1,ENSG00000217004.1,ENSG00000217004,0.05333982700240909,8469792.793835085,-3.74475011024161,0.7132545104656975,19.354718662588397,6.2205164621249915,0.0,-0.9165619463037704,-0.6074506654592647,-0.8291463299620274,0.08190769455782818,1.2894503811986582,1.3316442129410726,-0.6074506654592647,1.2241938015815501,0.0,16,True
brain_putamen_basal_ganglia,raw,ENSG00000217004.1,ENSG00000217004,0.410256410346544,264.37547092566814,-0.9957147491965527,0.0019018902781974734,25.435897437792068,288.70663008175063,0.0,-1.0,-0.6074506654592647,-0.9892375640920962,0.046125274282384096,5.003216034358198,27.963498177596186,-0.6074506654592647,257.78692340901165,0.0,254,True
brain_spinal_cord_cervical_c-1,excluded_at_or_below_-1,ENSG00000217004.1,ENSG00000217004,0.18853985455265906,0.996710349865582,-0.827561779806382,0.008133242599846047,5.918216811352961,25.882193184116687,0.0,-0.9124950666142796,-0.6787114492882198,-0.8125185019971349,0.06998250523794618,0.49783447612848875,-0.4474916645769582,-0.6787114492882198,0.9963718426600661,0.0,10,True
brain_spinal_cord_cervical_c-1,raw,ENSG00000217004.1,ENSG00000217004,0.25641025641025644,205.06712264614183,-0.9962410301311334,0.0010789060829417987,9.435897435898429,416.2129093370926,0.0,-1.0,-0.6787114492882198,-0.9908097304900556,0.043171158118629385,5.005555196379551,25.571213308658592,-0.6787114492882198,205.06379565141438,0.0,204,True
brain_substantia_nigra,excluded_at_or_below_-1,ENSG00000217004.1,ENSG00000217004,,,,,,,,,,,,,,,,,9,False
brain_substantia_nigra,raw,ENSG00000217004.1,ENSG00000217004,0.23076923076923075,180.21110587212098,-0.9966614765915884,0.001113400591678726,12.92307693065339,356.58547381153267,0.0,-1.0,-0.7159241904496121,-0.9915517722809603,0.040341524136573735,5.20430036287719,27.82029805357515,-0.7159241904496121,180.1598821675109,0.0,183,True
breast_mammary_tissue,excluded_at_or_below_-1,ENSG00000217004.1,ENSG00000217004,1.4577864847752204,12.641299673033718,-0.8148385938827557,0.0336879127590824,111.07630091720766,30.05213091378898,0.0,-0.921910777039504,-0.0989682392317807,-0.7175245804295503,0.1537923347795229,1.7560224822568609,3.8715338679871634,-0.0989682392317807,12.64121154366185,0.0,95,True
breast_mammary_tissue,raw,ENSG00000217004.1,ENSG00000217004,2.4358974396619395,422.5692637495049,-0.9891354327516269,0.0033293218164110938,443.5897439361653,378.12100700208157,0.0,-1.0,-0.0989682392317807,-0.9477915080560452,0.12798137881386185,3.009693893290874,10.724341476956367,-0.0989682392317807,418.31298978419807,0.0,514,True
cells_cultured_fibroblasts,excluded_at_or_below_-1,ENSG00000217004.1,ENSG00000217004,0.089291204698951,4.068763620414029,-0.7567446033505787,0.1527611813555857,70.85763771949355,3.4710646626484722,0.0,-0.9218998436283076,-0.3818055188052134,-0.7331398458127836,0.10369554592036981,0.7793517642682852,0.6447501863437557,-0.3818055188052134,4.0589147602554645,0.0,80,True
cells_cultured_fibroblasts,raw,ENSG00000217004.1,ENSG00000217004,3.491895289392728,561.4275947398709,-0.9922797345865744,0.00572632450576158,327.80222205803307,150.7670259637615,0.0,-1.0,-0.3818055188052134,-0.9672564227991145,0.09477582410823822,3.018014718231355,8.766853586952534,-0.3818055188052134,557.2319356391416,0.0,652,True
cells_ebv-transformed_lymphocytes,excluded_at_or_below_-1,ENSG00000217004.1,ENSG00000217004,1.1283583492685139,11.161078338189315,-0.8027075197698137,0.16301726132174318,350.4488953377843,6.250036631392487,0.0,-0.93992909055958,-0.0822619789276719,-0.7162652336198619,0.16216764967385638,1.2453777720312964,1.373506594185237,-0.0822619789276719,11.161055253329621,0.0,178,True
cells_ebv-transformed_lymphocytes,raw,ENSG00000217004.1,ENSG00000217004,4.564102593406862,159.0623243648679,-0.9872106000907065,0.004242617556377415,1107.5897435972972,301.65118498032916,0.0,-1.0,-0.0822619789276719,-0.8455511057624935,0.18522381558262657,1.2466105400660479,1.2309603779435712,-0.0822619789276719,156.57652876751186,0.0,327,True
cervix_ectocervix,excluded_at_or_below_-1,ENSG00000217004.1,ENSG00000217004,,,,,,,,,,,,,,,,,3,False
cervix_ectocervix,raw,ENSG00000217004.1,ENSG00000217004,0.07692307692309105,31.674862960745603,-0.9975405164138702,0.0011525347756049867,4.769230769520096,311.2687408414415,0.0,-1.0,-0.7438673386679667,-0.9760633830353648,0.07219102200504354,2.858297967193913,6.414205538643154,-0.7438673386679667,31.407467756767357,0.0,24,True
cervix_endocervix,excluded_at_or_below_-1,ENSG00000217004.1,ENSG00000217004,,,,,,,,,,,,,,,,,5,False
cervix_endocervix,raw,ENSG00000217004.1,ENSG00000217004,0.12820512835103007,25.110048405911897,-0.9973111475783403,0.0016208686344081245,4.358974359063927,251.3106466942794,0.0,-1.0,-0.7092771790481225,-0.959175013380057,0.08451026178101183,1.8229621009305692,1.9959269990230313,-0.7092771790481225,24.638265778040722,0.0,23,True
colon_sigmoid,excluded_at_or_below_-1,ENSG00000217004.1,ENSG00000217004,0.1650262311759729,14.723365632177776,-1.482246869680719,0.547683316128451,37.03327196483512,3.5121288842418585,0.0,-0.8989362639508732,-0.1221026558433504,-0.704063816115036,0.17375461991220117,1.2789710694158656,1.3024847870463212,-0.1221026558433504,4.704704714673459,0.0,55,True
colon_sigmoid,raw,ENSG00000217004.1,ENSG00000217004,1.4102564061416394,378.0981824566505,-0.9882256370787137,0.003912254759082251,139.43589743665166,313.08872815670253,0.0,-1.0,-0.1221026558433504,-0.9611539615425465,0.11794513848317328,3.6928376934782126,15.150763488171176,-0.1221026558433504,378.03760096539435,0.0,419,True
colon_transverse,excluded_at_or_below_-1,ENSG00000217004.1,ENSG00000217004,1.114003348339058,6.027515471238385,-0.8599611437365957,0.058469721661701224,59.644484271606615,11.273683271127231,0.0,-0.9817019716619309,-0.3938581869392645,-0.7853722886688322,0.12004581241078399,1.1093623660228125,0.9524119373212456,-0.3938581869392645,6.0275110113566495,0.0,87,True
colon_transverse,raw,ENSG00000217004.1,ENSG00000217004,2.261888774833415,366.45359977577596,-0.9924474737744162,0.006887773080775398,756.6740749770004,122.90374229898569,0.0,-1.0,-0.3938581869392645,-0.9610175138083265,0.09723263622545342,2.882759835903344,8.685065772505943,-0.3938581869392645,364.75800333106315,0.0,479,True
esophagus_gastroesophageal_junction,excluded_at_or_below_-1,ENSG00000217004.1,ENSG00000217004,0.6831722658465091,2.1986907807895713,-0.8112515845749009,0.13583821986338085,69.55967995295941,4.747012808269433,0.0,-0.9198744925344182,-0.3552909102465129,-0.7224776955306936,0.13362786228155,0.6991619001949396,-0.3780695638241496,-0.3552909102465129,2.1986563402970507,0.0,60,True
esophagus_gastroesophageal_junction,raw,ENSG00000217004.1,ENSG00000217004,1.6641918200861057,318.25945645958814,-0.9919611306473999,0.007195630670773394,652.2013069737873,125.12977689462588,0.0,-1.0,-0.3552909102465129,-0.9586815427589122,0.11137581587593082,2.9036389709605848,8.039210396368448,-0.3552909102465129,316.6975562211967,0.0,403,True
esophagus_mucosa,excluded_at_or_below_-1,ENSG00000217004.1,ENSG00000217004,0.2825956404281515,7.184849661030927,-0.8526266290041149,0.1731857124740686,105.80852592953536,4.693716305537001,0.0,-0.9090165296595863,-0.277830414236147,-0.7687523314769223,0.11271284744287624,1.5179111136891563,3.154999229924784,-0.277830414236147,7.18466878698634,0.0,106,True
esophagus_mucosa,raw,ENSG00000217004.1,ENSG00000217004,2.7179486965302333,517.0189108326477,-0.9903959608178847,0.0038071854909513757,453.897437876999,264.6889316138554,0.0,-1.0,-0.277830414236147,-0.9600777640660484,0.09912962916204676,2.854027641625116,9.07261277324697,-0.277830414236147,516.9590600071822,0.0,614,True
esophagus_muscularis,excluded_at_or_below_-1,ENSG00000217004.1,ENSG00000217004,0.08552790771561915,14.05523870986562,-1.1877668253905969,0.41774139076076006,78.37991965153626,3.1290831949954105,0.0,-0.8901487068433082,-0.2634739176843022,-0.7327783878786189,0.13364332919270602,1.2588720758050242,1.5427817414870697,-0.2634739176843022,8.355439203157404,0.0,107,True
esophagus_muscularis,raw,ENSG00000217004.1,ENSG00000217004,2.9663837307143135,423.30970496404484,-0.99082086275786,0.00818397976533062,1174.8879640264397,125.68749480920906,0.0,-1.0,-0.2634739176843022,-0.949032598044585,0.1200930564628939,2.649234072218202,7.274893797042624,-0.2634739176843022,421.2469757137432,0.0,561,True
fallopian_tube,excluded_at_or_below_-1,ENSG00000217004.1,ENSG00000217004,,,,,,,,,,,,,,,,,6,False
fallopian_tube,raw,ENSG00000217004.1,ENSG00000217004,0.1538461537021134,34.83805518666372,-0.9959897856896707,0.0019748418747854365,11.076923077138279,300.35946722713817,0.0,-1.0,-0.5765605925676284,-0.9435442297495894,0.11867907405850082,1.8311937591945369,1.9802098898379787,-0.5765605925676284,34.363622715338416,0.0,29,True
heart_atrial_appendage,excluded_at_or_below_-1,ENSG00000217004.1,ENSG00000217004,0.6535773141049505,1.5723834817095885,-0.88283303728258,0.07631015602457049,26.693538356622597,4.566393687515902,0.0,-0.9372662398699628,-0.6364330422357063,-0.8265773009787689,0.07726364643204138,0.6705934145605917,-0.5262905845184762,-0.6364330422357063,1.5723268173400924,0.0,50,True
heart_atrial_appendage,raw,ENSG00000217004.1,ENSG00000217004,1.3499547794311746,387.03064492008673,-0.9954558294648459,0.003635388307117673,580.2853885772759,139.664556302377,0.0,-1.0,-0.6364330422357063,-0.9811905966354413,0.05958528111594019,3.4230801124519328,11.534048037813355,-0.6364330422357063,384.48234142693286,0.0,461,True
heart_left_ventricle,excluded_at_or_below_-1,ENSG00000217004.1,ENSG00000217004,-0.023000960795335087,2.6441404427549733,-0.9546120561484115,0.16921613850387798,44.6562573900131,2.114132934471014,0.0,-0.9357075880329252,-0.701647849770169,-0.8549816631813307,0.05871913419931673,0.7119897685666464,-0.08440219414644146,-0.701647849770169,2.3283795824994407,0.0,56,True
heart_left_ventricle,raw,ENSG00000217004.1,ENSG00000217004,2.035545886508685,366.7870943092933,-0.9963504739680071,0.003927372522718022,960.7942400806311,106.11991747579063,0.0,-1.0,-0.701647849770169,-0.9820331264118463,0.0520409370115533,3.0347890036975693,8.775107920229415,-0.701647849770169,366.15629473111596,0.0,452,True
kidney_cortex,excluded_at_or_below_-1,ENSG00000217004.1,ENSG00000217004,0.18421055885433193,7.341650754883295,-0.8596786222609547,0.001302993684719403,5.710527496947934,124.13034458468705,0.0,-0.8841756897141853,-0.7453104254205256,-0.839270723701736,0.044024764885010496,1.2388772998140023,0.27034347655521707,-0.7453104254205256,7.3162212241282605,0.0,10,True
kidney_cortex,raw,ENSG00000217004.1,ENSG00000217004,,,,,,,,,,,,,,,,,104,False
kidney_medulla,excluded_at_or_below_-1,ENSG00000217004.1,ENSG00000217004,,,,,,,,,,,,,,,,,1,False
kidney_medulla,raw,ENSG00000217004.1,ENSG00000217004,0.025641025640980523,13.594727441607175,-0.9987244196281428,0.0005376804966567202,0.9743589748916763,328.006857598324,0.0,-1.0,-0.8740170240885792,-0.9885470021898709,0.037985296460960494,2.8460498941515473,6.100000000000023,-0.8740170240885792,13.58597193409525,0.0,11,True
liver,excluded_at_or_below_-1,ENSG00000217004.1,ENSG00000217004,0.3684211187020364,3.689787096304079,-0.9143615143945224,0.0025866763428533278,12.842105865270543,146.57664344974515,0.0,-0.9212357942640386,-0.6462645691282902,-0.7900838637160714,0.09181098037193502,0.10981562083782026,-1.2571194004957484,-0.6462645691282902,3.689714457086982,0.0,16,True
liver,raw,ENSG00000217004.1,ENSG00000217004,0.4210533031558898,238.62067967556925,-0.9955886012152543,0.003858130083855679,66.43718523323534,128.04617083997695,0.0,-1.0,-0.6462645691282902,-0.9871806939673936,0.054961488538414496,4.577684150614371,20.745670676532054,-0.6462645691282902,237.38855030627923,0.0,262,True
lung,excluded_at_or_below_-1,ENSG00000217004.1,ENSG00000217004,0.7268866914183478,7.1627400492970645,-0.7639534771698123,0.14202109521101172,135.9306487694404,5.792829966032131,0.0,-0.91495748418049,-0.1822138601585545,-0.6978851001749744,0.14484920573829316,1.2682433002049742,1.5114094105242666,-0.1822138601585545,7.162635823372598,0.0,121,True
lung,raw,ENSG00000217004.1,ENSG00000217004,3.1843667013909016,447.6995782308013,-0.9898006137145571,0.008957341112883155,1506.724527615349,127.50437046872077,0.0,-1.0,-0.1822138601585545,-0.939476981988695,0.13719147177378924,2.4969000367683116,6.293274467621648,-0.1822138601585545,445.401208859169,0.0,604,True
minor_salivary_gland,excluded_at_or_below_-1,ENSG00000217004.1,ENSG00000217004,1.1717753114337448,4.942977122281993,-0.8486553211505867,0.014990409021935486,38.07486365034534,39.42854148467161,0.0,-0.9027627344601332,-0.4307198835906624,-0.7305134905159589,0.13328843036168075,0.6737837456639274,-0.7298249868779392,-0.4307198835906624,4.941395812823275,0.0,58,True
minor_salivary_gland,raw,ENSG00000217004.1,ENSG00000217004,1.4871794876031321,181.5580697153349,-0.995148900397997,0.0035741801420135807,85.74359004586847,223.33042511845818,0.0,-1.0,-0.4307198835906624,-0.9136452069056663,0.14672422148335984,1.6288047776440189,1.6048613475799618,-0.4307198835906624,181.41832581081965,0.0,181,True
muscle_skeletal,excluded_at_or_below_-1,ENSG00000217004.1,ENSG00000217004,0.8112363652491649,16.104973535173194,-0.8838606220388882,0.02953483113237582,101.67371910526845,46.33304399301151,0.0,-0.9205529347414012,0.0837716130008123,-0.8015726035863829,0.1432529050002475,3.9216058678908894,20.754371498041934,0.0837716130008123,16.104275836749903,0.0,65,True
muscle_skeletal,raw,ENSG00000217004.1,ENSG00000217004,1.6666666666631478,751.8335477490853,-0.9865839281477952,0.005080713045037213,474.66666666751513,297.9328510458057,0.0,-1.0,0.0837716130008123,-0.9842325418497737,0.067016111850346,7.507668491856266,88.17291605840128,0.0837716130008123,735.5865906937954,0.0,818,True
nerve_tibial,excluded_at_or_below_-1,ENSG00000217004.1,ENSG00000217004,1.5673945990875946,8.800558218289117,-0.8120763159437628,0.029818990647273315,118.94119221665247,30.367413290608408,0.0,-0.9070389303178716,-0.1717730145279323,-0.6847787798796516,0.15597066262017958,1.009097037623974,0.4504722715842022,-0.1717730145279323,8.79859001902565,0.0,88,True
nerve_tibial,raw,ENSG00000217004.1,ENSG00000217004,2.2564102560715935,586.3070713602305,-0.9893157783881725,0.0031232460710593343,277.4358974358974,370.1853898687484,0.0,-1.0,-0.1717730145279323,-0.9585978098946408,0.12048748633824671,3.2798231914688047,11.113392272432314,-0.1717730145279323,577.81554911534,0.0,670,True
ovary,excluded_at_or_below_-1,ENSG00000217004.1,ENSG00000217004,0.08916447544449328,2.841886980836081,-0.7288123637714801,0.21952252272217465,65.1301382894305,4.314639119295773,0.0,-0.8966044184247496,-0.0590687767320342,-0.665651147635357,0.15602327696338303,1.4100542215550338,3.10114778919906,-0.0590687767320342,2.8416292463741786,0.0,49,True
ovary,raw,ENSG00000217004.1,ENSG00000217004,,,,,,,,,,,,,,,,,193,False
pancreas,excluded_at_or_below_-1,ENSG00000217004.1,ENSG00000217004,0.7118939432722678,19.802311945115623,-0.8758977151930826,0.04945758514638386,114.97972816781203,22.111375462935825,0.0,-0.9235325726148552,-0.1026232510260457,-0.8240983299115976,0.10847253123456956,3.4334049527974075,17.544260493870333,-0.1026232510260457,19.80142251494768,0.0,106,True
pancreas,raw,ENSG00000217004.1,ENSG00000217004,2.7179487967584497,270.5520234151782,-0.9898936778010704,0.004325408411419263,1233.8974358978114,290.0974316610439,0.0,-1.0,-0.1026232510260457,-0.9484928811343352,0.09923346991804519,3.088662121436117,16.06617080815972,-0.1026232510260457,268.4658842660896,0.0,362,True
pituitary,excluded_at_or_below_-1,ENSG00000217004.1,ENSG00000217004,0.7759957175928496,6.544950423057825,-0.7998700107731417,0.15447011048614884,99.28264278953218,5.8991721320120005,0.0,-0.9081986307823257,-0.1555219467653233,-0.7062517275977948,0.1614012405315536,1.3932713981858413,1.7270495574779865,-0.1555219467653233,6.544931000105778,0.0,111,True
pituitary,raw,ENSG00000217004.1,ENSG00000217004,,,,,,,,,,,,,,,,,313,False
prostate,excluded_at_or_below_-1,ENSG00000217004.1,ENSG00000217004,0.4306030796049393,5.363746985665382,-0.8403880990428506,0.08419812937010435,77.49988294037168,15.244168768639922,0.0,-0.909092384837198,0.0672050172102871,-0.7242391422825405,0.18846825588454694,2.071571741769278,5.280788113573683,0.0672050172102871,5.363699934403876,0.0,46,True
prostate,raw,ENSG00000217004.1,ENSG00000217004,1.179487183582085,259.38352744576656,-0.988298668276972,0.005195486473161036,147.74358974430584,287.3085388369176,0.0,-1.0,0.0672050172102871,-0.9550177324290668,0.12691016026370017,3.9552830894446314,20.018149883312727,0.0672050172102871,253.7457156504351,0.0,282,True
skin_not_sun_exposed_suprapubic,excluded_at_or_below_-1,ENSG00000217004.1,ENSG00000217004,0.12199207233356849,3.754052646035141,-0.9048958662169394,0.28169719560518636,62.37304804383617,2.7729223985420863,0.0,-0.8894550112323258,-0.3525574612667274,-0.7298794620247369,0.12239431451816951,0.9925397946722464,0.5944351940675499,-0.3525574612667274,3.6624685120323752,0.0,70,True
skin_not_sun_exposed_suprapubic,raw,ENSG00000217004.1,ENSG00000217004,1.7948717942439423,587.2406031958717,-0.991534235872872,0.0031754494282478785,180.358974394764,284.5737717158462,0.0,-1.0,-0.3525574612667274,-0.9709547808628749,0.0927527983804911,3.54779822380458,13.079330315325276,-0.3525574612667274,585.3312535116341,0.0,651,True
skin_sun_exposed_lower_leg,excluded_at_or_below_-1,ENSG00000217004.1,ENSG00000217004,0.7359165386411131,13.650327131901236,-0.8170467230976742,0.07917307620060887,94.5075657339532,25.53556615437754,0.0,-0.9229703442595376,0.6125317923096423,-0.7169993025272741,0.19907666488705356,4.02296353359207,23.625191639971476,0.6125317923096423,13.648854113573005,0.0,78,True
skin_sun_exposed_lower_leg,raw,ENSG00000217004.1,ENSG00000217004,2.026318950954453,621.3125773406578,-0.979847760811735,0.016857979951075738,3311.560926437215,133.58449630414697,0.0,-1.0,0.6125317923096423,-0.9707240657786834,0.10719384057982277,6.482244136194968,68.96915953435591,0.6125317923096423,617.5836643493428,0.0,754,True
small_intestine_terminal_ileum,excluded_at_or_below_-1,ENSG00000217004.1,ENSG00000217004,0.20341117665803596,7.646076409543929,-0.910162799178416,0.261329009716169,87.0311345119404,5.557770506022773,0.0,-0.9053936746803484,0.116843800964407,-0.7266150637975182,0.16693972269395793,2.171230141481943,7.148703489145108,0.116843800964407,7.6435288512249375,0.0,76,True
small_intestine_terminal_ileum,raw,ENSG00000217004.1,ENSG00000217004,1.9487179430872832,129.0652754403985,-0.9859919862066949,0.0045573898157862305,359.897435897478,342.22337573260984,0.0,-1.0,0.116843800964407,-0.8996267867082677,0.16612187064974512,2.227574613889197,6.998503759678629,0.116843800964407,124.04128782966347,0.0,207,True
spleen,excluded_at_or_below_-1,ENSG00000217004.1,ENSG00000217004,0.8371624811350413,4.542105485779202,-0.7717260312511912,0.17089602156873768,96.6386431648107,4.8412560330067125,0.0,-0.8910313451738467,-0.1867002491138917,-0.672190721759451,0.161035140119036,1.016236261264672,0.4238571881830233,-0.1867002491138917,4.542022328680325,0.0,99,True
spleen,raw,ENSG00000217004.1,ENSG00000217004,2.5384615439146385,194.32132642942491,-0.9899620992005432,0.0004016796943453084,265.6923078150842,2828.083715760064,0.0,-1.0,-0.1867002491138917,-0.8828407272714284,0.18432816320519702,1.5410199819425048,1.6527162192689433,-0.1867002491138917,33.28320188508309,0.0,277,True
stomach,excluded_at_or_below_-1,ENSG00000217004.1,ENSG00000217004,-0.18771452784582307,9.826637732238598,-1.1287554609728203,0.41343203007206136,150.45778209161512,2.5755179081944592,0.0,-0.8940671936117137,-0.3758270309236746,-0.746579519377087,0.11561093895081276,0.9201206886080059,0.29397009965851373,-0.3758270309236746,6.763209476770663,0.0,107,True
stomach,raw,ENSG00000217004.1,ENSG00000217004,2.7435897435878656,349.3167169011538,-0.993454104411082,0.0031271713009624336,321.4358974363522,279.3120362628925,0.0,-1.0,-0.3758270309236746,-0.9333759424406592,0.12635428397552076,1.8980683406346157,2.8767685393359956,-0.3758270309236746,346.2480883249038,0.0,407,True
testis,excluded_at_or_below_-1,ENSG00000217004.1,ENSG00000217004,1.253835910764957,17.39554050012518,-0.7779969222185177,0.1836489632939599,515.6765595887845,7.952257569769722,0.0,-0.9345779626056544,0.2546786915580303,-0.6782492577158508,0.18691842788018082,1.4146354835025037,2.607846195613024,0.2546786915580303,17.395504052416932,0.0,219,True
testis,raw,ENSG00000217004.1,ENSG00000217004,5.615384591894481,236.44951492693602,-0.9821147941470761,0.004673371364620886,2173.2307692307727,374.2673083034021,0.0,-1.0,0.2546786915580303,-0.8297985203859211,0.21047203337033463,1.3710575583628979,1.9874606284869838,0.2546786915580303,226.55182564690074,0.0,414,True
thyroid,excluded_at_or_below_-1,ENSG00000217004.1,ENSG00000217004,1.1294680568702309,18.82075784489504,-0.713313312903697,0.2008783897046323,290.27872372298407,7.816137957507414,0.0,-0.9202116261465516,0.3969102405875286,-0.6175523856466686,0.22350214900067103,1.816031096011472,4.278114950261028,0.3969102405875286,18.820738295211118,0.0,234,True
thyroid,raw,ENSG00000217004.1,ENSG00000217004,6.136487363099118,417.04789707982735,-0.9825482461032773,0.013682468390318404,2945.7503844437624,142.58018691928478,0.0,-1.0,0.3969102405875286,-0.8691626582475445,0.22362772093708996,2.124938318631087,5.471110654231865,0.3969102405875286,414.2267070402062,0.0,684,True
uterus,excluded_at_or_below_-1,ENSG00000217004.1,ENSG00000217004,0.13253165472992437,1.2368001710916794,-0.7563251939714293,0.21320262930175565,17.687264210699418,3.7829168913051596,0.0,-0.8979533381242609,-0.1860238978200159,-0.6750638273361105,0.16454574124845384,1.1541149855487802,1.2664802619010285,-0.1860238978200159,1.235833500421344,0.0,27,True
uterus,raw,ENSG00000217004.1,ENSG00000217004,,,,,,,,,,,,,,,,,153,False
vagina,excluded_at_or_below_-1,ENSG00000217004.1,ENSG00000217004,0.2687632686040755,3.7236467553728794,-0.7951662836565371,0.013965065843113408,11.279677738562071,63.39078158777177,0.0,-0.8743766681711498,-0.1691954527488165,-0.7242069155838251,0.1733805011410574,2.2322598083784606,4.681862982419454,-0.1691954527488165,3.7215213648310987,0.0,16,True
vagina,raw,ENSG00000217004.1,ENSG00000217004,0.4102779952125485,176.08728120698456,-0.9896230972974799,2.2054739562407276e-05,25.435897454067938,52608.18875613557,,-1.0,-0.1691954527488165,-0.974043003819654,0.09587223433926688,5.07626907045831,32.06896918765509,-0.1691954527488165,0.0,0.0,170,True
whole_blood,excluded_at_or_below_-1,ENSG00000217004.1,ENSG00000217004,0.9057055343972972,15.245271196787023,-0.800877414344659,0.06065186446514387,85.00121231994557,33.040264973828734,0.0,-0.8863928390235657,0.6161318170775052,-0.6712642143267752,0.22403857128760565,2.946782254527126,12.570041986113132,0.6161318170775052,15.245051549737285,0.0,79,True
whole_blood,raw,ENSG00000217004.1,ENSG00000217004,2.0256408201545772,821.5812008874699,-0.9826163762606591,0.007838701910378243,570.9743589773553,288.4369636310377,0.0,-1.0,0.6161318170775052,-0.9676586213347635,0.12033036591760178,5.787503817167778,49.0445946590814,0.6161318170775052,802.6971720154122,0.0,803,True
adipose_subcutaneous,excluded_at_or_below_-1,ENSG00000217041.1,ENSG00000217041,0.2234006878358239,6.812399857483015,-0.7747993268014944,0.1915005961989609,108.18777242232653,7.669584099992008,0.0,-0.935079909157616,0.2637495648397123,-0.6938913153503452,0.207512810699434,2.315119657952882,6.554653375046968,0.2637495648397123,6.812394501474721,0.0,77,True
adipose_subcutaneous,raw,ENSG00000217041.1,ENSG00000217041,1.9743587806081588,891.3378679614864,-0.987981209200822,0.006488342419698609,374.9743589923396,272.8300269285302,0.0,-1.0,0.2637495648397123,-0.9669882791064098,0.11669643428487846,5.11239000844308,34.32835330954585,0.2637495648397123,882.7129101827386,0.0,714,True
adipose_visceral_omentum,excluded_at_or_below_-1,ENSG00000217041.1,ENSG00000217041,0.1957632025435197,1002802930655.1681,-6.125142355418653,1.0266228845479526,31.77990371655204,8.111069197467655,0.0,-0.8835114749653585,-0.2370576433053666,-0.7400356401053332,0.15339063800559297,1.6951786134126547,2.654797589753648,-0.2370576433053666,4.78046760809133,0.0,37,True
adipose_visceral_omentum,raw,ENSG00000217041.1,ENSG00000217041,0.9487179487179428,760.0942451041172,-0.9923124887496655,0.003242579815946301,77.89743592063408,329.39563745591744,0.0,-1.0,-0.2370576433053666,-0.9836138308073207,0.07378057304302824,5.819563837264202,40.445786510242876,-0.2370576433053666,759.9455787976796,0.0,587,True
adrenal_gland,excluded_at_or_below_-1,ENSG00000217041.1,ENSG00000217041,0.060010049477623104,1.8386514055615064,-0.8590746349607373,0.027096569051797408,6.117002483913746,16.68323902226569,0.0,-0.9041457759942008,-0.5394209771242966,-0.8315683514522134,0.09496593151443625,2.6850915604989036,5.9337793811186295,-0.5394209771242966,1.8386509612939077,0.0,12,True
adrenal_gland,raw,ENSG00000217041.1,ENSG00000217041,0.3076923076923086,321.31907567020676,-0.9946050578816632,0.0010123483381969144,20.307692307692307,635.8754947234229,0.0,-1.0,-0.5394209771242966,-0.9931485431099206,0.03805592136049827,7.593812937215363,72.99074045505542,-0.5394209771242966,321.2697016891211,0.0,295,True
artery_aorta,excluded_at_or_below_-1,ENSG00000217041.1,ENSG00000217041,0.15575141430970846,2.339137406397398,-0.8364691201072257,0.095437087505246,20.51797332387546,8.822903999791578,0.0,-0.8643088522128741,-0.2410623983207815,-0.7409011768519196,0.14274133850939216,2.1909747876667724,4.791913334667742,-0.2410623983207815,2.339120944568199,0.0,23,True
artery_aorta,raw,ENSG00000217041.1,ENSG00000217041,0.5897435897435898,504.47083364339534,-0.9905239875070991,3.119707544904255e-05,43.43589743589744,33974.298188182,,-1.0,-0.2410623983207815,-0.9873744217533774,0.06379793790189368,6.646466757090611,54.9896350189286,-0.2410623983207815,0.0,0.0,472,True
artery_coronary,excluded_at_or_below_-1,ENSG00000217041.1,ENSG00000217041,0.24516770705292537,12.020263407444329,-0.8839182312755982,0.05014237203466969,10.945390158728024,24.169647521499748,0.0,-0.8458121572963999,-0.0269589358660516,-0.6938054649606193,0.19960754002306164,2.2720130742147986,5.420282932673887,-0.0269589358660516,6.746732893513844,0.0,17,True
artery_coronary,raw,ENSG00000217041.1,ENSG00000217041,0.43589743559056127,370.4876145204207,-0.9909311415511336,0.00494760641178739,35.58974359141562,275.53981735140746,0.0,-1.0,-0.0269589358660516,-0.9805772123295915,0.08932174163073749,6.465880979822499,53.258518162350335,-0.0269589358660516,363.59929562811766,0.0,268,True
artery_tibial,excluded_at_or_below_-1,ENSG00000217041.1,ENSG00000217041,0.029265211591375156,611593151436.0756,-9.648725044638775,1.7354927286671296,11.991769775130276,8.120543147296024,0.0,-0.8472597334880857,0.3166323525220871,-0.6537283518338031,0.24834707692598862,2.705031598978684,7.753988119094723,0.3166323525220871,4.133046727943869,0.0,25,True
artery_tibial,raw,ENSG00000217041.1,ENSG00000217041,0.6410256410256409,681.3541871629513,-0.9840130302787862,0.0030554699022007185,42.974358974358964,601.9991683996332,0.0,-1.0,0.3166323525220871,-0.9874720821936976,0.0795765995413168,9.740722397159795,125.22228918681253,0.3166323525220871,655.5288651693073,0.0,691,True
bladder,excluded_at_or_below_-1,ENSG00000217041.1,ENSG00000217041,,,,,,,,,,,,,,,,,5,False
bladder,raw,ENSG00000217041.1,ENSG00000217041,,,,,,,,,,,,,,,,,77,False
brain_amygdala,excluded_at_or_below_-1,ENSG00000217041.1,ENSG00000217041,0.2280741443528319,0.6356532075719,-0.8442217318937265,0.07702762582722242,17.964222595769854,3.4178377150618147,0.0,-0.93771385233921,-0.6580631971020092,-0.8256675442266357,0.07404927790668087,0.563892543925491,-0.2050390927375405,-0.6580631971020092,0.6338041517451192,0.0,21,True
brain_amygdala,raw,ENSG00000217041.1,ENSG00000217041,0.552631721230611,147.80687855789182,-0.9957263043461132,0.003292785043511704,155.4248363521308,145.0224474016612,0.0,-1.0,-0.6580631971020092,-0.9797735824793334,0.061184841860548095,3.178919600738954,9.697074689190508,-0.6580631971020092,146.75877586934251,0.0,181,True
brain_anterior_cingulate_cortex_ba24,excluded_at_or_below_-1,ENSG00000217041.1,ENSG00000217041,0.4102564102564146,9.851543344850281,-0.9279705308189717,0.0011225242871801702,13.435897435899594,227.0430742347021,0.0,-0.9287164783546796,-0.7477563313194011,-0.8381935559558484,0.06577499535104303,-0.05034187470145434,-1.6196727599564218,-0.7477563313194011,9.695717218913671,0.0,18,True
brain_anterior_cingulate_cortex_ba24,raw,ENSG00000217041.1,ENSG00000217041,0.6671145153037031,196.90071136561085,-0.9969741004496824,0.0035918786995480802,407.91734861189065,98.12334395723178,0.0,-1.0,-0.7477563313194011,-0.987499931361396,0.04681240793109014,3.882262212870473,14.182485066117163,-0.7477563313194011,196.80753827657938,0.0,233,True
brain_caudate_basal_ganglia,excluded_at_or_below_-1,ENSG00000217041.1,ENSG00000217041,0.2933461291870159,3.210732459830962,-0.9338317916137,0.17739971689532397,55.876528054039355,4.060538502819131,0.0,-0.9317047860141232,-0.4244756377709057,-0.7965886444252295,0.11752487025644669,1.2633578620794819,1.1733242506789656,-0.4244756377709057,3.2094270342993187,0.0,51,True
brain_caudate_basal_ganglia,raw,ENSG00000217041.1,ENSG00000217041,1.3421821443796476,238.1955382190364,-0.9928139631904184,0.005979999995009237,182.3663213826335,134.4066502500803,0.0,-1.0,-0.4244756377709057,-0.9654200695522891,0.0903737767542675,3.1155579225689696,10.456260211445795,-0.4244756377709057,236.78796448744697,0.0,300,True
brain_cerebellar_hemisphere,excluded_at_or_below_-1,ENSG00000217041.1,ENSG00000217041,0.1959395056591035,2.3544558473746102,-0.7669940775245573,0.12675734541962239,45.75302146191219,6.876275063300873,0.0,-0.8876401499079059,-0.1506668150872198,-0.7032196530301235,0.15375201702637498,1.7042716222094334,3.3921267829900783,-0.1506668150872198,2.3544550705111233,0.0,34,True
brain_cerebellar_hemisphere,raw,ENSG00000217041.1,ENSG00000217041,0.8717948717948452,258.2940388152831,-0.9903670631916276,0.003869489882047105,74.35897435897652,306.89199749737196,0.0,-1.0,-0.1506668150872198,-0.9635720873755386,0.11110779541247227,3.702121582329323,16.04217154705896,-0.1506668150872198,256.8224144477858,0.0,277,True
brain_cerebellum,excluded_at_or_below_-1,ENSG00000217041.1,ENSG00000217041,0.09153027574218757,3.8693108441989588,-0.8295298211306684,0.3100646409246506,22.520274863706874,3.982577113031717,0.0,-0.888871175408636,0.0436454724471861,-0.6717872255004452,0.1789852746068974,1.5730227623066289,3.3813563631768293,0.0436454724471861,3.8679180060083986,0.0,59,True
brain_cerebellum,raw,ENSG00000217041.1,ENSG00000217041,1.5373067327991536,195.61971374488073,-0.9869598972929696,0.01021470582808203,219.61439299014495,142.68605634575914,0.0,-1.0,0.0436454724471861,-0.9272009259568658,0.1602362003190522,2.6149738191232648,7.845180704310275,0.0436454724471861,194.28903332470574,0.0,266,True
brain_cortex,excluded_at_or_below_-1,ENSG00000217041.1,ENSG00000217041,0.2897242373471578,1400645469015.685,-5.322735396201482,0.8511352614658911,19.21889061069203,8.064719370461502,0.0,-0.8940953456029566,-0.4690363420724175,-0.7663060071672317,0.1157680045904935,0.9857860554345388,0.07651072912301471,-0.4690363420724175,2.4355759917572772,0.0,30,True
brain_cortex,raw,ENSG00000217041.1,ENSG00000217041,1.3508777459443007,235.34902508359926,-0.9933698748229574,0.005136990538199765,59.8925852846341,144.34902842602335,0.0,-1.0,-0.4690363420724175,-0.9740340007963592,0.08281767099810368,3.6096354434384317,13.523654155448789,-0.4690363420724175,233.74204661997996,0.0,270,True
brain_frontal_cortex_ba9,excluded_at_or_below_-1,ENSG00000217041.1,ENSG00000217041,0.10117318499502105,1.0587927513863522,-0.8766233497932624,0.193143188592804,19.347867739535616,3.4433052903337042,0.0,-0.9276965929954016,-0.4063613039693305,-0.7707972560426497,0.13216241898975864,1.2325494602070741,1.2395864395950182,-0.4063613039693305,1.055970652716466,0.0,22,True
brain_frontal_cortex_ba9,raw,ENSG00000217041.1,ENSG00000217041,0.5641026649788249,270.64174931889795,-0.993665170471013,0.0035467880861120298,19.58974412430271,234.17612585681908,0.0,-1.0,-0.4063613039693305,-0.9812547941744918,0.07299634012081177,4.742262301184872,25.45863806905157,-0.4063613039693305,267.4134418784029,0.0,269,True
brain_hippocampus,excluded_at_or_below_-1,ENSG00000217041.1,ENSG00000217041,0.2231160322844273,2.7601829880044293,-0.9097099091287657,0.17954836651310363,23.092646314761357,4.720127158629449,0.0,-0.930941312993145,-0.3104431904275692,-0.7764444206596645,0.14206191796697398,1.548532187481032,2.132648510850034,-0.3104431904275692,2.760120317333387,0.0,41,True
brain_hippocampus,raw,ENSG00000217041.1,ENSG00000217041,1.0512820512820509,214.49204852599973,-0.9916047857990183,0.002638857512487931,73.89743589750279,365.0473592391069,0.0,-1.0,-0.3104431904275692,-0.9640557695962597,0.09974115431254747,3.540504724435689,14.366681357168307,-0.3104431904275692,211.0231971589247,0.0,255,True
brain_hypothalamus,excluded_at_or_below_-1,ENSG00000217041.1,ENSG00000217041,-66.77675671006003,67.2250613972636,-1.0014195858414148,5.575122411065023,12.51853442222384,0.09279872537701903,0.0,-0.9180768672401388,-0.6355878138001867,-0.7959360815930049,0.08217954409332122,0.10720159162446045,-0.7003916285207068,-0.6355878138001867,0.27381414640089474,0.0,13,True
brain_hypothalamus,raw,ENSG00000217041.1,ENSG00000217041,0.33333347992265316,252.6727715083219,-0.9957514507294369,0.001609379768374972,20.66666666666773,316.4873263774565,0.0,-1.0,-0.6355878138001867,-0.9896777006253271,0.04821037438623069,4.962012260729254,24.776858766743633,-0.6355878138001867,252.66296977982788,0.0,257,True
brain_nucleus_accumbens_basal_ganglia,excluded_at_or_below_-1,ENSG00000217041.1,ENSG00000217041,0.564102565531725,15.787661253602268,-0.9284300483855696,0.001775908765404696,23.58974359001379,214.16100540171158,0.0,-0.9293757380460548,-0.6594958387160091,-0.8250065121914675,0.07337647035721157,0.2712665585372414,-0.7439738105653566,-0.6594958387160091,15.777712269722157,0.0,25,True
brain_nucleus_accumbens_basal_ganglia,raw,ENSG00000217041.1,ENSG00000217041,0.6578013978755063,247.4972558481248,-0.995764988463977,0.003957185874935124,182.1607700262118,120.17539918794994,0.0,-1.0,-0.6594958387160091,-0.9846496940518831,0.053983287829123795,3.703662501067931,13.280303146244421,-0.6594958387160091,246.464977963905,0.0,285,True
brain_putamen_basal_ganglia,excluded_at_or_below_-1,ENSG00000217041.1,ENSG00000217041,0.126700755553968,4.73280311964147,-0.8693097905427484,0.1131676915434296,29.094858463544867,12.237757016110942,0.0,-0.9594511925662532,0.1099756215266614,-0.7992621209393962,0.18682376249823257,3.5190662358551266,14.058839896009733,0.1099756215266614,4.732521017418457,0.0,36,True
brain_putamen_basal_ganglia,raw,ENSG00000217041.1,ENSG00000217041,0.9210526257483748,346.08167591396926,-0.9946895139048135,0.012540100909158296,118.76315795886715,124.57893502810437,0.0,-1.0,0.1099756215266614,-0.9715489620229065,0.09874010603718719,6.592099839387377,59.716211048967885,0.1099756215266614,345.94562751880625,0.0,254,True
brain_spinal_cord_cervical_c-1,excluded_at_or_below_-1,ENSG00000217041.1,ENSG00000217041,0.3827307365322648,1.0291727309786742,-0.8454474539577777,0.04400566740135225,20.501984929266076,8.435151881996335,0.0,-0.9056179786945904,-0.5829733142131799,-0.7847978979678875,0.08838126375705958,0.6792634759541524,-0.6557905416744969,-0.5829733142131799,1.029159626882181,0.0,25,True
brain_spinal_cord_cervical_c-1,raw,ENSG00000217041.1,ENSG00000217041,1.364717802524834,169.3614458754337,-0.9948011672665775,0.004519832977266299,120.77777314403373,128.85709230418638,0.0,-1.0,-0.5829733142131799,-0.9736271933784175,0.07699342557944243,3.054020013282683,8.77727825736629,-0.5829733142131799,168.48590338239663,0.0,204,True
brain_substantia_nigra,excluded_at_or_below_-1,ENSG00000217041.1,ENSG00000217041,0.2631579602889972,6.968004318287467,-0.8819776510596634,0.0026787795460069147,9.368422338249985,147.4553714192967,0.0,-0.8895792905430138,-0.6026701663795976,-0.770782783042757,0.09526124491030967,0.2647582361999887,-1.1769641867051852,-0.6026701663795976,6.964267450373638,0.0,13,True
brain_substantia_nigra,raw,ENSG00000217041.1,ENSG00000217041,0.6747193472898394,162.04135055067266,-0.9950405493549425,0.004265221470733547,69.7339821248331,130.09770322238984,0.0,-1.0,-0.6026701663795976,-0.9837168097243489,0.06391109648752397,4.15726497260045,16.958270865349235,-0.6026701663795976,161.15324258718854,0.0,183,True
breast_mammary_tissue,excluded_at_or_below_-1,ENSG00000217041.1,ENSG00000217041,0.9858039666881016,9.240687668063487,-0.832697566034019,0.022894739410509207,80.12957471454145,39.04644840239367,0.0,-0.9298401475691138,-0.2005736175275386,-0.738699369023688,0.14655670642795066,1.7084766328672578,3.1951266523777964,-0.2005736175275386,9.239538830942292,0.0,60,True
breast_mammary_tissue,raw,ENSG00000217041.1,ENSG00000217041,1.5384615194959264,470.2651517836302,-0.9907670319421902,0.00386789734444436,229.69230769290866,288.9172447061513,0.0,-1.0,-0.2005736175275386,-0.9694979808198858,0.09759009030386223,4.024189374155672,19.221361073719727,-0.2005736175275386,469.89016987521245,0.0,514,True
cells_cultured_fibroblasts,excluded_at_or_below_-1,ENSG00000217041.1,ENSG00000217041,0.11482327067858583,1567591789973.6904,-8.88657634392767,1.531931505574219,22.581256807681253,7.759247347288747,0.0,-0.874194190483726,-0.4814557969936802,-0.747942495683757,0.10225684218909654,0.8043059457361948,0.07426422738181815,-0.4814557969936802,1.9325263006555342,0.0,33,True
cells_cultured_fibroblasts,raw,ENSG00000217041.1,ENSG00000217041,0.8461538461538438,701.7069405772489,-0.9943439781416384,0.0023192205659526214,35.07692307863346,312.7487882819718,0.0,-1.0,-0.4814557969936802,-0.9872424882784724,0.05976245374100748,5.172935328983248,28.305610898043195,-0.4814557969936802,680.7583984476851,0.0,652,True
cells_ebv-transformed_lymphocytes,excluded_at_or_below_-1,ENSG00000217041.1,ENSG00000217041,0.8634938517168781,8.251634761484956,-0.8724308132088098,0.011916120360631293,92.30554912830857,66.31489506430312,0.0,-0.9244399869802103,-0.3136635291765015,-0.7884915947538851,0.10731023376858648,2.159395128844124,6.710747226319127,-0.3136635291765015,8.251632303401099,0.0,46,True
cells_ebv-transformed_lymphocytes,raw,ENSG00000217041.1,ENSG00000217041,1.1794871965691618,304.4916715218498,-0.9923649741208713,0.003248166200918216,187.74358974377608,295.49866874768065,0.0,-1.0,-0.3136635291765015,-0.9702465240326565,0.08374956941809034,3.5046871974198837,15.523162344258932,-0.3136635291765015,300.23060971182554,0.0,327,True
cervix_ectocervix,excluded_at_or_below_-1,ENSG00000217041.1,ENSG00000217041,,,,,,,,,,,,,,,,,3,False
cervix_ectocervix,raw,ENSG00000217041.1,ENSG00000217041,0.0769230769236503,37.199763535972316,-0.9976777878867527,0.001293864549802305,2.7692307694454876,286.3428652405224,0.0,-1.0,-0.7357025867708487,-0.9736240018578596,0.07327186819652072,2.492989813168533,4.578033871573111,-0.7357025867708487,36.90166668465013,0.0,24,True
cervix_endocervix,excluded_at_or_below_-1,ENSG00000217041.1,ENSG00000217041,,,,,,,,,,,,,,,,,1,False
cervix_endocervix,raw,ENSG00000217041.1,ENSG00000217041,0.025641025641025755,53.12320421579522,-0.998807546199165,0.0006993677357338762,0.974358974372026,296.78953315833945,0.0,-1.0,-0.8520369103369538,-0.9935668221885633,0.03085243694316449,4.477215043467827,18.04545454545458,-0.8520369103369538,52.92618630033602,0.0,23,True
colon_sigmoid,excluded_at_or_below_-1,ENSG00000217041.1,ENSG00000217041,0.07675471542604549,2.6957064300544378,-0.8529318006512286,0.17589864190012183,27.509727489288014,5.624583505843337,0.0,-0.8976401796143632,-0.1533510398278793,-0.7530332734603841,0.1437722961215207,2.4520129620529127,7.604044277393124,-0.1533510398278793,2.6957060179184573,0.0,32,True
colon_sigmoid,raw,ENSG00000217041.1,ENSG00000217041,0.8205128211941812,391.41415568163814,-0.9897881008579762,0.0031992180732655726,65.74358977456913,369.7467970893338,0.0,-1.0,-0.1533510398278793,-0.9811385793573564,0.07645691987752028,5.562978124257779,40.907121661347986,-0.1533510398278793,387.56984460895694,0.0,419,True
colon_transverse,excluded_at_or_below_-1,ENSG00000217041.1,ENSG00000217041,0.33714492272390384,1.3440837708703128,-0.8353624703187589,0.16819030951470448,34.77652986457638,2.684784349169196,0.0,-0.940366455840076,-0.5160650723293927,-0.7742842622994902,0.10828592306775277,0.6511560697140295,-0.2912866051671923,-0.5160650723293927,1.3075048873822963,0.0,44,True
colon_transverse,raw,ENSG00000217041.1,ENSG00000217041,2.1157368440733615,429.74429313579503,-0.9939696041342716,0.004757702650442331,99.49418248624454,142.05576095328033,0.0,-1.0,-0.5160650723293927,-0.9792661952842956,0.07289569108751974,3.8943210398787493,15.51275451978617,-0.5160650723293927,427.0818841316337,0.0,479,True
esophagus_gastroesophageal_junction,excluded_at_or_below_-1,ENSG00000217041.1,ENSG00000217041,0.3972800530873755,1.9113107430155996,-0.819941879145053,0.03626123636041228,19.13114702346846,17.83107154524074,0.0,-0.90185671797007,-0.3627431101158407,-0.7432596581366844,0.12419794968729184,1.2476337956813288,1.5855932082146262,-0.3627431101158407,1.9113105059157143,0.0,25,True
esophagus_gastroesophageal_junction,raw,ENSG00000217041.1,ENSG00000217041,0.6410256398319113,452.0209036994528,-0.9933750391003364,0.003155521145115359,32.97435898225842,282.63104121990483,0.0,-1.0,-0.3627431101158407,-0.9840731797851542,0.06903504740798028,5.081496343875154,29.08017826044896,-0.3627431101158407,449.37552835095835,0.0,403,True
esophagus_mucosa,excluded_at_or_below_-1,ENSG00000217041.1,ENSG00000217041,0.5064880163437058,1.8801348533634339,-0.7974079826829392,0.14721855660416233,45.17689445558597,3.333331899007205,0.0,-0.9321644402649968,-0.4504106663575361,-0.7449402733665144,0.11610010430105056,0.5675342093757587,-0.4979437841939731,-0.4504106663575361,1.8728551377299696,0.0,57,True
esophagus_mucosa,raw,ENSG00000217041.1,ENSG00000217041,2.635691823754128,552.3937755092857,-0.9931298626952635,0.004593612960988345,141.7265787498744,167.08435267387082,0.0,-1.0,-0.4504106663575361,-0.9763218169086177,0.08196959181488653,3.770589509950374,14.252287789882491,-0.4504106663575361,547.1748887900725,0.0,614,True
esophagus_muscularis,excluded_at_or_below_-1,ENSG00000217041.1,ENSG00000217041,0.23539725718454815,3.9322152909215182,-0.8307681097355707,0.03325193387763097,9.299715369792537,24.39255600191809,0.0,-0.8746557185418633,-0.2572340404390353,-0.747961001883991,0.1535449999114979,2.0124766453502483,3.4195124641324766,-0.2572340404390353,3.9315429703931786,0.0,24,True
esophagus_muscularis,raw,ENSG00000217041.1,ENSG00000217041,0.6153846153846155,614.7708393688293,-0.9917020736010577,0.002671518008661461,53.230769230769226,388.80316369181145,0.0,-1.0,-0.2572340404390353,-0.989217582968299,0.059785257807170165,7.46772890520301,68.08097874853704,-0.2572340404390353,602.3195635610599,0.0,561,True
fallopian_tube,excluded_at_or_below_-1,ENSG00000217041.1,ENSG00000217041,,,,,,,,,,,,,,,,,3,False
fallopian_tube,raw,ENSG00000217041.1,ENSG00000217041,0.07692307700200703,35.00498255645169,-0.9972504314585456,0.0016208673716660497,4.7692307694006315,251.52641418873333,0.0,-1.0,-0.7089693905197499,-0.970989742951267,0.08695018805572,2.6082049790577106,4.811616341231862,-0.7089693905197499,34.641510619685455,0.0,29,True
heart_atrial_appendage,excluded_at_or_below_-1,ENSG00000217041.1,ENSG00000217041,0.3820682961690421,253365153125.2199,-1.1464255575731708,0.04901769939521007,12.913663303106409,13.607966230553666,0.0,-0.902691257130924,-0.6747632741552759,-0.8028475556213961,0.08161268839816409,0.08507248117977961,-1.5820332887239343,-0.6747632741552759,4.634837749977559,0.0,19,True
heart_atrial_appendage,raw,ENSG00000217041.1,ENSG00000217041,0.4871794871788903,483.99110657319744,-0.9964054877013133,0.0015538527138032135,23.743589743612883,292.7373853311789,0.0,-1.0,-0.6747632741552759,-0.9918744111861313,0.042425545582419864,5.611189216811946,31.731924873280242,-0.6747632741552759,475.5385391643236,0.0,461,True
heart_left_ventricle,excluded_at_or_below_-1,ENSG00000217041.1,ENSG00000217041,0.0850142622038852,4.428564421983377,-0.939272624568147,0.11129144940915492,12.214359603484374,11.873151555991802,0.0,-0.9328514421778892,-0.0049156922929589,-0.8045893332370904,0.21561405888013782,2.8869694793342133,7.610143256659654,-0.0049156922929589,4.4138464927188465,0.0,21,True
heart_left_ventricle,raw,ENSG00000217041.1,ENSG00000217041,0.5384615384615389,458.7074582458683,-0.9883256947081157,0.0030315177429652293,65.69230770086365,458.76418372156127,0.0,-1.0,-0.0049156922929589,-0.9909211858362366,0.061294684779894755,11.760651083264886,166.5185547160655,-0.0049156922929589,458.6036496433742,0.0,452,True
kidney_cortex,excluded_at_or_below_-1,ENSG00000217041.1,ENSG00000217041,,,,,,,,,,,,,,,,,6,False
kidney_cortex,raw,ENSG00000217041.1,ENSG00000217041,0.1538461538446955,101.48543952131372,-0.9933339081725898,0.00281638708617528,11.076923076941382,286.05669820660654,0.0,-1.0,-0.4236558820397291,-0.9820191092545699,0.0820889142987872,5.118260207819826,27.00430964612986,-0.4236558820397291,101.42428184868066,0.0,104,True
kidney_medulla,excluded_at_or_below_-1,ENSG00000217041.1,ENSG00000217041,,,,,,,,,,,,,,,,,0,False
kidney_medulla,raw,ENSG00000217041.1,ENSG00000217041,0.0,11.0,-0.9875,1.0001e-06,0.0,-17675.90193946968,0.0,-1.0,-1.0,-1.0,0.0,,,-1.0,8.983579622590726e-189,0.0,11,True
liver,excluded_at_or_below_-1,ENSG00000217041.1,ENSG00000217041,0.27145657379138716,1.8310921634960737,-0.8565948289962597,0.022570264831622014,11.928148560481269,20.153955248450792,0.0,-0.9452237463689526,-0.5349460204535884,-0.7970045215766876,0.11848525966001369,1.0211693992872304,-0.008715560065554406,-0.5349460204535884,1.830826356440925,0.0,18,True
liver,raw,ENSG00000217041.1,ENSG00000217041,0.46153846153827793,259.45367966514254,-0.993686200411653,0.0019897531675893672,21.69230769231402,326.0487756318806,0.0,-1.0,-0.5349460204535884,-0.9860537457571772,0.05967438284432905,5.137064494164751,28.80518316371909,-0.5349460204535884,258.7630248441039,0.0,262,True
lung,excluded_at_or_below_-1,ENSG00000217041.1,ENSG00000217041,-0.19433347356338368,2.9940293720003472,-0.9717194255673456,0.4196775499872548,51.87706433057963,2.280748393163632,0.0,-0.8885199189589287,-0.2948917361382436,-0.7105675660065846,0.13325010881040303,0.8301506280323769,0.34031138698483865,-0.2948917361382436,2.6564658407936004,0.0,49,True
lung,raw,ENSG00000217041.1,ENSG00000217041,1.2564102568157391,559.1628378462086,-0.9914418377369576,0.0025909431721934315,101.4358974362066,380.19768674405975,0.0,-1.0,-0.2948917361382436,-0.9765195541958984,0.08756944483268093,4.1717430013867105,18.349267233648224,-0.2948917361382436,550.7941131489927,0.0,604,True
minor_salivary_gland,excluded_at_or_below_-1,ENSG00000217041.1,ENSG00000217041,0.16395521332930776,1716455737789.5173,-3.9197833267132713,0.5818951471342729,9.79708575270361,8.329205896877436,0.0,-0.8688781010122542,-0.4926315726725361,-0.7731278636389518,0.09380006736825705,1.4675562135651852,2.3221250031417053,-0.4926315726725361,1.9757803997691832,0.0,18,True
minor_salivary_gland,raw,ENSG00000217041.1,ENSG00000217041,0.46153846153846156,163.7457076148289,-0.993788124850817,0.0015138859197406057,29.692307692522164,468.161030973921,0.0,-1.0,-0.4926315726725361,-0.9774381300856416,0.07393372460737764,3.6299470979217903,14.170174093944581,-0.4926315726725361,158.13432891726117,0.0,181,True
muscle_skeletal,excluded_at_or_below_-1,ENSG00000217041.1,ENSG00000217041,0.41451605058172886,3.771173344371154,-0.8818512428490849,0.004837931074934394,13.242999221582405,55.6231696517896,0.0,-0.9295570872879382,-0.6915680578305644,-0.8395892140323027,0.06573719595573842,0.8269605159632112,-0.3126408690484941,-0.6915680578305644,3.7710417717177886,0.0,22,True
muscle_skeletal,raw,ENSG00000217041.1,ENSG00000217041,0.5641025576409076,808.1578462752166,-0.9963581166799163,0.001695043723254469,27.58974388378839,254.29328399485624,0.0,-1.0,-0.6915680578305644,-0.9956857734825314,0.028023847532011682,7.286122343194914,57.294580936818676,-0.6915680578305644,807.7623262467833,0.0,818,True
nerve_tibial,excluded_at_or_below_-1,ENSG00000217041.1,ENSG00000217041,1.2499704880805103,15.871638699389164,-0.7683619845833101,0.11361078001039987,214.3932308323241,18.48747579158336,0.0,-0.9356717133110564,0.7168285135057282,-0.6091485640139088,0.29435434040922515,2.350641002139687,6.1504952636783035,0.7168285135057282,15.87046995803938,0.0,126,True
nerve_tibial,raw,ENSG00000217041.1,ENSG00000217041,3.230769234863758,600.8938913701302,-0.9813757614509067,0.00873475948491451,1018.923076926317,274.95015992957786,0.0,-1.0,0.7168285135057282,-0.926496595620526,0.19887233430780366,4.105360923392504,21.72188255546076,0.7168285135057282,585.0618704735596,0.0,670,True
ovary,excluded_at_or_below_-1,ENSG00000217041.1,ENSG00000217041,0.07666168060809522,0.8899741273544485,-0.7002360979030096,0.2091905493100034,23.291423650282095,3.6813440115936618,0.0,-0.8370166079765345,-0.1556914856365896,-0.6284716428327072,0.16591645311481656,1.2424444161983446,1.6122762698515016,-0.1556914856365896,0.8889572812418224,0.0,19,True
ovary,raw,ENSG00000217041.1,ENSG00000217041,0.48717948717948717,175.8202684382745,-0.9897947280007692,0.0030327944638710155,23.743589743653835,388.94825607969847,0.0,-1.0,-0.1556914856365896,-0.9634246695016656,0.12204753292475547,3.742220405425805,15.070703564833146,-0.1556914856365896,173.64278537706514,0.0,193,True
pancreas,excluded_at_or_below_-1,ENSG00000217041.1,ENSG00000217041,-0.47285507998866455,1.4459704909847992,-0.8308048407579156,0.20853023068178883,33.49921652374344,0.9616524929456496,0.0,-0.9520247508761148,-0.689006160894337,-0.823977733680571,0.07077765289448001,0.1311918653680056,-0.9902954646529221,-0.689006160894337,0.5353299272385907,0.0,32,True
pancreas,raw,ENSG00000217041.1,ENSG00000217041,0.9607807010364511,306.81216095117065,-0.9961571710268088,0.0039344417336714815,584.566833661582,110.4037506791573,0.0,-1.0,-0.689006160894337,-0.9844400206568461,0.054165328471008925,3.6157747252040684,12.377311357031365,-0.689006160894337,305.951659307901,0.0,362,True
pituitary,excluded_at_or_below_-1,ENSG00000217041.1,ENSG00000217041,0.23958704330258712,0.5993623383142537,-0.8515739071751112,0.1771684478068578,15.965048008075877,3.0212411142039395,0.0,-0.8987156860648172,-0.4730818513108074,-0.7351424341269698,0.12142871390464632,0.6782115962770271,-0.40841356283845176,-0.4730818513108074,0.5931153515825107,0.0,21,True
pituitary,raw,ENSG00000217041.1,ENSG00000217041,0.5384615384615384,301.2050164673268,-0.9931963050612005,0.0011978697925753422,21.692307692307693,614.0508083926959,0.0,-1.0,-0.4730818513108074,-0.9822300035676241,0.0731437359824109,4.573144253941345,21.76901085394883,-0.4730818513108074,289.9643947032168,0.0,313,True
prostate,excluded_at_or_below_-1,ENSG00000217041.1,ENSG00000217041,0.2647289345030692,5.000385555254066,-0.7655887666573089,0.19974449433358554,74.26158793383696,5.0979413487616485,0.0,-0.8829087551369055,-0.0455520310867939,-0.6842790677167644,0.15263806507787356,1.4472562949273782,2.974598162220354,-0.0455520310867939,5.000372791188868,0.0,78,True
prostate,raw,ENSG00000217041.1,ENSG00000217041,2.1131012422622857,196.67234553219288,-0.9880750958534565,0.0088627955713653,298.29990565888534,150.39598852409657,0.0,-1.0,-0.0455520310867939,-0.9126729336237858,0.16248137773762616,2.0082566527600054,4.1319422907810806,-0.0455520310867939,195.18925646522996,0.0,282,True
skin_not_sun_exposed_suprapubic,excluded_at_or_below_-1,ENSG00000217041.1,ENSG00000217041,0.8315441228536684,10.636226799026995,-0.8109274776600333,0.19386549380867546,233.9590225492866,6.691262556951559,0.0,-0.9179787306544978,0.1063349177239874,-0.6850596920536615,0.204412012429835,1.6978812115556512,2.7987664367619756,0.1063349177239874,10.636095463123207,0.0,145,True
skin_not_sun_exposed_suprapubic,raw,ENSG00000217041.1,ENSG00000217041,3.9160771052847636,489.12571031616693,-0.986179863029334,0.01068317882313835,1080.3921359445917,144.62448355615314,0.0,-1.0,0.1063349177239874,-0.9298520051425206,0.16264971865765032,3.0242929325989945,10.609920857821452,0.1063349177239874,485.7325561080242,0.0,651,True
skin_sun_exposed_lower_leg,excluded_at_or_below_-1,ENSG00000217041.1,ENSG00000217041,2.64385818852716,16.781154135761774,-0.8306057856283074,0.03737513148470859,264.0306552363079,27.389644843872993,0.0,-0.9418719503541124,-0.1067465294340471,-0.6885160979704885,0.181604468961157,1.3453358163983364,1.149276441017638,-0.1067465294340471,16.780279797442866,0.0,159,True
skin_sun_exposed_lower_leg,raw,ENSG00000217041.1,ENSG00000217041,5.1636310384553425,561.7758690479675,-0.9888683208247168,0.009638841658664946,1821.8848377408844,129.4251576306447,0.0,-1.0,-0.1067465294340471,-0.9343157288823709,0.15194326374207254,2.7670863527485308,8.069448485426573,-0.1067465294340471,558.87954954638,0.0,754,True
small_intestine_terminal_ileum,excluded_at_or_below_-1,ENSG00000217041.1,ENSG00000217041,0.6646025518860883,0.4575072835845958,-0.8530502983512154,0.033285782453027754,26.680194036947995,10.824987208645746,0.0,-0.9126118413671086,-0.5982668774659248,-0.7622562752994138,0.09340703296944912,0.1987832736825811,-1.1187335874742634,-0.5982668774659248,0.45747913902425497,0.0,30,True
small_intestine_terminal_ileum,raw,ENSG00000217041.1,ENSG00000217041,0.7692307692317245,202.36556200884107,-0.9957111685220065,0.0019707096014944317,28.92307692342598,285.2125479436645,0.0,-1.0,-0.5982668774659248,-0.9655443877245528,0.09092126999419599,2.613777177240201,5.707852409373833,-0.5982668774659248,198.74486973773583,0.0,207,True
spleen,excluded_at_or_below_-1,ENSG00000217041.1,ENSG00000217041,0.23602544367018452,3.296324762304262,-0.7987718612012042,0.26586275431900463,114.20819438301902,2.838719995556651,0.0,-0.911827188053872,-0.265111361232093,-0.698013747924353,0.14666901241538058,0.7661989957039705,-0.04250916330109433,-0.265111361232093,3.2376814414449733,0.0,79,True
spleen,raw,ENSG00000217041.1,ENSG00000217041,2.0783768392871766,189.93796348609823,-0.9908136971911606,0.0038237630520331135,224.8870096267981,268.4000216000471,0.0,-1.0,-0.265111361232093,-0.9138739569892558,0.15728307770511707,1.8117200210173148,2.458897273420119,-0.265111361232093,185.34443810866205,0.0,277,True
stomach,excluded_at_or_below_-1,ENSG00000217041.1,ENSG00000217041,-0.2098423799869044,2.628604458632185,-1.0368452330215447,0.38047037785549437,33.14497743191002,2.4036958010488942,0.0,-0.890392047131739,-0.3901712977637614,-0.7570441650820304,0.10476892305632575,1.2167893691408291,2.6624404629155007,-0.3901712977637614,2.1203562038309802,0.0,32,True
stomach,raw,ENSG00000217041.1,ENSG00000217041,0.8205128205128203,420.112170189653,-0.9931804884076519,0.0023608825635016485,45.743589756961995,361.21397515824293,0.0,-1.0,-0.3901712977637614,-0.9808978213332309,0.07158724751785703,4.218431773881415,19.69811619465804,-0.3901712977637614,413.0664974757437,0.0,407,True
testis,excluded_at_or_below_-1,ENSG00000217041.1,ENSG00000217041,1.1875411676496226,9.170853859394725,-0.8037989387070756,0.10354839522525194,163.46897494808817,8.234719433527346,0.0,-0.8861915027535302,-0.2008546556377574,-0.7220330245129477,0.1319063342343565,1.3627019473546327,2.1745375446086914,-0.2008546556377574,9.170853670876452,0.0,133,True
testis,raw,ENSG00000217041.1,ENSG00000217041,3.405593810014529,275.90359560574063,-0.9900126496575924,0.006197774946796442,596.3533362953003,180.0707427388701,0.0,-1.0,-0.2008546556377574,-0.9107014305802466,0.14983204526583555,1.7328241510230646,2.7430557860622375,-0.2008546556377574,272.90009268267096,0.0,414,True
thyroid,excluded_at_or_below_-1,ENSG00000217041.1,ENSG00000217041,0.6509133432071602,3.5745393127562313,-0.8002976371834469,0.1755302918030915,69.63105168882137,4.975738352597302,0.0,-0.8776930532171552,-0.1827156621515731,-0.672512720590931,0.166704735697927,1.1339598720663706,0.7058940791805521,-0.1827156621515731,3.5745108705129574,0.0,73,True
thyroid,raw,ENSG00000217041.1,ENSG00000217041,1.8717948717846962,621.9031752247963,-0.9892441587178437,0.003746746266818997,172.3589743603086,304.42508167300565,0.0,-1.0,-0.1827156621515731,-0.9650488722268098,0.11475641116673738,3.813296462064464,15.649183500537667,-0.1827156621515731,620.7775123036512,0.0,684,True
uterus,excluded_at_or_below_-1,ENSG00000217041.1,ENSG00000217041,0.26164368388394393,1.2684416595280612,-0.7944360311452477,0.021652575047073234,8.242143672640829,29.017197874457917,0.0,-0.9011533297424212,-0.3501629232150907,-0.6970759462727516,0.16766427306878254,0.8258663720841464,-0.39660924386111773,-0.3501629232150907,1.26844107894755,0.0,14,True
uterus,raw,ENSG00000217041.1,ENSG00000217041,0.3589743576380811,140.04489285413314,-0.9915352609442755,0.0034050864617185387,10.974359011770332,266.37721794875387,0.0,-1.0,-0.3501629232150907,-0.9722814591360688,0.1004128380845297,4.168098775271831,18.168673847073006,-0.3501629232150907,139.49170478959226,0.0,153,True
vagina,excluded_at_or_below_-1,ENSG00000217041.1,ENSG00000217041,0.08797802570335046,2209489112724.8184,-16.948529240398813,3.026634397815308,20.19679461725238,7.80473000073172,0.0,-0.8653873839158555,-0.2452073982315349,-0.6461716827349575,0.16839367739468786,0.5645255431163714,-0.5032886850726821,-0.2452073982315349,1.0741800578749512,0.0,23,True
vagina,raw,ENSG00000217041.1,ENSG00000217041,,,,,,,,,,,,,,,,,170,False
whole_blood,excluded_at_or_below_-1,ENSG00000217041.1,ENSG00000217041,1.0099138525616447,9.831876761795712,-0.7571091098306977,0.2013285962182155,156.13484694015702,6.741998327957321,0.0,-0.8742391466118484,0.2026872711313936,-0.620794566573681,0.2087368185227834,1.3832207645586805,1.856144683654514,0.2026872711313936,9.831859307577432,0.0,144,True
whole_blood,raw,ENSG00000217041.1,ENSG00000217041,3.69230765873623,661.3361552667557,-0.9849721373566896,5.985968717904055e-05,830.3076923095258,28059.01804899436,,-1.0,0.2026872711313936,-0.9319980293731136,0.17016974007427024,2.9731164490381934,9.693620213730696,0.2026872711313936,0.0,0.0,803,True
adipose_subcutaneous,excluded_at_or_below_-1,ENSG00000217060.1,ENSG00000217060,1.6788791660531508,12.663750997084735,-0.9422140890277175,0.047474205613194716,477.6050143865217,5.047540117454298,0.0,-0.9866620942521734,-0.7727715354046487,-0.9203735916544828,0.044400016806995256,1.0934745844355445,0.9072044873239813,-0.7727715354046487,12.66355114067639,0.0,248,True
adipose_subcutaneous,raw,ENSG00000217060.1,ENSG00000217060,6.358944829817402,725.1654350612876,-0.9973902737385911,0.0003415501302251805,1494.9743590083658,930.0504904084376,0.0,-1.0,-0.7727715354046487,-0.9723426480816693,0.04606808482193453,1.7866392048860251,2.8037634640357068,-0.7727715354046487,712.2993948320986,0.0,714,True
adipose_visceral_omentum,excluded_at_or_below_-1,ENSG00000217060.1,ENSG00000217060,0.6571747787677461,11.416133051676367,-0.9480954046779237,0.0516136305409127,371.00859033056855,4.87540055512295,0.0,-0.9841456546202438,-0.7701610886126602,-0.9289035459195728,0.03775019605823954,1.2857217534789172,2.202489709156205,-0.7701610886126602,11.416050323528184,0.0,190,True
adipose_visceral_omentum,raw,ENSG00000217060.1,ENSG00000217060,4.871794851476289,538.6994318673081,-0.997733670652363,0.0010765257400599656,1202.3589743695634,298.95823199441963,0.0,-1.0,-0.7701610886126602,-0.9769875191221785,0.03959853155120693,1.8752786659254486,3.505581608968873,-0.7701610886126602,538.1007887863975,0.0,587,True
adrenal_gland,excluded_at_or_below_-1,ENSG00000217060.1,ENSG00000217060,0.1662902651352514,4.758252009468217,-0.9539753315309208,0.03432081765724195,58.70900227708988,6.0191149089065945,0.0,-0.9786652600660566,-0.8079005442831445,-0.9402471444670564,0.03239958570518476,2.0895299624634296,5.399010828104748,-0.8079005442831445,4.758201008290972,0.0,64,True
adrenal_gland,raw,ENSG00000217060.1,ENSG00000217060,1.6531505822426997,219.60130726847257,-0.9976206254085338,0.0022562453312619597,313.01707729554573,118.91646181578207,0.0,-1.0,-0.8079005442831445,-0.9870366686301411,0.028871335505084684,2.800045198588174,9.708880503808434,-0.8079005442831445,218.8226257387178,0.0,295,True
artery_aorta,excluded_at_or_below_-1,ENSG00000217060.1,ENSG00000217060,0.38200705695331,8.910966781270785,-0.9316168720632758,0.05785134074516888,181.58592606317654,4.5361090592142315,0.0,-0.9797929638946626,-0.746057917020092,-0.9154354620935621,0.04260066997072476,1.2247722681385915,1.9463213966356232,-0.746057917020092,8.910576839121255,0.0,153,True
artery_aorta,raw,ENSG00000217060.1,ENSG00000217060,3.923076934643125,335.53373164313246,-0.997142512824685,0.0012630621125979387,790.7692307718818,281.13204976076617,0.0,-1.0,-0.746057917020092,-0.9725881900430403,0.04642907937607876,1.7760640764342106,2.933290704076973,-0.746057917020092,332.99309904773423,0.0,472,True
artery_coronary,excluded_at_or_below_-1,ENSG00000217060.1,ENSG00000217060,0.4061136012621896,4.851103451326557,-0.9434799189033505,0.060926237355455506,98.94878357117508,3.532084098065738,0.0,-0.9755413067412364,-0.7913129479141341,-0.9196328571209104,0.04034120423792724,1.0052990875251242,0.7338763468362881,-0.7913129479141341,4.841616370641526,0.0,104,True
artery_coronary,raw,ENSG00000217060.1,ENSG00000217060,2.666666661795133,181.66732989338453,-0.9976605796799911,0.0007812490330041895,246.66666666666663,373.52957517872466,0.0,-1.0,-0.7913129479141341,-0.9688127505245322,0.046554629674764134,1.4463564007214862,1.4303166212415475,-0.7913129479141341,178.75444627163998,0.0,268,True
artery_tibial,excluded_at_or_below_-1,ENSG00000217060.1,ENSG00000217060,1.7913237766249333,43.418864813920344,-0.9237338538324708,0.05798510075089501,1159.7182478687846,12.854901009183141,0.0,-0.9852819362601284,-0.396661599688992,-0.8900574876928085,0.0754652164218846,2.2840929009909776,8.38119061568373,-0.396661599688992,43.41718907907972,0.0,355,True
artery_tibial,raw,ENSG00000217060.1,ENSG00000217060,9.076923207939771,476.4837450572501,-0.9935543127648241,0.0017930498477254505,8598.76923076923,470.7809831301282,0.0,-1.0,-0.396661599688992,-0.9435172331851621,0.07710844664073115,2.1006315987163795,7.07491283710341,-0.396661599688992,453.09901520835393,0.0,691,True
bladder,excluded_at_or_below_-1,ENSG00000217060.1,ENSG00000217060,0.07083253018686492,1.5482569509819575,-0.9566713554078902,0.05718950104780032,23.507301082536586,5.085801593480282,0.0,-0.9835478958542888,-0.7510061975436266,-0.9278791556088709,0.051234014907919,2.0068942370722445,4.47545860979917,-0.7510061975436266,1.548249407351928,0.0,23,True
bladder,raw,ENSG00000217060.1,ENSG00000217060,0.5897435917591028,53.57914853436799,-0.9969616917839973,0.0013189991673849565,31.435897443810575,263.71024659896005,0.0,-1.0,-0.7510061975436266,-0.9784574101169357,0.04317139982349747,2.7991831641764433,9.692668996908894,-0.7510061975436266,53.072786101432584,0.0,77,True
brain_amygdala,excluded_at_or_below_-1,ENSG00000217060.1,ENSG00000217060,0.2972563513300527,3.1800476504383655,-0.955204363799788,0.022422718696800046,35.48400356453372,6.934663800533804,0.0,-0.984853584318285,-0.8452534908953252,-0.945132618994003,0.030511652904509218,1.4633151373920381,1.8931894031667236,-0.8452534908953252,3.1800310672670236,0.0,47,True
brain_amygdala,raw,ENSG00000217060.1,ENSG00000217060,1.205128206083072,202.5052853898559,-0.9985302907379273,0.000715259048890937,104.35897438919476,303.05961101878603,0.0,-1.0,-0.8452534908953252,-0.9857526690205421,0.028633104876559925,2.3429324560052907,5.774104250659779,-0.8452534908953252,199.96648580134325,0.0,181,True
brain_anterior_cingulate_cortex_ba24,excluded_at_or_below_-1,ENSG00000217060.1,ENSG00000217060,0.19593319792114777,8.890402339287776,-1.000649972851579,0.05534801394823865,50.458396700522016,5.633348409864767,0.0,-0.9846066258373184,-0.7801778640695914,-0.9491992383257138,0.03834827883410836,2.3546924185987264,6.443175349555487,-0.7801778640695914,8.173944116075416,0.0,66,True
brain_anterior_cingulate_cortex_ba24,raw,ENSG00000217060.1,ENSG00000217060,1.6608514728527843,162.4590063230137,-0.9972909252033272,0.0024956735383799165,292.23012633921405,123.03060913287074,0.0,-1.0,-0.7801778640695914,-0.9856100846759533,0.030630479654360953,3.261028642939473,13.909153904824443,-0.7801778640695914,161.94710055717428,0.0,233,True
brain_caudate_basal_ganglia,excluded_at_or_below_-1,ENSG00000217060.1,ENSG00000217060,0.38792116850276914,6.3902569960285325,-0.9758784078761109,0.039807564129678424,115.21362146713548,4.715329126614622,0.0,-0.9874913953476724,-0.8431503874452533,-0.9533484164994069,0.028866111741149843,1.6197684230826794,3.0887535872698475,-0.8431503874452533,6.390153374836864,0.0,98,True
brain_caudate_basal_ganglia,raw,ENSG00000217060.1,ENSG00000217060,2.5336982379350035,229.82946027423154,-0.9982479170798442,0.0005539938095700754,409.76058958257283,395.92686075322786,0.0,-1.0,-0.8431503874452533,-0.9847604827231397,0.027397537988382542,2.23156219685579,5.713853763844041,-0.8431503874452533,224.98213297801666,0.0,300,True
brain_cerebellar_hemisphere,excluded_at_or_below_-1,ENSG00000217060.1,ENSG00000217060,0.482663364716479,4.418829496881761,-0.9457630737044586,0.030659212450769063,52.42730134801985,8.429023587563172,0.0,-0.9787235434516718,-0.7630274305177295,-0.9250396457467801,0.04521527064866345,1.5919205616329806,2.722561463212961,-0.7630274305177295,4.418696584563181,0.0,61,True
brain_cerebellar_hemisphere,raw,ENSG00000217060.1,ENSG00000217060,1.5972197715618552,202.16552293506692,-0.9970595145213802,0.0027929497350827662,343.35511016484634,118.50243599840307,0.0,-1.0,-0.7630274305177295,-0.9834924851644534,0.037587849781539825,2.835005806957969,9.208572298779012,-0.7630274305177295,201.40743054678103,0.0,277,True
brain_cerebellum,excluded_at_or_below_-1,ENSG00000217060.1,ENSG00000217060,0.07214311937787542,2.863759378855544,-0.925381349403999,0.05370452044454652,43.41129928622838,3.136025123653838,0.0,-0.9788600210785242,-0.8062913266175769,-0.9183880165824466,0.03551938879814629,0.6443947736539013,0.47043440845150863,-0.8062913266175769,2.8427891179644686,0.0,61,True
brain_cerebellum,raw,ENSG00000217060.1,ENSG00000217060,1.5641025641029762,224.41602953878572,-0.9978307773208913,0.0008047972372675887,101.5897436049936,336.57880068499225,0.0,-1.0,-0.8062913266175769,-0.9812844699681552,0.03830448920883134,2.0070468520973397,3.219568276237424,-0.8062913266175769,221.34407875117702,0.0,266,True
brain_cortex,excluded_at_or_below_-1,ENSG00000217060.1,ENSG00000217060,0.1676633137750423,252.2231567781833,-1.293954871972367,0.15848176704490285,100.50366100432154,3.9285898629035287,0.0,-0.9819142396487917,-0.8537032154807656,-0.947100863839762,0.030504264305528557,1.154949964176158,0.809588271031354,-0.8537032154807656,5.113464939901678,0.0,65,True
brain_cortex,raw,ENSG00000217060.1,ENSG00000217060,1.6666666577744151,299.3943707667447,-0.9986764850425954,0.0008121778284779515,170.66666667056603,252.4362975779956,0.0,-1.0,-0.8537032154807656,-0.9872650227762388,0.02710675949080338,2.439403582422041,5.937991452907083,-0.8537032154807656,294.6782249820489,0.0,270,True
brain_frontal_cortex_ba9,excluded_at_or_below_-1,ENSG00000217060.1,ENSG00000217060,0.1323217834421301,4.707813170371403,-0.9769137950040978,0.052059002952669374,62.281501186854214,3.675818976504002,0.0,-0.9797147214290398,-0.8416022154501634,-0.9461851110542704,0.027933636507489104,1.4421115701862368,2.483330166556132,-0.8416022154501634,4.702330874516331,0.0,72,True
brain_frontal_cortex_ba9,raw,ENSG00000217060.1,ENSG00000217060,1.8461538461538332,197.3428493676024,-0.9980935328222867,0.0006959774354153852,201.07692307692514,317.9875268358403,0.0,-1.0,-0.8416022154501634,-0.9855960148546746,0.027865935515496397,2.1742301555459327,4.960389495445278,-0.8416022154501634,196.09604215477785,0.0,269,True
brain_hippocampus,excluded_at_or_below_-1,ENSG00000217060.1,ENSG00000217060,1.0438527740008157,4.7429616479201355,-0.9738340572256894,0.007211676885473319,61.797341536908405,20.89587716058326,0.0,-0.9862447643872422,-0.8672770856832879,-0.9505080713704687,0.0279316035546798,1.1003486090414116,0.5192538830494291,-0.8672770856832879,4.742106182513093,0.0,62,True
brain_hippocampus,raw,ENSG00000217060.1,ENSG00000217060,1.5897923377699148,213.00114400737277,-0.9985302351875577,0.0005789483948378783,139.43589752857596,320.61576780966914,0.0,-1.0,-0.8672770856832879,-0.987966668333212,0.02529606828610142,2.3691051761199464,5.424301605793136,-0.8672770856832879,208.84659555639416,0.0,255,True
brain_hypothalamus,excluded_at_or_below_-1,ENSG00000217060.1,ENSG00000217060,0.070774857222573,5.9837203614925425,-0.9899227387983317,0.06284208480384706,66.71401541939967,3.837853687398286,0.0,-0.984793625194295,-0.8193836255377187,-0.9489012299116544,0.030863496087471753,1.6896453547978492,3.8738709927468182,-0.8193836255377187,5.9402017246275785,0.0,76,True
brain_hypothalamus,raw,ENSG00000217060.1,ENSG00000217060,1.9525209328035054,168.90193515030182,-0.9977535833785688,0.002067247544658252,412.3402454714039,122.0237093280228,0.0,-1.0,-0.8193836255377187,-0.9848890796625903,0.028722861083318812,2.3671430752858145,6.716680999047112,-0.8193836255377187,168.17562280799606,0.0,257,True
brain_nucleus_accumbens_basal_ganglia,excluded_at_or_below_-1,ENSG00000217060.1,ENSG00000217060,0.33492684166430187,7.253077843428296,-0.9682726880284972,0.04016507789282348,56.7814169849084,6.481960362182734,0.0,-0.986604918641118,-0.7841785386212529,-0.9472336998228862,0.03375220361948024,1.8815837692535877,5.2051302840405835,-0.7841785386212529,7.253046534600457,0.0,89,True
brain_nucleus_accumbens_basal_ganglia,raw,ENSG00000217060.1,ENSG00000217060,1.8182502426218656,187.97140621921258,-0.9973195942644015,0.0023977840644730545,414.48491301672607,125.71064094351716,0.0,-1.0,-0.7841785386212529,-0.9835221027517085,0.03087162274026341,2.4721182099452106,7.917273265011081,-0.7841785386212529,187.15405995758786,0.0,285,True
brain_putamen_basal_ganglia,excluded_at_or_below_-1,ENSG00000217060.1,ENSG00000217060,0.22426222736860885,6.072887313588379,-0.9742944098738099,0.029472149717268834,41.89471024668248,6.917870086077781,0.0,-0.9839915546814006,-0.8301262952933111,-0.9554736724522751,0.028643136473909255,2.272476461558347,5.899778951342162,-0.8301262952933111,6.072858744652968,0.0,65,True
brain_putamen_basal_ganglia,raw,ENSG00000217060.1,ENSG00000217060,1.5831057845201668,181.4464591679182,-0.9978878887650899,0.001892997734727728,285.6342489083842,125.33069447504406,0.0,-1.0,-0.8301262952933111,-0.9886054673598342,0.02421885457576523,2.981578859020024,11.466805505790637,-0.8301262952933111,180.63234021497402,0.0,254,True
brain_spinal_cord_cervical_c-1,excluded_at_or_below_-1,ENSG00000217060.1,ENSG00000217060,0.27429458509237087,2.354080993611042,-0.966831937527834,0.03360696508106088,26.558987026362832,6.600239989745718,0.0,-0.9818145125437676,-0.8099857293145604,-0.9384316104667059,0.040681244012424164,1.451973371201894,1.6569503148667097,-0.8099857293145604,2.3540719448877003,0.0,35,True
brain_spinal_cord_cervical_c-1,raw,ENSG00000217060.1,ENSG00000217060,0.9210528677027767,163.08470690651274,-0.9976280672810942,0.0019703074445275694,97.68310888188853,134.68270648050887,0.0,-1.0,-0.8099857293145604,-0.9894367959134055,0.028611506202146215,3.443167176539767,13.30273172025758,-0.8099857293145604,162.1246259148406,0.0,204,True
brain_substantia_nigra,excluded_at_or_below_-1,ENSG00000217060.1,ENSG00000217060,0.34338463974968414,255924434265.72568,-2.147584998226746,0.2343213914203817,37.886235939124575,7.830068272284144,0.0,-0.9821407882606406,-0.8502190689964871,-0.9463415703186174,0.03634461671777128,1.347203200887789,0.8992017956578198,-0.8502190689964871,4.607863419516854,0.0,46,True
brain_substantia_nigra,raw,ENSG00000217060.1,ENSG00000217060,1.1794871719438027,156.6546779047665,-0.998386821274474,0.0006858278748717286,113.7435898149771,305.5297873640041,0.0,-1.0,-0.8502190689964871,-0.9865120887139696,0.029519438695100722,2.7175598596207395,7.636297831782645,-0.8502190689964871,152.46873148965565,0.0,183,True
breast_mammary_tissue,excluded_at_or_below_-1,ENSG00000217060.1,ENSG00000217060,0.6643016083953327,10.565538537962452,-0.9472221177011809,0.04306868951375921,179.05637695801377,5.656412664715244,0.0,-0.9827892843804964,-0.7749608077406657,-0.9303184483529361,0.039206890499622844,1.5004661633150034,2.7394927683490238,-0.7749608077406657,10.565373475452166,0.0,163,True
breast_mammary_tissue,raw,ENSG00000217060.1,ENSG00000217060,4.179487166154189,381.99149602138357,-0.997438898421006,0.0008104753455089035,945.7435897435898,388.20617420934514,0.0,-1.0,-0.7749608077406657,-0.9779025429601722,0.039229612739250914,2.066113361361204,4.641108137997205,-0.7749608077406657,379.2536056801591,0.0,514,True
cells_cultured_fibroblasts,excluded_at_or_below_-1,ENSG00000217060.1,ENSG00000217060,1.2231865043379027,31.867115218750627,-0.9355665370766081,0.0577710291390913,526.8854655841963,8.859888644157525,0.0,-0.9766026920722194,-0.5736375479557312,-0.9096324338258701,0.053088916554602426,1.9910917224827966,7.048101760281842,-0.5736375479557312,31.86711521749811,0.0,322,True
cells_cultured_fibroblasts,raw,ENSG00000217060.1,ENSG00000217060,7.951823654662571,477.28477327164467,-0.9952736395504984,0.0009616452621933518,5645.054044757484,620.0659458970158,0.0,-1.0,-0.5736375479557312,-0.9553706191594024,0.05860150811302695,1.6889453497851232,4.446891810288053,-0.5736375479557312,444.58882092962637,0.0,652,True
cells_ebv-transformed_lymphocytes,excluded_at_or_below_-1,ENSG00000217060.1,ENSG00000217060,0.8531663894202381,9.680992028349763,-0.9586247599165844,0.05708784515677891,227.72823575652785,4.61999872885355,0.0,-0.9776151410754566,-0.7721283359855813,-0.9257480445333194,0.042118988919003286,1.2899144743076796,1.667492116035703,-0.7721283359855813,9.680722935515966,0.0,164,True
cells_ebv-transformed_lymphocytes,raw,ENSG00000217060.1,ENSG00000217060,4.205128205128204,173.70288049581032,-0.9971551566705349,1.1859173153853709e-05,898.3589743589743,26834.584298733113,,-1.0,-0.7721283359855813,-0.9627604871665577,0.0476398776030583,1.3544442805112822,1.597549616420153,-0.7721283359855813,0.0,0.0,327,True
cervix_ectocervix,excluded_at_or_below_-1,ENSG00000217060.1,ENSG00000217060,0.14293688386456244,0.4546229158526564,-0.9479049140261658,0.020762167523725374,11.216315298285398,5.242285553135522,0.0,-0.9663253967672824,-0.8709425557535114,-0.9297159765987711,0.03205096041930513,0.9073248550467969,-0.5069146808713056,-0.8709425557535114,0.454619684377203,0.0,12,True
cervix_ectocervix,raw,ENSG00000217060.1,ENSG00000217060,0.30769230769230776,11.715417432578395,-0.9984011945393814,0.00032434534235174214,14.307692307692333,555.7463360059947,0.0,-1.0,-0.8709425557535114,-0.9648579882993857,0.04218951465377506,0.8906415772232624,-0.2636819398507786,-0.8709425557535114,10.835655374727136,0.0,24,True
cervix_endocervix,excluded_at_or_below_-1,ENSG00000217060.1,ENSG00000217060,,,,,,,,,,,,,,,,,7,False
cervix_endocervix,raw,ENSG00000217060.1,ENSG00000217060,0.17948717948719925,17.800347232734307,-0.9985601935388507,0.0005054411422631393,5.743589744114318,357.1046561080563,0.0,-1.0,-0.8709306826268888,-0.9740054092038489,0.04317059679247516,1.230602797827594,-0.08635341570330013,-0.8709306826268888,17.476240094583478,0.0,23,True
colon_sigmoid,excluded_at_or_below_-1,ENSG00000217060.1,ENSG00000217060,0.7030528353525941,15.510626498768973,-0.94509347413651,0.04281209992419401,112.89114431100842,11.868605692438521,0.0,-0.9785643358695996,-0.5857984239512364,-0.9157954824159408,0.0594265372734865,2.273451499592926,7.296675733276139,-0.5857984239512364,15.51061887012252,0.0,132,True
colon_sigmoid,raw,ENSG00000217060.1,ENSG00000217060,3.3846154013922156,294.51585928836386,-0.9951014491918639,0.0014364948667480847,1165.2307692360916,402.9543737430863,0.0,-1.0,-0.5857984239512364,-0.9734725624794849,0.05138532499657175,2.8648438062266055,11.410829848789044,-0.5857984239512364,294.033943282069,0.0,419,True
colon_transverse,excluded_at_or_below_-1,ENSG00000217060.1,ENSG00000217060,0.3680440512060605,18.906670560507134,-0.9490799608304041,0.04489525556874096,152.9658487160573,11.55022932974758,0.0,-0.9924227014772892,-0.582409387563916,-0.9308048222169246,0.05466601804447457,3.5243030524244836,16.951927532060942,-0.582409387563916,18.906218744564455,0.0,149,True
colon_transverse,raw,ENSG00000217060.1,ENSG00000217060,3.7105018995846115,384.2734919145335,-0.9971284474741985,0.0058612000213490245,1613.814160018584,100.06505783174953,0.0,-1.0,-0.582409387563916,-0.9784758215246802,0.044198372947237004,3.9057273227272917,24.060059363472053,-0.582409387563916,384.1965009957054,0.0,479,True
esophagus_gastroesophageal_junction,excluded_at_or_below_-1,ENSG00000217060.1,ENSG00000217060,0.20977372093457194,12.029303007056583,-0.9436339157710071,0.05694846476666083,225.3629167353831,7.350220192397599,0.0,-0.9860247143734971,-0.6476505036535636,-0.9232598592342631,0.05319228789000139,2.6404893313225726,9.408955205667452,-0.6476505036535636,12.029300974315541,0.0,131,True
esophagus_gastroesophageal_junction,raw,ENSG00000217060.1,ENSG00000217060,3.419507842937296,267.3887486312184,-0.9956036295838119,0.003149422001240168,979.063638557701,156.2445520374536,0.0,-1.0,-0.6476505036535636,-0.9750546936964976,0.0470131730268764,2.938615154032562,12.542401500824191,-0.6476505036535636,265.30208012449083,0.0,403,True
esophagus_mucosa,excluded_at_or_below_-1,ENSG00000217060.1,ENSG00000217060,0.9582970207757667,8.267528058282767,-0.9404554019897415,0.0429833778414236,211.63030171807065,3.6412472175571553,0.0,-0.985267655812828,-0.8297839241235149,-0.9292998408815901,0.032970246230409166,0.747651021904331,0.07971527294956005,-0.8297839241235149,8.25656705979148,0.0,189,True
esophagus_mucosa,raw,ENSG00000217060.1,ENSG00000217060,1.4363883829815725,388.6152602272521,-0.9979222278571247,0.0022910916459077087,2508.87630884011,103.78610123222299,0.0,-1.0,-0.8297839241235149,-0.9782372474374926,0.03741833437151655,1.6453231444207481,1.8175870396423122,-0.8297839241235149,388.0344910627178,0.0,614,True
esophagus_muscularis,excluded_at_or_below_-1,ENSG00000217060.1,ENSG00000217060,0.5521517623562003,36.2395371144323,-0.9324945711461087,0.047377604713965425,389.76590686521905,18.359780142033138,0.0,-0.9920811791536668,-0.3174231071552423,-0.9112975816642958,0.07324455496006929,4.718383135641984,31.103404485587447,-0.3174231071552423,36.239349918684766,0.0,196,True
esophagus_muscularis,raw,ENSG00000217060.1,ENSG00000217060,4.560741497695838,88576265350.74211,-1.2135378206184049,0.050526365157167415,3746.969160485405,25.081906788260472,0.0,-1.0,-0.3174231071552423,-0.969009493772196,0.06049630495755665,4.589654224936984,36.678037424879584,-0.3174231071552423,1549.6926800376314,0.0,561,True
fallopian_tube,excluded_at_or_below_-1,ENSG00000217060.1,ENSG00000217060,,,,,,,,,,,,,,,,,6,False
fallopian_tube,raw,ENSG00000217060.1,ENSG00000217060,0.15384615384490635,32.571259275945025,-0.998401769623072,0.0009330543686901753,5.076923076938988,258.7460146325807,0.0,-1.0,-0.8276891518420743,-0.9786723709943735,0.047889491083269876,2.1456671226262585,3.277166490994534,-0.8276891518420743,31.966322260393586,0.0,29,True
heart_atrial_appendage,excluded_at_or_below_-1,ENSG00000217060.1,ENSG00000217060,0.18302983428774122,23.397192090578134,-0.9846178155962447,0.06703017909156524,108.66761030676437,9.409353542131344,0.0,-0.9868336346821958,-0.5386380358474455,-0.9411399689779822,0.04837209075024402,4.609991815501408,33.66060991543218,-0.5386380358474455,23.39718774125336,0.0,136,True
heart_atrial_appendage,raw,ENSG00000217060.1,ENSG00000217060,3.1572388246875316,321.7925925774064,-0.9942643522808344,0.006444592097988896,1773.0088574814915,99.98350652406243,0.0,-1.0,-0.5386380358474455,-0.9826356524533745,0.037534113426914435,4.836645233458464,43.368971777213865,-0.5386380358474455,320.8764783271683,0.0,461,True
heart_left_ventricle,excluded_at_or_below_-1,ENSG00000217060.1,ENSG00000217060,0.1727109116787296,16268.157978136795,-1.5261804427884917,0.20925585527038937,108.30435004107261,5.285815575605584,0.0,-0.9855947135065442,-0.7440582170485254,-0.9451048607499932,0.042070233386122105,2.0139310115817475,4.8416579541119225,-0.7440582170485254,20.542078502199384,0.0,136,True
heart_left_ventricle,raw,ENSG00000217060.1,ENSG00000217060,3.487179461501392,317.7264465941756,-0.9967958989547218,3.7540349643152745e-05,1021.7435897435898,9521.090263464648,0.0,-1.0,-0.7440582170485254,-0.9834828784557503,0.0341334726465653,3.0109198907404005,11.435910078356377,-0.7440582170485254,3.1907809727727e-12,0.0,452,True
kidney_cortex,excluded_at_or_below_-1,ENSG00000217060.1,ENSG00000217060,0.3671341158480541,0.9411787055118371,-0.9734913947832611,0.00282565867971295,13.968726684870681,24.06101257208667,0.0,-0.9823003910310324,-0.9254164711466126,-0.9605851025939818,0.016614162381923703,0.5637832058120349,-0.7478195880969993,-0.9254164711466126,0.9411178007682677,0.0,18,True
kidney_cortex,raw,ENSG00000217060.1,ENSG00000217060,0.46153846153846473,86.67251059741922,-0.9990663149423719,1.2120269847902245e-05,15.692307693083325,8593.588201392224,0.0,-1.0,-0.9254164711466126,-0.9931781908335737,0.016433530363685108,2.4124753246785673,4.894337158543824,-0.9254164711466126,3.4681763017019307e-10,0.0,104,True
kidney_medulla,excluded_at_or_below_-1,ENSG00000217060.1,ENSG00000217060,,,,,,,,,,,,,,,,,2,False
kidney_medulla,raw,ENSG00000217060.1,ENSG00000217060,0.051282051282051266,9.149479509110297,-0.9994406492761448,0.00015857481906865177,1.897435897654377,410.93959354128776,0.0,-1.0,-0.9533622680275542,-0.9919771996150498,0.017884930082145648,1.6652240251526544,0.7991207559940485,-0.9533622680275542,9.075009789622948,0.0,11,True
liver,excluded_at_or_below_-1,ENSG00000217060.1,ENSG00000217060,0.5102486786888938,6.805771479821827,-0.9667137049990999,0.019356945845236274,63.75379831887545,12.56169479376491,0.0,-0.988618865312466,-0.7947764160939714,-0.9492378390240345,0.033837674658775276,2.0776689429155795,5.57975030435979,-0.7947764160939714,6.805588657846506,0.0,66,True
liver,raw,ENSG00000217060.1,ENSG00000217060,1.72414057909903,194.14004994232667,-0.9974348098785901,0.0011820235876565909,238.36566130824338,242.46745328251492,0.0,-1.0,-0.7947764160939714,-0.9872125854030009,0.0277958572925082,3.016560695386577,11.788558745974242,-0.7947764160939714,190.30699148912643,0.0,262,True
lung,excluded_at_or_below_-1,ENSG00000217060.1,ENSG00000217060,1.2922854890323834,19.101960687369548,-0.9426398068283464,0.04243201017373192,307.2285750822139,10.119061503517164,0.0,-0.9810610833807388,-0.6390278686530687,-0.9147144611896069,0.0518127523813839,1.724027970261729,4.2432437163588475,-0.6390278686530687,19.101676016876652,0.0,203,True
lung,raw,ENSG00000217060.1,ENSG00000217060,3.98834778531458,384.2116803773716,-0.9955160553238894,0.003984047233164315,2280.8190402085365,126.54228198375215,0.0,-1.0,-0.6390278686530687,-0.9713361516912089,0.050249307069978474,2.1956004480443374,5.917215131760676,-0.6390278686530687,382.5082539998341,0.0,604,True
minor_salivary_gland,excluded_at_or_below_-1,ENSG00000217060.1,ENSG00000217060,0.11845862836210082,3.238837493118736,-0.9485367189139086,0.048916197610524494,72.55417322729227,4.199737396462446,0.0,-0.9812718329972095,-0.8032721069320097,-0.9336333350153542,0.03410644202420118,1.324184177920525,2.4833015051123866,-0.8032721069320097,3.2383553971952375,0.0,57,True
minor_salivary_gland,raw,ENSG00000217060.1,ENSG00000217060,1.4615384744630275,146.5175919519353,-0.9978212062467475,0.0006630566494933991,145.6923082160945,414.94791585090877,0.0,-1.0,-0.8032721069320097,-0.9791000005296973,0.03629644995786577,1.8671776360684624,3.481683796164118,-0.8032721069320097,141.78109731221232,0.0,181,True
muscle_skeletal,excluded_at_or_below_-1,ENSG00000217060.1,ENSG00000217060,3.1204248990044157,56.15390130296253,-0.9432905295176133,0.055620700355118624,1779.7504055635686,10.373383715245492,0.0,-0.9874899651078748,-0.5353076882795795,-0.9074392969591488,0.0680546651567379,1.8637229307100225,4.403342315048125,-0.5353076882795795,56.151810622571745,0.0,551,True
muscle_skeletal,raw,ENSG00000217060.1,ENSG00000217060,14.128205227278352,4160.811576216545,-1.0005537580337271,0.0038018727338413553,16082.358976176836,173.0613694220912,0.0,-1.0,-0.5353076882795795,-0.9376516535751724,0.07073793072675037,1.7444157875949613,4.079125099938007,-0.5353076882795795,4073.4693364560635,0.0,818,True
nerve_tibial,excluded_at_or_below_-1,ENSG00000217060.1,ENSG00000217060,0.42568259294345867,41.296589847375955,-0.9308568380457424,0.05637855679925892,1102.340981856019,17.069831136714008,0.0,-0.9826011192237752,-0.2503567566576826,-0.910842379348754,0.06564716275773419,5.246490324627908,45.8221929360731,-0.2503567566576826,41.29449441922792,0.0,221,True
nerve_tibial,raw,ENSG00000217060.1,ENSG00000217060,,,,,,,,,,,,,,,,,670,False
ovary,excluded_at_or_below_-1,ENSG00000217060.1,ENSG00000217060,-0.029058889351071038,10.363131388266664,-1.108841956680241,0.18636170408185404,53.11048975500548,3.145129297121501,0.0,-0.9700665903875438,-0.6943842885004936,-0.9044678401372095,0.055487966786287014,1.2762285682337446,1.8108454355585186,-0.6943842885004936,5.878380141253654,0.0,71,True
ovary,raw,ENSG00000217060.1,ENSG00000217060,1.8205128135707858,141.201311448598,-0.9966925030341991,0.0012769657825750578,185.74358974751635,334.8001824670914,0.0,-1.0,-0.6943842885004936,-0.9648560448173154,0.057060098129512835,1.8140850408505658,3.2496585683275034,-0.6943842885004936,136.04736144485747,0.0,193,True
pancreas,excluded_at_or_below_-1,ENSG00000217060.1,ENSG00000217060,0.1090513279318801,2.783035939331731,-0.9730349226608062,0.035650228767338275,38.67741295639374,3.488038589135537,0.0,-0.9884242136639756,-0.8851066373151872,-0.9592482207819835,0.02083639180041026,1.1137008836311777,1.4279990940560632,-0.8851066373151872,2.7766850423147327,0.0,54,True
pancreas,raw,ENSG00000217060.1,ENSG00000217060,1.8411632211055005,301.69617131458256,-0.9985648841532522,0.0010679593123974155,148.12238387720186,150.24373080400332,0.0,-1.0,-0.8851066373151872,-0.9939210053100195,0.016586132149995,3.1030357913595066,10.258507708517312,-0.8851066373151872,299.4434908998567,0.0,362,True
pituitary,excluded_at_or_below_-1,ENSG00000217060.1,ENSG00000217060,0.2313190125801468,6.615838985195252,-0.9540352548114936,0.04525978433885758,35.25198806389225,7.746986570190587,0.0,-0.9808033841372288,-0.7061045668505546,-0.9308101681482839,0.04710105754108998,2.4208763464151017,7.334616431705763,-0.7061045668505546,6.615746109274079,0.0,71,True
pituitary,raw,ENSG00000217060.1,ENSG00000217060,1.8205128256537644,252.24357257487915,-0.9962575929476529,0.00031039137094654754,271.7435897435897,1322.003067993715,0.0,-1.0,-0.7061045668505546,-0.9843051819122307,0.03660639371686795,3.4318041098866225,15.864909438397515,-0.7061045668505546,178.35523789364348,0.0,313,True
prostate,excluded_at_or_below_-1,ENSG00000217060.1,ENSG00000217060,0.16801366702495796,4.179189015793153,-0.939455144873325,0.042757386251927806,52.46391821431356,5.4460889632234215,0.0,-0.986364805815603,-0.7747978854901258,-0.9288378098930218,0.03782955718869973,1.5041357414910468,3.3907589202061867,-0.7747978854901258,4.179177553054222,0.0,63,True
prostate,raw,ENSG00000217060.1,ENSG00000217060,1.6557959413787402,207.25103664824215,-0.9971978129267127,0.002560806084915828,259.2166768505507,122.82108961872117,0.0,-1.0,-0.7747978854901258,-0.9841020639122708,0.03460444357278588,2.535598442864388,7.294421681825231,-0.7747978854901258,206.33494443471875,0.0,282,True
skin_not_sun_exposed_suprapubic,excluded_at_or_below_-1,ENSG00000217060.1,ENSG00000217060,0.5606242895028741,15.451801485318914,-0.943627443032204,0.041360529879645884,194.1355625920159,9.246654215995472,0.0,-0.9837190663749285,-0.6731969167221064,-0.9255559913235032,0.04719846229240163,2.186324034242495,6.470255699961875,-0.6731969167221064,15.451525649427127,0.0,156,True
skin_not_sun_exposed_suprapubic,raw,ENSG00000217060.1,ENSG00000217060,4.000000029376343,525.3770433140594,-0.9963578896122314,0.0017026856111527515,1306.0000008289403,268.41046150703556,0.0,-1.0,-0.6731969167221064,-0.9821608827134662,0.03927536563309231,3.0403335901066426,12.2623658317027,-0.6731969167221064,519.7329248843696,0.0,651,True
skin_sun_exposed_lower_leg,excluded_at_or_below_-1,ENSG00000217060.1,ENSG00000217060,0.7006888586786861,18.81201261531899,-0.9416127495497003,0.04199539425737478,413.72327855645744,7.8792972610205645,0.0,-0.9874084437830974,-0.7076352204469806,-0.9265977179272232,0.04171015715097656,1.8485117454071527,5.007706001192856,-0.7076352204469806,18.81200691680509,0.0,216,True
skin_sun_exposed_lower_leg,raw,ENSG00000217060.1,ENSG00000217060,4.852451913794509,522.2890456095164,-0.996396194284482,0.0033613000265771773,2472.546979201196,121.49159023477628,0.0,-1.0,-0.7076352204469806,-0.9789722905467907,0.03999396935072864,2.3593272124669937,6.928106619572727,-0.7076352204469806,520.6717723831163,0.0,754,True
small_intestine_terminal_ileum,excluded_at_or_below_-1,ENSG00000217060.1,ENSG00000217060,0.3224534033073644,2.390118147376385,-0.9566771035221973,0.0450712701783878,42.994831666967926,3.674979582846665,0.0,-0.9816335966792338,-0.8395547663551017,-0.9366545122444238,0.03239216741955337,0.9228757172756327,0.38149920322734765,-0.8395547663551017,2.387324174187284,0.0,55,True
small_intestine_terminal_ileum,raw,ENSG00000217060.1,ENSG00000217060,1.4102564102564104,194.50280256626368,-0.9981150706624513,0.00023848046419393636,89.43589743589742,940.2788340058942,0.0,-1.0,-0.8395547663551017,-0.9831690733016586,0.032584203930549394,2.024799071398078,3.5550079167632145,-0.8395547663551017,194.16496803717033,0.0,207,True
spleen,excluded_at_or_below_-1,ENSG00000217060.1,ENSG00000217060,0.2612511677571036,2.7434661419025907,-0.9373952488558723,0.05029606498827267,59.27884071972966,5.500497891065589,0.0,-0.9837561559980263,-0.74177175410402,-0.9143842809021894,0.052174169806440254,1.4874754696625845,2.2420929426559075,-0.74177175410402,2.7434552273547017,0.0,47,True
spleen,raw,ENSG00000217060.1,ENSG00000217060,1.234014742795981,220.73613501485968,-0.9967843987544315,0.002871538725465331,184.25506432018213,125.59201707537511,0.0,-1.0,-0.74177175410402,-0.9854731451350285,0.0386022011947107,3.3127637201417675,12.541092901585877,-0.74177175410402,219.69010625919586,0.0,277,True
stomach,excluded_at_or_below_-1,ENSG00000217060.1,ENSG00000217060,0.13498757158902489,5.003672783974004,-0.9534275498342774,0.054347296704181376,41.99049567753819,3.964820540651574,0.0,-0.9782104462358048,-0.8010621051555782,-0.9336625859260764,0.03280793264679171,1.225317081170404,2.149314276847883,-0.8010621051555782,5.001735853979568,0.0,86,True
stomach,raw,ENSG00000217060.1,ENSG00000217060,2.2710933956748294,302.65060786578096,-0.9975378965578249,0.002380745078916918,534.4410813466304,116.71082777390507,0.0,-1.0,-0.8010621051555782,-0.9859827577141095,0.030992536016059988,2.4396073295767855,6.168361890984171,-0.8010621051555782,301.64587539299197,0.0,407,True
testis,excluded_at_or_below_-1,ENSG00000217060.1,ENSG00000217060,0.2857550317555974,23.92447425217372,-0.6900806471468544,0.22398018180798598,392.9668071886333,3.9973174056355,0.0,-0.9724057034490764,-0.0569938891920719,-0.6691665243379205,0.15165450776912856,0.5065531483479554,0.1707966347802654,-0.0569938891920719,23.916286341629064,0.0,411,True
testis,raw,ENSG00000217060.1,ENSG00000217060,0.2977370862543901,24.75622105216431,-0.6889198571327481,0.22117957319322595,272.0051914461434,4.0405099864114415,0.0,-1.0,-0.0569938891920719,-0.6715638683644575,0.15369224767290537,0.4574480955641654,0.1675089371249645,-0.0569938891920719,24.74896265384108,0.0,414,True
thyroid,excluded_at_or_below_-1,ENSG00000217060.1,ENSG00000217060,0.39617785349490603,13.5865801592012,-0.945900645091006,0.06847729260441468,475.91356748229634,5.821801402061876,0.0,-0.9772501231382588,-0.6640046085229387,-0.916447226017309,0.04802401671821219,1.7350793320961462,4.800790244294516,-0.6640046085229387,13.58657739568184,0.0,172,True
thyroid,raw,ENSG00000217060.1,ENSG00000217060,4.410256410256411,516.3608242083752,-0.9957897994874546,7.837189922717551e-05,1423.4358974358977,5987.032616071462,0.0,-1.0,-0.6640046085229387,-0.9789896533259901,0.04351301791913975,2.5625792619195247,8.140842922920807,-0.6640046085229387,0.0019017572544166583,0.0,684,True
uterus,excluded_at_or_below_-1,ENSG00000217060.1,ENSG00000217060,0.03131383149190872,2492.7059969215716,-1.5921830947646458,0.25025790843788465,64.71563252907461,4.555762817719292,0.0,-0.9633813256009768,-0.7859995702703935,-0.9198659199889034,0.04061716354739407,1.5146122413019303,2.3033181274555776,-0.7859995702703935,4.439603599233513,0.0,48,True
uterus,raw,ENSG00000217060.1,ENSG00000217060,1.2610691291126912,103.60896472990065,-0.9973249900808843,0.0009615149486983934,108.975773391237,310.8212463828576,0.0,-1.0,-0.7859995702703935,-0.9748598964671069,0.04360930300821351,1.896371420159702,3.574340430736412,-0.7859995702703935,100.26449538739809,0.0,153,True
vagina,excluded_at_or_below_-1,ENSG00000217060.1,ENSG00000217060,0.5806359077386553,2.605890085573295,-0.9466108804679877,0.029423635893700936,38.859707832710555,7.554763546977223,0.0,-0.974908820044764,-0.7894290956346878,-0.9154622950195859,0.04913217804648095,1.0617623008891204,0.1388452303221821,-0.7894290956346878,2.605846825550971,0.0,50,True
vagina,raw,ENSG00000217060.1,ENSG00000217060,0.2950011010163891,116.10202776367821,-0.997391359891145,0.002480070236403749,145.19505034836854,118.58658285410759,0.0,-1.0,-0.7894290956346878,-0.9751359691234076,0.046823244864813394,2.0848983260047085,3.86457893143702,-0.7894290956346878,115.68997875789461,0.0,170,True
whole_blood,excluded_at_or_below_-1,ENSG00000217060.1,ENSG00000217060,0.5208748907849515,15.64907432303179,-0.9280831241199681,0.05434391333609965,194.16853103894124,6.966390760958409,0.0,-0.9881594723254592,-0.6603859772027385,-0.9111976838421562,0.05038095687726884,1.84713843563768,5.154521563649189,-0.6603859772027385,15.649003291438321,0.0,194,True
whole_blood,raw,ENSG00000217060.1,ENSG00000217060,5.052906234781535,603.3264433223874,-0.9957526231373243,0.0024344031411906476,1467.6264775892294,194.82395952557815,0.0,-1.0,-0.6603859772027385,-0.9785458912395745,0.04535990432062368,2.6428993821679936,8.733893373905522,-0.6603859772027385,595.4761760622612,0.0,803,True
